open_time,open,high,low,close,volume,taker_buy,delta
1766509200000,3.734000,4.389000,3.455000,3.738000,2385834.00000000,1193374.50000000,915.00000000
1766512800000,3.738000,3.794000,3.350000,3.726000,4810624.30000000,2428515.70000000,46407.10000000
1766516400000,3.725000,3.800000,3.575000,3.658000,2213650.30000000,1088491.20000000,-36667.90000000
1766520000000,3.655000,3.780000,3.564000,3.725000,1550585.90000000,797067.10000000,43548.30000000
1766523600000,3.724000,3.775000,3.570000,3.615000,1134982.30000000,543655.50000000,-47671.30000000
1766527200000,3.615000,3.672000,3.538000,3.669000,915921.10000000,492263.50000000,68605.90000000
1766530800000,3.670000,3.700000,3.584000,3.629000,631309.20000000,321055.70000000,10802.20000000
1766534400000,3.629000,3.675000,3.450000,3.614000,1251967.90000000,652776.70000000,53585.50000000
1766538000000,3.616000,3.650000,3.489000,3.543000,778533.20000000,393171.60000000,7810.00000000
1766541600000,3.543000,3.575000,3.251000,3.270000,1360244.90000000,622621.60000000,-115001.70000000
1766545200000,3.271000,3.700000,3.112000,3.505000,4678534.10000000,2532900.90000000,387267.70000000
1766548800000,3.506000,3.645000,3.339000,3.352000,2456214.90000000,1192025.70000000,-72163.50000000
1766552400000,3.353000,3.475000,3.323000,3.444000,1342842.00000000,707642.40000000,72442.80000000
1766556000000,3.442000,3.599000,3.422000,3.564000,1620006.50000000,856621.50000000,93236.50000000
1766559600000,3.563000,3.577000,3.408000,3.441000,1381749.80000000,663947.90000000,-53854.00000000
1766563200000,3.442000,3.531000,3.425000,3.458000,1089091.40000000,530846.80000000,-27397.80000000
1766566800000,3.458000,3.524000,3.431000,3.438000,775335.90000000,383146.10000000,-9043.70000000
1766570400000,3.438000,3.445000,3.313000,3.362000,1460015.30000000,614902.10000000,-230211.10000000
1766574000000,3.361000,3.457000,3.321000,3.338000,875637.20000000,443538.50000000,11439.80000000
1766577600000,3.336000,3.490000,3.325000,3.450000,895273.70000000,514866.60000000,134459.50000000
1766581200000,3.450000,3.576000,3.360000,3.496000,1508952.60000000,846055.00000000,183157.40000000
1766584800000,3.497000,3.646000,3.444000,3.610000,2024500.80000000,1104073.90000000,183647.00000000
1766588400000,3.609000,3.612000,3.440000,3.465000,991196.20000000,486173.40000000,-18849.40000000
1766592000000,3.465000,3.550000,3.408000,3.426000,1343702.00000000,668391.50000000,-6919.00000000
1766595600000,3.426000,3.486000,3.402000,3.423000,848558.60000000,433322.70000000,18086.80000000
1766599200000,3.424000,3.473000,3.404000,3.453000,645942.30000000,349741.50000000,53540.70000000
1766602800000,3.453000,3.490000,3.423000,3.468000,440618.80000000,269125.10000000,97631.40000000
1766606400000,3.468000,3.468000,3.423000,3.428000,332396.80000000,160959.90000000,-10477.00000000
1766610000000,3.426000,3.444000,3.408000,3.408000,302533.20000000,142250.00000000,-18033.20000000
1766613600000,3.410000,3.475000,3.406000,3.417000,484427.50000000,260934.90000000,37442.30000000
1766617200000,3.418000,3.430000,3.398000,3.401000,453568.10000000,206703.80000000,-40160.50000000
1766620800000,3.401000,3.443000,3.389000,3.394000,757326.30000000,309747.30000000,-137831.70000000
1766624400000,3.394000,3.400000,3.384000,3.386000,377729.50000000,138607.10000000,-100515.30000000
1766628000000,3.386000,3.458000,3.384000,3.409000,598061.50000000,327381.10000000,56700.70000000
1766631600000,3.408000,3.474000,3.408000,3.429000,697418.50000000,367326.90000000,37235.30000000
1766635200000,3.429000,3.456000,3.423000,3.440000,466027.20000000,242130.00000000,18232.80000000
1766638800000,3.440000,3.520000,3.437000,3.493000,817820.90000000,416986.20000000,16151.50000000
1766642400000,3.492000,3.516000,3.470000,3.504000,758464.90000000,364720.50000000,-29023.90000000
1766646000000,3.504000,3.525000,3.479000,3.510000,493084.90000000,272182.70000000,51280.50000000
1766649600000,3.510000,3.562000,3.473000,3.474000,833192.40000000,372921.30000000,-87349.80000000
1766653200000,3.475000,3.488000,3.468000,3.473000,348747.00000000,140832.50000000,-67082.00000000
1766656800000,3.472000,3.506000,3.469000,3.485000,511205.90000000,242501.10000000,-26203.70000000
1766660400000,3.485000,3.507000,3.481000,3.503000,439785.90000000,204636.90000000,-30512.10000000
1766664000000,3.504000,3.507000,3.460000,3.463000,591546.20000000,178918.70000000,-233708.80000000
1766667600000,3.464000,3.473000,3.454000,3.470000,579655.20000000,248081.90000000,-83491.40000000
1766671200000,3.470000,3.477000,3.453000,3.464000,333958.40000000,156618.20000000,-20722.00000000
1766674800000,3.463000,3.504000,3.376000,3.462000,3123438.60000000,1411173.50000000,-301091.60000000
1766678400000,3.463000,3.510000,3.412000,3.507000,915105.70000000,513852.60000000,112599.50000000
1766682000000,3.508000,3.514000,3.188000,3.411000,2520052.30000000,1147840.10000000,-224372.10000000
1766685600000,3.411000,3.445000,3.334000,3.360000,890759.90000000,462894.30000000,35028.70000000
1766689200000,3.360000,3.383000,3.333000,3.343000,307606.00000000,162995.10000000,18384.20000000
1766692800000,3.344000,3.359000,3.333000,3.340000,282072.40000000,154718.20000000,27364.00000000
1766696400000,3.340000,3.347000,3.315000,3.320000,376648.00000000,207867.20000000,39086.40000000
1766700000000,3.320000,3.332000,3.282000,3.285000,480335.80000000,205865.20000000,-68605.40000000
1766703600000,3.284000,3.349000,3.276000,3.312000,582878.60000000,327610.80000000,72343.00000000
1766707200000,3.313000,3.361000,3.274000,3.346000,634270.40000000,381652.10000000,129033.80000000
1766710800000,3.346000,3.409000,3.311000,3.328000,570523.30000000,322186.10000000,73848.90000000
1766714400000,3.329000,3.334000,3.264000,3.297000,773666.90000000,336140.10000000,-101386.70000000
1766718000000,3.298000,3.390000,3.293000,3.369000,525450.80000000,259582.20000000,-6286.40000000
1766721600000,3.368000,3.443000,3.351000,3.384000,491248.80000000,271034.00000000,50819.20000000
1766725200000,3.385000,3.404000,3.352000,3.372000,214035.00000000,111553.90000000,9072.80000000
1766728800000,3.371000,3.377000,3.350000,3.355000,147112.70000000,70746.90000000,-5618.90000000
1766732400000,3.355000,3.360000,3.344000,3.348000,193439.50000000,71407.80000000,-50623.90000000
1766736000000,3.348000,3.381000,3.341000,3.362000,297757.10000000,156808.30000000,15859.50000000
1766739600000,3.362000,3.381000,3.345000,3.359000,200480.00000000,98100.40000000,-4279.20000000
1766743200000,3.360000,3.369000,3.336000,3.343000,325571.70000000,126370.90000000,-72829.90000000
1766746800000,3.344000,3.354000,3.336000,3.341000,204281.50000000,91152.90000000,-21975.70000000
1766750400000,3.342000,3.365000,3.335000,3.346000,223329.40000000,122399.10000000,21468.80000000
1766754000000,3.347000,3.360000,3.336000,3.337000,162827.20000000,75460.70000000,-11905.80000000
1766757600000,3.337000,3.355000,3.330000,3.344000,289751.20000000,131138.40000000,-27474.40000000
1766761200000,3.344000,3.349000,3.329000,3.329000,197977.10000000,88791.90000000,-20393.30000000
1766764800000,3.329000,3.343000,3.320000,3.321000,321094.50000000,130548.80000000,-59996.90000000
1766768400000,3.321000,3.330000,3.216000,3.224000,1778383.60000000,742996.60000000,-292390.40000000
1766772000000,3.224000,3.238000,3.207000,3.209000,625224.00000000,312714.80000000,205.60000000
1766775600000,3.210000,3.275000,3.208000,3.269000,432698.60000000,249968.30000000,67238.00000000
1766779200000,3.268000,3.399000,3.267000,3.375000,1198673.70000000,683301.80000000,167929.90000000
1766782800000,3.375000,3.386000,3.313000,3.336000,515215.90000000,274598.40000000,33980.90000000
1766786400000,3.336000,3.346000,3.266000,3.321000,519710.30000000,207582.50000000,-104545.30000000
1766790000000,3.322000,3.324000,3.228000,3.257000,442282.20000000,183883.80000000,-74514.60000000
1766793600000,3.257000,3.363000,3.257000,3.297000,508867.40000000,270734.10000000,32600.80000000
1766797200000,3.296000,3.357000,3.282000,3.307000,336498.30000000,161339.60000000,-13819.10000000
1766800800000,3.307000,3.372000,3.289000,3.356000,395053.50000000,220850.70000000,46647.90000000
1766804400000,3.357000,3.389000,3.335000,3.380000,387553.20000000,196635.30000000,5717.40000000
1766808000000,3.380000,3.383000,3.342000,3.350000,233087.50000000,110576.70000000,-11934.10000000
1766811600000,3.349000,3.386000,3.343000,3.349000,425708.60000000,222913.30000000,20118.00000000
1766815200000,3.349000,3.361000,3.329000,3.334000,454510.50000000,173783.50000000,-106943.50000000
1766818800000,3.334000,3.342000,3.329000,3.332000,137505.20000000,59273.70000000,-18957.80000000
1766822400000,3.332000,3.343000,3.300000,3.321000,574331.60000000,155059.90000000,-264211.80000000
1766826000000,3.320000,3.357000,3.299000,3.306000,380301.60000000,186994.00000000,-6313.60000000
1766829600000,3.306000,3.325000,3.294000,3.295000,337521.30000000,164508.90000000,-8503.50000000
1766833200000,3.296000,3.306000,3.291000,3.291000,173031.50000000,72322.00000000,-28387.50000000
1766836800000,3.292000,3.298000,3.286000,3.291000,212292.30000000,88292.70000000,-35706.90000000
1766840400000,3.291000,3.300000,3.282000,3.284000,250064.20000000,101213.60000000,-47637.00000000
1766844000000,3.284000,3.305000,3.281000,3.282000,225636.40000000,122076.60000000,18516.80000000
1766847600000,3.283000,3.335000,3.280000,3.335000,257514.20000000,141207.10000000,24900.00000000
1766851200000,3.335000,3.374000,3.327000,3.351000,455786.70000000,244589.10000000,33391.50000000
1766854800000,3.350000,3.366000,3.322000,3.337000,268012.40000000,126339.70000000,-15333.00000000
1766858400000,3.336000,3.347000,3.298000,3.304000,258615.70000000,121465.60000000,-15684.50000000
1766862000000,3.305000,3.332000,3.296000,3.320000,223538.40000000,117200.80000000,10863.20000000
1766865600000,3.321000,3.322000,3.282000,3.291000,349547.00000000,174300.60000000,-945.80000000
1766869200000,3.291000,3.295000,3.282000,3.284000,133855.30000000,78860.80000000,23866.30000000
1766872800000,3.284000,3.351000,3.282000,3.339000,356299.70000000,221733.10000000,87166.50000000
1766876400000,3.339000,3.362000,3.287000,3.313000,639762.90000000,311777.90000000,-16207.10000000
1766880000000,3.312000,3.330000,3.287000,3.294000,270569.00000000,129474.40000000,-11620.20000000
1766883600000,3.294000,3.315000,3.279000,3.281000,268395.30000000,112588.70000000,-43217.90000000
1766887200000,3.282000,3.290000,3.269000,3.278000,387232.10000000,144685.90000000,-97860.30000000
1766890800000,3.278000,3.279000,3.245000,3.246000,304596.90000000,93408.60000000,-117779.70000000
1766894400000,3.248000,3.284000,3.247000,3.277000,202667.10000000,119593.80000000,36520.50000000
1766898000000,3.277000,3.284000,3.245000,3.248000,256665.50000000,99370.40000000,-57924.70000000
1766901600000,3.248000,3.265000,3.232000,3.256000,389495.70000000,172980.90000000,-43533.90000000
1766905200000,3.257000,3.280000,3.251000,3.272000,247906.10000000,130780.20000000,13654.30000000
1766908800000,3.272000,3.313000,3.268000,3.285000,432168.70000000,214434.70000000,-3299.30000000
1766912400000,3.284000,3.301000,3.273000,3.283000,268507.10000000,133670.20000000,-1166.70000000
1766916000000,3.285000,3.304000,3.271000,3.301000,305377.70000000,183961.00000000,62544.30000000
1766919600000,3.302000,3.485000,3.299000,3.396000,1628278.20000000,980197.50000000,332116.80000000
1766923200000,3.396000,3.441000,3.385000,3.413000,761211.30000000,417659.60000000,74107.90000000
1766926800000,3.412000,3.432000,3.339000,3.373000,627916.80000000,308077.60000000,-11761.60000000
1766930400000,3.372000,3.395000,3.316000,3.327000,601397.20000000,264569.20000000,-72258.80000000
1766934000000,3.328000,3.383000,3.291000,3.359000,793883.10000000,428390.70000000,62898.30000000
1766937600000,3.357000,3.387000,3.303000,3.316000,654574.90000000,334285.40000000,13995.90000000
1766941200000,3.317000,3.377000,3.300000,3.356000,667623.90000000,357822.40000000,48020.90000000
1766944800000,3.355000,3.386000,3.338000,3.375000,607968.80000000,283452.30000000,-41064.20000000
1766948400000,3.375000,3.385000,3.303000,3.350000,614519.10000000,278300.60000000,-57917.90000000
1766952000000,3.350000,3.525000,3.332000,3.520000,1246418.20000000,744801.90000000,243185.60000000
1766955600000,3.520000,3.790000,3.425000,3.470000,6880428.10000000,3761461.70000000,642495.30000000
1766959200000,3.469000,3.529000,3.316000,3.411000,2050673.30000000,960294.60000000,-130084.10000000
1766962800000,3.411000,3.744000,3.410000,3.611000,3798399.40000000,1907268.10000000,16136.80000000
1766966400000,3.611000,3.690000,3.503000,3.588000,1625861.00000000,864598.10000000,103335.20000000
1766970000000,3.587000,3.587000,3.471000,3.530000,1009290.10000000,518771.80000000,28253.50000000
1766973600000,3.531000,3.617000,3.480000,3.504000,783803.10000000,379146.30000000,-25510.50000000
1766977200000,3.504000,3.519000,3.441000,3.492000,621495.60000000,307774.70000000,-5946.20000000
1766980800000,3.493000,3.563000,3.450000,3.518000,609186.10000000,310157.30000000,11128.50000000
1766984400000,3.518000,3.572000,3.401000,3.451000,1121947.90000000,470196.90000000,-181554.10000000
1766988000000,3.450000,3.489000,3.432000,3.464000,518876.20000000,268803.10000000,18730.00000000
1766991600000,3.464000,3.479000,3.442000,3.476000,428136.20000000,228713.40000000,29290.60000000
1766995200000,3.476000,3.500000,3.438000,3.488000,531686.10000000,271758.00000000,11829.90000000
1766998800000,3.487000,3.542000,3.440000,3.509000,918287.20000000,502347.30000000,86407.40000000
1767002400000,3.509000,3.530000,3.447000,3.449000,681642.80000000,286552.80000000,-108537.20000000
1767006000000,3.450000,3.482000,3.441000,3.471000,550696.20000000,315574.60000000,80453.00000000
1767009600000,3.473000,3.505000,3.437000,3.444000,560006.70000000,272729.00000000,-14548.70000000
1767013200000,3.444000,3.448000,3.401000,3.403000,862059.10000000,255416.10000000,-351226.90000000
1767016800000,3.402000,3.510000,3.386000,3.408000,1203820.20000000,524015.80000000,-155788.60000000
1767020400000,3.408000,3.423000,3.374000,3.382000,584037.70000000,270206.50000000,-43624.70000000
1767024000000,3.382000,3.404000,3.330000,3.361000,696732.00000000,303276.50000000,-90179.00000000
1767027600000,3.361000,3.413000,3.319000,3.335000,644131.10000000,330408.90000000,16686.70000000
1767031200000,3.335000,3.348000,3.304000,3.306000,508937.80000000,248494.50000000,-11948.80000000
1767034800000,3.307000,3.329000,3.302000,3.306000,328251.50000000,191576.40000000,54901.30000000
1767038400000,3.306000,3.364000,3.302000,3.320000,458779.30000000,266528.80000000,74278.30000000
1767042000000,3.319000,3.428000,3.153000,3.289000,3746804.70000000,1846990.90000000,-52822.90000000
1767045600000,3.290000,3.298000,3.210000,3.236000,904811.80000000,451846.90000000,-1118.00000000
1767049200000,3.236000,3.242000,3.089000,3.208000,1774609.60000000,798129.80000000,-178350.00000000
1767052800000,3.208000,3.279000,3.175000,3.196000,974782.10000000,494540.10000000,14298.10000000
1767056400000,3.196000,3.197000,3.061000,3.070000,1201973.70000000,551494.50000000,-98984.70000000
1767060000000,3.071000,3.148000,2.931000,3.012000,2645875.00000000,1175447.90000000,-294979.20000000
1767063600000,3.011000,3.096000,2.991000,3.080000,1049785.30000000,597614.30000000,145443.30000000
1767067200000,3.080000,3.340000,3.018000,3.176000,3340303.50000000,1729657.20000000,119010.90000000
1767070800000,3.176000,3.183000,2.620000,2.744000,15114637.60000000,7562439.50000000,10241.40000000
1767074400000,2.744000,2.909000,2.329000,2.582000,34368289.90000000,16941470.20000000,-485349.50000000
1767078000000,2.583000,2.685000,2.240000,2.413000,44772286.30000000,20894843.70000000,-2982598.90000000
1767081600000,2.413000,2.867000,2.403000,2.801000,28809889.80000000,15010436.00000000,1210982.20000000
1767085200000,2.803000,3.019000,2.672000,3.008000,26287407.80000000,13185385.90000000,83364.00000000
1767088800000,3.008000,3.032000,2.772000,2.823000,16560593.70000000,8007779.40000000,-545034.90000000
1767092400000,2.824000,2.857000,2.607000,2.734000,14159127.90000000,6891866.50000000,-375394.90000000
1767096000000,2.733000,2.867000,2.695000,2.739000,9794412.00000000,5089718.50000000,385025.00000000
1767099600000,2.739000,2.849000,2.625000,2.655000,7053331.40000000,3464570.00000000,-124191.40000000
1767103200000,2.655000,2.842000,2.536000,2.798000,11655172.50000000,5956238.50000000,257304.50000000
1767106800000,2.798000,2.808000,2.657000,2.757000,5542022.10000000,2706665.10000000,-128691.90000000
1767110400000,2.757000,2.834000,2.639000,2.811000,6254949.50000000,3208527.30000000,162105.10000000
1767114000000,2.811000,2.909000,2.751000,2.757000,8304526.70000000,4084882.40000000,-134761.90000000
1767117600000,2.758000,2.870000,2.743000,2.769000,4140569.50000000,1996065.80000000,-148437.90000000
1767121200000,2.770000,2.777000,2.680000,2.740000,3411957.20000000,1556106.30000000,-299744.60000000
1767124800000,2.740000,2.777000,2.655000,2.716000,2975247.80000000,1439862.00000000,-95523.80000000
1767128400000,2.717000,2.786000,2.705000,2.779000,2164776.30000000,1060683.70000000,-43408.90000000
1767132000000,2.779000,2.859000,2.744000,2.758000,3080033.70000000,1420404.10000000,-239225.50000000
1767135600000,2.758000,2.764000,2.648000,2.648000,3253920.90000000,1402648.00000000,-448624.90000000
1767139200000,2.648000,2.707000,2.580000,2.699000,4347938.90000000,2170737.40000000,-6464.10000000
1767142800000,2.698000,2.720000,2.616000,2.660000,2710124.70000000,1153687.60000000,-402749.50000000
1767146400000,2.660000,2.742000,2.588000,2.703000,3813868.90000000,1922036.40000000,30203.90000000
1767150000000,2.702000,2.756000,2.663000,2.730000,3738240.10000000,1683759.20000000,-370721.70000000
1767153600000,2.729000,2.792000,2.715000,2.750000,3368921.50000000,1719182.50000000,69443.50000000
1767157200000,2.749000,2.807000,2.722000,2.742000,3295227.30000000,1610473.30000000,-74280.70000000
1767160800000,2.744000,2.764000,2.687000,2.703000,3200942.30000000,1428017.70000000,-344906.90000000
1767164400000,2.704000,2.762000,2.680000,2.726000,3199644.90000000,1509044.20000000,-181556.50000000
1767168000000,2.725000,2.848000,2.720000,2.733000,5167641.20000000,2568271.60000000,-31098.00000000
1767171600000,2.734000,2.775000,2.690000,2.768000,3106687.90000000,1574009.00000000,41330.10000000
1767175200000,2.769000,2.825000,2.742000,2.797000,2692516.70000000,1293492.00000000,-105532.70000000
1767178800000,2.797000,2.835000,2.750000,2.796000,2605949.00000000,1213782.70000000,-178383.60000000
1767182400000,2.795000,2.815000,2.691000,2.706000,3240463.80000000,1478599.10000000,-283265.60000000
1767186000000,2.705000,2.713000,2.599000,2.622000,4330363.40000000,1995552.60000000,-339258.20000000
1767189600000,2.622000,2.650000,2.506000,2.535000,6541348.80000000,3016145.20000000,-509058.40000000
1767193200000,2.535000,2.559000,2.444000,2.552000,7291368.40000000,3419434.40000000,-452499.60000000
1767196800000,2.552000,2.600000,2.490000,2.508000,2854902.20000000,1356352.50000000,-142197.20000000
1767200400000,2.507000,2.672000,2.490000,2.549000,4314732.40000000,2005945.00000000,-302842.40000000
1767204000000,2.549000,2.565000,2.503000,2.512000,2043997.90000000,980746.90000000,-82504.10000000
1767207600000,2.513000,2.604000,2.497000,2.556000,1819217.60000000,894093.20000000,-31031.20000000
1767211200000,2.555000,2.578000,2.467000,2.546000,2920813.10000000,1435544.90000000,-49723.30000000
1767214800000,2.547000,2.564000,2.514000,2.549000,1109827.40000000,445424.50000000,-218978.40000000
1767218400000,2.548000,2.551000,2.495000,2.505000,870259.00000000,413619.50000000,-43020.00000000
1767222000000,2.506000,2.531000,2.484000,2.501000,1483073.40000000,776694.90000000,70316.40000000
1767225600000,2.501000,2.514000,2.353000,2.369000,6144093.20000000,2532637.80000000,-1078817.60000000
1767229200000,2.368000,2.525000,2.336000,2.508000,5637105.90000000,2828091.80000000,19077.70000000
1767232800000,2.508000,2.555000,2.470000,2.518000,2632814.20000000,1312232.30000000,-8349.60000000
1767236400000,2.518000,2.544000,2.501000,2.512000,1039545.10000000,526340.20000000,13135.30000000
1767240000000,2.513000,2.555000,2.478000,2.479000,1483009.70000000,747505.30000000,12000.90000000
1767243600000,2.479000,2.546000,2.449000,2.534000,2279223.60000000,1088530.00000000,-102163.60000000
1767247200000,2.534000,2.586000,2.512000,2.516000,1896053.00000000,995200.20000000,94347.40000000
1767250800000,2.517000,2.534000,2.509000,2.526000,930296.80000000,446142.60000000,-38011.60000000
1767254400000,2.526000,2.540000,2.453000,2.509000,1996133.50000000,922841.50000000,-150450.50000000
1767258000000,2.509000,2.534000,2.478000,2.516000,1289276.40000000,651511.80000000,13747.20000000
1767261600000,2.518000,2.576000,2.504000,2.575000,1278704.30000000,632643.50000000,-13417.30000000
1767265200000,2.575000,2.668000,2.573000,2.658000,3676623.80000000,1701460.10000000,-273703.60000000
1767268800000,2.657000,2.725000,2.611000,2.690000,3281217.90000000,1663181.20000000,45144.50000000
1767272400000,2.690000,2.746000,2.621000,2.716000,3590201.90000000,1760123.70000000,-69954.50000000
1767276000000,2.716000,2.754000,2.655000,2.660000,2737919.70000000,1304484.60000000,-128950.50000000
1767279600000,2.660000,2.680000,2.604000,2.631000,2622062.30000000,1200293.10000000,-221476.10000000
1767283200000,2.630000,2.704000,2.610000,2.640000,2364865.00000000,1188406.80000000,11948.60000000
1767286800000,2.640000,2.757000,2.636000,2.741000,2307490.40000000,1237175.60000000,166860.80000000
1767290400000,2.742000,2.766000,2.677000,2.734000,2641183.40000000,1229441.90000000,-182299.60000000
1767294000000,2.735000,2.827000,2.734000,2.779000,2347203.40000000,1287735.40000000,228267.40000000
1767297600000,2.779000,2.805000,2.725000,2.728000,2141955.50000000,924209.00000000,-293537.50000000
1767301200000,2.728000,2.730000,2.676000,2.703000,1452657.50000000,634208.60000000,-184240.30000000
1767304800000,2.704000,2.741000,2.700000,2.721000,1176095.90000000,628724.30000000,81352.70000000
1767308400000,2.720000,2.732000,2.658000,2.672000,1551168.90000000,863041.60000000,174914.30000000
1767312000000,2.672000,2.726000,2.638000,2.718000,2473837.20000000,1056313.80000000,-361209.60000000
1767315600000,2.719000,2.727000,2.649000,2.689000,1397063.40000000,653827.30000000,-89408.80000000
1767319200000,2.689000,2.691000,2.641000,2.666000,1093566.00000000,421719.90000000,-250126.20000000
1767322800000,2.665000,2.708000,2.650000,2.704000,1465723.10000000,835984.00000000,206244.90000000
1767326400000,2.703000,2.732000,2.678000,2.724000,1090558.90000000,588597.20000000,86635.50000000
1767330000000,2.723000,2.777000,2.701000,2.735000,1345702.20000000,676036.80000000,6371.40000000
1767333600000,2.736000,2.812000,2.710000,2.772000,2464467.80000000,1180483.40000000,-103501.00000000
1767337200000,2.772000,2.782000,2.714000,2.722000,1240221.00000000,606302.70000000,-27615.60000000
1767340800000,2.722000,2.734000,2.684000,2.712000,1438657.80000000,663011.70000000,-112634.40000000
1767344400000,2.711000,2.784000,2.660000,2.692000,3419195.90000000,1660608.90000000,-97978.10000000
1767348000000,2.692000,2.737000,2.685000,2.723000,1680455.50000000,783605.30000000,-113244.90000000
1767351600000,2.724000,2.784000,2.718000,2.725000,2116579.10000000,983398.80000000,-149781.50000000
1767355200000,2.726000,2.805000,2.711000,2.779000,2321838.60000000,1255217.00000000,188595.40000000
1767358800000,2.779000,2.864000,2.771000,2.786000,2755686.20000000,1403269.50000000,50852.80000000
1767362400000,2.786000,2.845000,2.757000,2.767000,2527782.10000000,1189557.10000000,-148667.90000000
1767366000000,2.768000,2.770000,2.712000,2.744000,3189675.30000000,1548551.50000000,-92572.30000000
1767369600000,2.744000,2.788000,2.716000,2.772000,1606410.70000000,864180.30000000,121949.90000000
1767373200000,2.773000,2.800000,2.748000,2.778000,2842468.90000000,1799458.20000000,756447.50000000
1767376800000,2.777000,2.792000,2.710000,2.737000,2235494.60000000,1013810.60000000,-207873.40000000
1767380400000,2.738000,2.774000,2.696000,2.698000,1197018.20000000,574331.60000000,-48355.00000000
1767384000000,2.697000,2.754000,2.695000,2.731000,982423.00000000,472357.00000000,-37709.00000000
1767387600000,2.730000,2.744000,2.686000,2.736000,633247.20000000,308721.40000000,-15804.40000000
1767391200000,2.735000,2.767000,2.719000,2.721000,722092.20000000,366811.60000000,11531.00000000
1767394800000,2.722000,2.728000,2.681000,2.689000,858447.50000000,365344.30000000,-127758.90000000
1767398400000,2.690000,2.734000,2.667000,2.728000,2207449.10000000,892644.00000000,-422161.10000000
1767402000000,2.727000,2.759000,2.721000,2.734000,828416.80000000,437143.20000000,45869.60000000
1767405600000,2.734000,2.785000,2.699000,2.761000,1281150.90000000,609086.60000000,-62977.70000000
1767409200000,2.762000,2.781000,2.726000,2.759000,1117321.80000000,526937.90000000,-63446.00000000
1767412800000,2.760000,2.771000,2.715000,2.727000,887001.00000000,424027.60000000,-38945.80000000
1767416400000,2.726000,2.753000,2.712000,2.724000,609200.00000000,297327.60000000,-14544.80000000
1767420000000,2.725000,2.745000,2.663000,2.667000,1513805.70000000,704543.20000000,-104719.30000000
1767423600000,2.666000,2.671000,2.570000,2.601000,3558433.70000000,1471576.20000000,-615281.30000000
1767427200000,2.602000,2.628000,2.530000,2.621000,2963418.60000000,1430857.90000000,-101702.80000000
1767430800000,2.621000,2.649000,2.610000,2.624000,1274283.80000000,528707.10000000,-216869.60000000
1767434400000,2.625000,2.674000,2.613000,2.663000,929423.90000000,447737.50000000,-33948.90000000
1767438000000,2.662000,2.699000,2.651000,2.680000,1050517.80000000,554440.20000000,58362.60000000
1767441600000,2.680000,2.694000,2.655000,2.691000,848952.90000000,424351.60000000,-249.70000000
1767445200000,2.692000,2.749000,2.687000,2.732000,1595720.00000000,775996.10000000,-43727.80000000
1767448800000,2.733000,2.738000,2.670000,2.670000,1086531.00000000,476239.00000000,-134053.00000000
1767452400000,2.671000,2.683000,2.492000,2.568000,10302725.80000000,4836828.40000000,-629069.00000000
1767456000000,2.567000,2.595000,2.540000,2.559000,1891808.30000000,982413.60000000,73018.90000000
1767459600000,2.559000,2.602000,2.554000,2.602000,1250824.50000000,628216.00000000,5607.50000000
1767463200000,2.602000,2.648000,2.594000,2.640000,1256272.30000000,700008.90000000,143745.50000000
1767466800000,2.638000,2.647000,2.569000,2.595000,1563016.30000000,640410.90000000,-282194.50000000
1767470400000,2.596000,2.603000,2.519000,2.566000,2181022.20000000,985227.90000000,-210566.40000000
1767474000000,2.567000,2.599000,2.545000,2.599000,877624.70000000,469422.60000000,61220.50000000
1767477600000,2.598000,2.615000,2.555000,2.566000,784125.80000000,371327.10000000,-41471.60000000
1767481200000,2.565000,2.624000,2.552000,2.621000,664799.70000000,348281.40000000,31763.10000000
1767484800000,2.620000,2.656000,2.613000,2.626000,979216.40000000,497995.60000000,16774.80000000
1767488400000,2.624000,2.653000,2.586000,2.646000,877951.90000000,443968.30000000,9984.70000000
1767492000000,2.646000,2.701000,2.627000,2.669000,1382968.20000000,719471.00000000,55973.80000000
1767495600000,2.670000,2.712000,2.668000,2.680000,1309076.60000000,698999.00000000,88921.40000000
1767499200000,2.680000,2.724000,2.597000,2.624000,2655852.40000000,1258121.70000000,-139609.00000000
1767502800000,2.625000,2.659000,2.614000,2.630000,1123323.40000000,537946.90000000,-47429.60000000
1767506400000,2.631000,2.658000,2.598000,2.620000,941665.10000000,445759.10000000,-50146.90000000
1767510000000,2.619000,2.650000,2.619000,2.638000,610064.20000000,305124.80000000,185.40000000
1767513600000,2.637000,2.641000,2.575000,2.589000,1391702.20000000,649893.80000000,-91914.60000000
1767517200000,2.590000,2.600000,2.560000,2.594000,1268449.40000000,619131.40000000,-30186.60000000
1767520800000,2.594000,2.603000,2.550000,2.577000,1439561.10000000,747125.80000000,54690.50000000
1767524400000,2.578000,2.584000,2.542000,2.545000,965132.80000000,415794.60000000,-133543.60000000
1767528000000,2.544000,2.590000,2.539000,2.588000,1057668.80000000,474703.50000000,-108261.80000000
1767531600000,2.587000,2.639000,2.575000,2.613000,1550917.20000000,767995.60000000,-14926.00000000
1767535200000,2.612000,2.643000,2.608000,2.636000,714173.80000000,355036.60000000,-4100.60000000
1767538800000,2.635000,2.643000,2.605000,2.611000,1476700.80000000,577110.40000000,-322480.00000000
1767542400000,2.611000,2.654000,2.579000,2.647000,1860800.40000000,900249.10000000,-60302.20000000
1767546000000,2.648000,2.650000,2.610000,2.613000,487892.40000000,194195.30000000,-99501.80000000
1767549600000,2.615000,2.652000,2.605000,2.652000,453373.20000000,260827.00000000,68280.80000000
1767553200000,2.651000,2.699000,2.630000,2.678000,1634721.50000000,934694.60000000,234667.70000000
1767556800000,2.679000,2.703000,2.660000,2.663000,771576.20000000,411147.60000000,50719.00000000
1767560400000,2.663000,2.667000,2.631000,2.636000,583565.70000000,262063.60000000,-59438.50000000
1767564000000,2.637000,2.696000,2.634000,2.690000,766331.20000000,432053.70000000,97776.20000000
1767567600000,2.691000,2.711000,2.612000,2.669000,1584196.30000000,719021.10000000,-146154.10000000
1767571200000,2.669000,2.777000,2.652000,2.769000,2225202.80000000,1236303.60000000,247404.40000000
1767574800000,2.768000,2.790000,2.730000,2.755000,3849011.70000000,2034526.00000000,220040.30000000
1767578400000,2.755000,2.762000,2.660000,2.694000,3858034.70000000,1853331.70000000,-151371.30000000
1767582000000,2.694000,2.708000,2.680000,2.695000,768424.10000000,376586.40000000,-15251.30000000
1767585600000,2.695000,2.698000,2.650000,2.678000,1448716.90000000,765015.30000000,81313.70000000
1767589200000,2.677000,2.691000,2.650000,2.670000,684716.50000000,322594.30000000,-39527.90000000
1767592800000,2.669000,2.682000,2.657000,2.678000,768009.10000000,388363.70000000,8718.30000000
1767596400000,2.679000,2.696000,2.668000,2.690000,632380.90000000,353055.90000000,73730.90000000
1767600000000,2.691000,2.761000,2.688000,2.726000,1849830.60000000,908717.90000000,-32394.80000000
1767603600000,2.727000,2.789000,2.722000,2.764000,3053400.60000000,1717946.70000000,382492.80000000
1767607200000,2.764000,2.790000,2.744000,2.761000,1830433.00000000,907422.00000000,-15589.00000000
1767610800000,2.761000,2.787000,2.731000,2.774000,1660292.10000000,871460.00000000,82627.90000000
1767614400000,2.773000,2.976000,2.763000,2.929000,12272673.80000000,6705464.50000000,1138255.20000000
1767618000000,2.928000,2.972000,2.815000,2.858000,5820502.40000000,3160505.30000000,500508.20000000
1767621600000,2.858000,2.919000,2.774000,2.878000,4926196.70000000,2822936.20000000,719675.70000000
1767625200000,2.878000,3.018000,2.869000,3.003000,4973781.90000000,2771540.00000000,569298.10000000
1767628800000,3.002000,3.094000,2.961000,3.012000,8537914.20000000,4623585.40000000,709256.60000000
1767632400000,3.011000,3.097000,2.930000,3.043000,4200776.90000000,2169096.70000000,137416.50000000
1767636000000,3.042000,3.136000,2.996000,3.085000,3595358.40000000,1941810.30000000,288262.20000000
1767639600000,3.084000,3.260000,3.006000,3.089000,11524023.90000000,6036756.40000000,549488.90000000
1767643200000,3.089000,3.115000,2.988000,3.023000,4058948.00000000,1977639.00000000,-103670.00000000
1767646800000,3.023000,3.061000,2.961000,3.005000,2012546.40000000,980870.30000000,-50805.80000000
1767650400000,3.006000,3.046000,2.994000,3.019000,860775.10000000,438476.50000000,16177.90000000
1767654000000,3.019000,3.078000,3.001000,3.005000,1306902.60000000,659226.90000000,11551.20000000
1767657600000,3.006000,3.022000,2.941000,2.993000,1855795.40000000,887321.60000000,-81152.20000000
1767661200000,2.992000,3.069000,2.991000,3.055000,1513094.20000000,690293.40000000,-132507.40000000
1767664800000,3.055000,3.055000,2.990000,3.044000,1789839.10000000,902667.60000000,15496.10000000
1767668400000,3.045000,3.098000,3.024000,3.095000,2154610.80000000,1026665.40000000,-101280.00000000
1767672000000,3.095000,3.182000,3.092000,3.155000,3150169.20000000,1484056.70000000,-182055.80000000
1767675600000,3.156000,3.187000,3.055000,3.072000,2879131.30000000,1241968.60000000,-395194.10000000
1767679200000,3.072000,3.093000,3.022000,3.068000,2155405.70000000,1244175.20000000,332944.70000000
1767682800000,3.067000,3.097000,3.011000,3.064000,1856636.40000000,864791.50000000,-127053.40000000
1767686400000,3.063000,3.092000,3.037000,3.038000,1902801.20000000,961372.00000000,19942.80000000
1767690000000,3.038000,3.129000,3.037000,3.098000,1627476.80000000,802707.90000000,-22061.00000000
1767693600000,3.099000,3.135000,3.086000,3.126000,1180089.50000000,575930.60000000,-28228.30000000
1767697200000,3.127000,3.246000,3.122000,3.229000,3013417.20000000,1621420.10000000,229423.00000000
1767700800000,3.230000,3.272000,3.163000,3.244000,3360324.40000000,1680939.80000000,1555.20000000
1767704400000,3.244000,3.295000,3.209000,3.222000,3598810.00000000,1843130.50000000,87451.00000000
1767708000000,3.221000,3.292000,3.153000,3.168000,2891683.30000000,1316597.00000000,-258489.30000000
1767711600000,3.169000,3.250000,3.110000,3.201000,3268420.00000000,1641969.10000000,15518.20000000
1767715200000,3.200000,3.242000,3.086000,3.119000,4245632.20000000,1853570.30000000,-538491.60000000
1767718800000,3.119000,3.135000,3.026000,3.074000,3037234.30000000,1453057.70000000,-131118.90000000
1767722400000,3.073000,3.119000,3.056000,3.090000,1815300.00000000,918086.10000000,20872.20000000
1767726000000,3.089000,3.138000,3.062000,3.117000,1114115.90000000,646805.90000000,179495.90000000
1767729600000,3.117000,3.133000,3.073000,3.082000,774064.00000000,391096.90000000,8129.80000000
1767733200000,3.082000,3.163000,3.082000,3.102000,1028594.20000000,549810.30000000,71026.40000000
1767736800000,3.102000,3.167000,3.101000,3.150000,928518.40000000,538905.40000000,149292.40000000
1767740400000,3.151000,3.187000,3.086000,3.104000,1255965.40000000,597123.60000000,-61718.20000000
1767744000000,3.105000,3.118000,3.036000,3.057000,1965756.50000000,882909.20000000,-199938.10000000
1767747600000,3.057000,3.106000,2.973000,3.031000,2157594.20000000,950590.80000000,-256412.60000000
1767751200000,3.031000,3.069000,3.010000,3.055000,1111743.00000000,531106.20000000,-49530.60000000
1767754800000,3.055000,3.080000,3.050000,3.067000,679039.90000000,333027.30000000,-12985.30000000
1767758400000,3.066000,3.079000,3.023000,3.036000,882089.00000000,370246.10000000,-141596.80000000
1767762000000,3.035000,3.089000,3.024000,3.039000,850505.60000000,405016.40000000,-40472.80000000
1767765600000,3.040000,3.054000,2.951000,3.053000,1992808.40000000,812655.80000000,-367496.80000000
1767769200000,3.052000,3.072000,3.014000,3.039000,997234.20000000,443626.40000000,-109981.40000000
1767772800000,3.040000,3.062000,3.023000,3.028000,761281.90000000,360932.20000000,-39417.50000000
1767776400000,3.028000,3.037000,2.922000,2.958000,3168196.20000000,1180868.30000000,-806459.60000000
1767780000000,2.959000,2.982000,2.933000,2.968000,1098609.00000000,497553.00000000,-103503.00000000
1767783600000,2.967000,3.014000,2.967000,2.994000,1167365.10000000,551091.70000000,-65181.70000000
1767787200000,2.994000,3.005000,2.965000,2.973000,771127.90000000,336945.90000000,-97236.10000000
1767790800000,2.973000,3.047000,2.964000,2.994000,1144907.90000000,551824.10000000,-41259.70000000
1767794400000,2.994000,2.995000,2.864000,2.908000,3523643.70000000,1486008.20000000,-551627.30000000
1767798000000,2.909000,2.922000,2.826000,2.895000,2846484.80000000,1457541.00000000,68597.20000000
1767801600000,2.896000,2.924000,2.839000,2.859000,2630563.40000000,1270391.10000000,-89781.20000000
1767805200000,2.859000,2.913000,2.857000,2.880000,1333322.10000000,687109.90000000,40897.70000000
1767808800000,2.881000,2.967000,2.866000,2.940000,1109477.80000000,590994.40000000,72511.00000000
1767812400000,2.940000,3.008000,2.930000,2.945000,1722162.60000000,875284.20000000,28405.80000000
1767816000000,2.945000,2.952000,2.827000,2.852000,1631167.50000000,661050.90000000,-309065.70000000
1767819600000,2.852000,2.939000,2.852000,2.910000,1140703.50000000,657894.40000000,175085.30000000
1767823200000,2.911000,3.155000,2.899000,3.117000,4197485.90000000,2308679.10000000,419872.30000000
1767826800000,3.117000,3.171000,3.073000,3.119000,2434643.70000000,1226147.10000000,17650.50000000
1767830400000,3.119000,3.165000,3.085000,3.159000,1301852.80000000,663064.00000000,24275.20000000
1767834000000,3.160000,3.175000,3.045000,3.103000,1289365.30000000,523522.10000000,-242321.10000000
1767837600000,3.103000,3.139000,3.045000,3.078000,1064080.80000000,523026.60000000,-18027.60000000
1767841200000,3.078000,3.096000,3.025000,3.054000,974212.10000000,414756.10000000,-144699.90000000
1767844800000,3.055000,3.134000,3.027000,3.133000,1185009.50000000,679958.90000000,174908.30000000
1767848400000,3.133000,3.173000,3.100000,3.135000,1531873.40000000,810854.50000000,89835.60000000
1767852000000,3.135000,3.159000,2.982000,2.987000,2022917.80000000,838397.10000000,-346123.60000000
1767855600000,2.984000,3.082000,2.963000,3.060000,1425897.10000000,788797.40000000,151697.70000000
1767859200000,3.059000,3.159000,3.036000,3.088000,1923402.40000000,997119.20000000,70836.00000000
1767862800000,3.087000,3.135000,3.023000,3.045000,1764736.30000000,877158.20000000,-10419.90000000
1767866400000,3.047000,3.140000,3.020000,3.115000,1382229.60000000,746051.60000000,109873.60000000
1767870000000,3.115000,3.139000,3.071000,3.128000,1527342.00000000,786768.90000000,46195.80000000
1767873600000,3.129000,3.154000,3.079000,3.118000,1445634.40000000,671742.60000000,-102149.20000000
1767877200000,3.118000,3.153000,3.080000,3.109000,1627250.90000000,836710.40000000,46169.90000000
1767880800000,3.109000,3.205000,3.047000,3.185000,2963637.80000000,1467828.40000000,-27981.00000000
1767884400000,3.186000,3.206000,3.115000,3.173000,2375602.20000000,1268366.20000000,161130.20000000
1767888000000,3.173000,3.230000,3.127000,3.162000,2453059.60000000,1384897.90000000,316736.20000000
1767891600000,3.162000,3.212000,3.107000,3.160000,1877076.20000000,982948.10000000,88820.00000000
1767895200000,3.159000,3.185000,3.123000,3.146000,1200584.30000000,576393.00000000,-47798.30000000
1767898800000,3.145000,3.163000,3.050000,3.077000,1839922.40000000,792153.90000000,-255614.60000000
1767902400000,3.077000,3.091000,3.031000,3.073000,1184091.60000000,542025.00000000,-100041.60000000
1767906000000,3.073000,3.122000,3.053000,3.112000,705448.90000000,328852.40000000,-47744.10000000
1767909600000,3.112000,3.123000,3.041000,3.060000,834394.50000000,351181.20000000,-132032.10000000
1767913200000,3.061000,3.097000,3.043000,3.055000,641664.30000000,296507.60000000,-48649.10000000
1767916800000,3.054000,3.086000,2.992000,3.033000,1323158.40000000,562214.00000000,-198730.40000000
1767920400000,3.034000,3.074000,2.993000,3.028000,969331.50000000,454824.40000000,-59682.70000000
1767924000000,3.028000,3.056000,2.993000,2.997000,576818.90000000,239450.90000000,-97917.10000000
1767927600000,2.998000,3.058000,2.894000,3.055000,1813152.40000000,781913.60000000,-249325.20000000
1767931200000,3.055000,3.087000,3.037000,3.073000,920775.00000000,468307.90000000,15840.80000000
1767934800000,3.072000,3.084000,3.041000,3.055000,405689.50000000,149299.50000000,-107090.50000000
1767938400000,3.054000,3.073000,3.038000,3.057000,515605.70000000,250477.40000000,-14650.90000000
1767942000000,3.056000,3.100000,3.043000,3.058000,749806.00000000,398564.60000000,47323.20000000
1767945600000,3.058000,3.075000,2.969000,2.995000,1512493.80000000,700772.00000000,-110949.80000000
1767949200000,2.996000,3.056000,2.993000,3.020000,729808.40000000,347055.30000000,-35697.80000000
1767952800000,3.020000,3.083000,3.015000,3.059000,936233.60000000,478891.60000000,21549.60000000
1767956400000,3.059000,3.092000,3.057000,3.084000,735582.20000000,407071.20000000,78560.20000000
1767960000000,3.085000,3.091000,3.023000,3.027000,804270.50000000,410005.60000000,15740.70000000
1767963600000,3.026000,3.135000,3.025000,3.106000,1084950.20000000,556225.70000000,27501.20000000
1767967200000,3.107000,3.118000,3.014000,3.037000,1374381.00000000,680979.20000000,-12422.60000000
1767970800000,3.038000,3.183000,3.010000,3.104000,4897131.50000000,2557688.10000000,218244.70000000
1767974400000,3.103000,3.151000,3.064000,3.112000,1251174.90000000,775287.00000000,299399.10000000
1767978000000,3.112000,3.157000,3.099000,3.129000,1323778.20000000,737937.80000000,152097.40000000
1767981600000,3.128000,3.153000,3.037000,3.060000,1226650.50000000,636278.90000000,45907.30000000
1767985200000,3.059000,3.075000,3.020000,3.060000,692105.10000000,395828.30000000,99551.50000000
1767988800000,3.060000,3.094000,3.040000,3.053000,458725.40000000,233341.80000000,7958.20000000
1767992400000,3.053000,3.053000,2.958000,2.970000,1307018.80000000,660850.70000000,14682.60000000
1767996000000,2.969000,2.999000,2.926000,2.972000,1095144.40000000,560403.90000000,25663.40000000
1767999600000,2.973000,2.989000,2.954000,2.972000,347470.50000000,175137.10000000,2803.70000000
1768003200000,2.973000,2.974000,2.859000,2.911000,2218789.20000000,1067989.50000000,-82810.20000000
1768006800000,2.911000,2.923000,2.852000,2.874000,776629.30000000,312927.90000000,-150773.50000000
1768010400000,2.874000,2.879000,2.761000,2.785000,3005849.30000000,1240801.50000000,-524246.30000000
1768014000000,2.784000,2.803000,2.755000,2.779000,1881959.20000000,840943.80000000,-200071.60000000
1768017600000,2.779000,2.818000,2.732000,2.815000,2418820.00000000,1142786.80000000,-133246.40000000
1768021200000,2.814000,2.814000,2.730000,2.733000,1328776.90000000,492816.10000000,-343144.70000000
1768024800000,2.734000,2.818000,2.707000,2.796000,1622810.30000000,874475.60000000,126140.90000000
1768028400000,2.796000,2.809000,2.735000,2.793000,1866322.80000000,844035.80000000,-178251.20000000
1768032000000,2.793000,2.826000,2.767000,2.802000,1405112.90000000,695618.80000000,-13875.30000000
1768035600000,2.802000,2.848000,2.795000,2.841000,1044559.30000000,616727.50000000,188895.70000000
1768039200000,2.841000,2.894000,2.837000,2.868000,1559358.70000000,848968.90000000,138579.10000000
1768042800000,2.867000,2.890000,2.854000,2.861000,666854.20000000,313089.80000000,-40674.60000000
1768046400000,2.861000,2.878000,2.850000,2.865000,388178.60000000,211853.40000000,35528.20000000
1768050000000,2.865000,2.871000,2.833000,2.848000,632288.90000000,296801.80000000,-38685.30000000
1768053600000,2.848000,2.856000,2.736000,2.785000,2578568.10000000,1044460.30000000,-489647.50000000
1768057200000,2.786000,2.808000,2.777000,2.800000,1168429.00000000,642026.90000000,115624.80000000
1768060800000,2.801000,2.823000,2.771000,2.795000,750377.50000000,348720.40000000,-52936.70000000
1768064400000,2.794000,2.807000,2.613000,2.650000,4440243.90000000,2002296.20000000,-435651.50000000
1768068000000,2.650000,2.707000,2.632000,2.641000,3517692.00000000,1767690.90000000,17689.80000000
1768071600000,2.641000,2.695000,2.608000,2.682000,1897827.80000000,1016693.20000000,135558.60000000
1768075200000,2.682000,2.731000,2.656000,2.665000,1043118.70000000,511214.80000000,-20689.10000000
1768078800000,2.666000,2.676000,2.626000,2.631000,700204.10000000,335641.80000000,-28920.50000000
1768082400000,2.631000,2.639000,2.510000,2.539000,2614906.20000000,1066109.30000000,-482687.60000000
1768086000000,2.538000,2.612000,2.531000,2.606000,1972508.80000000,1067696.10000000,162883.40000000
1768089600000,2.606000,2.645000,2.597000,2.616000,848212.20000000,445067.30000000,41922.40000000
1768093200000,2.617000,2.641000,2.600000,2.620000,453358.00000000,203899.80000000,-45558.40000000
1768096800000,2.619000,2.648000,2.610000,2.640000,641845.40000000,253476.00000000,-134893.40000000
1768100400000,2.640000,2.666000,2.620000,2.626000,1303132.00000000,525284.70000000,-252562.60000000
1768104000000,2.626000,2.651000,2.620000,2.620000,604470.50000000,274722.10000000,-55026.30000000
1768107600000,2.621000,2.626000,2.587000,2.618000,1464222.20000000,675120.20000000,-113981.80000000
1768111200000,2.619000,2.664000,2.596000,2.662000,767924.30000000,451206.20000000,134488.10000000
1768114800000,2.662000,2.664000,2.637000,2.649000,471637.30000000,239846.50000000,8055.70000000
1768118400000,2.649000,2.677000,2.638000,2.672000,737704.50000000,311406.20000000,-114892.10000000
1768122000000,2.672000,2.684000,2.665000,2.678000,385588.20000000,172636.60000000,-40315.00000000
1768125600000,2.678000,2.694000,2.656000,2.665000,485818.40000000,235319.00000000,-15180.40000000
1768129200000,2.665000,2.673000,2.651000,2.658000,428132.80000000,161472.80000000,-105187.20000000
1768132800000,2.659000,2.697000,2.648000,2.682000,718112.70000000,288316.00000000,-141480.70000000
1768136400000,2.683000,2.716000,2.675000,2.682000,871982.70000000,478122.00000000,84261.30000000
1768140000000,2.683000,2.724000,2.682000,2.717000,643752.30000000,387352.30000000,130952.30000000
1768143600000,2.717000,2.722000,2.673000,2.680000,730461.30000000,302921.80000000,-124617.70000000
1768147200000,2.680000,2.729000,2.673000,2.679000,885617.00000000,431737.60000000,-22141.80000000
1768150800000,2.679000,2.709000,2.678000,2.686000,417946.80000000,207240.10000000,-3466.60000000
1768154400000,2.687000,2.691000,2.669000,2.673000,377368.70000000,148838.40000000,-79691.90000000
1768158000000,2.674000,2.700000,2.666000,2.668000,389102.30000000,153345.40000000,-82411.50000000
1768161600000,2.668000,2.672000,2.630000,2.636000,658778.30000000,264298.90000000,-130180.50000000
1768165200000,2.637000,2.644000,2.589000,2.620000,1163790.80000000,476752.80000000,-210285.20000000
1768168800000,2.620000,2.622000,2.575000,2.575000,445739.00000000,160147.10000000,-125444.80000000
1768172400000,2.575000,2.631000,2.556000,2.628000,1376542.50000000,686654.20000000,-3234.10000000
1768176000000,2.629000,2.692000,2.564000,2.595000,2108450.30000000,1065738.40000000,23026.50000000
1768179600000,2.594000,2.636000,2.584000,2.611000,1253442.00000000,606549.50000000,-40343.00000000
1768183200000,2.612000,2.671000,2.612000,2.649000,934885.50000000,505347.90000000,75810.30000000
1768186800000,2.649000,2.684000,2.630000,2.636000,769171.20000000,358214.70000000,-52741.80000000
1768190400000,2.636000,2.693000,2.626000,2.675000,696441.80000000,345464.60000000,-5512.60000000
1768194000000,2.676000,2.720000,2.671000,2.680000,592695.20000000,345756.60000000,98818.00000000
1768197600000,2.679000,2.683000,2.614000,2.621000,836055.90000000,375994.20000000,-84067.50000000
1768201200000,2.621000,2.648000,2.572000,2.579000,970916.70000000,471778.30000000,-27360.10000000
1768204800000,2.578000,2.600000,2.490000,2.528000,3329319.10000000,1427288.10000000,-474742.90000000
1768208400000,2.528000,2.537000,2.432000,2.447000,3308558.20000000,1548695.70000000,-211166.80000000
1768212000000,2.447000,2.450000,2.363000,2.402000,5935611.20000000,2577028.30000000,-781554.60000000
1768215600000,2.402000,2.457000,2.362000,2.442000,2830605.70000000,1347476.30000000,-135653.10000000
1768219200000,2.441000,2.464000,2.416000,2.420000,1467134.10000000,730102.80000000,-6928.50000000
1768222800000,2.421000,2.425000,2.300000,2.313000,4918142.20000000,1878828.60000000,-1160485.00000000
1768226400000,2.313000,2.339000,2.200000,2.281000,11500308.60000000,5156992.90000000,-1186322.80000000
1768230000000,2.282000,2.373000,2.262000,2.334000,4973863.30000000,2348893.20000000,-276076.90000000
1768233600000,2.333000,2.382000,2.323000,2.351000,2712913.40000000,1324357.10000000,-64199.20000000
1768237200000,2.351000,2.371000,2.222000,2.278000,4717387.50000000,1931885.70000000,-853616.10000000
1768240800000,2.278000,2.322000,2.257000,2.288000,2979907.00000000,1615775.60000000,251644.20000000
1768244400000,2.287000,2.287000,2.227000,2.246000,2189034.00000000,997376.10000000,-194281.80000000
1768248000000,2.247000,2.271000,2.147000,2.185000,5227145.20000000,2291742.20000000,-643660.80000000
1768251600000,2.184000,2.195000,2.118000,2.164000,3728713.50000000,1663313.00000000,-402087.50000000
1768255200000,2.163000,2.177000,2.126000,2.138000,2487344.00000000,1189621.20000000,-108101.60000000
1768258800000,2.138000,2.150000,2.104000,2.106000,2651402.90000000,1281060.50000000,-89281.90000000
1768262400000,2.106000,2.205000,2.089000,2.196000,4479922.90000000,2328047.20000000,176171.50000000
1768266000000,2.196000,2.380000,2.129000,2.148000,5671641.50000000,3018707.00000000,365772.50000000
1768269600000,2.149000,2.192000,2.080000,2.112000,3555253.50000000,1755528.40000000,-44196.70000000
1768273200000,2.112000,2.156000,2.069000,2.083000,6253512.60000000,3102528.20000000,-48456.20000000
1768276800000,2.083000,2.107000,2.050000,2.088000,3448164.00000000,1686606.00000000,-74952.00000000
1768280400000,2.089000,2.184000,2.089000,2.144000,3434126.30000000,1670997.00000000,-92132.30000000
1768284000000,2.143000,2.158000,2.122000,2.134000,1711433.00000000,855029.00000000,-1375.00000000
1768287600000,2.133000,2.171000,2.126000,2.166000,1757484.60000000,993221.20000000,228957.80000000
1768291200000,2.165000,2.199000,2.141000,2.190000,1943579.70000000,937798.50000000,-67982.70000000
1768294800000,2.189000,2.243000,2.183000,2.222000,2922751.10000000,1603352.50000000,283953.90000000
1768298400000,2.222000,2.232000,2.186000,2.225000,1462216.20000000,742482.20000000,22748.20000000
1768302000000,2.225000,2.246000,2.192000,2.195000,1543338.30000000,794039.60000000,44740.90000000
1768305600000,2.196000,2.210000,2.168000,2.185000,1628671.80000000,769186.00000000,-90299.80000000
1768309200000,2.185000,2.211000,2.168000,2.196000,1543775.40000000,790417.00000000,37058.60000000
1768312800000,2.196000,2.240000,2.140000,2.144000,2424603.80000000,1013812.60000000,-396978.60000000
1768316400000,2.145000,2.162000,2.027000,2.135000,6718317.80000000,3231433.10000000,-255451.60000000
1768320000000,2.135000,2.182000,2.119000,2.141000,2670203.00000000,1430862.50000000,191522.00000000
1768323600000,2.141000,2.147000,2.087000,2.108000,1894784.20000000,954639.40000000,14494.60000000
1768327200000,2.107000,2.122000,2.027000,2.074000,3220753.00000000,1390447.70000000,-439857.60000000
1768330800000,2.074000,2.180000,2.061000,2.176000,2529040.10000000,1369858.60000000,210677.10000000
1768334400000,2.176000,2.184000,2.033000,2.064000,4360598.30000000,2077658.50000000,-205281.30000000
1768338000000,2.064000,2.118000,2.063000,2.111000,1282310.40000000,658584.20000000,34858.00000000
1768341600000,2.110000,2.173000,2.092000,2.164000,2731496.40000000,1181064.00000000,-369368.40000000
1768345200000,2.165000,2.209000,2.111000,2.156000,2801043.80000000,1398740.60000000,-3562.60000000
1768348800000,2.156000,2.200000,2.123000,2.193000,2062447.10000000,1122406.80000000,182366.50000000
1768352400000,2.193000,2.207000,2.127000,2.137000,1733844.70000000,808510.20000000,-116824.30000000
1768356000000,2.137000,2.175000,2.112000,2.119000,1408927.20000000,753548.30000000,98169.40000000
1768359600000,2.120000,2.193000,2.118000,2.191000,1513409.00000000,806684.90000000,99960.80000000
1768363200000,2.190000,2.202000,2.123000,2.126000,1843491.20000000,907978.10000000,-27535.00000000
1768366800000,2.126000,2.205000,2.113000,2.199000,1704693.70000000,908958.70000000,113223.70000000
1768370400000,2.199000,2.227000,2.182000,2.216000,1847154.10000000,885263.50000000,-76627.10000000
1768374000000,2.217000,2.222000,2.151000,2.192000,1892023.60000000,918239.60000000,-55544.40000000
1768377600000,2.192000,2.197000,2.164000,2.183000,875212.50000000,439293.30000000,3374.10000000
1768381200000,2.183000,2.284000,2.181000,2.249000,2531820.10000000,1301059.20000000,70298.30000000
1768384800000,2.248000,2.292000,2.237000,2.267000,1467836.80000000,831793.80000000,195750.80000000
1768388400000,2.268000,2.271000,2.214000,2.221000,1412534.80000000,632884.90000000,-146765.00000000
1768392000000,2.222000,2.286000,2.221000,2.277000,1297462.70000000,711077.10000000,124691.50000000
1768395600000,2.277000,2.291000,2.226000,2.241000,1457299.30000000,662708.30000000,-131882.70000000
1768399200000,2.241000,2.279000,2.238000,2.245000,1601838.20000000,761635.80000000,-78566.60000000
1768402800000,2.244000,2.245000,2.155000,2.191000,3589995.10000000,1551432.40000000,-487130.30000000
1768406400000,2.192000,2.216000,2.161000,2.186000,1562990.10000000,830323.30000000,97656.50000000
1768410000000,2.185000,2.247000,2.141000,2.225000,1897194.30000000,871370.40000000,-154453.50000000
1768413600000,2.225000,2.270000,2.192000,2.219000,1886610.80000000,926042.90000000,-34525.00000000
1768417200000,2.219000,2.266000,2.205000,2.257000,1493195.80000000,708314.60000000,-76566.60000000
1768420800000,2.257000,2.268000,2.211000,2.223000,809588.50000000,372580.10000000,-64428.30000000
1768424400000,2.222000,2.229000,2.175000,2.183000,806269.60000000,415852.10000000,25434.60000000
1768428000000,2.183000,2.196000,2.041000,2.052000,2707295.90000000,951657.90000000,-803980.10000000
1768431600000,2.051000,2.198000,2.051000,2.176000,4862684.50000000,2688738.00000000,514791.50000000
1768435200000,2.176000,2.177000,2.097000,2.134000,1400193.20000000,677343.20000000,-45506.80000000
1768438800000,2.134000,2.166000,2.103000,2.114000,1046377.60000000,520656.60000000,-5064.40000000
1768442400000,2.113000,2.116000,2.051000,2.069000,1734914.30000000,787829.90000000,-159254.50000000
1768446000000,2.069000,2.077000,1.880000,1.937000,8762023.60000000,3441970.30000000,-1878083.00000000
1768449600000,1.936000,1.963000,1.861000,1.877000,5646423.60000000,2497670.90000000,-651081.80000000
1768453200000,1.877000,1.918000,1.870000,1.887000,3996779.60000000,2022489.60000000,48199.60000000
1768456800000,1.887000,1.894000,1.815000,1.869000,6792150.90000000,3143690.80000000,-504769.30000000
1768460400000,1.869000,1.910000,1.833000,1.897000,3899480.40000000,1895700.50000000,-108079.40000000
1768464000000,1.897000,1.905000,1.817000,1.839000,3186822.00000000,1515666.30000000,-155489.40000000
1768467600000,1.840000,1.953000,1.788000,1.932000,7176365.70000000,3662168.10000000,147970.50000000
1768471200000,1.932000,1.952000,1.893000,1.911000,6019886.00000000,2757922.90000000,-504040.20000000
1768474800000,1.910000,2.044000,1.902000,1.969000,9443788.90000000,5314003.60000000,1184218.30000000
1768478400000,1.969000,2.044000,1.959000,2.044000,3586665.20000000,1750625.80000000,-85413.60000000
1768482000000,2.044000,2.139000,2.019000,2.067000,10251501.20000000,5304394.30000000,357287.40000000
1768485600000,2.067000,2.172000,2.040000,2.056000,10653781.10000000,4998962.20000000,-655856.70000000
1768489200000,2.055000,2.058000,1.846000,1.941000,25219846.20000000,11941412.90000000,-1337020.40000000
1768492800000,1.940000,1.942000,1.800000,1.881000,12146502.00000000,6095511.20000000,44520.40000000
1768496400000,1.881000,1.910000,1.760000,1.790000,7696186.30000000,3632269.30000000,-431647.70000000
1768500000000,1.790000,1.859000,1.766000,1.818000,8573890.90000000,4274832.60000000,-24225.70000000
1768503600000,1.818000,1.865000,1.803000,1.860000,3996242.70000000,1962445.70000000,-71351.30000000
1768507200000,1.860000,1.880000,1.811000,1.849000,2586961.60000000,1267234.30000000,-52493.00000000
1768510800000,1.849000,1.885000,1.843000,1.862000,1876071.90000000,886348.70000000,-103374.50000000
1768514400000,1.863000,1.993000,1.863000,1.934000,7875511.20000000,4139061.60000000,402612.00000000
1768518000000,1.933000,1.980000,1.874000,1.888000,5567582.60000000,2712569.80000000,-142443.00000000
1768521600000,1.889000,1.926000,1.870000,1.905000,1883796.00000000,1016344.10000000,148892.20000000
1768525200000,1.904000,1.907000,1.804000,1.822000,2627270.00000000,1036355.40000000,-554559.20000000
1768528800000,1.822000,1.865000,1.807000,1.838000,1657841.20000000,905795.70000000,153750.20000000
1768532400000,1.837000,1.855000,1.829000,1.851000,929567.70000000,488798.30000000,48028.90000000
1768536000000,1.851000,1.873000,1.804000,1.834000,1495277.00000000,714036.70000000,-67203.60000000
1768539600000,1.834000,1.909000,1.816000,1.867000,2585688.90000000,1266378.90000000,-52931.10000000
1768543200000,1.867000,1.889000,1.840000,1.881000,1640941.60000000,860433.00000000,79924.40000000
1768546800000,1.882000,1.903000,1.874000,1.891000,902360.60000000,490287.90000000,78215.20000000
1768550400000,1.890000,1.915000,1.861000,1.910000,1440038.80000000,717195.50000000,-5647.80000000
1768554000000,1.911000,1.925000,1.865000,1.879000,1766302.10000000,809931.50000000,-146439.10000000
1768557600000,1.878000,1.952000,1.878000,1.950000,2166620.70000000,1187706.60000000,208792.50000000
1768561200000,1.951000,1.960000,1.916000,1.956000,1465629.40000000,786868.40000000,108107.40000000
1768564800000,1.955000,1.967000,1.925000,1.936000,1595078.30000000,852067.00000000,109055.70000000
1768568400000,1.936000,1.937000,1.885000,1.909000,1745173.80000000,849687.40000000,-45799.00000000
1768572000000,1.909000,1.931000,1.888000,1.925000,1213909.50000000,596656.80000000,-20595.90000000
1768575600000,1.925000,1.931000,1.800000,1.836000,5036331.50000000,2402883.90000000,-230563.70000000
1768579200000,1.835000,1.869000,1.828000,1.841000,1556371.50000000,841077.20000000,125782.90000000
1768582800000,1.840000,1.885000,1.827000,1.852000,1306722.40000000,652456.60000000,-1809.20000000
1768586400000,1.851000,1.864000,1.819000,1.823000,1296333.00000000,690231.60000000,84130.20000000
1768590000000,1.822000,1.831000,1.788000,1.799000,2412363.30000000,1163420.30000000,-85522.70000000
1768593600000,1.799000,1.839000,1.784000,1.838000,1095602.60000000,592019.10000000,88435.60000000
1768597200000,1.839000,1.854000,1.831000,1.839000,744931.60000000,359041.40000000,-26848.80000000
1768600800000,1.840000,1.878000,1.826000,1.854000,1026256.20000000,466229.80000000,-93796.60000000
1768604400000,1.854000,1.865000,1.846000,1.860000,719468.30000000,373513.60000000,27558.90000000
1768608000000,1.861000,1.878000,1.841000,1.878000,920554.20000000,455275.90000000,-10002.40000000
1768611600000,1.878000,1.880000,1.853000,1.859000,534670.50000000,261882.30000000,-10905.90000000
1768615200000,1.858000,1.870000,1.841000,1.850000,523857.20000000,266397.20000000,8937.20000000
1768618800000,1.851000,1.858000,1.825000,1.826000,671933.90000000,320303.90000000,-31326.10000000
1768622400000,1.826000,1.868000,1.821000,1.859000,697305.60000000,406484.90000000,115664.20000000
1768626000000,1.858000,1.865000,1.822000,1.827000,793232.10000000,344874.20000000,-103483.70000000
1768629600000,1.827000,1.847000,1.813000,1.840000,738337.40000000,420798.30000000,103259.20000000
1768633200000,1.841000,1.903000,1.833000,1.877000,2330459.30000000,1210826.00000000,91192.70000000
1768636800000,1.877000,1.916000,1.869000,1.912000,1732678.20000000,914937.30000000,97196.40000000
1768640400000,1.912000,1.926000,1.892000,1.897000,1460000.10000000,613481.70000000,-233036.70000000
1768644000000,1.896000,1.921000,1.895000,1.900000,978142.80000000,572855.20000000,167567.60000000
1768647600000,1.901000,1.960000,1.896000,1.938000,1762047.00000000,1012723.40000000,263399.80000000
1768651200000,1.938000,1.985000,1.910000,1.951000,1877174.80000000,928012.20000000,-21150.40000000
1768654800000,1.950000,1.960000,1.910000,1.913000,1448826.40000000,662667.50000000,-123491.40000000
1768658400000,1.912000,1.948000,1.904000,1.945000,1341070.40000000,660040.20000000,-20990.00000000
1768662000000,1.944000,1.952000,1.915000,1.938000,654041.00000000,314939.90000000,-24161.20000000
1768665600000,1.938000,1.943000,1.913000,1.935000,739637.00000000,382890.50000000,26144.00000000
1768669200000,1.935000,2.037000,1.930000,2.015000,3261475.30000000,1600072.00000000,-61331.30000000
1768672800000,2.015000,2.041000,1.968000,2.021000,3053180.40000000,1489982.80000000,-73214.80000000
1768676400000,2.021000,2.073000,2.000000,2.055000,1936423.60000000,1165249.00000000,394074.40000000
1768680000000,2.054000,2.055000,2.006000,2.011000,1206789.50000000,689005.30000000,171221.10000000
1768683600000,2.011000,2.029000,1.988000,2.000000,1205314.40000000,597507.80000000,-10298.80000000
1768687200000,2.001000,2.015000,1.901000,1.954000,2055410.40000000,822549.10000000,-410312.20000000
1768690800000,1.953000,1.981000,1.931000,1.946000,916336.30000000,453663.50000000,-9009.30000000
1768694400000,1.945000,2.018000,1.933000,1.971000,2202068.30000000,1293816.00000000,385563.70000000
1768698000000,1.972000,1.984000,1.939000,1.972000,1168835.00000000,588719.50000000,8604.00000000
1768701600000,1.972000,1.989000,1.908000,1.911000,1786670.10000000,801489.00000000,-183692.10000000
1768705200000,1.911000,1.937000,1.905000,1.924000,711132.10000000,394459.30000000,77786.50000000
1768708800000,1.924000,1.978000,1.907000,1.956000,1077408.30000000,478210.20000000,-120987.90000000
1768712400000,1.955000,2.009000,1.947000,2.001000,1202345.90000000,623372.70000000,44399.50000000
1768716000000,2.001000,2.022000,1.982000,2.000000,1241020.30000000,577499.80000000,-86020.70000000
1768719600000,2.001000,2.011000,1.980000,1.991000,1079508.60000000,577375.90000000,75243.20000000
1768723200000,1.992000,2.014000,1.973000,1.990000,1094364.80000000,555550.00000000,16735.20000000
1768726800000,1.991000,2.001000,1.966000,1.968000,854910.80000000,417150.70000000,-20609.40000000
1768730400000,1.967000,2.010000,1.958000,2.007000,752054.20000000,418329.10000000,84604.00000000
1768734000000,2.006000,2.032000,1.986000,1.991000,904700.80000000,451870.10000000,-960.60000000
1768737600000,1.990000,2.007000,1.960000,1.970000,1084670.60000000,582118.60000000,79566.60000000
1768741200000,1.970000,1.974000,1.915000,1.942000,1882973.10000000,890905.30000000,-101162.50000000
1768744800000,1.941000,2.004000,1.933000,2.001000,1466514.60000000,751265.10000000,36015.60000000
1768748400000,2.002000,2.020000,1.989000,2.005000,1335437.20000000,592262.50000000,-150912.20000000
1768752000000,2.005000,2.033000,1.975000,1.978000,1542312.10000000,648614.70000000,-245082.70000000
1768755600000,1.979000,2.027000,1.976000,2.008000,685464.90000000,351228.30000000,16991.70000000
1768759200000,2.007000,2.030000,1.977000,2.024000,775662.20000000,324307.50000000,-127047.20000000
1768762800000,2.024000,2.030000,1.927000,1.932000,3340462.90000000,1542762.00000000,-254938.90000000
1768766400000,1.932000,1.950000,1.921000,1.941000,868854.30000000,469582.10000000,70309.90000000
1768770000000,1.942000,1.957000,1.921000,1.935000,573752.70000000,302342.50000000,30932.30000000
1768773600000,1.935000,1.953000,1.925000,1.934000,404395.30000000,209028.20000000,13661.10000000
1768777200000,1.933000,1.934000,1.793000,1.804000,6042306.30000000,2764264.50000000,-513777.30000000
1768780800000,1.803000,1.834000,1.708000,1.820000,9307871.60000000,4276402.60000000,-755066.40000000
1768784400000,1.819000,1.836000,1.779000,1.793000,2752794.90000000,1354213.20000000,-44368.50000000
1768788000000,1.793000,1.817000,1.780000,1.809000,1275897.40000000,647953.80000000,20010.20000000
1768791600000,1.808000,1.817000,1.786000,1.794000,957294.60000000,449929.10000000,-57436.40000000
1768795200000,1.793000,1.810000,1.757000,1.774000,2223489.30000000,995691.10000000,-232107.10000000
1768798800000,1.773000,1.789000,1.753000,1.758000,906085.30000000,437388.70000000,-31307.90000000
1768802400000,1.758000,1.770000,1.725000,1.735000,1971329.40000000,843735.80000000,-283857.80000000
1768806000000,1.736000,1.748000,1.728000,1.744000,831763.50000000,409467.00000000,-12829.50000000
1768809600000,1.745000,1.760000,1.727000,1.753000,1285282.40000000,634565.70000000,-16151.00000000
1768813200000,1.753000,1.759000,1.731000,1.751000,744431.50000000,384374.00000000,24316.50000000
1768816800000,1.750000,1.751000,1.710000,1.718000,1260513.60000000,567066.20000000,-126381.20000000
1768820400000,1.719000,1.740000,1.684000,1.735000,2062610.30000000,917138.70000000,-228332.90000000
1768824000000,1.734000,1.742000,1.714000,1.731000,694285.80000000,378942.30000000,63598.80000000
1768827600000,1.731000,1.733000,1.670000,1.688000,3799992.30000000,1526107.60000000,-747777.10000000
1768831200000,1.688000,1.700000,1.665000,1.678000,2784772.00000000,1163516.70000000,-457738.60000000
1768834800000,1.678000,1.688000,1.670000,1.680000,1082136.50000000,439875.10000000,-202386.30000000
1768838400000,1.680000,1.716000,1.666000,1.709000,1356282.40000000,713047.00000000,69811.60000000
1768842000000,1.709000,1.732000,1.697000,1.697000,1512293.10000000,809876.00000000,107458.90000000
1768845600000,1.697000,1.712000,1.679000,1.712000,856105.60000000,447881.90000000,39658.20000000
1768849200000,1.711000,1.748000,1.710000,1.727000,1604906.50000000,819022.60000000,33138.70000000
1768852800000,1.727000,1.733000,1.711000,1.719000,484564.50000000,249288.10000000,14011.70000000
1768856400000,1.719000,1.723000,1.693000,1.700000,545318.30000000,263362.50000000,-18593.30000000
1768860000000,1.701000,1.702000,1.631000,1.649000,2679652.80000000,1007104.50000000,-665443.80000000
1768863600000,1.649000,1.690000,1.640000,1.673000,1639205.10000000,842615.80000000,46026.50000000
1768867200000,1.673000,1.675000,1.623000,1.630000,2698318.20000000,1139681.10000000,-418956.00000000
1768870800000,1.630000,1.658000,1.608000,1.634000,2354494.40000000,1053247.70000000,-247999.00000000
1768874400000,1.635000,1.670000,1.590000,1.656000,3013099.00000000,1342554.70000000,-327989.60000000
1768878000000,1.656000,1.728000,1.648000,1.672000,3923236.70000000,1865893.30000000,-191450.10000000
1768881600000,1.672000,1.687000,1.659000,1.663000,1066403.90000000,504189.20000000,-58025.50000000
1768885200000,1.664000,1.706000,1.656000,1.686000,1791270.40000000,850576.40000000,-90117.60000000
1768888800000,1.686000,1.707000,1.660000,1.681000,1675955.40000000,762832.20000000,-150291.00000000
1768892400000,1.680000,1.709000,1.664000,1.665000,1920751.00000000,838656.30000000,-243438.40000000
1768896000000,1.664000,1.672000,1.614000,1.643000,2995930.40000000,1263390.00000000,-469150.40000000
1768899600000,1.642000,1.647000,1.600000,1.612000,1747665.00000000,805607.60000000,-136449.80000000
1768903200000,1.612000,1.621000,1.580000,1.589000,1571390.40000000,633329.00000000,-304732.40000000
1768906800000,1.588000,1.640000,1.581000,1.585000,2737954.20000000,1160462.10000000,-417030.00000000
1768910400000,1.585000,1.588000,1.529000,1.556000,5674076.80000000,2466150.60000000,-741775.60000000
1768914000000,1.555000,1.572000,1.527000,1.531000,3127844.90000000,1606865.40000000,85885.90000000
1768917600000,1.532000,1.635000,1.525000,1.612000,5198951.50000000,2666694.30000000,134437.10000000
1768921200000,1.612000,1.651000,1.592000,1.629000,3095254.40000000,1423962.10000000,-247330.20000000
1768924800000,1.630000,1.645000,1.587000,1.603000,2152645.10000000,946297.00000000,-260051.10000000
1768928400000,1.602000,1.622000,1.573000,1.592000,1575501.60000000,747823.00000000,-79855.60000000
1768932000000,1.592000,1.676000,1.592000,1.661000,2279783.40000000,1324039.30000000,368295.20000000
1768935600000,1.661000,1.675000,1.637000,1.656000,1560230.60000000,733747.80000000,-92735.00000000
1768939200000,1.656000,1.679000,1.634000,1.644000,1994009.60000000,934165.90000000,-125677.80000000
1768942800000,1.645000,1.645000,1.607000,1.620000,1234985.70000000,567358.10000000,-100269.50000000
1768946400000,1.619000,1.706000,1.589000,1.684000,2660391.40000000,1559539.60000000,458687.80000000
1768950000000,1.684000,1.687000,1.641000,1.645000,3401622.50000000,1510131.30000000,-381359.90000000
1768953600000,1.645000,1.684000,1.638000,1.680000,1569566.40000000,892831.20000000,216096.00000000
1768957200000,1.680000,1.696000,1.656000,1.663000,960739.20000000,443724.70000000,-73289.80000000
1768960800000,1.664000,1.667000,1.634000,1.659000,1032982.60000000,489579.00000000,-53824.60000000
1768964400000,1.658000,1.669000,1.630000,1.660000,864988.00000000,453098.70000000,41209.40000000
1768968000000,1.660000,1.709000,1.656000,1.676000,1349216.70000000,642960.90000000,-63294.90000000
1768971600000,1.676000,1.691000,1.657000,1.658000,569039.20000000,293662.10000000,18285.00000000
1768975200000,1.658000,1.664000,1.618000,1.621000,1109688.00000000,511056.40000000,-87575.20000000
1768978800000,1.621000,1.645000,1.613000,1.635000,783597.20000000,399951.70000000,16306.20000000
1768982400000,1.634000,1.676000,1.613000,1.676000,946801.40000000,498308.40000000,49815.40000000
1768986000000,1.676000,1.729000,1.657000,1.703000,2618382.90000000,1377009.40000000,135635.90000000
1768989600000,1.702000,1.728000,1.691000,1.693000,1022056.60000000,477781.50000000,-66493.60000000
1768993200000,1.693000,1.715000,1.672000,1.683000,1231389.40000000,623857.00000000,16324.60000000
1768996800000,1.684000,1.691000,1.662000,1.678000,1207957.20000000,554090.60000000,-99776.00000000
1769000400000,1.677000,1.689000,1.640000,1.663000,1234282.50000000,587039.20000000,-60204.10000000
1769004000000,1.662000,1.697000,1.660000,1.688000,1573412.50000000,764046.10000000,-45320.30000000
1769007600000,1.687000,1.735000,1.675000,1.713000,1575134.20000000,772002.30000000,-31129.60000000
1769011200000,1.713000,1.726000,1.664000,1.685000,1494662.20000000,738079.00000000,-18504.20000000
1769014800000,1.685000,1.715000,1.654000,1.683000,1864552.20000000,887965.80000000,-88620.60000000
1769018400000,1.683000,1.716000,1.673000,1.715000,711603.80000000,355524.30000000,-555.20000000
1769022000000,1.715000,1.777000,1.676000,1.756000,2629794.00000000,1256845.10000000,-116103.80000000
1769025600000,1.756000,1.791000,1.732000,1.762000,2095445.50000000,901874.40000000,-291696.70000000
1769029200000,1.762000,1.792000,1.750000,1.791000,903963.20000000,428509.40000000,-46944.40000000
1769032800000,1.790000,1.805000,1.755000,1.763000,1154591.10000000,538248.00000000,-78095.10000000
1769036400000,1.764000,1.770000,1.714000,1.733000,1079466.90000000,522488.10000000,-34490.70000000
1769040000000,1.732000,1.777000,1.723000,1.765000,1695101.20000000,870922.40000000,46743.60000000
1769043600000,1.765000,1.824000,1.757000,1.807000,2170487.50000000,1206954.40000000,243421.30000000
1769047200000,1.807000,1.838000,1.794000,1.805000,1183869.10000000,524016.10000000,-135836.90000000
1769050800000,1.805000,1.815000,1.765000,1.770000,1182989.70000000,564916.20000000,-53157.30000000
1769054400000,1.770000,1.779000,1.753000,1.769000,609317.60000000,307611.50000000,5905.40000000
1769058000000,1.768000,1.783000,1.739000,1.749000,1118655.80000000,552990.30000000,-12675.20000000
1769061600000,1.748000,1.774000,1.738000,1.772000,605964.50000000,314354.80000000,22745.10000000
1769065200000,1.773000,1.789000,1.748000,1.751000,835666.10000000,435132.70000000,34599.30000000
1769068800000,1.750000,1.780000,1.748000,1.777000,760421.00000000,374311.00000000,-11799.00000000
1769072400000,1.778000,1.826000,1.776000,1.791000,962872.80000000,426802.20000000,-109268.40000000
1769076000000,1.792000,1.802000,1.769000,1.795000,762570.50000000,407982.30000000,53394.10000000
1769079600000,1.795000,1.811000,1.787000,1.795000,729509.00000000,334143.90000000,-61221.20000000
1769083200000,1.795000,1.813000,1.790000,1.804000,824782.80000000,356821.40000000,-111140.00000000
1769086800000,1.803000,1.827000,1.782000,1.801000,1647768.50000000,822066.40000000,-3635.70000000
1769090400000,1.801000,1.811000,1.740000,1.752000,1697425.10000000,910105.80000000,122786.50000000
1769094000000,1.751000,1.790000,1.734000,1.765000,1489779.30000000,742061.10000000,-5657.10000000
1769097600000,1.765000,1.820000,1.760000,1.808000,2055681.40000000,895012.70000000,-265656.00000000
1769101200000,1.807000,1.819000,1.794000,1.810000,829448.40000000,395984.60000000,-37479.20000000
1769104800000,1.809000,1.837000,1.799000,1.807000,1414062.70000000,770054.60000000,126046.50000000
1769108400000,1.806000,1.819000,1.771000,1.803000,1228350.80000000,656000.30000000,83649.80000000
1769112000000,1.802000,1.823000,1.766000,1.769000,895306.80000000,407156.60000000,-80993.60000000
1769115600000,1.769000,1.791000,1.757000,1.762000,546373.50000000,290445.50000000,34517.50000000
1769119200000,1.761000,1.772000,1.747000,1.768000,529341.30000000,281550.40000000,33759.50000000
1769122800000,1.767000,1.767000,1.736000,1.759000,613907.50000000,271454.50000000,-70998.50000000
1769126400000,1.759000,1.783000,1.750000,1.781000,462203.60000000,215249.00000000,-31705.60000000
1769130000000,1.782000,1.821000,1.761000,1.816000,735521.30000000,323734.00000000,-88053.30000000
1769133600000,1.815000,1.828000,1.791000,1.793000,1154109.10000000,462050.30000000,-230008.50000000
1769137200000,1.792000,1.857000,1.778000,1.852000,1444499.20000000,703291.90000000,-37915.40000000
1769140800000,1.852000,1.893000,1.840000,1.849000,1810900.00000000,1049998.90000000,289097.80000000
1769144400000,1.849000,1.858000,1.812000,1.849000,875043.20000000,409446.10000000,-56151.00000000
1769148000000,1.849000,1.865000,1.798000,1.801000,1053321.00000000,482562.70000000,-88195.60000000
1769151600000,1.802000,1.814000,1.783000,1.804000,966246.00000000,473697.00000000,-18852.00000000
1769155200000,1.804000,1.838000,1.761000,1.790000,1751062.20000000,879069.20000000,7076.20000000
1769158800000,1.790000,1.801000,1.767000,1.783000,1675116.70000000,896085.10000000,117053.50000000
1769162400000,1.783000,1.784000,1.742000,1.759000,1052730.40000000,491444.30000000,-69841.80000000
1769166000000,1.760000,1.804000,1.750000,1.786000,1310417.00000000,708501.30000000,106585.60000000
1769169600000,1.787000,1.789000,1.753000,1.757000,661675.30000000,312928.40000000,-35818.50000000
1769173200000,1.758000,1.779000,1.742000,1.748000,504912.80000000,255005.00000000,5097.20000000
1769176800000,1.749000,1.758000,1.693000,1.710000,2076835.20000000,945595.40000000,-185644.40000000
1769180400000,1.711000,1.747000,1.701000,1.745000,1855173.00000000,990414.80000000,125656.60000000
1769184000000,1.745000,1.856000,1.743000,1.810000,3515042.40000000,1668102.80000000,-178836.80000000
1769187600000,1.811000,1.845000,1.793000,1.795000,1683762.10000000,940253.10000000,196744.10000000
1769191200000,1.795000,1.812000,1.781000,1.783000,858368.70000000,386756.30000000,-84856.10000000
1769194800000,1.783000,1.790000,1.743000,1.752000,1922094.90000000,908828.50000000,-104437.90000000
1769198400000,1.751000,1.754000,1.663000,1.710000,2820928.40000000,1465408.10000000,109887.80000000
1769202000000,1.709000,1.746000,1.708000,1.724000,1627953.50000000,841907.90000000,55862.30000000
1769205600000,1.724000,1.748000,1.690000,1.711000,918372.20000000,449588.20000000,-19195.80000000
1769209200000,1.711000,1.718000,1.695000,1.705000,546604.60000000,282491.40000000,18378.20000000
1769212800000,1.704000,1.712000,1.665000,1.666000,710898.90000000,276848.10000000,-157202.70000000
1769216400000,1.666000,1.683000,1.637000,1.653000,1382369.10000000,611919.00000000,-158531.10000000
1769220000000,1.653000,1.672000,1.635000,1.665000,1949622.00000000,1198640.40000000,447658.80000000
1769223600000,1.665000,1.692000,1.658000,1.676000,1123994.60000000,578691.80000000,33389.00000000
1769227200000,1.677000,1.711000,1.672000,1.697000,784157.00000000,406224.10000000,28291.20000000
1769230800000,1.698000,1.700000,1.685000,1.698000,310194.60000000,148698.80000000,-12797.00000000
1769234400000,1.698000,1.715000,1.686000,1.698000,740879.50000000,340964.70000000,-58950.10000000
1769238000000,1.697000,1.834000,1.685000,1.802000,2683988.80000000,1307814.10000000,-68360.60000000
1769241600000,1.802000,1.820000,1.752000,1.775000,1871102.90000000,781805.10000000,-307492.70000000
1769245200000,1.775000,1.807000,1.757000,1.780000,1378047.50000000,643821.80000000,-90403.90000000
1769248800000,1.780000,1.807000,1.775000,1.799000,1329624.40000000,843573.70000000,357523.00000000
1769252400000,1.798000,1.801000,1.783000,1.786000,732712.50000000,250232.70000000,-232247.10000000
1769256000000,1.786000,1.850000,1.785000,1.810000,2878352.70000000,1585906.30000000,293459.90000000
1769259600000,1.810000,1.817000,1.786000,1.795000,704494.40000000,289986.80000000,-124520.80000000
1769263200000,1.795000,1.835000,1.790000,1.833000,784799.80000000,463363.00000000,141926.20000000
1769266800000,1.833000,1.846000,1.793000,1.808000,860845.60000000,382982.50000000,-94880.60000000
1769270400000,1.807000,1.824000,1.793000,1.798000,687262.00000000,329485.30000000,-28291.40000000
1769274000000,1.798000,1.840000,1.796000,1.827000,760496.90000000,425213.50000000,89930.10000000
1769277600000,1.827000,1.848000,1.815000,1.834000,888821.40000000,523558.90000000,158296.40000000
1769281200000,1.833000,1.855000,1.816000,1.854000,900974.20000000,540003.40000000,179032.60000000
1769284800000,1.853000,1.874000,1.828000,1.846000,1241212.70000000,602596.50000000,-36019.70000000
1769288400000,1.847000,1.863000,1.824000,1.840000,704193.30000000,349469.00000000,-5255.30000000
1769292000000,1.841000,1.841000,1.806000,1.823000,880868.00000000,375013.60000000,-130840.80000000
1769295600000,1.823000,1.836000,1.809000,1.812000,515074.10000000,223285.70000000,-68502.70000000
1769299200000,1.811000,1.839000,1.809000,1.826000,854511.40000000,427957.00000000,1402.60000000
1769302800000,1.826000,1.846000,1.781000,1.808000,1404647.80000000,661160.70000000,-82326.40000000
1769306400000,1.807000,1.820000,1.786000,1.794000,716093.60000000,329020.70000000,-58052.20000000
1769310000000,1.795000,1.807000,1.763000,1.791000,771275.00000000,355528.40000000,-60218.20000000
1769313600000,1.791000,1.806000,1.777000,1.782000,333490.70000000,168922.70000000,4354.70000000
1769317200000,1.783000,1.784000,1.767000,1.777000,261946.30000000,134447.20000000,6948.10000000
1769320800000,1.777000,1.782000,1.753000,1.764000,406353.60000000,188750.60000000,-28852.40000000
1769324400000,1.763000,1.765000,1.745000,1.754000,844612.00000000,386409.00000000,-71794.00000000
1769328000000,1.753000,1.788000,1.752000,1.773000,874709.10000000,462694.00000000,50678.90000000
1769331600000,1.774000,1.785000,1.757000,1.758000,696473.10000000,379403.30000000,62333.50000000
1769335200000,1.759000,1.795000,1.742000,1.747000,1687095.00000000,812354.50000000,-62386.00000000
1769338800000,1.747000,1.752000,1.715000,1.724000,628154.00000000,293432.20000000,-41289.60000000
1769342400000,1.725000,1.730000,1.709000,1.721000,584565.80000000,273789.70000000,-36986.40000000
1769346000000,1.722000,1.747000,1.709000,1.742000,731399.80000000,405672.20000000,79944.60000000
1769349600000,1.741000,1.742000,1.691000,1.706000,1345797.60000000,563943.80000000,-217910.00000000
1769353200000,1.705000,1.725000,1.697000,1.706000,1094274.30000000,571818.90000000,49363.50000000
1769356800000,1.707000,1.714000,1.676000,1.690000,956138.70000000,443453.10000000,-69232.50000000
1769360400000,1.689000,1.695000,1.655000,1.659000,1015206.10000000,424638.70000000,-165928.70000000
1769364000000,1.658000,1.658000,1.554000,1.609000,5816534.40000000,2735787.50000000,-344959.40000000
1769367600000,1.609000,1.620000,1.568000,1.577000,2196427.30000000,1068826.40000000,-58774.50000000
1769371200000,1.578000,1.585000,1.554000,1.582000,1513337.80000000,749686.40000000,-13965.00000000
1769374800000,1.581000,1.603000,1.535000,1.561000,2239192.90000000,1104495.20000000,-30202.50000000
1769378400000,1.562000,1.568000,1.544000,1.554000,599108.90000000,292629.00000000,-13850.90000000
1769382000000,1.554000,1.591000,1.544000,1.579000,869230.60000000,585448.30000000,301666.00000000
1769385600000,1.579000,1.595000,1.563000,1.588000,804325.70000000,484529.10000000,164732.50000000
1769389200000,1.589000,1.616000,1.589000,1.613000,880120.50000000,466502.90000000,52885.30000000
1769392800000,1.613000,1.614000,1.563000,1.581000,912441.50000000,361374.60000000,-189692.30000000
1769396400000,1.580000,1.595000,1.559000,1.567000,824130.40000000,325447.00000000,-173236.40000000
1769400000000,1.568000,1.594000,1.568000,1.580000,598669.10000000,318147.30000000,37625.50000000
1769403600000,1.581000,1.583000,1.564000,1.569000,432213.10000000,223109.80000000,14006.50000000
1769407200000,1.569000,1.588000,1.565000,1.585000,538670.80000000,317462.40000000,96254.00000000
1769410800000,1.585000,1.598000,1.582000,1.594000,457493.10000000,272951.70000000,88410.30000000
1769414400000,1.593000,1.679000,1.591000,1.675000,2300728.70000000,1242067.80000000,183406.90000000
1769418000000,1.675000,1.677000,1.626000,1.668000,1115063.30000000,529946.00000000,-55171.30000000
1769421600000,1.669000,1.749000,1.665000,1.718000,2698744.60000000,1300491.50000000,-97761.60000000
1769425200000,1.718000,1.747000,1.704000,1.743000,1912219.10000000,989565.70000000,66912.30000000
1769428800000,1.743000,1.777000,1.738000,1.767000,2338344.10000000,1184158.10000000,29972.10000000
1769432400000,1.766000,1.816000,1.758000,1.806000,3223156.50000000,1715966.90000000,208777.30000000
1769436000000,1.808000,1.818000,1.757000,1.785000,3238931.30000000,1671335.20000000,103739.10000000
1769439600000,1.784000,1.805000,1.735000,1.753000,2210163.20000000,1039428.10000000,-131307.00000000
1769443200000,1.755000,1.763000,1.713000,1.720000,1551233.90000000,678538.90000000,-194156.10000000
1769446800000,1.720000,1.729000,1.696000,1.721000,1357228.20000000,592834.80000000,-171558.60000000
1769450400000,1.721000,1.769000,1.712000,1.766000,1013201.60000000,629011.40000000,244821.20000000
1769454000000,1.766000,1.768000,1.714000,1.720000,912150.10000000,378812.70000000,-154524.70000000
1769457600000,1.719000,1.723000,1.678000,1.682000,1060179.00000000,444870.00000000,-170439.00000000
1769461200000,1.683000,1.688000,1.650000,1.663000,1362375.90000000,683477.90000000,4579.90000000
1769464800000,1.664000,1.720000,1.657000,1.700000,1412583.30000000,767325.80000000,122068.30000000
1769468400000,1.701000,1.736000,1.692000,1.714000,1036595.20000000,606850.90000000,177106.60000000
1769472000000,1.714000,1.734000,1.705000,1.712000,819622.60000000,424308.60000000,28994.60000000
1769475600000,1.712000,1.752000,1.698000,1.743000,996463.10000000,521215.10000000,45967.10000000
1769479200000,1.743000,1.766000,1.732000,1.763000,854274.00000000,422581.50000000,-9111.00000000
1769482800000,1.763000,1.803000,1.749000,1.799000,1919742.10000000,1127136.40000000,334530.70000000
1769486400000,1.798000,1.852000,1.780000,1.848000,3138058.40000000,1847471.50000000,556884.60000000
1769490000000,1.848000,1.862000,1.787000,1.836000,3736270.00000000,1868294.80000000,319.60000000
1769493600000,1.835000,1.883000,1.822000,1.853000,2263784.80000000,1242375.40000000,220966.00000000
1769497200000,1.852000,1.891000,1.843000,1.888000,3090458.90000000,1838598.70000000,586738.50000000
1769500800000,1.889000,1.893000,1.849000,1.858000,3097598.20000000,1686123.30000000,274648.40000000
1769504400000,1.857000,1.865000,1.814000,1.860000,2293145.10000000,1020401.70000000,-252341.70000000
1769508000000,1.860000,1.861000,1.826000,1.842000,866914.10000000,345888.50000000,-175137.10000000
1769511600000,1.842000,1.850000,1.829000,1.847000,529496.30000000,250412.10000000,-28672.10000000
1769515200000,1.847000,1.856000,1.815000,1.826000,773932.30000000,339981.70000000,-93968.90000000
1769518800000,1.825000,1.867000,1.819000,1.841000,1169970.50000000,680583.40000000,191196.30000000
1769522400000,1.842000,1.857000,1.815000,1.820000,1003336.00000000,435565.10000000,-132205.80000000
1769526000000,1.820000,1.917000,1.816000,1.904000,3701198.70000000,2023682.70000000,346166.70000000
1769529600000,1.904000,1.953000,1.874000,1.901000,3394911.10000000,1677118.70000000,-40673.70000000
1769533200000,1.902000,1.906000,1.807000,1.828000,2635970.90000000,1195751.50000000,-244467.90000000
1769536800000,1.827000,1.844000,1.803000,1.826000,1221817.80000000,598668.90000000,-24480.00000000
1769540400000,1.825000,1.890000,1.815000,1.888000,1128565.80000000,690500.20000000,252434.60000000
1769544000000,1.888000,1.952000,1.887000,1.949000,1945105.80000000,1109487.90000000,273870.00000000
1769547600000,1.949000,2.007000,1.921000,1.945000,4361924.20000000,2259408.20000000,156892.20000000
1769551200000,1.946000,1.954000,1.906000,1.949000,1381598.10000000,620912.00000000,-139774.10000000
1769554800000,1.949000,1.961000,1.910000,1.949000,2316986.70000000,1059041.10000000,-198904.50000000
1769558400000,1.950000,1.960000,1.924000,1.955000,1045340.30000000,536211.50000000,27082.70000000
1769562000000,1.956000,1.976000,1.907000,1.959000,2696699.10000000,1441018.30000000,185337.50000000
1769565600000,1.959000,1.962000,1.915000,1.925000,1422668.60000000,598163.40000000,-226341.80000000
1769569200000,1.925000,1.961000,1.888000,1.901000,3063372.60000000,1489747.10000000,-83878.40000000
1769572800000,1.901000,1.930000,1.896000,1.920000,800741.80000000,434630.80000000,68519.80000000
1769576400000,1.921000,1.947000,1.894000,1.900000,1343794.90000000,672970.00000000,2145.10000000
1769580000000,1.900000,1.959000,1.900000,1.933000,1185526.80000000,633794.90000000,82063.00000000
1769583600000,1.933000,1.948000,1.901000,1.928000,1572100.60000000,724108.00000000,-123884.60000000
1769587200000,1.927000,1.952000,1.897000,1.919000,1884896.60000000,941705.40000000,-1485.80000000
1769590800000,1.919000,1.963000,1.919000,1.949000,2074526.80000000,1054435.10000000,34343.40000000
1769594400000,1.949000,1.995000,1.927000,1.927000,2097853.30000000,1014121.00000000,-69611.30000000
1769598000000,1.928000,1.935000,1.908000,1.919000,1355886.80000000,689446.50000000,23006.20000000
1769601600000,1.918000,1.928000,1.865000,1.877000,2056390.10000000,864030.20000000,-328329.70000000
1769605200000,1.878000,1.907000,1.876000,1.893000,1225598.00000000,625700.10000000,25802.20000000
1769608800000,1.892000,1.911000,1.855000,1.876000,1915276.90000000,847697.60000000,-219881.70000000
1769612400000,1.876000,1.887000,1.856000,1.859000,1269887.60000000,619830.50000000,-30226.60000000
1769616000000,1.859000,1.883000,1.844000,1.872000,1815221.80000000,908568.40000000,1915.00000000
1769619600000,1.872000,1.896000,1.850000,1.878000,1496082.70000000,762201.80000000,28320.90000000
1769623200000,1.877000,1.885000,1.853000,1.859000,1272084.60000000,597961.30000000,-76162.00000000
1769626800000,1.859000,1.906000,1.850000,1.881000,1625746.70000000,872902.30000000,120057.90000000
1769630400000,1.882000,1.931000,1.873000,1.894000,1655750.60000000,843248.40000000,30746.20000000
1769634000000,1.894000,1.895000,1.857000,1.868000,1149271.90000000,473588.80000000,-202094.30000000
1769637600000,1.869000,1.963000,1.862000,1.912000,3375256.90000000,1646068.60000000,-83119.70000000
1769641200000,1.912000,2.034000,1.911000,1.991000,3842674.00000000,2148567.40000000,454460.80000000
1769644800000,1.992000,1.998000,1.908000,1.925000,2147508.80000000,906081.00000000,-335346.80000000
1769648400000,1.925000,1.934000,1.846000,1.861000,2352570.80000000,948269.90000000,-456031.00000000
1769652000000,1.860000,1.882000,1.837000,1.863000,3421090.40000000,1628280.80000000,-164528.80000000
1769655600000,1.864000,1.888000,1.820000,1.831000,2130444.90000000,1116290.20000000,102135.50000000
1769659200000,1.831000,1.845000,1.797000,1.814000,1047690.40000000,474053.70000000,-99583.00000000
1769662800000,1.813000,1.827000,1.802000,1.810000,775758.70000000,422533.70000000,69308.70000000
1769666400000,1.811000,1.843000,1.809000,1.841000,656803.40000000,385670.40000000,114537.40000000
1769670000000,1.842000,1.849000,1.826000,1.838000,530194.20000000,250310.20000000,-29573.80000000
1769673600000,1.839000,1.869000,1.822000,1.865000,1063764.80000000,535988.20000000,8211.60000000
1769677200000,1.866000,1.866000,1.831000,1.832000,609396.80000000,277377.40000000,-54642.00000000
1769680800000,1.833000,1.836000,1.820000,1.832000,449710.10000000,192783.60000000,-64142.90000000
1769684400000,1.832000,1.860000,1.822000,1.859000,679200.70000000,355355.80000000,31510.90000000
1769688000000,1.858000,1.919000,1.855000,1.909000,1580135.70000000,863643.00000000,147150.30000000
1769691600000,1.910000,1.931000,1.901000,1.908000,1155810.20000000,470522.90000000,-214764.40000000
1769695200000,1.908000,1.912000,1.814000,1.815000,1914230.60000000,810421.60000000,-293387.40000000
1769698800000,1.816000,1.836000,1.690000,1.736000,6883127.50000000,3454214.90000000,25302.30000000
1769702400000,1.735000,1.754000,1.617000,1.674000,6805516.50000000,3178122.60000000,-449271.30000000
1769706000000,1.673000,1.697000,1.629000,1.646000,3041321.00000000,1685086.60000000,328852.20000000
1769709600000,1.647000,1.659000,1.596000,1.602000,3122840.10000000,1516010.20000000,-90819.70000000
1769713200000,1.602000,1.630000,1.600000,1.623000,1656208.30000000,970101.50000000,283994.70000000
1769716800000,1.623000,1.646000,1.610000,1.637000,1418596.40000000,661920.10000000,-94756.20000000
1769720400000,1.638000,1.648000,1.627000,1.642000,678300.00000000,313534.90000000,-51230.20000000
1769724000000,1.642000,1.647000,1.563000,1.601000,3845151.50000000,1331100.40000000,-1182950.70000000
1769727600000,1.601000,1.620000,1.590000,1.613000,1173676.20000000,636610.50000000,99544.80000000
1769731200000,1.612000,1.650000,1.605000,1.642000,1198569.00000000,591472.50000000,-15624.00000000
1769734800000,1.642000,1.711000,1.598000,1.643000,3659628.60000000,1684211.30000000,-291206.00000000
1769738400000,1.643000,1.644000,1.571000,1.591000,2364451.90000000,1196608.30000000,28764.70000000
1769742000000,1.590000,1.637000,1.589000,1.626000,1318919.00000000,776432.30000000,233945.60000000
1769745600000,1.626000,1.688000,1.624000,1.655000,1293620.90000000,628521.60000000,-36577.70000000
1769749200000,1.655000,1.664000,1.611000,1.617000,905604.90000000,360353.40000000,-184898.10000000
1769752800000,1.617000,1.618000,1.557000,1.584000,1702935.60000000,799546.00000000,-103843.60000000
1769756400000,1.585000,1.613000,1.570000,1.588000,1414860.90000000,603855.80000000,-207149.30000000
1769760000000,1.589000,1.609000,1.585000,1.604000,804810.20000000,440843.40000000,76876.60000000
1769763600000,1.605000,1.643000,1.605000,1.618000,1747456.30000000,752909.30000000,-241637.70000000
1769767200000,1.617000,1.672000,1.605000,1.621000,1585657.70000000,806808.00000000,27958.30000000
1769770800000,1.621000,1.652000,1.610000,1.644000,751884.00000000,319733.00000000,-112418.00000000
1769774400000,1.643000,1.680000,1.621000,1.634000,1690587.20000000,849428.50000000,8269.80000000
1769778000000,1.634000,1.648000,1.612000,1.634000,846695.40000000,403599.20000000,-39497.00000000
1769781600000,1.634000,1.672000,1.634000,1.658000,1162105.40000000,566113.40000000,-29878.60000000
1769785200000,1.658000,1.692000,1.629000,1.664000,1490551.90000000,732689.70000000,-25172.50000000
1769788800000,1.664000,1.711000,1.644000,1.710000,1345333.60000000,615569.80000000,-114194.00000000
1769792400000,1.710000,1.742000,1.689000,1.728000,1718588.50000000,908271.60000000,97954.70000000
1769796000000,1.727000,1.781000,1.703000,1.776000,2619141.80000000,1143275.10000000,-332591.60000000
1769799600000,1.777000,1.845000,1.746000,1.754000,3458535.10000000,1654115.40000000,-150304.30000000
1769803200000,1.755000,1.807000,1.749000,1.759000,2709425.50000000,1513924.00000000,318422.50000000
1769806800000,1.760000,1.771000,1.714000,1.736000,1570840.20000000,608517.40000000,-353805.40000000
1769810400000,1.735000,1.747000,1.726000,1.737000,369236.10000000,178606.40000000,-12023.30000000
1769814000000,1.736000,1.736000,1.704000,1.723000,539163.70000000,237805.10000000,-63553.50000000
1769817600000,1.724000,1.724000,1.696000,1.701000,847502.50000000,434338.00000000,21173.50000000
1769821200000,1.700000,1.708000,1.684000,1.703000,508813.50000000,234916.00000000,-38981.50000000
1769824800000,1.704000,1.728000,1.691000,1.719000,707843.20000000,384418.90000000,60994.60000000
1769828400000,1.719000,1.735000,1.707000,1.716000,551196.50000000,303906.40000000,56616.30000000
1769832000000,1.715000,1.735000,1.687000,1.691000,801233.80000000,416989.60000000,32745.40000000
1769835600000,1.692000,1.692000,1.654000,1.682000,1316356.00000000,611212.40000000,-93931.20000000
1769839200000,1.682000,1.684000,1.665000,1.675000,533597.10000000,255875.30000000,-21846.50000000
1769842800000,1.674000,1.679000,1.657000,1.667000,362916.40000000,189955.60000000,16994.80000000
1769846400000,1.667000,1.673000,1.640000,1.661000,844634.80000000,341834.70000000,-160965.40000000
1769850000000,1.661000,1.669000,1.644000,1.644000,379951.50000000,167483.40000000,-44984.70000000
1769853600000,1.645000,1.662000,1.635000,1.639000,473220.90000000,244054.70000000,14888.50000000
1769857200000,1.640000,1.641000,1.619000,1.632000,565834.20000000,247106.40000000,-71621.40000000
1769860800000,1.632000,1.644000,1.615000,1.625000,1000951.40000000,582906.70000000,164862.00000000
1769864400000,1.624000,1.630000,1.604000,1.610000,615647.90000000,239811.00000000,-136025.90000000
1769868000000,1.610000,1.616000,1.559000,1.581000,3009803.30000000,1240807.10000000,-528189.10000000
1769871600000,1.580000,1.608000,1.565000,1.582000,1532627.10000000,699913.10000000,-132800.90000000
1769875200000,1.582000,1.590000,1.475000,1.477000,5098058.10000000,2240814.00000000,-616430.10000000
1769878800000,1.477000,1.491000,1.358000,1.441000,17547669.90000000,8382917.90000000,-781834.10000000
1769882400000,1.441000,1.521000,1.385000,1.495000,5134865.60000000,2917143.40000000,699421.20000000
1769886000000,1.496000,1.535000,1.482000,1.516000,2939993.60000000,1640964.90000000,341936.20000000
1769889600000,1.516000,1.524000,1.489000,1.519000,920235.30000000,421716.30000000,-76802.70000000
1769893200000,1.519000,1.619000,1.503000,1.596000,2551998.40000000,1380780.50000000,209562.60000000
1769896800000,1.596000,1.606000,1.560000,1.569000,1075649.70000000,382601.70000000,-310446.30000000
1769900400000,1.570000,1.585000,1.551000,1.569000,1280502.10000000,669535.30000000,58568.50000000
1769904000000,1.569000,1.633000,1.565000,1.608000,1107374.40000000,528432.00000000,-50510.40000000
1769907600000,1.609000,1.614000,1.585000,1.603000,819449.80000000,366855.60000000,-85738.60000000
1769911200000,1.604000,1.641000,1.603000,1.617000,881117.90000000,491735.70000000,102353.50000000
1769914800000,1.617000,1.618000,1.594000,1.613000,580338.00000000,222725.90000000,-134886.20000000
1769918400000,1.614000,1.651000,1.608000,1.641000,721359.10000000,357892.20000000,-5574.70000000
1769922000000,1.640000,1.640000,1.604000,1.607000,599410.00000000,271465.40000000,-56479.20000000
1769925600000,1.606000,1.617000,1.590000,1.594000,560740.40000000,271817.80000000,-17104.80000000
1769929200000,1.595000,1.618000,1.589000,1.596000,426153.50000000,165114.60000000,-95924.30000000
1769932800000,1.596000,1.601000,1.576000,1.584000,503154.40000000,170453.50000000,-162247.40000000
1769936400000,1.584000,1.589000,1.558000,1.587000,573379.50000000,219793.20000000,-133793.10000000
1769940000000,1.586000,1.597000,1.502000,1.527000,2591811.30000000,1052717.60000000,-486376.10000000
1769943600000,1.527000,1.540000,1.507000,1.527000,1234429.30000000,571852.70000000,-90723.90000000
1769947200000,1.527000,1.534000,1.492000,1.503000,1400620.60000000,598128.00000000,-204364.60000000
1769950800000,1.504000,1.519000,1.464000,1.485000,1377241.20000000,594453.80000000,-188333.60000000
1769954400000,1.485000,1.490000,1.458000,1.477000,1734724.10000000,917045.20000000,99366.30000000
1769958000000,1.476000,1.478000,1.456000,1.461000,1241946.40000000,659133.80000000,76321.20000000
1769961600000,1.462000,1.481000,1.457000,1.460000,1095905.90000000,593742.60000000,91579.30000000
1769965200000,1.461000,1.462000,1.426000,1.449000,1404561.10000000,708466.40000000,12371.70000000
1769968800000,1.448000,1.503000,1.448000,1.486000,1480108.20000000,837326.10000000,194544.00000000
1769972400000,1.487000,1.508000,1.475000,1.506000,743902.00000000,479550.00000000,215198.00000000
1769976000000,1.506000,1.515000,1.491000,1.495000,865139.90000000,452932.90000000,40725.90000000
1769979600000,1.495000,1.502000,1.482000,1.496000,760405.80000000,370245.20000000,-19915.40000000
1769983200000,1.496000,1.550000,1.496000,1.511000,1142282.40000000,653828.40000000,165374.40000000
1769986800000,1.511000,1.550000,1.464000,1.516000,2065024.30000000,1103880.40000000,142736.50000000
1769990400000,1.517000,1.636000,1.514000,1.633000,2987353.90000000,1644487.10000000,301620.30000000
1769994000000,1.633000,1.633000,1.582000,1.598000,1534153.60000000,711211.20000000,-111731.20000000
1769997600000,1.597000,1.618000,1.576000,1.580000,890892.40000000,439524.10000000,-11844.20000000
1770001200000,1.580000,1.580000,1.503000,1.566000,2771403.70000000,1264483.20000000,-242437.30000000
1770004800000,1.566000,1.623000,1.541000,1.570000,1373434.00000000,715556.10000000,57678.20000000
1770008400000,1.570000,1.574000,1.521000,1.558000,1071733.60000000,525084.00000000,-21565.60000000
1770012000000,1.558000,1.562000,1.495000,1.547000,1501753.20000000,720449.60000000,-60854.00000000
1770015600000,1.548000,1.551000,1.504000,1.517000,1457625.10000000,716319.40000000,-24986.30000000
1770019200000,1.517000,1.538000,1.504000,1.513000,961072.80000000,506777.90000000,52483.00000000
1770022800000,1.513000,1.543000,1.498000,1.528000,931627.40000000,489263.10000000,46898.80000000
1770026400000,1.529000,1.555000,1.525000,1.526000,885509.40000000,448425.10000000,11340.80000000
1770030000000,1.527000,1.565000,1.515000,1.536000,936856.10000000,430596.20000000,-75663.70000000
1770033600000,1.535000,1.540000,1.511000,1.531000,919546.00000000,404426.20000000,-110693.60000000
1770037200000,1.531000,1.550000,1.516000,1.545000,655226.10000000,303034.40000000,-49157.30000000
1770040800000,1.544000,1.616000,1.516000,1.578000,2052987.70000000,1127741.90000000,202496.10000000
1770044400000,1.578000,1.612000,1.552000,1.612000,1898213.40000000,1014503.10000000,130792.80000000
1770048000000,1.611000,1.615000,1.559000,1.568000,1518781.00000000,643397.70000000,-231985.60000000
1770051600000,1.567000,1.618000,1.566000,1.605000,1520506.80000000,868454.30000000,216401.80000000
1770055200000,1.606000,1.621000,1.575000,1.598000,1060169.90000000,520951.00000000,-18267.90000000
1770058800000,1.598000,1.615000,1.568000,1.575000,859491.50000000,441121.10000000,22750.70000000
1770062400000,1.575000,1.583000,1.559000,1.563000,356647.40000000,159866.30000000,-36914.80000000
1770066000000,1.563000,1.626000,1.563000,1.622000,925732.00000000,501148.50000000,76565.00000000
1770069600000,1.622000,1.669000,1.608000,1.635000,1492721.70000000,850859.40000000,208997.10000000
1770073200000,1.635000,1.636000,1.591000,1.599000,769302.30000000,317496.10000000,-134310.10000000
1770076800000,1.599000,1.621000,1.586000,1.618000,638181.80000000,360489.80000000,82797.80000000
1770080400000,1.619000,1.684000,1.595000,1.681000,1764939.90000000,870251.80000000,-24436.30000000
1770084000000,1.681000,1.686000,1.588000,1.592000,1723301.10000000,836989.20000000,-49322.70000000
1770087600000,1.592000,1.663000,1.587000,1.658000,1607518.50000000,836373.20000000,65227.90000000
1770091200000,1.658000,1.729000,1.650000,1.710000,2293990.90000000,1151116.30000000,8241.70000000
1770094800000,1.711000,1.734000,1.675000,1.689000,1260703.10000000,610927.50000000,-38848.10000000
1770098400000,1.688000,1.699000,1.668000,1.670000,809796.00000000,291985.20000000,-225825.60000000
1770102000000,1.671000,1.754000,1.651000,1.746000,3131551.60000000,1717884.90000000,304218.20000000
1770105600000,1.747000,1.755000,1.707000,1.726000,1727473.40000000,774768.60000000,-177936.20000000
1770109200000,1.726000,1.748000,1.657000,1.684000,2285396.40000000,1018209.40000000,-248977.60000000
1770112800000,1.684000,1.705000,1.635000,1.663000,1700444.10000000,726422.40000000,-247599.30000000
1770116400000,1.663000,1.672000,1.618000,1.630000,2230107.70000000,1067751.60000000,-94604.50000000
1770120000000,1.629000,1.643000,1.613000,1.638000,1039508.00000000,458646.40000000,-122215.20000000
1770123600000,1.638000,1.649000,1.614000,1.634000,1430610.20000000,687343.60000000,-55923.00000000
1770127200000,1.632000,1.636000,1.565000,1.573000,1940028.80000000,793511.00000000,-353006.80000000
1770130800000,1.572000,1.612000,1.570000,1.605000,1702671.60000000,911297.90000000,119924.20000000
1770134400000,1.605000,1.606000,1.540000,1.556000,1929726.50000000,820432.70000000,-288861.10000000
1770138000000,1.557000,1.572000,1.526000,1.527000,1243858.70000000,545757.00000000,-152344.70000000
1770141600000,1.527000,1.535000,1.480000,1.483000,3144842.10000000,1372726.60000000,-399388.90000000
1770145200000,1.483000,1.560000,1.478000,1.530000,2582862.80000000,1586386.20000000,589909.60000000
1770148800000,1.530000,1.571000,1.503000,1.542000,2527786.30000000,1152237.20000000,-223311.90000000
1770152400000,1.541000,1.567000,1.499000,1.504000,1129220.20000000,544888.90000000,-39442.40000000
1770156000000,1.505000,1.510000,1.473000,1.483000,1919705.30000000,962991.70000000,6278.10000000
1770159600000,1.483000,1.506000,1.473000,1.484000,1071814.00000000,708254.30000000,344694.60000000
1770163200000,1.483000,1.504000,1.461000,1.488000,1119603.10000000,601720.10000000,83837.10000000
1770166800000,1.489000,1.517000,1.488000,1.500000,895930.70000000,478170.10000000,60409.50000000
1770170400000,1.500000,1.522000,1.498000,1.518000,546614.60000000,262944.60000000,-20725.40000000
1770174000000,1.517000,1.541000,1.508000,1.541000,716023.10000000,327407.20000000,-61208.70000000
1770177600000,1.541000,1.548000,1.524000,1.529000,563240.80000000,230007.50000000,-103225.80000000
1770181200000,1.529000,1.554000,1.507000,1.513000,648085.30000000,316425.00000000,-15235.30000000
1770184800000,1.514000,1.554000,1.508000,1.545000,893784.60000000,540712.20000000,187639.80000000
1770188400000,1.546000,1.550000,1.528000,1.537000,1117631.50000000,718456.10000000,319280.70000000
1770192000000,1.538000,1.541000,1.514000,1.527000,633881.70000000,328510.70000000,23139.70000000
1770195600000,1.527000,1.536000,1.516000,1.529000,689027.50000000,339707.00000000,-9613.50000000
1770199200000,1.530000,1.538000,1.508000,1.516000,868292.20000000,364147.00000000,-139998.20000000
1770202800000,1.515000,1.516000,1.474000,1.490000,1522589.00000000,732397.70000000,-57793.60000000
1770206400000,1.491000,1.508000,1.488000,1.501000,644771.50000000,396827.10000000,148882.70000000
1770210000000,1.499000,1.504000,1.458000,1.461000,1342181.30000000,612145.90000000,-117889.50000000
1770213600000,1.461000,1.491000,1.450000,1.463000,1989024.00000000,1064374.70000000,139725.40000000
1770217200000,1.463000,1.522000,1.459000,1.503000,2644114.90000000,1484320.80000000,324526.70000000
1770220800000,1.504000,1.518000,1.447000,1.473000,2549683.50000000,1174782.20000000,-200119.10000000
1770224400000,1.473000,1.496000,1.430000,1.493000,1700560.20000000,886084.60000000,71609.00000000
1770228000000,1.492000,1.535000,1.475000,1.520000,1590656.80000000,844897.80000000,99138.80000000
1770231600000,1.520000,1.581000,1.518000,1.575000,1088915.10000000,595741.30000000,102567.50000000
1770235200000,1.575000,1.601000,1.562000,1.598000,1391970.40000000,762674.40000000,133378.40000000
1770238800000,1.599000,1.604000,1.562000,1.574000,1241077.10000000,482855.30000000,-275366.50000000
1770242400000,1.573000,1.602000,1.552000,1.563000,918180.20000000,430297.10000000,-57586.00000000
1770246000000,1.563000,1.596000,1.560000,1.579000,898635.50000000,623298.60000000,347961.70000000
1770249600000,1.579000,1.582000,1.553000,1.573000,853441.20000000,329675.80000000,-194089.60000000
1770253200000,1.573000,1.588000,1.546000,1.560000,1345361.50000000,485793.20000000,-373775.10000000
1770256800000,1.561000,1.562000,1.532000,1.541000,1097680.40000000,503944.40000000,-89791.60000000
1770260400000,1.542000,1.550000,1.510000,1.513000,905227.30000000,409357.70000000,-86511.90000000
1770264000000,1.513000,1.528000,1.503000,1.512000,968723.80000000,499951.10000000,31178.40000000
1770267600000,1.512000,1.559000,1.511000,1.539000,1563036.10000000,842923.40000000,122810.70000000
1770271200000,1.540000,1.590000,1.530000,1.578000,1026703.80000000,650295.00000000,273886.20000000
1770274800000,1.577000,1.619000,1.560000,1.562000,1784280.50000000,941788.70000000,99296.90000000
1770278400000,1.562000,1.578000,1.540000,1.541000,968517.70000000,450707.00000000,-67103.70000000
1770282000000,1.541000,1.567000,1.540000,1.559000,663349.80000000,384751.40000000,106153.00000000
1770285600000,1.558000,1.560000,1.507000,1.526000,1133373.10000000,470782.20000000,-191808.70000000
1770289200000,1.525000,1.531000,1.484000,1.503000,1520383.00000000,709431.80000000,-101519.40000000
1770292800000,1.503000,1.565000,1.491000,1.560000,1765476.60000000,916508.90000000,67541.20000000
1770296400000,1.559000,1.586000,1.536000,1.547000,1973803.00000000,1042478.00000000,111153.00000000
1770300000000,1.547000,1.620000,1.536000,1.576000,3030168.50000000,1439749.20000000,-150670.10000000
1770303600000,1.575000,1.622000,1.525000,1.579000,7242559.60000000,3453615.50000000,-335328.60000000
1770307200000,1.578000,1.606000,1.529000,1.596000,3958782.60000000,1911049.70000000,-136683.20000000
1770310800000,1.597000,1.608000,1.567000,1.581000,3223611.20000000,1577011.60000000,-69588.00000000
1770314400000,1.581000,1.606000,1.552000,1.605000,2631001.60000000,1288367.90000000,-54265.80000000
1770318000000,1.604000,1.605000,1.449000,1.457000,4656850.80000000,1994106.10000000,-668638.60000000
1770321600000,1.457000,1.475000,1.360000,1.386000,9216445.70000000,4344884.80000000,-526676.10000000
1770325200000,1.387000,1.439000,1.363000,1.404000,4946789.20000000,2566344.60000000,185900.00000000
1770328800000,1.404000,1.427000,1.367000,1.423000,2148188.20000000,1152399.60000000,156611.00000000
1770332400000,1.423000,1.468000,1.420000,1.445000,3133826.90000000,1480475.60000000,-172875.70000000
1770336000000,1.446000,1.451000,1.325000,1.413000,7008139.90000000,3430909.90000000,-146320.10000000
1770339600000,1.412000,1.542000,1.409000,1.534000,3648586.80000000,1826774.60000000,4962.40000000
1770343200000,1.534000,1.536000,1.466000,1.485000,2796889.70000000,1188455.20000000,-419979.30000000
1770346800000,1.485000,1.512000,1.477000,1.480000,1444781.70000000,753471.70000000,62161.70000000
1770350400000,1.481000,1.504000,1.466000,1.501000,839729.30000000,432660.80000000,25592.30000000
1770354000000,1.501000,1.530000,1.486000,1.522000,1153521.20000000,616053.90000000,78586.60000000
1770357600000,1.523000,1.536000,1.456000,1.458000,2046481.60000000,1038314.80000000,30148.00000000
1770361200000,1.458000,1.467000,1.412000,1.418000,1991574.20000000,930930.60000000,-129713.00000000
1770364800000,1.418000,1.438000,1.401000,1.415000,1728434.70000000,875100.90000000,21767.10000000
1770368400000,1.414000,1.477000,1.411000,1.468000,1327734.30000000,677213.30000000,26692.30000000
1770372000000,1.469000,1.490000,1.459000,1.470000,846728.50000000,411741.10000000,-23246.30000000
1770375600000,1.471000,1.504000,1.464000,1.493000,1036144.50000000,506613.50000000,-22917.50000000
1770379200000,1.493000,1.574000,1.485000,1.553000,2585974.10000000,1021193.00000000,-543588.10000000
1770382800000,1.553000,1.595000,1.539000,1.549000,3351577.30000000,1634652.50000000,-82272.30000000
1770386400000,1.550000,1.585000,1.513000,1.567000,3067680.00000000,1535954.80000000,4229.60000000
1770390000000,1.568000,1.593000,1.542000,1.545000,1356049.80000000,704086.70000000,52123.60000000
1770393600000,1.544000,1.604000,1.537000,1.601000,2552997.00000000,1548030.10000000,543063.20000000
1770397200000,1.601000,1.750000,1.594000,1.747000,8498401.00000000,4731903.80000000,965406.60000000
1770400800000,1.747000,1.762000,1.682000,1.715000,3955991.30000000,1949907.00000000,-56177.30000000
1770404400000,1.715000,1.763000,1.686000,1.745000,2616556.40000000,1340695.70000000,64835.00000000
1770408000000,1.746000,1.749000,1.651000,1.655000,3591596.30000000,1468656.80000000,-654282.70000000
1770411600000,1.655000,1.682000,1.630000,1.681000,1159557.50000000,591116.60000000,22675.70000000
1770415200000,1.681000,1.700000,1.672000,1.691000,501099.90000000,275799.70000000,50499.50000000
1770418800000,1.692000,1.722000,1.663000,1.666000,829552.10000000,422691.60000000,15831.10000000
1770422400000,1.666000,1.669000,1.612000,1.614000,1576431.70000000,605282.10000000,-365867.50000000
1770426000000,1.615000,1.656000,1.605000,1.638000,843043.70000000,486478.00000000,129912.30000000
1770429600000,1.637000,1.651000,1.615000,1.627000,630351.00000000,314558.60000000,-1233.80000000
1770433200000,1.626000,1.669000,1.623000,1.653000,751317.90000000,464785.00000000,178252.10000000
1770436800000,1.653000,1.673000,1.632000,1.653000,567408.70000000,324454.00000000,81499.30000000
1770440400000,1.652000,1.693000,1.645000,1.651000,1220827.70000000,637644.10000000,54460.50000000
1770444000000,1.650000,1.682000,1.635000,1.640000,900156.80000000,496814.10000000,93471.40000000
1770447600000,1.641000,1.689000,1.593000,1.627000,3006977.30000000,1324599.30000000,-357778.70000000
1770451200000,1.628000,1.675000,1.625000,1.664000,1183865.50000000,718353.40000000,252841.30000000
1770454800000,1.664000,1.685000,1.655000,1.661000,806404.60000000,414842.10000000,23279.60000000
1770458400000,1.660000,1.667000,1.621000,1.627000,955480.30000000,328569.90000000,-298340.50000000
1770462000000,1.627000,1.649000,1.611000,1.642000,719134.40000000,283848.70000000,-151437.00000000
1770465600000,1.642000,1.662000,1.624000,1.630000,1128195.00000000,488580.30000000,-151034.40000000
1770469200000,1.631000,1.637000,1.608000,1.628000,748694.20000000,354237.10000000,-40220.00000000
1770472800000,1.629000,1.631000,1.588000,1.601000,1022084.10000000,349694.00000000,-322696.10000000
1770476400000,1.602000,1.651000,1.599000,1.646000,1059403.90000000,505169.70000000,-49064.50000000
1770480000000,1.646000,1.666000,1.616000,1.623000,2356759.10000000,1175679.90000000,-5399.30000000
1770483600000,1.623000,1.632000,1.606000,1.626000,482070.10000000,252895.10000000,23720.10000000
1770487200000,1.625000,1.665000,1.611000,1.656000,471032.80000000,255598.20000000,40163.60000000
1770490800000,1.655000,1.657000,1.622000,1.627000,523221.10000000,218237.30000000,-86746.50000000
1770494400000,1.627000,1.665000,1.611000,1.645000,656311.50000000,316810.30000000,-22690.90000000
1770498000000,1.646000,1.655000,1.630000,1.633000,283175.00000000,168550.70000000,53926.40000000
1770501600000,1.633000,1.640000,1.617000,1.617000,212335.20000000,110730.60000000,9126.00000000
1770505200000,1.617000,1.635000,1.607000,1.629000,315859.50000000,201400.10000000,86940.70000000
1770508800000,1.629000,1.658000,1.611000,1.618000,514565.70000000,289474.40000000,64383.10000000
1770512400000,1.619000,1.649000,1.618000,1.638000,366405.10000000,199652.20000000,32899.30000000
1770516000000,1.638000,1.640000,1.611000,1.628000,308689.60000000,163692.30000000,18695.00000000
1770519600000,1.629000,1.635000,1.602000,1.613000,773372.90000000,321025.10000000,-131322.70000000
1770523200000,1.614000,1.649000,1.613000,1.647000,702210.80000000,309516.10000000,-83178.60000000
1770526800000,1.648000,1.654000,1.631000,1.633000,285017.90000000,129741.10000000,-25535.70000000
1770530400000,1.633000,1.653000,1.628000,1.644000,368281.30000000,192878.20000000,17475.10000000
1770534000000,1.644000,1.670000,1.624000,1.663000,729318.70000000,398772.10000000,68225.50000000
1770537600000,1.663000,1.696000,1.656000,1.672000,1516003.00000000,810086.40000000,104169.80000000
1770541200000,1.673000,1.681000,1.650000,1.667000,512671.90000000,233445.70000000,-45780.50000000
1770544800000,1.667000,1.684000,1.647000,1.669000,681287.30000000,368473.70000000,55660.10000000
1770548400000,1.669000,1.735000,1.665000,1.719000,1236359.50000000,836965.40000000,437571.30000000
1770552000000,1.720000,1.722000,1.672000,1.678000,1045540.30000000,430794.90000000,-183950.50000000
1770555600000,1.677000,1.685000,1.670000,1.680000,545014.10000000,261205.10000000,-22603.90000000
1770559200000,1.680000,1.693000,1.664000,1.671000,597151.40000000,278557.50000000,-40036.40000000
1770562800000,1.671000,1.675000,1.646000,1.660000,684251.90000000,403145.60000000,122039.30000000
1770566400000,1.660000,1.674000,1.632000,1.641000,860713.10000000,301908.30000000,-256896.50000000
1770570000000,1.641000,1.650000,1.638000,1.639000,463963.10000000,210824.60000000,-42313.90000000
1770573600000,1.639000,1.647000,1.628000,1.634000,582807.00000000,259557.50000000,-63692.00000000
1770577200000,1.634000,1.647000,1.633000,1.642000,325005.40000000,187356.60000000,49707.80000000
1770580800000,1.642000,1.644000,1.619000,1.621000,524933.40000000,164258.80000000,-196415.80000000
1770584400000,1.620000,1.628000,1.608000,1.623000,612251.80000000,226223.90000000,-159804.00000000
1770588000000,1.623000,1.629000,1.602000,1.619000,729281.30000000,359828.50000000,-9624.30000000
1770591600000,1.620000,1.644000,1.603000,1.623000,979006.60000000,379249.20000000,-220508.20000000
1770595200000,1.622000,1.644000,1.618000,1.633000,391026.50000000,196756.40000000,2486.30000000
1770598800000,1.632000,1.656000,1.625000,1.638000,543769.40000000,270851.50000000,-2066.40000000
1770602400000,1.638000,1.639000,1.613000,1.623000,345636.90000000,161278.40000000,-23080.10000000
1770606000000,1.623000,1.662000,1.621000,1.645000,519743.60000000,262136.70000000,4529.80000000
1770609600000,1.644000,1.653000,1.637000,1.638000,362422.10000000,161702.10000000,-39017.90000000
1770613200000,1.638000,1.638000,1.622000,1.630000,352621.40000000,151902.90000000,-48815.60000000
1770616800000,1.630000,1.630000,1.593000,1.607000,772519.60000000,352083.70000000,-68352.20000000
1770620400000,1.607000,1.615000,1.559000,1.562000,1119043.40000000,474407.00000000,-170229.40000000
1770624000000,1.562000,1.569000,1.538000,1.548000,1146721.50000000,546825.20000000,-53071.10000000
1770627600000,1.547000,1.562000,1.545000,1.561000,562260.20000000,324288.60000000,86317.00000000
1770631200000,1.561000,1.570000,1.541000,1.550000,487274.00000000,227693.60000000,-31886.80000000
1770634800000,1.550000,1.560000,1.538000,1.539000,1026372.70000000,482083.00000000,-62206.70000000
1770638400000,1.539000,1.539000,1.500000,1.520000,2058790.90000000,933602.70000000,-191585.50000000
1770642000000,1.521000,1.537000,1.514000,1.518000,427761.70000000,212006.50000000,-3748.70000000
1770645600000,1.519000,1.543000,1.509000,1.538000,721243.30000000,340017.80000000,-41207.70000000
1770649200000,1.539000,1.548000,1.515000,1.532000,467856.40000000,219066.90000000,-29722.60000000
1770652800000,1.533000,1.543000,1.498000,1.530000,1089037.10000000,499020.10000000,-90996.90000000
1770656400000,1.531000,1.558000,1.525000,1.556000,673143.90000000,365658.10000000,58172.30000000
1770660000000,1.556000,1.567000,1.528000,1.541000,696371.70000000,356752.10000000,17132.50000000
1770663600000,1.541000,1.557000,1.536000,1.550000,281271.60000000,134127.00000000,-13017.60000000
1770667200000,1.550000,1.559000,1.542000,1.549000,296001.50000000,159762.60000000,23523.70000000
1770670800000,1.550000,1.551000,1.533000,1.544000,282212.60000000,116596.80000000,-49019.00000000
1770674400000,1.545000,1.553000,1.540000,1.544000,139596.20000000,70481.70000000,1367.20000000
1770678000000,1.545000,1.558000,1.539000,1.549000,265013.40000000,109326.10000000,-46361.20000000
1770681600000,1.550000,1.558000,1.533000,1.541000,481628.90000000,298525.10000000,115421.30000000
1770685200000,1.541000,1.560000,1.540000,1.551000,273546.70000000,139902.60000000,6258.50000000
1770688800000,1.551000,1.552000,1.529000,1.535000,322366.50000000,136472.60000000,-49421.30000000
1770692400000,1.536000,1.539000,1.503000,1.509000,634865.40000000,237434.20000000,-159997.00000000
1770696000000,1.509000,1.529000,1.508000,1.524000,310764.20000000,169314.40000000,27864.60000000
1770699600000,1.525000,1.526000,1.491000,1.497000,441193.40000000,152024.20000000,-137145.00000000
1770703200000,1.497000,1.508000,1.480000,1.488000,682014.00000000,259980.00000000,-162054.00000000
1770706800000,1.488000,1.496000,1.477000,1.481000,618028.40000000,313047.00000000,8065.60000000
1770710400000,1.481000,1.498000,1.480000,1.489000,759018.20000000,435752.10000000,112486.00000000
1770714000000,1.489000,1.496000,1.480000,1.481000,466094.80000000,223796.20000000,-18502.40000000
1770717600000,1.482000,1.489000,1.466000,1.468000,787634.90000000,310328.80000000,-166977.30000000
1770721200000,1.469000,1.480000,1.462000,1.462000,830561.70000000,432200.40000000,33839.10000000
1770724800000,1.463000,1.501000,1.461000,1.495000,854169.80000000,476884.80000000,99599.80000000
1770728400000,1.495000,1.517000,1.492000,1.498000,942842.20000000,494312.00000000,45781.80000000
1770732000000,1.497000,1.503000,1.482000,1.492000,822652.40000000,396724.00000000,-29204.40000000
1770735600000,1.493000,1.506000,1.488000,1.495000,594881.30000000,294721.20000000,-5438.90000000
1770739200000,1.494000,1.503000,1.479000,1.480000,462529.60000000,202887.00000000,-56755.60000000
1770742800000,1.480000,1.481000,1.468000,1.474000,559581.20000000,232172.70000000,-95235.80000000
1770746400000,1.474000,1.475000,1.459000,1.469000,860481.50000000,415727.20000000,-29027.10000000
1770750000000,1.468000,1.478000,1.462000,1.472000,264389.30000000,128860.80000000,-6667.70000000
1770753600000,1.473000,1.482000,1.463000,1.476000,227766.20000000,114100.80000000,435.40000000
1770757200000,1.477000,1.484000,1.452000,1.463000,318710.20000000,120042.10000000,-78626.00000000
1770760800000,1.464000,1.494000,1.460000,1.474000,314103.60000000,175681.20000000,37258.80000000
1770764400000,1.474000,1.478000,1.460000,1.473000,472712.10000000,244209.60000000,15707.10000000
1770768000000,1.473000,1.477000,1.443000,1.457000,574964.40000000,183094.20000000,-208776.00000000
1770771600000,1.458000,1.461000,1.435000,1.438000,652659.50000000,208766.70000000,-235126.10000000
1770775200000,1.439000,1.446000,1.425000,1.429000,719509.60000000,239729.40000000,-240050.80000000
1770778800000,1.430000,1.431000,1.409000,1.412000,1232161.60000000,617578.70000000,2995.80000000
1770782400000,1.412000,1.420000,1.403000,1.409000,653491.50000000,327565.50000000,1639.50000000
1770786000000,1.409000,1.423000,1.408000,1.413000,847036.90000000,476022.20000000,105007.50000000
1770789600000,1.413000,1.417000,1.402000,1.405000,436519.00000000,192450.70000000,-51617.60000000
1770793200000,1.406000,1.422000,1.401000,1.414000,483488.50000000,269652.00000000,55815.50000000
1770796800000,1.414000,1.419000,1.402000,1.411000,455405.90000000,289415.40000000,123424.90000000
1770800400000,1.411000,1.422000,1.409000,1.413000,302972.10000000,200447.10000000,97922.10000000
1770804000000,1.414000,1.415000,1.402000,1.404000,179519.30000000,74562.00000000,-30395.30000000
1770807600000,1.405000,1.410000,1.371000,1.387000,2167462.30000000,730109.30000000,-707243.70000000
1770811200000,1.387000,1.418000,1.382000,1.400000,994928.30000000,563526.90000000,132125.50000000
1770814800000,1.400000,1.411000,1.372000,1.377000,1254818.90000000,630539.90000000,6260.90000000
1770818400000,1.376000,1.404000,1.353000,1.362000,2041828.70000000,1047564.60000000,53300.50000000
1770822000000,1.362000,1.368000,1.323000,1.336000,2343847.50000000,1165653.30000000,-12540.90000000
1770825600000,1.336000,1.361000,1.320000,1.328000,1184564.60000000,628341.30000000,72118.00000000
1770829200000,1.328000,1.410000,1.326000,1.377000,2094281.50000000,1282247.20000000,470212.90000000
1770832800000,1.377000,1.402000,1.371000,1.389000,911963.00000000,513323.50000000,114684.00000000
1770836400000,1.390000,1.421000,1.384000,1.404000,1543184.60000000,740247.90000000,-62688.80000000
1770840000000,1.403000,1.432000,1.400000,1.405000,978730.00000000,494379.10000000,10028.20000000
1770843600000,1.406000,1.421000,1.401000,1.419000,346697.20000000,187993.10000000,29289.00000000
1770847200000,1.420000,1.431000,1.395000,1.413000,635257.70000000,327973.50000000,20689.30000000
1770850800000,1.412000,1.434000,1.390000,1.421000,826889.40000000,394676.10000000,-37537.20000000
1770854400000,1.420000,1.441000,1.418000,1.435000,506251.00000000,252748.50000000,-754.00000000
1770858000000,1.435000,1.502000,1.435000,1.488000,2074471.30000000,1281963.20000000,489455.10000000
1770861600000,1.489000,1.489000,1.441000,1.443000,1154175.50000000,433095.90000000,-287983.70000000
1770865200000,1.443000,1.448000,1.430000,1.443000,630164.60000000,260467.20000000,-109230.20000000
1770868800000,1.443000,1.443000,1.424000,1.426000,405829.00000000,150080.30000000,-105668.40000000
1770872400000,1.425000,1.437000,1.416000,1.434000,519037.00000000,290262.80000000,61488.60000000
1770876000000,1.433000,1.434000,1.423000,1.427000,633071.80000000,325344.70000000,17617.60000000
1770879600000,1.428000,1.431000,1.421000,1.429000,809334.90000000,386308.20000000,-36718.50000000
1770883200000,1.429000,1.434000,1.414000,1.419000,1192477.10000000,526358.40000000,-139760.30000000
1770886800000,1.419000,1.448000,1.417000,1.437000,1072708.70000000,586004.40000000,99300.10000000
1770890400000,1.437000,1.452000,1.430000,1.450000,382857.30000000,231905.10000000,80952.90000000
1770894000000,1.449000,1.450000,1.428000,1.436000,494087.30000000,266349.90000000,38612.50000000
1770897600000,1.435000,1.435000,1.415000,1.428000,367756.30000000,120016.80000000,-127722.70000000
1770901200000,1.427000,1.453000,1.420000,1.444000,529045.30000000,321261.30000000,113477.30000000
1770904800000,1.444000,1.528000,1.433000,1.480000,6587656.40000000,3479585.40000000,371514.40000000
1770908400000,1.480000,1.502000,1.468000,1.486000,1418877.00000000,721455.90000000,24034.80000000
1770912000000,1.485000,1.492000,1.434000,1.442000,1838716.70000000,914751.40000000,-9213.90000000
1770915600000,1.441000,1.451000,1.408000,1.422000,1168613.50000000,518311.50000000,-131990.50000000
1770919200000,1.423000,1.437000,1.415000,1.427000,423942.50000000,209546.90000000,-4848.70000000
1770922800000,1.427000,1.451000,1.422000,1.425000,377081.60000000,195714.40000000,14347.20000000
1770926400000,1.426000,1.434000,1.368000,1.387000,1773280.30000000,693325.40000000,-386629.50000000
1770930000000,1.387000,1.409000,1.387000,1.400000,438400.10000000,275442.30000000,112484.50000000
1770933600000,1.400000,1.422000,1.397000,1.422000,298481.90000000,173608.10000000,48734.30000000
1770937200000,1.421000,1.434000,1.413000,1.429000,386728.10000000,216941.90000000,47155.70000000
1770940800000,1.429000,1.441000,1.416000,1.421000,851955.70000000,475584.90000000,99214.10000000
1770944400000,1.421000,1.450000,1.415000,1.448000,546898.00000000,313555.10000000,80212.20000000
1770948000000,1.448000,1.482000,1.439000,1.440000,992877.30000000,611615.60000000,230353.90000000
1770951600000,1.441000,1.446000,1.434000,1.441000,765948.30000000,487603.10000000,209257.90000000
1770955200000,1.442000,1.458000,1.434000,1.440000,568545.80000000,281593.70000000,-5358.40000000
1770958800000,1.441000,1.475000,1.435000,1.456000,902211.20000000,429358.30000000,-43494.60000000
1770962400000,1.456000,1.469000,1.445000,1.459000,534134.40000000,247146.50000000,-39841.40000000
1770966000000,1.459000,1.509000,1.456000,1.506000,1279015.20000000,724844.40000000,170673.60000000
1770969600000,1.507000,1.553000,1.501000,1.552000,2219539.70000000,1142375.90000000,65212.10000000
1770973200000,1.552000,1.585000,1.550000,1.556000,2384603.50000000,1114936.10000000,-154731.30000000
1770976800000,1.556000,1.556000,1.532000,1.542000,710767.70000000,293648.10000000,-123471.50000000
1770980400000,1.542000,1.552000,1.528000,1.539000,948750.20000000,432287.40000000,-84175.40000000
1770984000000,1.539000,1.539000,1.509000,1.526000,786579.40000000,303457.80000000,-179663.80000000
1770987600000,1.526000,1.532000,1.511000,1.524000,561370.00000000,269326.30000000,-22717.40000000
1770991200000,1.524000,1.558000,1.509000,1.530000,975410.70000000,511790.10000000,48169.50000000
1770994800000,1.530000,1.566000,1.520000,1.566000,1435477.00000000,685225.30000000,-65026.40000000
1770998400000,1.565000,1.627000,1.555000,1.595000,3161539.80000000,1802517.90000000,443496.00000000
1771002000000,1.595000,1.601000,1.562000,1.565000,1130858.20000000,554101.70000000,-22654.80000000
1771005600000,1.566000,1.623000,1.560000,1.623000,953935.40000000,591555.00000000,229174.60000000
1771009200000,1.622000,1.634000,1.577000,1.634000,1441158.20000000,696365.00000000,-48428.20000000
1771012800000,1.634000,1.653000,1.611000,1.616000,1267432.10000000,683006.60000000,98581.10000000
1771016400000,1.616000,1.660000,1.615000,1.640000,766874.70000000,385949.70000000,5024.70000000
1771020000000,1.640000,1.640000,1.595000,1.605000,700975.50000000,322027.70000000,-56920.10000000
1771023600000,1.605000,1.615000,1.600000,1.600000,499823.20000000,178585.30000000,-142652.60000000
1771027200000,1.600000,1.667000,1.592000,1.635000,1196330.30000000,669020.90000000,141711.50000000
1771030800000,1.635000,1.669000,1.621000,1.657000,967412.20000000,427045.00000000,-113322.20000000
1771034400000,1.658000,1.672000,1.636000,1.650000,953052.30000000,521206.90000000,89361.50000000
1771038000000,1.649000,1.661000,1.649000,1.653000,518474.50000000,338418.70000000,158362.90000000
1771041600000,1.653000,1.678000,1.637000,1.638000,773805.80000000,335545.10000000,-102715.60000000
1771045200000,1.637000,1.643000,1.617000,1.623000,535723.90000000,242014.60000000,-51694.70000000
1771048800000,1.623000,1.627000,1.608000,1.620000,409990.40000000,210502.00000000,11013.60000000
1771052400000,1.620000,1.626000,1.615000,1.618000,271723.40000000,140690.10000000,9656.80000000
1771056000000,1.617000,1.638000,1.606000,1.635000,565348.40000000,297412.10000000,29475.80000000
1771059600000,1.635000,1.644000,1.625000,1.625000,540041.40000000,242887.10000000,-54267.20000000
1771063200000,1.626000,1.630000,1.612000,1.613000,336052.10000000,140985.10000000,-54081.90000000
1771066800000,1.613000,1.651000,1.598000,1.612000,1724656.20000000,736546.50000000,-251563.20000000
1771070400000,1.613000,1.621000,1.583000,1.588000,883500.90000000,374730.50000000,-134039.90000000
1771074000000,1.588000,1.588000,1.565000,1.573000,1146348.30000000,463570.00000000,-219208.30000000
1771077600000,1.574000,1.609000,1.572000,1.608000,829488.50000000,560426.60000000,291364.70000000
1771081200000,1.608000,1.612000,1.595000,1.602000,506323.40000000,234577.50000000,-37168.40000000
1771084800000,1.602000,1.632000,1.590000,1.629000,859128.70000000,511372.70000000,163616.70000000
1771088400000,1.630000,1.674000,1.625000,1.628000,1227768.80000000,556863.20000000,-114042.40000000
1771092000000,1.629000,1.687000,1.625000,1.672000,1336473.30000000,885440.90000000,434408.50000000
1771095600000,1.672000,1.694000,1.653000,1.687000,625761.70000000,317306.90000000,8852.10000000
1771099200000,1.687000,1.703000,1.679000,1.687000,616732.50000000,342252.60000000,67772.70000000
1771102800000,1.688000,1.704000,1.682000,1.694000,670666.90000000,367630.90000000,64594.90000000
1771106400000,1.694000,1.714000,1.651000,1.662000,900128.60000000,448399.20000000,-3330.20000000
1771110000000,1.662000,1.672000,1.646000,1.648000,405655.20000000,188933.40000000,-27788.40000000
1771113600000,1.648000,1.684000,1.637000,1.671000,545071.30000000,356915.10000000,168758.90000000
1771117200000,1.672000,1.698000,1.670000,1.682000,758058.50000000,417639.60000000,77220.70000000
1771120800000,1.682000,1.704000,1.677000,1.697000,571661.20000000,327008.10000000,82355.00000000
1771124400000,1.696000,1.716000,1.684000,1.713000,543612.20000000,302515.00000000,61417.80000000
1771128000000,1.713000,1.745000,1.703000,1.727000,1474677.40000000,818075.60000000,161473.80000000
1771131600000,1.728000,1.736000,1.698000,1.698000,604078.60000000,308848.00000000,13617.40000000
1771135200000,1.698000,1.710000,1.671000,1.705000,1079297.00000000,510594.70000000,-58107.60000000
1771138800000,1.705000,1.724000,1.703000,1.706000,445576.20000000,231092.10000000,16608.00000000
1771142400000,1.707000,1.714000,1.658000,1.668000,937945.30000000,491854.30000000,45763.30000000
1771146000000,1.667000,1.732000,1.660000,1.713000,1493224.00000000,762281.90000000,31339.80000000
1771149600000,1.713000,1.717000,1.675000,1.687000,669890.80000000,299226.70000000,-71437.40000000
1771153200000,1.687000,1.712000,1.687000,1.690000,459258.10000000,229831.80000000,405.50000000
1771156800000,1.691000,1.696000,1.607000,1.612000,1340155.50000000,558058.70000000,-224038.10000000
1771160400000,1.613000,1.624000,1.566000,1.608000,2061216.30000000,875654.70000000,-309906.90000000
1771164000000,1.609000,1.617000,1.592000,1.599000,846647.30000000,435626.00000000,24604.70000000
1771167600000,1.598000,1.616000,1.598000,1.605000,460015.20000000,240965.80000000,21916.40000000
1771171200000,1.604000,1.606000,1.579000,1.602000,569773.50000000,226348.50000000,-117076.50000000
1771174800000,1.602000,1.605000,1.540000,1.579000,818252.20000000,349044.90000000,-120162.40000000
1771178400000,1.579000,1.589000,1.553000,1.577000,1169364.20000000,572770.10000000,-23824.00000000
1771182000000,1.577000,1.592000,1.559000,1.565000,569750.00000000,261189.50000000,-47371.00000000
1771185600000,1.565000,1.587000,1.550000,1.582000,436791.40000000,258683.80000000,80576.20000000
1771189200000,1.581000,1.589000,1.567000,1.570000,329482.50000000,168761.20000000,8039.90000000
1771192800000,1.570000,1.622000,1.568000,1.611000,629163.40000000,422098.00000000,215032.60000000
1771196400000,1.611000,1.681000,1.594000,1.678000,1117259.90000000,560824.60000000,4389.30000000
1771200000000,1.677000,1.686000,1.649000,1.656000,843563.70000000,376446.50000000,-90670.70000000
1771203600000,1.657000,1.665000,1.618000,1.624000,612118.50000000,310552.90000000,8987.30000000
1771207200000,1.624000,1.635000,1.594000,1.601000,499794.10000000,235200.50000000,-29393.10000000
1771210800000,1.602000,1.608000,1.586000,1.604000,491808.50000000,269689.80000000,47571.10000000
1771214400000,1.604000,1.642000,1.603000,1.621000,697192.40000000,357568.10000000,17943.80000000
1771218000000,1.622000,1.624000,1.595000,1.603000,274512.80000000,112884.20000000,-48744.40000000
1771221600000,1.602000,1.622000,1.581000,1.596000,794885.30000000,295310.80000000,-204263.70000000
1771225200000,1.596000,1.691000,1.593000,1.641000,7385343.90000000,3512690.70000000,-359962.50000000
1771228800000,1.641000,1.655000,1.632000,1.646000,1727939.90000000,900820.80000000,73701.70000000
1771232400000,1.645000,1.669000,1.633000,1.647000,2507605.20000000,1339210.90000000,170816.60000000
1771236000000,1.646000,1.646000,1.590000,1.595000,3362690.30000000,1416700.20000000,-529289.90000000
1771239600000,1.594000,1.604000,1.577000,1.601000,1039731.20000000,542838.50000000,45945.80000000
1771243200000,1.601000,1.632000,1.597000,1.631000,900137.90000000,458707.90000000,17277.90000000
1771246800000,1.630000,1.657000,1.594000,1.598000,1586866.30000000,840603.90000000,94341.50000000
1771250400000,1.598000,1.623000,1.589000,1.614000,849671.20000000,349588.80000000,-150493.60000000
1771254000000,1.613000,1.619000,1.585000,1.606000,1173830.10000000,571498.60000000,-30832.90000000
1771257600000,1.605000,1.655000,1.604000,1.651000,1910822.90000000,1053171.60000000,195520.30000000
1771261200000,1.650000,1.650000,1.618000,1.641000,933786.60000000,475810.10000000,17833.60000000
1771264800000,1.640000,1.669000,1.638000,1.646000,663667.50000000,325139.40000000,-13388.70000000
1771268400000,1.647000,1.718000,1.647000,1.687000,1771168.80000000,890516.10000000,9863.40000000
1771272000000,1.687000,1.713000,1.667000,1.689000,1582105.30000000,832593.10000000,83080.90000000
1771275600000,1.689000,1.695000,1.672000,1.691000,666440.20000000,346891.00000000,27341.80000000
1771279200000,1.691000,1.705000,1.675000,1.681000,572525.20000000,271663.40000000,-29198.40000000
1771282800000,1.681000,1.692000,1.661000,1.690000,541346.20000000,247505.70000000,-46334.80000000
1771286400000,1.691000,1.691000,1.664000,1.665000,509291.80000000,270150.40000000,31009.00000000
1771290000000,1.666000,1.683000,1.656000,1.672000,415935.80000000,225796.00000000,35656.20000000
1771293600000,1.671000,1.690000,1.660000,1.677000,422320.40000000,206886.40000000,-8547.60000000
1771297200000,1.678000,1.679000,1.660000,1.667000,519136.60000000,182528.40000000,-154079.80000000
1771300800000,1.667000,1.685000,1.645000,1.651000,570758.20000000,200976.40000000,-168805.40000000
1771304400000,1.651000,1.656000,1.604000,1.624000,1425558.80000000,645884.30000000,-133790.20000000
1771308000000,1.625000,1.636000,1.618000,1.625000,421910.00000000,216932.60000000,11955.20000000
1771311600000,1.624000,1.636000,1.617000,1.627000,416519.60000000,228393.60000000,40267.60000000
1771315200000,1.627000,1.634000,1.600000,1.612000,1101505.90000000,497172.60000000,-107160.70000000
1771318800000,1.611000,1.612000,1.573000,1.586000,936283.40000000,421717.00000000,-92849.40000000
1771322400000,1.587000,1.593000,1.574000,1.580000,479353.30000000,251700.20000000,24047.10000000
1771326000000,1.579000,1.590000,1.574000,1.582000,488214.30000000,317107.50000000,146000.70000000
1771329600000,1.582000,1.608000,1.578000,1.590000,737517.70000000,463638.00000000,189758.30000000
1771333200000,1.589000,1.598000,1.561000,1.581000,1137516.40000000,626834.40000000,116152.40000000
1771336800000,1.581000,1.607000,1.538000,1.566000,1894755.90000000,925351.10000000,-44053.70000000
1771340400000,1.566000,1.575000,1.551000,1.569000,973809.50000000,479189.20000000,-15431.10000000
1771344000000,1.570000,1.610000,1.558000,1.561000,1165556.00000000,606810.60000000,48065.20000000
1771347600000,1.561000,1.576000,1.548000,1.571000,735568.60000000,346431.80000000,-42705.00000000
1771351200000,1.571000,1.660000,1.568000,1.653000,1135831.60000000,624393.90000000,112956.20000000
1771354800000,1.654000,1.668000,1.635000,1.638000,1115183.70000000,586729.00000000,58274.30000000
1771358400000,1.638000,1.640000,1.605000,1.607000,600647.60000000,247438.60000000,-105770.40000000
1771362000000,1.607000,1.612000,1.593000,1.602000,586620.20000000,248468.60000000,-89683.00000000
1771365600000,1.603000,1.605000,1.580000,1.589000,455549.70000000,211075.40000000,-33398.90000000
1771369200000,1.589000,1.599000,1.574000,1.592000,539851.90000000,325692.90000000,111533.90000000
1771372800000,1.592000,1.599000,1.551000,1.552000,1153837.10000000,565563.00000000,-22711.10000000
1771376400000,1.552000,1.558000,1.520000,1.523000,1681398.10000000,766858.30000000,-147681.50000000
1771380000000,1.523000,1.540000,1.518000,1.534000,763245.00000000,437528.20000000,111811.40000000
1771383600000,1.534000,1.565000,1.533000,1.544000,763259.70000000,428587.40000000,93915.10000000
1771387200000,1.544000,1.566000,1.539000,1.562000,680886.50000000,351027.70000000,21168.90000000
1771390800000,1.563000,1.581000,1.559000,1.571000,590148.00000000,339792.80000000,89437.60000000
1771394400000,1.572000,1.579000,1.559000,1.561000,423665.30000000,210617.80000000,-2429.70000000
1771398000000,1.560000,1.574000,1.550000,1.563000,429102.90000000,224446.30000000,19789.70000000
1771401600000,1.563000,1.590000,1.560000,1.573000,545001.60000000,304201.80000000,63402.00000000
1771405200000,1.573000,1.590000,1.573000,1.581000,345807.80000000,184724.50000000,23641.20000000
1771408800000,1.580000,1.583000,1.554000,1.562000,721674.90000000,347592.50000000,-26489.90000000
1771412400000,1.563000,1.577000,1.543000,1.553000,800072.30000000,453587.40000000,107102.50000000
1771416000000,1.552000,1.567000,1.552000,1.559000,403828.70000000,240924.00000000,78019.30000000
1771419600000,1.560000,1.569000,1.548000,1.555000,658010.80000000,331725.40000000,5440.00000000
1771423200000,1.555000,1.557000,1.527000,1.543000,924873.70000000,458222.00000000,-8429.70000000
1771426800000,1.543000,1.563000,1.535000,1.544000,912453.60000000,495576.90000000,78700.20000000
1771430400000,1.544000,1.559000,1.521000,1.534000,1608764.40000000,893398.30000000,178032.20000000
1771434000000,1.535000,1.550000,1.524000,1.531000,461770.80000000,278569.70000000,95368.60000000
1771437600000,1.532000,1.536000,1.469000,1.477000,1809481.30000000,761361.70000000,-286757.90000000
1771441200000,1.478000,1.487000,1.453000,1.466000,1500992.40000000,753147.20000000,5302.00000000
1771444800000,1.467000,1.493000,1.464000,1.471000,1168695.50000000,692677.70000000,216659.90000000
1771448400000,1.472000,1.474000,1.456000,1.459000,595884.80000000,344935.70000000,93986.60000000
1771452000000,1.458000,1.463000,1.448000,1.453000,549688.40000000,288813.30000000,27938.20000000
1771455600000,1.453000,1.456000,1.436000,1.449000,393004.10000000,208587.60000000,24171.10000000
1771459200000,1.449000,1.459000,1.441000,1.456000,517839.10000000,317233.00000000,116626.90000000
1771462800000,1.456000,1.483000,1.453000,1.479000,728153.30000000,468393.50000000,208633.70000000
1771466400000,1.478000,1.507000,1.475000,1.503000,1006965.20000000,610543.80000000,214122.40000000
1771470000000,1.503000,1.512000,1.482000,1.508000,716597.90000000,430728.80000000,144859.70000000
1771473600000,1.507000,1.515000,1.501000,1.501000,372735.20000000,196568.00000000,20400.80000000
1771477200000,1.501000,1.504000,1.487000,1.495000,424588.00000000,163310.10000000,-97967.80000000
1771480800000,1.495000,1.513000,1.495000,1.508000,610228.00000000,243789.40000000,-122649.20000000
1771484400000,1.509000,1.516000,1.497000,1.509000,387033.20000000,209388.10000000,31743.00000000
1771488000000,1.509000,1.514000,1.498000,1.510000,382948.40000000,197989.70000000,13031.00000000
1771491600000,1.510000,1.536000,1.507000,1.512000,583092.70000000,271399.40000000,-40293.90000000
1771495200000,1.512000,1.517000,1.480000,1.488000,681994.40000000,231120.70000000,-219753.00000000
1771498800000,1.488000,1.499000,1.487000,1.489000,352666.40000000,198548.00000000,44429.60000000
1771502400000,1.489000,1.493000,1.482000,1.485000,418045.90000000,144370.00000000,-129305.90000000
1771506000000,1.485000,1.516000,1.465000,1.479000,1858408.00000000,965073.00000000,71738.00000000
1771509600000,1.478000,1.501000,1.446000,1.496000,1379385.50000000,756669.30000000,133953.10000000
1771513200000,1.498000,1.520000,1.486000,1.492000,1375284.70000000,954152.90000000,533021.10000000
1771516800000,1.491000,1.494000,1.473000,1.477000,580163.70000000,371912.30000000,163660.90000000
1771520400000,1.478000,1.520000,1.461000,1.478000,1012166.40000000,670845.20000000,329524.00000000
1771524000000,1.477000,1.495000,1.470000,1.488000,653152.20000000,428029.20000000,202906.20000000
1771527600000,1.487000,1.508000,1.483000,1.500000,911858.10000000,627099.90000000,342341.70000000
1771531200000,1.500000,1.522000,1.496000,1.500000,735833.20000000,518172.70000000,300512.20000000
1771534800000,1.501000,1.509000,1.467000,1.482000,1200790.90000000,676741.70000000,152692.50000000
1771538400000,1.482000,1.487000,1.469000,1.476000,421175.80000000,245928.00000000,70680.20000000
1771542000000,1.476000,1.482000,1.470000,1.480000,330098.80000000,216462.50000000,102826.20000000
1771545600000,1.479000,1.503000,1.471000,1.490000,501691.70000000,288491.40000000,75291.10000000
1771549200000,1.491000,1.492000,1.469000,1.472000,383105.40000000,184941.10000000,-13223.20000000
1771552800000,1.472000,1.477000,1.451000,1.462000,818464.30000000,455599.60000000,92734.90000000
1771556400000,1.462000,1.478000,1.460000,1.472000,360895.10000000,188124.30000000,15353.50000000
1771560000000,1.471000,1.472000,1.450000,1.462000,440062.10000000,225815.90000000,11569.70000000
1771563600000,1.462000,1.488000,1.454000,1.473000,819865.60000000,405041.20000000,-9783.20000000
1771567200000,1.474000,1.481000,1.464000,1.480000,475180.60000000,268573.70000000,61966.80000000
1771570800000,1.481000,1.481000,1.463000,1.463000,271336.90000000,129388.00000000,-12560.90000000
1771574400000,1.463000,1.477000,1.463000,1.470000,383644.80000000,162775.40000000,-58094.00000000
1771578000000,1.471000,1.480000,1.466000,1.476000,482818.80000000,248188.20000000,13557.60000000
1771581600000,1.476000,1.493000,1.475000,1.478000,502469.00000000,266455.90000000,30442.80000000
1771585200000,1.477000,1.479000,1.450000,1.453000,582578.10000000,298830.30000000,15082.50000000
1771588800000,1.452000,1.471000,1.451000,1.464000,467693.90000000,258084.00000000,48474.10000000
1771592400000,1.465000,1.465000,1.426000,1.437000,1022080.00000000,424094.00000000,-173892.00000000
1771596000000,1.437000,1.461000,1.432000,1.447000,806070.90000000,332721.10000000,-140628.70000000
1771599600000,1.448000,1.498000,1.447000,1.495000,2488529.20000000,1245123.00000000,1716.80000000
1771603200000,1.496000,1.513000,1.477000,1.486000,1340398.30000000,614639.10000000,-111120.10000000
1771606800000,1.486000,1.487000,1.447000,1.474000,1229044.40000000,595996.90000000,-37050.60000000
1771610400000,1.473000,1.478000,1.455000,1.475000,642084.10000000,333110.60000000,24137.10000000
1771614000000,1.475000,1.478000,1.461000,1.467000,306098.40000000,154660.10000000,3221.80000000
1771617600000,1.467000,1.486000,1.463000,1.476000,484159.60000000,235252.30000000,-13655.00000000
1771621200000,1.476000,1.488000,1.469000,1.487000,228991.40000000,124275.70000000,19560.00000000
1771624800000,1.487000,1.544000,1.483000,1.542000,757389.90000000,430398.30000000,103406.70000000
1771628400000,1.542000,1.548000,1.516000,1.533000,962938.30000000,415920.50000000,-131097.30000000
1771632000000,1.533000,1.536000,1.513000,1.516000,279270.60000000,118349.40000000,-42571.80000000
1771635600000,1.516000,1.523000,1.515000,1.521000,141930.30000000,76048.30000000,10166.30000000
1771639200000,1.522000,1.544000,1.521000,1.544000,326523.50000000,210652.90000000,94782.30000000
1771642800000,1.544000,1.545000,1.506000,1.513000,494001.50000000,211107.20000000,-71787.10000000
1771646400000,1.514000,1.521000,1.511000,1.516000,151351.30000000,79165.10000000,6978.90000000
1771650000000,1.516000,1.526000,1.508000,1.510000,335958.90000000,131697.20000000,-72564.50000000
1771653600000,1.510000,1.511000,1.490000,1.495000,629234.90000000,270968.60000000,-87297.70000000
1771657200000,1.496000,1.497000,1.476000,1.483000,367295.00000000,145198.60000000,-76897.80000000
1771660800000,1.484000,1.501000,1.483000,1.499000,325584.00000000,190364.10000000,55144.20000000
1771664400000,1.499000,1.513000,1.497000,1.504000,241043.70000000,145202.70000000,49361.70000000
1771668000000,1.504000,1.504000,1.494000,1.498000,217925.00000000,103364.80000000,-11195.40000000
1771671600000,1.498000,1.515000,1.488000,1.492000,416131.70000000,220993.70000000,25855.70000000
1771675200000,1.492000,1.495000,1.481000,1.484000,565191.40000000,250706.40000000,-63778.60000000
1771678800000,1.484000,1.493000,1.478000,1.492000,248738.40000000,159535.80000000,70333.20000000
1771682400000,1.492000,1.523000,1.488000,1.508000,557588.60000000,281586.90000000,5585.20000000
1771686000000,1.508000,1.511000,1.496000,1.502000,253652.70000000,133891.10000000,14129.50000000
1771689600000,1.502000,1.503000,1.486000,1.497000,374397.50000000,220301.90000000,66206.30000000
1771693200000,1.497000,1.525000,1.494000,1.513000,476307.80000000,256935.30000000,37562.80000000
1771696800000,1.513000,1.540000,1.512000,1.533000,1240094.10000000,573328.90000000,-93436.30000000
1771700400000,1.533000,1.551000,1.528000,1.532000,542391.70000000,329492.90000000,116594.10000000
1771704000000,1.532000,1.542000,1.516000,1.521000,259385.90000000,121892.60000000,-15600.70000000
1771707600000,1.521000,1.551000,1.520000,1.546000,361476.80000000,184363.20000000,7249.60000000
1771711200000,1.546000,1.551000,1.537000,1.542000,211756.10000000,96325.60000000,-19104.90000000
1771714800000,1.542000,1.542000,1.501000,1.517000,489281.90000000,125365.50000000,-238550.90000000
1771718400000,1.518000,1.523000,1.503000,1.509000,506236.60000000,313969.60000000,121702.60000000
1771722000000,1.508000,1.515000,1.506000,1.513000,126177.60000000,82641.20000000,39104.80000000
1771725600000,1.512000,1.520000,1.485000,1.490000,503045.90000000,286260.70000000,69475.50000000
1771729200000,1.490000,1.498000,1.483000,1.492000,265689.30000000,144815.20000000,23941.10000000
1771732800000,1.492000,1.496000,1.485000,1.495000,163688.40000000,90292.00000000,16895.60000000
1771736400000,1.494000,1.498000,1.479000,1.491000,481509.60000000,258486.40000000,35463.20000000
1771740000000,1.490000,1.505000,1.490000,1.504000,257128.70000000,124913.90000000,-7300.90000000
1771743600000,1.503000,1.517000,1.497000,1.512000,236821.10000000,119036.90000000,1252.70000000
1771747200000,1.512000,1.515000,1.490000,1.491000,177598.90000000,92715.20000000,7831.50000000
1771750800000,1.491000,1.499000,1.489000,1.496000,173080.60000000,102871.50000000,32662.40000000
1771754400000,1.496000,1.508000,1.494000,1.500000,512503.80000000,227198.70000000,-58106.40000000
1771758000000,1.500000,1.522000,1.499000,1.517000,456934.60000000,255907.00000000,54879.40000000
1771761600000,1.517000,1.518000,1.485000,1.487000,565009.00000000,282665.80000000,322.60000000
1771765200000,1.487000,1.488000,1.453000,1.460000,919869.60000000,479220.30000000,38571.00000000
1771768800000,1.460000,1.470000,1.453000,1.464000,409580.80000000,230650.10000000,51719.40000000
1771772400000,1.464000,1.487000,1.458000,1.476000,402076.60000000,219868.50000000,37660.40000000
1771776000000,1.476000,1.485000,1.467000,1.478000,459269.50000000,233484.60000000,7699.70000000
1771779600000,1.479000,1.479000,1.458000,1.467000,302599.90000000,137324.70000000,-27950.50000000
1771783200000,1.466000,1.468000,1.452000,1.455000,195260.10000000,59087.80000000,-77084.50000000
1771786800000,1.455000,1.459000,1.442000,1.456000,242610.50000000,116249.50000000,-10111.50000000
1771790400000,1.455000,1.455000,1.433000,1.438000,444095.20000000,176576.70000000,-90941.80000000
1771794000000,1.438000,1.443000,1.432000,1.441000,186505.90000000,117631.90000000,48757.90000000
1771797600000,1.441000,1.453000,1.433000,1.451000,262939.30000000,109838.80000000,-43261.70000000
1771801200000,1.451000,1.455000,1.440000,1.447000,385385.30000000,162666.60000000,-60052.10000000
1771804800000,1.448000,1.449000,1.416000,1.421000,551758.80000000,215344.00000000,-121070.80000000
1771808400000,1.421000,1.422000,1.363000,1.368000,2284518.70000000,981458.60000000,-321601.50000000
1771812000000,1.368000,1.389000,1.362000,1.388000,634046.80000000,342923.20000000,51799.60000000
1771815600000,1.388000,1.392000,1.366000,1.374000,484138.40000000,221038.70000000,-42061.00000000
1771819200000,1.374000,1.378000,1.358000,1.368000,777427.50000000,384861.90000000,-7703.70000000
1771822800000,1.367000,1.386000,1.367000,1.383000,456469.10000000,276786.00000000,97102.90000000
1771826400000,1.382000,1.404000,1.381000,1.401000,716672.20000000,384453.10000000,52234.00000000
1771830000000,1.401000,1.411000,1.391000,1.401000,495548.10000000,244750.60000000,-6046.90000000
1771833600000,1.401000,1.417000,1.399000,1.408000,486683.80000000,274955.90000000,63228.00000000
1771837200000,1.408000,1.431000,1.405000,1.429000,752000.70000000,383307.00000000,14613.30000000
1771840800000,1.429000,1.432000,1.413000,1.418000,317524.40000000,132364.70000000,-52795.00000000
1771844400000,1.418000,1.424000,1.410000,1.413000,317146.20000000,134901.40000000,-47343.40000000
1771848000000,1.413000,1.438000,1.407000,1.436000,450906.00000000,253648.70000000,56391.40000000
1771851600000,1.435000,1.456000,1.429000,1.438000,541445.80000000,295523.30000000,49600.80000000
1771855200000,1.437000,1.439000,1.404000,1.413000,880244.30000000,369252.50000000,-141739.30000000
1771858800000,1.413000,1.417000,1.378000,1.384000,1323903.40000000,591906.30000000,-140090.80000000
1771862400000,1.384000,1.390000,1.369000,1.381000,789411.30000000,361408.10000000,-66595.10000000
1771866000000,1.380000,1.383000,1.358000,1.381000,797345.30000000,428098.40000000,58851.50000000
1771869600000,1.381000,1.392000,1.375000,1.383000,674246.70000000,423969.20000000,173691.70000000
1771873200000,1.382000,1.384000,1.364000,1.366000,417219.80000000,204787.90000000,-7644.00000000
1771876800000,1.365000,1.382000,1.359000,1.381000,373569.90000000,218488.80000000,63407.70000000
1771880400000,1.381000,1.402000,1.379000,1.400000,519213.10000000,322283.80000000,125354.50000000
1771884000000,1.400000,1.403000,1.390000,1.392000,285496.70000000,155103.10000000,24709.50000000
1771887600000,1.391000,1.399000,1.383000,1.388000,250050.00000000,120871.20000000,-8307.60000000
1771891200000,1.387000,1.394000,1.385000,1.390000,244632.50000000,127172.00000000,9711.50000000
1771894800000,1.390000,1.390000,1.359000,1.373000,981545.10000000,396616.60000000,-188311.90000000
1771898400000,1.372000,1.377000,1.360000,1.364000,584116.90000000,369248.00000000,154379.10000000
1771902000000,1.364000,1.364000,1.337000,1.340000,1108655.40000000,512287.30000000,-84080.80000000
1771905600000,1.340000,1.349000,1.324000,1.343000,1085725.70000000,455771.10000000,-174183.50000000
1771909200000,1.343000,1.350000,1.336000,1.346000,832004.00000000,460068.70000000,88133.40000000
1771912800000,1.346000,1.357000,1.344000,1.351000,836846.10000000,420194.90000000,3543.70000000
1771916400000,1.351000,1.370000,1.350000,1.369000,841329.30000000,477771.00000000,114212.70000000
1771920000000,1.369000,1.377000,1.360000,1.368000,680428.20000000,423514.10000000,166600.00000000
1771923600000,1.368000,1.374000,1.357000,1.372000,484709.60000000,260665.30000000,36621.00000000
1771927200000,1.373000,1.376000,1.368000,1.373000,392917.40000000,199852.50000000,6787.60000000
1771930800000,1.373000,1.375000,1.363000,1.364000,288946.20000000,112601.50000000,-63743.20000000
1771934400000,1.364000,1.416000,1.361000,1.383000,2084251.80000000,899426.20000000,-285399.40000000
1771938000000,1.383000,1.392000,1.362000,1.374000,1734035.00000000,599120.80000000,-535793.40000000
1771941600000,1.374000,1.407000,1.361000,1.399000,1584181.40000000,661809.10000000,-260563.20000000
1771945200000,1.399000,1.421000,1.393000,1.414000,668410.40000000,400931.20000000,133452.00000000
1771948800000,1.414000,1.439000,1.413000,1.427000,933229.60000000,460790.80000000,-11648.00000000
1771952400000,1.427000,1.442000,1.423000,1.436000,536336.20000000,280120.60000000,23905.00000000
1771956000000,1.436000,1.446000,1.429000,1.432000,532157.80000000,261365.40000000,-9427.00000000
1771959600000,1.432000,1.440000,1.425000,1.438000,289581.70000000,165059.90000000,40538.10000000
1771963200000,1.438000,1.453000,1.433000,1.439000,424014.80000000,230019.60000000,36024.40000000
1771966800000,1.439000,1.440000,1.427000,1.440000,260809.10000000,137751.80000000,14694.50000000
1771970400000,1.440000,1.440000,1.431000,1.437000,247082.40000000,143276.70000000,39471.00000000
1771974000000,1.437000,1.441000,1.427000,1.432000,205074.30000000,118969.10000000,32863.90000000
1771977600000,1.432000,1.450000,1.428000,1.443000,393204.50000000,257877.20000000,122549.90000000
1771981200000,1.443000,1.502000,1.442000,1.468000,3593908.40000000,1786422.10000000,-21064.20000000
1771984800000,1.468000,1.484000,1.457000,1.459000,739967.90000000,318994.90000000,-101978.10000000
1771988400000,1.459000,1.461000,1.425000,1.428000,1504916.40000000,594205.60000000,-316505.20000000
1771992000000,1.428000,1.436000,1.414000,1.432000,1460446.00000000,800025.90000000,139605.80000000
1771995600000,1.432000,1.434000,1.416000,1.426000,303291.70000000,159837.90000000,16384.10000000
1771999200000,1.427000,1.435000,1.425000,1.426000,199007.40000000,117724.50000000,36441.60000000
1772002800000,1.427000,1.438000,1.424000,1.435000,310637.30000000,200982.80000000,91328.30000000
1772006400000,1.435000,1.441000,1.295000,1.386000,11532967.70000000,5470462.90000000,-592041.90000000
1772010000000,1.387000,1.398000,1.379000,1.386000,2421423.00000000,1197715.90000000,-25991.20000000
1772013600000,1.386000,1.416000,1.384000,1.398000,993774.10000000,554785.20000000,115796.30000000
1772017200000,1.397000,1.443000,1.395000,1.418000,1907523.80000000,930708.50000000,-46106.80000000
1772020800000,1.417000,1.436000,1.408000,1.434000,632155.80000000,306692.80000000,-18770.20000000
1772024400000,1.434000,1.465000,1.423000,1.454000,972339.20000000,509118.70000000,45898.20000000
1772028000000,1.455000,1.468000,1.441000,1.468000,951905.20000000,475691.00000000,-523.20000000
1772031600000,1.468000,1.474000,1.428000,1.438000,1584520.60000000,614977.30000000,-354566.00000000
1772035200000,1.438000,1.489000,1.438000,1.470000,2153051.00000000,1151819.10000000,150587.20000000
1772038800000,1.471000,1.500000,1.469000,1.492000,1089062.40000000,475927.00000000,-137208.40000000
1772042400000,1.492000,1.495000,1.459000,1.490000,1198053.80000000,618979.30000000,39904.80000000
1772046000000,1.490000,1.492000,1.476000,1.486000,345861.50000000,121865.60000000,-102130.30000000
1772049600000,1.487000,1.508000,1.473000,1.482000,821508.90000000,442288.60000000,63068.30000000
1772053200000,1.483000,1.510000,1.477000,1.486000,839241.50000000,462506.90000000,85772.30000000
1772056800000,1.487000,1.508000,1.384000,1.490000,7527670.30000000,3751325.80000000,-25018.70000000
1772060400000,1.490000,1.495000,1.447000,1.457000,2324400.20000000,1021038.60000000,-282323.00000000
1772064000000,1.455000,1.493000,1.444000,1.470000,1112649.80000000,548718.70000000,-15212.40000000
1772067600000,1.470000,1.482000,1.463000,1.469000,355243.30000000,179020.20000000,2797.10000000
1772071200000,1.470000,1.475000,1.454000,1.469000,502752.20000000,294676.80000000,86601.40000000
1772074800000,1.470000,1.474000,1.459000,1.470000,310406.00000000,156693.80000000,2981.60000000
1772078400000,1.471000,1.502000,1.470000,1.486000,946083.90000000,519751.60000000,93419.30000000
1772082000000,1.486000,1.487000,1.464000,1.480000,394166.90000000,206984.00000000,19801.10000000
1772085600000,1.480000,1.505000,1.471000,1.495000,1538096.40000000,770923.20000000,3750.00000000
1772089200000,1.495000,1.511000,1.479000,1.487000,686428.80000000,292543.70000000,-101341.40000000
1772092800000,1.488000,1.495000,1.477000,1.478000,409670.00000000,198734.90000000,-12200.20000000
1772096400000,1.478000,1.485000,1.466000,1.475000,504164.80000000,233783.60000000,-36597.60000000
1772100000000,1.475000,1.476000,1.440000,1.457000,894548.40000000,335266.30000000,-224015.80000000
1772103600000,1.456000,1.459000,1.441000,1.444000,428644.90000000,192463.10000000,-43718.70000000
1772107200000,1.444000,1.460000,1.442000,1.458000,484815.50000000,286536.70000000,88257.90000000
1772110800000,1.458000,1.467000,1.457000,1.462000,387050.90000000,216088.80000000,45126.70000000
1772114400000,1.462000,1.472000,1.447000,1.461000,584196.40000000,282357.40000000,-19481.60000000
1772118000000,1.461000,1.461000,1.433000,1.451000,851970.50000000,369332.10000000,-113306.30000000
1772121600000,1.452000,1.454000,1.424000,1.425000,659182.60000000,283543.00000000,-92096.60000000
1772125200000,1.425000,1.437000,1.413000,1.423000,477532.70000000,191362.10000000,-94808.50000000
1772128800000,1.422000,1.454000,1.414000,1.432000,633121.20000000,403005.90000000,172890.60000000
1772132400000,1.432000,1.449000,1.432000,1.438000,308269.40000000,172726.60000000,37183.80000000
1772136000000,1.438000,1.444000,1.429000,1.433000,180295.30000000,91886.20000000,3477.10000000
1772139600000,1.433000,1.436000,1.427000,1.432000,227400.30000000,113615.50000000,-169.30000000
1772143200000,1.431000,1.436000,1.429000,1.436000,85922.40000000,38141.20000000,-9640.00000000
1772146800000,1.435000,1.441000,1.428000,1.430000,199279.60000000,97084.70000000,-5110.20000000
1772150400000,1.429000,1.430000,1.398000,1.416000,1092296.00000000,425594.20000000,-241107.60000000
1772154000000,1.417000,1.419000,1.399000,1.407000,442494.70000000,184452.00000000,-73590.70000000
1772157600000,1.407000,1.425000,1.406000,1.419000,269920.50000000,133190.00000000,-3540.50000000
1772161200000,1.419000,1.424000,1.415000,1.421000,196017.20000000,98427.40000000,837.60000000
1772164800000,1.421000,1.442000,1.420000,1.429000,424237.40000000,229137.90000000,34038.40000000
1772168400000,1.429000,1.432000,1.395000,1.402000,1206632.60000000,510107.70000000,-186417.20000000
1772172000000,1.401000,1.407000,1.365000,1.386000,1803360.80000000,855168.80000000,-93023.20000000
1772175600000,1.386000,1.398000,1.382000,1.398000,542350.30000000,294134.10000000,45917.90000000
1772179200000,1.397000,1.409000,1.379000,1.395000,789421.00000000,451748.30000000,114075.60000000
1772182800000,1.394000,1.395000,1.373000,1.374000,424163.30000000,212193.70000000,224.10000000
1772186400000,1.373000,1.380000,1.349000,1.365000,999850.00000000,443756.60000000,-112336.80000000
1772190000000,1.365000,1.371000,1.357000,1.359000,459277.70000000,244950.90000000,30624.10000000
1772193600000,1.358000,1.367000,1.355000,1.359000,427960.70000000,211855.50000000,-4249.70000000
1772197200000,1.359000,1.370000,1.356000,1.366000,610316.90000000,344129.40000000,77941.90000000
1772200800000,1.365000,1.378000,1.357000,1.367000,684350.70000000,382439.90000000,80529.10000000
1772204400000,1.366000,1.381000,1.365000,1.369000,500734.40000000,273169.60000000,45604.80000000
1772208000000,1.369000,1.370000,1.356000,1.357000,362446.30000000,127674.30000000,-107097.70000000
1772211600000,1.356000,1.363000,1.349000,1.359000,427807.30000000,221541.00000000,15274.70000000
1772215200000,1.358000,1.364000,1.349000,1.350000,248829.60000000,120462.20000000,-7905.20000000
1772218800000,1.350000,1.354000,1.339000,1.347000,655655.20000000,339925.80000000,24196.40000000
1772222400000,1.347000,1.353000,1.346000,1.349000,171185.90000000,89793.50000000,8401.10000000
1772226000000,1.349000,1.353000,1.346000,1.348000,133535.80000000,66804.20000000,72.60000000
1772229600000,1.347000,1.357000,1.338000,1.356000,278782.50000000,130743.40000000,-17295.70000000
1772233200000,1.355000,1.363000,1.354000,1.357000,238748.30000000,116919.20000000,-4909.90000000
1772236800000,1.357000,1.369000,1.356000,1.368000,237125.30000000,142695.10000000,48264.90000000
1772240400000,1.368000,1.377000,1.355000,1.355000,362732.10000000,174775.50000000,-13181.10000000
1772244000000,1.354000,1.363000,1.352000,1.360000,130914.40000000,58289.50000000,-14335.40000000
1772247600000,1.361000,1.361000,1.342000,1.344000,225414.20000000,57673.50000000,-110067.20000000
1772251200000,1.344000,1.353000,1.340000,1.348000,291374.90000000,163894.00000000,36413.10000000
1772254800000,1.348000,1.350000,1.343000,1.349000,131340.00000000,56267.50000000,-18805.00000000
1772258400000,1.349000,1.351000,1.307000,1.310000,1844542.30000000,749470.90000000,-345600.50000000
1772262000000,1.309000,1.339000,1.304000,1.325000,1047973.90000000,577535.00000000,107096.10000000
1772265600000,1.326000,1.326000,1.300000,1.308000,1056506.40000000,487339.10000000,-81828.20000000
1772269200000,1.308000,1.312000,1.285000,1.304000,1166924.60000000,655348.40000000,143772.20000000
1772272800000,1.304000,1.332000,1.295000,1.319000,792321.30000000,398030.70000000,3740.10000000
1772276400000,1.319000,1.326000,1.302000,1.303000,433234.10000000,199413.90000000,-34406.30000000
1772280000000,1.304000,1.314000,1.303000,1.309000,271830.60000000,161926.80000000,52023.00000000
1772283600000,1.309000,1.332000,1.297000,1.331000,618235.90000000,345222.50000000,72209.10000000
1772287200000,1.331000,1.337000,1.313000,1.317000,609177.10000000,332587.70000000,55998.30000000
1772290800000,1.317000,1.325000,1.309000,1.315000,381156.60000000,169853.90000000,-41448.80000000
1772294400000,1.315000,1.337000,1.310000,1.329000,448211.20000000,271477.50000000,94743.80000000
1772298000000,1.329000,1.359000,1.329000,1.353000,936167.10000000,544232.90000000,152298.70000000
1772301600000,1.352000,1.368000,1.342000,1.362000,483066.70000000,280592.00000000,78117.30000000
1772305200000,1.363000,1.367000,1.350000,1.361000,463164.50000000,198153.90000000,-66856.70000000
1772308800000,1.361000,1.392000,1.356000,1.388000,594955.60000000,311350.30000000,27745.00000000
1772312400000,1.388000,1.391000,1.364000,1.371000,783081.60000000,329111.00000000,-124859.60000000
1772316000000,1.371000,1.408000,1.371000,1.391000,1034033.10000000,481672.90000000,-70687.30000000
1772319600000,1.391000,1.394000,1.371000,1.380000,536486.20000000,227991.60000000,-80503.00000000
1772323200000,1.380000,1.385000,1.373000,1.380000,230902.60000000,98468.40000000,-33965.80000000
1772326800000,1.380000,1.411000,1.373000,1.406000,476306.60000000,263141.90000000,49977.20000000
1772330400000,1.406000,1.421000,1.404000,1.411000,523693.00000000,275217.80000000,26742.60000000
1772334000000,1.411000,1.419000,1.400000,1.412000,439893.40000000,224289.90000000,8686.40000000
1772337600000,1.412000,1.439000,1.407000,1.422000,1307324.00000000,604259.30000000,-98805.40000000
1772341200000,1.422000,1.444000,1.420000,1.438000,773799.00000000,316500.50000000,-140798.00000000
1772344800000,1.438000,1.444000,1.417000,1.427000,940625.40000000,364381.80000000,-211861.80000000
1772348400000,1.427000,1.449000,1.417000,1.439000,918551.20000000,465873.00000000,13194.80000000
1772352000000,1.439000,1.454000,1.419000,1.424000,654277.10000000,316016.20000000,-22244.70000000
1772355600000,1.425000,1.431000,1.382000,1.407000,918842.90000000,347883.30000000,-223076.30000000
1772359200000,1.408000,1.418000,1.399000,1.416000,288943.60000000,143840.90000000,-1261.80000000
1772362800000,1.416000,1.418000,1.397000,1.406000,291318.80000000,158908.00000000,26497.20000000
1772366400000,1.407000,1.408000,1.373000,1.381000,809819.00000000,415636.20000000,21453.40000000
1772370000000,1.382000,1.406000,1.365000,1.398000,1112796.10000000,630779.60000000,148763.10000000
1772373600000,1.398000,1.409000,1.378000,1.389000,361867.60000000,187933.90000000,14000.20000000
1772377200000,1.389000,1.400000,1.384000,1.386000,503607.90000000,318252.40000000,132896.90000000
1772380800000,1.387000,1.403000,1.377000,1.384000,471920.30000000,268350.90000000,64781.50000000
1772384400000,1.384000,1.388000,1.369000,1.375000,312251.00000000,147344.60000000,-17561.80000000
1772388000000,1.375000,1.390000,1.362000,1.376000,572998.90000000,287472.10000000,1945.30000000
1772391600000,1.376000,1.377000,1.358000,1.366000,271601.00000000,152134.20000000,32667.40000000
1772395200000,1.366000,1.366000,1.340000,1.346000,535441.10000000,221812.90000000,-91815.30000000
1772398800000,1.345000,1.361000,1.344000,1.357000,203079.10000000,105577.50000000,8075.90000000
1772402400000,1.357000,1.374000,1.351000,1.352000,348717.20000000,180429.70000000,12142.20000000
1772406000000,1.352000,1.370000,1.350000,1.358000,448619.00000000,267851.50000000,87084.00000000
1772409600000,1.359000,1.384000,1.358000,1.379000,445911.40000000,262188.70000000,78466.00000000
1772413200000,1.379000,1.389000,1.369000,1.370000,295295.70000000,171500.00000000,47704.30000000
1772416800000,1.371000,1.381000,1.355000,1.377000,695790.00000000,359671.70000000,23553.40000000
1772420400000,1.377000,1.411000,1.348000,1.398000,1836662.30000000,780470.20000000,-275721.90000000
1772424000000,1.398000,1.412000,1.396000,1.407000,480272.30000000,221726.70000000,-36818.90000000
1772427600000,1.408000,1.412000,1.398000,1.406000,366096.50000000,183293.80000000,491.10000000
1772431200000,1.406000,1.409000,1.386000,1.397000,393282.00000000,171646.50000000,-49989.00000000
1772434800000,1.397000,1.400000,1.373000,1.385000,547285.40000000,254798.80000000,-37687.80000000
1772438400000,1.385000,1.400000,1.368000,1.396000,414008.50000000,190483.00000000,-33042.50000000
1772442000000,1.395000,1.400000,1.381000,1.382000,365721.50000000,168336.70000000,-29048.10000000
1772445600000,1.381000,1.389000,1.377000,1.389000,240166.00000000,122279.70000000,4393.40000000
1772449200000,1.389000,1.394000,1.381000,1.384000,237687.00000000,103139.10000000,-31408.80000000
1772452800000,1.383000,1.389000,1.371000,1.378000,747585.10000000,304775.10000000,-138034.90000000
1772456400000,1.379000,1.388000,1.368000,1.377000,289942.60000000,130206.20000000,-29530.20000000
1772460000000,1.376000,1.426000,1.371000,1.418000,765568.90000000,393967.00000000,22365.10000000
1772463600000,1.419000,1.452000,1.418000,1.429000,1877927.80000000,875609.90000000,-126708.00000000
1772467200000,1.429000,1.440000,1.402000,1.409000,1473244.50000000,584652.60000000,-303939.30000000
1772470800000,1.409000,1.413000,1.393000,1.405000,1004543.70000000,560965.80000000,117387.90000000
1772474400000,1.404000,1.405000,1.383000,1.385000,441166.80000000,228604.10000000,16041.40000000
1772478000000,1.386000,1.393000,1.376000,1.392000,457069.90000000,232064.90000000,7059.90000000
1772481600000,1.393000,1.396000,1.361000,1.371000,1357144.90000000,586295.70000000,-184553.50000000
1772485200000,1.372000,1.376000,1.363000,1.371000,250019.60000000,136113.30000000,22207.00000000
1772488800000,1.372000,1.386000,1.371000,1.376000,348801.80000000,252091.40000000,155381.00000000
1772492400000,1.377000,1.377000,1.347000,1.358000,757235.50000000,366996.90000000,-23241.70000000
1772496000000,1.358000,1.366000,1.352000,1.359000,668992.90000000,381880.10000000,94767.30000000
1772499600000,1.358000,1.364000,1.348000,1.348000,303503.60000000,108637.80000000,-86228.00000000
1772503200000,1.348000,1.353000,1.333000,1.341000,660831.50000000,289899.70000000,-81032.10000000
1772506800000,1.340000,1.342000,1.328000,1.331000,434889.30000000,212211.40000000,-10466.50000000
1772510400000,1.331000,1.344000,1.323000,1.338000,884888.40000000,474851.40000000,64814.40000000
1772514000000,1.338000,1.361000,1.334000,1.346000,635016.80000000,361020.10000000,87023.40000000
1772517600000,1.347000,1.353000,1.343000,1.345000,337173.60000000,158469.10000000,-20235.40000000
1772521200000,1.345000,1.355000,1.337000,1.339000,285554.20000000,129143.60000000,-27267.00000000
1772524800000,1.339000,1.341000,1.303000,1.308000,1053148.00000000,427246.80000000,-198654.40000000
1772528400000,1.307000,1.314000,1.298000,1.300000,688110.00000000,327520.70000000,-33068.60000000
1772532000000,1.301000,1.316000,1.298000,1.314000,440324.50000000,216964.30000000,-6395.90000000
1772535600000,1.314000,1.318000,1.305000,1.314000,304501.20000000,155823.00000000,7144.80000000
1772539200000,1.314000,1.332000,1.309000,1.314000,470731.40000000,234324.20000000,-2083.00000000
1772542800000,1.314000,1.315000,1.305000,1.309000,321010.60000000,120344.50000000,-80321.60000000
1772546400000,1.309000,1.321000,1.305000,1.314000,592104.00000000,237262.80000000,-117578.40000000
1772550000000,1.314000,1.323000,1.305000,1.316000,783880.30000000,360364.10000000,-63152.10000000
1772553600000,1.315000,1.356000,1.307000,1.325000,1460363.30000000,720017.50000000,-20328.30000000
1772557200000,1.325000,1.327000,1.314000,1.317000,287445.30000000,129864.40000000,-27716.50000000
1772560800000,1.317000,1.325000,1.308000,1.322000,466626.10000000,256857.60000000,47089.10000000
1772564400000,1.323000,1.331000,1.311000,1.312000,458607.10000000,219856.50000000,-18894.10000000
1772568000000,1.311000,1.317000,1.292000,1.302000,428375.90000000,125262.50000000,-177850.90000000
1772571600000,1.302000,1.307000,1.292000,1.300000,529055.30000000,207922.70000000,-113209.90000000
1772575200000,1.300000,1.310000,1.300000,1.303000,191179.80000000,69195.50000000,-52788.80000000
1772578800000,1.304000,1.310000,1.293000,1.298000,856553.00000000,420001.20000000,-16550.60000000
1772582400000,1.298000,1.301000,1.295000,1.297000,385493.40000000,159299.90000000,-66893.60000000
1772586000000,1.296000,1.308000,1.273000,1.289000,968353.20000000,309205.70000000,-349941.80000000
1772589600000,1.289000,1.289000,1.268000,1.285000,954108.90000000,451737.90000000,-50633.10000000
1772593200000,1.284000,1.284000,1.248000,1.264000,1357499.40000000,669223.50000000,-19052.40000000
1772596800000,1.263000,1.286000,1.262000,1.273000,678626.90000000,450674.70000000,222722.50000000
1772600400000,1.272000,1.289000,1.269000,1.275000,526924.00000000,254687.00000000,-17550.00000000
1772604000000,1.274000,1.287000,1.271000,1.282000,622658.40000000,259261.80000000,-104134.80000000
1772607600000,1.281000,1.293000,1.275000,1.288000,519019.30000000,291366.90000000,63714.50000000
1772611200000,1.289000,1.318000,1.283000,1.314000,890534.10000000,464159.40000000,37784.70000000
1772614800000,1.315000,1.351000,1.311000,1.327000,1881343.00000000,1091572.20000000,301801.40000000
1772618400000,1.327000,1.340000,1.306000,1.313000,1947907.20000000,981812.10000000,15717.00000000
1772622000000,1.313000,1.316000,1.286000,1.293000,1124473.40000000,327124.40000000,-470224.60000000
1772625600000,1.292000,1.295000,1.260000,1.275000,1507986.40000000,671463.70000000,-165059.00000000
1772629200000,1.275000,1.288000,1.272000,1.287000,657312.60000000,338025.50000000,18738.40000000
1772632800000,1.287000,1.289000,1.246000,1.261000,1645926.80000000,771074.80000000,-103777.20000000
1772636400000,1.261000,1.301000,1.261000,1.294000,1821626.60000000,1011567.00000000,201507.40000000
1772640000000,1.294000,1.302000,1.271000,1.275000,757984.10000000,357236.60000000,-43510.90000000
1772643600000,1.276000,1.310000,1.275000,1.293000,1202468.20000000,642468.40000000,82468.60000000
1772647200000,1.293000,1.325000,1.290000,1.324000,718803.30000000,423110.30000000,127417.30000000
1772650800000,1.325000,1.331000,1.314000,1.327000,544616.50000000,296090.00000000,47563.50000000
1772654400000,1.328000,1.351000,1.313000,1.347000,916089.80000000,507802.80000000,99515.80000000
1772658000000,1.348000,1.366000,1.335000,1.364000,752534.30000000,443724.80000000,134915.30000000
1772661600000,1.365000,1.391000,1.355000,1.381000,1460369.00000000,920396.20000000,380423.40000000
1772665200000,1.382000,1.390000,1.358000,1.370000,1058404.80000000,481144.70000000,-96115.40000000
1772668800000,1.371000,1.382000,1.344000,1.347000,550277.40000000,230786.50000000,-88704.40000000
1772672400000,1.347000,1.354000,1.307000,1.311000,1103386.50000000,503474.00000000,-96438.50000000
1772676000000,1.311000,1.331000,1.304000,1.308000,849149.20000000,482475.30000000,115801.40000000
1772679600000,1.309000,1.318000,1.306000,1.307000,358994.70000000,173830.10000000,-11334.50000000
1772683200000,1.307000,1.315000,1.300000,1.306000,327985.30000000,133498.60000000,-60988.10000000
1772686800000,1.306000,1.316000,1.303000,1.311000,357510.70000000,219032.80000000,80554.90000000
1772690400000,1.312000,1.327000,1.308000,1.321000,530371.40000000,268498.70000000,6626.00000000
1772694000000,1.321000,1.325000,1.279000,1.297000,1183421.00000000,518885.10000000,-145650.80000000
1772697600000,1.296000,1.311000,1.292000,1.308000,406773.20000000,224190.20000000,41607.20000000
1772701200000,1.308000,1.319000,1.307000,1.318000,291704.30000000,164236.80000000,36769.30000000
1772704800000,1.318000,1.330000,1.314000,1.320000,278999.90000000,146882.60000000,14765.30000000
1772708400000,1.320000,1.329000,1.309000,1.325000,376603.80000000,162919.70000000,-50764.40000000
1772712000000,1.325000,1.343000,1.322000,1.330000,383753.40000000,228225.20000000,72697.00000000
1772715600000,1.331000,1.332000,1.310000,1.315000,499517.10000000,251944.20000000,4371.30000000
1772719200000,1.315000,1.320000,1.305000,1.316000,349977.80000000,178877.80000000,7777.80000000
1772722800000,1.317000,1.320000,1.287000,1.295000,1056657.00000000,485616.60000000,-85423.80000000
1772726400000,1.295000,1.295000,1.274000,1.284000,513076.40000000,226120.70000000,-60835.00000000
1772730000000,1.284000,1.288000,1.231000,1.237000,2315140.20000000,935630.90000000,-443878.40000000
1772733600000,1.236000,1.257000,1.189000,1.206000,3168800.10000000,1507227.90000000,-154344.30000000
1772737200000,1.205000,1.225000,1.189000,1.201000,1631007.00000000,822112.80000000,13218.60000000
1772740800000,1.200000,1.212000,1.195000,1.197000,785493.70000000,456359.20000000,127224.70000000
1772744400000,1.196000,1.220000,1.190000,1.206000,1487411.80000000,768645.90000000,49880.00000000
1772748000000,1.206000,1.218000,1.194000,1.215000,679211.20000000,314985.80000000,-49239.60000000
1772751600000,1.215000,1.247000,1.193000,1.209000,2139788.60000000,1076159.90000000,12531.20000000
1772755200000,1.208000,1.222000,1.198000,1.218000,629323.30000000,314306.70000000,-709.90000000
1772758800000,1.217000,1.229000,1.209000,1.224000,588534.00000000,304023.70000000,19513.40000000
1772762400000,1.224000,1.230000,1.218000,1.221000,474899.70000000,254903.50000000,34907.30000000
1772766000000,1.221000,1.233000,1.219000,1.230000,300187.20000000,166677.20000000,33167.20000000
1772769600000,1.230000,1.231000,1.204000,1.208000,709394.60000000,248679.40000000,-212035.80000000
1772773200000,1.208000,1.209000,1.186000,1.197000,819179.40000000,400995.80000000,-17187.80000000
1772776800000,1.197000,1.197000,1.181000,1.189000,823795.50000000,362405.60000000,-98984.30000000
1772780400000,1.188000,1.198000,1.184000,1.195000,430885.50000000,258929.80000000,86974.10000000
1772784000000,1.196000,1.197000,1.188000,1.191000,418674.20000000,211156.00000000,3637.80000000
1772787600000,1.191000,1.191000,1.152000,1.170000,2366190.30000000,1209314.10000000,52437.90000000
1772791200000,1.170000,1.176000,1.165000,1.167000,774042.10000000,358135.80000000,-57770.50000000
1772794800000,1.167000,1.167000,1.154000,1.156000,1529724.80000000,819764.60000000,109804.40000000
1772798400000,1.157000,1.165000,1.141000,1.165000,1810914.70000000,916069.30000000,21223.90000000
1772802000000,1.165000,1.173000,1.136000,1.141000,1299755.90000000,565751.50000000,-168252.90000000
1772805600000,1.141000,1.142000,1.111000,1.121000,2806776.00000000,1277110.50000000,-252555.00000000
1772809200000,1.121000,1.129000,1.107000,1.114000,1831109.80000000,855953.40000000,-119203.00000000
1772812800000,1.114000,1.122000,1.092000,1.101000,1986335.40000000,932975.90000000,-120383.60000000
1772816400000,1.100000,1.109000,1.071000,1.108000,2419047.80000000,1243097.10000000,67146.40000000
1772820000000,1.108000,1.152000,1.107000,1.141000,2323301.10000000,1298431.70000000,273562.30000000
1772823600000,1.141000,1.149000,1.138000,1.140000,789763.90000000,414952.50000000,40141.10000000
1772827200000,1.141000,1.143000,1.128000,1.133000,783246.70000000,438480.70000000,93714.70000000
1772830800000,1.133000,1.139000,1.124000,1.127000,524962.60000000,295187.60000000,65412.60000000
1772834400000,1.127000,1.142000,1.123000,1.139000,775716.70000000,444964.30000000,114211.90000000
1772838000000,1.139000,1.142000,1.136000,1.138000,215785.70000000,129960.70000000,44135.70000000
1772841600000,1.138000,1.139000,1.128000,1.129000,291106.30000000,148304.20000000,5502.10000000
1772845200000,1.129000,1.136000,1.113000,1.124000,735193.60000000,440369.20000000,145544.80000000
1772848800000,1.124000,1.126000,1.120000,1.126000,240509.20000000,151311.90000000,62114.60000000
1772852400000,1.125000,1.143000,1.125000,1.140000,418576.40000000,260608.40000000,102640.40000000
1772856000000,1.140000,1.142000,1.130000,1.133000,309631.50000000,148692.60000000,-12246.30000000
1772859600000,1.133000,1.147000,1.131000,1.139000,244222.30000000,150317.70000000,56413.10000000
1772863200000,1.140000,1.146000,1.136000,1.141000,448194.10000000,217025.60000000,-14142.90000000
1772866800000,1.142000,1.148000,1.139000,1.144000,507429.00000000,258019.10000000,8609.20000000
1772870400000,1.145000,1.159000,1.142000,1.149000,678927.50000000,358557.60000000,38187.70000000
1772874000000,1.149000,1.155000,1.140000,1.154000,287844.10000000,151437.10000000,15030.10000000
1772877600000,1.154000,1.162000,1.153000,1.155000,481531.80000000,239177.90000000,-3176.00000000
1772881200000,1.155000,1.162000,1.145000,1.157000,409890.50000000,175495.40000000,-58899.70000000
1772884800000,1.157000,1.161000,1.144000,1.145000,433341.80000000,189558.30000000,-54225.20000000
1772888400000,1.146000,1.147000,1.139000,1.143000,380450.10000000,146324.70000000,-87800.70000000
1772892000000,1.142000,1.143000,1.129000,1.140000,431368.80000000,194112.40000000,-43144.00000000
1772895600000,1.141000,1.141000,1.117000,1.125000,696231.40000000,264904.90000000,-166421.60000000
1772899200000,1.126000,1.130000,1.119000,1.123000,304957.40000000,142871.90000000,-19213.60000000
1772902800000,1.123000,1.129000,1.120000,1.125000,243024.30000000,88371.90000000,-66280.50000000
1772906400000,1.125000,1.126000,1.109000,1.121000,546741.30000000,187208.60000000,-172324.10000000
1772910000000,1.122000,1.125000,1.117000,1.121000,263406.80000000,126257.60000000,-10891.60000000
1772913600000,1.121000,1.130000,1.118000,1.126000,309397.70000000,137801.70000000,-33794.30000000
1772917200000,1.126000,1.131000,1.122000,1.129000,235620.20000000,114152.90000000,-7314.40000000
1772920800000,1.129000,1.132000,1.122000,1.122000,221328.40000000,93966.40000000,-33395.60000000
1772924400000,1.122000,1.132000,1.122000,1.129000,167468.50000000,83958.70000000,448.90000000
1772928000000,1.129000,1.132000,1.114000,1.117000,365984.10000000,135566.40000000,-94851.30000000
1772931600000,1.117000,1.124000,1.111000,1.112000,441744.90000000,192666.70000000,-56411.50000000
1772935200000,1.112000,1.114000,1.082000,1.086000,999065.70000000,319138.60000000,-360788.50000000
1772938800000,1.085000,1.108000,1.085000,1.101000,489853.30000000,248293.20000000,6733.10000000
1772942400000,1.101000,1.115000,1.099000,1.105000,444006.70000000,284474.40000000,124942.10000000
1772946000000,1.106000,1.112000,1.101000,1.102000,201708.20000000,79884.80000000,-41938.60000000
1772949600000,1.101000,1.104000,1.088000,1.091000,464359.30000000,177805.20000000,-108748.90000000
1772953200000,1.091000,1.110000,1.091000,1.103000,602459.80000000,377544.60000000,152629.40000000
1772956800000,1.103000,1.104000,1.081000,1.082000,536033.20000000,273902.30000000,11771.40000000
1772960400000,1.083000,1.094000,1.072000,1.091000,890551.00000000,430399.20000000,-29752.60000000
1772964000000,1.092000,1.110000,1.091000,1.098000,513234.40000000,261201.50000000,9168.60000000
1772967600000,1.098000,1.099000,1.078000,1.086000,591844.40000000,291522.20000000,-8800.00000000
1772971200000,1.086000,1.090000,1.064000,1.067000,963310.50000000,406683.00000000,-149944.50000000
1772974800000,1.067000,1.075000,1.049000,1.072000,1289086.70000000,646839.90000000,4593.10000000
1772978400000,1.072000,1.101000,1.070000,1.079000,1020925.90000000,574550.10000000,128174.30000000
1772982000000,1.080000,1.080000,1.065000,1.067000,358950.40000000,175984.50000000,-6981.40000000
1772985600000,1.067000,1.078000,1.056000,1.069000,842279.80000000,405950.60000000,-30378.60000000
1772989200000,1.069000,1.080000,1.067000,1.073000,399559.60000000,238890.50000000,78221.40000000
1772992800000,1.074000,1.091000,1.071000,1.084000,769108.00000000,451458.70000000,133809.40000000
1772996400000,1.084000,1.102000,1.081000,1.095000,456062.30000000,242417.90000000,28773.50000000
1773000000000,1.095000,1.096000,1.082000,1.083000,209623.40000000,105129.60000000,635.80000000
1773003600000,1.083000,1.085000,1.072000,1.083000,188968.90000000,100926.40000000,12883.90000000
1773007200000,1.083000,1.083000,1.054000,1.068000,1455325.10000000,698165.30000000,-58994.50000000
1773010800000,1.069000,1.070000,1.011000,1.019000,3520723.70000000,1805668.90000000,90614.10000000
1773014400000,1.019000,1.040000,1.010000,1.016000,1916099.00000000,960364.10000000,4629.20000000
1773018000000,1.016000,1.035000,0.991000,1.018000,4628769.70000000,2316013.80000000,3257.90000000
1773021600000,1.019000,1.039000,1.012000,1.020000,1005307.40000000,445399.30000000,-114508.80000000
1773025200000,1.021000,1.035000,0.992000,1.000000,1499837.40000000,625256.70000000,-249324.00000000
1773028800000,1.000000,1.020000,0.998000,1.004000,818786.80000000,379129.60000000,-60527.60000000
1773032400000,1.004000,1.035000,1.000000,1.035000,1125086.40000000,529313.40000000,-66459.60000000
1773036000000,1.036000,1.044000,1.030000,1.036000,959418.60000000,489722.20000000,20025.80000000
1773039600000,1.036000,1.036000,1.016000,1.033000,838046.70000000,435840.40000000,33634.10000000
1773043200000,1.032000,1.050000,1.029000,1.042000,844014.10000000,416278.30000000,-11457.50000000
1773046800000,1.043000,1.043000,1.006000,1.008000,970273.70000000,431037.20000000,-108199.30000000
1773050400000,1.009000,1.024000,1.005000,1.010000,832099.90000000,364585.20000000,-102929.50000000
1773054000000,1.011000,1.014000,0.985000,1.002000,1451963.30000000,699708.40000000,-52546.50000000
1773057600000,1.002000,1.019000,0.998000,1.002000,900071.70000000,440261.40000000,-19548.90000000
1773061200000,1.003000,1.017000,0.995000,1.013000,1253336.80000000,622641.50000000,-8053.80000000
1773064800000,1.013000,1.014000,0.992000,1.003000,1624851.30000000,862524.80000000,100198.30000000
1773068400000,1.004000,1.017000,0.997000,1.007000,966063.30000000,511868.70000000,57674.10000000
1773072000000,1.007000,1.014000,0.998000,1.009000,808820.10000000,441615.00000000,74409.90000000
1773075600000,1.009000,1.021000,1.001000,1.005000,745518.30000000,377349.50000000,9180.70000000
1773079200000,1.004000,1.017000,0.998000,1.003000,564479.30000000,299105.60000000,33731.90000000
1773082800000,1.003000,1.033000,1.000000,1.020000,1035064.20000000,486043.00000000,-62978.20000000
1773086400000,1.020000,1.021000,1.004000,1.007000,579928.50000000,269433.40000000,-41061.70000000
1773090000000,1.007000,1.068000,1.007000,1.053000,2327609.00000000,1252377.10000000,177145.20000000
1773093600000,1.053000,1.067000,1.017000,1.021000,1214639.90000000,589731.00000000,-35177.90000000
1773097200000,1.020000,1.033000,1.018000,1.020000,619032.60000000,354166.20000000,89299.80000000
1773100800000,1.021000,1.048000,1.014000,1.038000,1190120.30000000,589138.10000000,-11844.10000000
1773104400000,1.038000,1.051000,1.021000,1.038000,755882.80000000,412300.50000000,68718.20000000
1773108000000,1.038000,1.055000,1.031000,1.044000,1210924.30000000,682911.30000000,154898.30000000
1773111600000,1.044000,1.046000,1.017000,1.022000,861158.10000000,410932.30000000,-39293.50000000
1773115200000,1.022000,1.036000,1.021000,1.030000,630096.80000000,329233.70000000,28370.60000000
1773118800000,1.030000,1.045000,1.028000,1.041000,500080.00000000,264659.60000000,29239.20000000
1773122400000,1.041000,1.065000,1.034000,1.058000,1246184.50000000,610383.50000000,-25417.50000000
1773126000000,1.058000,1.066000,1.049000,1.055000,971222.80000000,455629.70000000,-59963.40000000
1773129600000,1.054000,1.087000,1.054000,1.067000,3382151.70000000,1684724.70000000,-12702.30000000
1773133200000,1.067000,1.073000,1.062000,1.066000,920611.50000000,441963.60000000,-36684.30000000
1773136800000,1.065000,1.068000,1.051000,1.064000,1189065.20000000,667633.70000000,146202.20000000
1773140400000,1.063000,1.065000,1.053000,1.057000,418080.00000000,228124.10000000,38168.20000000
1773144000000,1.056000,1.059000,1.043000,1.046000,688546.40000000,313854.20000000,-60838.00000000
1773147600000,1.047000,1.053000,1.032000,1.047000,1019658.20000000,627636.70000000,235615.20000000
1773151200000,1.046000,1.054000,1.017000,1.054000,2458698.50000000,1117860.00000000,-222978.50000000
1773154800000,1.055000,1.055000,1.025000,1.031000,1357988.10000000,609156.40000000,-139675.30000000
1773158400000,1.031000,1.046000,1.021000,1.045000,1046500.60000000,545389.20000000,44277.80000000
1773162000000,1.045000,1.086000,1.042000,1.071000,4740350.50000000,2333838.10000000,-72674.30000000
1773165600000,1.071000,1.073000,1.033000,1.037000,1064057.60000000,546639.60000000,29221.60000000
1773169200000,1.036000,1.042000,1.025000,1.036000,892471.10000000,512453.00000000,132434.90000000
1773172800000,1.036000,1.055000,1.035000,1.045000,540974.20000000,300531.60000000,60089.00000000
1773176400000,1.045000,1.054000,1.039000,1.040000,310333.10000000,141786.60000000,-26759.90000000
1773180000000,1.040000,1.047000,1.030000,1.044000,489489.10000000,299745.70000000,110002.30000000
1773183600000,1.043000,1.058000,1.043000,1.056000,587222.10000000,256772.70000000,-73676.70000000
1773187200000,1.055000,1.055000,1.038000,1.042000,326405.20000000,146199.30000000,-34006.60000000
1773190800000,1.041000,1.046000,1.024000,1.027000,576518.00000000,272606.20000000,-31305.60000000
1773194400000,1.027000,1.035000,1.020000,1.023000,499462.40000000,226992.40000000,-45477.60000000
1773198000000,1.023000,1.026000,1.005000,1.015000,792255.60000000,328027.00000000,-136201.60000000
1773201600000,1.014000,1.027000,1.013000,1.023000,313644.00000000,185141.30000000,56638.60000000
1773205200000,1.024000,1.025000,1.002000,1.002000,596939.60000000,289478.90000000,-17981.80000000
1773208800000,1.002000,1.016000,0.997000,1.009000,573706.90000000,291317.90000000,8928.90000000
1773212400000,1.009000,1.014000,1.002000,1.007000,412060.10000000,221648.20000000,31236.30000000
1773216000000,1.007000,1.015000,1.002000,1.015000,572617.30000000,314395.30000000,56173.30000000
1773219600000,1.015000,1.032000,1.009000,1.021000,571221.90000000,297594.80000000,23967.70000000
1773223200000,1.022000,1.034000,1.020000,1.029000,317189.30000000,170905.80000000,24622.30000000
1773226800000,1.030000,1.033000,1.022000,1.022000,325696.70000000,152917.50000000,-19861.70000000
1773230400000,1.023000,1.048000,1.022000,1.031000,678983.50000000,329440.20000000,-20103.10000000
1773234000000,1.032000,1.049000,1.024000,1.031000,676783.20000000,302599.20000000,-71584.80000000
1773237600000,1.031000,1.048000,1.031000,1.040000,686188.80000000,366667.60000000,47146.40000000
1773241200000,1.041000,1.043000,1.017000,1.024000,846923.70000000,321133.60000000,-204656.50000000
1773244800000,1.024000,1.029000,1.017000,1.023000,611684.00000000,337031.90000000,62379.80000000
1773248400000,1.023000,1.037000,1.022000,1.030000,431620.40000000,205776.50000000,-20067.40000000
1773252000000,1.031000,1.051000,1.031000,1.047000,504584.20000000,292318.80000000,80053.40000000
1773255600000,1.048000,1.056000,1.044000,1.047000,419137.60000000,228656.60000000,38175.60000000
1773259200000,1.048000,1.051000,1.041000,1.048000,218119.20000000,97220.60000000,-23678.00000000
1773262800000,1.048000,1.062000,1.048000,1.059000,352203.80000000,189243.80000000,26283.80000000
1773266400000,1.059000,1.061000,1.048000,1.052000,473195.10000000,214375.00000000,-44445.10000000
1773270000000,1.053000,1.081000,1.053000,1.071000,1308301.60000000,631456.10000000,-45389.40000000
1773273600000,1.072000,1.079000,1.065000,1.070000,466910.70000000,212359.00000000,-42192.70000000
1773277200000,1.071000,1.072000,1.055000,1.071000,319413.90000000,139865.90000000,-39682.10000000
1773280800000,1.072000,1.082000,1.064000,1.065000,605942.80000000,299594.30000000,-6754.20000000
1773284400000,1.066000,1.071000,1.052000,1.056000,577033.30000000,237366.70000000,-102299.90000000
1773288000000,1.057000,1.062000,1.044000,1.050000,753600.50000000,336990.30000000,-79619.90000000
1773291600000,1.050000,1.057000,1.044000,1.055000,292331.70000000,153713.90000000,15096.10000000
1773295200000,1.055000,1.070000,1.052000,1.067000,352806.40000000,149769.00000000,-53268.40000000
1773298800000,1.068000,1.080000,1.066000,1.078000,402923.30000000,197244.20000000,-8434.90000000
1773302400000,1.077000,1.084000,1.072000,1.077000,570700.10000000,303715.90000000,36731.70000000
1773306000000,1.077000,1.085000,1.073000,1.079000,436419.50000000,234230.10000000,32040.70000000
1773309600000,1.078000,1.103000,1.078000,1.098000,1400061.50000000,761710.50000000,123359.50000000
1773313200000,1.098000,1.122000,1.096000,1.106000,1174408.60000000,630041.10000000,85673.60000000
1773316800000,1.106000,1.121000,1.099000,1.117000,690312.80000000,377233.50000000,64154.20000000
1773320400000,1.118000,1.128000,1.107000,1.111000,1190023.70000000,548238.60000000,-93546.50000000
1773324000000,1.112000,1.115000,1.093000,1.098000,1089777.40000000,490546.70000000,-108684.00000000
1773327600000,1.099000,1.101000,1.076000,1.097000,1375160.20000000,660636.70000000,-53886.80000000
1773331200000,1.096000,1.111000,1.091000,1.103000,494268.00000000,287247.20000000,80226.40000000
1773334800000,1.104000,1.107000,1.093000,1.104000,520971.20000000,274994.40000000,29017.60000000
1773338400000,1.103000,1.112000,1.099000,1.109000,353387.20000000,187512.90000000,21638.60000000
1773342000000,1.109000,1.127000,1.107000,1.126000,559685.20000000,286355.70000000,13026.20000000
1773345600000,1.126000,1.133000,1.119000,1.131000,427499.60000000,189594.60000000,-48310.40000000
1773349200000,1.131000,1.158000,1.128000,1.150000,646913.50000000,369210.50000000,91507.50000000
1773352800000,1.149000,1.157000,1.132000,1.146000,805682.70000000,420764.30000000,35845.90000000
1773356400000,1.146000,1.154000,1.135000,1.152000,489865.30000000,250959.00000000,12052.70000000
1773360000000,1.151000,1.183000,1.149000,1.165000,1647780.20000000,820841.90000000,-6096.40000000
1773363600000,1.165000,1.183000,1.164000,1.180000,480766.80000000,279759.10000000,78751.40000000
1773367200000,1.181000,1.192000,1.175000,1.183000,720594.50000000,352308.00000000,-15978.50000000
1773370800000,1.183000,1.210000,1.183000,1.201000,913832.70000000,575777.00000000,237721.30000000
1773374400000,1.201000,1.204000,1.181000,1.189000,784079.90000000,379697.50000000,-24684.90000000
1773378000000,1.189000,1.191000,1.178000,1.178000,680830.60000000,286223.30000000,-108384.00000000
1773381600000,1.178000,1.192000,1.178000,1.187000,377406.90000000,228199.80000000,78992.70000000
1773385200000,1.187000,1.201000,1.186000,1.198000,379198.10000000,217533.20000000,55868.30000000
1773388800000,1.198000,1.199000,1.167000,1.170000,704776.40000000,333700.60000000,-37375.20000000
1773392400000,1.170000,1.172000,1.154000,1.163000,767177.70000000,330904.60000000,-105368.50000000
1773396000000,1.163000,1.184000,1.161000,1.180000,411634.80000000,237898.50000000,64162.20000000
1773399600000,1.180000,1.186000,1.168000,1.168000,399219.80000000,208404.10000000,17588.40000000
1773403200000,1.169000,1.171000,1.138000,1.139000,1666915.60000000,707957.30000000,-251001.00000000
1773406800000,1.140000,1.154000,1.123000,1.150000,1075840.10000000,564717.50000000,53594.90000000
1773410400000,1.151000,1.161000,1.126000,1.130000,1210901.30000000,525552.60000000,-159796.10000000
1773414000000,1.131000,1.160000,1.129000,1.136000,724161.20000000,404289.60000000,84418.00000000
1773417600000,1.136000,1.151000,1.135000,1.144000,715777.90000000,379998.20000000,44218.50000000
1773421200000,1.144000,1.147000,1.104000,1.125000,1035982.20000000,452891.10000000,-130200.00000000
1773424800000,1.125000,1.127000,1.111000,1.120000,893860.20000000,322886.10000000,-248088.00000000
1773428400000,1.120000,1.121000,1.090000,1.102000,1732740.70000000,881078.90000000,29417.10000000
1773432000000,1.102000,1.116000,1.097000,1.107000,549540.10000000,251148.60000000,-47242.90000000
1773435600000,1.106000,1.113000,1.096000,1.103000,329119.10000000,203677.60000000,78236.10000000
1773439200000,1.102000,1.106000,1.093000,1.103000,217021.80000000,124966.70000000,32911.60000000
1773442800000,1.102000,1.103000,1.095000,1.099000,159260.70000000,73099.50000000,-13061.70000000
1773446400000,1.097000,1.102000,1.095000,1.100000,159641.90000000,97582.70000000,35523.50000000
1773450000000,1.100000,1.113000,1.099000,1.113000,251550.80000000,177212.20000000,102873.60000000
1773453600000,1.112000,1.119000,1.105000,1.111000,466378.10000000,228709.40000000,-8959.30000000
1773457200000,1.111000,1.123000,1.111000,1.118000,191025.40000000,128920.80000000,66816.20000000
1773460800000,1.118000,1.130000,1.114000,1.122000,384787.30000000,236008.60000000,87229.90000000
1773464400000,1.122000,1.132000,1.121000,1.126000,396621.30000000,255679.20000000,114737.10000000
1773468000000,1.125000,1.128000,1.105000,1.114000,385021.20000000,218645.90000000,52270.60000000
1773471600000,1.113000,1.116000,1.098000,1.102000,281652.40000000,106359.20000000,-68934.00000000
1773475200000,1.102000,1.102000,1.078000,1.086000,817722.90000000,245690.30000000,-326342.30000000
1773478800000,1.085000,1.087000,1.077000,1.077000,360394.80000000,134053.20000000,-92288.40000000
1773482400000,1.077000,1.080000,1.059000,1.072000,757005.70000000,278130.10000000,-200745.50000000
1773486000000,1.072000,1.087000,1.072000,1.081000,239039.30000000,131014.20000000,22989.10000000
1773489600000,1.080000,1.086000,1.079000,1.085000,176933.30000000,86345.30000000,-4242.70000000
1773493200000,1.085000,1.122000,1.084000,1.106000,1293807.00000000,787479.90000000,281152.80000000
1773496800000,1.107000,1.108000,1.080000,1.089000,781465.20000000,328700.90000000,-124063.40000000
1773500400000,1.088000,1.090000,1.076000,1.084000,459174.10000000,218569.00000000,-22036.10000000
1773504000000,1.084000,1.118000,1.079000,1.109000,764236.90000000,412687.30000000,61137.70000000
1773507600000,1.109000,1.115000,1.097000,1.099000,476555.50000000,222052.50000000,-32450.50000000
1773511200000,1.100000,1.103000,1.097000,1.100000,145857.10000000,81141.00000000,16424.90000000
1773514800000,1.100000,1.105000,1.095000,1.100000,139378.90000000,81284.20000000,23189.50000000
1773518400000,1.101000,1.101000,1.096000,1.099000,81166.80000000,42601.70000000,4036.60000000
1773522000000,1.099000,1.102000,1.091000,1.102000,105704.20000000,48155.50000000,-9393.20000000
1773525600000,1.102000,1.104000,1.093000,1.096000,156727.90000000,83736.60000000,10745.30000000
1773529200000,1.096000,1.113000,1.096000,1.106000,305086.40000000,185082.10000000,65077.80000000
1773532800000,1.106000,1.107000,1.091000,1.094000,295212.00000000,153123.90000000,11035.80000000
1773536400000,1.094000,1.102000,1.086000,1.100000,182717.90000000,113763.90000000,44809.90000000
1773540000000,1.100000,1.123000,1.096000,1.109000,767353.10000000,370226.40000000,-26900.30000000
1773543600000,1.109000,1.112000,1.097000,1.097000,246995.70000000,133524.40000000,20053.10000000
1773547200000,1.098000,1.109000,1.094000,1.098000,338694.40000000,196433.50000000,54172.60000000
1773550800000,1.099000,1.100000,1.092000,1.093000,158761.40000000,63985.00000000,-30791.40000000
1773554400000,1.093000,1.101000,1.088000,1.089000,204017.80000000,101228.50000000,-1560.80000000
1773558000000,1.088000,1.092000,1.082000,1.087000,160336.00000000,85928.90000000,11521.80000000
1773561600000,1.088000,1.096000,1.087000,1.092000,192333.20000000,92639.50000000,-7054.20000000
1773565200000,1.092000,1.097000,1.085000,1.086000,143553.40000000,68225.50000000,-7102.40000000
1773568800000,1.086000,1.107000,1.085000,1.099000,309638.30000000,216426.70000000,123215.10000000
1773572400000,1.098000,1.103000,1.096000,1.098000,227144.20000000,100114.30000000,-26915.60000000
1773576000000,1.098000,1.099000,1.090000,1.096000,256954.70000000,91475.10000000,-74004.50000000
1773579600000,1.097000,1.100000,1.083000,1.086000,301016.40000000,132499.30000000,-36017.80000000
1773583200000,1.087000,1.092000,1.081000,1.089000,125926.00000000,65194.50000000,4463.00000000
1773586800000,1.090000,1.092000,1.086000,1.086000,109825.30000000,61162.00000000,12498.70000000
1773590400000,1.086000,1.091000,1.083000,1.088000,125434.90000000,57708.70000000,-10017.50000000
1773594000000,1.088000,1.104000,1.087000,1.099000,383978.60000000,222393.50000000,60808.40000000
1773597600000,1.099000,1.108000,1.095000,1.097000,241590.30000000,128056.40000000,14522.50000000
1773601200000,1.096000,1.104000,1.094000,1.099000,151669.60000000,96088.20000000,40506.80000000
1773604800000,1.099000,1.102000,1.091000,1.095000,98820.00000000,39879.70000000,-19060.60000000
1773608400000,1.095000,1.096000,1.090000,1.092000,110456.80000000,44694.20000000,-21068.40000000
1773612000000,1.093000,1.107000,1.083000,1.104000,301004.40000000,136388.20000000,-28228.00000000
1773615600000,1.105000,1.107000,1.079000,1.085000,561094.80000000,243523.00000000,-74048.80000000
1773619200000,1.085000,1.098000,1.085000,1.095000,226506.90000000,102024.50000000,-22457.90000000
1773622800000,1.096000,1.097000,1.071000,1.082000,644188.30000000,230363.60000000,-183461.10000000
1773626400000,1.082000,1.092000,1.075000,1.080000,255279.40000000,150364.00000000,45448.60000000
1773630000000,1.079000,1.102000,1.078000,1.091000,796622.30000000,329971.70000000,-136678.90000000
1773633600000,1.091000,1.124000,1.091000,1.120000,990926.00000000,516053.50000000,41181.00000000
1773637200000,1.119000,1.131000,1.115000,1.121000,572078.90000000,298961.60000000,25844.30000000
1773640800000,1.121000,1.124000,1.103000,1.103000,312521.80000000,121133.30000000,-70255.20000000
1773644400000,1.103000,1.133000,1.101000,1.115000,676497.20000000,384669.80000000,92842.40000000
1773648000000,1.115000,1.146000,1.109000,1.112000,1130021.90000000,684762.10000000,239502.30000000
1773651600000,1.112000,1.125000,1.110000,1.120000,282437.00000000,134276.70000000,-13883.60000000
1773655200000,1.120000,1.123000,1.091000,1.097000,753363.00000000,361181.40000000,-31000.20000000
1773658800000,1.096000,1.107000,1.087000,1.096000,536417.80000000,320289.00000000,104160.20000000
1773662400000,1.096000,1.111000,1.086000,1.088000,1758725.40000000,623886.00000000,-510953.40000000
1773666000000,1.088000,1.108000,1.087000,1.100000,646667.70000000,284627.20000000,-77413.30000000
1773669600000,1.100000,1.111000,1.087000,1.105000,664230.70000000,336871.10000000,9511.50000000
1773673200000,1.105000,1.112000,1.101000,1.110000,417314.20000000,226185.50000000,35056.80000000
1773676800000,1.111000,1.139000,1.101000,1.130000,800904.70000000,409211.70000000,17518.70000000
1773680400000,1.131000,1.167000,1.123000,1.164000,1305039.60000000,775421.30000000,245803.00000000
1773684000000,1.164000,1.178000,1.148000,1.155000,1255695.00000000,643226.50000000,30758.00000000
1773687600000,1.155000,1.179000,1.154000,1.171000,792661.30000000,337259.90000000,-118141.50000000
1773691200000,1.171000,1.179000,1.155000,1.158000,650031.70000000,203198.20000000,-243635.30000000
1773694800000,1.157000,1.163000,1.144000,1.156000,376823.00000000,161477.90000000,-53867.20000000
1773698400000,1.155000,1.183000,1.150000,1.172000,1022766.70000000,689097.20000000,355427.70000000
1773702000000,1.172000,1.186000,1.155000,1.162000,1565645.90000000,772460.60000000,-20724.70000000
1773705600000,1.163000,1.171000,1.100000,1.142000,1853301.40000000,635743.50000000,-581814.40000000
1773709200000,1.143000,1.177000,1.133000,1.143000,1585190.90000000,817628.60000000,50066.30000000
1773712800000,1.143000,1.146000,1.113000,1.124000,1070282.60000000,541283.30000000,12284.00000000
1773716400000,1.125000,1.127000,1.091000,1.099000,1456892.60000000,684339.50000000,-88213.60000000
1773720000000,1.100000,1.110000,1.087000,1.099000,842968.50000000,473405.80000000,103843.10000000
1773723600000,1.098000,1.126000,1.094000,1.125000,1108742.70000000,625983.00000000,143223.30000000
1773727200000,1.125000,1.148000,1.118000,1.144000,745977.80000000,378313.30000000,10648.80000000
1773730800000,1.144000,1.159000,1.115000,1.120000,1744192.70000000,784784.70000000,-174623.30000000
1773734400000,1.120000,1.126000,1.114000,1.115000,667125.90000000,356667.80000000,46209.70000000
1773738000000,1.114000,1.123000,1.100000,1.119000,885537.70000000,455190.20000000,24842.70000000
1773741600000,1.120000,1.139000,1.120000,1.136000,758902.50000000,461891.50000000,164880.50000000
1773745200000,1.136000,1.160000,1.133000,1.153000,529650.20000000,284166.70000000,38683.20000000
1773748800000,1.154000,1.156000,1.111000,1.126000,886713.50000000,410477.20000000,-65759.10000000
1773752400000,1.127000,1.165000,1.120000,1.152000,2064501.40000000,1043343.70000000,22186.00000000
1773756000000,1.151000,1.214000,1.148000,1.211000,3097138.10000000,1553613.10000000,10088.10000000
1773759600000,1.212000,1.226000,1.185000,1.201000,2248919.90000000,1066364.60000000,-116190.70000000
1773763200000,1.202000,1.232000,1.193000,1.230000,1551703.00000000,752218.60000000,-47265.80000000
1773766800000,1.231000,1.284000,1.231000,1.270000,2449472.20000000,1270581.80000000,91691.40000000
1773770400000,1.270000,1.280000,1.255000,1.261000,1428848.10000000,703123.40000000,-22601.30000000
1773774000000,1.261000,1.279000,1.233000,1.277000,1761933.90000000,939433.60000000,116933.30000000
1773777600000,1.276000,1.292000,1.267000,1.291000,1435722.60000000,946470.60000000,457218.60000000
1773781200000,1.290000,1.327000,1.279000,1.312000,3118881.80000000,1666826.60000000,214771.40000000
1773784800000,1.312000,1.315000,1.276000,1.290000,1752000.80000000,691080.70000000,-369839.40000000
1773788400000,1.289000,1.298000,1.268000,1.294000,946413.60000000,439046.60000000,-68320.40000000
1773792000000,1.294000,1.298000,1.259000,1.261000,1155607.50000000,570797.70000000,-14012.10000000
1773795600000,1.261000,1.290000,1.258000,1.273000,916972.80000000,499395.60000000,81818.40000000
1773799200000,1.274000,1.278000,1.247000,1.252000,1003719.80000000,450303.70000000,-103112.40000000
1773802800000,1.252000,1.256000,1.236000,1.238000,716136.70000000,318158.50000000,-79819.70000000
1773806400000,1.238000,1.244000,1.224000,1.229000,814333.10000000,316105.50000000,-182122.10000000
1773810000000,1.230000,1.250000,1.226000,1.228000,593178.40000000,276570.70000000,-40037.00000000
1773813600000,1.229000,1.241000,1.215000,1.232000,928674.70000000,471007.40000000,13340.10000000
1773817200000,1.231000,1.245000,1.227000,1.234000,690264.00000000,302397.80000000,-85468.40000000
1773820800000,1.233000,1.259000,1.233000,1.243000,748744.20000000,371982.60000000,-4779.00000000
1773824400000,1.243000,1.251000,1.225000,1.240000,1072106.60000000,570112.10000000,68117.60000000
1773828000000,1.239000,1.246000,1.226000,1.228000,443659.90000000,148325.50000000,-147008.90000000
1773831600000,1.227000,1.228000,1.192000,1.221000,2554895.60000000,1185354.80000000,-184186.00000000
1773835200000,1.221000,1.226000,1.165000,1.170000,2319314.80000000,1013369.70000000,-292575.40000000
1773838800000,1.172000,1.204000,1.168000,1.189000,1711043.10000000,913693.80000000,116344.50000000
1773842400000,1.190000,1.205000,1.159000,1.161000,2019200.50000000,850061.60000000,-319077.30000000
1773846000000,1.161000,1.175000,1.147000,1.168000,1612359.80000000,948778.30000000,285196.80000000
1773849600000,1.167000,1.180000,1.147000,1.152000,922952.90000000,497063.50000000,71174.10000000
1773853200000,1.153000,1.186000,1.142000,1.172000,1228224.80000000,638140.70000000,48056.60000000
1773856800000,1.172000,1.217000,1.170000,1.197000,2154674.80000000,1091832.30000000,28989.80000000
1773860400000,1.197000,1.247000,1.196000,1.241000,2428955.90000000,1366184.20000000,303412.50000000
1773864000000,1.241000,1.247000,1.198000,1.206000,2129368.70000000,1017798.30000000,-93772.10000000
1773867600000,1.205000,1.220000,1.204000,1.208000,441170.60000000,242018.90000000,42867.20000000
1773871200000,1.209000,1.209000,1.178000,1.207000,1836628.30000000,870496.30000000,-95635.70000000
1773874800000,1.208000,1.226000,1.206000,1.211000,903819.70000000,458719.10000000,13618.50000000
1773878400000,1.211000,1.219000,1.198000,1.200000,495406.50000000,234917.80000000,-25570.90000000
1773882000000,1.201000,1.206000,1.196000,1.196000,233052.50000000,105876.60000000,-21299.30000000
1773885600000,1.196000,1.219000,1.190000,1.192000,1310742.20000000,633449.10000000,-43844.00000000
1773889200000,1.192000,1.205000,1.189000,1.195000,434284.50000000,236206.10000000,38127.70000000
1773892800000,1.195000,1.196000,1.164000,1.166000,1217389.30000000,475482.40000000,-266424.50000000
1773896400000,1.166000,1.169000,1.143000,1.144000,1427600.60000000,575075.90000000,-277448.80000000
1773900000000,1.143000,1.146000,1.126000,1.129000,1536291.60000000,563078.10000000,-410135.40000000
1773903600000,1.128000,1.155000,1.119000,1.123000,2611230.80000000,1430367.80000000,249504.80000000
1773907200000,1.122000,1.139000,1.116000,1.130000,864884.60000000,490549.80000000,116215.00000000
1773910800000,1.131000,1.138000,1.126000,1.133000,563431.80000000,274824.60000000,-13782.60000000
1773914400000,1.132000,1.137000,1.109000,1.116000,631524.30000000,307384.00000000,-16756.30000000
1773918000000,1.115000,1.126000,1.113000,1.118000,437853.70000000,266654.50000000,95455.30000000
1773921600000,1.118000,1.123000,1.104000,1.106000,813627.90000000,410153.10000000,6678.30000000
1773925200000,1.106000,1.123000,1.097000,1.118000,960785.50000000,502429.40000000,44073.30000000
1773928800000,1.118000,1.141000,1.106000,1.139000,1204867.70000000,657251.40000000,109635.10000000
1773932400000,1.138000,1.179000,1.130000,1.176000,3064067.60000000,1756117.40000000,448167.20000000
1773936000000,1.176000,1.194000,1.153000,1.168000,1519594.20000000,805300.90000000,91007.60000000
1773939600000,1.167000,1.187000,1.150000,1.180000,687856.70000000,374247.20000000,60637.70000000
1773943200000,1.180000,1.183000,1.173000,1.180000,245869.60000000,116283.70000000,-13302.20000000
1773946800000,1.180000,1.215000,1.180000,1.203000,1300165.80000000,803457.60000000,306749.40000000
1773950400000,1.203000,1.227000,1.202000,1.204000,618211.80000000,343695.10000000,69178.40000000
1773954000000,1.204000,1.220000,1.190000,1.204000,514448.00000000,225899.60000000,-62648.80000000
1773957600000,1.204000,1.204000,1.187000,1.198000,425433.90000000,188139.80000000,-49154.30000000
1773961200000,1.199000,1.201000,1.187000,1.193000,234859.10000000,93907.60000000,-47043.90000000
1773964800000,1.193000,1.209000,1.189000,1.201000,282886.00000000,157012.10000000,31138.20000000
1773968400000,1.201000,1.218000,1.201000,1.216000,292393.90000000,163307.80000000,34221.70000000
1773972000000,1.216000,1.216000,1.202000,1.204000,303626.10000000,127801.80000000,-48022.50000000
1773975600000,1.204000,1.211000,1.194000,1.207000,367768.80000000,196341.90000000,24915.00000000
1773979200000,1.208000,1.222000,1.202000,1.210000,328598.80000000,130896.50000000,-66805.80000000
1773982800000,1.210000,1.221000,1.200000,1.205000,383576.10000000,189468.80000000,-4638.50000000
1773986400000,1.206000,1.208000,1.185000,1.202000,637606.50000000,284004.20000000,-69598.10000000
1773990000000,1.201000,1.205000,1.184000,1.205000,472953.40000000,241422.90000000,9892.40000000
1773993600000,1.205000,1.212000,1.194000,1.196000,421379.20000000,184435.30000000,-52508.60000000
1773997200000,1.196000,1.196000,1.182000,1.186000,471090.00000000,216499.30000000,-38091.40000000
1774000800000,1.186000,1.187000,1.174000,1.181000,502864.60000000,238762.50000000,-25339.60000000
1774004400000,1.181000,1.188000,1.165000,1.169000,631425.90000000,170346.40000000,-290733.10000000
1774008000000,1.169000,1.176000,1.165000,1.173000,306178.00000000,170440.50000000,34703.00000000
1774011600000,1.173000,1.180000,1.156000,1.161000,611718.60000000,354848.10000000,97977.60000000
1774015200000,1.162000,1.168000,1.144000,1.152000,724948.10000000,374282.40000000,23616.70000000
1774018800000,1.152000,1.164000,1.147000,1.160000,418678.10000000,236986.50000000,55294.90000000
1774022400000,1.160000,1.171000,1.156000,1.160000,451554.90000000,298956.30000000,146357.70000000
1774026000000,1.161000,1.163000,1.141000,1.153000,523431.80000000,195566.70000000,-132298.40000000
1774029600000,1.152000,1.163000,1.132000,1.132000,586597.40000000,269760.90000000,-47075.60000000
1774033200000,1.133000,1.138000,1.118000,1.134000,764220.00000000,442262.70000000,120305.40000000
1774036800000,1.134000,1.138000,1.086000,1.098000,1608944.60000000,719807.60000000,-169329.40000000
1774040400000,1.099000,1.108000,1.090000,1.107000,520558.30000000,258986.40000000,-2585.50000000
1774044000000,1.107000,1.132000,1.097000,1.097000,850615.40000000,436112.10000000,21608.80000000
1774047600000,1.098000,1.099000,1.047000,1.062000,3184852.30000000,1544808.40000000,-95235.50000000
1774051200000,1.063000,1.073000,1.045000,1.067000,1185639.80000000,564764.60000000,-56110.60000000
1774054800000,1.067000,1.074000,1.060000,1.063000,507131.10000000,232791.20000000,-41548.70000000
1774058400000,1.063000,1.066000,1.055000,1.064000,459976.90000000,278266.50000000,96556.10000000
1774062000000,1.064000,1.072000,1.055000,1.067000,461980.70000000,234925.60000000,7870.50000000
1774065600000,1.067000,1.089000,1.067000,1.075000,1215232.90000000,610598.60000000,5964.30000000
1774069200000,1.076000,1.087000,1.074000,1.078000,366695.10000000,147129.10000000,-72436.90000000
1774072800000,1.078000,1.096000,1.077000,1.079000,542106.70000000,231284.40000000,-79537.90000000
1774076400000,1.079000,1.089000,1.075000,1.080000,306796.30000000,141697.10000000,-23402.10000000
1774080000000,1.080000,1.084000,1.066000,1.069000,555306.10000000,196175.80000000,-162954.50000000
1774083600000,1.069000,1.072000,1.061000,1.064000,366983.70000000,193111.00000000,19238.30000000
1774087200000,1.065000,1.067000,1.047000,1.055000,694452.60000000,278692.70000000,-137067.20000000
1774090800000,1.055000,1.061000,1.049000,1.054000,321295.00000000,169218.80000000,17142.60000000
1774094400000,1.053000,1.060000,1.037000,1.051000,661925.10000000,322136.10000000,-17652.90000000
1774098000000,1.051000,1.058000,1.046000,1.049000,308615.30000000,125944.10000000,-56727.10000000
1774101600000,1.050000,1.059000,1.046000,1.054000,714975.40000000,388874.90000000,62774.40000000
1774105200000,1.054000,1.058000,1.041000,1.057000,532682.30000000,226922.30000000,-78837.70000000
1774108800000,1.056000,1.057000,1.032000,1.035000,718307.50000000,218362.70000000,-281582.10000000
1774112400000,1.035000,1.063000,1.028000,1.053000,752100.10000000,390951.20000000,29802.30000000
1774116000000,1.053000,1.077000,1.050000,1.070000,602510.50000000,339464.60000000,76418.70000000
1774119600000,1.069000,1.084000,1.066000,1.081000,404815.40000000,158733.60000000,-87348.20000000
1774123200000,1.080000,1.094000,1.080000,1.082000,459268.30000000,226746.20000000,-5775.90000000
1774126800000,1.083000,1.084000,1.073000,1.076000,269377.60000000,120434.90000000,-28507.80000000
1774130400000,1.075000,1.075000,1.066000,1.069000,258710.00000000,105044.50000000,-48621.00000000
1774134000000,1.068000,1.069000,1.033000,1.052000,749331.50000000,326593.70000000,-96144.10000000
1774137600000,1.051000,1.060000,1.037000,1.040000,1092111.30000000,479991.20000000,-132128.90000000
1774141200000,1.040000,1.042000,1.018000,1.024000,1015330.20000000,493483.10000000,-28364.00000000
1774144800000,1.023000,1.040000,1.023000,1.029000,475522.20000000,231687.30000000,-12147.60000000
1774148400000,1.029000,1.035000,1.018000,1.023000,620949.40000000,364323.60000000,107697.80000000
1774152000000,1.023000,1.031000,1.018000,1.025000,417492.90000000,220528.70000000,23564.50000000
1774155600000,1.025000,1.030000,1.015000,1.018000,345454.20000000,141736.40000000,-61981.40000000
1774159200000,1.018000,1.019000,1.006000,1.019000,614492.90000000,181582.70000000,-251327.50000000
1774162800000,1.019000,1.035000,1.013000,1.026000,727476.60000000,365384.80000000,3293.00000000
1774166400000,1.026000,1.030000,1.008000,1.017000,627420.60000000,226654.60000000,-174111.40000000
1774170000000,1.016000,1.022000,1.010000,1.016000,201420.30000000,88532.80000000,-24354.70000000
1774173600000,1.015000,1.016000,1.004000,1.005000,320475.10000000,145494.10000000,-29486.90000000
1774177200000,1.005000,1.011000,0.996000,1.004000,661524.30000000,293730.00000000,-74064.30000000
1774180800000,1.005000,1.013000,0.994000,1.011000,820280.10000000,364138.50000000,-92003.10000000
1774184400000,1.011000,1.019000,1.006000,1.009000,411782.50000000,228929.60000000,46076.70000000
1774188000000,1.010000,1.019000,1.009000,1.013000,288925.10000000,149956.00000000,10986.90000000
1774191600000,1.014000,1.017000,1.009000,1.014000,170676.70000000,77688.40000000,-15299.90000000
1774195200000,1.014000,1.016000,1.005000,1.012000,289096.00000000,124097.30000000,-40901.40000000
1774198800000,1.011000,1.014000,0.994000,0.997000,753247.70000000,397841.00000000,42434.30000000
1774202400000,0.997000,0.998000,0.943000,0.975000,3300116.30000000,1762911.20000000,225706.10000000
1774206000000,0.975000,0.979000,0.962000,0.967000,543916.90000000,260222.00000000,-23472.90000000
1774209600000,0.968000,0.975000,0.965000,0.968000,398995.50000000,176343.60000000,-46308.30000000
1774213200000,0.968000,0.970000,0.941000,0.953000,1128891.90000000,466908.20000000,-195075.50000000
1774216800000,0.954000,0.955000,0.939000,0.948000,864611.60000000,419876.00000000,-24859.60000000
1774220400000,0.947000,0.950000,0.929000,0.938000,812307.50000000,359133.00000000,-94041.50000000
1774224000000,0.938000,0.943000,0.929000,0.936000,1657288.00000000,1136648.70000000,616009.40000000
1774227600000,0.936000,0.943000,0.934000,0.939000,911687.70000000,573652.10000000,235616.50000000
1774231200000,0.939000,0.942000,0.932000,0.935000,865450.80000000,453056.10000000,40661.40000000
1774234800000,0.936000,0.941000,0.924000,0.927000,661999.90000000,283107.30000000,-95785.30000000
1774238400000,0.927000,0.949000,0.926000,0.941000,1584194.20000000,923036.00000000,261877.80000000
1774242000000,0.942000,0.944000,0.926000,0.938000,1044606.60000000,529851.10000000,15095.60000000
1774245600000,0.939000,0.939000,0.914000,0.919000,848642.30000000,325485.90000000,-197670.50000000
1774249200000,0.919000,0.922000,0.905000,0.916000,1059204.70000000,538301.50000000,17398.30000000
1774252800000,0.917000,0.927000,0.915000,0.924000,620989.60000000,288539.70000000,-43910.20000000
1774256400000,0.924000,0.932000,0.921000,0.926000,647285.80000000,345347.70000000,43409.60000000
1774260000000,0.926000,0.938000,0.925000,0.935000,435813.80000000,256400.90000000,76988.00000000
1774263600000,0.934000,0.954000,0.919000,0.931000,5746534.20000000,3732932.30000000,1719330.40000000
1774267200000,0.931000,0.954000,0.925000,0.948000,1468895.40000000,708482.60000000,-51930.20000000
1774270800000,0.947000,0.964000,0.943000,0.954000,1228702.90000000,588080.40000000,-52542.10000000
1774274400000,0.954000,0.960000,0.943000,0.945000,863711.00000000,413225.80000000,-37259.40000000
1774278000000,0.944000,0.949000,0.920000,0.927000,1573537.00000000,752543.30000000,-68450.40000000
1774281600000,0.927000,0.943000,0.924000,0.936000,1162897.40000000,586012.60000000,9127.80000000
1774285200000,0.937000,0.958000,0.931000,0.957000,746304.10000000,334126.20000000,-78051.70000000
1774288800000,0.957000,0.967000,0.951000,0.963000,1036727.00000000,573776.30000000,110825.60000000
1774292400000,0.963000,0.973000,0.957000,0.966000,535881.20000000,273209.30000000,10537.40000000
1774296000000,0.967000,0.984000,0.962000,0.967000,725388.50000000,329375.40000000,-66637.70000000
1774299600000,0.967000,0.974000,0.947000,0.955000,542925.50000000,276060.30000000,9195.10000000
1774303200000,0.956000,0.966000,0.951000,0.958000,375442.90000000,220397.30000000,65351.70000000
1774306800000,0.957000,0.963000,0.950000,0.954000,223173.20000000,90136.90000000,-42899.40000000
1774310400000,0.953000,0.960000,0.940000,0.957000,624771.20000000,317541.70000000,10312.20000000
1774314000000,0.956000,0.959000,0.949000,0.956000,288953.10000000,102861.10000000,-83230.90000000
1774317600000,0.955000,0.959000,0.937000,0.944000,683136.30000000,285189.20000000,-112757.90000000
1774321200000,0.945000,0.950000,0.937000,0.946000,450003.90000000,240518.00000000,31032.10000000
1774324800000,0.947000,0.949000,0.937000,0.942000,261395.50000000,145487.40000000,29579.30000000
1774328400000,0.941000,0.947000,0.938000,0.943000,230215.40000000,110596.90000000,-9021.60000000
1774332000000,0.942000,0.950000,0.939000,0.949000,345004.90000000,197386.70000000,49768.50000000
1774335600000,0.949000,0.956000,0.944000,0.953000,366873.60000000,235413.80000000,103954.00000000
1774339200000,0.953000,0.963000,0.945000,0.949000,614002.50000000,290848.00000000,-32306.50000000
1774342800000,0.949000,0.954000,0.948000,0.954000,227775.90000000,128025.90000000,28275.90000000
1774346400000,0.954000,0.958000,0.948000,0.953000,279534.60000000,127703.00000000,-24128.60000000
1774350000000,0.952000,0.956000,0.940000,0.947000,538295.10000000,257790.30000000,-22714.50000000
1774353600000,0.948000,0.958000,0.940000,0.948000,776085.30000000,471070.10000000,166054.90000000
1774357200000,0.949000,0.964000,0.944000,0.948000,685308.80000000,348814.30000000,12319.80000000
1774360800000,0.947000,0.961000,0.942000,0.961000,622855.40000000,296830.60000000,-29194.20000000
1774364400000,0.962000,0.987000,0.961000,0.970000,1164224.40000000,669292.80000000,174361.20000000
1774368000000,0.971000,0.985000,0.970000,0.976000,541114.00000000,286635.40000000,32156.80000000
1774371600000,0.977000,0.978000,0.959000,0.965000,551679.10000000,225709.40000000,-100260.30000000
1774375200000,0.965000,0.979000,0.962000,0.976000,386898.10000000,220368.10000000,53838.10000000
1774378800000,0.977000,0.983000,0.970000,0.972000,201887.30000000,113629.50000000,25371.70000000
1774382400000,0.971000,0.990000,0.968000,0.989000,550448.50000000,261538.40000000,-27371.70000000
1774386000000,0.989000,0.999000,0.985000,0.996000,577118.20000000,304610.30000000,32102.40000000
1774389600000,0.996000,1.000000,0.987000,0.997000,346164.70000000,201220.80000000,56276.90000000
1774393200000,0.997000,1.019000,0.993000,1.005000,1207145.90000000,631273.50000000,55401.10000000
1774396800000,1.004000,1.022000,0.998000,1.003000,736746.50000000,348440.20000000,-39866.10000000
1774400400000,1.002000,1.017000,0.994000,1.009000,978956.50000000,487940.60000000,-3075.30000000
1774404000000,1.010000,1.015000,0.994000,0.995000,726886.20000000,350839.70000000,-25206.80000000
1774407600000,0.995000,0.997000,0.990000,0.995000,245720.50000000,101244.40000000,-43231.70000000
1774411200000,0.995000,1.012000,0.992000,1.008000,493758.50000000,313933.20000000,134107.90000000
1774414800000,1.008000,1.011000,0.994000,0.998000,478318.30000000,228983.00000000,-20352.30000000
1774418400000,0.998000,1.000000,0.988000,0.988000,210569.00000000,100733.30000000,-9102.40000000
1774422000000,0.989000,0.998000,0.974000,0.977000,693863.10000000,269907.50000000,-154048.10000000
1774425600000,0.978000,0.985000,0.973000,0.975000,441922.50000000,205152.50000000,-31617.50000000
1774429200000,0.976000,0.989000,0.973000,0.984000,331094.10000000,208331.90000000,85569.70000000
1774432800000,0.985000,0.988000,0.978000,0.985000,202279.60000000,115297.60000000,28315.60000000
1774436400000,0.985000,0.996000,0.982000,0.989000,371815.00000000,193497.40000000,15179.80000000
1774440000000,0.990000,0.993000,0.979000,0.986000,359189.60000000,135816.10000000,-87557.40000000
1774443600000,0.987000,1.016000,0.985000,0.991000,1037821.90000000,541748.60000000,45675.30000000
1774447200000,0.990000,1.010000,0.984000,1.005000,562643.80000000,266348.70000000,-29946.40000000
1774450800000,1.005000,1.011000,0.990000,1.001000,471240.20000000,242616.20000000,13992.20000000
1774454400000,1.001000,1.008000,0.991000,0.994000,339707.90000000,164351.30000000,-11005.30000000
1774458000000,0.995000,0.998000,0.985000,0.988000,262020.10000000,107673.70000000,-46672.70000000
1774461600000,0.988000,0.997000,0.985000,0.992000,383735.00000000,167569.50000000,-48596.00000000
1774465200000,0.992000,0.998000,0.985000,0.988000,559870.60000000,294451.90000000,29033.20000000
1774468800000,0.988000,0.988000,0.977000,0.985000,291458.30000000,85831.50000000,-119795.30000000
1774472400000,0.984000,0.989000,0.981000,0.985000,174798.50000000,89115.40000000,3432.30000000
1774476000000,0.984000,0.993000,0.980000,0.991000,220763.60000000,123185.70000000,25607.80000000
1774479600000,0.990000,0.999000,0.986000,0.995000,273307.80000000,194705.20000000,116102.60000000
1774483200000,0.994000,1.001000,0.989000,0.992000,281891.20000000,111462.30000000,-58966.60000000
1774486800000,0.992000,0.998000,0.987000,0.990000,248735.80000000,144179.40000000,39623.00000000
1774490400000,0.990000,0.993000,0.981000,0.991000,403593.40000000,193528.50000000,-16536.40000000
1774494000000,0.990000,0.993000,0.971000,0.974000,625715.20000000,266375.40000000,-92964.40000000
1774497600000,0.974000,0.982000,0.968000,0.974000,571813.00000000,342914.60000000,114016.20000000
1774501200000,0.975000,0.977000,0.948000,0.952000,1390279.80000000,395318.90000000,-599642.00000000
1774504800000,0.951000,0.965000,0.951000,0.961000,492895.10000000,309603.50000000,126311.90000000
1774508400000,0.962000,0.967000,0.952000,0.953000,360717.70000000,169131.20000000,-22455.30000000
1774512000000,0.953000,0.954000,0.947000,0.951000,248081.20000000,128967.70000000,9854.20000000
1774515600000,0.951000,0.961000,0.946000,0.959000,469522.90000000,250227.80000000,30932.70000000
1774519200000,0.959000,0.960000,0.949000,0.953000,610734.30000000,358975.50000000,107216.70000000
1774522800000,0.953000,0.956000,0.948000,0.951000,459905.40000000,219030.20000000,-21845.00000000
1774526400000,0.950000,0.950000,0.935000,0.941000,506632.10000000,257224.70000000,7817.30000000
1774530000000,0.940000,0.951000,0.937000,0.945000,477953.20000000,245579.40000000,13205.60000000
1774533600000,0.946000,0.955000,0.945000,0.949000,558415.00000000,289703.80000000,20992.60000000
1774537200000,0.948000,0.949000,0.932000,0.942000,732944.90000000,296166.20000000,-140612.50000000
1774540800000,0.941000,0.943000,0.936000,0.937000,372889.20000000,183365.40000000,-6158.40000000
1774544400000,0.937000,0.939000,0.922000,0.924000,876441.90000000,412831.10000000,-50779.70000000
1774548000000,0.924000,0.926000,0.916000,0.921000,699244.80000000,415115.10000000,130985.40000000
1774551600000,0.920000,0.921000,0.901000,0.904000,758525.80000000,320129.40000000,-118267.00000000
1774555200000,0.905000,0.920000,0.895000,0.907000,1516352.20000000,787611.80000000,58871.40000000
1774558800000,0.907000,0.910000,0.902000,0.904000,372711.40000000,150165.80000000,-72379.80000000
1774562400000,0.904000,0.912000,0.902000,0.910000,616867.50000000,350625.50000000,84383.50000000
1774566000000,0.909000,0.914000,0.903000,0.910000,431413.70000000,232048.10000000,32682.50000000
1774569600000,0.910000,0.918000,0.871000,0.878000,3468904.30000000,1639111.80000000,-190680.70000000
1774573200000,0.878000,0.884000,0.871000,0.883000,911950.10000000,497140.00000000,82329.90000000
1774576800000,0.883000,0.905000,0.878000,0.890000,923064.70000000,462052.30000000,1039.90000000
1774580400000,0.891000,0.901000,0.890000,0.894000,515038.00000000,258189.60000000,1341.20000000
1774584000000,0.893000,0.894000,0.879000,0.880000,555950.60000000,289282.90000000,22615.20000000
1774587600000,0.880000,0.886000,0.879000,0.881000,295722.00000000,144619.50000000,-6483.00000000
1774591200000,0.881000,0.885000,0.868000,0.874000,598328.70000000,228150.80000000,-142027.10000000
1774594800000,0.874000,0.883000,0.870000,0.880000,382842.10000000,200449.70000000,18057.30000000
1774598400000,0.880000,0.883000,0.868000,0.881000,682635.50000000,332317.30000000,-18000.90000000
1774602000000,0.881000,0.889000,0.871000,0.884000,1342214.40000000,626688.70000000,-88837.00000000
1774605600000,0.884000,0.889000,0.860000,0.861000,1612384.90000000,737699.50000000,-136985.90000000
1774609200000,0.862000,0.865000,0.838000,0.839000,2036416.80000000,850429.30000000,-335558.20000000
1774612800000,0.839000,0.865000,0.825000,0.854000,4272066.30000000,2318818.90000000,365571.50000000
1774616400000,0.853000,0.866000,0.851000,0.858000,1294529.10000000,747728.60000000,200928.10000000
1774620000000,0.858000,0.867000,0.854000,0.857000,984766.20000000,441595.10000000,-101576.00000000
1774623600000,0.858000,0.861000,0.842000,0.853000,1068460.30000000,384330.10000000,-299800.10000000
1774627200000,0.854000,0.866000,0.848000,0.863000,701801.00000000,347050.90000000,-7699.20000000
1774630800000,0.863000,0.870000,0.859000,0.862000,1076702.30000000,432671.10000000,-211360.10000000
1774634400000,0.862000,0.894000,0.861000,0.890000,1111292.70000000,642541.40000000,173790.10000000
1774638000000,0.890000,0.902000,0.888000,0.894000,691808.50000000,339984.60000000,-11839.30000000
1774641600000,0.895000,0.895000,0.880000,0.883000,416952.80000000,168910.70000000,-79131.40000000
1774645200000,0.883000,0.887000,0.881000,0.884000,114206.60000000,52764.70000000,-8677.20000000
1774648800000,0.884000,0.889000,0.880000,0.882000,182814.00000000,94785.50000000,6757.00000000
1774652400000,0.882000,0.884000,0.877000,0.882000,227197.20000000,116356.30000000,5515.40000000
1774656000000,0.882000,0.888000,0.875000,0.878000,461703.40000000,202336.30000000,-57030.80000000
1774659600000,0.878000,0.879000,0.861000,0.866000,416379.80000000,166560.80000000,-83258.20000000
1774663200000,0.867000,0.868000,0.857000,0.862000,296090.00000000,131439.70000000,-33210.60000000
1774666800000,0.862000,0.866000,0.858000,0.859000,135477.90000000,67668.90000000,-140.10000000
1774670400000,0.860000,0.860000,0.852000,0.853000,290624.30000000,136002.60000000,-18619.10000000
1774674000000,0.854000,0.854000,0.847000,0.851000,288037.70000000,111285.60000000,-65466.50000000
1774677600000,0.851000,0.855000,0.850000,0.853000,239726.20000000,150260.70000000,60795.20000000
1774681200000,0.854000,0.860000,0.852000,0.860000,126479.10000000,62054.80000000,-2369.50000000
1774684800000,0.860000,0.868000,0.858000,0.862000,231356.70000000,141918.00000000,52479.30000000
1774688400000,0.863000,0.865000,0.860000,0.862000,121941.20000000,74422.00000000,26902.80000000
1774692000000,0.862000,0.867000,0.860000,0.864000,150905.50000000,80429.30000000,9953.10000000
1774695600000,0.864000,0.872000,0.862000,0.864000,241043.70000000,106669.00000000,-27705.70000000
1774699200000,0.864000,0.874000,0.863000,0.872000,581206.50000000,357769.70000000,134332.90000000
1774702800000,0.872000,0.888000,0.869000,0.887000,644649.40000000,386285.80000000,127922.20000000
1774706400000,0.887000,0.888000,0.876000,0.876000,274199.30000000,128457.10000000,-17285.10000000
1774710000000,0.877000,0.883000,0.871000,0.882000,508205.10000000,336170.60000000,164136.10000000
1774713600000,0.883000,0.883000,0.871000,0.879000,368128.40000000,146726.20000000,-74676.00000000
1774717200000,0.879000,0.884000,0.868000,0.870000,280840.40000000,129259.80000000,-22320.80000000
1774720800000,0.871000,0.874000,0.869000,0.870000,95729.30000000,50743.90000000,5758.50000000
1774724400000,0.871000,0.872000,0.868000,0.870000,99289.30000000,54622.00000000,9954.70000000
1774728000000,0.871000,0.873000,0.868000,0.869000,82471.00000000,42963.30000000,3455.60000000
1774731600000,0.869000,0.871000,0.854000,0.857000,170191.90000000,56661.80000000,-56868.30000000
1774735200000,0.857000,0.864000,0.854000,0.862000,138174.10000000,55448.20000000,-27277.70000000
1774738800000,0.862000,0.863000,0.849000,0.857000,239612.10000000,112301.80000000,-15008.50000000
1774742400000,0.856000,0.859000,0.848000,0.854000,477851.60000000,227770.40000000,-22310.80000000
1774746000000,0.854000,0.856000,0.849000,0.851000,225608.70000000,111707.80000000,-2193.10000000
1774749600000,0.851000,0.857000,0.850000,0.855000,156999.80000000,75667.90000000,-5664.00000000
1774753200000,0.856000,0.862000,0.855000,0.861000,172221.30000000,82858.00000000,-6505.30000000
1774756800000,0.861000,0.868000,0.860000,0.864000,335702.40000000,242926.40000000,150150.40000000
1774760400000,0.864000,0.866000,0.857000,0.859000,234112.40000000,110096.10000000,-13920.20000000
1774764000000,0.860000,0.862000,0.855000,0.859000,94665.80000000,51351.20000000,8036.60000000
1774767600000,0.858000,0.859000,0.852000,0.853000,131600.20000000,72536.70000000,13473.20000000
1774771200000,0.854000,0.856000,0.852000,0.856000,91086.10000000,54237.30000000,17388.50000000
1774774800000,0.856000,0.860000,0.853000,0.858000,215252.50000000,117342.30000000,19432.10000000
1774778400000,0.859000,0.859000,0.845000,0.846000,225602.60000000,90741.50000000,-44119.60000000
1774782000000,0.846000,0.856000,0.846000,0.855000,290699.60000000,166521.80000000,42344.00000000
1774785600000,0.855000,0.855000,0.846000,0.849000,110217.90000000,69257.90000000,28297.90000000
1774789200000,0.849000,0.856000,0.844000,0.846000,250253.10000000,153056.00000000,55858.90000000
1774792800000,0.847000,0.856000,0.845000,0.850000,233630.50000000,139919.40000000,46208.30000000
1774796400000,0.850000,0.852000,0.843000,0.845000,477716.70000000,225634.10000000,-26448.50000000
1774800000000,0.845000,0.848000,0.839000,0.842000,299142.50000000,120303.40000000,-58535.70000000
1774803600000,0.841000,0.842000,0.830000,0.832000,475529.60000000,213087.10000000,-49355.40000000
1774807200000,0.832000,0.835000,0.825000,0.829000,335874.90000000,164412.40000000,-7050.10000000
1774810800000,0.829000,0.837000,0.824000,0.826000,456768.50000000,238246.80000000,19725.10000000
1774814400000,0.826000,0.832000,0.822000,0.830000,380183.10000000,198370.40000000,16557.70000000
1774818000000,0.831000,0.836000,0.831000,0.836000,168677.00000000,68549.90000000,-31577.20000000
1774821600000,0.835000,0.835000,0.805000,0.820000,876729.30000000,409667.70000000,-57393.90000000
1774825200000,0.820000,0.827000,0.815000,0.826000,706709.40000000,298737.50000000,-109234.40000000
1774828800000,0.826000,0.840000,0.824000,0.834000,471062.30000000,226154.20000000,-18753.90000000
1774832400000,0.834000,0.844000,0.832000,0.843000,336065.90000000,202865.40000000,69664.90000000
1774836000000,0.843000,0.848000,0.839000,0.843000,388709.40000000,213604.90000000,38500.40000000
1774839600000,0.843000,0.850000,0.839000,0.847000,347295.00000000,223772.60000000,100250.20000000
1774843200000,0.848000,0.850000,0.836000,0.843000,396898.30000000,186285.00000000,-24328.30000000
1774846800000,0.843000,0.848000,0.841000,0.841000,209942.70000000,108545.40000000,7148.10000000
1774850400000,0.840000,0.843000,0.834000,0.834000,119114.60000000,63091.60000000,7068.60000000
1774854000000,0.834000,0.842000,0.832000,0.841000,200138.30000000,105372.60000000,10606.90000000
1774857600000,0.840000,0.846000,0.840000,0.841000,263050.30000000,119245.10000000,-24560.10000000
1774861200000,0.842000,0.842000,0.832000,0.832000,348554.50000000,183953.70000000,19352.90000000
1774864800000,0.833000,0.833000,0.827000,0.829000,304537.20000000,177060.70000000,49584.20000000
1774868400000,0.829000,0.839000,0.829000,0.837000,398972.40000000,220319.30000000,41666.20000000
1774872000000,0.837000,0.840000,0.836000,0.837000,114741.10000000,51711.60000000,-11317.90000000
1774875600000,0.838000,0.838000,0.819000,0.822000,531411.30000000,235745.00000000,-59921.30000000
1774879200000,0.821000,0.822000,0.810000,0.820000,431910.70000000,213180.20000000,-5550.30000000
1774882800000,0.820000,0.822000,0.812000,0.818000,384061.80000000,201601.10000000,19140.40000000
1774886400000,0.819000,0.826000,0.807000,0.812000,345524.10000000,172145.30000000,-1233.50000000
1774890000000,0.813000,0.815000,0.797000,0.810000,899249.80000000,477867.10000000,56484.40000000
1774893600000,0.810000,0.810000,0.798000,0.800000,306807.40000000,175250.10000000,43692.80000000
1774897200000,0.800000,0.801000,0.782000,0.791000,1589340.50000000,779477.10000000,-30386.30000000
1774900800000,0.791000,0.802000,0.791000,0.798000,408931.80000000,208735.30000000,8538.80000000
1774904400000,0.798000,0.812000,0.797000,0.811000,198369.40000000,86083.70000000,-26202.00000000
1774908000000,0.810000,0.817000,0.810000,0.816000,255826.50000000,112406.60000000,-31013.30000000
1774911600000,0.816000,0.817000,0.804000,0.806000,450716.00000000,260221.20000000,69726.40000000
1774915200000,0.806000,0.809000,0.796000,0.806000,1074298.60000000,611936.70000000,149574.80000000
1774918800000,0.805000,0.821000,0.801000,0.815000,691604.40000000,351123.80000000,10643.20000000
1774922400000,0.816000,0.823000,0.813000,0.813000,353281.40000000,203255.10000000,53228.80000000
1774926000000,0.812000,0.814000,0.802000,0.804000,284088.80000000,163919.90000000,43751.00000000
1774929600000,0.804000,0.807000,0.792000,0.798000,473541.80000000,232494.60000000,-8552.60000000
1774933200000,0.798000,0.804000,0.793000,0.802000,360346.20000000,208947.20000000,57548.20000000
1774936800000,0.802000,0.804000,0.790000,0.791000,367077.30000000,145952.30000000,-75172.70000000
1774940400000,0.792000,0.795000,0.786000,0.794000,296511.80000000,151487.40000000,6463.00000000
1774944000000,0.794000,0.797000,0.784000,0.789000,383132.70000000,206312.20000000,29491.70000000
1774947600000,0.788000,0.789000,0.777000,0.781000,861179.80000000,447875.00000000,34570.20000000
1774951200000,0.781000,0.790000,0.780000,0.789000,433648.60000000,236372.60000000,39096.60000000
1774954800000,0.789000,0.796000,0.786000,0.794000,340281.90000000,197131.90000000,53981.90000000
1774958400000,0.795000,0.803000,0.794000,0.799000,371008.30000000,213407.50000000,55806.70000000
1774962000000,0.799000,0.812000,0.799000,0.810000,746013.30000000,444484.10000000,142954.90000000
1774965600000,0.810000,0.820000,0.804000,0.809000,861763.80000000,441649.50000000,21535.20000000
1774969200000,0.809000,0.828000,0.809000,0.820000,1026277.30000000,593247.60000000,160217.90000000
1774972800000,0.819000,0.856000,0.819000,0.854000,1798651.50000000,1013040.60000000,227429.70000000
1774976400000,0.855000,0.870000,0.837000,0.842000,2880144.30000000,1423154.30000000,-33835.70000000
1774980000000,0.842000,0.853000,0.840000,0.841000,694894.50000000,309575.60000000,-75743.30000000
1774983600000,0.842000,0.855000,0.841000,0.850000,480276.90000000,281622.70000000,82968.50000000
1774987200000,0.851000,0.886000,0.850000,0.862000,1885992.00000000,1014454.40000000,142916.80000000
1774990800000,0.862000,0.862000,0.847000,0.854000,421539.50000000,169596.70000000,-82346.10000000
1774994400000,0.854000,0.858000,0.851000,0.855000,318084.70000000,161630.40000000,5176.10000000
1774998000000,0.855000,0.872000,0.854000,0.869000,219703.80000000,130728.70000000,41753.60000000
1775001600000,0.869000,0.877000,0.866000,0.874000,550090.30000000,302574.90000000,55059.50000000
1775005200000,0.874000,0.878000,0.854000,0.856000,642916.90000000,275977.40000000,-90962.10000000
1775008800000,0.857000,0.861000,0.849000,0.853000,247145.50000000,121793.30000000,-3558.90000000
1775012400000,0.853000,0.860000,0.851000,0.857000,380600.70000000,164397.70000000,-51805.30000000
1775016000000,0.856000,0.859000,0.850000,0.853000,267573.30000000,65095.90000000,-137381.50000000
1775019600000,0.853000,0.906000,0.851000,0.877000,2768983.90000000,1410450.90000000,51917.90000000
1775023200000,0.878000,0.909000,0.872000,0.892000,1514740.60000000,732195.40000000,-50349.80000000
1775026800000,0.892000,0.896000,0.874000,0.878000,585280.80000000,225962.70000000,-133355.40000000
1775030400000,0.879000,0.889000,0.877000,0.878000,285295.60000000,143477.10000000,1658.60000000
1775034000000,0.878000,0.880000,0.871000,0.878000,309576.10000000,164246.00000000,18915.90000000
1775037600000,0.878000,0.886000,0.872000,0.880000,328196.70000000,170746.50000000,13296.30000000
1775041200000,0.881000,0.889000,0.878000,0.881000,276558.60000000,145847.20000000,15135.80000000
1775044800000,0.881000,0.892000,0.875000,0.876000,326852.60000000,161028.40000000,-4795.80000000
1775048400000,0.876000,0.881000,0.858000,0.864000,705772.80000000,318289.60000000,-69193.60000000
1775052000000,0.864000,0.875000,0.862000,0.871000,310750.50000000,174521.80000000,38293.10000000
1775055600000,0.872000,0.892000,0.866000,0.888000,510102.10000000,281412.50000000,52722.90000000
1775059200000,0.888000,0.907000,0.883000,0.899000,862597.50000000,464590.60000000,66583.70000000
1775062800000,0.900000,0.920000,0.892000,0.896000,1081129.90000000,504012.30000000,-73105.30000000
1775066400000,0.897000,0.899000,0.876000,0.877000,757204.50000000,367506.80000000,-22190.90000000
1775070000000,0.878000,0.880000,0.871000,0.875000,316016.60000000,147159.50000000,-21697.60000000
1775073600000,0.875000,0.879000,0.868000,0.875000,334694.60000000,171824.40000000,8954.20000000
1775077200000,0.875000,0.896000,0.873000,0.895000,297508.90000000,198848.90000000,100188.90000000
1775080800000,0.894000,0.898000,0.886000,0.891000,375697.80000000,205527.30000000,35356.80000000
1775084400000,0.892000,0.901000,0.887000,0.889000,322526.80000000,167461.70000000,12396.60000000
1775088000000,0.890000,0.914000,0.887000,0.904000,642716.50000000,323516.40000000,4316.30000000
1775091600000,0.903000,0.904000,0.855000,0.857000,2002307.20000000,959262.80000000,-83781.60000000
1775095200000,0.857000,0.859000,0.835000,0.839000,1513729.30000000,658873.70000000,-195981.90000000
1775098800000,0.840000,0.840000,0.821000,0.829000,868711.80000000,423265.20000000,-22181.40000000
1775102400000,0.829000,0.833000,0.817000,0.830000,865089.80000000,355310.40000000,-154469.00000000
1775106000000,0.831000,0.840000,0.827000,0.837000,419557.50000000,222317.40000000,25077.30000000
1775109600000,0.838000,0.852000,0.833000,0.851900,549974.20000000,320110.10000000,90246.00000000
1775113200000,0.852000,0.864800,0.847100,0.863700,967871.50000000,531525.80000000,95180.10000000
1775116800000,0.863800,0.864900,0.853200,0.857300,587152.40000000,298745.60000000,10338.80000000
1775120400000,0.857400,0.862900,0.848000,0.851300,551644.60000000,260884.90000000,-29874.80000000
1775124000000,0.851300,0.859800,0.846400,0.859600,413613.20000000,220964.10000000,28315.00000000
1775127600000,0.859600,0.869600,0.856200,0.860200,477303.60000000,280849.50000000,84395.40000000
1775131200000,0.860200,0.919900,0.859200,0.909500,4917065.80000000,2563537.60000000,210009.40000000
1775134800000,0.909300,0.936900,0.885700,0.901500,6426633.30000000,3274994.20000000,123355.10000000
1775138400000,0.901600,0.922100,0.888000,0.914900,2563995.40000000,1330280.00000000,96564.60000000
1775142000000,0.915000,0.935700,0.903000,0.907400,2314124.10000000,989566.30000000,-334991.50000000
1775145600000,0.907400,0.939800,0.906900,0.933500,1534846.40000000,933238.40000000,331630.40000000
1775149200000,0.933400,0.966600,0.930000,0.938300,4256390.00000000,2155655.00000000,54920.00000000
1775152800000,0.938400,0.992600,0.928200,0.983700,3143768.60000000,1698263.70000000,252758.80000000
1775156400000,0.983700,0.996000,0.967100,0.987200,1557648.80000000,777157.20000000,-3334.40000000
1775160000000,0.987500,0.999300,0.982800,0.994000,1907396.00000000,849744.80000000,-207906.40000000
1775163600000,0.994000,0.998900,0.954500,0.964200,2103172.20000000,869291.50000000,-364589.20000000
1775167200000,0.964200,0.969100,0.953100,0.958400,1141721.70000000,528507.30000000,-84707.10000000
1775170800000,0.958400,0.973900,0.944800,0.947200,2593053.20000000,1064084.60000000,-464884.00000000
1775174400000,0.947500,0.953400,0.938200,0.945300,779085.60000000,293760.80000000,-191564.00000000
1775178000000,0.945500,0.950200,0.936900,0.938000,808685.10000000,289491.80000000,-229701.50000000
1775181600000,0.938000,0.939500,0.923400,0.933600,1123958.90000000,473965.20000000,-176028.50000000
1775185200000,0.933700,0.934800,0.915800,0.927500,853756.90000000,304175.30000000,-245406.30000000
1775188800000,0.927400,0.933800,0.918000,0.930300,798246.90000000,349399.70000000,-99447.50000000
1775192400000,0.930300,0.931400,0.912500,0.915400,861729.00000000,339193.10000000,-183342.80000000
1775196000000,0.915400,0.961700,0.913000,0.957300,2219331.20000000,1324131.20000000,428931.20000000
1775199600000,0.957400,1.029900,0.956300,1.028100,5827023.60000000,3071370.70000000,315717.80000000
1775203200000,1.027900,1.039700,0.997400,1.004400,5007060.40000000,2267813.80000000,-471432.80000000
1775206800000,1.004300,1.029900,0.996300,1.006800,3189788.20000000,1612307.00000000,34825.80000000
1775210400000,1.007000,1.027400,1.002100,1.020700,2314780.60000000,1078652.70000000,-157475.20000000
1775214000000,1.020800,1.043000,1.006700,1.025800,2428683.80000000,1194108.60000000,-40466.60000000
1775217600000,1.025600,1.040400,1.002700,1.007300,2774408.70000000,1376497.00000000,-21414.70000000
1775221200000,1.007000,1.016100,0.986300,0.990900,2168136.70000000,973603.40000000,-220929.90000000
1775224800000,0.991000,0.992400,0.968000,0.988900,1651069.40000000,812410.30000000,-26248.80000000
1775228400000,0.988800,0.995400,0.976800,0.995400,1057735.50000000,544666.60000000,31597.70000000
1775232000000,0.995400,1.014000,0.983800,0.985100,1763547.00000000,801403.10000000,-160740.80000000
1775235600000,0.985100,0.985700,0.941300,0.959000,2306574.60000000,934571.30000000,-437432.00000000
1775239200000,0.959100,0.967900,0.947800,0.954000,1658512.90000000,856841.10000000,55169.30000000
1775242800000,0.954200,0.959000,0.948600,0.957100,585737.70000000,317623.40000000,49509.10000000
1775246400000,0.957200,0.972200,0.956500,0.970500,582615.20000000,386542.70000000,190470.20000000
1775250000000,0.970500,1.001300,0.968700,0.998700,581200.90000000,337007.60000000,92814.30000000
1775253600000,0.998300,0.998400,0.976800,0.979100,792137.40000000,363070.60000000,-65996.20000000
1775257200000,0.979000,0.991300,0.978200,0.987200,353226.90000000,198245.50000000,43264.10000000
1775260800000,0.987300,0.992000,0.979400,0.985300,381206.10000000,184596.30000000,-12013.50000000
1775264400000,0.985200,0.988000,0.975400,0.981400,379668.10000000,216605.70000000,53543.30000000
1775268000000,0.981300,0.985800,0.962000,0.964500,516434.60000000,227859.10000000,-60716.40000000
1775271600000,0.964500,0.966700,0.952300,0.956200,592738.40000000,252557.60000000,-87623.20000000
1775275200000,0.956200,0.962300,0.949100,0.951700,434177.10000000,216153.90000000,-1869.30000000
1775278800000,0.951800,0.952200,0.938300,0.942400,524865.30000000,266740.80000000,8616.30000000
1775282400000,0.942500,0.947900,0.937500,0.945900,590494.70000000,405723.60000000,220952.50000000
1775286000000,0.945900,0.958100,0.944600,0.949900,501636.60000000,286598.10000000,71559.60000000
1775289600000,0.949900,0.958900,0.948200,0.950900,422018.40000000,250072.20000000,78126.00000000
1775293200000,0.950800,0.964400,0.949500,0.962800,378219.70000000,230910.00000000,83600.30000000
1775296800000,0.962800,0.973400,0.956900,0.967700,711822.40000000,338794.40000000,-34233.60000000
1775300400000,0.967700,0.972200,0.965100,0.969000,306116.20000000,166880.20000000,27644.20000000
1775304000000,0.969000,0.987200,0.961100,0.966600,1427552.90000000,651930.40000000,-123692.10000000
1775307600000,0.966700,0.971500,0.957100,0.965400,502232.00000000,224413.30000000,-53405.40000000
1775311200000,0.965500,0.972500,0.947800,0.955600,747901.80000000,380452.90000000,13004.00000000
1775314800000,0.955700,0.961500,0.950000,0.955200,675843.60000000,366909.90000000,57976.20000000
1775318400000,0.955300,0.986800,0.955100,0.979600,813778.10000000,520037.60000000,226297.10000000
1775322000000,0.979500,1.015600,0.976200,1.011600,1551077.10000000,860843.80000000,170610.50000000
1775325600000,1.011800,1.038100,1.009200,1.012900,2758509.70000000,1335253.50000000,-88002.70000000
1775329200000,1.012900,1.027000,1.006800,1.008400,683953.20000000,314277.70000000,-55397.80000000
1775332800000,1.008500,1.010400,0.992700,0.998200,1038776.30000000,436058.50000000,-166659.30000000
1775336400000,0.998200,1.002500,0.987000,0.994800,437031.50000000,228846.10000000,20660.70000000
1775340000000,0.995000,1.000100,0.984700,0.994900,439975.70000000,190595.40000000,-58784.90000000
1775343600000,0.994400,0.997500,0.981400,0.983300,337286.20000000,152822.70000000,-31640.80000000
1775347200000,0.983300,0.984900,0.968500,0.980500,513552.20000000,230190.20000000,-53171.80000000
1775350800000,0.980500,0.990800,0.974600,0.990800,462489.30000000,265303.00000000,68116.70000000
1775354400000,0.990700,0.992500,0.978900,0.981400,315371.60000000,169628.60000000,23885.60000000
1775358000000,0.981300,0.981400,0.975300,0.975700,223943.10000000,73007.80000000,-77927.50000000
1775361600000,0.975800,0.984400,0.965200,0.973100,509652.30000000,264696.20000000,19740.10000000
1775365200000,0.973200,0.979000,0.966100,0.972700,391623.00000000,207934.30000000,24245.60000000
1775368800000,0.972700,0.978000,0.963200,0.963500,307642.80000000,134736.80000000,-38169.20000000
1775372400000,0.963600,0.964800,0.952600,0.958800,607251.50000000,232532.00000000,-142187.50000000
1775376000000,0.958800,0.974000,0.956800,0.969600,652113.60000000,414015.60000000,175917.60000000
1775379600000,0.969500,1.000900,0.968400,0.991100,1279132.80000000,773059.00000000,266985.20000000
1775383200000,0.991200,0.995600,0.980900,0.986400,666404.30000000,302541.90000000,-61320.50000000
1775386800000,0.986500,0.988400,0.977300,0.980300,229336.80000000,99746.80000000,-29843.20000000
1775390400000,0.980300,0.982300,0.936700,0.938800,1326524.20000000,541748.60000000,-243027.00000000
1775394000000,0.938900,0.957600,0.936800,0.955600,912138.50000000,500381.40000000,88624.30000000
1775397600000,0.955700,0.964400,0.953000,0.960100,415679.20000000,193074.60000000,-29530.00000000
1775401200000,0.960200,0.977800,0.954700,0.973700,540004.00000000,276825.30000000,13646.60000000
1775404800000,0.973700,0.985500,0.960100,0.963200,675614.40000000,276351.80000000,-122910.80000000
1775408400000,0.963600,0.969600,0.957000,0.961900,465444.80000000,245007.90000000,24571.00000000
1775412000000,0.962000,0.964800,0.951800,0.957500,462579.80000000,192117.90000000,-78344.00000000
1775415600000,0.957700,0.960100,0.951800,0.954700,321565.40000000,157926.30000000,-5712.80000000
1775419200000,0.954700,0.985700,0.954600,0.982600,448785.00000000,240176.10000000,31567.20000000
1775422800000,0.982600,0.986000,0.964600,0.965200,311231.90000000,144457.70000000,-22316.50000000
1775426400000,0.965300,0.989600,0.957800,0.988400,669066.50000000,422993.00000000,176919.50000000
1775430000000,0.988400,1.018600,0.986100,1.007500,2294389.40000000,1273499.50000000,252609.60000000
1775433600000,1.007500,1.017100,1.000300,1.008200,876129.00000000,445597.30000000,15065.60000000
1775437200000,1.008200,1.009400,1.000700,1.004500,392618.90000000,201772.60000000,10926.30000000
1775440800000,1.004600,1.018600,1.004200,1.016400,375145.60000000,204831.40000000,34517.20000000
1775444400000,1.016600,1.028400,1.010800,1.027500,455618.00000000,225462.10000000,-4693.80000000
1775448000000,1.027500,1.039000,1.000800,1.002400,2216967.50000000,898732.50000000,-419502.50000000
1775451600000,1.002500,1.003800,0.988200,1.000200,703946.60000000,348715.50000000,-6515.60000000
1775455200000,1.000200,1.006700,0.987200,0.991800,325093.20000000,150703.40000000,-23686.40000000
1775458800000,0.991700,1.007500,0.982000,1.003000,983209.90000000,577157.80000000,171105.70000000
1775462400000,1.003000,1.055800,1.000600,1.031200,2593680.80000000,1222268.50000000,-149143.80000000
1775466000000,1.031000,1.055600,1.030500,1.043300,1467222.00000000,724104.20000000,-19013.60000000
1775469600000,1.043400,1.049900,1.037000,1.042100,558061.00000000,260941.60000000,-36177.80000000
1775473200000,1.042000,1.069400,1.031100,1.047100,2247247.40000000,972952.50000000,-301342.40000000
1775476800000,1.047100,1.056900,1.035000,1.042000,807807.20000000,379809.30000000,-48188.60000000
1775480400000,1.042100,1.046900,1.025800,1.036700,552721.70000000,274468.80000000,-3784.10000000
1775484000000,1.036700,1.063500,1.032800,1.048200,1280159.80000000,613409.20000000,-53341.40000000
1775487600000,1.048300,1.098400,1.047000,1.081000,3149844.40000000,1585768.80000000,21693.20000000
1775491200000,1.081300,1.088400,1.063100,1.064800,1499370.40000000,711880.00000000,-75610.40000000
1775494800000,1.064800,1.073500,1.047400,1.060700,1747715.70000000,825892.50000000,-95930.70000000
1775498400000,1.060800,1.067300,1.043200,1.047300,615019.30000000,330860.80000000,46702.30000000
1775502000000,1.047400,1.049400,1.030400,1.048600,747091.40000000,374954.60000000,2817.80000000
1775505600000,1.048700,1.057700,1.033900,1.036200,597097.80000000,319919.60000000,42741.40000000
1775509200000,1.035600,1.036400,1.025000,1.032500,620288.50000000,249205.80000000,-121876.90000000
1775512800000,1.032300,1.039700,1.012100,1.018600,487019.30000000,247025.20000000,7031.10000000
1775516400000,1.018600,1.027200,1.007300,1.022300,962289.70000000,476899.20000000,-8491.30000000
1775520000000,1.022300,1.029800,1.013800,1.023000,537871.90000000,290125.80000000,42379.70000000
1775523600000,1.022900,1.036400,1.009700,1.018200,619935.40000000,296278.30000000,-27378.80000000
1775527200000,1.018200,1.037000,1.013400,1.033700,649971.20000000,303800.10000000,-42371.00000000
1775530800000,1.033700,1.040400,1.029500,1.034700,342673.30000000,212330.40000000,81987.50000000
1775534400000,1.034800,1.065400,1.033000,1.061100,1075742.40000000,694504.30000000,313266.20000000
1775538000000,1.061000,1.067700,1.050800,1.063200,558429.40000000,267641.40000000,-23146.60000000
1775541600000,1.063400,1.076300,1.046900,1.047800,649110.50000000,337815.80000000,26521.10000000
1775545200000,1.047800,1.075300,1.031000,1.068000,1423132.40000000,642867.30000000,-137397.80000000
1775548800000,1.067900,1.087700,1.067700,1.072900,557274.30000000,294118.20000000,30962.10000000
1775552400000,1.072800,1.088700,1.067700,1.069200,613168.20000000,266809.00000000,-79550.20000000
1775556000000,1.069300,1.078500,1.056100,1.060900,940601.40000000,343365.30000000,-253870.80000000
1775559600000,1.061200,1.063800,1.044500,1.052900,517616.60000000,255775.10000000,-6066.40000000
1775563200000,1.053500,1.084300,1.037300,1.071300,2812893.60000000,1658049.70000000,503205.80000000
1775566800000,1.071300,1.092000,1.061100,1.077900,1676159.70000000,730186.80000000,-215786.10000000
1775570400000,1.077900,1.081200,1.049100,1.050800,843710.20000000,391923.80000000,-59862.60000000
1775574000000,1.050800,1.076900,1.042700,1.061400,1243364.50000000,569026.70000000,-105311.10000000
1775577600000,1.061500,1.077800,1.049800,1.062400,1802535.50000000,706060.60000000,-390414.30000000
1775581200000,1.062300,1.076100,1.048200,1.065200,796269.90000000,469412.20000000,142554.50000000
1775584800000,1.065100,1.076000,1.045200,1.055800,1034722.00000000,557624.20000000,80526.40000000
1775588400000,1.055800,1.089000,1.052900,1.087400,987465.60000000,526163.90000000,64862.20000000
1775592000000,1.087400,1.090800,1.072100,1.080300,1039883.40000000,425407.60000000,-189068.20000000
1775595600000,1.080200,1.128400,1.067700,1.124100,2985721.70000000,1690318.20000000,394914.70000000
1775599200000,1.124200,1.130900,1.094900,1.105200,2279792.70000000,1114251.60000000,-51289.50000000
1775602800000,1.105200,1.113700,1.068700,1.074700,2940379.40000000,1471197.40000000,2015.40000000
1775606400000,1.074700,1.100400,1.068400,1.092000,1174158.00000000,573466.90000000,-27224.20000000
1775610000000,1.091900,1.110400,1.086300,1.102300,1156484.40000000,560436.10000000,-35612.20000000
1775613600000,1.102300,1.105400,1.085600,1.088300,646837.60000000,348046.40000000,49255.20000000
1775617200000,1.088200,1.090200,1.070600,1.074900,455844.90000000,274104.50000000,92364.10000000
1775620800000,1.074800,1.076500,1.055000,1.060900,1287686.00000000,656620.00000000,25554.00000000
1775624400000,1.060900,1.067000,1.051300,1.059800,778520.20000000,369009.10000000,-40502.00000000
1775628000000,1.059900,1.065600,1.043300,1.050800,1061386.80000000,467053.80000000,-127279.20000000
1775631600000,1.050800,1.058400,1.045100,1.050800,419297.30000000,266767.30000000,114237.30000000
1775635200000,1.050800,1.052000,1.027500,1.031600,2163230.90000000,906411.50000000,-350407.90000000
1775638800000,1.031500,1.038900,1.022400,1.027700,833006.10000000,338161.10000000,-156683.90000000
1775642400000,1.028000,1.047200,1.027000,1.043900,766886.50000000,480761.40000000,194636.30000000
1775646000000,1.043700,1.055200,1.041900,1.045100,672828.20000000,402913.30000000,132998.40000000
1775649600000,1.045500,1.060800,1.045100,1.049100,571021.10000000,317934.60000000,64848.10000000
1775653200000,1.048800,1.071200,1.045100,1.059100,822277.10000000,415948.00000000,9618.90000000
1775656800000,1.059100,1.076800,1.005700,1.024100,3164667.30000000,1433262.30000000,-298142.70000000
1775660400000,1.024300,1.040800,1.022700,1.037000,1102628.90000000,531421.20000000,-39786.50000000
1775664000000,1.036700,1.040700,1.000700,1.025200,2279421.00000000,1104204.90000000,-71011.20000000
1775667600000,1.025100,1.040600,1.023500,1.035100,535095.20000000,334241.10000000,133387.00000000
1775671200000,1.035200,1.041800,1.011200,1.029600,898148.00000000,469798.90000000,41449.80000000
1775674800000,1.029500,1.040300,1.016000,1.018600,407092.10000000,198881.80000000,-9328.50000000
1775678400000,1.018600,1.028500,1.014000,1.017700,517143.10000000,234570.30000000,-48002.50000000
1775682000000,1.017800,1.025400,1.015700,1.019300,271642.50000000,150328.00000000,29013.50000000
1775685600000,1.019400,1.021300,0.987700,1.011900,1177064.90000000,523193.80000000,-130677.30000000
1775689200000,1.011700,1.011900,0.962100,0.996600,2829984.50000000,1287734.80000000,-254514.90000000
1775692800000,0.996700,1.001500,0.976600,0.983400,991728.10000000,467992.90000000,-55742.30000000
1775696400000,0.983400,0.990100,0.974500,0.983500,629630.10000000,350974.50000000,72318.90000000
1775700000000,0.983600,1.000500,0.980200,0.987000,777401.00000000,396623.10000000,15845.20000000
1775703600000,0.986900,0.992200,0.977800,0.979100,486998.60000000,183124.70000000,-120749.20000000
1775707200000,0.979200,0.987000,0.971500,0.980100,1237449.90000000,566352.80000000,-104744.30000000
1775710800000,0.980100,0.986700,0.976300,0.978500,287407.70000000,130444.60000000,-26518.50000000
1775714400000,0.978700,0.985700,0.972100,0.979500,462405.50000000,215009.60000000,-32386.30000000
1775718000000,0.979500,0.993900,0.979100,0.992100,560353.70000000,330757.90000000,101162.10000000
1775721600000,0.992200,1.002200,0.987300,0.994900,807152.90000000,464075.20000000,120997.50000000
1775725200000,0.994900,1.009500,0.992300,1.002100,688521.30000000,389413.00000000,90304.70000000
1775728800000,1.002100,1.008500,0.994500,0.995000,564832.80000000,294509.60000000,24186.40000000
1775732400000,0.995200,1.000700,0.984800,0.996900,518796.20000000,247208.20000000,-24379.80000000
1775736000000,0.997000,1.005100,0.989800,0.997700,380613.30000000,194026.60000000,7439.90000000
1775739600000,0.997800,1.002100,0.989800,0.993600,579715.50000000,256516.10000000,-66683.30000000
1775743200000,0.993700,0.993800,0.972100,0.989300,1475693.90000000,699142.50000000,-77408.90000000
1775746800000,0.989200,1.032900,0.975100,1.022000,2271570.10000000,1245151.50000000,218732.90000000
1775750400000,1.022100,1.034000,1.017100,1.030100,1034408.70000000,495995.20000000,-42418.30000000
1775754000000,1.030100,1.049200,1.028200,1.032800,949942.10000000,420365.40000000,-109211.30000000
1775757600000,1.032800,1.040700,1.017700,1.037800,1165032.80000000,597014.00000000,28995.20000000
1775761200000,1.037800,1.050000,1.032800,1.039300,978433.70000000,495327.70000000,12221.70000000
1775764800000,1.039500,1.046900,1.030900,1.037500,689710.70000000,320443.60000000,-48823.50000000
1775768400000,1.037300,1.044900,1.032600,1.036800,482955.00000000,266243.00000000,49531.00000000
1775772000000,1.036800,1.049100,1.027900,1.028100,676862.60000000,313875.40000000,-49111.80000000
1775775600000,1.028000,1.031700,1.010800,1.014100,1081707.40000000,423993.20000000,-233721.00000000
1775779200000,1.014100,1.025200,1.008000,1.017900,527490.10000000,240649.10000000,-46191.90000000
1775782800000,1.017800,1.035100,1.008300,1.028600,683634.00000000,303711.60000000,-76210.80000000
1775786400000,1.028500,1.038700,1.020400,1.026800,581972.60000000,366029.20000000,150085.80000000
1775790000000,1.027000,1.040600,1.021800,1.029900,426038.90000000,204607.20000000,-16824.50000000
1775793600000,1.029800,1.061000,1.029700,1.050200,1664336.00000000,775202.50000000,-113931.00000000
1775797200000,1.050300,1.096600,1.047400,1.094400,1722618.60000000,1003862.90000000,285107.20000000
1775800800000,1.094500,1.121100,1.074300,1.103100,3785662.10000000,1677045.80000000,-431570.50000000
1775804400000,1.103000,1.118900,1.092500,1.094100,1430411.30000000,590076.00000000,-250259.30000000
1775808000000,1.094200,1.105800,1.076900,1.078500,842712.80000000,400932.00000000,-40848.80000000
1775811600000,1.078600,1.140900,1.075900,1.120500,2454431.20000000,1501447.40000000,548463.60000000
1775815200000,1.120600,1.121900,1.098300,1.105000,914467.20000000,485677.60000000,56888.00000000
1775818800000,1.105100,1.109300,1.088300,1.100400,911653.80000000,529938.50000000,148223.20000000
1775822400000,1.100500,1.130400,1.096200,1.096500,1198931.60000000,663327.60000000,127723.60000000
1775826000000,1.096600,1.105700,1.077500,1.097100,1514846.70000000,754541.20000000,-5764.30000000
1775829600000,1.097100,1.141700,1.096200,1.133000,2400268.10000000,1219754.20000000,39240.30000000
1775833200000,1.133100,1.155600,1.095400,1.116800,2861539.20000000,1308602.70000000,-244333.80000000
1775836800000,1.116900,1.125300,1.102800,1.121800,1014136.20000000,579901.10000000,145666.00000000
1775840400000,1.121800,1.128500,1.103000,1.124000,1165556.70000000,633973.00000000,102389.30000000
1775844000000,1.123900,1.210600,1.119000,1.166000,4592902.70000000,2689339.90000000,785777.10000000
1775847600000,1.166000,1.184500,1.129800,1.141100,2471247.50000000,1230480.00000000,-10287.50000000
1775851200000,1.141000,1.167100,1.129300,1.143800,1639718.90000000,731129.00000000,-177460.90000000
1775854800000,1.143900,1.155100,1.125100,1.151400,833042.80000000,498205.30000000,163367.80000000
1775858400000,1.151400,1.152100,1.120800,1.132800,707078.80000000,391348.90000000,75619.00000000
1775862000000,1.132600,1.144700,1.128900,1.133600,509635.90000000,268231.30000000,26826.70000000
1775865600000,1.133800,1.156900,1.125300,1.156100,801887.60000000,421392.30000000,40897.00000000
1775869200000,1.155600,1.174800,1.143200,1.173700,904384.30000000,463387.40000000,22390.50000000
1775872800000,1.173600,1.200000,1.161200,1.170000,3470158.20000000,1713969.00000000,-42220.20000000
1775876400000,1.169700,1.191000,1.167000,1.178600,809570.00000000,398124.80000000,-13320.40000000
1775880000000,1.178900,1.184900,1.138200,1.143100,2720180.40000000,1005983.10000000,-708214.20000000
1775883600000,1.143000,1.163500,1.132000,1.156600,1804062.70000000,772110.90000000,-259840.90000000
1775887200000,1.156700,1.165100,1.132700,1.158800,969942.10000000,569299.50000000,168656.90000000
1775890800000,1.158700,1.161800,1.145000,1.149500,538553.60000000,278552.70000000,18551.80000000
1775894400000,1.149600,1.150200,1.136400,1.138300,438778.40000000,240913.00000000,43047.60000000
1775898000000,1.138100,1.153500,1.130000,1.142400,679229.60000000,378262.30000000,77295.00000000
1775901600000,1.142500,1.146700,1.132600,1.135000,393256.20000000,257350.40000000,121444.60000000
1775905200000,1.134900,1.142800,1.125300,1.134000,608647.20000000,278666.20000000,-51314.80000000
1775908800000,1.134100,1.171900,1.133400,1.163600,1184683.10000000,681913.80000000,179144.50000000
1775912400000,1.163500,1.194600,1.159000,1.191800,1341767.20000000,762833.30000000,183899.40000000
1775916000000,1.191600,1.204500,1.167500,1.177400,1422398.30000000,715901.20000000,9404.10000000
1775919600000,1.177600,1.184800,1.164000,1.169500,633828.80000000,269277.70000000,-95273.40000000
1775923200000,1.169500,1.188800,1.169500,1.186400,604008.00000000,367032.40000000,130056.80000000
1775926800000,1.186100,1.218500,1.179800,1.217300,1106569.30000000,525601.50000000,-55366.30000000
1775930400000,1.217500,1.227200,1.188700,1.195000,1490629.30000000,737769.10000000,-15091.10000000
1775934000000,1.195100,1.213100,1.191500,1.198400,930620.60000000,470033.00000000,9445.40000000
1775937600000,1.198400,1.199100,1.174800,1.186200,834075.90000000,382080.40000000,-69915.10000000
1775941200000,1.186300,1.220800,1.178800,1.213900,689868.20000000,322960.30000000,-43947.60000000
1775944800000,1.213600,1.229000,1.193500,1.202900,1057163.70000000,535228.80000000,13293.90000000
1775948400000,1.202900,1.210400,1.186000,1.202100,540199.50000000,262693.60000000,-14812.30000000
1775952000000,1.202000,1.215300,1.167300,1.202000,1463806.80000000,678264.40000000,-107278.00000000
1775955600000,1.202100,1.215600,1.161300,1.172800,2133647.80000000,1004807.70000000,-124032.40000000
1775959200000,1.172700,1.175100,1.139900,1.166000,1571744.20000000,673978.40000000,-223787.40000000
1775962800000,1.165900,1.169600,1.134200,1.143700,1086464.80000000,463592.60000000,-159279.60000000
1775966400000,1.143700,1.145700,1.129000,1.140500,641558.20000000,259262.20000000,-123033.80000000
1775970000000,1.140600,1.170100,1.136000,1.162500,915806.20000000,501413.50000000,87020.80000000
1775973600000,1.162500,1.169800,1.137700,1.141700,659057.60000000,249544.70000000,-159968.20000000
1775977200000,1.142000,1.142700,1.074300,1.103300,4368403.80000000,1817749.90000000,-732904.00000000
1775980800000,1.103400,1.106000,1.084300,1.097200,1124923.20000000,509700.90000000,-105521.40000000
1775984400000,1.097200,1.102000,1.091400,1.092000,375747.90000000,168374.70000000,-38998.50000000
1775988000000,1.092000,1.097700,1.080400,1.087100,832346.10000000,248738.20000000,-334869.70000000
1775991600000,1.087100,1.088900,1.068000,1.077800,930019.30000000,355883.90000000,-218251.50000000
1775995200000,1.077800,1.085000,1.058100,1.066200,785865.30000000,280125.80000000,-225613.70000000
1775998800000,1.066300,1.073700,1.054800,1.062200,1066585.00000000,454383.60000000,-157817.80000000
1776002400000,1.062200,1.076600,1.037500,1.055700,2125210.50000000,1043074.60000000,-39061.30000000
1776006000000,1.055600,1.057500,1.037100,1.044200,1290642.20000000,556971.40000000,-176699.40000000
1776009600000,1.044300,1.055200,1.040000,1.054900,891457.80000000,507383.50000000,123309.20000000
1776013200000,1.054900,1.071100,1.051400,1.064900,1056798.00000000,585945.90000000,115093.80000000
1776016800000,1.065100,1.070600,1.054000,1.059400,1378986.40000000,656931.10000000,-65124.20000000
1776020400000,1.059300,1.083900,1.057300,1.074000,1460328.00000000,847074.50000000,233821.00000000
1776024000000,1.074000,1.090400,1.063400,1.079300,885333.70000000,440111.30000000,-5111.10000000
1776027600000,1.079500,1.083400,1.076000,1.080000,503055.70000000,250679.20000000,-1697.30000000
1776031200000,1.080100,1.093700,1.068100,1.093100,1127998.70000000,535464.30000000,-57070.10000000
1776034800000,1.093100,1.094400,1.080100,1.092200,527155.50000000,324000.50000000,120845.50000000
1776038400000,1.092000,1.105700,1.084200,1.097900,1010024.30000000,597924.90000000,185825.50000000
1776042000000,1.097800,1.140500,1.097100,1.125900,1483398.60000000,891780.60000000,300162.60000000
1776045600000,1.126000,1.152500,1.116500,1.121700,1477540.20000000,715522.50000000,-46495.20000000
1776049200000,1.121900,1.131400,1.105600,1.111800,622583.00000000,291437.80000000,-39707.40000000
1776052800000,1.112000,1.130000,1.111200,1.120000,598599.50000000,336656.60000000,74713.70000000
1776056400000,1.120100,1.121500,1.090100,1.094000,1013372.60000000,369150.90000000,-275070.80000000
1776060000000,1.093900,1.099600,1.086900,1.096600,819764.00000000,340043.50000000,-139677.00000000
1776063600000,1.096600,1.100700,1.083700,1.096600,562772.10000000,292967.20000000,23162.30000000
1776067200000,1.096600,1.106000,1.082300,1.104000,594267.60000000,356866.10000000,119464.60000000
1776070800000,1.103800,1.116900,1.096600,1.103200,759228.00000000,377482.60000000,-4262.80000000
1776074400000,1.103300,1.106700,1.092800,1.095600,594897.80000000,350956.10000000,107014.40000000
1776078000000,1.095700,1.104000,1.091500,1.100000,365321.80000000,169451.20000000,-26419.40000000
1776081600000,1.100100,1.110000,1.087400,1.106000,548206.30000000,278088.90000000,7971.50000000
1776085200000,1.105800,1.128600,1.105200,1.121700,894091.60000000,451633.70000000,9175.80000000
1776088800000,1.121800,1.147000,1.110400,1.146200,1019608.90000000,496943.90000000,-25721.10000000
1776092400000,1.146200,1.154700,1.063500,1.089200,3755412.20000000,1865947.70000000,-23516.80000000
1776096000000,1.089200,1.091200,1.059200,1.084700,1941972.20000000,982144.40000000,22316.60000000
1776099600000,1.084700,1.098300,1.062100,1.070800,1031904.50000000,474258.80000000,-83386.90000000
1776103200000,1.070800,1.127200,1.069600,1.117100,1039858.00000000,600059.90000000,160261.80000000
1776106800000,1.117000,1.139100,1.106600,1.121800,1940617.40000000,952381.00000000,-35855.40000000
1776110400000,1.121800,1.121800,1.095400,1.107900,869364.60000000,353975.20000000,-161414.20000000
1776114000000,1.107800,1.112100,1.093000,1.111700,590137.50000000,231776.90000000,-126583.70000000
1776117600000,1.111600,1.148800,1.108100,1.144300,1391966.00000000,752303.60000000,112641.20000000
1776121200000,1.144200,1.164000,1.136100,1.143000,1120259.70000000,610208.80000000,100157.90000000
1776124800000,1.142900,1.146800,1.118500,1.120600,937070.30000000,321275.50000000,-294519.30000000
1776128400000,1.120300,1.134000,1.114000,1.122500,513064.10000000,255071.80000000,-2920.50000000
1776132000000,1.122400,1.146600,1.121400,1.128500,541571.70000000,272710.60000000,3849.50000000
1776135600000,1.128500,1.134000,1.118900,1.128500,417445.60000000,218207.30000000,18969.00000000
1776139200000,1.128400,1.129400,1.092100,1.103900,1809028.10000000,593868.80000000,-621290.50000000
1776142800000,1.103800,1.105300,1.089100,1.092100,497905.30000000,203227.10000000,-91451.10000000
1776146400000,1.092200,1.094600,1.085600,1.086900,379434.50000000,178493.00000000,-22448.50000000
1776150000000,1.086800,1.130000,1.086200,1.119900,1489580.00000000,896939.00000000,304298.00000000
1776153600000,1.119900,1.129500,1.102900,1.107600,530038.70000000,202753.50000000,-124531.70000000
1776157200000,1.107500,1.108800,1.096100,1.101700,305453.60000000,121444.90000000,-62563.80000000
1776160800000,1.101700,1.133700,1.098200,1.126200,788683.80000000,445734.20000000,102784.60000000
1776164400000,1.126300,1.133800,1.114300,1.123600,576794.60000000,251966.60000000,-72861.40000000
1776168000000,1.123300,1.131500,1.104500,1.116600,567038.80000000,243190.10000000,-80658.60000000
1776171600000,1.116700,1.150000,1.116500,1.135900,1534066.60000000,743606.80000000,-46853.00000000
1776175200000,1.136100,1.165800,1.109900,1.130700,3722819.40000000,1970693.20000000,218567.00000000
1776178800000,1.130900,1.131700,1.091600,1.094600,1632980.90000000,722507.00000000,-187966.90000000
1776182400000,1.094600,1.107100,1.078000,1.079300,1397636.80000000,716174.80000000,34712.80000000
1776186000000,1.079100,1.091900,1.056400,1.071600,1363856.80000000,717230.00000000,70603.20000000
1776189600000,1.071700,1.075000,1.044000,1.051100,968506.80000000,534073.70000000,99640.60000000
1776193200000,1.051300,1.060600,1.024400,1.027800,1316764.40000000,614280.90000000,-88202.60000000
1776196800000,1.027900,1.030800,1.003900,1.018000,3055853.70000000,1540382.00000000,24910.30000000
1776200400000,1.018000,1.025700,1.003800,1.011400,684724.40000000,324800.10000000,-35124.20000000
1776204000000,1.011100,1.026400,1.005700,1.022700,1406095.30000000,820141.00000000,234186.70000000
1776207600000,1.022600,1.030600,1.011300,1.022700,659363.30000000,292641.30000000,-74080.70000000
1776211200000,1.022900,1.031100,1.017400,1.020700,788243.10000000,446363.20000000,104483.30000000
1776214800000,1.020800,1.039400,1.019100,1.031000,977277.70000000,525655.80000000,74033.90000000
1776218400000,1.030900,1.039000,1.023900,1.033800,613054.10000000,309140.00000000,5225.90000000
1776222000000,1.033300,1.034800,1.015300,1.020700,616566.80000000,284929.10000000,-46708.60000000
1776225600000,1.020600,1.023300,1.011200,1.013800,622972.50000000,281660.70000000,-59651.10000000
1776229200000,1.013500,1.016900,0.997900,1.005200,1047143.40000000,425397.50000000,-196348.40000000
1776232800000,1.005200,1.021400,0.995800,1.016700,1046173.00000000,578269.90000000,110366.80000000
1776236400000,1.016100,1.025900,1.012100,1.016500,741658.60000000,463509.40000000,185360.20000000
1776240000000,1.016400,1.042000,1.014100,1.024700,1403879.70000000,846655.60000000,289431.50000000
1776243600000,1.024700,1.034500,1.022700,1.029900,523550.90000000,246861.30000000,-29828.30000000
1776247200000,1.029600,1.054500,1.014300,1.042400,1621629.20000000,854037.80000000,86446.40000000
1776250800000,1.042400,1.045300,1.034100,1.037000,508137.90000000,233116.90000000,-41904.10000000
1776254400000,1.037000,1.041600,1.027400,1.036600,518577.10000000,254691.90000000,-9193.30000000
1776258000000,1.036400,1.036700,1.013300,1.033700,1353845.20000000,762363.40000000,170881.60000000
1776261600000,1.033700,1.064700,1.028600,1.057300,1293262.30000000,669801.90000000,46341.50000000
1776265200000,1.057400,1.065400,1.049100,1.056800,836030.50000000,460643.10000000,85255.70000000
1776268800000,1.056800,1.080700,1.050200,1.071600,795115.60000000,386032.20000000,-23051.20000000
1776272400000,1.071600,1.073300,1.058000,1.063000,560503.00000000,306255.90000000,52008.80000000
1776276000000,1.062900,1.077200,1.061000,1.067300,275178.60000000,152003.80000000,28829.00000000
1776279600000,1.067200,1.094000,1.045400,1.054700,1473723.00000000,703839.00000000,-66045.00000000
1776283200000,1.054700,1.058000,1.030200,1.039200,1496383.10000000,728922.90000000,-38537.30000000
1776286800000,1.039300,1.046400,1.029000,1.042700,1013877.00000000,397190.70000000,-219495.60000000
1776290400000,1.042800,1.052800,1.037500,1.038400,588630.90000000,343284.40000000,97937.90000000
1776294000000,1.038700,1.043000,1.025800,1.040600,411473.40000000,195489.70000000,-20494.00000000
1776297600000,1.040500,1.041700,1.027000,1.038700,420897.80000000,166444.60000000,-88008.60000000
1776301200000,1.038700,1.043300,1.030800,1.036200,366344.50000000,174296.20000000,-17752.10000000
1776304800000,1.036300,1.049200,1.034900,1.046200,444205.20000000,298283.00000000,152360.80000000
1776308400000,1.046100,1.073800,1.045400,1.054400,1134790.60000000,700413.10000000,266035.60000000
1776312000000,1.054500,1.078900,1.050100,1.065400,616219.90000000,319828.80000000,23437.70000000
1776315600000,1.065400,1.087600,1.062200,1.075200,1069802.00000000,508975.30000000,-51851.40000000
1776319200000,1.075300,1.092900,1.075000,1.087700,457372.10000000,229178.00000000,983.90000000
1776322800000,1.087900,1.089000,1.060900,1.068700,477161.10000000,115093.00000000,-246975.10000000
1776326400000,1.068600,1.070800,1.060000,1.062200,333081.40000000,141125.50000000,-50830.40000000
1776330000000,1.062100,1.071000,1.061200,1.062800,195562.60000000,106691.10000000,17819.60000000
1776333600000,1.062600,1.075400,1.058900,1.069000,376847.40000000,201774.10000000,26700.80000000
1776337200000,1.069000,1.077500,1.066400,1.066400,237135.40000000,102538.50000000,-32058.40000000
1776340800000,1.066300,1.074000,1.056600,1.071200,406787.00000000,166881.60000000,-73023.80000000
1776344400000,1.070800,1.079000,1.029200,1.042400,1077598.60000000,433374.70000000,-210849.20000000
1776348000000,1.042300,1.047800,1.021100,1.037800,1381967.70000000,601240.50000000,-179486.70000000
1776351600000,1.037700,1.056300,1.033700,1.051700,621137.50000000,284814.40000000,-51508.70000000
1776355200000,1.051900,1.056600,1.028300,1.029600,840460.50000000,315096.50000000,-210267.50000000
1776358800000,1.029300,1.030700,1.006800,1.023400,1072057.60000000,500501.10000000,-71055.40000000
1776362400000,1.023200,1.057900,1.017000,1.046300,913053.90000000,455219.30000000,-2615.30000000
1776366000000,1.046900,1.060000,1.039400,1.059100,610698.60000000,274704.50000000,-61289.60000000
1776369600000,1.059300,1.060900,1.043200,1.051700,569690.20000000,248042.40000000,-73605.40000000
1776373200000,1.051900,1.060600,1.045400,1.047600,244130.80000000,106084.80000000,-31961.20000000
1776376800000,1.047700,1.054800,1.027000,1.032800,859751.60000000,357139.30000000,-145473.00000000
1776380400000,1.032800,1.049400,1.032200,1.042800,255078.30000000,137314.60000000,19550.90000000
1776384000000,1.042600,1.045300,1.027500,1.030800,336417.30000000,134177.20000000,-68062.90000000
1776387600000,1.030800,1.038500,1.019100,1.020600,478641.60000000,244034.70000000,9427.80000000
1776391200000,1.020700,1.029500,1.017900,1.022000,495765.10000000,246371.90000000,-3021.30000000
1776394800000,1.021800,1.049300,1.018500,1.035800,529445.40000000,290391.70000000,51338.00000000
1776398400000,1.035500,1.039500,1.025400,1.028000,385134.30000000,165312.10000000,-54510.10000000
1776402000000,1.027900,1.027900,1.002000,1.002000,2180737.20000000,916634.10000000,-347469.00000000
1776405600000,1.002100,1.018900,1.000000,1.017000,927994.10000000,487543.30000000,47092.50000000
1776409200000,1.017000,1.030000,1.015000,1.017600,523200.30000000,299853.30000000,76506.30000000
1776412800000,1.017400,1.040000,1.016000,1.033100,897411.90000000,531771.40000000,166130.90000000
1776416400000,1.032700,1.088000,1.026900,1.075400,2086255.00000000,1086128.40000000,86001.80000000
1776420000000,1.075300,1.087800,1.042400,1.048000,1298538.30000000,732033.80000000,165529.30000000
1776423600000,1.048000,1.054800,1.045900,1.049300,331863.20000000,173028.60000000,14194.00000000
1776427200000,1.049400,1.067100,1.044200,1.066700,566205.70000000,283167.30000000,128.90000000
1776430800000,1.066600,1.122200,1.063200,1.119400,2479589.00000000,1316360.50000000,153132.00000000
1776434400000,1.119400,1.132700,1.078800,1.100700,3659349.70000000,1708542.70000000,-242264.30000000
1776438000000,1.100800,1.102300,1.082400,1.092900,1040200.60000000,507613.20000000,-24974.20000000
1776441600000,1.092800,1.102200,1.081900,1.085800,1584665.70000000,837450.80000000,90235.90000000
1776445200000,1.085700,1.086600,1.020000,1.035500,3587297.10000000,1569760.30000000,-447776.50000000
1776448800000,1.035500,1.052100,1.022900,1.039800,1704186.40000000,987276.50000000,270366.60000000
1776452400000,1.040000,1.052600,1.032200,1.039200,973060.70000000,418382.30000000,-136296.10000000
1776456000000,1.038900,1.053200,1.030800,1.053200,620280.60000000,367280.60000000,114280.60000000
1776459600000,1.053100,1.058800,1.042300,1.047900,576003.90000000,323386.60000000,70769.30000000
1776463200000,1.047800,1.063100,1.043100,1.053400,410851.70000000,240660.00000000,70468.30000000
1776466800000,1.053300,1.053300,1.035900,1.046400,356631.00000000,169313.90000000,-18003.20000000
1776470400000,1.046600,1.049800,1.028300,1.037600,464780.10000000,216450.20000000,-31879.70000000
1776474000000,1.037600,1.043100,1.034000,1.040600,350826.30000000,179896.90000000,8967.50000000
1776477600000,1.040600,1.040600,1.027900,1.032300,356073.50000000,181159.90000000,6246.30000000
1776481200000,1.032300,1.048200,1.026700,1.037400,409698.40000000,222495.90000000,35293.40000000
1776484800000,1.037400,1.046600,1.033500,1.037500,396815.30000000,197471.40000000,-1872.50000000
1776488400000,1.037400,1.044700,1.035800,1.040900,196868.40000000,88860.60000000,-19147.20000000
1776492000000,1.041000,1.052600,1.034800,1.042900,628189.70000000,304959.10000000,-18271.50000000
1776495600000,1.043100,1.053600,1.040800,1.045400,380462.50000000,187818.60000000,-4825.30000000
1776499200000,1.045200,1.049500,1.022700,1.034400,858171.20000000,378777.40000000,-100616.40000000
1776502800000,1.034300,1.049000,1.025600,1.043400,454721.80000000,214000.50000000,-26720.80000000
1776506400000,1.043500,1.044900,1.026600,1.028400,397629.00000000,180630.70000000,-36367.60000000
1776510000000,1.028300,1.033900,1.018000,1.030200,549381.40000000,291619.50000000,33857.60000000
1776513600000,1.030100,1.031500,1.008400,1.024700,680996.40000000,294672.10000000,-91652.20000000
1776517200000,1.024600,1.035600,1.021200,1.027400,471230.20000000,271079.50000000,70928.80000000
1776520800000,1.027200,1.049200,1.027100,1.036300,456326.40000000,230308.10000000,4289.80000000
1776524400000,1.036300,1.043900,1.029000,1.032200,443274.70000000,247517.30000000,51759.90000000
1776528000000,1.031900,1.033300,1.018800,1.024500,405841.90000000,187034.80000000,-31772.30000000
1776531600000,1.024300,1.032700,1.017900,1.024100,393940.00000000,160583.60000000,-72772.80000000
1776535200000,1.024100,1.026000,1.011600,1.017300,754335.60000000,361813.80000000,-30708.00000000
1776538800000,1.017100,1.029700,1.016100,1.025000,310135.10000000,161284.20000000,12433.30000000
1776542400000,1.025100,1.025500,1.010100,1.012900,540131.70000000,289414.30000000,38696.90000000
1776546000000,1.012700,1.016900,1.006600,1.010300,424230.60000000,202510.70000000,-19209.20000000
1776549600000,1.010600,1.012300,0.980500,0.986200,1766008.50000000,553479.60000000,-659049.30000000
1776553200000,0.986100,0.988800,0.973600,0.977500,600332.40000000,227801.20000000,-144730.00000000
1776556800000,0.977500,0.983300,0.950800,0.968700,2126512.00000000,781858.30000000,-562795.40000000
1776560400000,0.968600,0.972100,0.942300,0.945300,1040357.60000000,482335.00000000,-75687.60000000
1776564000000,0.945200,0.949000,0.938200,0.940900,1044293.00000000,440389.30000000,-163514.40000000
1776567600000,0.940800,0.942400,0.922200,0.939900,2005818.90000000,1094412.60000000,183006.30000000
1776571200000,0.939800,0.964700,0.938700,0.959900,1458971.90000000,856775.50000000,254579.10000000
1776574800000,0.959800,0.966100,0.933200,0.935100,1491268.30000000,681184.70000000,-128898.90000000
1776578400000,0.935100,0.939100,0.919000,0.930100,1664069.90000000,816767.40000000,-30535.10000000
1776582000000,0.930100,0.935400,0.912000,0.928600,1318707.10000000,587298.50000000,-144110.10000000
1776585600000,0.928500,0.930300,0.919000,0.922300,338669.90000000,134190.60000000,-70288.70000000
1776589200000,0.922200,0.927600,0.907400,0.912900,1572018.50000000,693774.90000000,-184468.70000000
1776592800000,0.913000,0.929900,0.906300,0.923200,1410033.80000000,750849.70000000,91665.60000000
1776596400000,0.923200,0.938000,0.923200,0.928400,965200.70000000,564445.40000000,163690.10000000
1776600000000,0.928200,0.940100,0.925200,0.936300,729093.90000000,374638.70000000,20183.50000000
1776603600000,0.936300,0.956400,0.928300,0.936900,1456327.40000000,680822.00000000,-94683.40000000
1776607200000,0.936600,0.957100,0.936200,0.952500,800727.60000000,530689.20000000,260650.80000000
1776610800000,0.952200,0.952200,0.919000,0.933600,822312.30000000,341004.20000000,-140303.90000000
1776614400000,0.933800,0.934200,0.919200,0.925100,444619.60000000,183728.60000000,-77162.40000000
1776618000000,0.925000,0.925000,0.888800,0.892300,2095946.40000000,693646.40000000,-708653.60000000
1776621600000,0.892300,0.905700,0.886000,0.899100,984150.40000000,479778.60000000,-24593.20000000
1776625200000,0.899200,0.906700,0.897000,0.904600,418835.80000000,196711.50000000,-25412.80000000
1776628800000,0.904400,0.907000,0.891300,0.896500,546896.80000000,299185.90000000,51475.00000000
1776632400000,0.896200,0.906800,0.894000,0.901700,331825.60000000,169576.70000000,7327.80000000
1776636000000,0.901600,0.906800,0.890600,0.897200,783326.90000000,467307.30000000,151287.70000000
1776639600000,0.897000,0.897000,0.884300,0.891000,457387.70000000,216255.20000000,-24877.30000000
1776643200000,0.891100,0.907400,0.889400,0.901600,474326.10000000,286023.40000000,97720.70000000
1776646800000,0.901600,0.910700,0.901600,0.902500,406121.60000000,178331.80000000,-49458.00000000
1776650400000,0.902400,0.908500,0.900400,0.903200,213072.10000000,101303.80000000,-10464.50000000
1776654000000,0.903100,0.911400,0.901000,0.908100,267261.40000000,118471.30000000,-30318.80000000
1776657600000,0.908100,0.910400,0.901300,0.903600,253296.60000000,130300.60000000,7304.60000000
1776661200000,0.903600,0.904700,0.888500,0.897700,550429.00000000,203589.30000000,-143250.40000000
1776664800000,0.897700,0.909900,0.896200,0.904300,376871.20000000,225004.40000000,73137.60000000
1776668400000,0.904300,0.917400,0.900100,0.905200,416260.30000000,237459.10000000,58657.90000000
1776672000000,0.905200,0.906800,0.894200,0.898400,327532.80000000,156750.50000000,-14031.80000000
1776675600000,0.898400,0.909200,0.898400,0.904400,373011.40000000,207096.80000000,41182.20000000
1776679200000,0.904300,0.915600,0.903600,0.904000,594254.90000000,307945.30000000,21635.70000000
1776682800000,0.904000,0.908900,0.902600,0.905700,323181.20000000,150637.10000000,-21907.00000000
1776686400000,0.905600,0.920700,0.902500,0.911500,553197.10000000,277264.70000000,1332.30000000
1776690000000,0.911400,0.925600,0.907500,0.910500,1061507.60000000,500976.70000000,-59554.20000000
1776693600000,0.910300,0.917300,0.901600,0.906200,652230.00000000,272284.10000000,-107661.80000000
1776697200000,0.906200,0.916300,0.898600,0.909400,490350.10000000,220754.40000000,-48841.30000000
1776700800000,0.909500,0.915900,0.905600,0.908200,253092.40000000,129315.10000000,5537.80000000
1776704400000,0.908300,0.921300,0.906100,0.914800,442539.50000000,220733.10000000,-1073.30000000
1776708000000,0.914700,0.927500,0.911000,0.916900,767005.70000000,429545.80000000,92085.90000000
1776711600000,0.916900,0.918300,0.908100,0.912800,386474.00000000,183677.70000000,-19118.60000000
1776715200000,0.912600,0.914600,0.903300,0.909900,358401.70000000,125513.20000000,-107375.30000000
1776718800000,0.909900,0.913100,0.901500,0.904000,374323.80000000,181328.00000000,-11667.80000000
1776722400000,0.904000,0.906600,0.896600,0.902300,309018.10000000,134250.40000000,-40517.30000000
1776726000000,0.902200,0.902200,0.891400,0.898200,457672.50000000,218904.00000000,-19864.50000000
1776729600000,0.898300,0.905700,0.895200,0.904800,322382.30000000,177893.00000000,33403.70000000
1776733200000,0.904800,0.911500,0.899200,0.902500,300298.80000000,155413.60000000,10528.40000000
1776736800000,0.902500,0.902700,0.893800,0.895600,312511.80000000,145341.50000000,-21828.80000000
1776740400000,0.895500,0.898800,0.888300,0.894500,589480.00000000,354852.40000000,120224.80000000
1776744000000,0.894600,0.898800,0.889000,0.898100,414151.10000000,225546.80000000,36942.50000000
1776747600000,0.898000,0.904600,0.897100,0.901700,364066.50000000,181075.30000000,-1915.90000000
1776751200000,0.901600,0.910200,0.895800,0.903100,430216.20000000,242734.60000000,55253.00000000
1776754800000,0.903000,0.907800,0.897500,0.899200,448665.00000000,233179.00000000,17693.00000000
1776758400000,0.899800,0.910300,0.895300,0.901000,385812.10000000,203712.20000000,21612.30000000
1776762000000,0.900900,0.909500,0.899100,0.905000,283516.50000000,185877.40000000,88238.30000000
1776765600000,0.905100,0.916900,0.905000,0.910000,437513.30000000,253801.40000000,70089.50000000
1776769200000,0.910200,0.913800,0.900800,0.910300,483361.30000000,180630.30000000,-122100.70000000
1776772800000,0.910300,0.911400,0.892500,0.901200,518778.80000000,229042.10000000,-60694.60000000
1776776400000,0.901100,0.909000,0.896800,0.907700,364080.80000000,197825.70000000,31570.60000000
1776780000000,0.907700,0.919500,0.901000,0.903200,605818.20000000,293121.10000000,-19576.00000000
1776783600000,0.903000,0.908800,0.893100,0.904000,615472.60000000,295305.30000000,-24862.00000000
1776787200000,0.904000,0.909400,0.894200,0.896000,241660.90000000,105961.40000000,-29738.10000000
1776790800000,0.895900,0.896800,0.881000,0.891700,837130.10000000,380553.00000000,-76024.10000000
1776794400000,0.891600,0.893800,0.865400,0.879000,1208273.40000000,434766.30000000,-338740.80000000
1776798000000,0.879100,0.883800,0.870000,0.879000,789943.40000000,416062.40000000,42181.40000000
1776801600000,0.879000,0.903500,0.878400,0.891200,1322057.80000000,595818.40000000,-130421.00000000
1776805200000,0.891400,0.897100,0.885900,0.887900,273041.00000000,130794.50000000,-11452.00000000
1776808800000,0.887800,0.890100,0.882900,0.887700,211901.60000000,87053.40000000,-37794.80000000
1776812400000,0.887700,0.901600,0.887600,0.897200,363055.30000000,227186.70000000,91318.10000000
1776816000000,0.897200,0.901700,0.893200,0.898600,340070.70000000,182794.50000000,25518.30000000
1776819600000,0.898900,0.899500,0.880200,0.884900,922234.80000000,590864.90000000,259495.00000000
1776823200000,0.884900,0.908200,0.883000,0.903600,678808.70000000,368299.00000000,57789.30000000
1776826800000,0.903700,0.911400,0.901900,0.903400,488345.60000000,204828.80000000,-78688.00000000
1776830400000,0.903500,0.914800,0.903100,0.912000,542808.00000000,283696.30000000,24584.60000000
1776834000000,0.912100,0.924900,0.910300,0.920600,715858.00000000,401302.30000000,86746.60000000
1776837600000,0.920400,0.924600,0.915100,0.918100,526223.70000000,279773.80000000,33323.90000000
1776841200000,0.918200,0.919700,0.911700,0.915500,317579.40000000,117289.60000000,-83000.20000000
1776844800000,0.915600,0.916400,0.907300,0.908900,354540.00000000,127575.80000000,-99388.40000000
1776848400000,0.908800,0.912800,0.905900,0.906300,176706.80000000,97083.20000000,17459.60000000
1776852000000,0.906300,0.924700,0.903200,0.921000,717738.20000000,490655.10000000,263572.00000000
1776855600000,0.921000,0.929800,0.914500,0.925600,893863.90000000,377413.30000000,-139037.30000000
1776859200000,0.925700,0.944700,0.923800,0.927200,1940133.10000000,1060099.90000000,180066.70000000
1776862800000,0.927200,0.939000,0.922100,0.930200,619320.50000000,311904.70000000,4488.90000000
1776866400000,0.929900,0.934700,0.923000,0.929700,541256.20000000,259230.70000000,-22794.80000000
1776870000000,0.929800,0.931300,0.919700,0.920800,385136.60000000,157963.00000000,-69210.60000000
1776873600000,0.921000,0.930700,0.917400,0.919300,705565.90000000,415241.90000000,124917.90000000
1776877200000,0.919300,0.921700,0.892900,0.908400,1861706.70000000,825460.50000000,-210785.70000000
1776880800000,0.908500,0.914400,0.904200,0.907300,542805.20000000,293263.30000000,43721.40000000
1776884400000,0.907300,0.907300,0.891600,0.898100,545568.50000000,253215.40000000,-39137.70000000
1776888000000,0.898200,0.901700,0.881200,0.892700,761790.70000000,421929.30000000,82067.90000000
1776891600000,0.892800,0.899000,0.890900,0.896700,203311.40000000,89034.60000000,-25242.20000000
1776895200000,0.896700,0.900600,0.892300,0.897200,460602.80000000,304063.90000000,147525.00000000
1776898800000,0.897100,0.898600,0.876200,0.878800,594809.10000000,236126.50000000,-122556.10000000
1776902400000,0.878700,0.882100,0.852800,0.874400,1360131.20000000,613264.00000000,-133603.20000000
1776906000000,0.874500,0.875400,0.866500,0.870900,447668.70000000,241869.50000000,36070.30000000
1776909600000,0.870800,0.871000,0.853500,0.861900,619950.60000000,336281.90000000,52613.20000000
1776913200000,0.861800,0.876300,0.860800,0.873000,772105.40000000,490223.50000000,208341.60000000
1776916800000,0.873200,0.893800,0.870200,0.890400,847986.70000000,513756.70000000,179526.70000000
1776920400000,0.890400,0.896600,0.884500,0.887300,516887.90000000,264809.30000000,12730.70000000
1776924000000,0.887400,0.901000,0.884800,0.895400,628380.80000000,344642.00000000,60903.20000000
1776927600000,0.895600,0.899800,0.891500,0.897700,383483.90000000,207094.70000000,30705.50000000
1776931200000,0.897600,0.904000,0.895300,0.901900,333680.50000000,172186.80000000,10693.10000000
1776934800000,0.901900,0.909100,0.895500,0.898500,508966.40000000,240083.40000000,-28799.60000000
1776938400000,0.898400,0.903200,0.889000,0.898400,493080.50000000,180454.60000000,-132171.30000000
1776942000000,0.898500,0.900000,0.891300,0.896500,262320.90000000,108822.60000000,-44675.70000000
1776945600000,0.896500,0.908300,0.891700,0.901000,461191.30000000,203555.40000000,-54080.50000000
1776949200000,0.901100,0.910600,0.896800,0.899300,388285.90000000,203663.90000000,19041.90000000
1776952800000,0.899200,0.932200,0.895300,0.916500,2280984.00000000,1108405.30000000,-64173.40000000
1776956400000,0.916600,0.918900,0.906500,0.916000,515176.20000000,248873.80000000,-17428.60000000
1776960000000,0.916000,0.929800,0.909500,0.910900,788890.80000000,415974.10000000,43057.40000000
1776963600000,0.910900,0.912000,0.888100,0.903400,1112640.30000000,472794.00000000,-167052.30000000
1776967200000,0.903400,0.907000,0.897600,0.899800,566508.60000000,247939.30000000,-70630.00000000
1776970800000,0.899700,0.900300,0.875500,0.895100,1887362.20000000,838064.70000000,-211232.80000000
1776974400000,0.895300,0.907200,0.894900,0.903800,359195.10000000,151908.50000000,-55378.10000000
1776978000000,0.903700,0.911300,0.900500,0.904600,346876.70000000,179574.80000000,12272.90000000
1776981600000,0.904400,0.914500,0.902900,0.911700,269067.90000000,177163.60000000,85259.30000000
1776985200000,0.911600,0.928600,0.910200,0.924500,678231.80000000,432534.50000000,186837.20000000
1776988800000,0.924500,0.945400,0.922300,0.933900,1056674.90000000,541487.80000000,26300.70000000
1776992400000,0.934000,0.935700,0.923000,0.931100,392272.40000000,184104.40000000,-24063.60000000
1776996000000,0.931100,0.936000,0.926000,0.933700,481806.20000000,263533.20000000,45260.20000000
1776999600000,0.933600,0.940200,0.921500,0.935600,589669.10000000,307098.00000000,24526.90000000
1777003200000,0.935700,0.938800,0.923300,0.933600,357727.30000000,163765.00000000,-30197.30000000
1777006800000,0.933700,0.947100,0.925400,0.945000,485556.60000000,252601.70000000,19646.80000000
1777010400000,0.945200,0.955700,0.939700,0.948400,569735.10000000,321990.50000000,74245.90000000
1777014000000,0.948300,0.954200,0.945500,0.953900,420039.10000000,250491.00000000,80942.90000000
1777017600000,0.954000,0.964400,0.948800,0.957900,704630.00000000,383704.50000000,62779.00000000
1777021200000,0.957800,0.959300,0.940200,0.950600,551449.30000000,287386.00000000,23322.70000000
1777024800000,0.950600,0.952000,0.938900,0.942800,851360.10000000,357033.10000000,-137293.90000000
1777028400000,0.942900,0.954200,0.940200,0.946600,568186.40000000,288231.10000000,8275.80000000
1777032000000,0.946600,0.954400,0.945100,0.948500,337841.10000000,158483.50000000,-20874.10000000
1777035600000,0.948500,0.949800,0.938200,0.942600,352811.50000000,164366.50000000,-24078.50000000
1777039200000,0.942400,0.944100,0.935500,0.938400,380586.00000000,150403.50000000,-79779.00000000
1777042800000,0.938400,0.950100,0.926700,0.946000,902262.20000000,436934.20000000,-28393.80000000
1777046400000,0.945700,0.945700,0.937200,0.938900,292575.60000000,158065.40000000,23555.20000000
1777050000000,0.938900,0.949100,0.938700,0.945300,245717.50000000,155581.50000000,65445.50000000
1777053600000,0.945300,0.949700,0.941700,0.945700,254083.50000000,166633.90000000,79184.30000000
1777057200000,0.946000,0.950100,0.942500,0.949000,155639.90000000,74275.20000000,-7089.50000000
1777060800000,0.949000,0.949800,0.936900,0.941300,368417.90000000,147472.70000000,-73472.50000000
1777064400000,0.941300,0.946000,0.935500,0.942100,304184.60000000,149457.00000000,-5270.60000000
1777068000000,0.942200,0.949100,0.938000,0.943000,261521.10000000,124641.30000000,-12238.50000000
1777071600000,0.943100,0.948000,0.941300,0.945300,174795.90000000,78106.60000000,-18582.70000000
1777075200000,0.945300,0.946200,0.935100,0.939000,250034.70000000,134112.50000000,18190.30000000
1777078800000,0.939200,0.941000,0.931000,0.938700,292017.60000000,113548.50000000,-64920.60000000
1777082400000,0.938700,0.939400,0.929000,0.936700,243482.40000000,91119.40000000,-61243.60000000
1777086000000,0.936700,0.936700,0.923500,0.928500,475367.60000000,209949.50000000,-55468.60000000
1777089600000,0.928500,0.929200,0.917300,0.925900,377302.30000000,137304.40000000,-102693.50000000
1777093200000,0.925800,0.926600,0.920300,0.925700,132981.60000000,52731.80000000,-27518.00000000
1777096800000,0.925800,0.928500,0.924300,0.924900,125635.10000000,60378.80000000,-4877.50000000
1777100400000,0.924700,0.925900,0.921700,0.923300,101841.90000000,49652.90000000,-2536.10000000
1777104000000,0.923200,0.931100,0.921100,0.927700,208321.60000000,115646.40000000,22971.20000000
1777107600000,0.927700,0.934500,0.926000,0.930000,223186.10000000,112301.70000000,1417.30000000
1777111200000,0.929900,0.932300,0.928300,0.929800,172086.60000000,101982.10000000,31877.60000000
1777114800000,0.929800,0.930400,0.912700,0.916900,476877.70000000,176658.20000000,-123561.30000000
1777118400000,0.916900,0.918300,0.911100,0.914100,454302.10000000,216529.80000000,-21242.50000000
1777122000000,0.914200,0.922900,0.913400,0.920100,212345.40000000,102883.90000000,-6577.60000000
1777125600000,0.920100,0.923300,0.914100,0.916100,207613.50000000,74109.80000000,-59393.90000000
1777129200000,0.916200,0.918100,0.911600,0.915900,578518.50000000,315012.80000000,51507.10000000
1777132800000,0.916000,0.918300,0.908900,0.912500,447715.40000000,164280.40000000,-119154.60000000
1777136400000,0.912400,0.913000,0.896400,0.902000,775585.30000000,310945.80000000,-153693.70000000
1777140000000,0.902000,0.913100,0.901900,0.905300,418887.70000000,200887.80000000,-17112.10000000
1777143600000,0.905200,0.910000,0.901500,0.907900,208830.40000000,89202.50000000,-30425.40000000
1777147200000,0.907900,0.918300,0.906900,0.917100,290787.30000000,141400.20000000,-7986.90000000
1777150800000,0.917300,0.931400,0.917300,0.926400,345405.00000000,181143.80000000,16882.60000000
1777154400000,0.926400,0.931600,0.921800,0.925500,142154.60000000,80588.60000000,19022.60000000
1777158000000,0.925400,0.928400,0.922400,0.928000,147953.40000000,80083.70000000,12214.00000000
1777161600000,0.928100,0.938800,0.922900,0.935600,311668.60000000,169117.00000000,26565.40000000
1777165200000,0.935600,0.940100,0.926100,0.929000,198610.30000000,97683.90000000,-3242.50000000
1777168800000,0.929100,0.933700,0.924200,0.927400,158754.00000000,75669.20000000,-7415.60000000
1777172400000,0.927600,0.929800,0.914400,0.923300,215380.80000000,77056.00000000,-61268.80000000
1777176000000,0.923200,0.926600,0.915000,0.922600,222648.40000000,101093.00000000,-20462.40000000
1777179600000,0.922600,0.929200,0.921600,0.924800,155432.60000000,83545.80000000,11659.00000000
1777183200000,0.924700,0.942300,0.924400,0.935100,347476.60000000,235384.50000000,123292.40000000
1777186800000,0.935100,0.936900,0.928900,0.931900,156709.10000000,99562.70000000,42416.30000000
1777190400000,0.932000,0.932300,0.925300,0.927200,194416.80000000,64056.50000000,-66303.80000000
1777194000000,0.927200,0.929800,0.925600,0.927300,103715.80000000,51220.70000000,-1274.40000000
1777197600000,0.927300,0.936400,0.924100,0.928000,214643.00000000,123240.70000000,31838.40000000
1777201200000,0.928100,0.929700,0.924100,0.925700,112192.70000000,53967.20000000,-4258.30000000
1777204800000,0.925600,0.926500,0.912800,0.915900,276064.60000000,115488.70000000,-45087.20000000
1777208400000,0.916000,0.916800,0.911500,0.913900,171119.40000000,80642.00000000,-9835.40000000
1777212000000,0.913900,0.918500,0.909800,0.914100,181324.10000000,93500.60000000,5677.10000000
1777215600000,0.914100,0.916300,0.910500,0.914800,209135.50000000,138595.00000000,68054.50000000
1777219200000,0.914700,0.919400,0.909200,0.912100,190450.70000000,114845.90000000,39241.10000000
1777222800000,0.911900,0.914100,0.905400,0.911800,234595.70000000,99582.50000000,-35430.70000000
1777226400000,0.911900,0.917300,0.908800,0.914600,286658.80000000,189984.90000000,93311.00000000
1777230000000,0.914500,0.917800,0.906700,0.908000,215866.30000000,103119.70000000,-9626.90000000
1777233600000,0.908100,0.911100,0.906600,0.908500,139351.40000000,81348.50000000,23345.60000000
1777237200000,0.908600,0.917300,0.900300,0.912700,486119.30000000,246083.50000000,6047.70000000
1777240800000,0.912900,0.915200,0.902800,0.906300,528140.90000000,199153.20000000,-129834.50000000
1777244400000,0.906200,0.915100,0.903600,0.912600,224437.40000000,137248.60000000,50059.80000000
1777248000000,0.912600,0.921300,0.910000,0.921300,367803.00000000,201549.50000000,35296.00000000
1777251600000,0.921400,0.930500,0.915700,0.929800,423079.50000000,212503.90000000,1928.30000000
1777255200000,0.930000,0.932600,0.924800,0.925400,236431.60000000,103150.70000000,-30130.20000000
1777258800000,0.925300,0.929100,0.920600,0.920700,296920.40000000,135225.00000000,-26470.40000000
1777262400000,0.920700,0.923400,0.915400,0.917300,287764.00000000,174661.30000000,61558.60000000
1777266000000,0.917400,0.917900,0.884100,0.889600,1244889.90000000,571653.90000000,-101582.10000000
1777269600000,0.889600,0.892500,0.880600,0.883600,427633.40000000,225666.20000000,23699.00000000
1777273200000,0.883600,0.886400,0.866600,0.869300,1147932.40000000,448216.10000000,-251500.20000000
1777276800000,0.869600,0.875300,0.866300,0.872200,465139.10000000,256955.50000000,48771.90000000
1777280400000,0.872300,0.875300,0.866800,0.873900,433129.30000000,214297.10000000,-4535.10000000
1777284000000,0.873800,0.876900,0.869700,0.870700,619593.70000000,255489.30000000,-108615.10000000
1777287600000,0.870700,0.872700,0.855200,0.869300,1798095.30000000,894192.30000000,-9710.70000000
1777291200000,0.869200,0.872200,0.866400,0.870800,385781.60000000,184726.80000000,-16328.00000000
1777294800000,0.870900,0.883700,0.869200,0.874200,622224.10000000,337400.70000000,52577.30000000
1777298400000,0.874300,0.888300,0.873000,0.877900,459175.10000000,235031.60000000,10888.10000000
1777302000000,0.878200,0.878500,0.852900,0.859600,1279119.70000000,541376.40000000,-196366.90000000
1777305600000,0.859600,0.861600,0.854700,0.859100,664782.10000000,359725.30000000,54668.50000000
1777309200000,0.859200,0.860600,0.849100,0.853800,613806.50000000,284945.70000000,-43915.10000000
1777312800000,0.853700,0.855500,0.847900,0.853400,377885.50000000,167712.40000000,-42460.70000000
1777316400000,0.853400,0.856400,0.846600,0.853200,199062.70000000,89491.70000000,-20079.30000000
1777320000000,0.853200,0.862600,0.852900,0.858400,380810.00000000,251480.60000000,122151.20000000
1777323600000,0.858500,0.864600,0.855600,0.858900,266268.40000000,141426.80000000,16585.20000000
1777327200000,0.859000,0.864800,0.856900,0.859800,315636.10000000,163032.70000000,10429.30000000
1777330800000,0.859700,0.864400,0.857500,0.863100,142414.30000000,74845.10000000,7275.90000000
1777334400000,0.863100,0.863100,0.851700,0.854500,529848.70000000,257529.90000000,-14788.90000000
1777338000000,0.854600,0.855500,0.849200,0.850600,175628.70000000,79823.30000000,-15982.10000000
1777341600000,0.850700,0.854400,0.848300,0.850500,254073.10000000,139866.30000000,25659.50000000
1777345200000,0.850600,0.859400,0.850600,0.858500,265315.40000000,191556.00000000,117796.60000000
1777348800000,0.858500,0.868200,0.858500,0.863000,355447.00000000,218939.40000000,82431.80000000
1777352400000,0.863000,0.867000,0.855200,0.856500,227135.30000000,99770.30000000,-27594.70000000
1777356000000,0.856600,0.861200,0.847900,0.849400,1036289.50000000,498916.50000000,-38456.50000000
1777359600000,0.849400,0.850100,0.838200,0.843400,838966.90000000,357918.60000000,-123129.70000000
1777363200000,0.843700,0.849000,0.842000,0.845600,302676.80000000,141583.00000000,-19510.80000000
1777366800000,0.845600,0.847500,0.836500,0.838500,369201.20000000,149811.70000000,-69577.80000000
1777370400000,0.838500,0.840700,0.832900,0.836900,527755.60000000,229772.60000000,-68210.40000000
1777374000000,0.837000,0.841100,0.827600,0.836500,618681.40000000,274489.50000000,-69702.40000000
1777377600000,0.836600,0.849400,0.835000,0.845300,610847.50000000,429938.10000000,249028.70000000
1777381200000,0.845200,0.895000,0.837200,0.853900,2136835.20000000,1343181.70000000,549528.20000000
1777384800000,0.853900,0.860700,0.848900,0.858100,927926.00000000,499046.80000000,70167.60000000
1777388400000,0.858200,0.874500,0.856500,0.872100,1104063.50000000,485715.60000000,-132632.30000000
1777392000000,0.872100,0.875200,0.856600,0.867900,802625.20000000,260672.30000000,-281280.60000000
1777395600000,0.867800,0.902400,0.863500,0.885000,1944771.30000000,1027729.30000000,110687.30000000
1777399200000,0.884800,0.898500,0.883400,0.890000,971156.30000000,426701.60000000,-117753.10000000
1777402800000,0.890000,0.892300,0.883300,0.886500,305266.80000000,157396.60000000,9526.40000000
1777406400000,0.887000,0.903500,0.885300,0.895500,430416.60000000,241773.20000000,53129.80000000
1777410000000,0.895700,0.899100,0.890300,0.896000,261374.60000000,96868.10000000,-67638.40000000
1777413600000,0.896000,0.899500,0.890900,0.896700,620454.50000000,264271.40000000,-91911.70000000
1777417200000,0.896600,0.900100,0.891900,0.895500,593026.00000000,272610.00000000,-47806.00000000
1777420800000,0.895400,0.903600,0.895100,0.899300,353522.00000000,191133.40000000,28744.80000000
1777424400000,0.899200,0.943800,0.898400,0.936600,7034410.50000000,3447392.60000000,-139625.30000000
1777428000000,0.936500,0.941900,0.920100,0.935700,1767752.20000000,866089.40000000,-35573.40000000
1777431600000,0.935700,0.945800,0.921700,0.936900,1492803.00000000,654552.10000000,-183698.80000000
1777435200000,0.937700,0.948600,0.915600,0.917900,2264887.30000000,899271.80000000,-466343.70000000
1777438800000,0.917900,0.918500,0.908900,0.916500,841749.90000000,350729.90000000,-140290.10000000
1777442400000,0.916600,0.918700,0.907200,0.910100,543946.60000000,244608.90000000,-54728.80000000
1777446000000,0.910000,0.912500,0.893700,0.899400,1586440.90000000,779686.00000000,-27068.90000000
1777449600000,0.899500,0.910200,0.896400,0.904600,705594.40000000,409317.70000000,113041.00000000
1777453200000,0.904500,0.906300,0.896800,0.903100,531908.50000000,244481.80000000,-42944.90000000
1777456800000,0.903100,0.907100,0.897600,0.901500,699760.10000000,431382.40000000,163004.70000000
1777460400000,0.901600,0.906500,0.891600,0.897400,743620.00000000,402643.70000000,61667.40000000
1777464000000,0.897300,0.904700,0.891100,0.904400,575298.80000000,338642.50000000,101986.20000000
1777467600000,0.904500,0.910700,0.889900,0.906800,845259.40000000,391198.40000000,-62862.60000000
1777471200000,0.906800,0.908200,0.897200,0.898100,341603.40000000,172099.50000000,2595.60000000
1777474800000,0.898300,0.900300,0.887700,0.897000,945390.10000000,506991.10000000,68592.10000000
1777478400000,0.896800,0.911500,0.894100,0.898700,1180291.40000000,585944.50000000,-8402.40000000
1777482000000,0.898700,0.903300,0.892400,0.903300,379121.60000000,210470.10000000,41818.60000000
1777485600000,0.903300,0.907500,0.881800,0.907500,1771856.00000000,792974.40000000,-185907.20000000
1777489200000,0.907500,0.938500,0.901700,0.936100,2117223.90000000,1156664.70000000,196105.50000000
1777492800000,0.936000,0.942000,0.926600,0.934200,1243823.50000000,593497.40000000,-56828.70000000
1777496400000,0.934300,0.970400,0.934300,0.969800,2343622.90000000,1161631.00000000,-20360.90000000
1777500000000,0.969600,0.974700,0.950600,0.960200,1141605.90000000,569336.40000000,-2933.10000000
1777503600000,0.960000,0.960100,0.941900,0.947800,1074886.30000000,444705.00000000,-185476.30000000
1777507200000,0.947900,0.958300,0.937900,0.956500,935178.90000000,416575.30000000,-102028.30000000
1777510800000,0.956200,0.965400,0.955300,0.961800,581812.50000000,257429.80000000,-66952.90000000
1777514400000,0.961600,0.963200,0.931900,0.938600,1272112.40000000,506211.60000000,-259689.20000000
1777518000000,0.938600,0.941000,0.926300,0.931000,577877.40000000,251043.40000000,-75790.60000000
1777521600000,0.931000,0.931800,0.921500,0.926700,556870.00000000,221938.70000000,-112992.60000000
1777525200000,0.926600,0.937100,0.922600,0.930100,314802.50000000,173188.50000000,31574.50000000
1777528800000,0.930200,0.938500,0.918600,0.929600,845854.80000000,424474.50000000,3094.20000000
1777532400000,0.929500,0.932300,0.917800,0.922000,533720.10000000,274448.20000000,15176.30000000
1777536000000,0.922200,0.923900,0.916500,0.919800,574746.70000000,299281.80000000,23816.90000000
1777539600000,0.919700,0.922100,0.910600,0.912600,338703.50000000,170684.40000000,2665.30000000
1777543200000,0.912500,0.915300,0.902600,0.904300,559436.10000000,237018.50000000,-85399.10000000
1777546800000,0.904200,0.907600,0.897900,0.901600,581489.50000000,312321.70000000,43153.90000000
1777550400000,0.901800,0.907900,0.898500,0.904100,622600.30000000,375876.70000000,129153.10000000
1777554000000,0.904000,0.907400,0.899400,0.902000,359392.70000000,191094.30000000,22795.90000000
1777557600000,0.901900,0.905200,0.875400,0.891700,1827629.20000000,776896.60000000,-273836.00000000
1777561200000,0.891800,0.899500,0.889500,0.899500,483836.40000000,262951.20000000,42066.00000000
1777564800000,0.899400,0.902100,0.893800,0.897800,401334.00000000,213764.00000000,26194.00000000
1777568400000,0.897500,0.899800,0.893000,0.893200,321497.00000000,204578.40000000,87659.80000000
1777572000000,0.893100,0.898200,0.869500,0.880900,1601900.30000000,724541.50000000,-152817.30000000
1777575600000,0.880800,0.889000,0.880700,0.887400,283478.30000000,154940.60000000,26402.90000000
1777579200000,0.887500,0.893600,0.886400,0.890800,205844.00000000,129623.60000000,53403.20000000
1777582800000,0.890800,0.892300,0.885000,0.886300,180894.90000000,84010.70000000,-12873.50000000
1777586400000,0.886200,0.888900,0.883900,0.886600,219505.30000000,79476.20000000,-60552.90000000
1777590000000,0.886600,0.888500,0.882200,0.883300,219701.80000000,126705.00000000,33708.20000000
1777593600000,0.883300,0.887300,0.878000,0.881000,533836.40000000,356431.80000000,179027.20000000
1777597200000,0.881000,0.886600,0.880000,0.885700,132208.10000000,68560.90000000,4913.70000000
1777600800000,0.885700,0.889200,0.881600,0.881800,252657.20000000,145217.20000000,37777.20000000
1777604400000,0.881700,0.892500,0.880300,0.887300,358365.20000000,228256.80000000,98148.40000000
1777608000000,0.887300,0.890700,0.881800,0.889100,339091.50000000,154412.40000000,-30266.70000000
1777611600000,0.889300,0.918000,0.888700,0.914500,990056.10000000,618522.20000000,246988.30000000
1777615200000,0.914600,0.916500,0.899800,0.899800,416514.10000000,168517.10000000,-79479.90000000
1777618800000,0.899800,0.902500,0.895300,0.896700,192561.60000000,102064.80000000,11568.00000000
1777622400000,0.896700,0.913900,0.895800,0.911300,341333.90000000,163263.00000000,-14807.90000000
1777626000000,0.911400,0.911700,0.898600,0.901500,308458.30000000,147831.80000000,-12794.70000000
1777629600000,0.901600,0.902200,0.895100,0.898900,176464.40000000,82387.70000000,-11689.00000000
1777633200000,0.898800,0.900600,0.893900,0.897800,234186.40000000,134897.40000000,35608.40000000
1777636800000,0.897900,0.903000,0.892400,0.894200,272479.10000000,139277.20000000,6075.30000000
1777640400000,0.894200,0.923700,0.894200,0.918800,630751.10000000,323311.60000000,15872.10000000
1777644000000,0.919100,0.931100,0.908300,0.912600,1039633.00000000,488053.00000000,-63527.00000000
1777647600000,0.912500,0.919000,0.905600,0.908100,398983.10000000,182234.60000000,-34513.90000000
1777651200000,0.908100,0.916600,0.901600,0.914100,483475.20000000,301434.60000000,119394.00000000
1777654800000,0.913900,0.937200,0.912900,0.925500,692017.50000000,300620.20000000,-90777.10000000
1777658400000,0.925400,0.926900,0.915200,0.918300,323622.70000000,142112.90000000,-39396.90000000
1777662000000,0.918300,0.919200,0.912800,0.914100,189522.60000000,73083.70000000,-43355.20000000
1777665600000,0.914100,0.916900,0.902700,0.905200,238539.10000000,115697.90000000,-7143.30000000
1777669200000,0.905300,0.910200,0.900900,0.908800,188007.00000000,114520.70000000,41034.40000000
1777672800000,0.909000,0.910800,0.901900,0.905600,307183.70000000,105097.60000000,-96988.50000000
1777676400000,0.905500,0.906500,0.894600,0.902000,454108.40000000,162571.20000000,-128966.00000000
1777680000000,0.902100,0.904600,0.895800,0.904100,282210.80000000,154478.90000000,26747.00000000
1777683600000,0.904100,0.906800,0.900400,0.904200,136509.70000000,86137.30000000,35764.90000000
1777687200000,0.904000,0.905600,0.900000,0.900100,112614.40000000,53513.60000000,-5587.20000000
1777690800000,0.900000,0.900100,0.885000,0.890800,659865.10000000,295376.80000000,-69111.50000000
1777694400000,0.890800,0.894900,0.886900,0.891100,177431.20000000,98645.30000000,19859.40000000
1777698000000,0.891100,0.894000,0.888300,0.888900,184858.60000000,105230.60000000,25602.60000000
1777701600000,0.888900,0.891900,0.886500,0.890400,195256.70000000,81724.80000000,-31807.10000000
1777705200000,0.890400,0.894500,0.880800,0.882500,423186.10000000,198194.80000000,-26796.50000000
1777708800000,0.882600,0.886900,0.878900,0.881300,320616.20000000,134881.90000000,-50852.40000000
1777712400000,0.881400,0.887000,0.877100,0.885500,350019.70000000,207857.50000000,65695.30000000
1777716000000,0.885500,0.887400,0.882000,0.882700,397806.60000000,280047.60000000,162288.60000000
1777719600000,0.882800,0.891000,0.880000,0.889200,520501.50000000,360226.30000000,199951.10000000
1777723200000,0.889300,0.894100,0.885600,0.888000,376235.60000000,205539.00000000,34842.40000000
1777726800000,0.887900,0.895000,0.884300,0.891400,460589.50000000,205488.50000000,-49612.50000000
1777730400000,0.891300,0.902400,0.884700,0.888100,877386.00000000,472103.90000000,66821.80000000
1777734000000,0.888300,0.897300,0.888300,0.895500,408917.70000000,162772.80000000,-83372.10000000
1777737600000,0.895200,0.905600,0.891300,0.903600,328709.80000000,158237.70000000,-12234.40000000
1777741200000,0.903600,0.911600,0.900400,0.906500,414517.50000000,234561.70000000,54605.90000000
1777744800000,0.906200,0.906600,0.899400,0.902600,225424.80000000,101269.60000000,-22885.60000000
1777748400000,0.902600,0.908000,0.900100,0.904600,241333.00000000,75962.70000000,-89407.60000000
1777752000000,0.904500,0.909500,0.903300,0.906900,223989.80000000,95062.60000000,-33864.60000000
1777755600000,0.906800,0.913400,0.903800,0.911000,288715.90000000,202290.40000000,115864.90000000
1777759200000,0.911100,0.913900,0.906600,0.911600,327149.00000000,216490.00000000,105831.00000000
1777762800000,0.911500,0.911500,0.908000,0.910000,232726.80000000,105280.10000000,-22166.60000000
1777766400000,0.910000,0.914100,0.903000,0.911000,556024.70000000,218148.20000000,-119728.30000000
1777770000000,0.911000,0.911800,0.901900,0.902800,375896.30000000,199773.00000000,23649.70000000
1777773600000,0.902700,0.902700,0.890000,0.891900,437295.50000000,171015.50000000,-95264.50000000
1777777200000,0.892100,0.895300,0.887600,0.892100,292249.90000000,135012.40000000,-22225.10000000
1777780800000,0.892000,0.912000,0.888300,0.911400,469202.70000000,234219.90000000,-762.90000000
1777784400000,0.911600,0.919400,0.903800,0.917200,582353.50000000,227309.80000000,-127733.90000000
1777788000000,0.917000,0.917200,0.905900,0.911000,250214.80000000,109878.40000000,-30458.00000000
1777791600000,0.911100,0.922800,0.910500,0.914500,310631.10000000,148207.00000000,-14217.10000000
1777795200000,0.914200,0.923700,0.914200,0.920700,227726.80000000,109379.40000000,-8968.00000000
1777798800000,0.920800,0.924700,0.913700,0.921300,294639.60000000,179123.80000000,63608.00000000
1777802400000,0.921600,0.924800,0.911700,0.918800,372248.80000000,177512.70000000,-17223.40000000
1777806000000,0.918500,0.928800,0.913500,0.914500,285552.20000000,185514.70000000,85477.20000000
1777809600000,0.914500,0.930000,0.913200,0.915800,500372.20000000,242268.20000000,-15835.80000000
1777813200000,0.916000,0.920500,0.908600,0.914800,290401.60000000,143396.70000000,-3608.20000000
1777816800000,0.915000,0.916500,0.905400,0.907100,355685.00000000,132620.10000000,-90444.80000000
1777820400000,0.907000,0.912800,0.903800,0.911100,298293.50000000,133961.10000000,-30371.30000000
1777824000000,0.911300,0.938200,0.905800,0.933500,1487955.60000000,805014.00000000,122072.40000000
1777827600000,0.933600,0.941400,0.922600,0.933700,1071861.60000000,392846.60000000,-286168.40000000
1777831200000,0.933700,0.943100,0.933600,0.941100,272054.20000000,142047.60000000,12041.00000000
1777834800000,0.941100,0.943100,0.920000,0.924500,604980.50000000,260594.00000000,-83792.50000000
1777838400000,0.924400,0.935500,0.922300,0.932500,319697.70000000,145644.00000000,-28409.70000000
1777842000000,0.932500,0.934700,0.927100,0.933100,139583.30000000,62410.00000000,-14763.30000000
1777845600000,0.933100,0.940500,0.930900,0.935400,296180.60000000,144789.80000000,-6601.00000000
1777849200000,0.935500,0.936000,0.921000,0.922200,236387.30000000,76523.40000000,-83340.50000000
1777852800000,0.922300,0.928200,0.913700,0.925000,361378.60000000,132712.10000000,-95954.40000000
1777856400000,0.925200,0.940800,0.921800,0.940400,368032.00000000,200681.60000000,33331.20000000
1777860000000,0.940200,0.957400,0.936700,0.954200,585220.40000000,274634.50000000,-35951.40000000
1777863600000,0.954000,0.962400,0.945900,0.949600,327322.30000000,149884.10000000,-27554.10000000
1777867200000,0.949600,0.950300,0.942100,0.945100,338347.10000000,144538.30000000,-49270.50000000
1777870800000,0.945100,0.945200,0.939000,0.942000,233102.80000000,104436.60000000,-24229.60000000
1777874400000,0.942200,0.948600,0.938600,0.941100,116651.80000000,59758.90000000,2866.00000000
1777878000000,0.941200,0.949500,0.940000,0.947100,231850.90000000,127988.10000000,24125.30000000
1777881600000,0.946800,0.956100,0.943700,0.951000,373706.70000000,169298.90000000,-35108.90000000
1777885200000,0.951400,0.954200,0.942000,0.952100,288453.60000000,117547.90000000,-53357.80000000
1777888800000,0.952200,0.956800,0.923100,0.948000,2953401.00000000,1400862.90000000,-151675.20000000
1777892400000,0.947800,0.951700,0.930700,0.932400,395440.90000000,166828.70000000,-61783.50000000
1777896000000,0.932300,0.970900,0.932000,0.958400,1392359.50000000,879816.40000000,367273.30000000
1777899600000,0.958400,0.964800,0.946000,0.949800,788743.20000000,465638.70000000,142534.20000000
1777903200000,0.949600,0.973000,0.943000,0.960300,1029078.00000000,510632.60000000,-7812.80000000
1777906800000,0.960400,0.961400,0.936000,0.940300,956094.50000000,507129.70000000,58164.90000000
1777910400000,0.940000,0.947200,0.929000,0.934900,680439.10000000,334913.90000000,-10611.30000000
1777914000000,0.935000,0.944400,0.932200,0.934300,538582.80000000,309253.60000000,79924.40000000
1777917600000,0.934300,0.935600,0.916600,0.921400,928011.60000000,388130.70000000,-151750.20000000
1777921200000,0.921400,0.923600,0.905800,0.910900,524966.00000000,264052.50000000,3139.00000000
1777924800000,0.911100,0.913700,0.903700,0.910700,370226.10000000,187348.80000000,4471.50000000
1777928400000,0.910900,0.917300,0.908600,0.915100,325088.70000000,163745.30000000,2401.90000000
1777932000000,0.915100,0.918800,0.907600,0.908300,259663.60000000,120329.80000000,-19004.00000000
1777935600000,0.908200,0.908900,0.901100,0.904700,403155.10000000,168284.00000000,-66587.10000000
1777939200000,0.904600,0.906100,0.902100,0.904200,280136.90000000,129839.20000000,-20458.50000000
1777942800000,0.904400,0.907900,0.896900,0.900900,419455.60000000,159928.00000000,-99599.60000000
1777946400000,0.900800,0.906900,0.898500,0.900900,491811.80000000,147542.70000000,-196726.40000000
1777950000000,0.900900,0.910900,0.898900,0.907300,315846.90000000,190303.80000000,64760.70000000
1777953600000,0.907300,0.909900,0.900100,0.900300,466451.00000000,236480.70000000,6510.40000000
1777957200000,0.900400,0.921300,0.898900,0.913400,827505.60000000,492566.60000000,157627.60000000
1777960800000,0.913500,0.924200,0.911300,0.920400,453261.10000000,185647.60000000,-81965.90000000
1777964400000,0.920700,0.929500,0.918600,0.921600,482840.90000000,197897.70000000,-87045.50000000
1777968000000,0.921700,0.922200,0.912900,0.915400,279429.40000000,126235.60000000,-26958.20000000
1777971600000,0.915500,0.918600,0.911500,0.915500,217643.70000000,118341.90000000,19040.10000000
1777975200000,0.915500,0.923900,0.914600,0.923100,159436.80000000,89563.60000000,19690.40000000
1777978800000,0.923100,0.971600,0.921000,0.968700,2159735.70000000,955189.00000000,-249357.70000000
1777982400000,0.968700,0.972900,0.960900,0.971700,859668.30000000,395238.60000000,-69191.10000000
1777986000000,0.971800,0.999800,0.970000,0.973000,2048066.00000000,946024.80000000,-156016.40000000
1777989600000,0.973000,0.986100,0.958800,0.965200,1026785.20000000,490448.70000000,-45887.80000000
1777993200000,0.965300,0.982200,0.962500,0.981000,807742.00000000,487402.30000000,167062.60000000
1777996800000,0.980700,0.989300,0.954200,0.955000,1444335.10000000,720922.60000000,-2489.90000000
1778000400000,0.954900,0.971600,0.952200,0.970000,379140.50000000,216452.70000000,53764.90000000
1778004000000,0.970000,0.984000,0.967300,0.979000,595209.90000000,287633.80000000,-19942.30000000
1778007600000,0.978800,1.030000,0.963400,0.978500,4687694.90000000,2505907.40000000,324119.90000000
1778011200000,0.978500,0.994200,0.971300,0.988400,719733.60000000,376267.50000000,32801.40000000
1778014800000,0.988300,0.992200,0.968100,0.970400,691438.80000000,341990.70000000,-7457.40000000
1778018400000,0.970800,0.989400,0.952400,0.965400,1220116.40000000,649414.50000000,78712.60000000
1778022000000,0.965300,0.975300,0.959500,0.965000,458593.40000000,272090.10000000,85586.80000000
1778025600000,0.965100,0.969200,0.959300,0.963400,284212.60000000,117701.80000000,-48809.00000000
1778029200000,0.963400,0.970100,0.960500,0.967200,199242.40000000,103298.40000000,7354.40000000
1778032800000,0.966900,0.979800,0.962700,0.978700,327346.90000000,143172.70000000,-41001.50000000
1778036400000,0.978600,0.979900,0.971100,0.974600,336659.00000000,135137.20000000,-66384.60000000
1778040000000,0.974500,0.974600,0.960200,0.961700,389748.30000000,161992.80000000,-65762.70000000
1778043600000,0.961700,0.971300,0.956800,0.969400,370139.20000000,204815.20000000,39491.20000000
1778047200000,0.969400,0.970700,0.961700,0.962600,183193.50000000,104769.30000000,26345.10000000
1778050800000,0.962400,0.966400,0.958600,0.960200,340129.50000000,174780.00000000,9430.50000000
1778054400000,0.960100,0.997000,0.957600,0.988600,1131403.90000000,546767.10000000,-37869.70000000
1778058000000,0.988800,1.001600,0.979600,0.994200,1558603.80000000,929127.10000000,299650.40000000
1778061600000,0.994200,1.006700,0.988300,1.000300,693286.10000000,403802.50000000,114318.90000000
1778065200000,1.000200,1.000200,0.976500,0.979900,718165.30000000,274962.00000000,-168241.30000000
1778068800000,0.979800,0.986200,0.973300,0.980000,597344.80000000,294443.90000000,-8457.00000000
1778072400000,0.979900,0.979900,0.942300,0.955000,1551467.50000000,735318.20000000,-80831.10000000
1778076000000,0.954800,0.955700,0.933700,0.938800,820539.40000000,355496.40000000,-109546.60000000
1778079600000,0.938700,0.949700,0.938500,0.946800,601948.60000000,326935.00000000,51921.40000000
1778083200000,0.946700,0.954300,0.935800,0.943100,588767.40000000,265484.20000000,-57799.00000000
1778086800000,0.943100,0.945000,0.929100,0.930400,494862.70000000,191899.50000000,-111063.70000000
1778090400000,0.930600,0.945000,0.929900,0.942100,409257.60000000,235275.90000000,61294.20000000
1778094000000,0.942100,0.954600,0.938500,0.949100,372112.20000000,188773.30000000,5434.40000000
1778097600000,0.949000,0.965700,0.947800,0.962200,601043.60000000,237737.10000000,-125569.40000000
1778101200000,0.962400,0.975100,0.959700,0.971600,402446.10000000,195662.40000000,-11121.30000000
1778104800000,0.971700,0.973900,0.951600,0.959400,392317.40000000,156177.50000000,-79962.40000000
1778108400000,0.959600,0.959700,0.945900,0.953400,571393.70000000,279890.10000000,-11613.50000000
1778112000000,0.953400,0.957900,0.941400,0.946100,329816.50000000,136198.40000000,-57419.70000000
1778115600000,0.946000,0.946700,0.935800,0.937800,529661.20000000,208930.40000000,-111800.40000000
1778119200000,0.937800,0.940200,0.925400,0.929200,779234.60000000,392854.10000000,6473.60000000
1778122800000,0.929000,0.931200,0.918000,0.923400,407902.10000000,173632.00000000,-60638.10000000
1778126400000,0.923400,0.942000,0.921600,0.939400,498498.50000000,270470.00000000,42441.50000000
1778130000000,0.939400,0.945000,0.932500,0.938100,307737.50000000,160089.20000000,12440.90000000
1778133600000,0.938000,0.946000,0.929500,0.940400,494343.30000000,199179.60000000,-95984.10000000
1778137200000,0.940400,0.976600,0.937300,0.973800,1944972.20000000,1088912.50000000,232852.80000000
1778140800000,0.973800,0.980300,0.949600,0.952100,1145835.50000000,453034.90000000,-239765.70000000
1778144400000,0.952200,0.955100,0.946400,0.951600,312781.60000000,167399.00000000,22016.40000000
1778148000000,0.951500,0.954000,0.940400,0.945800,278190.40000000,148808.90000000,19427.40000000
1778151600000,0.945700,0.955000,0.943800,0.947200,322600.40000000,197841.00000000,73081.60000000
1778155200000,0.947100,0.987100,0.946800,0.985000,1657520.40000000,737031.40000000,-183457.60000000
1778158800000,0.985000,0.990400,0.971500,0.977800,1408371.70000000,551963.20000000,-304445.30000000
1778162400000,0.977800,0.996400,0.969500,0.973200,2348363.20000000,1081579.60000000,-185204.00000000
1778166000000,0.973300,0.990500,0.962200,0.982100,913241.60000000,439841.50000000,-33558.60000000
1778169600000,0.982100,1.011400,0.974800,0.979400,2501296.60000000,1094505.50000000,-312285.60000000
1778173200000,0.979500,0.991500,0.973100,0.982400,637346.60000000,360978.60000000,84610.60000000
1778176800000,0.982400,0.987500,0.969700,0.976700,370137.80000000,202877.90000000,35618.00000000
1778180400000,0.976700,0.977300,0.961900,0.968200,395668.10000000,163501.20000000,-68665.70000000
1778184000000,0.968300,0.973900,0.960100,0.964700,415621.10000000,191170.10000000,-33280.90000000
1778187600000,0.964700,0.976300,0.957600,0.973800,214667.30000000,111203.60000000,7739.90000000
1778191200000,0.973700,0.986400,0.970000,0.986300,325489.40000000,129561.10000000,-66367.20000000
1778194800000,0.986300,0.992800,0.980200,0.989700,361814.20000000,171029.90000000,-19754.40000000
1778198400000,0.989800,1.000700,0.985300,0.988200,548423.70000000,269397.50000000,-9628.70000000
1778202000000,0.988300,0.994800,0.975400,0.976500,372038.60000000,137889.40000000,-96259.80000000
1778205600000,0.976600,0.976900,0.952200,0.962700,797589.90000000,323579.40000000,-150431.10000000
1778209200000,0.962600,0.975300,0.955000,0.970800,347483.60000000,156582.40000000,-34318.80000000
1778212800000,0.970700,0.979500,0.969200,0.975100,360685.00000000,141774.70000000,-77135.60000000
1778216400000,0.975000,0.990000,0.972100,0.980400,373563.40000000,192108.20000000,10653.00000000
1778220000000,0.980400,0.984000,0.973000,0.977100,401399.30000000,197239.90000000,-6919.50000000
1778223600000,0.977100,0.986100,0.971400,0.980600,314962.90000000,160615.00000000,6267.10000000
1778227200000,0.980900,0.988300,0.978300,0.981500,443760.90000000,213064.50000000,-17631.90000000
1778230800000,0.981600,1.009600,0.979200,1.002800,1049513.10000000,588779.60000000,128046.10000000
1778234400000,1.002800,1.027800,1.000800,1.018800,1781003.40000000,1082622.10000000,384240.80000000
1778238000000,1.019000,1.037500,1.007600,1.016100,1505189.50000000,711146.50000000,-82896.50000000
1778241600000,1.016100,1.025900,1.007700,1.021700,648439.10000000,318120.50000000,-12198.10000000
1778245200000,1.021800,1.023800,1.004500,1.011900,833345.10000000,450189.00000000,67032.90000000
1778248800000,1.011900,1.037800,1.008400,1.020200,941090.20000000,498944.10000000,56798.00000000
1778252400000,1.020200,1.025000,1.010000,1.023400,478440.30000000,239394.90000000,349.50000000
1778256000000,1.023500,1.023700,1.003700,1.008600,855987.30000000,384000.30000000,-87986.70000000
1778259600000,1.008700,1.025200,1.006500,1.017500,1317447.90000000,600272.10000000,-116903.70000000
1778263200000,1.017500,1.026600,1.009900,1.025200,525776.90000000,278307.50000000,30838.10000000
1778266800000,1.025200,1.032400,1.018500,1.021100,676605.20000000,376223.50000000,75841.80000000
1778270400000,1.021200,1.022800,1.014600,1.017500,366357.90000000,168734.30000000,-28889.30000000
1778274000000,1.017600,1.070800,1.015600,1.055100,2577163.40000000,1208058.10000000,-161047.20000000
1778277600000,1.055200,1.071300,1.044100,1.068600,1429887.70000000,754040.20000000,78192.70000000
1778281200000,1.068700,1.082100,1.061400,1.077500,1141191.60000000,704546.10000000,267900.60000000
1778284800000,1.077600,1.098700,1.069800,1.083000,956138.20000000,470081.00000000,-15976.20000000
1778288400000,1.082900,1.108900,1.075100,1.077600,1227522.50000000,529712.50000000,-168097.50000000
1778292000000,1.077500,1.095400,1.069500,1.088600,673189.80000000,365267.40000000,57345.00000000
1778295600000,1.088600,1.093300,1.077600,1.081200,515043.20000000,235231.10000000,-44581.00000000
1778299200000,1.081100,1.104000,1.077200,1.097500,747636.40000000,339476.70000000,-68683.00000000
1778302800000,1.097600,1.120000,1.090700,1.098600,1343030.80000000,565355.70000000,-212319.40000000
1778306400000,1.098600,1.099500,1.066300,1.079200,1294407.70000000,463292.90000000,-367821.90000000
1778310000000,1.079300,1.082400,1.054600,1.063600,1146689.40000000,483838.20000000,-179013.00000000
1778313600000,1.063600,1.069400,1.048000,1.061100,935950.50000000,496513.50000000,57076.50000000
1778317200000,1.061000,1.064800,1.054500,1.060600,355260.40000000,138344.30000000,-78571.80000000
1778320800000,1.060700,1.069700,1.054800,1.063800,295933.30000000,172094.60000000,48255.90000000
1778324400000,1.063700,1.074800,1.057500,1.058600,468906.00000000,242645.90000000,16385.80000000
1778328000000,1.058600,1.060200,1.053200,1.058800,265813.90000000,101237.40000000,-63339.10000000
1778331600000,1.059000,1.099300,1.056800,1.086500,1240389.00000000,661435.90000000,82482.80000000
1778335200000,1.086800,1.088200,1.058000,1.059400,487769.00000000,169601.00000000,-148567.00000000
1778338800000,1.059500,1.062600,1.043000,1.050100,878441.00000000,342454.10000000,-193532.80000000
1778342400000,1.050100,1.052900,1.039100,1.041800,499426.30000000,222096.90000000,-55232.50000000
1778346000000,1.041900,1.055500,1.041900,1.054800,173966.10000000,101956.10000000,29946.10000000
1778349600000,1.054700,1.062100,1.050900,1.053500,257634.50000000,155066.40000000,52498.30000000
1778353200000,1.053600,1.058900,1.048600,1.053600,241240.20000000,132643.90000000,24047.60000000
1778356800000,1.053700,1.054200,1.045100,1.049400,164643.60000000,81212.70000000,-2218.20000000
1778360400000,1.049400,1.055000,1.047800,1.052500,97560.10000000,54716.20000000,11872.30000000
1778364000000,1.052500,1.065400,1.052100,1.055800,170612.40000000,106079.30000000,41546.20000000
1778367600000,1.055800,1.058500,1.049200,1.052100,145257.90000000,52710.70000000,-39836.50000000
1778371200000,1.052100,1.056200,1.045400,1.047500,197554.50000000,119899.00000000,42243.50000000
1778374800000,1.047600,1.050200,1.039800,1.043700,244355.60000000,90556.20000000,-63243.20000000
1778378400000,1.043700,1.071200,1.038500,1.058600,369526.80000000,183603.00000000,-2320.80000000
1778382000000,1.058500,1.070900,1.050900,1.056400,254812.40000000,126503.30000000,-1805.80000000
1778385600000,1.056500,1.058900,1.046400,1.050400,291847.50000000,83508.20000000,-124831.10000000
1778389200000,1.050300,1.050300,1.043000,1.046600,167091.60000000,69296.00000000,-28499.60000000
1778392800000,1.046600,1.053100,1.043200,1.048700,99014.80000000,63590.10000000,28165.40000000
1778396400000,1.048800,1.050900,1.040400,1.042200,319584.80000000,121403.90000000,-76777.00000000
1778400000000,1.042200,1.057200,1.042200,1.052400,182307.20000000,83294.80000000,-15717.60000000
1778403600000,1.052500,1.063800,1.050400,1.051100,227683.40000000,128907.00000000,30130.60000000
1778407200000,1.051300,1.053400,1.042500,1.048800,288611.40000000,112881.90000000,-62847.60000000
1778410800000,1.048900,1.059300,1.044600,1.055600,289456.70000000,130516.30000000,-28424.10000000
1778414400000,1.055500,1.066500,1.051100,1.062600,272581.10000000,148597.10000000,24613.10000000
1778418000000,1.062400,1.076000,1.052400,1.054300,610656.40000000,268565.30000000,-73525.80000000
1778421600000,1.054400,1.061600,1.040500,1.045100,591447.40000000,246724.30000000,-97998.80000000
1778425200000,1.045100,1.050300,1.040700,1.047600,353209.60000000,219615.50000000,86021.40000000
1778428800000,1.047700,1.063200,1.045600,1.055700,444161.80000000,230259.60000000,16357.40000000
1778432400000,1.055600,1.071500,1.050200,1.064600,410539.50000000,217055.30000000,23571.10000000
1778436000000,1.064700,1.086100,1.057300,1.075900,911119.40000000,536124.00000000,161128.60000000
1778439600000,1.075800,1.097500,1.073100,1.080400,752052.40000000,335520.30000000,-81011.80000000
1778443200000,1.080400,1.084100,1.027700,1.042300,1449476.10000000,636158.20000000,-177159.70000000
1778446800000,1.042200,1.046600,1.026800,1.034000,686894.10000000,317467.50000000,-51959.10000000
1778450400000,1.033900,1.061900,1.030400,1.061400,653841.20000000,327741.00000000,1640.80000000
1778454000000,1.061300,1.063700,1.054000,1.056500,463216.30000000,194545.00000000,-74126.30000000
1778457600000,1.056500,1.062200,1.029600,1.036300,597447.70000000,288503.50000000,-20440.70000000
1778461200000,1.036300,1.038500,1.011200,1.019100,1195878.90000000,564579.90000000,-66719.10000000
1778464800000,1.019100,1.023600,1.012500,1.018800,444524.20000000,219041.40000000,-6441.40000000
1778468400000,1.018800,1.020000,1.005700,1.009500,375574.00000000,170307.90000000,-34958.20000000
1778472000000,1.009600,1.032900,0.998100,1.031900,746392.60000000,372455.50000000,-1481.60000000
1778475600000,1.031900,1.056300,1.029300,1.048500,671152.30000000,283270.50000000,-104611.30000000
1778479200000,1.048600,1.055600,1.035900,1.043700,573772.10000000,256946.50000000,-59879.10000000
1778482800000,1.043900,1.044200,1.028400,1.029800,543796.90000000,257777.80000000,-28241.30000000
1778486400000,1.029900,1.033100,1.023100,1.027000,319227.30000000,177421.90000000,35616.50000000
1778490000000,1.026900,1.040000,1.019900,1.023900,948459.00000000,459481.60000000,-29495.80000000
1778493600000,1.023900,1.048500,1.023600,1.045400,754311.50000000,432245.60000000,110179.70000000
1778497200000,1.045400,1.066300,1.042800,1.050100,688946.90000000,303081.20000000,-82784.50000000
1778500800000,1.050000,1.050100,1.040000,1.044000,297488.90000000,126523.50000000,-44441.90000000
1778504400000,1.043900,1.048900,1.025400,1.026400,652184.20000000,294869.60000000,-62445.00000000
1778508000000,1.026600,1.038000,1.019200,1.021200,750243.60000000,313060.70000000,-124122.20000000
1778511600000,1.021600,1.034100,1.018000,1.022600,531057.00000000,277496.50000000,23936.00000000
1778515200000,1.022500,1.048100,1.007400,1.026400,2398524.60000000,1015167.70000000,-368189.20000000
1778518800000,1.026500,1.035200,1.020500,1.030400,279281.10000000,151122.00000000,22962.90000000
1778522400000,1.030400,1.038200,1.027600,1.030200,226764.20000000,124403.20000000,22042.20000000
1778526000000,1.030300,1.037100,1.025200,1.032900,247734.10000000,147218.90000000,46703.70000000
1778529600000,1.033000,1.038000,1.024200,1.027400,203217.00000000,122278.80000000,41340.60000000
1778533200000,1.027300,1.028000,1.019800,1.022600,238322.00000000,113409.60000000,-11502.80000000
1778536800000,1.022400,1.025600,0.984100,1.006900,2258567.00000000,1036289.90000000,-185987.20000000
1778540400000,1.006900,1.007800,0.994700,0.998800,329243.90000000,163526.30000000,-2191.30000000
1778544000000,0.998900,1.002900,0.992500,0.994300,279732.00000000,122520.10000000,-34691.80000000
1778547600000,0.994500,0.997900,0.970200,0.979300,954632.20000000,471206.70000000,-12218.80000000
1778551200000,0.979300,0.987000,0.978900,0.984800,305122.20000000,190841.10000000,76560.00000000
1778554800000,0.984500,0.990800,0.982600,0.984900,229882.40000000,138554.60000000,47226.80000000
1778558400000,0.984700,0.995000,0.982800,0.990400,304620.40000000,192727.60000000,80834.80000000
1778562000000,0.990200,0.994300,0.987400,0.989700,214045.30000000,105711.60000000,-2622.10000000
1778565600000,0.989700,0.993200,0.982600,0.985600,178608.40000000,75270.90000000,-28066.60000000
1778569200000,0.985600,0.985700,0.970400,0.975900,533986.60000000,186206.60000000,-161573.40000000
1778572800000,0.975900,0.977500,0.964300,0.972900,344710.10000000,149751.10000000,-45207.90000000
1778576400000,0.972700,0.975800,0.964600,0.972100,352902.00000000,176924.90000000,947.80000000
1778580000000,0.972100,0.974500,0.965500,0.969700,288478.70000000,162935.70000000,37392.70000000
1778583600000,0.969700,0.970000,0.941400,0.966400,3519576.20000000,1629929.80000000,-259716.60000000
1778587200000,0.966700,0.970800,0.955600,0.967500,528751.00000000,282704.80000000,36658.60000000
1778590800000,0.967600,0.971500,0.954900,0.955800,377343.90000000,139894.40000000,-97555.10000000
1778594400000,0.955900,0.963200,0.951100,0.952200,459510.70000000,218269.80000000,-22971.10000000
1778598000000,0.952800,0.961100,0.948100,0.951000,437798.50000000,202085.70000000,-33627.10000000
1778601600000,0.951100,0.951300,0.923700,0.930700,1855172.50000000,541616.40000000,-771939.70000000
1778605200000,0.931100,0.944700,0.929000,0.935200,581684.80000000,305674.80000000,29664.80000000
1778608800000,0.935200,0.940600,0.933200,0.937400,262651.70000000,138066.00000000,13480.30000000
1778612400000,0.937000,0.942600,0.934200,0.939700,303466.30000000,168423.30000000,33380.30000000
1778616000000,0.939800,0.941700,0.928300,0.930100,248244.40000000,93208.70000000,-61827.00000000
1778619600000,0.930400,0.932400,0.926400,0.931700,241323.60000000,103392.00000000,-34539.60000000
1778623200000,0.931800,0.937300,0.928600,0.931100,222934.10000000,104878.40000000,-13177.30000000
1778626800000,0.931000,0.931200,0.920000,0.925000,394704.30000000,153050.60000000,-88603.10000000
1778630400000,0.925100,0.933800,0.924900,0.930400,258213.60000000,143003.20000000,27792.80000000
1778634000000,0.930400,0.943700,0.930100,0.940300,503864.50000000,352104.60000000,200344.70000000
1778637600000,0.940200,0.949300,0.938500,0.944500,542046.60000000,328201.80000000,114357.00000000
1778641200000,0.944400,0.946300,0.937400,0.944700,360154.20000000,221642.40000000,83130.60000000
1778644800000,0.944500,0.946800,0.941300,0.942800,163288.90000000,81230.10000000,-828.70000000
1778648400000,0.942700,0.944100,0.930700,0.934300,261495.60000000,117900.60000000,-25694.40000000
1778652000000,0.934200,0.938300,0.932500,0.935000,277968.20000000,131925.70000000,-14116.80000000
1778655600000,0.934800,0.937700,0.930500,0.935900,178458.70000000,88881.70000000,-695.30000000
1778659200000,0.936000,0.940400,0.932100,0.936600,267997.80000000,129098.50000000,-9800.80000000
1778662800000,0.936600,0.942800,0.934600,0.936100,306038.20000000,143767.20000000,-18503.80000000
1778666400000,0.936100,0.936700,0.922500,0.926900,573554.00000000,240280.30000000,-92993.40000000
1778670000000,0.926800,0.928900,0.916300,0.920000,505992.40000000,199360.40000000,-107271.60000000
1778673600000,0.920000,0.926900,0.897800,0.911600,1379042.60000000,544634.60000000,-289773.40000000
1778677200000,0.911700,0.916400,0.895900,0.899700,1135635.70000000,569862.50000000,4089.30000000
1778680800000,0.899800,0.907000,0.895900,0.901000,716476.10000000,281389.10000000,-153697.90000000
1778684400000,0.900900,0.904700,0.886600,0.887200,717061.20000000,307989.90000000,-101081.40000000
1778688000000,0.887100,0.897600,0.886600,0.891600,774400.00000000,439768.80000000,105137.60000000
1778691600000,0.891700,0.898500,0.890300,0.896500,315551.40000000,168327.80000000,21104.20000000
1778695200000,0.896400,0.903400,0.895800,0.899100,222815.40000000,134787.70000000,46760.00000000
1778698800000,0.899100,0.901400,0.893900,0.896000,212561.10000000,99772.50000000,-13016.10000000
1778702400000,0.896100,0.903100,0.895500,0.899400,177297.80000000,122958.30000000,68618.80000000
1778706000000,0.899600,0.900200,0.890600,0.893800,280332.50000000,80621.50000000,-119089.50000000
1778709600000,0.893900,0.898800,0.887200,0.897700,409246.70000000,267662.70000000,126078.70000000
1778713200000,0.897600,0.898900,0.894400,0.895100,312882.70000000,191705.60000000,70528.50000000
1778716800000,0.895100,0.899500,0.893300,0.893300,182988.30000000,88632.90000000,-5722.50000000
1778720400000,0.893300,0.895200,0.887700,0.891700,256552.70000000,84893.70000000,-86765.30000000
1778724000000,0.891800,0.893800,0.882900,0.886400,276166.10000000,96871.10000000,-82423.90000000
1778727600000,0.886500,0.888200,0.874000,0.878400,685690.50000000,191290.20000000,-303110.10000000
1778731200000,0.878700,0.884500,0.877500,0.883000,205292.30000000,75137.90000000,-55016.50000000
1778734800000,0.882900,0.896700,0.881800,0.889500,716988.20000000,435358.70000000,153729.20000000
1778738400000,0.889300,0.893300,0.886400,0.889900,217666.20000000,117677.90000000,17689.60000000
1778742000000,0.889900,0.892600,0.885400,0.888900,437237.30000000,199521.70000000,-38193.90000000
1778745600000,0.888900,0.896800,0.887200,0.892400,372828.80000000,190705.00000000,8581.20000000
1778749200000,0.892500,0.893800,0.889700,0.892000,102980.90000000,55673.90000000,8366.90000000
1778752800000,0.891900,0.895200,0.887400,0.893800,156363.70000000,76343.20000000,-3677.30000000
1778756400000,0.893800,0.895000,0.883200,0.888800,373241.40000000,160468.30000000,-52304.80000000
1778760000000,0.888700,0.899400,0.887700,0.896100,206693.20000000,129800.70000000,52908.20000000
1778763600000,0.896200,0.902500,0.893700,0.895000,329022.80000000,172078.50000000,15134.20000000
1778767200000,0.894900,0.908300,0.893600,0.906700,405403.20000000,231963.80000000,58524.40000000
1778770800000,0.906700,0.910900,0.904300,0.908400,522578.00000000,321519.60000000,120461.20000000
1778774400000,0.908400,0.914700,0.892700,0.905200,835720.40000000,383797.50000000,-68125.40000000
1778778000000,0.905300,0.906100,0.892600,0.900500,476668.80000000,207762.90000000,-61143.00000000
1778781600000,0.900400,0.914100,0.895600,0.912100,470107.60000000,302966.50000000,135825.40000000
1778785200000,0.912300,0.915000,0.902700,0.903600,386312.80000000,249616.40000000,112920.00000000
1778788800000,0.903500,0.904900,0.893500,0.900800,456980.10000000,199296.70000000,-58386.70000000
1778792400000,0.900800,0.920000,0.898100,0.914000,605402.80000000,366483.50000000,127564.20000000
1778796000000,0.913900,0.918200,0.910500,0.913100,373678.30000000,217170.70000000,60663.10000000
1778799600000,0.913200,0.917200,0.908300,0.913000,198713.20000000,126433.80000000,54154.40000000
1778803200000,0.912600,0.920600,0.908300,0.913100,313247.20000000,194624.30000000,76001.40000000
1778806800000,0.913000,0.923300,0.907700,0.910700,641471.20000000,299335.50000000,-42800.20000000
1778810400000,0.910600,0.915900,0.902000,0.912600,370517.40000000,193137.40000000,15757.40000000
1778814000000,0.912100,0.914100,0.907200,0.910200,150981.00000000,76502.30000000,2023.60000000
1778817600000,0.910000,0.927200,0.907000,0.919900,762367.00000000,383153.00000000,3939.00000000
1778821200000,0.919900,0.930000,0.908600,0.911700,1587670.00000000,655260.30000000,-277149.40000000
1778824800000,0.911800,0.933000,0.911400,0.924400,925066.10000000,451228.30000000,-22609.50000000
1778828400000,0.924600,0.934100,0.915400,0.925100,679986.20000000,397269.90000000,114553.60000000
1778832000000,0.925000,0.926300,0.909200,0.910100,824836.20000000,356757.90000000,-111320.40000000
1778835600000,0.910200,0.914000,0.905100,0.909100,462645.30000000,192319.90000000,-78005.50000000
1778839200000,0.909100,0.918000,0.905700,0.913000,290627.50000000,102729.00000000,-85169.50000000
1778842800000,0.913000,0.914300,0.906300,0.906400,232809.00000000,89593.70000000,-53621.60000000
1778846400000,0.906200,0.908100,0.893300,0.895800,743097.10000000,273951.70000000,-195193.70000000
1778850000000,0.895800,0.895900,0.851100,0.858800,4083716.30000000,1634986.00000000,-813744.30000000
1778853600000,0.859300,0.872400,0.856600,0.865600,886158.70000000,420599.30000000,-44960.10000000
1778857200000,0.865600,0.870700,0.861600,0.869600,375154.10000000,167441.10000000,-40271.90000000
1778860800000,0.869400,0.894300,0.866300,0.884000,1125172.70000000,601357.10000000,77541.50000000
1778864400000,0.884000,0.892400,0.876800,0.890800,666021.90000000,334987.50000000,3953.10000000
1778868000000,0.890700,0.897500,0.880100,0.880200,620924.00000000,338314.90000000,55705.80000000
1778871600000,0.880200,0.880200,0.866700,0.868900,593435.40000000,168396.30000000,-256642.80000000
1778875200000,0.868900,0.869200,0.829900,0.861400,2458535.50000000,920212.40000000,-618110.70000000
1778878800000,0.861500,0.866400,0.855900,0.857600,399968.00000000,229353.30000000,58738.60000000
1778882400000,0.857800,0.863200,0.856200,0.859100,131840.70000000,65425.80000000,-989.10000000
1778886000000,0.859000,0.860100,0.853800,0.857000,204168.90000000,61248.10000000,-81672.70000000
1778889600000,0.857200,0.866900,0.855400,0.861300,250090.70000000,140079.10000000,30067.50000000
1778893200000,0.861400,0.863800,0.853900,0.862500,285111.80000000,121707.30000000,-41697.20000000
1778896800000,0.862300,0.862400,0.855900,0.860300,120033.50000000,52132.90000000,-15767.70000000
1778900400000,0.860400,0.867700,0.859900,0.863400,215546.80000000,155774.20000000,96001.60000000
1778904000000,0.863300,0.866900,0.852100,0.855400,492749.60000000,223056.30000000,-46637.00000000
1778907600000,0.855200,0.856900,0.851300,0.854900,277251.50000000,104368.80000000,-68513.90000000
1778911200000,0.855000,0.855400,0.843300,0.849600,582544.70000000,205842.20000000,-170860.30000000
1778914800000,0.849700,0.850100,0.834500,0.847000,1179085.00000000,583016.70000000,-13051.60000000
1778918400000,0.847100,0.851100,0.845000,0.847100,176456.00000000,84464.80000000,-7526.40000000
1778922000000,0.847200,0.850200,0.836700,0.843200,432310.70000000,243575.30000000,54839.90000000
1778925600000,0.843000,0.844300,0.835300,0.843900,222430.60000000,95151.40000000,-32127.80000000
1778929200000,0.843900,0.851300,0.843400,0.848200,200337.00000000,96123.20000000,-8090.60000000
1778932800000,0.848200,0.864700,0.845600,0.855900,622392.30000000,385715.70000000,149039.10000000
1778936400000,0.855900,0.871900,0.854500,0.867500,822892.30000000,473570.30000000,124248.30000000
1778940000000,0.867300,0.871700,0.863100,0.868200,284337.60000000,129215.70000000,-25906.20000000
1778943600000,0.868100,0.874700,0.866900,0.868000,411429.50000000,158631.00000000,-94167.50000000
1778947200000,0.868100,0.873700,0.866600,0.871700,251225.40000000,120121.10000000,-10983.20000000
1778950800000,0.871800,0.873100,0.867100,0.868900,201155.00000000,85282.40000000,-30590.20000000
1778954400000,0.868700,0.873500,0.863900,0.869600,268001.30000000,114785.90000000,-38429.50000000
1778958000000,0.869500,0.874000,0.868800,0.872800,166741.30000000,101548.30000000,36355.30000000
1778961600000,0.872700,0.878300,0.868900,0.870400,475665.10000000,194138.70000000,-87387.70000000
1778965200000,0.870300,0.876500,0.869500,0.872500,177562.30000000,123663.50000000,69764.70000000
1778968800000,0.872400,0.876300,0.866400,0.875000,188437.50000000,89251.50000000,-9934.50000000
1778972400000,0.875000,0.878800,0.873600,0.877000,110299.20000000,53766.50000000,-2766.20000000
1778976000000,0.877100,0.878700,0.862200,0.865700,630727.50000000,234481.70000000,-161764.10000000
1778979600000,0.865700,0.866500,0.858600,0.859700,207231.70000000,74924.80000000,-57382.10000000
1778983200000,0.859800,0.864500,0.853100,0.858000,392073.10000000,194139.70000000,-3793.70000000
1778986800000,0.858000,0.869300,0.855800,0.865400,365785.30000000,219696.50000000,73607.70000000
1778990400000,0.865400,0.874700,0.864300,0.869600,306826.00000000,164794.10000000,22762.20000000
1778994000000,0.869600,0.872200,0.867200,0.868200,167008.90000000,56064.90000000,-54879.10000000
1778997600000,0.868200,0.869400,0.865000,0.866600,87075.20000000,37194.30000000,-12686.60000000
1779001200000,0.866600,0.869600,0.864500,0.866500,151755.90000000,78070.30000000,4384.70000000
1779004800000,0.866600,0.873800,0.865100,0.871200,172343.40000000,96649.50000000,20955.60000000
1779008400000,0.871300,0.878000,0.870400,0.873900,334956.60000000,153062.00000000,-28832.60000000
1779012000000,0.873900,0.875300,0.869800,0.871400,175554.10000000,73250.20000000,-29053.70000000
1779015600000,0.871400,0.871900,0.866200,0.870200,180818.70000000,86390.00000000,-8038.70000000
1779019200000,0.870300,0.871200,0.867000,0.867500,89213.70000000,41730.50000000,-5752.70000000
1779022800000,0.867400,0.870300,0.862700,0.867200,210072.20000000,65792.00000000,-78488.20000000
1779026400000,0.867300,0.870900,0.861900,0.869900,186505.70000000,105455.00000000,24404.30000000
1779030000000,0.869800,0.872800,0.865700,0.869500,193136.30000000,117602.50000000,42068.70000000
1779033600000,0.869400,0.874000,0.867700,0.867800,165132.80000000,94365.90000000,23599.00000000
1779037200000,0.867900,0.872000,0.865500,0.871400,169420.60000000,81426.20000000,-6568.20000000
1779040800000,0.871400,0.882200,0.869200,0.880400,297562.00000000,199608.00000000,101654.00000000
1779044400000,0.880600,0.887900,0.880200,0.884700,708138.10000000,434175.20000000,160212.30000000
1779048000000,0.884100,0.891200,0.884000,0.889200,547216.40000000,305729.00000000,64241.60000000
1779051600000,0.889200,0.898700,0.887000,0.895000,373011.90000000,176374.70000000,-20262.50000000
1779055200000,0.895000,0.895000,0.881500,0.884600,355736.70000000,166145.60000000,-23445.50000000
1779058800000,0.885000,0.885000,0.840200,0.863000,1705971.60000000,583824.60000000,-538322.40000000
1779062400000,0.863000,0.870400,0.850600,0.868200,663610.10000000,312519.00000000,-38572.10000000
1779066000000,0.868200,0.902300,0.867600,0.898800,1253002.50000000,647305.60000000,41608.70000000
1779069600000,0.898600,0.908100,0.879700,0.883900,1282247.40000000,518148.90000000,-245949.60000000
1779073200000,0.884000,0.893200,0.874600,0.876400,456700.60000000,233420.30000000,10140.00000000
1779076800000,0.876500,0.882500,0.870700,0.882500,581562.60000000,377866.60000000,174170.60000000
1779080400000,0.882500,0.889100,0.862300,0.866100,732434.10000000,259717.90000000,-212998.30000000
1779084000000,0.866000,0.880200,0.859400,0.874400,603531.00000000,287038.70000000,-29453.60000000
1779087600000,0.874500,0.880800,0.868500,0.880800,297564.40000000,161853.00000000,26141.60000000
1779091200000,0.880900,0.897300,0.880900,0.896100,798436.30000000,462326.10000000,126215.90000000
1779094800000,0.896200,0.906400,0.893400,0.905000,811588.50000000,359073.40000000,-93441.70000000
1779098400000,0.905000,0.913400,0.896700,0.910800,711539.00000000,334509.70000000,-42519.60000000
1779102000000,0.910700,0.914100,0.882600,0.902300,1222156.90000000,461928.20000000,-298300.50000000
1779105600000,0.902400,0.910800,0.895700,0.903000,509918.60000000,183264.90000000,-143388.80000000
1779109200000,0.903000,0.904000,0.889700,0.893800,434451.90000000,175669.00000000,-83113.90000000
1779112800000,0.893800,0.898600,0.881500,0.886300,744613.80000000,358765.00000000,-27083.80000000
1779116400000,0.886800,0.903300,0.873800,0.896300,1507231.40000000,747873.00000000,-11485.40000000
1779120000000,0.896300,0.919100,0.890400,0.914000,1050062.40000000,448970.90000000,-152120.60000000
1779123600000,0.914200,0.930000,0.913100,0.920100,804988.30000000,385892.70000000,-33202.90000000
1779127200000,0.920000,0.922100,0.898200,0.900100,677181.20000000,243604.10000000,-189973.00000000
1779130800000,0.900100,0.911600,0.893900,0.907600,710212.60000000,300153.80000000,-109905.00000000
1779134400000,0.907800,0.915300,0.906300,0.907000,187491.10000000,91234.80000000,-5021.50000000
1779138000000,0.906700,0.961200,0.904800,0.923100,3437679.00000000,1813746.40000000,189813.80000000
1779141600000,0.922900,0.945800,0.920200,0.930700,1520522.90000000,765576.30000000,10629.70000000
1779145200000,0.930600,0.953700,0.930000,0.951900,1175034.40000000,529059.90000000,-116914.60000000
1779148800000,0.952000,0.987700,0.951900,0.984400,2032552.00000000,1053654.80000000,74757.60000000
1779152400000,0.984400,1.002700,0.969900,0.991200,3093895.40000000,1414589.80000000,-264715.80000000
1779156000000,0.990900,0.995500,0.973300,0.982100,2214974.90000000,989559.50000000,-235855.90000000
1779159600000,0.982100,0.994100,0.975100,0.983500,913309.00000000,450504.10000000,-12300.80000000
1779163200000,0.983400,1.009600,0.983200,0.998500,3138413.70000000,1586453.60000000,34493.50000000
1779166800000,0.998500,1.016300,0.986700,0.998300,4360021.80000000,2160993.20000000,-38035.40000000
1779170400000,0.997900,1.001700,0.982100,0.991100,1701993.30000000,818721.40000000,-64550.50000000
1779174000000,0.990900,0.996300,0.973300,0.986500,1589154.20000000,868797.20000000,148440.20000000
1779177600000,0.986600,1.000200,0.979400,0.993700,1341434.80000000,690619.70000000,39804.60000000
1779181200000,0.993600,1.001600,0.980700,0.999100,1603587.50000000,732244.10000000,-139099.30000000
1779184800000,0.999100,1.000600,0.975000,0.984100,1501525.90000000,766349.60000000,31173.30000000
1779188400000,0.984200,0.985700,0.955800,0.963200,1719215.80000000,748822.50000000,-221570.80000000
1779192000000,0.963300,0.964600,0.938500,0.947500,2043194.10000000,930576.50000000,-182041.10000000
1779195600000,0.947600,0.956500,0.943500,0.947000,809383.80000000,407483.50000000,5583.20000000
1779199200000,0.946900,0.962600,0.944500,0.949200,1186009.40000000,566254.30000000,-53500.80000000
1779202800000,0.948800,0.970900,0.942800,0.965000,752186.10000000,455919.60000000,159653.10000000
1779206400000,0.965300,1.015100,0.964700,1.013000,2596762.40000000,1421753.40000000,246744.40000000
1779210000000,1.012900,1.044200,1.006500,1.041100,2885708.00000000,1470864.60000000,56021.20000000
1779213600000,1.041100,1.056900,1.030900,1.053700,2231187.90000000,1122016.30000000,12844.70000000
1779217200000,1.053500,1.057100,1.025600,1.054500,2026536.60000000,936543.20000000,-153450.20000000
1779220800000,1.054900,1.079500,1.042600,1.075000,3067767.30000000,1661678.20000000,255589.10000000
1779224400000,1.075200,1.106100,1.055500,1.081200,6128864.30000000,3038685.60000000,-51493.10000000
1779228000000,1.081200,1.129000,1.077800,1.087900,7206280.90000000,3536872.20000000,-132536.50000000
1779231600000,1.088000,1.142600,1.084000,1.133300,5711402.20000000,2820862.20000000,-69677.80000000
1779235200000,1.133300,1.159200,1.119900,1.140200,5501924.40000000,2710283.10000000,-81358.20000000
1779238800000,1.140500,1.163700,1.100100,1.159700,6138970.50000000,3169442.60000000,199914.70000000
1779242400000,1.159400,1.188000,1.141300,1.147600,6996243.30000000,3381609.40000000,-233024.50000000
1779246000000,1.148400,1.203900,1.147700,1.196400,7863398.80000000,4242876.30000000,622353.80000000
1779249600000,1.196400,1.239500,1.193300,1.216400,11409458.40000000,6384377.80000000,1359297.20000000
1779253200000,1.216600,1.233500,1.177800,1.192900,9958821.70000000,5046964.60000000,135107.50000000
1779256800000,1.192600,1.200100,1.166100,1.188100,5840769.60000000,2945254.10000000,49738.60000000
1779260400000,1.188000,1.208900,1.173900,1.177700,5336001.70000000,2776943.00000000,217884.30000000
1779264000000,1.178100,1.204900,1.150400,1.200400,5536619.90000000,2818910.90000000,101201.90000000
1779267600000,1.200000,1.232400,1.167800,1.182200,8836044.90000000,4340460.90000000,-155123.10000000
1779271200000,1.182100,1.203200,1.171600,1.193600,3900679.60000000,2120774.00000000,340868.40000000
1779274800000,1.193500,1.201400,1.179800,1.198200,2721416.40000000,1383640.50000000,45864.60000000
1779278400000,1.198100,1.219300,1.186500,1.213600,5422143.50000000,2661550.50000000,-99042.50000000
1779282000000,1.213600,1.229100,1.172500,1.208300,7352427.00000000,3557021.90000000,-238383.20000000
1779285600000,1.208600,1.253900,1.183200,1.213100,13487963.00000000,6497621.90000000,-492719.20000000
1779289200000,1.213100,1.249000,1.196900,1.241300,11082145.40000000,5629658.00000000,177170.60000000
1779292800000,1.241400,1.273000,1.223300,1.241000,11500120.50000000,5776773.30000000,53426.10000000
1779296400000,1.241000,1.242300,1.206000,1.213600,5182988.90000000,2381452.90000000,-420083.10000000
1779300000000,1.213700,1.227800,1.182500,1.197400,3767298.90000000,1809656.30000000,-147986.30000000
1779303600000,1.197500,1.257800,1.185300,1.246300,5725868.20000000,3113892.10000000,501916.00000000
1779307200000,1.246200,1.259300,1.211200,1.221300,3881746.40000000,1831441.50000000,-218863.40000000
1779310800000,1.221200,1.248900,1.202100,1.227000,2297049.00000000,1094105.60000000,-108837.80000000
1779314400000,1.226900,1.276600,1.216700,1.273800,3571655.00000000,1702754.60000000,-166145.80000000
1779318000000,1.274200,1.288000,1.252000,1.276400,3617246.00000000,1896392.70000000,175539.40000000
1779321600000,1.276500,1.363800,1.262500,1.328300,9274600.50000000,5073628.50000000,872656.50000000
1779325200000,1.328400,1.355000,1.278900,1.300400,8878149.20000000,4647406.70000000,416664.20000000
1779328800000,1.300300,1.321200,1.268300,1.317800,4757178.00000000,2245129.60000000,-266918.80000000
1779332400000,1.317900,1.365900,1.300700,1.347100,4238319.90000000,2163914.00000000,89508.10000000
1779336000000,1.347000,1.368600,1.285000,1.312500,5007568.70000000,2500030.70000000,-7507.30000000
1779339600000,1.312700,1.322100,1.286200,1.317800,2660658.60000000,1411032.00000000,161405.40000000
1779343200000,1.317800,1.349300,1.306700,1.310500,3301093.20000000,1645008.90000000,-11075.40000000
1779346800000,1.310500,1.355200,1.303000,1.339400,3905140.10000000,2003776.90000000,102413.70000000
1779350400000,1.339200,1.395500,1.288400,1.391100,9022247.30000000,4754889.90000000,487532.50000000
1779354000000,1.391100,1.466600,1.385700,1.389600,13758583.00000000,6988890.10000000,219197.20000000
1779357600000,1.389200,1.402100,1.314400,1.320900,7109651.00000000,3323100.30000000,-463450.40000000
1779361200000,1.320900,1.373700,1.309600,1.365200,4634889.10000000,2395372.50000000,155855.90000000
1779364800000,1.365300,1.373800,1.318500,1.337900,3417222.00000000,1755829.50000000,94437.00000000
1779368400000,1.337800,1.402700,1.337500,1.381600,4683859.00000000,2314128.20000000,-55602.60000000
1779372000000,1.381700,1.417000,1.334500,1.396500,8497851.70000000,4171383.50000000,-155084.70000000
1779375600000,1.396400,1.444000,1.322600,1.338600,11118056.90000000,5350026.70000000,-418003.50000000
1779379200000,1.338100,1.343000,1.238200,1.281200,12187709.30000000,5663003.70000000,-861701.90000000
1779382800000,1.281300,1.333300,1.278100,1.306000,4341870.30000000,2145363.30000000,-51143.70000000
1779386400000,1.305600,1.328800,1.290900,1.326600,1983370.00000000,970064.50000000,-43241.00000000
1779390000000,1.326500,1.345500,1.298600,1.337700,2311937.50000000,1260681.20000000,209424.90000000
1779393600000,1.338000,1.389600,1.334500,1.379000,4211396.80000000,2112885.60000000,14374.40000000
1779397200000,1.378900,1.394200,1.347500,1.361300,2104077.20000000,1029951.50000000,-44174.20000000
1779400800000,1.361500,1.435700,1.357500,1.431600,3378333.50000000,1718462.60000000,58591.70000000
1779404400000,1.431100,1.460400,1.418000,1.426200,3680161.70000000,2010061.10000000,339960.50000000
1779408000000,1.426400,1.452800,1.398500,1.400000,4098488.30000000,1799781.20000000,-498925.90000000
1779411600000,1.400100,1.436400,1.392800,1.429000,3182847.80000000,1695036.00000000,207224.20000000
1779415200000,1.428800,1.437500,1.404200,1.407700,2359107.40000000,1192477.00000000,25846.60000000
1779418800000,1.407700,1.420800,1.392900,1.398600,2163926.60000000,1070066.00000000,-23794.60000000
1779422400000,1.399000,1.436400,1.398100,1.413000,1715002.90000000,884156.80000000,53310.70000000
1779426000000,1.413100,1.475400,1.411500,1.423200,3891469.60000000,1981393.80000000,71318.00000000
1779429600000,1.423300,1.435000,1.396400,1.399300,2466222.50000000,1266846.40000000,67470.30000000
1779433200000,1.399300,1.405300,1.315100,1.350000,5849913.50000000,2748057.70000000,-353798.10000000
1779436800000,1.349900,1.358000,1.320600,1.323800,2738516.60000000,1387643.50000000,36770.40000000
1779440400000,1.323900,1.358400,1.304400,1.339800,4339504.00000000,2215794.40000000,92084.80000000
1779444000000,1.339900,1.347900,1.284300,1.307000,3453890.10000000,1673326.90000000,-107236.30000000
1779447600000,1.307000,1.328300,1.271500,1.322600,3465933.50000000,1857842.40000000,249751.30000000
1779451200000,1.322600,1.352600,1.297800,1.327500,2957046.40000000,1509548.70000000,62051.00000000
1779454800000,1.327600,1.358200,1.320900,1.344800,1634527.40000000,798949.40000000,-36628.60000000
1779458400000,1.344700,1.348000,1.274400,1.277200,3748737.00000000,1697668.40000000,-353400.20000000
1779462000000,1.277500,1.303200,1.252100,1.263600,2864946.20000000,1301952.30000000,-261041.60000000
1779465600000,1.263900,1.273100,1.242600,1.245500,2998249.80000000,1401888.00000000,-194473.80000000
1779469200000,1.245600,1.249300,1.222800,1.237800,1987703.90000000,994507.90000000,1311.90000000
1779472800000,1.237700,1.267900,1.196700,1.209300,5672806.40000000,2573694.40000000,-525417.60000000
1779476400000,1.209300,1.214800,1.154400,1.195800,8074517.60000000,4291888.30000000,509259.00000000
1779480000000,1.195800,1.208300,1.162600,1.198800,3026861.40000000,1567293.70000000,107726.00000000
1779483600000,1.198800,1.222300,1.186500,1.201500,2340166.50000000,1199202.80000000,58239.10000000
1779487200000,1.201600,1.205200,1.172000,1.177200,2410054.50000000,1146557.50000000,-116939.50000000
1779490800000,1.177200,1.195200,1.161000,1.186800,1504459.90000000,769571.20000000,34682.50000000
1779494400000,1.186700,1.196200,1.151900,1.160600,2020719.80000000,1038245.10000000,55770.40000000
1779498000000,1.160500,1.191400,1.156800,1.185600,1701806.90000000,964908.90000000,228010.90000000
1779501600000,1.185500,1.197600,1.161300,1.163600,1516720.30000000,783098.30000000,49476.30000000
1779505200000,1.163600,1.183900,1.156500,1.164700,1435664.10000000,777873.60000000,120083.10000000
1779508800000,1.164800,1.168000,1.149300,1.158300,1497428.80000000,759507.10000000,21585.40000000
1779512400000,1.158400,1.170000,1.152500,1.153500,886169.10000000,500872.50000000,115575.90000000
1779516000000,1.153500,1.154500,1.108000,1.123100,4260901.40000000,1783455.60000000,-693990.20000000
1779519600000,1.123500,1.129100,1.092200,1.113100,3108708.50000000,1616882.20000000,125055.90000000
1779523200000,1.113400,1.138800,1.094300,1.121500,2354954.20000000,1218110.80000000,81267.40000000
1779526800000,1.121600,1.152500,1.118300,1.145700,2041648.20000000,965278.00000000,-111092.20000000
1779530400000,1.145700,1.194600,1.142300,1.166300,2970350.90000000,1560797.40000000,151243.90000000
1779534000000,1.166400,1.192000,1.163700,1.187200,1641124.90000000,838116.90000000,35108.90000000
1779537600000,1.187300,1.192400,1.151000,1.166900,1795549.50000000,811214.70000000,-173120.10000000
1779541200000,1.166900,1.214200,1.166200,1.191000,2644049.20000000,1354430.40000000,64811.60000000
1779544800000,1.190600,1.241000,1.177900,1.220600,3257551.10000000,1801624.70000000,345698.30000000
1779548400000,1.220500,1.238900,1.171900,1.196600,3683621.90000000,1632868.20000000,-417885.50000000
1779552000000,1.196600,1.200200,1.158300,1.179100,2901764.00000000,1261622.30000000,-378519.40000000
1779555600000,1.179000,1.206700,1.178400,1.188800,1599712.40000000,809226.90000000,18741.40000000
1779559200000,1.188900,1.252600,1.186600,1.239700,2553359.50000000,1442657.50000000,331955.50000000
1779562800000,1.239200,1.251000,1.216100,1.229800,1291044.80000000,592594.30000000,-105856.20000000
1779566400000,1.229800,1.299100,1.220700,1.296000,2602797.70000000,1387617.80000000,172437.90000000
1779570000000,1.295800,1.310600,1.235900,1.252100,2534509.20000000,1202136.10000000,-130237.00000000
1779573600000,1.252000,1.255300,1.196500,1.214700,2016825.00000000,914763.50000000,-187298.00000000
1779577200000,1.214600,1.235300,1.201200,1.227400,1099702.70000000,654895.00000000,210087.30000000
1779580800000,1.227400,1.273400,1.202400,1.273300,2277749.90000000,1342892.90000000,408035.90000000
1779584400000,1.273200,1.286900,1.243800,1.243900,1926300.30000000,854176.30000000,-217947.70000000
1779588000000,1.243900,1.308900,1.237300,1.279600,2405003.10000000,1286689.10000000,168375.10000000
1779591600000,1.280000,1.290900,1.223000,1.237300,4903470.40000000,2431544.50000000,-40381.40000000
1779595200000,1.237400,1.257200,1.218900,1.228300,1828793.90000000,767149.90000000,-294494.10000000
1779598800000,1.228200,1.228900,1.188000,1.209300,1806916.50000000,714137.20000000,-378642.10000000
1779602400000,1.209400,1.221800,1.202900,1.214800,826735.70000000,464005.70000000,101275.70000000
1779606000000,1.214900,1.215100,1.181500,1.190300,1138851.90000000,432779.50000000,-273292.90000000
1779609600000,1.190400,1.262200,1.181700,1.252400,2803986.50000000,1467920.70000000,131854.90000000
1779613200000,1.252500,1.291200,1.249400,1.290200,4027069.70000000,1950151.00000000,-126767.70000000
1779616800000,1.290100,1.332700,1.261000,1.328700,2921797.20000000,1541097.40000000,160397.60000000
1779620400000,1.329100,1.373500,1.321400,1.347200,8462766.20000000,4349209.20000000,235652.20000000
1779624000000,1.347300,1.358300,1.326700,1.329500,1742097.00000000,854316.40000000,-33464.20000000
1779627600000,1.329700,1.395000,1.329400,1.339100,4746829.80000000,2372113.20000000,-2603.40000000
1779631200000,1.339100,1.346500,1.286200,1.314100,3869443.50000000,1848695.00000000,-172053.50000000
1779634800000,1.314100,1.360900,1.292200,1.343700,2580256.40000000,1281827.30000000,-16601.80000000
1779638400000,1.343500,1.375600,1.317800,1.333600,3089904.80000000,1537022.20000000,-15860.40000000
1779642000000,1.333500,1.352400,1.319400,1.325800,1644189.80000000,816616.40000000,-10957.00000000
1779645600000,1.325700,1.341600,1.313400,1.330400,929751.10000000,455178.00000000,-19395.10000000
1779649200000,1.330100,1.349400,1.321900,1.344600,1317055.10000000,748158.00000000,179260.90000000
1779652800000,1.344600,1.362200,1.332400,1.346700,1947915.70000000,997828.70000000,47741.70000000
1779656400000,1.346700,1.366000,1.276600,1.280800,2648618.10000000,1168924.30000000,-310769.50000000
1779660000000,1.280800,1.318600,1.280300,1.293400,1253389.70000000,707605.60000000,161821.50000000
1779663600000,1.293400,1.313600,1.286700,1.292300,1108419.80000000,601660.10000000,94900.40000000
1779667200000,1.292500,1.306200,1.284400,1.304700,1066293.70000000,535855.00000000,5416.30000000
1779670800000,1.304700,1.312100,1.278800,1.280600,1218116.40000000,510923.90000000,-196268.60000000
1779674400000,1.280400,1.301400,1.277700,1.298900,989203.70000000,488655.90000000,-11891.90000000
1779678000000,1.299000,1.330600,1.257300,1.282500,3285539.00000000,1542404.20000000,-200730.60000000
1779681600000,1.282500,1.319900,1.278800,1.316400,1359641.30000000,769943.20000000,180245.10000000
1779685200000,1.316600,1.323500,1.292000,1.306600,995437.40000000,463927.20000000,-67583.00000000
1779688800000,1.306600,1.325000,1.285500,1.291800,1181955.40000000,617685.40000000,53415.40000000
1779692400000,1.291700,1.331300,1.289000,1.328000,1643664.00000000,824107.30000000,4550.60000000
1779696000000,1.328000,1.335500,1.306400,1.311500,972538.30000000,545981.30000000,119424.30000000
1779699600000,1.311600,1.345700,1.309400,1.313200,1472216.00000000,710103.00000000,-52010.00000000
1779703200000,1.313400,1.338300,1.293200,1.302200,1651832.30000000,870094.40000000,88356.50000000
1779706800000,1.302200,1.313900,1.288300,1.300400,649361.70000000,290162.20000000,-69037.30000000
1779710400000,1.300500,1.313600,1.288400,1.297700,1010488.50000000,537924.00000000,65359.50000000
1779714000000,1.297700,1.311000,1.275000,1.278700,1118339.80000000,393200.80000000,-331938.20000000
1779717600000,1.278700,1.299700,1.257300,1.270000,1465808.20000000,670286.10000000,-125236.00000000
1779721200000,1.270600,1.285200,1.258000,1.281000,1549453.90000000,742266.80000000,-64920.30000000
1779724800000,1.281100,1.282600,1.247700,1.268600,1530756.90000000,813424.90000000,96092.90000000
1779728400000,1.268500,1.344300,1.265500,1.343000,3532415.60000000,1674263.20000000,-183889.20000000
1779732000000,1.343000,1.364400,1.314400,1.329300,3140670.00000000,1440838.30000000,-258993.40000000
1779735600000,1.329300,1.389900,1.327600,1.375100,2350092.50000000,1229892.70000000,109692.90000000
1779739200000,1.375100,1.383800,1.306500,1.313600,2817378.60000000,1260236.50000000,-296905.60000000
1779742800000,1.313800,1.365600,1.310300,1.330700,1849645.60000000,1013077.30000000,176509.00000000
1779746400000,1.330800,1.356400,1.319700,1.335900,1066306.40000000,575646.70000000,84987.00000000
1779750000000,1.335800,1.402500,1.326000,1.378200,2042857.10000000,1106359.60000000,169862.10000000
1779753600000,1.378300,1.392500,1.275800,1.280000,3899311.70000000,1748959.90000000,-401391.90000000
1779757200000,1.279800,1.312100,1.224200,1.247700,7851571.10000000,3885925.90000000,-79719.30000000
1779760800000,1.247600,1.251100,1.217300,1.224600,2505023.20000000,1107559.80000000,-289903.60000000
1779764400000,1.224700,1.233800,1.212500,1.230400,1287118.60000000,698249.30000000,109380.00000000
1779768000000,1.230600,1.246100,1.210400,1.244200,1298665.90000000,685017.60000000,71369.30000000
1779771600000,1.244100,1.275000,1.234800,1.258400,1751873.10000000,924913.90000000,97954.70000000
1779775200000,1.258400,1.269000,1.241400,1.250300,1295882.90000000,597228.50000000,-101425.90000000
1779778800000,1.250400,1.254900,1.229300,1.240100,1032043.30000000,472913.40000000,-86216.50000000
1779782400000,1.240300,1.282700,1.234400,1.263400,1476638.80000000,646824.90000000,-182989.00000000
1779786000000,1.263300,1.278700,1.240800,1.242100,833333.70000000,403344.80000000,-26644.10000000
1779789600000,1.242200,1.293900,1.240000,1.284200,1643776.40000000,828988.70000000,14201.00000000
1779793200000,1.284200,1.331900,1.278200,1.315100,2371322.10000000,1129237.00000000,-112848.10000000
1779796800000,1.315200,1.329000,1.293500,1.328300,1910065.00000000,855086.80000000,-199891.40000000
1779800400000,1.328200,1.359500,1.306100,1.345200,2527058.50000000,1300739.40000000,74420.30000000
1779804000000,1.345200,1.349500,1.291100,1.306400,2149569.90000000,982569.10000000,-184431.70000000
1779807600000,1.306400,1.328800,1.285000,1.300700,2418047.70000000,1080470.40000000,-257106.90000000
1779811200000,1.300700,1.312300,1.276100,1.295000,1971150.60000000,999297.60000000,27444.60000000
1779814800000,1.294800,1.317400,1.231200,1.248800,4075078.30000000,1799012.90000000,-477052.50000000
1779818400000,1.248800,1.268400,1.217400,1.238500,2192257.00000000,1013290.90000000,-165675.20000000
1779822000000,1.238500,1.242800,1.186900,1.210600,2539081.40000000,1078799.90000000,-381481.60000000
1779825600000,1.210600,1.231500,1.180000,1.189200,2546889.50000000,1163537.90000000,-219813.70000000
1779829200000,1.189100,1.210400,1.168300,1.169500,1569069.40000000,723067.40000000,-122934.60000000
1779832800000,1.169500,1.198900,1.167000,1.181700,1153656.50000000,651512.90000000,149369.30000000
1779836400000,1.181700,1.203900,1.181300,1.183900,789066.00000000,449035.80000000,109005.60000000
1779840000000,1.184100,1.203700,1.175000,1.196100,1241477.30000000,691965.00000000,142452.70000000
1779843600000,1.196000,1.199100,1.174500,1.178000,865085.00000000,476633.80000000,88182.60000000
1779847200000,1.177900,1.193000,1.169200,1.190300,1227343.30000000,598298.20000000,-30746.90000000
1779850800000,1.190300,1.201600,1.178800,1.182800,673957.10000000,347516.80000000,21076.50000000
1779854400000,1.182800,1.203300,1.176000,1.201800,782794.60000000,492195.10000000,201595.60000000
1779858000000,1.201600,1.226200,1.201400,1.213000,1091800.10000000,618289.80000000,144779.50000000
1779861600000,1.213000,1.220700,1.199700,1.218800,731586.30000000,344997.70000000,-41590.90000000
1779865200000,1.218700,1.224700,1.205000,1.215400,915290.90000000,420094.90000000,-75101.10000000
1779868800000,1.215200,1.235700,1.210800,1.212200,940791.10000000,499639.30000000,58487.50000000
1779872400000,1.212200,1.213400,1.174600,1.198900,1710978.60000000,676759.70000000,-357459.20000000
1779876000000,1.198900,1.205300,1.185200,1.195800,807662.50000000,342248.60000000,-123165.30000000
1779879600000,1.195900,1.200300,1.183000,1.193400,620219.80000000,279492.40000000,-61235.00000000
1779883200000,1.193500,1.253100,1.185500,1.230000,2728243.70000000,1375598.90000000,22954.10000000
1779886800000,1.229800,1.233600,1.185400,1.198600,1261485.20000000,601485.70000000,-58513.80000000
1779890400000,1.198700,1.203100,1.174400,1.195300,1249924.40000000,608304.20000000,-33316.00000000
1779894000000,1.195200,1.227800,1.190500,1.204900,773803.50000000,461560.50000000,149317.50000000
1779897600000,1.204900,1.212000,1.176400,1.190000,937657.80000000,389831.40000000,-157995.00000000
1779901200000,1.190000,1.190000,1.144000,1.169700,3270336.50000000,1442742.50000000,-384851.50000000
1779904800000,1.169700,1.173300,1.158700,1.170700,637313.80000000,324080.50000000,10847.20000000
1779908400000,1.170700,1.174100,1.160000,1.166800,392984.50000000,173695.60000000,-45593.30000000
1779912000000,1.166900,1.181300,1.160800,1.168300,350700.10000000,198064.50000000,45428.90000000
1779915600000,1.168400,1.169200,1.126400,1.148500,1189997.30000000,521922.90000000,-146151.50000000
1779919200000,1.148600,1.156300,1.128600,1.129800,872006.00000000,386512.70000000,-98980.60000000
1779922800000,1.129800,1.133500,1.117400,1.127600,1144189.20000000,532374.50000000,-79440.20000000
1779926400000,1.127500,1.135200,1.113200,1.128800,1340941.50000000,610780.10000000,-119381.30000000
1779930000000,1.128800,1.143100,1.112600,1.128100,1326779.30000000,590917.00000000,-144945.30000000
1779933600000,1.128100,1.140600,1.119700,1.136400,452802.10000000,238314.00000000,23825.90000000
1779937200000,1.136200,1.137300,1.103400,1.104800,1088337.60000000,462003.90000000,-164329.80000000
1779940800000,1.105000,1.115000,1.085100,1.114900,1418037.00000000,565151.60000000,-287733.80000000
1779944400000,1.114800,1.115200,1.094300,1.098900,660266.90000000,334316.20000000,8365.50000000
1779948000000,1.098900,1.118300,1.094600,1.112600,534370.80000000,323435.00000000,112499.20000000
1779951600000,1.112800,1.126000,1.106700,1.116300,560260.20000000,330590.30000000,100920.40000000
1779955200000,1.116300,1.127200,1.108200,1.119400,558077.20000000,313170.30000000,68263.40000000
1779958800000,1.119400,1.145400,1.118100,1.138700,799042.50000000,461198.10000000,123353.70000000
1779962400000,1.138700,1.144500,1.096800,1.097700,1459956.20000000,609947.30000000,-240061.60000000
1779966000000,1.097800,1.113000,1.094600,1.105600,742148.70000000,343225.10000000,-55698.50000000
1779969600000,1.105500,1.109800,1.085700,1.099600,983352.30000000,439300.00000000,-104752.30000000
1779973200000,1.099500,1.102300,1.045700,1.047800,3056288.80000000,1326466.10000000,-403356.60000000
1779976800000,1.047600,1.097900,1.045500,1.082500,2928174.20000000,1574840.80000000,221507.40000000
1779980400000,1.082400,1.100300,1.075800,1.090000,1022298.70000000,484012.20000000,-54274.30000000
1779984000000,1.090100,1.123800,1.087100,1.111000,984949.40000000,544305.60000000,103661.80000000
1779987600000,1.111100,1.115400,1.097500,1.108700,686351.70000000,332712.50000000,-20926.70000000
1779991200000,1.108600,1.154900,1.107600,1.151700,2628278.50000000,1402630.20000000,176981.90000000
1779994800000,1.151700,1.163200,1.143100,1.152700,789865.30000000,359182.40000000,-71500.50000000
1779998400000,1.152600,1.177100,1.138200,1.160800,626678.60000000,338937.90000000,51197.20000000
1780002000000,1.161000,1.174700,1.155400,1.164700,821257.20000000,393646.20000000,-33964.80000000
1780005600000,1.165100,1.173700,1.158100,1.165000,325459.10000000,190642.40000000,55825.70000000
1780009200000,1.165000,1.175300,1.163600,1.170700,383326.60000000,173194.20000000,-36938.20000000
1780012800000,1.170600,1.219400,1.160100,1.206500,2949900.60000000,1564871.20000000,179841.80000000
1780016400000,1.206600,1.218000,1.170400,1.178200,1291520.00000000,615065.70000000,-61388.60000000
1780020000000,1.178200,1.186500,1.149300,1.154800,1248524.80000000,511735.20000000,-225054.40000000
1780023600000,1.154800,1.166000,1.129700,1.147200,2033585.50000000,899764.90000000,-234055.70000000
1780027200000,1.147300,1.171200,1.140800,1.169900,744841.40000000,394374.40000000,43907.40000000
1780030800000,1.169800,1.176000,1.159200,1.161800,519849.20000000,275169.00000000,30488.80000000
1780034400000,1.161800,1.209200,1.160300,1.204900,1382627.40000000,791865.70000000,201104.00000000
1780038000000,1.205000,1.212300,1.176700,1.195700,1122395.20000000,544959.50000000,-32476.20000000
1780041600000,1.195300,1.203100,1.184000,1.188200,461266.00000000,202825.00000000,-55616.00000000
1780045200000,1.188400,1.206300,1.184300,1.189800,578718.20000000,261375.60000000,-55967.00000000
1780048800000,1.189800,1.193300,1.169800,1.181800,1002715.70000000,459528.70000000,-83658.30000000
1780052400000,1.181700,1.190200,1.159400,1.167400,579288.40000000,214201.20000000,-150886.00000000
1780056000000,1.167400,1.172500,1.140200,1.147000,2119642.70000000,979816.60000000,-160009.50000000
1780059600000,1.146700,1.175000,1.135000,1.162400,1007583.90000000,531882.40000000,56180.90000000
1780063200000,1.162400,1.261100,1.161300,1.226900,10413322.80000000,5396936.40000000,380550.00000000
1780066800000,1.226900,1.333200,1.206000,1.297600,7831498.70000000,3989004.10000000,146509.50000000
1780070400000,1.297600,1.361200,1.268600,1.349000,5600076.40000000,2585681.80000000,-428712.80000000
1780074000000,1.348900,1.365500,1.320700,1.346800,4628667.10000000,2338410.50000000,48153.90000000
1780077600000,1.346800,1.356000,1.250700,1.274000,7693073.30000000,3562969.20000000,-567134.90000000
1780081200000,1.274000,1.369100,1.245000,1.340700,5907469.80000000,3138058.00000000,368646.20000000
1780084800000,1.340600,1.341000,1.281200,1.294500,2193833.50000000,915038.90000000,-363755.70000000
1780088400000,1.294500,1.303500,1.262500,1.264300,2398993.70000000,1142968.20000000,-113057.30000000
1780092000000,1.264300,1.267500,1.235900,1.241100,2383087.40000000,1187524.00000000,-8039.40000000
1780095600000,1.241200,1.263400,1.235900,1.261900,1072465.40000000,542401.10000000,12336.80000000
1780099200000,1.261900,1.295300,1.251500,1.288100,1093299.30000000,480365.10000000,-132569.10000000
1780102800000,1.288000,1.314000,1.284400,1.313500,1153114.50000000,570027.80000000,-13058.90000000
1780106400000,1.313500,1.354800,1.293600,1.346500,1711990.80000000,912736.80000000,113482.80000000
1780110000000,1.346400,1.346900,1.302700,1.310600,1503554.60000000,744251.80000000,-15051.00000000
1780113600000,1.310700,1.351000,1.287300,1.347100,2301411.90000000,1214740.20000000,128068.50000000
1780117200000,1.347000,1.401500,1.337100,1.371300,5142068.70000000,2415348.90000000,-311370.90000000
1780120800000,1.371400,1.387000,1.350200,1.370500,2308764.70000000,1015509.10000000,-277746.50000000
1780124400000,1.370600,1.413200,1.360900,1.377500,3063192.10000000,1358045.70000000,-347100.70000000
1780128000000,1.377600,1.384800,1.337300,1.360900,2276656.20000000,1029366.90000000,-217922.40000000
1780131600000,1.361200,1.392700,1.350200,1.369000,1477002.00000000,769525.70000000,62049.40000000
1780135200000,1.368900,1.426800,1.355600,1.420300,3412733.00000000,1690405.10000000,-31922.80000000
1780138800000,1.420400,1.432200,1.403400,1.429500,2691821.90000000,1424659.20000000,157496.50000000
1780142400000,1.429600,1.433800,1.401700,1.412800,3282094.00000000,1528788.50000000,-224517.00000000
1780146000000,1.412800,1.430300,1.363100,1.407700,5209492.90000000,2366765.20000000,-475962.50000000
1780149600000,1.407500,1.432200,1.369300,1.415000,4219347.10000000,2069480.70000000,-80385.70000000
1780153200000,1.414900,1.416700,1.353500,1.386700,4074279.30000000,1845501.50000000,-383276.30000000
1780156800000,1.386700,1.397400,1.360700,1.381400,1256302.90000000,600490.90000000,-55321.10000000
1780160400000,1.381500,1.427700,1.379000,1.410400,3130637.50000000,1659055.80000000,187474.10000000
1780164000000,1.410300,1.430000,1.395800,1.423600,920463.20000000,485861.20000000,51259.20000000
1780167600000,1.423500,1.427200,1.390800,1.395800,1313058.20000000,579222.20000000,-154613.80000000
1780171200000,1.395800,1.415000,1.382600,1.394600,875967.70000000,418319.70000000,-39328.30000000
1780174800000,1.394600,1.409300,1.364300,1.366400,1014006.30000000,462781.00000000,-88444.30000000
1780178400000,1.366300,1.385600,1.345800,1.365800,1078097.50000000,477988.30000000,-122120.90000000
1780182000000,1.365700,1.373100,1.351000,1.367600,619260.60000000,292750.00000000,-33760.60000000
1780185600000,1.367700,1.395000,1.353600,1.388200,1431852.30000000,800632.70000000,169413.10000000
1780189200000,1.388200,1.421600,1.380600,1.401900,1815777.00000000,998148.20000000,180519.40000000
1780192800000,1.401800,1.415000,1.378700,1.402700,1775300.30000000,834686.50000000,-105927.30000000
1780196400000,1.402700,1.417900,1.384800,1.392000,973319.70000000,512855.60000000,52391.50000000
1780200000000,1.392100,1.455500,1.364000,1.433400,3784821.50000000,2054907.10000000,324992.70000000
1780203600000,1.433300,1.438700,1.396500,1.405000,1868021.90000000,854796.10000000,-158429.70000000
1780207200000,1.404900,1.404900,1.381600,1.383800,975220.40000000,446880.70000000,-81459.00000000
1780210800000,1.383600,1.397900,1.309800,1.346700,4240056.90000000,1948583.60000000,-342889.70000000
1780214400000,1.346600,1.361100,1.334200,1.357800,1549844.90000000,684679.40000000,-180486.10000000
1780218000000,1.357800,1.376600,1.342600,1.345800,1537442.50000000,782032.90000000,26623.30000000
1780221600000,1.345700,1.349700,1.317000,1.336400,1144191.70000000,515568.60000000,-113054.50000000
1780225200000,1.336400,1.340500,1.310400,1.327000,1215556.80000000,528118.90000000,-159319.00000000
1780228800000,1.327000,1.332700,1.312500,1.316700,840230.10000000,478838.10000000,117446.10000000
1780232400000,1.317100,1.329700,1.306600,1.322200,965992.40000000,581103.90000000,196215.40000000
1780236000000,1.322000,1.322700,1.293600,1.305200,1589491.50000000,697163.80000000,-195163.90000000
1780239600000,1.305200,1.353700,1.298600,1.338400,1855284.40000000,1078225.80000000,301167.20000000
1780243200000,1.338500,1.347000,1.304900,1.311600,1058840.90000000,410946.00000000,-236948.90000000
1780246800000,1.311600,1.351600,1.297600,1.342700,4807556.00000000,2434239.40000000,60922.80000000
1780250400000,1.342800,1.344000,1.313700,1.324300,1278357.30000000,611057.60000000,-56242.10000000
1780254000000,1.324300,1.333700,1.308400,1.332300,596840.80000000,316928.10000000,37015.40000000
1780257600000,1.332400,1.356000,1.332300,1.351200,907202.20000000,516186.70000000,125171.20000000
1780261200000,1.351100,1.395800,1.344100,1.395300,1515396.40000000,788056.00000000,60715.60000000
1780264800000,1.395300,1.451800,1.386500,1.441400,2904906.80000000,1604524.00000000,304141.20000000
1780268400000,1.441400,1.448900,1.358500,1.377500,4209872.80000000,2080417.30000000,-49038.20000000
1780272000000,1.377300,1.394100,1.346900,1.350900,1531566.80000000,849054.50000000,166542.20000000
1780275600000,1.350900,1.359000,1.306100,1.307800,2221870.90000000,1037470.80000000,-146929.30000000
1780279200000,1.307800,1.357200,1.304600,1.345700,1449671.40000000,712575.90000000,-24519.60000000
1780282800000,1.345800,1.358100,1.332000,1.354800,690474.70000000,342415.60000000,-5643.50000000
1780286400000,1.354900,1.369000,1.307300,1.312400,1126169.50000000,493341.50000000,-139486.50000000
1780290000000,1.312300,1.314900,1.278300,1.294000,1406784.50000000,629404.30000000,-147975.90000000
1780293600000,1.294000,1.295700,1.270000,1.285100,1295434.50000000,520428.70000000,-254577.10000000
1780297200000,1.285100,1.294600,1.259100,1.266900,1379490.20000000,626523.40000000,-126443.40000000
1780300800000,1.266900,1.275000,1.242400,1.259500,1419411.20000000,666331.10000000,-86749.00000000
1780304400000,1.259400,1.268700,1.246400,1.262400,1022089.80000000,538730.60000000,55371.40000000
1780308000000,1.262500,1.284600,1.255200,1.281100,1058469.40000000,549787.60000000,41105.80000000
1780311600000,1.281200,1.285300,1.264700,1.277200,782845.30000000,368391.60000000,-46062.10000000
1780315200000,1.277300,1.308600,1.261700,1.307100,1972869.50000000,1092502.20000000,212134.90000000
1780318800000,1.307200,1.310300,1.260100,1.292000,2935386.80000000,1290399.40000000,-354588.00000000
1780322400000,1.292100,1.316000,1.221400,1.229700,4220416.30000000,2094320.80000000,-31774.70000000
1780326000000,1.229900,1.284300,1.229900,1.261500,2070758.10000000,1021423.00000000,-27912.10000000
1780329600000,1.261600,1.302700,1.249600,1.286300,1929493.30000000,974613.40000000,19733.50000000
1780333200000,1.286400,1.306500,1.277900,1.300300,883404.80000000,465974.60000000,48544.40000000
1780336800000,1.300200,1.339400,1.289100,1.326600,1209225.20000000,606586.40000000,3947.60000000
1780340400000,1.326800,1.344200,1.307400,1.311400,1216316.50000000,524876.20000000,-166564.10000000
1780344000000,1.311200,1.331900,1.293000,1.308600,774352.70000000,382123.50000000,-10105.70000000
1780347600000,1.308800,1.312000,1.281500,1.284100,1077797.60000000,497035.60000000,-83726.40000000
1780351200000,1.284200,1.357000,1.276300,1.356500,1921002.80000000,1090469.20000000,259935.60000000
1780354800000,1.356500,1.369800,1.313500,1.335600,3541028.90000000,1599307.70000000,-342413.50000000
1780358400000,1.335600,1.367100,1.323500,1.346200,1446614.40000000,765914.80000000,85215.20000000
1780362000000,1.346300,1.365900,1.308500,1.309900,1441242.10000000,647488.70000000,-146264.70000000
1780365600000,1.309900,1.365900,1.294000,1.365800,1690023.40000000,842619.70000000,-4784.00000000
1780369200000,1.365700,1.459400,1.360500,1.431600,4363103.20000000,2318035.80000000,272968.40000000
1780372800000,1.431500,1.441000,1.383700,1.387000,2291344.00000000,1183264.20000000,75184.40000000
1780376400000,1.386800,1.400300,1.362500,1.367600,1346100.80000000,612710.50000000,-120679.80000000
1780380000000,1.367700,1.383000,1.353700,1.367400,1162358.20000000,559369.90000000,-43618.40000000
1780383600000,1.367500,1.392600,1.352400,1.364800,1332857.70000000,706234.90000000,79612.10000000
1780387200000,1.364500,1.396900,1.355700,1.389400,1597005.00000000,952149.70000000,307294.40000000
1780390800000,1.389500,1.400500,1.345400,1.356800,2061768.20000000,1098900.10000000,136032.00000000
1780394400000,1.356700,1.359200,1.321300,1.346600,1659527.60000000,818580.30000000,-22367.00000000
1780398000000,1.346700,1.363600,1.300500,1.309100,2113785.30000000,953613.50000000,-206558.30000000
1780401600000,1.308500,1.332000,1.294600,1.320500,1017367.00000000,509820.60000000,2274.20000000
1780405200000,1.320600,1.333900,1.310000,1.321000,869804.30000000,472225.50000000,74646.70000000
1780408800000,1.321000,1.342800,1.281600,1.325800,3898978.80000000,1888789.70000000,-121399.40000000
1780412400000,1.325800,1.360000,1.275300,1.353500,4259756.10000000,2029921.80000000,-199912.50000000
1780416000000,1.353500,1.482500,1.339600,1.445000,6088693.70000000,3179446.90000000,270200.10000000
1780419600000,1.445000,1.574500,1.443300,1.567800,14050270.00000000,6719794.40000000,-610681.20000000
1780423200000,1.567900,1.609300,1.523600,1.577800,8518082.80000000,3967229.30000000,-583624.20000000
1780426800000,1.577700,1.650000,1.480000,1.566600,12410150.90000000,6310119.30000000,210087.70000000
1780430400000,1.566700,1.618600,1.550800,1.555300,5857448.10000000,2987968.20000000,118488.30000000
1780434000000,1.555400,1.658200,1.522600,1.562500,7430562.20000000,3812825.10000000,195088.00000000
1780437600000,1.562600,1.609800,1.535400,1.579800,5744026.40000000,2868277.00000000,-7472.40000000
1780441200000,1.580000,1.635700,1.560100,1.602200,4884180.50000000,2300750.20000000,-282680.10000000
1780444800000,1.602600,1.633300,1.576000,1.585600,3470095.00000000,1681988.70000000,-106117.60000000
1780448400000,1.585700,1.651200,1.562400,1.617200,3679242.90000000,1972410.60000000,265578.30000000
1780452000000,1.617300,1.624500,1.576500,1.600800,2320056.90000000,1168026.90000000,15996.90000000
1780455600000,1.601100,1.636900,1.546600,1.549400,3550846.70000000,1613789.00000000,-323268.70000000
1780459200000,1.549500,1.616400,1.546100,1.611400,2098545.70000000,1053336.40000000,8127.10000000
1780462800000,1.611600,1.664400,1.600000,1.633200,5051556.80000000,2553113.80000000,54670.80000000
1780466400000,1.632900,1.694000,1.606900,1.668200,7622959.10000000,3797308.80000000,-28341.50000000
1780470000000,1.668200,1.684400,1.627200,1.629400,3840456.50000000,1743474.00000000,-353508.50000000
1780473600000,1.629400,1.694600,1.615000,1.662700,4213476.30000000,1985686.80000000,-242102.70000000
1780477200000,1.662700,1.703600,1.650500,1.692700,2707170.80000000,1347825.90000000,-11519.00000000
1780480800000,1.692700,1.732300,1.663700,1.725800,4130628.40000000,1974534.40000000,-181559.60000000
1780484400000,1.726000,1.749900,1.645200,1.687500,9894722.40000000,4748768.50000000,-397185.40000000
1780488000000,1.688300,1.755200,1.673400,1.752300,5758608.80000000,2831555.20000000,-95498.40000000
1780491600000,1.752400,1.798000,1.684400,1.787500,9306320.10000000,4633246.50000000,-39827.10000000
1780495200000,1.788000,1.794900,1.745500,1.766300,5099017.20000000,2456566.20000000,-185884.80000000
1780498800000,1.766200,1.803200,1.678000,1.680200,9471744.80000000,4305638.00000000,-860468.80000000
1780502400000,1.680400,1.723900,1.662600,1.691000,5418138.00000000,2642329.60000000,-133478.80000000
1780506000000,1.690000,1.693200,1.597600,1.683900,7848102.90000000,3862336.80000000,-123429.30000000
1780509600000,1.684100,1.746900,1.672400,1.745000,2470812.10000000,1241584.70000000,12357.30000000
1780513200000,1.744500,1.758900,1.683300,1.705400,2104195.60000000,976089.00000000,-152017.60000000
1780516800000,1.705400,1.757100,1.661500,1.677300,2742621.70000000,1221703.30000000,-299215.10000000
1780520400000,1.677300,1.747200,1.670800,1.740700,2392498.90000000,1194368.80000000,-3761.30000000
1780524000000,1.740600,1.870000,1.728000,1.796800,9998904.80000000,5254366.70000000,509828.60000000
1780527600000,1.796800,1.812200,1.755500,1.783300,3741814.00000000,1872282.60000000,2751.20000000
1780531200000,1.783200,1.805600,1.707000,1.737200,3273657.60000000,1670004.00000000,66350.40000000
1780534800000,1.737300,1.744100,1.626400,1.629600,4852365.00000000,2222145.80000000,-408073.40000000
1780538400000,1.629600,1.718700,1.556100,1.707800,8329972.20000000,4155056.50000000,-19859.20000000
1780542000000,1.707400,1.788200,1.701000,1.734500,4602883.40000000,2399738.60000000,196593.80000000
1780545600000,1.734500,1.767400,1.688700,1.693000,2063747.80000000,975838.60000000,-112070.60000000
1780549200000,1.693000,1.703500,1.638300,1.646400,5001430.40000000,2499615.00000000,-2200.40000000
1780552800000,1.646400,1.662900,1.580700,1.588800,3474776.00000000,1615768.20000000,-243239.60000000
1780556400000,1.589200,1.604000,1.533200,1.541200,3591305.20000000,1699859.40000000,-191586.40000000
1780560000000,1.541100,1.575000,1.501000,1.564200,4590817.40000000,2322611.30000000,54405.20000000
1780563600000,1.564100,1.565800,1.475400,1.500700,5644279.20000000,2521109.30000000,-602060.60000000
1780567200000,1.500600,1.536900,1.474000,1.494500,3529156.00000000,1843368.90000000,157581.80000000
1780570800000,1.494200,1.535000,1.486100,1.512700,2426114.50000000,1345533.90000000,264953.30000000
1780574400000,1.512500,1.536900,1.475100,1.513000,3480475.10000000,1827626.50000000,174777.90000000
1780578000000,1.513100,1.513400,1.471400,1.491400,2424770.40000000,1160619.10000000,-103532.20000000
1780581600000,1.491700,1.512900,1.453600,1.465700,2694588.70000000,1225116.00000000,-244356.70000000
1780585200000,1.465600,1.546500,1.460100,1.518700,4153227.50000000,2091956.80000000,30686.10000000
1780588800000,1.518700,1.546400,1.487400,1.535400,2726521.90000000,1264981.50000000,-196558.90000000
1780592400000,1.535000,1.548400,1.463100,1.497600,2979932.80000000,1501255.40000000,22578.00000000
1780596000000,1.497600,1.523400,1.470000,1.481000,2468682.00000000,1319261.70000000,169841.40000000
1780599600000,1.480900,1.495600,1.440600,1.475100,3204301.50000000,1657027.30000000,109753.10000000
1780603200000,1.475200,1.490700,1.453000,1.462100,2122591.20000000,1107643.40000000,92695.60000000
1780606800000,1.462100,1.482400,1.420400,1.432000,3920367.50000000,2035388.70000000,150409.90000000
1780610400000,1.431900,1.458000,1.400200,1.437100,2415016.00000000,1077514.70000000,-259986.60000000
1780614000000,1.437000,1.480100,1.425300,1.465800,1994596.80000000,1041039.60000000,87482.40000000
1780617600000,1.465500,1.474000,1.436000,1.447400,1732516.90000000,835695.20000000,-61126.50000000
1780621200000,1.447400,1.493900,1.435200,1.491000,2119655.30000000,1055425.30000000,-8804.70000000
1780624800000,1.490900,1.494800,1.423900,1.431800,2184489.80000000,910176.10000000,-364137.60000000
1780628400000,1.431800,1.434100,1.381200,1.382500,2893971.60000000,1346862.30000000,-200247.00000000
1780632000000,1.382600,1.424200,1.373800,1.423300,2153397.60000000,1063415.10000000,-26567.40000000
1780635600000,1.423300,1.445600,1.399000,1.401400,1630407.50000000,780584.00000000,-69239.50000000
1780639200000,1.401400,1.440500,1.345700,1.425900,3728815.80000000,1691355.70000000,-346104.40000000
1780642800000,1.426000,1.531300,1.399200,1.527700,4578552.10000000,2295395.20000000,12238.30000000
1780646400000,1.527800,1.539500,1.472100,1.480200,3786061.30000000,1862584.40000000,-60892.50000000
1780650000000,1.480300,1.538700,1.467700,1.521000,2143056.10000000,1073725.80000000,4395.50000000
1780653600000,1.521100,1.530000,1.483900,1.525300,2014048.60000000,944144.50000000,-125759.60000000
1780657200000,1.525200,1.548400,1.497800,1.500000,2329385.10000000,1199993.70000000,70602.30000000
1780660800000,1.500100,1.537800,1.470800,1.520900,2437212.60000000,1262562.00000000,87911.40000000
1780664400000,1.520900,1.556600,1.482800,1.501300,4955836.00000000,2358406.00000000,-239024.00000000
1780668000000,1.501100,1.555900,1.471200,1.485600,4813632.50000000,2236583.90000000,-340464.70000000
1780671600000,1.485900,1.494900,1.376000,1.384800,5289214.80000000,2384170.20000000,-520874.40000000
1780675200000,1.384700,1.507700,1.362100,1.475300,5899727.60000000,3113371.00000000,327014.40000000
1780678800000,1.475000,1.518800,1.434600,1.466800,2682640.70000000,1329486.20000000,-23668.30000000
1780682400000,1.467000,1.486900,1.360100,1.390600,4823319.20000000,2600371.60000000,377424.00000000
1780686000000,1.390600,1.512800,1.383000,1.499900,3727222.90000000,1871669.30000000,16115.70000000
1780689600000,1.499400,1.562900,1.464400,1.560000,5454405.40000000,2950490.30000000,446575.20000000
1780693200000,1.560000,1.569200,1.502600,1.506400,2606154.10000000,1330356.10000000,54558.10000000
1780696800000,1.506300,1.527700,1.487200,1.497200,1828332.30000000,908532.10000000,-11268.10000000
1780700400000,1.497200,1.503700,1.460100,1.501800,1826225.10000000,982919.20000000,139613.30000000
1780704000000,1.501900,1.515700,1.484400,1.499500,1204234.40000000,621303.90000000,38373.40000000
1780707600000,1.499400,1.517100,1.464700,1.474500,1105223.80000000,494669.00000000,-115885.80000000
1780711200000,1.474400,1.474800,1.417400,1.425200,2212722.90000000,1119846.20000000,26969.50000000
1780714800000,1.425100,1.445700,1.399000,1.435700,1607036.20000000,766468.00000000,-74100.20000000
1780718400000,1.435800,1.444000,1.388600,1.418000,2601805.50000000,1207780.60000000,-186244.30000000
1780722000000,1.418100,1.518600,1.409400,1.504100,3100087.00000000,1652364.70000000,204642.40000000
1780725600000,1.504100,1.537400,1.471900,1.482300,2490556.30000000,1245664.90000000,773.50000000
1780729200000,1.482100,1.530200,1.473900,1.510400,2132226.50000000,1159419.60000000,186612.70000000
1780732800000,1.510400,1.536900,1.492400,1.496000,1992364.30000000,994528.40000000,-3307.50000000
1780736400000,1.495900,1.521500,1.455700,1.469400,2102648.60000000,949447.00000000,-203754.60000000
1780740000000,1.469600,1.475000,1.441400,1.443800,1160136.90000000,502412.60000000,-155311.70000000
1780743600000,1.443700,1.487400,1.441500,1.485900,1361743.70000000,706998.60000000,52253.50000000
1780747200000,1.486100,1.503700,1.452900,1.474600,1772698.30000000,820607.10000000,-131484.10000000
1780750800000,1.474400,1.491500,1.436200,1.451400,2120275.10000000,1201394.00000000,282512.90000000
1780754400000,1.451300,1.485000,1.447300,1.451600,1378983.00000000,592848.00000000,-193287.00000000
1780758000000,1.451400,1.490600,1.442800,1.466400,1546564.10000000,785821.40000000,25078.70000000
1780761600000,1.466100,1.487900,1.450000,1.453400,1144641.70000000,520791.60000000,-103058.50000000
1780765200000,1.453500,1.476800,1.436300,1.467100,1107374.20000000,582231.10000000,57088.00000000
1780768800000,1.467100,1.497300,1.455500,1.486200,1238218.20000000,632857.70000000,27497.20000000
1780772400000,1.486300,1.488200,1.448800,1.452900,734150.50000000,382023.00000000,29895.50000000
1780776000000,1.453000,1.453600,1.410100,1.413100,1131937.30000000,597360.50000000,62783.70000000
1780779600000,1.413100,1.454100,1.406000,1.449700,1014640.50000000,519062.50000000,23484.50000000
1780783200000,1.449800,1.450600,1.408300,1.417900,917819.00000000,451288.90000000,-15241.20000000
1780786800000,1.417700,1.436100,1.411400,1.421700,513720.70000000,268901.20000000,24081.70000000
1780790400000,1.421800,1.444500,1.415300,1.416100,788400.60000000,377633.70000000,-33133.20000000
1780794000000,1.416100,1.465300,1.413000,1.444300,1143060.80000000,558712.90000000,-25635.00000000
1780797600000,1.444300,1.447100,1.391200,1.400500,1466990.40000000,745419.20000000,23848.00000000
1780801200000,1.400400,1.400600,1.365500,1.372600,1504658.30000000,691286.30000000,-122085.70000000
1780804800000,1.372400,1.412300,1.361400,1.398900,1603905.30000000,849509.60000000,95113.90000000
1780808400000,1.398800,1.430600,1.396100,1.425300,1514519.70000000,796863.50000000,79207.30000000
1780812000000,1.425300,1.445400,1.412700,1.423600,1582758.00000000,868461.70000000,154165.40000000
1780815600000,1.423600,1.426200,1.395800,1.409400,1179105.70000000,603197.10000000,27288.50000000
1780819200000,1.409300,1.412400,1.367400,1.407500,1934065.70000000,960320.70000000,-13424.30000000
1780822800000,1.407700,1.425800,1.398200,1.409800,1024338.30000000,500828.70000000,-22680.90000000
1780826400000,1.409800,1.418900,1.400700,1.417600,752534.70000000,308148.60000000,-136237.50000000
1780830000000,1.417700,1.444800,1.402700,1.421100,1228134.80000000,671099.50000000,114064.20000000
1780833600000,1.421200,1.428000,1.352800,1.387200,2092045.00000000,1076506.80000000,60968.60000000
1780837200000,1.387100,1.410300,1.382800,1.392600,969523.00000000,435588.40000000,-98346.20000000
1780840800000,1.392600,1.440800,1.389000,1.409900,1429624.90000000,623613.30000000,-182398.30000000
1780844400000,1.409800,1.417300,1.380400,1.390900,1435452.20000000,652289.90000000,-130872.40000000
1780848000000,1.391000,1.398700,1.367500,1.374200,1409090.60000000,765908.20000000,122725.80000000
1780851600000,1.374400,1.390500,1.355100,1.389900,1914167.80000000,933062.20000000,-48043.40000000
1780855200000,1.390100,1.399400,1.359700,1.362000,640123.50000000,298354.90000000,-43413.70000000
1780858800000,1.362100,1.364600,1.316100,1.334700,2094791.30000000,919798.40000000,-255194.50000000
1780862400000,1.334300,1.350500,1.326600,1.343500,636649.90000000,348368.90000000,60087.90000000
1780866000000,1.343500,1.350500,1.321600,1.349200,967060.60000000,448888.20000000,-69284.20000000
1780869600000,1.349500,1.431100,1.349500,1.373700,2868182.30000000,1450762.30000000,33342.30000000
1780873200000,1.373600,1.439100,1.361200,1.430200,1582977.70000000,810774.30000000,38570.90000000
1780876800000,1.430600,1.439500,1.393400,1.409800,2335135.80000000,1196372.80000000,57609.80000000
1780880400000,1.409800,1.413000,1.367800,1.400900,2555066.80000000,1233346.10000000,-88374.60000000
1780884000000,1.400800,1.423300,1.390300,1.420300,1056557.90000000,491947.50000000,-72662.90000000
1780887600000,1.420400,1.439300,1.417400,1.434000,1042036.40000000,478223.00000000,-85590.40000000
1780891200000,1.434100,1.435400,1.403700,1.427600,781081.70000000,406099.10000000,31116.50000000
1780894800000,1.427600,1.501700,1.425000,1.498300,2249190.30000000,1159658.90000000,70127.50000000
1780898400000,1.498300,1.528400,1.491600,1.496600,2083695.00000000,963585.40000000,-156524.20000000
1780902000000,1.496600,1.547000,1.478700,1.541800,1755947.40000000,899717.70000000,43488.00000000
1780905600000,1.541900,1.559200,1.510100,1.518800,2308249.90000000,1116306.10000000,-75637.70000000
1780909200000,1.519000,1.576800,1.505700,1.559600,1535130.40000000,707365.90000000,-120398.60000000
1780912800000,1.559500,1.592400,1.537200,1.547400,2183964.00000000,1136712.50000000,89461.00000000
1780916400000,1.547200,1.548000,1.486600,1.498900,2196994.70000000,1046397.50000000,-104199.70000000
1780920000000,1.499000,1.535700,1.485200,1.534700,1670917.80000000,831120.40000000,-8677.00000000
1780923600000,1.534600,1.542500,1.502500,1.530800,1802183.60000000,943645.90000000,85108.20000000
1780927200000,1.530800,1.553200,1.523400,1.545800,1514127.90000000,826966.20000000,139804.50000000
1780930800000,1.545800,1.588900,1.534500,1.577500,2247065.80000000,1149232.10000000,51398.40000000
1780934400000,1.577800,1.578900,1.496700,1.500300,2166884.50000000,930395.50000000,-306093.50000000
1780938000000,1.500400,1.536200,1.495000,1.523100,1199108.60000000,680951.90000000,162795.20000000
1780941600000,1.523100,1.523700,1.467400,1.485900,1448544.70000000,718630.20000000,-11284.30000000
1780945200000,1.485900,1.516700,1.459000,1.464200,1212735.50000000,594492.90000000,-23749.70000000
1780948800000,1.464200,1.503900,1.453700,1.503900,1153736.90000000,638145.80000000,122554.70000000
1780952400000,1.504000,1.528900,1.481000,1.498900,945127.80000000,498058.50000000,50989.20000000
1780956000000,1.498600,1.508200,1.469300,1.479000,665009.70000000,250312.60000000,-164384.50000000
1780959600000,1.478900,1.486600,1.451200,1.467100,981461.70000000,488135.50000000,-5190.70000000
1780963200000,1.467000,1.481400,1.452600,1.455600,914875.30000000,433741.20000000,-47392.90000000
1780966800000,1.455600,1.500700,1.449500,1.491500,1339885.30000000,735327.10000000,130768.90000000
1780970400000,1.491400,1.512800,1.467700,1.507400,1022405.60000000,479393.80000000,-63618.00000000
1780974000000,1.507400,1.524700,1.491200,1.507700,880355.00000000,408171.80000000,-64011.40000000
1780977600000,1.507700,1.540400,1.488100,1.530600,1203966.40000000,625640.30000000,47314.20000000
1780981200000,1.530700,1.614200,1.526800,1.607800,2619290.10000000,1397958.20000000,176626.30000000
1780984800000,1.607900,1.687900,1.580200,1.628800,5191583.70000000,2567663.80000000,-56256.10000000
1780988400000,1.628700,1.660300,1.611400,1.620400,1643341.40000000,796764.80000000,-49811.80000000
1780992000000,1.620400,1.648000,1.600500,1.632400,1286906.70000000,692912.50000000,98918.30000000
1780995600000,1.632300,1.636800,1.612700,1.625500,725853.40000000,361748.80000000,-2355.80000000
1780999200000,1.625500,1.648000,1.577100,1.593200,1617077.90000000,745180.80000000,-126716.30000000
1781002800000,1.593000,1.621300,1.577600,1.615200,1235908.10000000,554587.20000000,-126733.70000000
1781006400000,1.614700,1.654200,1.588100,1.591000,1457137.90000000,672590.50000000,-111956.90000000
1781010000000,1.591200,1.616400,1.566500,1.592200,1940316.00000000,979792.50000000,19269.00000000
1781013600000,1.591800,1.602700,1.543900,1.546000,2733085.00000000,1014362.10000000,-704360.80000000
1781017200000,1.546000,1.559700,1.468300,1.489300,2754915.50000000,1298276.50000000,-158362.50000000
1781020800000,1.489300,1.522400,1.458600,1.492400,2667985.50000000,1400482.70000000,132979.90000000
1781024400000,1.492500,1.620500,1.487700,1.595900,3361442.80000000,1698144.80000000,34846.80000000
1781028000000,1.596300,1.622900,1.558400,1.615800,2281326.10000000,1026370.80000000,-228584.50000000
1781031600000,1.615800,1.653100,1.594800,1.604100,2228349.30000000,1060061.70000000,-108225.90000000
1781035200000,1.604200,1.692100,1.602800,1.655100,2265065.90000000,1170992.00000000,76918.10000000
1781038800000,1.655200,1.657100,1.600000,1.613400,1441487.10000000,776461.90000000,111436.70000000
1781042400000,1.613400,1.648800,1.602900,1.608500,997605.50000000,540620.70000000,83635.90000000
1781046000000,1.608600,1.630300,1.577500,1.582600,1116874.60000000,537405.10000000,-42064.40000000
1781049600000,1.582700,1.586400,1.553200,1.582500,1360315.40000000,732056.60000000,103797.80000000
1781053200000,1.582700,1.621600,1.580400,1.618900,1797265.00000000,1008904.00000000,220543.00000000
1781056800000,1.618800,1.620000,1.571300,1.592600,936661.90000000,417315.00000000,-102031.90000000
1781060400000,1.592500,1.610000,1.573700,1.579000,672517.00000000,348023.80000000,23530.60000000
1781064000000,1.579100,1.585300,1.517500,1.522300,1582921.50000000,730063.60000000,-122794.30000000
1781067600000,1.522600,1.533000,1.472200,1.495900,2297159.20000000,1028254.80000000,-240649.60000000
1781071200000,1.495900,1.514700,1.481000,1.487600,1695794.60000000,953110.80000000,210427.00000000
1781074800000,1.487600,1.507600,1.480000,1.488100,798368.20000000,431857.10000000,65346.00000000
1781078400000,1.488200,1.494600,1.463500,1.481900,1223035.20000000,537488.40000000,-148058.40000000
1781082000000,1.482000,1.505900,1.475600,1.492900,902665.90000000,464137.30000000,25608.70000000
1781085600000,1.492800,1.500600,1.481100,1.487700,575287.80000000,301981.30000000,28674.80000000
1781089200000,1.487700,1.488700,1.423100,1.426200,2914794.80000000,1316723.10000000,-281348.60000000
1781092800000,1.426200,1.525600,1.423900,1.494400,2729142.70000000,1466737.60000000,204332.50000000
1781096400000,1.494400,1.542500,1.481800,1.500200,1640016.70000000,742824.40000000,-154367.90000000
1781100000000,1.500200,1.526300,1.486900,1.524600,977597.60000000,476274.10000000,-25049.40000000
1781103600000,1.525300,1.567800,1.505400,1.558800,1664814.10000000,721133.40000000,-222547.30000000
1781107200000,1.558900,1.573600,1.463700,1.488900,2682510.60000000,1105925.30000000,-470660.00000000
1781110800000,1.488400,1.518900,1.480300,1.513900,1294119.10000000,542914.80000000,-208289.50000000
1781114400000,1.514300,1.527500,1.487200,1.502400,872341.60000000,396080.90000000,-80179.80000000
1781118000000,1.502500,1.505000,1.453800,1.454800,1026976.00000000,483481.40000000,-60013.20000000
1781121600000,1.455000,1.462500,1.426800,1.428600,932821.70000000,441350.30000000,-50121.10000000
1781125200000,1.428600,1.432300,1.387600,1.418100,2016711.10000000,999097.60000000,-18515.90000000
1781128800000,1.418100,1.447500,1.412900,1.434100,1406655.10000000,748318.50000000,89981.90000000
1781132400000,1.434200,1.436900,1.387200,1.389800,2706159.40000000,1202113.20000000,-301933.00000000
1781136000000,1.389900,1.413600,1.379500,1.388700,1135216.10000000,570290.10000000,5364.10000000
1781139600000,1.388600,1.451500,1.387800,1.443000,2790027.40000000,1417924.90000000,45822.40000000
1781143200000,1.443100,1.449000,1.404000,1.435900,1175481.90000000,529281.80000000,-116918.30000000
1781146800000,1.435900,1.477500,1.428000,1.465000,843030.70000000,451851.90000000,60673.10000000
1781150400000,1.464800,1.472300,1.446800,1.458900,712233.60000000,404854.70000000,97475.80000000
1781154000000,1.458800,1.460200,1.440000,1.456200,449372.40000000,191047.70000000,-67277.00000000
1781157600000,1.456700,1.498800,1.446300,1.452200,1687317.00000000,905487.00000000,123657.00000000
1781161200000,1.452000,1.464900,1.430700,1.440400,1109457.90000000,504679.00000000,-100099.90000000
1781164800000,1.440400,1.453900,1.432000,1.445100,826373.80000000,452083.60000000,77793.40000000
1781168400000,1.445100,1.445100,1.420800,1.437600,968879.60000000,421211.20000000,-126457.20000000
1781172000000,1.437600,1.454500,1.414500,1.433900,2525404.30000000,1134395.60000000,-256613.10000000
1781175600000,1.433900,1.455000,1.432600,1.447300,1061122.30000000,493731.60000000,-73659.10000000
1781179200000,1.447000,1.461900,1.427700,1.430900,1088981.40000000,479209.50000000,-130562.40000000
1781182800000,1.430800,1.497600,1.429400,1.487800,1137736.20000000,637358.50000000,136980.80000000
1781186400000,1.487500,1.500000,1.471400,1.482700,1061970.80000000,497297.50000000,-67375.80000000
1781190000000,1.482700,1.525900,1.465400,1.506900,1319686.50000000,685877.40000000,52068.30000000
1781193600000,1.506700,1.525300,1.483500,1.489400,1094494.20000000,488621.50000000,-117251.20000000
1781197200000,1.489300,1.557900,1.480000,1.542800,1580946.60000000,816613.00000000,52279.40000000
1781200800000,1.542100,1.554500,1.510400,1.539800,925979.10000000,452830.80000000,-20317.50000000
1781204400000,1.539600,1.557100,1.521500,1.540900,1002523.90000000,556755.00000000,110986.10000000
1781208000000,1.541000,1.550500,1.515500,1.547400,642467.50000000,318637.00000000,-5193.50000000
1781211600000,1.547100,1.584700,1.546200,1.583900,626759.80000000,319858.50000000,12957.20000000
1781215200000,1.583700,1.608600,1.543700,1.555300,1897290.00000000,923142.90000000,-51004.20000000
1781218800000,1.555200,1.566400,1.533900,1.556600,740548.00000000,432369.10000000,124190.20000000
1781222400000,1.556600,1.588000,1.555000,1.580000,938025.50000000,498752.30000000,59479.10000000
1781226000000,1.579700,1.583800,1.516100,1.523500,2600117.90000000,1308572.10000000,17026.30000000
1781229600000,1.523600,1.572600,1.523600,1.568400,671762.00000000,372481.30000000,73200.60000000
1781233200000,1.568500,1.569400,1.536400,1.542600,606566.60000000,320655.80000000,34745.00000000
1781236800000,1.542600,1.572100,1.536100,1.563500,386302.20000000,203799.30000000,21296.40000000
1781240400000,1.563200,1.568700,1.530600,1.535800,487439.50000000,275486.30000000,63533.10000000
1781244000000,1.535800,1.542000,1.515500,1.525800,604136.40000000,302682.30000000,1228.20000000
1781247600000,1.525800,1.545300,1.521000,1.542700,466738.70000000,252939.30000000,39139.90000000
1781251200000,1.542800,1.569900,1.541800,1.558500,727058.10000000,378501.70000000,29945.30000000
1781254800000,1.558600,1.642800,1.551000,1.618000,2192017.30000000,1059097.80000000,-73821.70000000
1781258400000,1.618400,1.622800,1.585800,1.602600,1276553.40000000,680950.90000000,85348.40000000
1781262000000,1.602700,1.634000,1.592200,1.615800,1020559.10000000,561177.10000000,101795.10000000
1781265600000,1.615700,1.650400,1.584500,1.595100,1615234.70000000,762967.10000000,-89300.50000000
1781269200000,1.595100,1.607300,1.548700,1.563300,1409734.90000000,659274.00000000,-91186.90000000
1781272800000,1.563400,1.583100,1.518000,1.553200,1793342.20000000,995645.70000000,197949.20000000
1781276400000,1.553200,1.570400,1.539100,1.542400,1314678.20000000,619258.60000000,-76161.00000000
1781280000000,1.542300,1.602300,1.530300,1.602100,1307533.50000000,700430.80000000,93328.10000000
1781283600000,1.602200,1.613500,1.570500,1.583300,989574.10000000,455838.20000000,-77897.70000000
1781287200000,1.583400,1.600300,1.546400,1.548900,787655.50000000,347496.60000000,-92662.30000000
1781290800000,1.548800,1.561700,1.534400,1.548200,753273.40000000,415767.00000000,78260.60000000
1781294400000,1.548300,1.559800,1.542400,1.543600,306187.70000000,156798.50000000,7409.30000000
1781298000000,1.543600,1.546100,1.503800,1.516500,1247459.50000000,674347.30000000,101235.10000000
1781301600000,1.516300,1.535200,1.505800,1.531000,626125.60000000,337096.40000000,48067.20000000
1781305200000,1.531000,1.540300,1.516300,1.534200,419704.30000000,199010.90000000,-21682.50000000
1781308800000,1.534200,1.546900,1.521300,1.526600,407101.30000000,201481.80000000,-4137.70000000
1781312400000,1.526800,1.531000,1.521100,1.526200,317000.90000000,135131.20000000,-46738.50000000
1781316000000,1.526200,1.531800,1.510800,1.519700,324239.50000000,157366.60000000,-9506.30000000
1781319600000,1.519600,1.540000,1.509600,1.510500,380698.40000000,175034.40000000,-30629.60000000
1781323200000,1.510500,1.513700,1.497600,1.501300,418187.50000000,168466.40000000,-81254.70000000
1781326800000,1.501400,1.510800,1.498500,1.510800,239893.20000000,120152.70000000,412.20000000
1781330400000,1.510800,1.531500,1.495700,1.525000,506921.00000000,282333.30000000,57745.60000000
1781334000000,1.525200,1.545000,1.511300,1.535700,583372.20000000,267833.60000000,-47705.00000000
1781337600000,1.535400,1.551900,1.528500,1.531900,433916.50000000,173304.70000000,-87307.10000000
1781341200000,1.532000,1.557600,1.528100,1.556800,366887.10000000,187007.00000000,7126.90000000
1781344800000,1.556800,1.578000,1.549100,1.573300,544699.50000000,263022.00000000,-18655.50000000
1781348400000,1.573200,1.593700,1.563400,1.592600,671811.20000000,265715.90000000,-140379.40000000
1781352000000,1.592800,1.618300,1.583700,1.599100,1330555.60000000,618184.40000000,-94186.80000000
1781355600000,1.599000,1.600200,1.579400,1.592300,579553.40000000,247684.20000000,-84185.00000000
1781359200000,1.592300,1.627800,1.584500,1.622700,626088.70000000,348962.30000000,71835.90000000
1781362800000,1.622600,1.638200,1.616500,1.625900,589536.10000000,295469.40000000,1402.70000000
1781366400000,1.625700,1.641100,1.607500,1.637900,646999.70000000,332761.90000000,18524.10000000
1781370000000,1.637900,1.639800,1.597600,1.601500,539774.60000000,216739.80000000,-106295.00000000
1781373600000,1.601800,1.634700,1.595600,1.625000,396177.10000000,211491.60000000,26806.10000000
1781377200000,1.624900,1.658000,1.615500,1.632100,671780.30000000,342027.10000000,12273.90000000
1781380800000,1.632000,1.641200,1.615900,1.632600,367248.90000000,179001.90000000,-9245.10000000
1781384400000,1.632700,1.651500,1.625000,1.641500,304090.30000000,147327.40000000,-9435.50000000
1781388000000,1.641700,1.655000,1.626000,1.627700,416063.20000000,209263.60000000,2464.00000000
1781391600000,1.627600,1.647400,1.625100,1.629700,417884.80000000,239795.20000000,61705.60000000
1781395200000,1.629600,1.646700,1.617100,1.619300,442936.90000000,230722.80000000,18508.70000000
1781398800000,1.619400,1.648500,1.593200,1.601700,3352704.90000000,1573840.40000000,-205024.10000000
1781402400000,1.601500,1.613500,1.582300,1.610000,662599.70000000,347541.10000000,32482.50000000
1781406000000,1.609900,1.614000,1.590200,1.594400,384940.20000000,191032.80000000,-2874.60000000
1781409600000,1.594500,1.601500,1.578400,1.589400,658923.10000000,298822.50000000,-61278.10000000
1781413200000,1.589300,1.603800,1.581900,1.593700,317747.40000000,177855.00000000,37962.60000000
1781416800000,1.593600,1.596900,1.568300,1.579400,405194.70000000,185242.60000000,-34709.50000000
1781420400000,1.579400,1.589200,1.570800,1.579200,370883.40000000,209403.80000000,47924.20000000
1781424000000,1.579300,1.595200,1.575000,1.586300,284338.70000000,156659.80000000,28980.90000000
1781427600000,1.586100,1.586400,1.564700,1.583200,436669.80000000,250037.70000000,63405.60000000
1781431200000,1.583300,1.607500,1.575400,1.597400,474418.00000000,201713.10000000,-70991.80000000
1781434800000,1.597300,1.611500,1.587200,1.610100,412981.40000000,263293.70000000,113606.00000000
1781438400000,1.609900,1.613300,1.564300,1.569300,578762.30000000,260826.40000000,-57109.50000000
1781442000000,1.569400,1.579000,1.552400,1.572000,646584.10000000,300647.30000000,-45289.50000000
1781445600000,1.572000,1.584500,1.553000,1.583900,550966.50000000,260124.90000000,-30716.70000000
1781449200000,1.584100,1.633000,1.584100,1.612500,1013236.80000000,510402.40000000,7568.00000000
1781452800000,1.612500,1.623900,1.573000,1.589600,1588276.10000000,752770.10000000,-82735.90000000
1781456400000,1.589700,1.600400,1.578800,1.581700,253698.90000000,117094.50000000,-19509.90000000
1781460000000,1.581800,1.594800,1.575700,1.590500,401321.50000000,279454.90000000,157588.30000000
1781463600000,1.590400,1.608500,1.586300,1.601900,231967.00000000,112928.90000000,-6109.20000000
1781467200000,1.602000,1.602900,1.587800,1.592800,255510.00000000,141146.00000000,26782.00000000
1781470800000,1.592900,1.690000,1.592900,1.661300,1275747.40000000,686447.30000000,97147.20000000
1781474400000,1.661500,1.703600,1.644800,1.685500,1858021.00000000,954018.00000000,50015.00000000
1781478000000,1.685500,1.708000,1.657200,1.684300,961147.70000000,505057.30000000,48966.90000000
1781481600000,1.684300,1.703400,1.666000,1.690300,849135.20000000,436078.30000000,23021.40000000
1781485200000,1.690300,1.693800,1.667300,1.675600,414608.80000000,220897.00000000,27185.20000000
1781488800000,1.675500,1.681400,1.661600,1.678400,430941.90000000,198191.40000000,-34559.10000000
1781492400000,1.678300,1.702800,1.668200,1.693500,541334.10000000,261442.60000000,-18448.90000000
1781496000000,1.693300,1.720300,1.672400,1.673000,760241.00000000,382631.90000000,5022.80000000
1781499600000,1.673000,1.709600,1.669400,1.699800,614930.70000000,303960.40000000,-7009.90000000
1781503200000,1.700000,1.715000,1.681700,1.711500,414653.90000000,241678.00000000,68702.10000000
1781506800000,1.711700,1.725800,1.675500,1.681700,805460.50000000,364588.10000000,-76284.30000000
1781510400000,1.681700,1.697500,1.646100,1.650700,1038499.90000000,460156.20000000,-118187.50000000
1781514000000,1.651000,1.679000,1.649600,1.677400,511016.50000000,237956.50000000,-35103.50000000
1781517600000,1.677300,1.677500,1.652700,1.658400,552602.80000000,246057.90000000,-60487.00000000
1781521200000,1.658700,1.717200,1.643100,1.709700,1271652.00000000,627786.00000000,-16080.00000000
1781524800000,1.709700,1.715000,1.678800,1.691000,959830.10000000,523016.70000000,86203.30000000
1781528400000,1.691000,1.700600,1.657600,1.664400,992660.00000000,480824.20000000,-31011.60000000
1781532000000,1.664500,1.703600,1.651000,1.699200,862398.40000000,443322.70000000,24247.00000000
1781535600000,1.698500,1.761000,1.680100,1.702900,2346271.80000000,1165553.60000000,-15164.60000000
1781539200000,1.702800,1.706200,1.669700,1.679300,846984.30000000,451886.50000000,56788.70000000
1781542800000,1.678700,1.726000,1.666800,1.717000,928027.10000000,388569.40000000,-150888.30000000
1781546400000,1.717000,1.745900,1.706500,1.718600,1230609.00000000,511716.40000000,-207176.20000000
1781550000000,1.718500,1.721000,1.657100,1.663800,905875.60000000,433086.50000000,-39702.60000000
1781553600000,1.663600,1.719800,1.656100,1.717800,1043489.60000000,395462.00000000,-252565.60000000
1781557200000,1.717700,1.745700,1.693000,1.744500,1181825.80000000,429218.50000000,-323388.80000000
1781560800000,1.744800,1.745000,1.696400,1.704300,636969.10000000,295803.00000000,-45363.10000000
1781564400000,1.704300,1.707400,1.662900,1.686900,905560.70000000,456725.40000000,7890.10000000
1781568000000,1.687000,1.701800,1.670000,1.677500,535298.70000000,278446.40000000,21594.10000000
1781571600000,1.677500,1.685200,1.663700,1.666300,618438.50000000,322215.60000000,25992.70000000
1781575200000,1.666100,1.676700,1.654400,1.666100,468791.40000000,190699.10000000,-87393.20000000
1781578800000,1.666100,1.712900,1.664100,1.712000,829671.00000000,338307.40000000,-153056.20000000
1781582400000,1.711900,1.716400,1.662900,1.687700,1559974.70000000,598531.20000000,-362912.30000000
1781586000000,1.687700,1.749500,1.687700,1.742000,1232934.60000000,618826.70000000,4718.80000000
1781589600000,1.742000,1.758700,1.710300,1.729200,1113001.10000000,537896.10000000,-37208.90000000
1781593200000,1.729000,1.810000,1.723200,1.809500,3265727.00000000,2112389.90000000,959052.80000000
1781596800000,1.809500,1.832900,1.780200,1.818800,2250281.40000000,1322334.20000000,394387.00000000
1781600400000,1.818700,1.833700,1.786600,1.810400,870031.50000000,458891.40000000,47751.30000000
1781604000000,1.810400,1.845000,1.793400,1.800900,1183618.60000000,622363.10000000,61107.60000000
1781607600000,1.801400,1.802400,1.747800,1.775800,3361773.10000000,1636279.00000000,-89215.10000000
1781611200000,1.775900,1.813000,1.762000,1.807600,871450.90000000,460103.30000000,48755.70000000
1781614800000,1.807500,1.807500,1.730000,1.753600,1809194.80000000,843780.90000000,-121633.00000000
1781618400000,1.753600,1.769000,1.698400,1.725800,1687591.50000000,777451.60000000,-132688.30000000
1781622000000,1.725800,1.727200,1.674300,1.701800,1446977.30000000,670350.00000000,-106277.30000000
1781625600000,1.702000,1.707700,1.675900,1.703000,1062637.30000000,529690.20000000,-3256.90000000
1781629200000,1.703000,1.737500,1.700000,1.734900,1002001.90000000,576631.60000000,151261.30000000
1781632800000,1.734900,1.783900,1.733300,1.774200,2001636.40000000,1066503.40000000,131370.40000000
1781636400000,1.774000,1.799300,1.747100,1.790700,1534306.50000000,685687.80000000,-162930.90000000
1781640000000,1.790600,1.801800,1.768000,1.790200,826415.10000000,314155.60000000,-198103.90000000
1781643600000,1.790300,1.794900,1.776400,1.787600,444135.80000000,187072.20000000,-69991.40000000
1781647200000,1.787500,1.788600,1.748000,1.765300,1238052.80000000,536762.00000000,-164528.80000000
1781650800000,1.765000,1.765600,1.730900,1.734300,475416.30000000,218908.20000000,-37599.90000000
1781654400000,1.734100,1.766400,1.733900,1.745000,730812.00000000,425569.90000000,120327.80000000
1781658000000,1.745000,1.781200,1.736300,1.763000,2067510.20000000,1021306.20000000,-24897.80000000
1781661600000,1.762800,1.782300,1.743500,1.744600,598324.50000000,280315.50000000,-37693.50000000
1781665200000,1.744600,1.746400,1.724500,1.730800,680573.10000000,378059.80000000,75546.50000000
1781668800000,1.730900,1.763500,1.725700,1.743600,565666.50000000,269430.50000000,-26805.50000000
1781672400000,1.743800,1.781300,1.734800,1.771300,548391.20000000,293832.40000000,39273.60000000
1781676000000,1.771200,1.802700,1.766300,1.776200,1201880.80000000,619064.20000000,36247.60000000
1781679600000,1.776400,1.791400,1.748000,1.754800,1355784.60000000,660995.20000000,-33794.20000000
1781683200000,1.754900,1.788400,1.746000,1.769700,1464903.00000000,675392.80000000,-114117.40000000
1781686800000,1.769800,1.793000,1.766900,1.785100,655574.40000000,320231.60000000,-15111.20000000
1781690400000,1.785600,1.790300,1.748200,1.750900,455771.20000000,191139.10000000,-73493.00000000
1781694000000,1.750800,1.765600,1.725000,1.756400,1118186.90000000,569216.60000000,20246.30000000
1781697600000,1.756500,1.799900,1.728200,1.797100,1045128.00000000,567738.10000000,90348.20000000
1781701200000,1.797000,1.829000,1.780500,1.802100,2236252.10000000,1035040.00000000,-166172.10000000
1781704800000,1.802400,1.833600,1.788000,1.830300,1190941.90000000,582648.20000000,-25645.50000000
1781708400000,1.829900,1.866100,1.825400,1.846600,1975963.80000000,1008412.20000000,40860.60000000
1781712000000,1.846700,1.866100,1.822400,1.831600,1144607.40000000,560760.10000000,-23087.20000000
1781715600000,1.831700,1.914000,1.830900,1.913600,1546034.70000000,825904.00000000,105773.30000000
1781719200000,1.913700,1.916600,1.833600,1.876400,3742061.10000000,1792718.80000000,-156623.50000000
1781722800000,1.876300,1.880000,1.745400,1.782400,3296109.50000000,1592158.70000000,-111792.10000000
1781726400000,1.782300,1.782700,1.730600,1.765200,1508554.80000000,669468.40000000,-169618.00000000
1781730000000,1.765300,1.796300,1.743800,1.744200,945802.30000000,405725.30000000,-134351.70000000
1781733600000,1.744100,1.783800,1.693800,1.773000,2022098.80000000,1058726.80000000,95354.80000000
1781737200000,1.773000,1.789500,1.720500,1.721300,774302.50000000,325932.40000000,-122437.70000000
1781740800000,1.721200,1.746600,1.703000,1.723400,1129581.30000000,512986.60000000,-103608.10000000
1781744400000,1.723400,1.760600,1.695500,1.699000,1342015.20000000,601000.80000000,-140013.60000000
1781748000000,1.699000,1.706100,1.624900,1.660900,4915554.00000000,2023351.60000000,-868850.80000000
1781751600000,1.660800,1.676500,1.635600,1.647700,1445833.10000000,741132.00000000,36430.90000000
1781755200000,1.647800,1.650400,1.592200,1.611500,1641894.40000000,749462.40000000,-142969.60000000
1781758800000,1.611500,1.619700,1.598200,1.614400,798854.80000000,435779.50000000,72704.20000000
1781762400000,1.614300,1.646300,1.611400,1.633200,850872.40000000,497325.70000000,143779.00000000
1781766000000,1.633300,1.664500,1.620000,1.660700,1674279.80000000,825173.10000000,-23933.60000000
1781769600000,1.660800,1.676600,1.637000,1.661400,1841893.90000000,978159.20000000,114424.50000000
1781773200000,1.661300,1.667500,1.651600,1.657000,512245.30000000,234393.60000000,-43458.10000000
1781776800000,1.657100,1.657300,1.637400,1.641800,609980.00000000,295417.60000000,-19144.80000000
1781780400000,1.641800,1.647200,1.602200,1.607600,933521.40000000,397948.40000000,-137624.60000000
1781784000000,1.607600,1.651400,1.605500,1.638800,1019650.70000000,540867.10000000,62083.50000000
1781787600000,1.638800,1.651400,1.573600,1.608600,1433760.60000000,630694.20000000,-172372.20000000
1781791200000,1.608500,1.652400,1.600000,1.638300,1076894.10000000,590639.50000000,104384.90000000
1781794800000,1.638400,1.640800,1.565000,1.565000,2501891.00000000,1348902.60000000,195914.20000000
1781798400000,1.564900,1.614200,1.563000,1.569800,1159989.50000000,570257.80000000,-19473.90000000
1781802000000,1.569900,1.590800,1.556500,1.571200,1178219.90000000,545740.60000000,-86738.70000000
1781805600000,1.571300,1.605500,1.567400,1.591300,766135.00000000,390921.20000000,15707.40000000
1781809200000,1.591300,1.616500,1.590600,1.600000,697462.80000000,339982.40000000,-17498.00000000
1781812800000,1.600100,1.633300,1.598000,1.630300,650409.30000000,308669.40000000,-33070.50000000
1781816400000,1.630300,1.634900,1.602000,1.617100,355546.90000000,141464.00000000,-72618.90000000
1781820000000,1.617100,1.634300,1.607000,1.625500,283212.20000000,134620.30000000,-13971.60000000
1781823600000,1.625400,1.632500,1.613000,1.613200,292348.00000000,126028.90000000,-40290.20000000
1781827200000,1.613300,1.621800,1.599400,1.613000,281218.10000000,132198.50000000,-16821.10000000
1781830800000,1.613000,1.614400,1.591100,1.598800,351690.80000000,168360.20000000,-14970.40000000
1781834400000,1.599100,1.635700,1.577700,1.579000,2223720.20000000,1074033.20000000,-75653.80000000
1781838000000,1.578900,1.592700,1.563700,1.584000,939188.80000000,423299.80000000,-92589.20000000
1781841600000,1.583900,1.589400,1.555800,1.562100,975482.10000000,458031.40000000,-59419.30000000
1781845200000,1.562100,1.576600,1.552800,1.564500,617623.20000000,317084.90000000,16546.60000000
1781848800000,1.564400,1.599100,1.562300,1.589100,527608.50000000,273203.60000000,18798.70000000
1781852400000,1.589100,1.592200,1.540800,1.548400,865341.60000000,321153.10000000,-223035.40000000
1781856000000,1.548200,1.572200,1.543600,1.547800,857966.00000000,459135.40000000,60304.80000000
1781859600000,1.547700,1.553600,1.533100,1.534000,536725.90000000,208524.80000000,-119676.30000000
1781863200000,1.534400,1.541400,1.518800,1.527000,571337.00000000,251051.50000000,-69234.00000000
1781866800000,1.527300,1.539800,1.525200,1.528200,291811.90000000,132980.70000000,-25850.50000000
1781870400000,1.528300,1.564000,1.522400,1.557500,848301.50000000,448503.80000000,48706.10000000
1781874000000,1.557700,1.572200,1.524100,1.557400,781697.70000000,405471.50000000,29245.30000000
1781877600000,1.557500,1.573600,1.541400,1.564500,705786.70000000,342249.20000000,-21288.30000000
1781881200000,1.564500,1.583800,1.559700,1.575300,596840.80000000,292572.30000000,-11696.20000000
1781884800000,1.575400,1.584800,1.546800,1.550000,675780.40000000,278178.70000000,-119423.00000000
1781888400000,1.550000,1.591700,1.540100,1.588500,673040.10000000,317288.70000000,-38462.70000000
1781892000000,1.588400,1.598100,1.553700,1.558900,737495.90000000,279746.40000000,-178003.10000000
1781895600000,1.558800,1.566100,1.548300,1.561200,343236.50000000,142236.40000000,-58763.70000000
1781899200000,1.561300,1.587400,1.556700,1.567600,381106.90000000,155146.80000000,-70813.30000000
1781902800000,1.567600,1.569900,1.547000,1.547200,267399.40000000,103705.40000000,-59988.60000000
1781906400000,1.547300,1.549900,1.535100,1.542000,329619.90000000,102904.30000000,-123811.30000000
1781910000000,1.542100,1.547600,1.535500,1.544100,251774.10000000,122049.10000000,-7675.90000000
1781913600000,1.544100,1.549100,1.517500,1.517600,587478.40000000,177752.90000000,-231972.60000000
1781917200000,1.517900,1.538100,1.506800,1.517500,975686.90000000,541597.10000000,107507.30000000
1781920800000,1.517600,1.519200,1.502600,1.512000,405749.30000000,149550.70000000,-106647.90000000
1781924400000,1.512000,1.515800,1.503300,1.510900,329287.90000000,136830.40000000,-55627.10000000
1781928000000,1.511000,1.539600,1.501500,1.529600,374266.20000000,201910.00000000,29553.80000000
1781931600000,1.529500,1.544100,1.526200,1.539000,433078.40000000,228016.20000000,22954.00000000
1781935200000,1.538900,1.546100,1.532900,1.535200,255357.80000000,137419.60000000,19481.40000000
1781938800000,1.535300,1.557800,1.523700,1.556800,575092.70000000,289706.40000000,4320.10000000
1781942400000,1.556900,1.557400,1.540600,1.544600,310381.20000000,125379.80000000,-59621.60000000
1781946000000,1.544600,1.569100,1.543500,1.565700,399654.10000000,242629.10000000,85604.10000000
1781949600000,1.565700,1.575600,1.550600,1.553300,415777.00000000,187486.40000000,-40804.20000000
1781953200000,1.553300,1.558200,1.539100,1.539800,469896.80000000,201446.00000000,-67004.80000000
1781956800000,1.539800,1.572800,1.539600,1.550000,472417.50000000,232095.50000000,-8226.50000000
1781960400000,1.550000,1.550000,1.516500,1.525300,693984.00000000,286549.50000000,-120885.00000000
1781964000000,1.525200,1.555000,1.507000,1.550400,970217.30000000,438904.00000000,-92409.30000000
1781967600000,1.550600,1.571500,1.543700,1.553200,522879.20000000,272924.70000000,22970.20000000
1781971200000,1.553300,1.554300,1.531700,1.547900,345347.20000000,189497.30000000,33647.40000000
1781974800000,1.547900,1.547900,1.522100,1.528900,377156.30000000,160879.40000000,-55397.50000000
1781978400000,1.528900,1.533900,1.517000,1.519700,224105.00000000,128730.10000000,33355.20000000
1781982000000,1.519700,1.533300,1.517800,1.525000,256607.90000000,144274.90000000,31941.90000000
1781985600000,1.525000,1.527400,1.516400,1.521500,191614.60000000,64505.70000000,-62603.20000000
1781989200000,1.521500,1.531800,1.517500,1.520400,131741.60000000,90648.60000000,49555.60000000
1781992800000,1.520400,1.555400,1.518900,1.552800,378353.50000000,200437.00000000,22520.50000000
1781996400000,1.552700,1.563200,1.550500,1.556500,296100.60000000,130815.90000000,-34468.80000000
1782000000000,1.556600,1.556900,1.540200,1.544700,216954.60000000,93647.30000000,-29660.00000000
1782003600000,1.544800,1.580500,1.540000,1.575900,340881.10000000,179902.20000000,18923.30000000
1782007200000,1.575900,1.594200,1.569300,1.589700,536914.70000000,268356.20000000,-202.30000000
1782010800000,1.589600,1.607500,1.577400,1.603700,734545.90000000,352311.30000000,-29923.30000000
1782014400000,1.603800,1.623900,1.581400,1.582300,1018443.60000000,505156.60000000,-8130.40000000
1782018000000,1.582400,1.597500,1.576300,1.586600,462940.70000000,199673.80000000,-63593.10000000
1782021600000,1.586700,1.595700,1.574000,1.580800,402104.50000000,182896.20000000,-36312.10000000
1782025200000,1.580700,1.587500,1.579000,1.582900,171453.60000000,80518.40000000,-10416.80000000
1782028800000,1.582900,1.586600,1.568100,1.586400,471216.30000000,249338.50000000,27460.70000000
1782032400000,1.586400,1.597000,1.574000,1.590500,312282.90000000,165396.60000000,18510.30000000
1782036000000,1.590400,1.610400,1.575100,1.577100,470366.30000000,234977.70000000,-410.90000000
1782039600000,1.576900,1.582500,1.559200,1.564700,543212.90000000,298737.40000000,54261.90000000
1782043200000,1.564700,1.567100,1.545900,1.554100,477424.20000000,235565.30000000,-6293.60000000
1782046800000,1.554100,1.562800,1.536000,1.562400,429292.60000000,250380.90000000,71469.20000000
1782050400000,1.562400,1.566500,1.547600,1.559100,300386.00000000,159580.90000000,18775.80000000
1782054000000,1.559200,1.567000,1.554700,1.560800,333768.30000000,180575.00000000,27381.70000000
1782057600000,1.560900,1.560900,1.541300,1.543400,440569.10000000,180900.00000000,-78769.10000000
1782061200000,1.543500,1.556900,1.542300,1.549800,168945.20000000,98891.80000000,28838.40000000
1782064800000,1.549700,1.607500,1.541700,1.602500,1138604.50000000,554941.90000000,-28720.70000000
1782068400000,1.602700,1.607200,1.585100,1.587500,607386.10000000,294530.40000000,-18325.30000000
1782072000000,1.587500,1.589100,1.570900,1.576000,515526.30000000,228849.70000000,-57826.90000000
1782075600000,1.576100,1.593300,1.563900,1.581600,423229.00000000,223371.40000000,23513.80000000
1782079200000,1.581900,1.625300,1.570200,1.606200,1611208.90000000,747677.40000000,-115854.10000000
1782082800000,1.606100,1.622900,1.566600,1.568300,1105343.80000000,510883.00000000,-83577.80000000
1782086400000,1.568300,1.625200,1.566200,1.617900,735021.60000000,418515.80000000,102010.00000000
1782090000000,1.618000,1.639200,1.596100,1.636100,1997992.10000000,1097274.70000000,196557.30000000
1782093600000,1.636100,1.656000,1.623600,1.652100,790923.30000000,416020.20000000,41117.10000000
1782097200000,1.652000,1.657000,1.610000,1.617000,1001549.10000000,468758.10000000,-64032.90000000
1782100800000,1.617000,1.627200,1.600600,1.609000,486436.40000000,261896.20000000,37356.00000000
1782104400000,1.609100,1.638600,1.609000,1.629200,420017.40000000,212211.80000000,4406.20000000
1782108000000,1.629200,1.636800,1.615300,1.627900,436488.00000000,233940.30000000,31392.60000000
1782111600000,1.628000,1.673500,1.627100,1.668900,744384.60000000,362204.90000000,-19974.80000000
1782115200000,1.668200,1.682500,1.654800,1.680800,1175025.40000000,592714.80000000,10404.20000000
1782118800000,1.680900,1.698600,1.655700,1.693100,920274.40000000,503641.20000000,87008.00000000
1782122400000,1.693100,1.716500,1.689300,1.695500,1148558.80000000,499923.80000000,-148711.20000000
1782126000000,1.695500,1.712300,1.681500,1.702700,1042865.20000000,470458.90000000,-101947.40000000
1782129600000,1.702700,1.707600,1.685200,1.686100,504856.10000000,233222.60000000,-38410.90000000
1782133200000,1.686200,1.717300,1.680300,1.680400,951419.80000000,471944.80000000,-7530.20000000
1782136800000,1.680400,1.686600,1.641200,1.656300,1383122.60000000,668370.40000000,-46381.80000000
1782140400000,1.656300,1.672100,1.640600,1.647700,682471.30000000,313517.20000000,-55436.90000000
1782144000000,1.647300,1.664700,1.608300,1.618200,1518569.10000000,847773.30000000,176977.50000000
1782147600000,1.618200,1.619500,1.591000,1.612300,865854.40000000,476694.60000000,87534.80000000
1782151200000,1.612300,1.634700,1.600700,1.619400,890153.20000000,419651.50000000,-50850.20000000
1782154800000,1.619200,1.634400,1.616000,1.617500,306142.10000000,156046.40000000,5950.70000000
1782158400000,1.618000,1.648400,1.616700,1.647300,315665.60000000,168976.80000000,22288.00000000
1782162000000,1.647600,1.650800,1.613600,1.619400,354961.90000000,158946.50000000,-37068.90000000
1782165600000,1.619200,1.636200,1.603000,1.617000,524995.10000000,201168.70000000,-122657.70000000
1782169200000,1.616800,1.625000,1.598100,1.611200,463044.50000000,192388.60000000,-78267.30000000
1782172800000,1.611200,1.653400,1.610100,1.640100,658536.10000000,343992.90000000,29449.70000000
1782176400000,1.640200,1.660000,1.617600,1.646800,2052178.70000000,1023115.30000000,-5948.10000000
1782180000000,1.646800,1.658300,1.625400,1.648500,505441.10000000,277176.80000000,48912.50000000
1782183600000,1.648400,1.662600,1.631900,1.649400,261587.50000000,143671.70000000,25755.90000000
1782187200000,1.649200,1.657400,1.611200,1.612500,365706.40000000,139080.60000000,-87545.20000000
1782190800000,1.611800,1.620000,1.572200,1.576900,971568.00000000,437949.60000000,-95668.80000000
1782194400000,1.576900,1.577800,1.512900,1.521400,1572048.10000000,677253.20000000,-217541.70000000
1782198000000,1.521300,1.530700,1.501600,1.502800,724359.50000000,349050.70000000,-26258.10000000
1782201600000,1.502900,1.536100,1.472100,1.533200,1548691.20000000,746610.90000000,-55469.40000000
1782205200000,1.533000,1.560000,1.532600,1.537800,933354.00000000,421652.30000000,-90049.40000000
1782208800000,1.537800,1.548400,1.516900,1.521300,534751.30000000,237478.10000000,-59795.10000000
1782212400000,1.521200,1.569800,1.518500,1.569200,922695.20000000,520616.90000000,118538.60000000
1782216000000,1.569600,1.572800,1.532100,1.536400,832212.60000000,468868.20000000,105523.80000000
1782219600000,1.536400,1.578800,1.522200,1.565500,987963.00000000,556382.30000000,124801.60000000
1782223200000,1.565400,1.588600,1.564200,1.566900,777074.90000000,366236.40000000,-44602.10000000
1782226800000,1.566900,1.567300,1.531200,1.545100,802405.50000000,430950.40000000,59495.30000000
1782230400000,1.545000,1.567300,1.524900,1.526200,423828.20000000,193734.10000000,-36360.00000000
1782234000000,1.526100,1.537300,1.506000,1.516400,2362953.50000000,1102892.60000000,-157168.30000000
1782237600000,1.516100,1.532300,1.504700,1.522500,374848.80000000,206373.10000000,37897.40000000
1782241200000,1.522500,1.541000,1.521500,1.534400,274812.20000000,140199.50000000,5586.80000000
1782244800000,1.534500,1.540600,1.523600,1.529700,346332.00000000,130459.30000000,-85413.40000000
1782248400000,1.529800,1.537600,1.524800,1.525400,191221.60000000,95666.20000000,110.80000000
1782252000000,1.525400,1.537900,1.486500,1.501400,670142.80000000,280868.70000000,-108405.40000000
1782255600000,1.501400,1.513300,1.492400,1.504300,474147.50000000,276179.70000000,78211.90000000
1782259200000,1.504200,1.526600,1.502700,1.518600,495538.10000000,261445.00000000,27351.90000000
1782262800000,1.518700,1.544100,1.511100,1.525900,582869.80000000,261797.50000000,-59274.80000000
1782266400000,1.526000,1.529700,1.511700,1.518900,363669.80000000,175356.20000000,-12957.40000000
1782270000000,1.519000,1.528800,1.509900,1.523900,279062.90000000,165127.30000000,51191.70000000
1782273600000,1.523900,1.524400,1.506100,1.520900,175026.30000000,67566.70000000,-39892.90000000
1782277200000,1.520800,1.581200,1.514900,1.577400,824800.00000000,379162.30000000,-66475.40000000
1782280800000,1.577600,1.583000,1.561000,1.564700,789216.30000000,365220.00000000,-58776.30000000
1782284400000,1.564400,1.571800,1.543600,1.547000,473955.70000000,237063.90000000,172.10000000
1782288000000,1.547100,1.562800,1.545700,1.560800,397245.30000000,200196.40000000,3147.50000000
1782291600000,1.560800,1.572100,1.550800,1.563300,545761.40000000,266725.90000000,-12309.60000000
1782295200000,1.563300,1.567600,1.541800,1.546100,358566.60000000,163422.00000000,-31722.60000000
1782298800000,1.546100,1.574500,1.541700,1.560600,506484.70000000,255349.70000000,4214.70000000
1782302400000,1.560500,1.561600,1.547300,1.555500,281101.80000000,134741.70000000,-11618.40000000
1782306000000,1.555500,1.556900,1.480800,1.504900,1804679.60000000,809346.50000000,-185986.60000000
1782309600000,1.505000,1.540000,1.499100,1.528000,1136160.90000000,558929.20000000,-18302.50000000
1782313200000,1.528100,1.540000,1.505000,1.529200,1284833.20000000,634547.50000000,-15738.20000000
1782316800000,1.529100,1.557200,1.494700,1.502500,1991151.20000000,959331.40000000,-72488.40000000
1782320400000,1.502300,1.507700,1.473000,1.480600,1155568.10000000,579820.60000000,4073.10000000
1782324000000,1.480500,1.522000,1.477000,1.512800,1333588.50000000,643102.80000000,-47382.90000000
1782327600000,1.512900,1.568500,1.506600,1.567600,1647497.40000000,874603.70000000,101710.00000000
1782331200000,1.567600,1.615500,1.555400,1.589800,2304382.90000000,1120780.60000000,-62821.70000000
1782334800000,1.589900,1.671600,1.589300,1.671300,1456130.30000000,786160.10000000,116189.90000000
1782338400000,1.670600,1.693900,1.639800,1.669900,2140441.80000000,1058841.20000000,-22759.40000000
1782342000000,1.669900,1.697700,1.631300,1.696000,1662120.30000000,843441.30000000,24762.30000000
1782345600000,1.696200,1.699800,1.625400,1.652200,1856711.40000000,839668.10000000,-177375.20000000
1782349200000,1.652200,1.660300,1.634200,1.640100,1462031.80000000,735318.90000000,8606.00000000
1782352800000,1.640100,1.676200,1.639900,1.674300,639058.60000000,329530.40000000,20002.20000000
1782356400000,1.674400,1.679300,1.655200,1.663800,424740.50000000,191751.20000000,-41238.10000000
1782360000000,1.663800,1.668500,1.647100,1.665600,400573.80000000,210876.00000000,21178.20000000
1782363600000,1.665600,1.686800,1.656200,1.679400,665809.80000000,328295.20000000,-9219.40000000
1782367200000,1.679400,1.705600,1.673700,1.689300,989037.40000000,485188.80000000,-18659.80000000
1782370800000,1.689300,1.699700,1.671300,1.672400,400765.60000000,195148.60000000,-10468.40000000
1782374400000,1.672500,1.696500,1.665900,1.671700,438535.70000000,226155.30000000,13774.90000000
1782378000000,1.671800,1.675400,1.652700,1.667400,453579.90000000,238243.50000000,22907.10000000
1782381600000,1.667500,1.668700,1.636000,1.640100,435742.20000000,188806.90000000,-58128.40000000
1782385200000,1.640200,1.646300,1.619300,1.639700,556877.00000000,237428.90000000,-82019.20000000
1782388800000,1.639800,1.647300,1.616300,1.641800,763612.70000000,376907.20000000,-9798.30000000
1782392400000,1.641900,1.664600,1.579500,1.591500,5180415.10000000,2430286.40000000,-319842.30000000
1782396000000,1.591600,1.631700,1.570600,1.592200,2953535.10000000,1445789.50000000,-61956.10000000
1782399600000,1.592500,1.609500,1.575600,1.607900,1356030.00000000,672523.40000000,-10983.20000000
1782403200000,1.608200,1.629500,1.580800,1.584300,1013827.20000000,539815.30000000,65803.40000000
1782406800000,1.584400,1.629000,1.581400,1.627200,725128.10000000,425718.20000000,126308.30000000
1782410400000,1.627300,1.652000,1.618500,1.634700,852233.00000000,413911.40000000,-24410.20000000
1782414000000,1.634700,1.646100,1.589200,1.600100,872828.50000000,405894.60000000,-61039.30000000
1782417600000,1.600200,1.643000,1.600200,1.624800,485520.30000000,279969.40000000,74418.50000000
1782421200000,1.624700,1.653700,1.605600,1.642700,457189.80000000,202327.90000000,-52534.00000000
1782424800000,1.642500,1.654000,1.601600,1.602000,616307.10000000,291201.80000000,-33903.50000000
1782428400000,1.602000,1.639800,1.593600,1.612400,513196.10000000,231352.60000000,-50490.90000000
1782432000000,1.612500,1.622700,1.600100,1.614400,386637.20000000,221086.90000000,55536.60000000
1782435600000,1.614400,1.636300,1.598500,1.618500,769895.20000000,317121.00000000,-135653.20000000
1782439200000,1.618700,1.630600,1.583300,1.620600,1080452.10000000,517993.70000000,-44464.70000000
1782442800000,1.620600,1.669500,1.607000,1.665800,1006673.10000000,461963.90000000,-82745.30000000
1782446400000,1.665700,1.671700,1.639400,1.640900,571655.20000000,248807.30000000,-74040.60000000
1782450000000,1.640900,1.641300,1.599700,1.611900,1395866.90000000,610511.50000000,-174843.90000000
1782453600000,1.611900,1.657500,1.601300,1.657100,4828341.70000000,2590104.40000000,351867.10000000
1782457200000,1.657200,1.667000,1.641700,1.665200,561117.60000000,287227.20000000,13336.80000000
1782460800000,1.665200,1.687400,1.651000,1.658600,681026.40000000,344349.00000000,7671.60000000
1782464400000,1.658600,1.680700,1.640500,1.642800,678978.60000000,316097.10000000,-46784.40000000
1782468000000,1.642800,1.650000,1.627500,1.643300,567405.70000000,263476.70000000,-40452.30000000
1782471600000,1.643400,1.716100,1.636800,1.701700,1489776.80000000,897933.30000000,306089.80000000
1782475200000,1.701800,1.708900,1.680700,1.700400,843337.80000000,467208.00000000,91078.20000000
1782478800000,1.701200,1.752900,1.680900,1.736900,1395377.70000000,768875.20000000,142372.70000000
1782482400000,1.737000,1.786800,1.724300,1.784300,2243560.30000000,1081335.90000000,-80888.50000000
1782486000000,1.784300,1.815000,1.779000,1.807800,1243046.20000000,603719.70000000,-35606.80000000
1782489600000,1.807700,1.829800,1.785600,1.827100,1153336.00000000,543691.80000000,-65952.40000000
1782493200000,1.827000,1.838400,1.791800,1.805400,1453225.90000000,664204.80000000,-124816.30000000
1782496800000,1.805500,1.807700,1.753500,1.794500,1610796.00000000,759168.70000000,-92458.60000000
1782500400000,1.794400,1.808800,1.783900,1.792000,601460.40000000,251432.50000000,-98595.40000000
1782504000000,1.793200,1.808800,1.775300,1.786200,639045.40000000,285666.20000000,-67713.00000000
1782507600000,1.786200,1.824800,1.777900,1.805000,511895.60000000,258058.50000000,4221.40000000
1782511200000,1.804900,1.834500,1.797000,1.830400,394502.00000000,230936.00000000,67370.00000000
1782514800000,1.830400,1.839500,1.812100,1.824500,579890.20000000,363092.70000000,146295.20000000
1782518400000,1.824500,1.825200,1.790300,1.805300,497170.90000000,190784.80000000,-115601.30000000
1782522000000,1.805400,1.807300,1.790600,1.791700,265816.70000000,108001.30000000,-49814.10000000
1782525600000,1.791600,1.818800,1.784000,1.794700,536046.90000000,213407.00000000,-109232.90000000
1782529200000,1.794600,1.812900,1.770600,1.805800,639249.80000000,280342.10000000,-78565.60000000
1782532800000,1.805700,1.814400,1.780200,1.784800,414898.50000000,165864.80000000,-83168.90000000
1782536400000,1.784900,1.809500,1.779700,1.800600,566719.10000000,320524.80000000,74330.50000000
1782540000000,1.800500,1.813200,1.772800,1.778800,562695.60000000,258169.20000000,-46357.20000000
1782543600000,1.778300,1.795100,1.765900,1.789400,431427.10000000,201782.50000000,-27862.10000000
1782547200000,1.789500,1.793000,1.769100,1.778300,228705.10000000,93762.60000000,-41179.90000000
1782550800000,1.778300,1.780000,1.761600,1.778400,432303.60000000,228496.20000000,24688.80000000
1782554400000,1.778400,1.803700,1.775100,1.787000,319377.00000000,178847.20000000,38317.40000000
1782558000000,1.787100,1.793600,1.768300,1.782300,277870.60000000,122793.90000000,-32282.80000000
1782561600000,1.782200,1.791000,1.771400,1.781900,253100.20000000,107218.40000000,-38663.40000000
1782565200000,1.781700,1.811900,1.778100,1.803600,570795.90000000,323272.70000000,75749.50000000
1782568800000,1.803600,1.817700,1.797900,1.813600,361194.10000000,166714.30000000,-27765.50000000
1782572400000,1.813800,1.831700,1.808800,1.830800,450469.30000000,242335.80000000,34202.30000000
1782576000000,1.830900,1.832700,1.815100,1.817900,361175.70000000,139772.60000000,-81630.50000000
1782579600000,1.817900,1.819200,1.760400,1.778800,722611.60000000,340733.50000000,-41144.60000000
1782583200000,1.778400,1.789000,1.768200,1.783200,484071.50000000,315087.70000000,146103.90000000
1782586800000,1.783300,1.787400,1.741400,1.743900,634012.90000000,278864.30000000,-76284.30000000
1782590400000,1.743900,1.746800,1.720500,1.730800,629576.40000000,295848.20000000,-37880.00000000
1782594000000,1.730900,1.746000,1.729600,1.735800,411458.30000000,186805.90000000,-37846.50000000
1782597600000,1.735800,1.749400,1.724400,1.748900,442128.80000000,252932.90000000,63737.00000000
1782601200000,1.748500,1.758600,1.717600,1.721100,460556.70000000,169926.60000000,-120703.50000000
1782604800000,1.721100,1.753600,1.718700,1.739000,335769.50000000,165959.00000000,-3851.50000000
1782608400000,1.738900,1.752200,1.736400,1.740800,614162.10000000,319235.30000000,24308.50000000
1782612000000,1.741000,1.762500,1.735600,1.738600,1062214.80000000,573427.80000000,84640.80000000
1782615600000,1.738500,1.755300,1.732900,1.738500,212303.70000000,104395.60000000,-3512.50000000
1782619200000,1.738500,1.757000,1.732700,1.745100,194359.20000000,104653.90000000,14948.60000000
1782622800000,1.745100,1.769800,1.742000,1.769300,405131.10000000,227478.20000000,49825.30000000
1782626400000,1.769400,1.791000,1.769200,1.788800,519204.20000000,324218.90000000,129233.60000000
1782630000000,1.788900,1.815000,1.780800,1.813000,616232.00000000,351555.40000000,86878.80000000
1782633600000,1.813000,1.827100,1.778400,1.826700,720473.60000000,403189.00000000,85904.40000000
1782637200000,1.826700,1.839000,1.800700,1.814100,654486.00000000,304639.20000000,-45207.60000000
1782640800000,1.814100,1.820000,1.791500,1.799500,425533.70000000,209962.50000000,-5608.70000000
1782644400000,1.799400,1.812000,1.783900,1.792700,544517.00000000,249528.60000000,-45459.80000000
1782648000000,1.792700,1.799200,1.763100,1.772000,735001.80000000,338164.40000000,-58673.00000000
1782651600000,1.772000,1.773000,1.747600,1.763300,313419.00000000,130630.00000000,-52159.00000000
1782655200000,1.763400,1.770000,1.750300,1.752800,220132.50000000,103408.80000000,-13314.90000000
1782658800000,1.752800,1.772200,1.744100,1.749500,512209.30000000,260657.00000000,9104.70000000
1782662400000,1.749600,1.776300,1.745000,1.773500,397591.30000000,221760.60000000,45929.90000000
1782666000000,1.773400,1.776600,1.750500,1.760000,245631.40000000,131150.00000000,16668.60000000
1782669600000,1.759900,1.765400,1.735600,1.758300,312897.60000000,153961.80000000,-4974.00000000
1782673200000,1.758400,1.760400,1.732000,1.734900,383319.40000000,183167.30000000,-16984.80000000
1782676800000,1.734900,1.754800,1.733800,1.748300,220937.00000000,130410.70000000,39884.40000000
1782680400000,1.748300,1.748700,1.728800,1.737900,192896.80000000,87890.20000000,-17116.40000000
1782684000000,1.738000,1.769500,1.697500,1.721200,1501627.00000000,675598.90000000,-150429.20000000
1782687600000,1.721100,1.739900,1.717000,1.731700,366899.50000000,218328.70000000,69757.90000000
1782691200000,1.731800,1.742000,1.708800,1.727600,497719.20000000,276682.10000000,55645.00000000
1782694800000,1.727600,1.739300,1.702500,1.736700,358230.90000000,200283.70000000,42336.50000000
1782698400000,1.736700,1.750000,1.720900,1.741500,291337.70000000,144754.60000000,-1828.50000000
1782702000000,1.741600,1.755500,1.735000,1.752200,340023.80000000,161622.30000000,-16779.20000000
1782705600000,1.752300,1.753800,1.726400,1.732400,172460.80000000,72145.40000000,-28170.00000000
1782709200000,1.732500,1.733900,1.709600,1.726600,508440.70000000,251074.00000000,-6292.70000000
1782712800000,1.726700,1.734400,1.701300,1.702500,718756.20000000,320495.80000000,-77764.60000000
1782716400000,1.702500,1.721500,1.695300,1.711400,418967.70000000,217876.20000000,16784.70000000
1782720000000,1.711300,1.726600,1.706700,1.719400,492523.40000000,253148.40000000,13773.40000000
1782723600000,1.719400,1.737900,1.717800,1.728200,316502.20000000,176448.10000000,36394.00000000
1782727200000,1.728100,1.740000,1.718600,1.730400,281063.80000000,128331.80000000,-24400.20000000
1782730800000,1.730400,1.731200,1.710000,1.719900,368385.80000000,151961.80000000,-64462.20000000
1782734400000,1.719900,1.781000,1.711000,1.732300,1285238.20000000,644025.80000000,2813.40000000
1782738000000,1.732400,1.766600,1.698900,1.719600,2126062.00000000,1120573.50000000,115085.00000000
1782741600000,1.719800,1.722300,1.695200,1.713100,860571.40000000,433394.90000000,6218.40000000
1782745200000,1.713200,1.728100,1.678200,1.715100,1152203.30000000,487678.70000000,-176845.90000000
1782748800000,1.715200,1.736600,1.713100,1.724900,465274.70000000,210216.00000000,-44842.70000000
1782752400000,1.724800,1.753000,1.724800,1.747300,682509.20000000,315353.30000000,-51802.60000000
1782756000000,1.747400,1.760000,1.737500,1.755300,407273.60000000,166035.50000000,-75202.60000000
1782759600000,1.755500,1.802700,1.741100,1.801000,759261.70000000,353786.90000000,-51687.90000000
1782763200000,1.800800,1.825900,1.796900,1.801400,844512.70000000,359863.20000000,-124786.30000000
1782766800000,1.801400,1.838800,1.799000,1.820300,543888.10000000,235925.80000000,-72036.50000000
1782770400000,1.820200,1.850000,1.811700,1.849000,1130174.60000000,669515.10000000,208855.60000000
1782774000000,1.849000,1.866400,1.839600,1.862400,1110265.00000000,417090.70000000,-276083.60000000
1782777600000,1.862200,1.862200,1.815700,1.838000,1229757.90000000,536279.60000000,-157198.70000000
1782781200000,1.838100,1.859900,1.818200,1.859700,658905.50000000,283786.10000000,-91333.30000000
1782784800000,1.859600,1.880000,1.847800,1.874800,1241718.30000000,635720.40000000,29722.50000000
1782788400000,1.875000,1.885400,1.852400,1.858200,834215.50000000,408380.60000000,-17454.30000000
1782792000000,1.858300,1.873300,1.843000,1.866700,814329.20000000,367749.90000000,-78829.40000000
1782795600000,1.866800,1.901300,1.864000,1.897000,1063785.20000000,559165.60000000,54546.00000000
1782799200000,1.897100,1.914200,1.886400,1.902500,911444.70000000,426382.60000000,-58679.50000000
1782802800000,1.902500,1.931300,1.892900,1.897900,1661341.20000000,751473.60000000,-158394.00000000
1782806400000,1.897900,1.931900,1.868700,1.890400,2781427.10000000,1336136.50000000,-109154.10000000
1782810000000,1.890400,1.914800,1.885600,1.911400,797647.80000000,373398.80000000,-50850.20000000
1782813600000,1.911400,1.936500,1.901700,1.914500,952138.00000000,513137.00000000,74136.00000000
1782817200000,1.914400,1.931200,1.875600,1.906700,1687095.00000000,768519.30000000,-150056.40000000
1782820800000,1.906700,1.909200,1.870600,1.874600,1249383.30000000,513448.00000000,-222487.30000000
1782824400000,1.874600,1.944600,1.863800,1.934000,2039644.10000000,1046754.50000000,53864.90000000
1782828000000,1.933900,1.964900,1.919600,1.941800,2467291.00000000,1218022.30000000,-31246.40000000
1782831600000,1.941800,1.985500,1.938900,1.969600,3295955.60000000,1728627.70000000,161299.80000000
1782835200000,1.969600,1.991400,1.928600,1.942000,2428994.40000000,1198646.20000000,-31702.00000000
1782838800000,1.942200,2.018000,1.909000,1.911000,4405688.90000000,2217226.30000000,28763.70000000
1782842400000,1.910900,1.918400,1.848500,1.872500,2760060.30000000,1334624.80000000,-90810.70000000
1782846000000,1.872500,1.886700,1.827700,1.835900,1784891.50000000,924658.10000000,64424.70000000
1782849600000,1.835800,1.864200,1.793400,1.805900,1943582.80000000,1013962.90000000,84343.00000000
1782853200000,1.806000,1.808500,1.778100,1.806000,1124789.40000000,606895.20000000,89001.00000000
1782856800000,1.806000,1.836900,1.803100,1.833500,1297179.10000000,726566.20000000,155953.30000000
1782860400000,1.833600,1.856300,1.820800,1.848800,973677.00000000,492755.10000000,11833.20000000
1782864000000,1.848700,1.854700,1.800100,1.807600,1915848.40000000,933857.70000000,-48133.00000000
1782867600000,1.807600,1.864000,1.793400,1.830100,1657294.80000000,977292.50000000,297290.20000000
1782871200000,1.830000,1.920000,1.821600,1.888900,1904488.70000000,1046437.50000000,188386.30000000
1782874800000,1.888900,1.908300,1.869500,1.890500,1107718.70000000,598263.10000000,88807.50000000
1782878400000,1.890400,1.935900,1.873800,1.920200,1998083.80000000,1024287.10000000,50490.40000000
1782882000000,1.920400,1.926700,1.884200,1.896600,846275.20000000,300730.00000000,-244815.20000000
1782885600000,1.896600,1.905200,1.869100,1.893600,955654.50000000,522877.80000000,90101.10000000
1782889200000,1.893700,1.912100,1.853400,1.907600,1355894.60000000,566758.50000000,-222377.60000000
1782892800000,1.907600,1.909600,1.850000,1.870900,725276.80000000,370354.30000000,15431.80000000
1782896400000,1.871100,1.895700,1.836500,1.878600,1075062.40000000,502415.10000000,-70232.20000000
1782900000000,1.878600,1.881700,1.847200,1.858000,697018.70000000,351174.80000000,5330.90000000
1782903600000,1.858000,1.887700,1.844800,1.867500,747283.50000000,376653.50000000,6023.50000000
1782907200000,1.867600,1.869700,1.831600,1.849500,835457.70000000,436135.30000000,36812.90000000
1782910800000,1.849700,1.874600,1.834400,1.840700,1936996.50000000,934077.00000000,-68842.50000000
1782914400000,1.840400,1.842100,1.799700,1.805600,1821794.50000000,895287.50000000,-31219.50000000
1782918000000,1.805600,1.818900,1.774000,1.776600,1755771.30000000,789088.70000000,-177593.90000000
1782921600000,1.776600,1.797600,1.745400,1.795700,2526177.30000000,1271116.70000000,16056.10000000
1782925200000,1.795800,1.933000,1.789100,1.887200,11382446.60000000,5885651.70000000,388856.80000000
1782928800000,1.887000,1.925600,1.730000,1.839300,15168140.60000000,7408494.90000000,-351150.80000000
1782932400000,1.839300,2.000500,1.785000,1.992500,8176400.90000000,4016188.30000000,-144024.30000000
1782936000000,1.992600,2.151500,1.946500,2.133200,12772524.10000000,6582329.10000000,392134.10000000
1782939600000,2.134200,2.183300,2.078900,2.163300,6821151.80000000,3358257.50000000,-104636.80000000
1782943200000,2.163300,2.186700,2.047300,2.083400,4547347.80000000,2291365.20000000,35382.60000000
1782946800000,2.083400,2.107700,2.017000,2.070400,2972331.80000000,1548106.30000000,123880.80000000
1782950400000,2.070000,2.078000,1.973000,1.999400,2933135.90000000,1539465.60000000,145795.30000000
1782954000000,1.999600,2.095300,1.966300,2.090600,3659336.60000000,2114041.20000000,568745.80000000
1782957600000,2.090500,2.123100,2.058100,2.080300,4953314.70000000,2621005.30000000,288695.90000000
1782961200000,2.080300,2.127500,2.031400,2.084000,3096193.10000000,1510483.90000000,-75225.30000000
1782964800000,2.084100,2.119200,2.059500,2.081400,1348591.70000000,681979.40000000,15367.10000000
1782968400000,2.081400,2.125400,2.058600,2.113700,1605279.80000000,828855.20000000,52430.60000000
1782972000000,2.113800,2.120100,2.071700,2.101800,1438959.50000000,661289.40000000,-116380.70000000
1782975600000,2.101800,2.148100,2.090000,2.145100,1830666.10000000,913013.40000000,-4639.30000000
1782979200000,2.145100,2.176300,2.120400,2.154600,2474361.50000000,1240284.40000000,6207.30000000
1782982800000,2.154500,2.194500,2.140400,2.157100,2735776.40000000,1428341.30000000,120906.20000000
1782986400000,2.157300,2.182800,2.107700,2.136300,3103117.60000000,1604019.00000000,104920.40000000
1782990000000,2.136400,2.180700,2.116200,2.170400,2610526.90000000,1331816.70000000,53106.50000000
1782993600000,2.170500,2.225700,2.156400,2.181100,4763862.50000000,2386495.50000000,9128.50000000
1782997200000,2.181200,2.207200,2.151500,2.172600,2602430.90000000,1416995.00000000,231559.10000000
1783000800000,2.172800,2.182900,2.065000,2.096500,3620086.40000000,1890253.90000000,160421.40000000
1783004400000,2.096400,2.119600,2.063700,2.080500,2743924.30000000,1490116.30000000,236308.30000000
1783008000000,2.080600,2.091600,2.022400,2.066200,2557434.80000000,1320983.10000000,84531.40000000
1783011600000,2.066900,2.146400,2.065800,2.112900,1884685.20000000,1075395.60000000,266106.00000000
1783015200000,2.112800,2.116600,2.068400,2.071300,1213472.10000000,660178.60000000,106885.10000000
1783018800000,2.071300,2.082100,2.017500,2.026100,1850809.70000000,872931.20000000,-104947.30000000
1783022400000,2.025800,2.087300,2.010000,2.064500,2175910.10000000,1074066.20000000,-27777.70000000
1783026000000,2.064600,2.069900,2.027000,2.033000,657817.80000000,265801.30000000,-126215.20000000
1783029600000,2.032900,2.063800,2.006100,2.053700,796977.50000000,374517.70000000,-47942.10000000
1783033200000,2.053600,2.077800,2.049400,2.064800,709585.90000000,346928.50000000,-15728.90000000
1783036800000,2.064600,2.085600,2.041700,2.055700,781360.20000000,402014.50000000,22668.80000000
1783040400000,2.055600,2.089500,2.050700,2.075700,749133.90000000,410938.50000000,72743.10000000
1783044000000,2.075700,2.110300,2.065400,2.085600,1028365.00000000,493341.20000000,-41682.60000000
1783047600000,2.085800,2.120000,2.075000,2.113800,591562.20000000,310157.10000000,28752.00000000
1783051200000,2.113900,2.118400,2.078300,2.094900,393261.00000000,200120.00000000,6979.00000000
1783054800000,2.094900,2.151200,2.093700,2.120300,834979.00000000,417234.60000000,-509.80000000
1783058400000,2.120600,2.121300,2.095900,2.112200,505286.60000000,226770.90000000,-51744.80000000
1783062000000,2.112200,2.117300,2.051900,2.058200,812045.30000000,311636.20000000,-188772.90000000
1783065600000,2.058300,2.060500,2.012700,2.051300,1797535.40000000,860174.60000000,-77186.20000000
1783069200000,2.051200,2.070800,2.034900,2.041600,842218.80000000,402200.70000000,-37817.40000000
1783072800000,2.041600,2.050400,2.016100,2.041700,851327.80000000,352764.20000000,-145799.40000000
1783076400000,2.042300,2.061900,2.033200,2.038900,1070202.70000000,439565.30000000,-191072.10000000
1783080000000,2.039000,2.039400,2.000600,2.014700,1233108.50000000,531994.70000000,-169119.10000000
1783083600000,2.014900,2.102600,2.014900,2.096700,1277690.20000000,708249.60000000,138809.00000000
1783087200000,2.096700,2.135700,2.080600,2.134700,1955973.50000000,1010546.60000000,65119.70000000
1783090800000,2.134600,2.144200,2.110400,2.118900,1013117.30000000,455025.80000000,-103065.70000000
1783094400000,2.118900,2.170200,2.112300,2.167700,1599490.40000000,755015.70000000,-89459.00000000
1783098000000,2.167900,2.189800,2.131000,2.152900,1657342.30000000,771430.60000000,-114481.10000000
1783101600000,2.152800,2.173200,2.120000,2.134400,1037805.20000000,483575.50000000,-70654.20000000
1783105200000,2.134300,2.180300,2.129000,2.156600,689698.20000000,323821.50000000,-42055.20000000
1783108800000,2.156600,2.182900,2.153800,2.180800,647558.20000000,311385.90000000,-24786.40000000
1783112400000,2.180800,2.181800,2.148800,2.157200,373929.60000000,186167.60000000,-1594.40000000
1783116000000,2.157700,2.159500,2.098800,2.127100,1210738.00000000,539951.90000000,-130834.20000000
1783119600000,2.127200,2.133900,2.109000,2.113400,401964.40000000,203593.90000000,5223.40000000
1783123200000,2.113400,2.129500,2.100600,2.119800,386337.80000000,183881.50000000,-18574.80000000
1783126800000,2.119900,2.120900,2.091600,2.094100,342493.70000000,144573.00000000,-53347.70000000
1783130400000,2.094100,2.171100,2.090000,2.152200,846827.70000000,410238.20000000,-26351.30000000
1783134000000,2.152100,2.205300,2.144100,2.199600,895178.50000000,412264.90000000,-70648.70000000
1783137600000,2.199700,2.256300,2.194000,2.221300,1611998.60000000,685822.40000000,-240353.80000000
1783141200000,2.221300,2.233500,2.206200,2.224100,567273.50000000,256843.00000000,-53587.50000000
1783144800000,2.224000,2.233400,2.173800,2.194000,819934.50000000,306042.60000000,-207849.30000000
1783148400000,2.194000,2.207300,2.168500,2.184000,574455.90000000,292495.70000000,10535.50000000
1783152000000,2.183900,2.183900,2.160000,2.166800,406139.70000000,211524.90000000,16910.10000000
1783155600000,2.167000,2.177800,2.153400,2.171000,382566.00000000,178650.60000000,-25264.80000000
1783159200000,2.171000,2.209800,2.156600,2.202700,563875.70000000,279648.50000000,-4578.70000000
1783162800000,2.202000,2.240000,2.189400,2.238400,634963.80000000,342515.50000000,50067.20000000
1783166400000,2.238300,2.244400,2.211500,2.216600,653655.00000000,326092.20000000,-1470.60000000
1783170000000,2.216600,2.283300,2.196700,2.211800,2053211.60000000,1018946.70000000,-15318.20000000
1783173600000,2.211800,2.229500,2.194300,2.195300,587483.50000000,257176.50000000,-73130.50000000
1783177200000,2.195400,2.224000,2.188500,2.210800,1077766.10000000,642774.20000000,207782.30000000
1783180800000,2.210800,2.224300,2.166300,2.183000,713273.60000000,315068.50000000,-83136.60000000
1783184400000,2.182900,2.221200,2.165100,2.205600,587413.10000000,311719.60000000,36026.10000000
1783188000000,2.205500,2.206500,2.126000,2.176100,1633619.20000000,768179.90000000,-97259.40000000
1783191600000,2.176200,2.194500,2.166000,2.177700,533494.60000000,248694.80000000,-36105.00000000
1783195200000,2.177600,2.214400,2.173300,2.213200,492044.40000000,281531.10000000,71017.80000000
1783198800000,2.213200,2.257200,2.213200,2.244100,627476.50000000,336773.40000000,46070.30000000
1783202400000,2.244300,2.273200,2.236500,2.263500,1307223.40000000,714706.80000000,122190.20000000
1783206000000,2.263600,2.274800,2.196000,2.199100,938314.20000000,495413.00000000,52511.80000000
1783209600000,2.199000,2.223100,2.187700,2.197700,747711.90000000,427070.70000000,106429.50000000
1783213200000,2.197600,2.201000,2.141400,2.188800,1100217.10000000,573539.60000000,46862.10000000
1783216800000,2.188700,2.199600,2.169800,2.194500,515342.90000000,241428.30000000,-32486.30000000
1783220400000,2.194500,2.198400,2.174400,2.176400,289332.10000000,162333.20000000,35334.30000000
1783224000000,2.176400,2.218500,2.167700,2.212300,350175.00000000,178359.70000000,6544.40000000
1783227600000,2.212400,2.237500,2.190900,2.221700,449993.80000000,227010.50000000,4027.20000000
1783231200000,2.221800,2.231000,2.198800,2.204100,246301.20000000,136452.50000000,26603.80000000
1783234800000,2.204200,2.276800,2.204000,2.271700,762120.00000000,350507.10000000,-61105.80000000
1783238400000,2.271700,2.283200,2.255000,2.278700,1170785.40000000,523415.10000000,-123955.20000000
1783242000000,2.279200,2.281100,2.240300,2.258200,858825.70000000,409807.50000000,-39210.70000000
1783245600000,2.258300,2.300000,2.250300,2.293600,1130434.30000000,642438.30000000,154442.30000000
1783249200000,2.293500,2.343100,2.276300,2.279900,1720983.40000000,797387.80000000,-126207.80000000
1783252800000,2.279900,2.387000,2.268700,2.385900,2631460.20000000,1197620.30000000,-236219.60000000
1783256400000,2.385900,2.394900,2.347800,2.377400,1597548.70000000,691538.20000000,-214472.30000000
1783260000000,2.377200,2.388000,2.348600,2.366700,998912.60000000,532920.80000000,66929.00000000
1783263600000,2.367100,2.457700,2.362700,2.448700,2718160.10000000,1489299.10000000,260438.10000000
1783267200000,2.448700,2.484600,2.400600,2.465400,6672479.00000000,3375564.60000000,78650.20000000
1783270800000,2.465500,2.483200,2.383600,2.394300,3144455.40000000,1663847.40000000,183239.40000000
1783274400000,2.394300,2.422300,2.379400,2.385600,1584728.40000000,814218.40000000,43708.40000000
1783278000000,2.385500,2.452600,2.375400,2.445200,1529043.10000000,818059.10000000,107075.10000000
1783281600000,2.445200,2.445800,2.387100,2.387300,2312051.30000000,1040845.20000000,-230360.90000000
1783285200000,2.387300,2.440000,2.387100,2.439100,997778.90000000,516913.00000000,36047.10000000
1783288800000,2.439200,2.497800,2.410500,2.466200,1794405.90000000,892630.10000000,-9145.70000000
1783292400000,2.466200,2.494900,2.447000,2.457200,1207970.20000000,520990.30000000,-165989.60000000
1783296000000,2.457300,2.528200,2.455100,2.523000,1964952.40000000,1114987.80000000,265023.20000000
1783299600000,2.522700,2.592600,2.509000,2.515300,4522201.20000000,2196756.00000000,-128689.20000000
1783303200000,2.515500,2.659900,2.513900,2.653000,3369884.70000000,1869086.70000000,368288.70000000
1783306800000,2.653600,2.684900,2.610100,2.674600,5550340.50000000,2795465.10000000,40589.70000000
1783310400000,2.674900,2.729000,2.647300,2.665900,6433086.50000000,3183395.60000000,-66295.30000000
1783314000000,2.665800,2.693000,2.593400,2.599600,4851838.30000000,2218823.30000000,-414191.70000000
1783317600000,2.599700,2.674300,2.592300,2.625700,4946409.20000000,2464570.60000000,-17268.00000000
1783321200000,2.626300,2.649600,2.550900,2.583500,4780785.50000000,2238615.70000000,-303554.10000000
1783324800000,2.583700,2.611900,2.561300,2.590000,2951683.90000000,1504434.10000000,57184.30000000
1783328400000,2.589900,2.600000,2.439100,2.530500,8851632.70000000,4103442.70000000,-644747.30000000
1783332000000,2.530500,2.565900,2.462800,2.478800,3998436.30000000,2070490.90000000,142545.50000000
1783335600000,2.478900,2.517100,2.432100,2.438500,2801695.10000000,1420438.90000000,39182.70000000
1783339200000,2.438600,2.531100,2.400300,2.454300,4466369.30000000,2199847.80000000,-66673.70000000
1783342800000,2.454300,2.483900,2.338500,2.466400,7869313.40000000,3799117.50000000,-271078.40000000
1783346400000,2.466500,2.575000,2.448400,2.530000,5118117.80000000,2570333.90000000,22550.00000000
1783350000000,2.530000,2.708500,2.523800,2.656900,8709904.00000000,4651382.20000000,592860.40000000
1783353600000,2.656900,2.766300,2.635000,2.661000,6308453.80000000,3040803.00000000,-226847.80000000
1783357200000,2.660900,2.712300,2.610800,2.682500,3228753.40000000,1595067.30000000,-38618.80000000
1783360800000,2.682600,2.722600,2.577000,2.597300,3153863.40000000,1352120.50000000,-449622.40000000
1783364400000,2.597400,2.623800,2.572100,2.598000,2001543.10000000,1019482.60000000,37422.10000000
1783368000000,2.597800,2.598100,2.508300,2.559100,2868692.80000000,1240269.10000000,-388154.60000000
1783371600000,2.558700,2.635700,2.549500,2.625000,1806307.50000000,982309.90000000,158312.30000000
1783375200000,2.625600,2.640100,2.580400,2.599700,1503254.50000000,720860.50000000,-61533.50000000
1783378800000,2.599800,2.625400,2.571700,2.577100,932694.90000000,446666.20000000,-39362.50000000
1783382400000,2.577200,2.597800,2.542400,2.553300,1579816.20000000,779073.30000000,-21669.60000000
1783386000000,2.553200,2.603000,2.544300,2.574100,1240902.60000000,612986.90000000,-14928.80000000
1783389600000,2.573900,2.613000,2.524400,2.571000,2345772.80000000,1139237.10000000,-67298.60000000
1783393200000,2.570900,2.603000,2.532600,2.559800,1150949.10000000,598410.30000000,45871.50000000
1783396800000,2.559700,2.588900,2.531700,2.572000,1438978.10000000,730364.70000000,21751.30000000
1783400400000,2.571900,2.616200,2.560400,2.605000,1243592.60000000,639588.80000000,35585.00000000
1783404000000,2.604900,2.624400,2.572000,2.612500,1406380.40000000,768162.00000000,129943.60000000
1783407600000,2.612500,2.631000,2.592300,2.611100,1046805.40000000,496535.10000000,-53735.20000000
1783411200000,2.611200,2.618400,2.510300,2.531200,2244080.40000000,940140.90000000,-363798.60000000
1783414800000,2.531400,2.577000,2.458500,2.569900,3269430.00000000,1627871.30000000,-13687.40000000
1783418400000,2.570000,2.619000,2.557800,2.616100,1570139.70000000,793959.60000000,17779.50000000
1783422000000,2.616200,2.648700,2.580700,2.600400,2023974.90000000,992559.10000000,-38856.70000000
1783425600000,2.600200,2.646900,2.561000,2.577700,2521768.50000000,1118315.80000000,-285136.90000000
1783429200000,2.577700,2.687000,2.575600,2.661900,2630467.80000000,1209502.50000000,-211462.80000000
1783432800000,2.662000,2.691100,2.543100,2.557900,4190853.80000000,2069913.90000000,-51026.00000000
1783436400000,2.557600,2.597500,2.524300,2.555900,2070746.40000000,1097988.60000000,125230.80000000
1783440000000,2.555900,2.593600,2.549100,2.550600,1194935.20000000,619482.50000000,44029.80000000
1783443600000,2.550600,2.592500,2.539500,2.584800,822008.00000000,427911.10000000,33814.20000000
1783447200000,2.584600,2.590600,2.526400,2.535600,1035117.20000000,464653.20000000,-105810.80000000
1783450800000,2.535600,2.566800,2.506200,2.563300,1421797.80000000,736380.50000000,50963.20000000
1783454400000,2.563400,2.580200,2.536200,2.568600,1285225.80000000,635307.90000000,-14610.00000000
1783458000000,2.568500,2.582400,2.455000,2.464200,1521778.70000000,727481.50000000,-66815.70000000
1783461600000,2.464500,2.496800,2.433500,2.471400,1602162.90000000,781064.90000000,-40033.10000000
1783465200000,2.471500,2.502000,2.441100,2.460500,1126215.90000000,576250.70000000,26285.50000000
1783468800000,2.460800,2.496200,2.453700,2.479700,549042.30000000,258847.60000000,-31347.10000000
1783472400000,2.479700,2.483000,2.393900,2.407900,1588355.90000000,653678.90000000,-280998.10000000
1783476000000,2.407900,2.436700,2.374800,2.435500,2190512.40000000,974322.00000000,-241868.40000000
1783479600000,2.435300,2.484600,2.388300,2.393400,1439031.60000000,672931.60000000,-93168.40000000
1783483200000,2.393500,2.434300,2.388000,2.432900,611089.20000000,310021.50000000,8953.80000000
1783486800000,2.433100,2.455600,2.396700,2.419600,636531.70000000,343322.40000000,50113.10000000
1783490400000,2.419600,2.437400,2.381100,2.416300,1189340.80000000,582223.20000000,-24894.40000000
1783494000000,2.416300,2.419200,2.357200,2.366300,1131441.80000000,574454.60000000,17467.40000000
1783497600000,2.366400,2.383600,2.345900,2.347200,1267704.90000000,667489.90000000,67274.90000000
1783501200000,2.347300,2.380600,2.309000,2.346800,2280839.80000000,1227810.90000000,174782.00000000
1783504800000,2.347000,2.373300,2.281900,2.288200,1680149.60000000,886418.80000000,92688.00000000
1783508400000,2.288600,2.371500,2.280000,2.330800,1657374.10000000,894603.50000000,131832.90000000
1783512000000,2.330800,2.333100,2.274200,2.279600,1151451.70000000,554401.00000000,-42649.70000000
1783515600000,2.279700,2.340000,2.273900,2.336200,1240124.00000000,638695.60000000,37267.20000000
1783519200000,2.336200,2.353000,2.267000,2.313900,2148415.60000000,1115286.00000000,82156.40000000
1783522800000,2.313800,2.315100,2.263300,2.308700,1481418.60000000,834675.00000000,187931.40000000
1783526400000,2.308500,2.418800,2.302000,2.393900,2594774.20000000,1499424.60000000,404075.00000000
1783530000000,2.393900,2.432500,2.352300,2.390000,1977075.10000000,1067704.80000000,158334.50000000
1783533600000,2.390000,2.401400,2.352400,2.370400,1047598.60000000,606427.80000000,165257.00000000
1783537200000,2.370300,2.411500,2.369400,2.387200,623623.20000000,351991.50000000,80359.80000000
1783540800000,2.387300,2.394400,2.319100,2.319100,862467.10000000,351774.10000000,-158918.90000000
1783544400000,2.319200,2.370900,2.318800,2.352100,842896.00000000,401687.20000000,-39521.60000000
1783548000000,2.352100,2.367200,2.324400,2.326300,575921.60000000,267362.00000000,-41197.60000000
1783551600000,2.326100,2.342900,2.310700,2.326200,853200.70000000,388975.70000000,-75249.30000000
1783555200000,2.326300,2.357400,2.301300,2.305300,516843.10000000,234358.40000000,-48126.30000000
1783558800000,2.305300,2.327700,2.239400,2.252200,1445489.30000000,686945.00000000,-71599.30000000
1783562400000,2.252200,2.282500,2.241200,2.274800,770829.90000000,377930.20000000,-14969.50000000
1783566000000,2.274900,2.354900,2.268800,2.347900,1128776.80000000,608244.90000000,87713.00000000
1783569600000,2.347900,2.410800,2.344100,2.398000,1193866.40000000,640353.20000000,86840.00000000
1783573200000,2.398000,2.426400,2.373100,2.424400,735109.00000000,365040.40000000,-5028.20000000
1783576800000,2.424300,2.475700,2.417700,2.457200,1379829.20000000,733633.60000000,87438.00000000
1783580400000,2.457200,2.481000,2.442000,2.467200,863159.80000000,445730.20000000,28300.60000000
1783584000000,2.467500,2.503700,2.455000,2.496100,806199.70000000,466265.50000000,126331.30000000
1783587600000,2.496100,2.523200,2.469300,2.498600,1084952.50000000,562125.50000000,39298.50000000
1783591200000,2.498400,2.515900,2.458300,2.482400,1099570.70000000,452793.90000000,-193982.90000000
1783594800000,2.482500,2.519600,2.449200,2.461700,1439719.60000000,620559.30000000,-198601.00000000
1783598400000,2.461700,2.476100,2.401100,2.413300,2191451.00000000,1021956.60000000,-147537.80000000
1783602000000,2.413400,2.534300,2.397100,2.508300,2590196.40000000,1344538.40000000,98880.40000000
1783605600000,2.508400,2.509700,2.434300,2.477600,1974492.80000000,906436.60000000,-161619.60000000
1783609200000,2.477600,2.489400,2.421900,2.423000,1587366.40000000,666621.50000000,-254123.40000000
1783612800000,2.423100,2.443200,2.398500,2.409100,1012350.30000000,489694.10000000,-32962.10000000
1783616400000,2.409200,2.416300,2.384500,2.390400,1219979.30000000,752366.60000000,284753.90000000
1783620000000,2.390300,2.394200,2.345700,2.355500,1660244.40000000,920507.10000000,180769.80000000
1783623600000,2.355600,2.388000,2.335300,2.336600,1329597.40000000,792765.70000000,255934.00000000
1783627200000,2.336800,2.344900,2.314300,2.340800,766567.70000000,440527.10000000,114486.50000000
1783630800000,2.340800,2.375200,2.340400,2.363200,679752.50000000,340005.50000000,258.50000000
1783634400000,2.363100,2.398700,2.360900,2.389700,678816.00000000,317798.40000000,-43219.20000000
1783638000000,2.389600,2.398300,2.375600,2.393700,463765.20000000,223408.30000000,-16948.60000000
1783641600000,2.393700,2.411400,2.371000,2.383800,579432.70000000,270897.80000000,-37637.10000000
1783645200000,2.384000,2.441700,2.363700,2.428000,774126.00000000,411839.20000000,49552.40000000
1783648800000,2.428200,2.485300,2.413700,2.467600,973032.40000000,501490.90000000,29949.40000000
1783652400000,2.467900,2.498400,2.459500,2.476600,694921.80000000,332228.90000000,-30464.00000000
1783656000000,2.476700,2.499300,2.439200,2.495600,1313103.60000000,636278.90000000,-40545.80000000
1783659600000,2.495800,2.529800,2.493800,2.505000,1034816.80000000,527805.20000000,20793.60000000
1783663200000,2.505100,2.517200,2.480600,2.492500,669087.80000000,300806.60000000,-67474.60000000
1783666800000,2.492600,2.510000,2.471800,2.505400,734275.40000000,411768.10000000,89260.80000000
1783670400000,2.505400,2.523600,2.454600,2.464600,826820.50000000,362509.20000000,-101802.10000000
1783674000000,2.464800,2.525000,2.451000,2.522400,1228590.30000000,646311.80000000,64033.30000000
1783677600000,2.522400,2.538800,2.493500,2.523600,958926.20000000,482503.70000000,6081.20000000
1783681200000,2.523600,2.523600,2.489900,2.509000,507354.90000000,225838.80000000,-55677.30000000
1783684800000,2.508900,2.528400,2.470500,2.474800,901604.90000000,386748.70000000,-128107.50000000
1783688400000,2.474900,2.551700,2.461700,2.519800,1312314.00000000,658310.30000000,4306.60000000
1783692000000,2.519900,2.525100,2.467600,2.476500,918443.50000000,445603.70000000,-27236.10000000
1783695600000,2.476600,2.495900,2.454000,2.485900,1076659.00000000,532559.30000000,-11540.40000000
1783699200000,2.485800,2.531400,2.477000,2.521800,1248704.50000000,601001.20000000,-46702.10000000
1783702800000,2.521800,2.527400,2.493300,2.512300,613406.10000000,275509.00000000,-62388.10000000
1783706400000,2.512300,2.521100,2.477000,2.506900,860781.40000000,371835.60000000,-117110.20000000
1783710000000,2.507000,2.578000,2.490300,2.542200,2372479.50000000,1128862.40000000,-114754.70000000
1783713600000,2.542200,2.590900,2.511900,2.585100,1141985.10000000,482488.70000000,-177007.70000000
1783717200000,2.585000,2.696400,2.581700,2.674900,3311748.40000000,1634990.20000000,-41768.00000000
1783720800000,2.674500,2.754900,2.672200,2.698800,4566219.10000000,2189150.50000000,-187918.10000000
1783724400000,2.698400,2.736100,2.673000,2.691700,2000763.00000000,915322.80000000,-170117.40000000
1783728000000,2.691600,2.731000,2.677600,2.699400,1338457.60000000,665331.30000000,-7795.00000000
1783731600000,2.699200,2.709700,2.618400,2.648400,1567914.50000000,731512.70000000,-104889.10000000
1783735200000,2.648400,2.690600,2.628800,2.667400,1112741.90000000,587352.20000000,61962.50000000
1783738800000,2.667300,2.679700,2.622900,2.642000,984144.10000000,499527.30000000,14910.50000000
1783742400000,2.642200,2.669300,2.608800,2.641700,1111131.60000000,592474.50000000,73817.40000000
1783746000000,2.641700,2.644500,2.613800,2.630100,535876.70000000,268446.30000000,1015.90000000
1783749600000,2.629900,2.629900,2.595600,2.604700,718168.90000000,353468.90000000,-11231.10000000
1783753200000,2.604600,2.610200,2.572000,2.607500,1055402.70000000,535104.20000000,14805.70000000
1783756800000,2.607500,2.619400,2.574000,2.581800,906572.40000000,430593.70000000,-45385.00000000
1783760400000,2.581900,2.609600,2.559400,2.598800,826941.10000000,446416.70000000,65892.30000000
1783764000000,2.598600,2.628000,2.572100,2.576100,797485.30000000,359502.40000000,-78480.50000000
1783767600000,2.576000,2.595300,2.568500,2.586900,284292.30000000,154043.50000000,23794.70000000
1783771200000,2.586700,2.616400,2.584500,2.604300,614218.50000000,348513.40000000,82808.30000000
1783774800000,2.604300,2.618700,2.568700,2.576200,602151.40000000,243994.90000000,-114161.60000000
1783778400000,2.576200,2.621800,2.569400,2.609200,774461.20000000,359043.70000000,-56373.80000000
1783782000000,2.609300,2.619800,2.576800,2.578800,522324.20000000,279463.70000000,36603.20000000
1783785600000,2.578800,2.612000,2.571500,2.581700,549409.50000000,259861.30000000,-29686.90000000
1783789200000,2.581700,2.656100,2.579500,2.644300,810426.80000000,438711.70000000,66996.60000000
1783792800000,2.644300,2.675000,2.636800,2.644500,713343.10000000,321714.50000000,-69914.10000000
1783796400000,2.644400,2.683000,2.614500,2.620100,722602.20000000,316203.00000000,-90196.20000000
1783800000000,2.620100,2.632700,2.600100,2.605100,395429.70000000,210925.60000000,26421.50000000
1783803600000,2.605200,2.628800,2.601400,2.618400,236187.20000000,120697.80000000,5208.40000000
1783807200000,2.618400,2.646600,2.609400,2.633300,384686.60000000,190867.30000000,-2952.00000000
1783810800000,2.633400,2.638000,2.573900,2.575900,699328.50000000,308394.00000000,-82540.50000000
1783814400000,2.575600,2.609600,2.565600,2.597300,662751.90000000,306242.30000000,-50267.30000000
1783818000000,2.597300,2.672000,2.594700,2.659500,1114047.20000000,553056.30000000,-7934.60000000
1783821600000,2.659500,2.666800,2.621800,2.638900,565599.10000000,276336.60000000,-12925.90000000
1783825200000,2.638800,2.751600,2.612800,2.720900,1597536.80000000,851619.50000000,105702.20000000
1783828800000,2.720900,2.754900,2.695900,2.706700,1598993.60000000,786664.40000000,-25664.80000000
1783832400000,2.706800,2.727700,2.663800,2.667300,1103154.10000000,486130.30000000,-130893.50000000
1783836000000,2.667200,2.673600,2.642200,2.659600,643676.30000000,332905.40000000,22134.50000000
1783839600000,2.659100,2.672000,2.595000,2.604200,991642.10000000,477479.40000000,-36683.30000000
1783843200000,2.604000,2.622100,2.581500,2.588700,587369.30000000,273145.00000000,-41079.30000000
1783846800000,2.588600,2.597400,2.547400,2.578200,1341825.20000000,579239.70000000,-183345.80000000
1783850400000,2.577800,2.610300,2.555500,2.563000,814326.80000000,333053.50000000,-148219.80000000
1783854000000,2.562900,2.608000,2.553200,2.600300,634977.80000000,326957.00000000,18936.20000000
1783857600000,2.600200,2.657000,2.594100,2.643300,702636.60000000,371366.00000000,40095.40000000
1783861200000,2.643200,2.681900,2.631200,2.641100,753041.20000000,352498.10000000,-48045.00000000
1783864800000,2.641000,2.663400,2.594500,2.649200,1224706.10000000,600376.60000000,-23952.90000000
1783868400000,2.649000,2.662300,2.617600,2.635200,571172.60000000,240121.50000000,-90929.60000000
1783872000000,2.636000,2.694000,2.633400,2.663600,801928.00000000,378751.70000000,-44424.60000000
1783875600000,2.663300,2.673500,2.609000,2.623200,555593.60000000,220166.80000000,-115260.00000000
1783879200000,2.623200,2.630000,2.609000,2.626700,269158.30000000,135154.30000000,1150.30000000
1783882800000,2.626700,2.664200,2.616700,2.664200,322894.90000000,146962.00000000,-28970.90000000
1783886400000,2.664100,2.674900,2.648300,2.664300,485357.40000000,256998.00000000,28638.60000000
1783890000000,2.664200,2.686700,2.642100,2.653100,416173.90000000,206582.90000000,-3008.10000000
1783893600000,2.653000,2.662800,2.597800,2.659600,760601.80000000,374801.50000000,-10998.80000000
1783897200000,2.659500,2.668900,2.622500,2.625100,550091.70000000,224405.10000000,-101281.50000000
1783900800000,2.625100,2.679800,2.609000,2.659100,980709.10000000,477946.40000000,-24816.30000000
1783904400000,2.659600,2.668100,2.615000,2.616700,639118.60000000,304434.00000000,-30250.60000000
1783908000000,2.616700,2.626500,2.550000,2.575400,1408123.80000000,626640.60000000,-154842.60000000
1783911600000,2.575500,2.585700,2.515600,2.558200,1703437.00000000,746253.70000000,-210929.60000000
1783915200000,2.558100,2.559000,2.450100,2.462000,1416126.10000000,659394.50000000,-97337.10000000
1783918800000,2.461800,2.476200,2.411500,2.421900,2438825.70000000,1237597.50000000,36369.30000000
1783922400000,2.421900,2.433200,2.398300,2.406000,866168.80000000,401444.30000000,-63280.20000000
1783926000000,2.405900,2.417600,2.350000,2.370000,1229815.20000000,540329.20000000,-149156.80000000
1783929600000,2.370000,2.427000,2.361500,2.411600,1735572.00000000,885884.00000000,36196.00000000
1783933200000,2.411500,2.425500,2.350000,2.369800,2197801.10000000,1088920.50000000,-19960.10000000
1783936800000,2.370200,2.406300,2.350000,2.367800,1457099.80000000,734124.70000000,11149.60000000
1783940400000,2.368000,2.405900,2.366300,2.378100,881518.50000000,436817.80000000,-7882.90000000
1783944000000,2.377900,2.400000,2.340900,2.385200,1832803.00000000,923519.10000000,14235.20000000
1783947600000,2.385200,2.417000,2.326800,2.406400,1580913.10000000,772924.60000000,-35063.90000000
1783951200000,2.406300,2.451400,2.377400,2.446300,2287639.30000000,1005371.60000000,-276896.10000000
1783954800000,2.446200,2.454700,2.378300,2.383700,1485335.50000000,554400.00000000,-376535.50000000
1783958400000,2.383800,2.404700,2.339900,2.376600,2015973.00000000,973645.60000000,-68681.80000000
1783962000000,2.376500,2.394900,2.345000,2.357400,1227461.30000000,562600.50000000,-102260.30000000
1783965600000,2.357300,2.374800,2.291300,2.298400,1907440.90000000,982953.50000000,58466.10000000
1783969200000,2.298300,2.330700,2.295100,2.326200,1054550.20000000,578459.50000000,102368.80000000
1783972800000,2.326100,2.349100,2.316600,2.339900,948570.40000000,489992.50000000,31414.60000000
1783976400000,2.339900,2.347600,2.278500,2.294200,857034.80000000,387608.20000000,-81818.40000000
1783980000000,2.294100,2.331600,2.285700,2.297000,767422.60000000,378902.50000000,-9617.60000000
1783983600000,2.296900,2.311000,2.272400,2.304400,611029.40000000,299757.30000000,-11514.80000000
1783987200000,2.304300,2.388600,2.301100,2.379500,1826888.70000000,1028211.70000000,229534.70000000
1783990800000,2.379400,2.425000,2.376100,2.414400,1218695.80000000,541436.40000000,-135823.00000000
1783994400000,2.414200,2.435800,2.372800,2.385400,1085992.20000000,480492.00000000,-125008.20000000
1783998000000,2.385300,2.401900,2.334600,2.381400,2132914.50000000,969944.20000000,-193026.10000000
1784001600000,2.381400,2.391800,2.361000,2.372800,618893.70000000,284134.70000000,-50624.30000000
1784005200000,2.372900,2.382900,2.352400,2.364900,522107.80000000,235910.90000000,-50286.00000000
1784008800000,2.364900,2.391600,2.354000,2.388400,463637.20000000,228889.90000000,-5857.40000000
1784012400000,2.388400,2.406200,2.376100,2.387900,510487.50000000,246606.80000000,-17273.90000000
1784016000000,2.387800,2.424700,2.381400,2.410700,601029.10000000,298305.20000000,-4418.70000000
1784019600000,2.410700,2.444400,2.402400,2.430900,742045.20000000,369284.50000000,-3476.20000000
1784023200000,2.430800,2.462300,2.418000,2.458700,679930.30000000,361108.90000000,42287.50000000
1784026800000,2.458700,2.473300,2.437300,2.468900,819659.20000000,410072.80000000,486.40000000
1784030400000,2.468800,2.544500,2.466900,2.491900,2198650.10000000,1095616.70000000,-7416.70000000
1784034000000,2.491900,2.610000,2.471200,2.578100,1889457.40000000,853029.60000000,-183398.20000000
1784037600000,2.578200,2.588800,2.527500,2.553900,1405026.80000000,618712.30000000,-167602.20000000
1784041200000,2.553300,2.607300,2.534700,2.541500,1278673.90000000,622470.50000000,-33732.90000000
1784044800000,2.541700,2.634400,2.525800,2.576600,1505826.00000000,706524.20000000,-92777.60000000
1784048400000,2.576600,2.585000,2.546900,2.568300,883350.00000000,480453.10000000,77556.20000000
1784052000000,2.568400,2.570000,2.539200,2.546900,497902.60000000,246923.60000000,-4055.40000000
1784055600000,2.546800,2.603500,2.534400,2.583200,726226.00000000,358590.60000000,-9044.80000000
1784059200000,2.583100,2.611900,2.557900,2.597500,539668.40000000,239378.10000000,-60912.20000000
1784062800000,2.597400,2.604600,2.543300,2.561300,623468.00000000,260270.90000000,-102926.20000000
1784066400000,2.561300,2.633000,2.545800,2.614100,808706.90000000,436478.50000000,64250.10000000
1784070000000,2.614100,2.617600,2.580500,2.593500,424108.70000000,229770.20000000,35431.70000000
1784073600000,2.593600,2.639900,2.590300,2.618500,809486.10000000,404409.90000000,-666.30000000
1784077200000,2.618500,2.648000,2.594700,2.641100,738768.80000000,378214.60000000,17660.40000000
1784080800000,2.641000,2.687700,2.596100,2.620100,2026974.40000000,1011142.60000000,-4689.20000000
1784084400000,2.620000,2.627000,2.601700,2.615100,495341.30000000,272561.50000000,49781.70000000
1784088000000,2.615000,2.615400,2.573600,2.605500,667228.00000000,318558.80000000,-30110.40000000
1784091600000,2.605500,2.692500,2.594000,2.679500,1038548.50000000,611534.10000000,184519.70000000
1784095200000,2.679200,2.700000,2.567500,2.575400,2230073.80000000,1146633.90000000,63194.00000000
1784098800000,2.575600,2.578300,2.516600,2.558800,1892217.50000000,945433.50000000,-1350.50000000
1784102400000,2.558800,2.603400,2.537900,2.593100,1313934.60000000,701232.10000000,88529.60000000
1784106000000,2.593100,2.617900,2.564200,2.580600,905039.90000000,438475.10000000,-28089.70000000
1784109600000,2.580700,2.603800,2.570100,2.571500,469841.30000000,197351.00000000,-75139.30000000
1784113200000,2.571500,2.602000,2.558800,2.594700,495843.50000000,259806.20000000,23768.90000000
1784116800000,2.594700,2.598500,2.546900,2.565700,748353.30000000,351583.90000000,-45185.50000000
1784120400000,2.565900,2.583200,2.529600,2.557600,1265700.10000000,697772.10000000,129844.10000000
1784124000000,2.557600,2.588700,2.499500,2.563000,1582928.50000000,805791.30000000,28654.10000000
1784127600000,2.563100,2.569300,2.528000,2.537700,929085.80000000,492220.30000000,55354.80000000
1784131200000,2.537400,2.537400,2.470700,2.493100,1633979.80000000,865710.10000000,97440.40000000
1784134800000,2.493000,2.506700,2.432300,2.462500,2027848.20000000,1113526.70000000,199205.20000000
1784138400000,2.462500,2.504400,2.449100,2.454900,1007914.90000000,544922.70000000,81930.50000000
1784142000000,2.455000,2.479800,2.428100,2.455900,819399.90000000,416439.30000000,13478.70000000
1784145600000,2.456000,2.465100,2.440100,2.440900,271760.70000000,145909.30000000,20057.90000000
1784149200000,2.440900,2.465200,2.423300,2.439000,424437.70000000,200746.40000000,-22944.90000000
1784152800000,2.438900,2.450900,2.424800,2.426600,394297.60000000,182473.40000000,-29350.80000000
1784156400000,2.426500,2.430200,2.397100,2.411600,616717.10000000,244702.20000000,-127312.70000000
1784160000000,2.411500,2.446000,2.404300,2.439200,679545.60000000,355845.70000000,32145.80000000
1784163600000,2.439200,2.451700,2.414600,2.423700,479168.20000000,202486.30000000,-74195.60000000
1784167200000,2.423700,2.431000,2.401400,2.409500,403575.60000000,205028.20000000,6480.80000000
1784170800000,2.409500,2.421300,2.391500,2.400000,525792.60000000,244040.60000000,-37711.40000000
1784174400000,2.399900,2.428700,2.395300,2.424600,348655.50000000,212791.00000000,76926.50000000
1784178000000,2.424600,2.484200,2.415600,2.459900,1148203.90000000,613539.20000000,78874.50000000
1784181600000,2.459900,2.461800,2.407400,2.416000,879215.80000000,418657.70000000,-41900.40000000
1784185200000,2.416000,2.418900,2.358600,2.375900,1023557.90000000,384007.50000000,-255542.90000000
1784188800000,2.376100,2.412000,2.353700,2.392500,938787.00000000,486817.50000000,34848.00000000
1784192400000,2.392400,2.421200,2.386300,2.397500,466326.40000000,198834.20000000,-68658.00000000
1784196000000,2.397500,2.411700,2.352500,2.367900,583435.20000000,285191.10000000,-13053.00000000
1784199600000,2.368000,2.400300,2.361200,2.393500,479650.30000000,262046.60000000,44442.90000000
1784203200000,2.393400,2.420400,2.389700,2.410800,598562.50000000,300073.70000000,1584.90000000
1784206800000,2.410800,2.474100,2.410400,2.450400,1129611.00000000,577066.00000000,24521.00000000
1784210400000,2.450400,2.460500,2.431500,2.450400,616898.70000000,250998.90000000,-114900.90000000
1784214000000,2.450500,2.514700,2.441500,2.498000,1392894.80000000,741387.90000000,89881.00000000
1784217600000,2.497700,2.502200,2.460100,2.489200,681923.30000000,335291.50000000,-11340.30000000
1784221200000,2.489200,2.502400,2.412100,2.431200,1866150.60000000,985113.70000000,104076.80000000
1784224800000,2.431100,2.480800,2.429300,2.460000,622920.30000000,385918.20000000,148916.10000000
1784228400000,2.460000,2.483000,2.442000,2.453500,550865.10000000,292083.70000000,33302.30000000
1784232000000,2.453500,2.459100,2.402000,2.404700,621648.60000000,324663.50000000,27678.40000000
1784235600000,2.405000,2.413300,2.393000,2.398800,324977.40000000,162906.70000000,836.00000000
1784239200000,2.398800,2.413600,2.285700,2.303000,2567656.60000000,1285437.40000000,3218.20000000
1784242800000,2.303000,2.307300,2.245800,2.285700,2310026.00000000,1239441.10000000,168856.20000000
1784246400000,2.285700,2.297600,2.247100,2.280500,1146368.50000000,626478.50000000,106588.50000000
1784250000000,2.280500,2.282100,2.163200,2.189500,2687356.00000000,1117071.40000000,-453213.20000000
1784253600000,2.189600,2.227200,2.186000,2.217800,1142341.30000000,628189.00000000,114036.70000000
1784257200000,2.217800,2.245100,2.198100,2.205400,918610.40000000,504392.70000000,90175.00000000
1784260800000,2.205400,2.243800,2.202600,2.223900,479087.40000000,309684.80000000,140282.20000000
1784264400000,2.223800,2.223800,2.140200,2.180400,1757863.10000000,941173.80000000,124484.50000000
1784268000000,2.180600,2.195800,2.167700,2.179800,699520.60000000,422610.80000000,145701.00000000
1784271600000,2.179900,2.202400,2.174500,2.190300,527460.40000000,286783.60000000,46106.80000000
1784275200000,2.190200,2.212900,2.171800,2.187500,1112458.50000000,699260.90000000,286063.30000000
1784278800000,2.187500,2.211700,2.173600,2.189000,2303682.00000000,1574089.70000000,844497.40000000
1784282400000,2.188900,2.225700,2.182300,2.212600,1370430.20000000,817983.60000000,265537.00000000
1784286000000,2.212700,2.221300,2.193100,2.214700,695203.10000000,383546.40000000,71889.70000000
1784289600000,2.215100,2.215400,2.170800,2.179800,1125289.60000000,551976.30000000,-21337.00000000
1784293200000,2.179800,2.209800,2.156500,2.203800,1657740.70000000,916441.30000000,175141.90000000
1784296800000,2.203800,2.217500,2.180900,2.200500,891408.70000000,460870.50000000,30332.30000000
1784300400000,2.200400,2.218500,2.184500,2.217600,582386.00000000,303184.60000000,23983.20000000
1784304000000,2.217700,2.274700,2.209600,2.261500,1196822.50000000,627136.10000000,57449.70000000
1784307600000,2.261200,2.297000,2.255600,2.280700,700279.80000000,325557.50000000,-49164.80000000
1784311200000,2.280200,2.287200,2.246600,2.257000,436084.00000000,193158.10000000,-49767.80000000
1784314800000,2.256900,2.310500,2.236100,2.283800,977968.60000000,410433.80000000,-157101.00000000
1784318400000,2.283800,2.331400,2.231400,2.265300,1680300.20000000,835286.40000000,-9727.40000000
1784322000000,2.265300,2.284500,2.255400,2.282400,399798.80000000,206947.60000000,14096.40000000
1784325600000,2.282500,2.301500,2.268700,2.291800,385384.30000000,164781.10000000,-55822.10000000
1784329200000,2.291800,2.298100,2.261000,2.288400,435200.20000000,220468.40000000,5736.60000000
1784332800000,2.288400,2.317700,2.279900,2.292500,513462.40000000,294390.60000000,75318.80000000
1784336400000,2.292600,2.317500,2.290600,2.314500,238078.70000000,117023.70000000,-4031.30000000
1784340000000,2.314500,2.317800,2.287200,2.292700,287874.60000000,114469.80000000,-58935.00000000
1784343600000,2.292800,2.311400,2.277300,2.291400,359873.10000000,175577.70000000,-8717.70000000
1784347200000,2.291300,2.291600,2.242000,2.250100,595865.50000000,239028.70000000,-117808.10000000
1784350800000,2.250000,2.259400,2.236500,2.252300,517677.70000000,275799.30000000,33920.90000000
1784354400000,2.252400,2.263300,2.226000,2.237400,516173.20000000,246923.50000000,-22326.20000000
1784358000000,2.237400,2.247300,2.230800,2.238700,246727.20000000,116258.40000000,-14210.40000000
1784361600000,2.238700,2.249300,2.233500,2.235900,243115.40000000,105553.20000000,-32009.00000000
1784365200000,2.235800,2.240400,2.224200,2.227100,246226.80000000,112364.70000000,-21497.40000000
1784368800000,2.227000,2.227000,2.210600,2.213200,363724.20000000,158439.60000000,-46845.00000000
1784372400000,2.213200,2.221800,2.190600,2.207900,546355.40000000,286528.20000000,26701.00000000
1784376000000,2.207900,2.216400,2.157800,2.171600,1002457.00000000,445143.60000000,-112169.80000000
1784379600000,2.171600,2.188000,2.154900,2.175000,465918.70000000,263454.10000000,60989.50000000
1784383200000,2.175100,2.217400,2.165700,2.203800,576291.30000000,335376.90000000,94462.50000000
1784386800000,2.203900,2.206400,2.170200,2.192400,445526.50000000,202623.70000000,-40279.10000000
1784390400000,2.192400,2.214400,2.187500,2.198800,460608.80000000,250056.20000000,39503.60000000
1784394000000,2.198800,2.236000,2.196900,2.213800,571706.20000000,297404.00000000,23101.80000000
1784397600000,2.213600,2.218500,2.195300,2.206300,428600.20000000,190816.60000000,-46967.00000000
1784401200000,2.206300,2.226700,2.206000,2.208500,239745.70000000,100544.60000000,-38656.50000000
1784404800000,2.208600,2.216100,2.195300,2.202100,222568.90000000,109662.60000000,-3243.70000000
1784408400000,2.202100,2.219400,2.197900,2.202100,138180.90000000,71338.70000000,4496.50000000
1784412000000,2.202100,2.285800,2.200000,2.277100,1275138.40000000,681354.00000000,87569.60000000
1784415600000,2.277000,2.282800,2.252000,2.257000,294800.40000000,139565.10000000,-15670.20000000
1784419200000,2.257500,2.264800,2.237400,2.247800,370618.90000000,186928.50000000,3238.10000000
1784422800000,2.247700,2.255100,2.228100,2.233800,254167.00000000,91299.90000000,-71567.20000000
1784426400000,2.233800,2.252500,2.233800,2.244300,261744.50000000,144940.60000000,28136.70000000
1784430000000,2.244400,2.245000,2.230300,2.234100,169128.40000000,71487.20000000,-26154.00000000
1784433600000,2.234200,2.235000,2.220800,2.227800,209052.30000000,87137.70000000,-34776.90000000
1784437200000,2.227800,2.228300,2.214300,2.215600,168493.60000000,85553.70000000,2613.80000000
1784440800000,2.215600,2.218100,2.205400,2.212400,190018.20000000,102132.20000000,14246.20000000
1784444400000,2.211900,2.212600,2.201000,2.206300,215749.70000000,115795.30000000,15840.90000000
1784448000000,2.206300,2.228800,2.202400,2.214500,320984.70000000,163996.70000000,7008.70000000
1784451600000,2.214500,2.237000,2.210100,2.234700,342735.90000000,192819.50000000,42903.10000000
1784455200000,2.234600,2.237400,2.218100,2.218100,206254.80000000,111144.80000000,16034.80000000
1784458800000,2.218100,2.226400,2.210000,2.211300,229080.80000000,79798.50000000,-69483.80000000
1784462400000,2.211200,2.223400,2.188300,2.215500,466304.70000000,232855.20000000,-594.30000000
1784466000000,2.215400,2.229300,2.193300,2.228700,342277.60000000,171193.20000000,108.80000000
1784469600000,2.228800,2.256700,2.223600,2.235000,432326.30000000,232694.40000000,33062.50000000
1784473200000,2.235100,2.246700,2.225700,2.230100,238409.10000000,106099.90000000,-26209.30000000
1784476800000,2.230200,2.243600,2.177800,2.186200,503847.40000000,195133.70000000,-113580.00000000
1784480400000,2.186200,2.211300,2.180700,2.208800,459358.90000000,229613.90000000,-131.10000000
1784484000000,2.208600,2.211500,2.184000,2.211500,227928.90000000,130254.70000000,32580.50000000
1784487600000,2.211400,2.249500,2.210700,2.227600,426056.80000000,228768.60000000,31480.40000000
1784491200000,2.227600,2.278300,2.226400,2.267600,424404.90000000,209803.20000000,-4798.50000000
1784494800000,2.267600,2.272700,2.218100,2.218100,346440.00000000,153588.60000000,-39262.80000000
1784498400000,2.218100,2.239800,2.210500,2.214700,305091.70000000,145805.10000000,-13481.50000000
1784502000000,2.214800,2.226900,2.197700,2.210800,377005.80000000,145336.60000000,-86332.60000000
1784505600000,2.210900,2.270400,2.195100,2.199600,609277.50000000,301822.80000000,-5631.90000000
1784509200000,2.199500,2.223200,2.184600,2.204500,599818.60000000,309076.70000000,18334.80000000
1784512800000,2.204600,2.234000,2.202100,2.221400,362714.30000000,160849.50000000,-41015.30000000
1784516400000,2.221400,2.227000,2.188300,2.203800,302650.50000000,174306.50000000,45962.50000000
1784520000000,2.203900,2.204000,2.187200,2.195600,239230.20000000,124218.90000000,9207.60000000
1784523600000,2.195600,2.215600,2.170300,2.199800,442628.50000000,255162.40000000,67696.30000000
1784527200000,2.199800,2.203600,2.160700,2.176800,554664.50000000,325058.10000000,95451.70000000
1784530800000,2.176900,2.193000,2.106500,2.157600,1759890.10000000,798341.00000000,-163208.10000000
1784534400000,2.157700,2.169200,2.133500,2.151900,575850.30000000,282452.20000000,-10945.90000000
1784538000000,2.152000,2.178800,2.146100,2.175500,370081.90000000,242756.50000000,115431.10000000
1784541600000,2.175500,2.180100,2.145700,2.147400,302013.00000000,159724.60000000,17436.20000000
1784545200000,2.147000,2.208900,2.141800,2.206700,581106.70000000,291952.30000000,2797.90000000
1784548800000,2.206700,2.206800,2.171300,2.173100,404343.20000000,212094.60000000,19846.00000000
1784552400000,2.173000,2.188300,2.160000,2.170300,476955.40000000,220027.40000000,-36900.60000000
1784556000000,2.170500,2.175600,2.151000,2.159900,390510.00000000,198602.70000000,6695.40000000
1784559600000,2.160000,2.256400,2.157800,2.252800,957783.90000000,484134.60000000,10485.30000000
1784563200000,2.252900,2.259800,2.219900,2.230100,491833.10000000,221337.30000000,-49158.50000000
1784566800000,2.230200,2.263200,2.223500,2.246300,675798.90000000,382807.10000000,89815.30000000
1784570400000,2.246200,2.260700,2.211100,2.216300,392743.20000000,184399.70000000,-23943.80000000
1784574000000,2.216300,2.216600,2.186500,2.201400,637612.70000000,296267.50000000,-45077.70000000
1784577600000,2.201300,2.214200,2.188800,2.203900,207002.60000000,95358.70000000,-16285.20000000
1784581200000,2.203800,2.226200,2.181200,2.181200,210521.10000000,83840.10000000,-42840.90000000
1784584800000,2.181300,2.197600,2.166100,2.167400,302002.00000000,132899.20000000,-36203.60000000
1784588400000,2.167200,2.191300,2.160700,2.180900,279740.40000000,162762.80000000,45785.20000000
1784592000000,2.180800,2.207900,2.173500,2.192800,473467.00000000,279448.40000000,85429.80000000
1784595600000,2.192800,2.210700,2.185100,2.206200,259601.80000000,119836.60000000,-19928.60000000
1784599200000,2.206300,2.245200,2.191100,2.239800,337067.90000000,171717.80000000,6367.70000000
1784602800000,2.240300,2.251700,2.213800,2.229300,651741.00000000,319298.20000000,-13144.60000000
1784606400000,2.229000,2.254200,2.226900,2.242100,399067.10000000,225126.50000000,51185.90000000
1784610000000,2.242100,2.259000,2.240400,2.251000,276607.50000000,132692.40000000,-11222.70000000
1784613600000,2.250800,2.307200,2.241100,2.289200,773254.50000000,436913.30000000,100572.10000000
1784617200000,2.289100,2.329200,2.288600,2.315700,902064.30000000,432039.20000000,-37985.90000000
1784620800000,2.315700,2.320300,2.269100,2.300500,1236041.30000000,571325.30000000,-93390.70000000
1784624400000,2.300500,2.330200,2.296000,2.321900,559216.00000000,319278.40000000,79340.80000000
1784628000000,2.321800,2.362400,2.321100,2.334500,1174595.10000000,621417.10000000,68239.10000000
1784631600000,2.334300,2.371300,2.334300,2.348200,784916.10000000,361063.20000000,-62789.70000000
1784635200000,2.348100,2.352000,2.315800,2.326100,880112.40000000,361195.40000000,-157721.60000000
1784638800000,2.326000,2.391200,2.325300,2.355700,1297495.90000000,590692.30000000,-116111.30000000
1784642400000,2.355700,2.372200,2.306700,2.312500,930100.20000000,402325.50000000,-125449.20000000
1784646000000,2.312500,2.326900,2.305200,2.320200,411589.50000000,232928.60000000,54267.70000000
1784649600000,2.320200,2.337300,2.282400,2.315300,1018604.50000000,540349.90000000,62095.30000000
1784653200000,2.315400,2.328400,2.270200,2.285300,627550.70000000,275380.80000000,-76789.10000000
1784656800000,2.285200,2.387000,2.271300,2.351000,1252882.00000000,647742.50000000,42603.00000000
1784660400000,2.351100,2.379800,2.326800,2.333000,673114.20000000,315180.90000000,-42752.40000000
1784664000000,2.332800,2.410200,2.327100,2.395400,1047490.10000000,497475.40000000,-52539.30000000
1784667600000,2.395400,2.418400,2.376600,2.378900,460493.10000000,231819.60000000,3146.10000000
1784671200000,2.379300,2.386100,2.346300,2.349500,404833.00000000,197535.50000000,-9762.00000000
1784674800000,2.349500,2.352000,2.327900,2.342000,535661.70000000,268946.10000000,2230.50000000
1784678400000,2.343000,2.382000,2.335700,2.339700,752485.00000000,397257.00000000,42029.00000000
1784682000000,2.339700,2.342200,2.299300,2.301900,810717.00000000,420541.40000000,30365.80000000
1784685600000,2.301700,2.348300,2.294600,2.336800,745039.40000000,392868.20000000,40697.00000000
1784689200000,2.337000,2.354700,2.301800,2.302300,433990.70000000,208830.20000000,-16330.30000000
1784692800000,2.302300,2.328500,2.290500,2.295800,292742.60000000,136196.70000000,-20349.20000000
1784696400000,2.295900,2.301700,2.215100,2.219700,1523420.30000000,626541.80000000,-270336.70000000
1784700000000,2.219600,2.239000,2.211400,2.237100,612272.10000000,314127.00000000,15981.90000000
1784703600000,2.237300,2.270000,2.225700,2.268100,724979.30000000,404294.50000000,83609.70000000
1784707200000,2.268000,2.286500,2.249300,2.276400,525199.00000000,227639.30000000,-69920.40000000
1784710800000,2.276600,2.290700,2.265300,2.284800,475512.50000000,223046.90000000,-29418.70000000
1784714400000,2.284800,2.303400,2.277000,2.294700,696223.30000000,347669.60000000,-884.10000000
1784718000000,2.294700,2.302200,2.272800,2.276300,381412.00000000,159769.40000000,-61873.20000000
1784721600000,2.276200,2.281500,2.255300,2.262300,729693.00000000,366105.80000000,2518.60000000
1784725200000,2.262500,2.328700,2.262500,2.308500,1018312.60000000,552837.70000000,87362.80000000
1784728800000,2.308700,2.334200,2.298400,2.330800,964328.80000000,329228.40000000,-305872.00000000
1784732400000,2.330900,2.382100,2.324400,2.375600,937266.00000000,450463.90000000,-36338.20000000
1784736000000,2.375400,2.400000,2.328500,2.332000,1472565.30000000,716622.90000000,-39319.50000000
1784739600000,2.332000,2.351700,2.321100,2.329500,373006.40000000,205627.10000000,38247.80000000
1784743200000,2.329600,2.348400,2.304800,2.321300,560640.90000000,275366.80000000,-9907.30000000
1784746800000,2.321300,2.344200,2.303000,2.315200,488329.50000000,297246.20000000,106162.90000000
1784750400000,2.315200,2.326500,2.292700,2.303600,402907.50000000,210940.90000000,18974.30000000
1784754000000,2.303600,2.314400,2.288400,2.303200,265987.90000000,124945.70000000,-16096.50000000
1784757600000,2.303600,2.329600,2.298800,2.321400,334979.60000000,182873.40000000,30767.20000000
1784761200000,2.321500,2.321800,2.278700,2.305400,450438.30000000,208873.30000000,-32691.70000000
1784764800000,2.305400,2.311600,2.290000,2.297500,285990.90000000,148683.90000000,11376.90000000
1784768400000,2.297600,2.326000,2.293800,2.305100,378257.50000000,202816.80000000,27376.10000000
1784772000000,2.305000,2.329100,2.293600,2.299900,422646.70000000,201426.80000000,-19793.10000000
1784775600000,2.299700,2.303300,2.263100,2.299500,568279.70000000,272944.80000000,-22390.10000000
1784779200000,2.299500,2.319400,2.293000,2.304500,343483.50000000,183416.00000000,23348.50000000
1784782800000,2.304600,2.306900,2.278500,2.280200,232948.40000000,111702.70000000,-9543.00000000
1784786400000,2.280100,2.281600,2.259100,2.262400,332064.20000000,163550.10000000,-4964.00000000
1784790000000,2.262400,2.268800,2.222500,2.227800,1221339.40000000,667771.80000000,114204.20000000
1784793600000,2.227700,2.233800,2.212900,2.220100,567568.90000000,298271.90000000,28974.90000000
1784797200000,2.220100,2.235500,2.219700,2.225200,353366.50000000,192689.70000000,32012.90000000
1784800800000,2.225400,2.225900,2.211000,2.215900,335130.70000000,125800.60000000,-83529.50000000
1784804400000,2.215900,2.247400,2.213200,2.238600,427731.50000000,241495.20000000,55258.90000000
1784808000000,2.238600,2.251900,2.218100,2.245300,465678.60000000,222855.30000000,-19968.00000000
1784811600000,2.245200,2.246100,2.202100,2.228700,786874.60000000,336417.50000000,-114039.60000000
1784815200000,2.228600,2.268800,2.211800,2.240000,494036.50000000,235920.60000000,-22195.30000000
1784818800000,2.240100,2.271700,2.220900,2.225600,517090.50000000,218865.20000000,-79360.10000000
1784822400000,2.225700,2.232900,2.211300,2.216900,369708.10000000,153001.60000000,-63704.90000000
1784826000000,2.217000,2.222300,2.171500,2.176300,753907.20000000,306175.90000000,-141555.40000000
1784829600000,2.176200,2.197900,2.171900,2.194200,382334.30000000,204908.50000000,27482.70000000
1784833200000,2.194300,2.211100,2.180400,2.187900,263874.50000000,132205.80000000,537.10000000
1784836800000,2.187800,2.217300,2.186400,2.200700,312432.30000000,163653.90000000,14875.50000000
1784840400000,2.200600,2.206400,2.154600,2.160700,372072.90000000,149115.00000000,-73842.90000000
1784844000000,2.160800,2.175900,2.156800,2.161200,304521.00000000,140391.30000000,-23738.40000000
1784847600000,2.161300,2.170100,2.158100,2.160000,165412.20000000,81373.50000000,-2665.20000000
1784851200000,2.160000,2.162300,2.140500,2.156000,752598.50000000,206634.00000000,-339330.50000000
1784854800000,2.156100,2.167700,2.147700,2.163000,248541.20000000,141988.40000000,35435.60000000
1784858400000,2.162900,2.163500,2.121100,2.130100,428212.80000000,155473.00000000,-117266.80000000
1784862000000,2.130100,2.155600,2.125900,2.150700,297816.80000000,156084.50000000,14352.20000000
1784865600000,2.150800,2.152100,2.117300,2.130300,302546.50000000,130749.40000000,-41047.70000000
1784869200000,2.130100,2.140600,2.102300,2.104300,623054.90000000,277873.20000000,-67308.50000000
1784872800000,2.104400,2.114600,2.085700,2.095100,672438.10000000,306910.30000000,-58617.50000000
1784876400000,2.095200,2.144500,2.094700,2.139800,937920.20000000,490948.60000000,43977.00000000
1784880000000,2.139600,2.159000,2.125500,2.128400,535725.40000000,273226.20000000,10727.00000000
1784883600000,2.128400,2.132900,2.110300,2.113400,269216.40000000,107617.40000000,-53981.60000000
1784887200000,2.113400,2.126100,2.107000,2.114300,344397.80000000,145098.20000000,-54201.40000000
1784890800000,2.114400,2.127800,2.099800,2.126400,431860.70000000,164118.20000000,-103624.30000000
1784894400000,2.126700,2.142100,2.103400,2.104100,379974.40000000,156630.50000000,-66713.40000000
1784898000000,2.104200,2.118600,2.091500,2.111500,406844.70000000,180136.50000000,-46571.70000000
1784901600000,2.111300,2.115300,2.084900,2.102700,745813.00000000,358288.40000000,-29236.20000000
1784905200000,2.102600,2.102600,2.062200,2.070100,1097333.10000000,471942.30000000,-153448.50000000
1784908800000,2.070200,2.087300,2.055100,2.073200,667956.30000000,331610.20000000,-4735.90000000
1784912400000,2.072800,2.110100,2.057100,2.108600,550944.70000000,293728.60000000,36512.50000000
1784916000000,2.108400,2.111100,2.079200,2.079400,350824.90000000,166937.50000000,-16949.90000000
1784919600000,2.079400,2.082400,2.044600,2.057100,751042.90000000,351158.20000000,-48726.50000000
1784923200000,2.057200,2.063400,2.034200,2.039900,483185.20000000,176048.30000000,-131088.60000000
1784926800000,2.040000,2.041300,2.015900,2.017500,515604.90000000,198314.60000000,-118975.70000000
1784930400000,2.017500,2.039600,2.010000,2.038700,555195.90000000,291513.90000000,27831.90000000
1784934000000,2.038700,2.046600,2.031600,2.033900,179974.20000000,88574.70000000,-2824.80000000
1784937600000,2.034000,2.038400,2.017800,2.029400,254512.40000000,95943.80000000,-62624.80000000
1784941200000,2.029700,2.043600,1.970700,1.987100,1404357.70000000,579708.80000000,-244940.10000000
1784944800000,1.987200,2.001000,1.982400,1.997900,391415.00000000,192018.40000000,-7378.20000000
1784948400000,1.997900,2.017700,1.991300,2.000500,547185.90000000,304716.30000000,62246.70000000
1784952000000,2.000200,2.005800,1.991400,1.997100,187121.10000000,89326.20000000,-8468.70000000
1784955600000,1.997100,2.005600,1.985600,1.992100,350422.40000000,196395.80000000,42369.20000000
1784959200000,1.992200,2.000400,1.985500,1.991800,262135.20000000,96606.30000000,-68922.60000000
1784962800000,1.991800,1.999600,1.981100,1.988100,281381.80000000,137441.60000000,-6498.60000000
1784966400000,1.988100,1.997600,1.976900,1.991300,171744.40000000,91346.70000000,10949.00000000
1784970000000,1.991200,2.040900,1.987800,2.026600,679150.60000000,383562.70000000,87974.80000000
1784973600000,2.026500,2.044000,2.023900,2.035800,372268.20000000,218251.10000000,64234.00000000
1784977200000,2.035700,2.042500,2.026500,2.040000,232765.90000000,121514.00000000,10262.10000000
1784980800000,2.039900,2.065700,2.034500,2.060700,365322.60000000,223139.90000000,80957.20000000
1784984400000,2.060600,2.092500,2.036900,2.072300,542015.30000000,323191.30000000,104367.30000000
1784988000000,2.072500,2.086300,2.050800,2.068800,484093.70000000,202761.80000000,-78570.10000000
1784991600000,2.068800,2.076100,2.056800,2.061400,226437.30000000,84657.40000000,-57122.50000000
1784995200000,2.061400,2.082000,2.061400,2.075500,224913.20000000,129915.90000000,34918.60000000
1784998800000,2.075500,2.087500,2.064800,2.070500,233686.90000000,89436.30000000,-54814.30000000
1785002400000,2.070600,2.071600,2.052100,2.056900,197222.50000000,75059.60000000,-47103.30000000
1785006000000,2.056800,2.060100,2.042200,2.047700,280688.80000000,116750.80000000,-47187.20000000
1785009600000,2.047700,2.050100,2.039900,2.044200,131023.80000000,68187.20000000,5350.60000000
1785013200000,2.044200,2.062800,2.042700,2.051900,143049.70000000,84391.70000000,25733.70000000
1785016800000,2.051900,2.067500,2.051600,2.063700,179499.40000000,108293.40000000,37087.40000000
1785020400000,2.063800,2.075800,2.063300,2.063300,158251.90000000,84839.40000000,11426.90000000
1785024000000,2.063300,2.097300,2.061300,2.087100,296251.10000000,187230.30000000,78209.50000000
1785027600000,2.087200,2.101900,2.079200,2.090400,231658.40000000,96095.50000000,-39467.40000000
1785031200000,2.090100,2.096400,2.070400,2.095800,212442.80000000,105669.90000000,-1103.00000000
1785034800000,2.095800,2.103500,2.083900,2.093200,178534.10000000,110928.80000000,43323.50000000
1785038400000,2.093000,2.101200,2.089400,2.093700,129980.30000000,51939.90000000,-26100.50000000
1785042000000,2.093600,2.098600,2.078200,2.078400,142408.40000000,63763.20000000,-14882.00000000
1785045600000,2.078600,2.078600,2.058500,2.068200,244407.50000000,81543.20000000,-81321.10000000
1785049200000,2.068200,2.069300,2.060300,2.066300,116005.10000000,49071.30000000,-17862.50000000
1785052800000,2.066000,2.068900,2.058600,2.064900,108934.50000000,50983.20000000,-6968.10000000
1785056400000,2.065000,2.069100,2.048800,2.055000,216065.90000000,72461.60000000,-71142.70000000
1785060000000,2.055100,2.081300,2.049300,2.062400,184848.40000000,82766.90000000,-19314.60000000
1785063600000,2.062300,2.070700,2.057400,2.064000,148517.60000000,69610.70000000,-9296.20000000
1785067200000,2.064000,2.082400,2.060200,2.071400,144104.30000000,69858.00000000,-4388.30000000
1785070800000,2.071500,2.087900,2.062300,2.082200,176576.30000000,108052.80000000,39529.30000000
1785074400000,2.082100,2.096500,2.072200,2.077600,212046.60000000,92251.80000000,-27543.00000000
1785078000000,2.077500,2.108800,2.076100,2.097200,299970.90000000,168306.70000000,36642.50000000
1785081600000,2.097300,2.102000,2.081700,2.082700,279333.60000000,94038.00000000,-91257.60000000
1785085200000,2.082700,2.088900,2.065200,2.073000,336304.90000000,151837.60000000,-32629.70000000
1785088800000,2.073000,2.078400,2.066700,2.069400,127133.80000000,61069.00000000,-4995.80000000
1785092400000,2.069300,2.102500,2.061200,2.098300,344551.90000000,187608.40000000,30664.90000000
1785096000000,2.098400,2.136300,2.095200,2.104500,461968.00000000,213602.80000000,-34762.40000000
1785099600000,2.104500,2.109900,2.096300,2.099800,183752.90000000,81035.40000000,-21682.10000000
1785103200000,2.099900,2.153000,2.098800,2.137400,848256.20000000,474952.60000000,101649.00000000
1785106800000,2.137300,2.154600,2.131000,2.145400,392979.00000000,196768.60000000,558.20000000
1785110400000,2.145300,2.160000,2.135400,2.157200,547305.70000000,236600.50000000,-74104.70000000
1785114000000,2.157200,2.209000,2.146700,2.175600,719690.10000000,343569.10000000,-32551.90000000
1785117600000,2.175700,2.223000,2.175700,2.215100,1844600.30000000,1005293.20000000,165986.10000000
1785121200000,2.215000,2.241100,2.209200,2.236700,481370.40000000,262689.50000000,44008.60000000
1785124800000,2.236600,2.248400,2.213400,2.229900,700512.20000000,304804.90000000,-90902.40000000
1785128400000,2.230000,2.261800,2.225900,2.251900,517269.60000000,267323.60000000,17377.60000000
1785132000000,2.251800,2.268900,2.236500,2.264900,791057.10000000,364281.70000000,-62493.70000000
1785135600000,2.264900,2.270000,2.228300,2.232500,723392.70000000,381003.30000000,38613.90000000
1785139200000,2.232500,2.281500,2.232500,2.267100,710960.40000000,347498.40000000,-15963.60000000
1785142800000,2.266900,2.273000,2.240000,2.260000,592131.50000000,289781.00000000,-12569.50000000
1785146400000,2.259900,2.285200,2.248300,2.278100,439869.80000000,223730.60000000,7591.40000000
1785150000000,2.278100,2.283700,2.251000,2.262200,370231.00000000,175934.60000000,-18361.80000000
1785153600000,2.262200,2.272600,2.242000,2.270500,483554.60000000,223189.50000000,-37175.60000000
1785157200000,2.270600,2.277700,2.220000,2.228600,725550.60000000,305940.00000000,-113670.60000000
1785160800000,2.228500,2.228600,2.164300,2.183600,1121290.70000000,507618.90000000,-106052.90000000
1785164400000,2.183700,2.212800,2.138500,2.157700,1031927.40000000,483862.90000000,-64201.60000000
1785168000000,2.157800,2.178600,2.132900,2.162100,588860.30000000,281347.90000000,-26164.50000000
1785171600000,2.162200,2.168400,2.148600,2.159700,246544.60000000,147884.20000000,49223.80000000
1785175200000,2.159700,2.201600,2.146300,2.200400,487616.60000000,278036.70000000,68456.80000000
1785178800000,2.200400,2.208500,2.168800,2.205000,467274.60000000,229262.10000000,-8750.40000000
1785182400000,2.205100,2.210500,2.182000,2.204500,380014.80000000,192711.50000000,5408.20000000
1785186000000,2.204400,2.206900,2.165400,2.172200,264521.90000000,92930.70000000,-78660.50000000
1785189600000,2.172100,2.172100,2.119200,2.127400,442367.90000000,186430.80000000,-69506.30000000
1785193200000,2.127300,2.163200,2.115000,2.131100,432210.10000000,229167.60000000,26125.10000000
1785196800000,2.131000,2.138600,2.113800,2.118600,340381.70000000,171359.40000000,2337.10000000
1785200400000,2.118700,2.128900,2.104400,2.119500,354501.00000000,179666.00000000,4831.00000000
1785204000000,2.119400,2.131100,2.105500,2.122300,352193.40000000,167241.30000000,-17710.80000000
1785207600000,2.122300,2.152700,2.111200,2.143500,474235.90000000,297779.80000000,121323.70000000
1785211200000,2.143400,2.177700,2.140000,2.165000,430346.80000000,244543.20000000,58739.60000000
1785214800000,2.165000,2.183300,2.145700,2.170500,311484.90000000,149727.30000000,-12030.30000000
1785218400000,2.170300,2.223900,2.163100,2.209200,607938.60000000,330963.60000000,53988.60000000
1785222000000,2.209200,2.213600,2.180400,2.196500,279735.10000000,112085.60000000,-55563.90000000
1785225600000,2.196800,2.247300,2.195700,2.226000,710564.30000000,392942.70000000,75321.10000000
1785229200000,2.226000,2.229000,2.193600,2.196800,456034.80000000,226703.10000000,-2628.60000000
1785232800000,2.196900,2.198900,2.163700,2.169600,428894.70000000,176463.90000000,-75966.90000000
1785236400000,2.169400,2.173800,2.146300,2.150600,511226.00000000,217837.80000000,-75550.40000000
1785240000000,2.150500,2.172200,2.142400,2.154900,490929.20000000,251728.20000000,12527.20000000
1785243600000,2.154900,2.188300,2.119300,2.187200,1265087.90000000,648379.60000000,31671.30000000
1785247200000,2.187100,2.233300,2.174500,2.230100,888424.90000000,448385.30000000,8345.70000000
1785250800000,2.230400,2.296300,2.222300,2.283100,1401852.40000000,686048.40000000,-29755.60000000
1785254400000,2.283600,2.375600,2.270100,2.360800,4365408.10000000,2373220.10000000,381032.10000000
1785258000000,2.360900,2.366300,2.287000,2.305500,1194490.60000000,567792.90000000,-58904.80000000
1785261600000,2.305000,2.305600,2.270100,2.274600,504825.90000000,292702.70000000,80579.50000000
1785265200000,2.274700,2.322400,2.267000,2.291200,1050154.10000000,562118.60000000,74083.10000000
1785268800000,2.291200,2.316200,2.289100,2.299600,464731.70000000,267031.00000000,69330.30000000
1785272400000,2.299600,2.322600,2.293600,2.313500,373124.20000000,229860.10000000,86596.00000000
1785276000000,2.313500,2.336000,2.287400,2.288800,481689.90000000,184906.90000000,-111876.10000000
1785279600000,2.288700,2.304500,2.264300,2.302100,457641.20000000,246532.40000000,35423.60000000
1785283200000,2.302100,2.335000,2.283500,2.293300,660290.10000000,339857.20000000,19424.30000000
1785286800000,2.293300,2.299800,2.245800,2.248000,652242.00000000,288809.90000000,-74622.20000000
1785290400000,2.248000,2.265000,2.228900,2.232600,516941.50000000,273219.60000000,29497.70000000
1785294000000,2.232500,2.249200,2.229900,2.237300,513979.60000000,226606.60000000,-60766.40000000
1785297600000,2.237400,2.323400,2.230200,2.321900,772700.30000000,423368.20000000,74036.10000000
1785301200000,2.321900,2.381300,2.307900,2.340200,1190061.40000000,537924.80000000,-114211.80000000
1785304800000,2.340600,2.353800,2.302600,2.307700,716449.20000000,366558.60000000,16668.00000000
1785308400000,2.307900,2.316400,2.248500,2.277600,800561.80000000,389546.00000000,-21469.80000000
1785312000000,2.277600,2.284200,2.254200,2.254200,230959.20000000,116468.70000000,1978.20000000
1785315600000,2.254200,2.268900,2.233800,2.235400,727260.10000000,413089.10000000,98918.10000000
1785319200000,2.235300,2.247400,2.193100,2.196200,550462.00000000,267992.90000000,-14476.20000000
1785322800000,2.196100,2.209300,2.184600,2.206400,533559.80000000,299568.80000000,65577.80000000
1785326400000,2.206300,2.225300,2.187100,2.215800,937518.60000000,535859.20000000,134199.80000000
1785330000000,2.215600,2.277500,2.214100,2.257700,643073.20000000,329087.60000000,15102.00000000
1785333600000,2.257700,2.289700,2.238700,2.242300,810311.70000000,451634.80000000,92957.90000000
1785337200000,2.242400,2.254900,2.198000,2.202700,1013751.10000000,392848.60000000,-228053.90000000
1785340800000,2.202700,2.221600,2.189300,2.197400,611247.80000000,282215.60000000,-46816.60000000
1785344400000,2.197400,2.230000,2.192900,2.217300,447532.20000000,286552.60000000,125573.00000000
1785348000000,2.217200,2.275400,2.210200,2.254900,997546.20000000,458019.10000000,-81508.00000000
1785351600000,2.255000,2.266100,2.197300,2.200900,706712.90000000,313311.30000000,-80090.30000000
1785355200000,2.201000,2.207200,2.147700,2.157000,1221580.90000000,547495.50000000,-126589.90000000
1785358800000,2.157000,2.185100,2.126100,2.145800,498716.30000000,266969.20000000,35222.10000000
1785362400000,2.145900,2.171700,2.145500,2.166700,363493.20000000,213049.10000000,62605.00000000
1785366000000,2.166700,2.181500,2.148100,2.179400,271098.60000000,149407.30000000,27716.00000000
1785369600000,2.179500,2.190200,2.147400,2.150400,667764.60000000,410640.00000000,153515.40000000
1785373200000,2.150600,2.214000,2.148200,2.208900,705208.90000000,411228.40000000,117247.90000000
1785376800000,2.209100,2.258300,2.209100,2.233000,575250.40000000,283934.60000000,-7381.20000000
1785380400000,2.233000,2.249500,2.221600,2.239200,263885.30000000,136711.30000000,9537.30000000
1785384000000,2.239200,2.245100,2.195300,2.198500,313196.50000000,139952.70000000,-33291.10000000
1785387600000,2.198500,2.229900,2.172400,2.177800,788359.40000000,370801.10000000,-46757.20000000
1785391200000,2.177800,2.219900,2.173100,2.188400,344424.80000000,189339.40000000,34254.00000000
1785394800000,2.188500,2.198000,2.161600,2.172200,251707.20000000,125978.70000000,250.20000000
1785398400000,2.172300,2.231700,2.172300,2.224800,478403.10000000,244985.90000000,11568.70000000
1785402000000,2.224800,2.227700,2.203500,2.204500,261574.80000000,124469.80000000,-12635.20000000
1785405600000,2.204500,2.210900,2.191100,2.195500,158000.40000000,73030.70000000,-11939.00000000
1785409200000,2.195600,2.222200,2.192400,2.221400,220739.00000000,125523.30000000,30307.60000000
1785412800000,2.221500,2.291000,2.216000,2.279000,739017.40000000,359588.40000000,-19840.60000000
1785416400000,2.278900,2.289500,2.261100,2.285100,480882.20000000,259340.70000000,37799.20000000
1785420000000,2.285000,2.290200,2.257200,2.277200,651298.30000000,247096.00000000,-157106.30000000
1785423600000,2.277200,2.283300,2.244700,2.247700,312973.40000000,140687.50000000,-31598.40000000
1785427200000,2.247500,2.267100,2.232700,2.244400,358946.40000000,189299.00000000,19651.60000000
1785430800000,2.244500,2.266600,2.208200,2.214400,755981.70000000,288911.80000000,-178158.10000000
1785434400000,2.214500,2.252500,2.214500,2.225500,303696.00000000,163759.00000000,23822.00000000
1785438000000,2.225800,2.255300,2.225800,2.249700,238200.30000000,125983.40000000,13766.50000000
1785441600000,2.249800,2.291800,2.243900,2.246600,542969.50000000,288088.20000000,33206.90000000
1785445200000,2.246600,2.255900,2.235700,2.237200,108658.30000000,51193.10000000,-6272.10000000
1785448800000,2.237100,2.275900,2.233800,2.273000,247086.70000000,143115.40000000,39144.10000000
1785452400000,2.273100,2.283400,2.257900,2.279800,225009.20000000,113449.60000000,1890.00000000
1785456000000,2.279800,2.298000,2.270500,2.276300,445890.50000000,201225.80000000,-43438.90000000
1785459600000,2.276300,2.302300,2.261300,2.263200,425379.50000000,222494.80000000,19610.10000000
1785463200000,2.263700,2.271500,2.213200,2.237600,881904.90000000,415708.50000000,-50487.90000000
1785466800000,2.237800,2.274800,2.232300,2.258300,425106.50000000,229994.80000000,34883.10000000
1785470400000,2.258200,2.271000,2.228900,2.234600,249368.40000000,116227.50000000,-16913.40000000
1785474000000,2.234600,2.247400,2.204200,2.211500,400635.40000000,195326.10000000,-9983.20000000
1785477600000,2.211500,2.224100,2.207900,2.218300,253542.10000000,148246.60000000,42951.10000000
1785481200000,2.218200,2.218200,2.182000,2.199200,351903.90000000,149436.40000000,-53031.10000000
1785484800000,2.199100,2.231200,2.164400,2.207000,1004668.20000000,491003.30000000,-22661.60000000
1785488400000,2.207000,2.217500,2.168100,2.182600,560012.10000000,321380.40000000,82748.70000000
1785492000000,2.182600,2.199200,2.168600,2.177700,235102.80000000,127439.20000000,19775.60000000
1785495600000,2.177800,2.229800,2.175100,2.186100,2560838.30000000,1329607.60000000,98376.90000000
1785499200000,2.186200,2.187100,2.154000,2.162400,552514.00000000,238835.80000000,-74842.40000000
1785502800000,2.162400,2.180900,2.135900,2.152600,462200.10000000,206829.90000000,-48540.30000000
1785506400000,2.152500,2.153100,2.110300,2.128100,1106926.10000000,539227.50000000,-28471.10000000
1785510000000,2.128000,2.133100,2.089700,2.097400,667584.40000000,304044.30000000,-59495.80000000
1785513600000,2.097400,2.136400,2.089100,2.129200,844139.10000000,428347.30000000,12555.50000000
1785517200000,2.129100,2.141600,2.118000,2.131900,267234.30000000,142398.50000000,17562.70000000
1785520800000,2.131900,2.134400,2.110400,2.120100,176045.70000000,80126.80000000,-15792.10000000
1785524400000,2.120100,2.125600,2.065200,2.068100,420542.10000000,139341.50000000,-141859.10000000
1785528000000,2.067600,2.081100,2.060800,2.079300,475164.40000000,215976.10000000,-43212.20000000
1785531600000,2.079200,2.099700,2.075600,2.083600,262954.50000000,150779.70000000,38604.90000000
1785535200000,2.083800,2.091400,2.072900,2.073300,209205.10000000,69971.90000000,-69261.30000000
1785538800000,2.073400,2.086100,2.065100,2.069100,225091.10000000,83247.40000000,-58596.30000000
1785542400000,2.069200,2.093700,2.062400,2.068100,331442.80000000,178768.50000000,26094.20000000
1785546000000,2.068000,2.084200,2.064200,2.081900,185295.20000000,92936.80000000,578.40000000
1785549600000,2.081900,2.101900,2.081900,2.093300,209388.10000000,120685.70000000,31983.30000000
1785553200000,2.093300,2.096200,2.067700,2.071200,252200.40000000,117132.00000000,-17936.40000000
1785556800000,2.071400,2.074700,2.036600,2.068400,797694.60000000,363679.70000000,-70335.20000000
1785560400000,2.068400,2.075700,2.044200,2.053000,299946.50000000,158178.80000000,16411.10000000
1785564000000,2.053400,2.060500,2.036200,2.046100,261674.30000000,128646.70000000,-4380.90000000
1785567600000,2.046000,2.052400,2.037200,2.042400,195752.60000000,82582.10000000,-30588.40000000
1785571200000,2.042700,2.063400,2.042500,2.052300,246192.50000000,127489.00000000,8785.50000000
1785574800000,2.052200,2.064700,2.045400,2.045700,265975.30000000,140517.40000000,15059.50000000
1785578400000,2.045600,2.048600,2.025700,2.039300,372928.30000000,166246.30000000,-40435.70000000
1785582000000,2.039200,2.062000,2.034100,2.051600,188262.10000000,112147.50000000,36032.90000000
1785585600000,2.051500,2.054100,2.043200,2.046600,110040.00000000,52740.30000000,-4559.40000000
1785589200000,2.046600,2.057400,2.025600,2.031000,495548.70000000,228216.90000000,-39114.90000000
1785592800000,2.031100,2.039000,2.020700,2.034300,359181.70000000,153916.60000000,-51348.50000000
1785596400000,2.034300,2.039400,2.015300,2.017700,315441.50000000,148072.60000000,-19296.30000000
1785600000000,2.017600,2.031700,2.015400,2.024600,338051.20000000,162713.80000000,-12623.60000000
1785603600000,2.024900,2.066100,2.017500,2.059100,425364.60000000,242955.40000000,60546.20000000
1785607200000,2.059200,2.060500,2.009100,2.025300,480924.20000000,198489.10000000,-83946.00000000
1785610800000,2.025200,2.036200,2.019400,2.026200,181695.80000000,87762.80000000,-6170.20000000
1785614400000,2.026200,2.030800,2.005600,2.030100,381546.60000000,180235.70000000,-21075.20000000
1785618000000,2.030100,2.050100,2.024900,2.030400,151745.70000000,82663.20000000,13580.70000000
1785621600000,2.030500,2.039500,2.014400,2.016700,168916.20000000,75279.70000000,-18356.80000000
1785625200000,2.016800,2.024600,2.013300,2.019100,140071.70000000,53597.20000000,-32877.30000000
1785628800000,2.019100,2.038500,2.013500,2.022500,220721.20000000,93592.60000000,-33536.00000000
1785632400000,2.022600,2.043200,2.020300,2.030600,230051.60000000,159498.00000000,88944.40000000
1785636000000,2.030600,2.126800,2.027400,2.096300,768417.10000000,440509.40000000,112601.70000000
1785639600000,2.096300,2.119100,2.083600,2.100400,406382.80000000,251393.10000000,96403.40000000
1785643200000,2.100400,2.139100,2.098100,2.132800,366533.50000000,196682.30000000,26831.10000000
1785646800000,2.132900,2.137300,2.091200,2.101300,232154.60000000,94783.50000000,-42587.60000000
1785650400000,2.101200,2.112700,2.095400,2.099100,165291.60000000,72817.80000000,-19656.00000000
1785654000000,2.099000,2.152400,2.097800,2.132500,434631.10000000,227712.60000000,20794.10000000
1785657600000,2.132500,2.144900,2.110900,2.113000,337280.60000000,151565.10000000,-34150.40000000
1785661200000,2.113100,2.124400,2.099200,2.099900,235795.10000000,114623.10000000,-6548.90000000
1785664800000,2.100000,2.105100,2.082600,2.102900,241538.30000000,114033.50000000,-13471.30000000
1785668400000,2.103000,2.106200,2.066800,2.074700,243856.20000000,89181.70000000,-65492.80000000
1785672000000,2.074700,2.078600,2.057400,2.060900,218751.20000000,89725.50000000,-39300.20000000
1785675600000,2.061000,2.068100,2.046800,2.058900,181838.20000000,106605.50000000,31372.80000000
1785679200000,2.059000,2.059000,2.032200,2.036000,218584.90000000,116764.00000000,14943.10000000
1785682800000,2.035900,2.057300,2.025500,2.027700,193828.10000000,79911.60000000,-34004.90000000
1785686400000,2.028400,2.047400,2.021100,2.029000,331213.30000000,196950.10000000,62686.90000000
1785690000000,2.029100,2.039800,2.014000,2.024500,440886.00000000,282151.00000000,123416.00000000
1785693600000,2.024700,2.056800,2.019200,2.035300,263701.20000000,139343.10000000,14985.00000000
1785697200000,2.035300,2.066600,2.034800,2.060800,249784.50000000,136084.70000000,22384.90000000
1785700800000,2.060900,2.063500,2.048500,2.051500,159395.40000000,67437.40000000,-24520.60000000
1785704400000,2.051600,2.059600,2.041400,2.052600,148051.90000000,57681.90000000,-32688.10000000
1785708000000,2.052700,2.075000,2.037600,2.038000,251931.80000000,122672.80000000,-6586.20000000
1785711600000,2.038000,2.044000,2.024300,2.032600,182169.70000000,70359.90000000,-41449.90000000
1785715200000,2.032600,2.055000,2.019100,2.051600,295935.20000000,150607.10000000,5279.00000000
1785718800000,2.051500,2.051500,2.000600,2.010800,525151.40000000,260897.80000000,-3355.80000000
1785722400000,2.010900,2.011900,1.982800,1.988700,622185.50000000,302098.20000000,-17989.10000000
1785726000000,1.988700,2.016000,1.941600,1.989900,1749844.60000000,635996.00000000,-477852.60000000
1785729600000,1.989900,2.049000,1.988200,2.004000,777614.30000000,330208.30000000,-117197.70000000
1785733200000,2.004100,2.029000,1.996400,2.026000,255928.20000000,146647.20000000,37366.20000000
1785736800000,2.026100,2.031000,2.000200,2.004700,222179.80000000,82326.20000000,-57527.40000000
1785740400000,2.004800,2.052200,2.000700,2.038900,309233.50000000,156256.00000000,3278.50000000
1785744000000,2.038900,2.062600,2.016100,2.027000,342727.90000000,158512.30000000,-25703.30000000
1785747600000,2.027000,2.080000,2.023500,2.065200,725094.60000000,288502.80000000,-148089.00000000
1785751200000,2.065200,2.067900,2.048100,2.065100,206099.80000000,85252.00000000,-35595.80000000
1785754800000,2.065100,2.083400,2.049900,2.073100,274713.90000000,167680.60000000,60647.30000000
1785758400000,2.073200,2.089800,2.065800,2.082400,280168.70000000,137181.20000000,-5806.30000000
1785762000000,2.082300,2.127200,2.063300,2.114000,627824.60000000,323064.40000000,18304.20000000
1785765600000,2.113900,2.115200,2.081500,2.102200,729804.10000000,350849.80000000,-28104.50000000
1785769200000,2.101900,2.103900,2.063500,2.079900,415944.80000000,183420.40000000,-49104.00000000
1785772800000,2.080000,2.092400,2.059100,2.063600,354098.10000000,178083.90000000,2069.70000000
1785776400000,2.063600,2.067200,2.052100,2.065100,207048.30000000,116231.00000000,25413.70000000
1785780000000,2.064800,2.073000,2.044000,2.047500,198457.70000000,84247.10000000,-29963.50000000
1785783600000,2.047400,2.049200,2.021800,2.022700,273956.60000000,116827.90000000,-40300.80000000
1785787200000,2.022700,2.034400,2.007300,2.015000,309509.00000000,156160.30000000,2811.60000000
1785790800000,2.015000,2.022700,2.012000,2.018800,133116.10000000,76710.30000000,20304.50000000
1785794400000,2.018700,2.023200,2.003700,2.007000,194936.00000000,104766.70000000,14597.40000000
1785798000000,2.007000,2.009800,1.996600,2.007300,237842.00000000,105942.30000000,-25957.40000000
1785801600000,2.007300,2.024300,1.996000,2.007600,311143.10000000,183312.90000000,55482.70000000
1785805200000,2.007800,2.023700,2.003900,2.016400,214782.10000000,130931.20000000,47080.30000000
1785808800000,2.016400,2.025000,2.007200,2.011000,263647.90000000,139555.70000000,15463.50000000
1785812400000,2.010900,2.019000,2.002200,2.003200,181173.80000000,83758.00000000,-13657.80000000
1785816000000,2.003300,2.051300,1.989900,2.035500,977682.80000000,464964.60000000,-47753.60000000
1785819600000,2.035600,2.048700,2.020500,2.020700,304906.40000000,129323.90000000,-46258.60000000
1785823200000,2.020800,2.031300,2.007200,2.012600,178082.10000000,73786.60000000,-30508.90000000
1785826800000,2.012700,2.046800,2.012700,2.022600,337778.70000000,165906.90000000,-5964.90000000
1785830400000,2.022700,2.044000,2.015800,2.030800,315045.60000000,165991.80000000,16938.00000000
1785834000000,2.030900,2.031000,2.005100,2.021900,219412.10000000,105738.00000000,-7936.10000000
1785837600000,2.022000,2.070000,2.015000,2.052000,571414.30000000,311892.00000000,52369.70000000
1785841200000,2.052100,2.070000,2.028300,2.062700,369014.10000000,188078.30000000,7142.50000000
1785844800000,2.062700,2.074500,2.048800,2.048900,373431.10000000,173128.00000000,-27175.10000000
1785848400000,2.048800,2.064200,2.033900,2.035000,341504.00000000,167088.60000000,-7326.80000000
1785852000000,2.035000,2.057500,2.017400,2.056700,587976.70000000,329373.90000000,70771.10000000
1785855600000,2.056800,2.084500,2.035000,2.070200,500505.40000000,267493.40000000,34481.40000000
1785859200000,2.070300,2.088900,2.058000,2.066500,406818.30000000,207998.50000000,9178.70000000
1785862800000,2.066200,2.101600,2.066200,2.076200,364244.90000000,192511.80000000,20778.70000000
1785866400000,2.076200,2.109400,2.057000,2.089600,534389.30000000,296655.00000000,58920.70000000
1785870000000,2.089600,2.116800,2.084600,2.109400,298695.30000000,122041.10000000,-54613.10000000
1785873600000,2.109500,2.121200,2.061100,2.095600,704313.90000000,426741.70000000,149169.50000000
1785877200000,2.095600,2.098900,2.070500,2.079900,199336.10000000,78910.20000000,-41515.70000000
1785880800000,2.079800,2.097400,2.060000,2.068600,223140.90000000,101415.10000000,-20310.70000000
1785884400000,2.068400,2.078700,2.054200,2.060600,252519.40000000,122474.40000000,-7570.60000000
1785888000000,2.060500,2.073400,2.032700,2.036200,314154.10000000,154932.20000000,-4289.70000000
1785891600000,2.036400,2.105900,2.031000,2.095000,1487944.70000000,788138.30000000,88331.90000000
1785895200000,2.095000,2.126300,2.091900,2.124200,547620.00000000,307062.80000000,66505.60000000
1785898800000,2.124300,2.144200,2.101300,2.112800,472826.00000000,235330.70000000,-2164.60000000
1785902400000,2.112700,2.122400,2.106600,2.117100,196936.60000000,101135.60000000,5334.60000000
1785906000000,2.117000,2.148400,2.112400,2.129600,402706.80000000,216257.20000000,29807.60000000
1785909600000,2.129700,2.154900,2.121000,2.139400,390585.90000000,167059.20000000,-56467.50000000
1785913200000,2.139500,2.146000,2.117400,2.134400,278675.40000000,119761.00000000,-39153.40000000
1785916800000,2.134300,2.146200,2.118100,2.125700,306900.20000000,184383.70000000,61867.20000000
1785920400000,2.125600,2.131000,2.119100,2.123700,125094.20000000,59250.40000000,-6593.40000000
1785924000000,2.123700,2.128100,2.087400,2.109100,613129.90000000,274490.30000000,-64149.30000000
1785927600000,2.109100,2.122900,2.107300,2.114300,132919.20000000,73770.30000000,14621.40000000
1785931200000,2.114300,2.132500,2.107700,2.118800,366966.80000000,175549.00000000,-15868.80000000
1785934800000,2.118600,2.123500,2.074400,2.119600,663910.30000000,266232.20000000,-131445.90000000
1785938400000,2.118500,2.130900,2.086700,2.094000,459447.30000000,170336.30000000,-118774.70000000
1785942000000,2.093700,2.111300,2.071200,2.078000,483830.70000000,217141.00000000,-49548.70000000
1785945600000,2.078100,2.134100,2.078100,2.129300,420367.70000000,237102.50000000,53837.30000000
1785949200000,2.129200,2.152600,2.122800,2.148400,266956.50000000,136930.10000000,6903.70000000
1785952800000,2.148400,2.153000,2.108100,2.118900,371703.50000000,146126.10000000,-79451.30000000
1785956400000,2.118800,2.133900,2.110100,2.111400,157525.30000000,81610.60000000,5695.90000000
1785960000000,2.111400,2.117200,2.098300,2.101900,414543.40000000,199109.50000000,-16324.40000000
1785963600000,2.101900,2.151000,2.100800,2.144200,455331.50000000,220315.40000000,-14700.70000000
1785967200000,2.144200,2.197200,2.144200,2.184900,657821.20000000,356263.80000000,54706.40000000
1785970800000,2.184900,2.187900,2.169500,2.186000,264280.50000000,128113.80000000,-8052.90000000
1785974400000,2.186000,2.211700,2.172400,2.192200,418234.20000000,247606.30000000,76978.40000000
1785978000000,2.192300,2.213200,2.183500,2.183500,308560.40000000,133492.40000000,-41575.60000000
1785981600000,2.183500,2.199800,2.172200,2.178800,301990.00000000,158489.40000000,14988.80000000
1785985200000,2.178900,2.180600,2.138500,2.143800,517035.60000000,229298.50000000,-58438.60000000
1785988800000,2.143800,2.156800,2.126400,2.150300,589878.90000000,263020.50000000,-63837.90000000
1785992400000,2.150300,2.184700,2.146500,2.161800,361463.30000000,192697.10000000,23930.90000000
1785996000000,2.161800,2.171800,2.154100,2.167400,188003.80000000,86085.60000000,-15832.60000000
1785999600000,2.167500,2.179300,2.162700,2.172500,127367.30000000,68669.30000000,9971.30000000
1786003200000,2.172500,2.193000,2.164700,2.187100,308995.80000000,137405.70000000,-34184.40000000
1786006800000,2.186900,2.189000,2.158300,2.159700,263513.10000000,130265.30000000,-2982.50000000
1786010400000,2.159600,2.204400,2.154400,2.194700,367733.40000000,221599.60000000,75465.80000000
1786014000000,2.194800,2.222700,2.176900,2.214500,450296.50000000,238240.40000000,26184.30000000
1786017600000,2.214600,2.219000,2.199000,2.201300,440592.30000000,189135.00000000,-62322.30000000
1786021200000,2.201200,2.226600,2.175100,2.217900,683905.30000000,307351.60000000,-69202.10000000
1786024800000,2.217300,2.246600,2.204800,2.236400,744914.70000000,341634.90000000,-61644.90000000
1786028400000,2.236300,2.259700,2.222200,2.250700,660087.50000000,369063.00000000,78038.50000000
1786032000000,2.250800,2.273100,2.239800,2.266500,612015.60000000,294177.60000000,-23660.40000000
1786035600000,2.266400,2.295700,2.265900,2.294200,680884.60000000,339432.30000000,-2020.00000000
1786039200000,2.294300,2.332200,2.280100,2.286100,1076421.90000000,491745.00000000,-92931.90000000
1786042800000,2.286100,2.299500,2.259100,2.261800,639850.10000000,298952.10000000,-41945.90000000
1786046400000,2.261800,2.274900,2.251000,2.264000,306244.60000000,155861.70000000,5478.80000000
1786050000000,2.264100,2.317600,2.264000,2.307400,456828.30000000,222400.60000000,-12027.10000000
1786053600000,2.307400,2.331500,2.298200,2.308200,458215.70000000,217012.20000000,-24191.30000000
1786057200000,2.308100,2.386300,2.295900,2.376000,1318947.10000000,687912.90000000,56878.70000000
1786060800000,2.375900,2.417100,2.374500,2.387300,1744446.80000000,833118.90000000,-78209.00000000
1786064400000,2.387300,2.430500,2.386400,2.427600,764185.70000000,389361.40000000,14537.10000000
1786068000000,2.427500,2.427500,2.369100,2.394400,1386167.30000000,614783.90000000,-156599.50000000
1786071600000,2.394600,2.399800,2.353100,2.361600,569413.10000000,295601.90000000,21790.70000000
1786075200000,2.361600,2.386100,2.337600,2.350100,610488.60000000,264270.80000000,-81947.00000000
1786078800000,2.350000,2.377100,2.336900,2.369700,351251.20000000,203725.90000000,56200.60000000
1786082400000,2.369700,2.388600,2.342600,2.351100,502428.20000000,249604.90000000,-3218.40000000
1786086000000,2.351200,2.370000,2.350000,2.356100,258283.60000000,138465.30000000,18647.00000000
1786089600000,2.356100,2.365700,2.341600,2.343100,310068.90000000,143208.50000000,-23651.90000000
1786093200000,2.343100,2.383100,2.341600,2.382900,354074.50000000,191310.70000000,28546.90000000
1786096800000,2.382900,2.415500,2.368900,2.397800,319559.50000000,171934.80000000,24310.10000000
1786100400000,2.397800,2.423400,2.382700,2.389200,710863.60000000,394039.70000000,77215.80000000
1786104000000,2.389300,2.450300,2.384500,2.444200,1187899.70000000,737378.40000000,286857.10000000
1786107600000,2.444400,2.480500,2.417300,2.469800,1322323.20000000,660135.70000000,-2051.80000000
1786111200000,2.469500,2.501600,2.438800,2.441400,1373750.50000000,733351.70000000,92952.90000000
1786114800000,2.441400,2.451400,2.387600,2.393600,1314592.50000000,603956.50000000,-106679.50000000
1786118400000,2.393700,2.402500,2.343400,2.349100,1032192.00000000,530186.10000000,28180.20000000
1786122000000,2.349100,2.374700,2.293100,2.339700,1587139.70000000,841737.80000000,96335.90000000
1786125600000,2.339900,2.350000,2.315700,2.347400,769490.80000000,466786.40000000,164082.00000000
1786129200000,2.347500,2.371800,2.345400,2.360700,453570.00000000,253740.60000000,53911.20000000
1786132800000,2.360700,2.361900,2.310200,2.322400,485090.90000000,213422.30000000,-58246.30000000
1786136400000,2.322300,2.329200,2.303600,2.303600,188829.50000000,83554.50000000,-21720.50000000
1786140000000,2.303600,2.319300,2.293200,2.297000,313607.40000000,170335.30000000,27063.20000000
1786143600000,2.297000,2.300100,2.280300,2.298200,317964.80000000,174416.10000000,30867.40000000
1786147200000,2.298400,2.313100,2.275900,2.289200,388424.70000000,176745.30000000,-34934.10000000
1786150800000,2.289300,2.309900,2.280000,2.307500,205271.70000000,105627.20000000,5982.70000000
1786154400000,2.307400,2.329100,2.294100,2.322700,254012.60000000,145593.80000000,37175.00000000
1786158000000,2.322600,2.357400,2.313300,2.339200,506428.30000000,239931.40000000,-26565.50000000
1786161600000,2.339500,2.381800,2.335700,2.359100,447764.10000000,216449.60000000,-14864.90000000
1786165200000,2.359000,2.365700,2.320000,2.323000,310276.00000000,132045.60000000,-46184.80000000
1786168800000,2.322900,2.335200,2.311800,2.322100,351224.20000000,201523.70000000,51823.20000000
1786172400000,2.322100,2.327500,2.312600,2.318900,121629.90000000,50439.40000000,-20751.10000000
1786176000000,2.319000,2.330200,2.303700,2.304700,130376.20000000,52191.70000000,-25992.80000000
1786179600000,2.304800,2.324200,2.299100,2.306200,206218.60000000,107771.30000000,9324.00000000
1786183200000,2.306300,2.366400,2.303900,2.359100,339920.10000000,179763.30000000,19606.50000000
1786186800000,2.359000,2.368800,2.340200,2.357500,254484.60000000,106241.00000000,-42002.60000000
1786190400000,2.357300,2.359400,2.316000,2.318400,311355.70000000,133586.60000000,-44182.50000000
1786194000000,2.318500,2.346500,2.315900,2.332100,240493.10000000,123541.60000000,6590.10000000
1786197600000,2.331300,2.362000,2.306200,2.311600,790037.90000000,342852.90000000,-104332.10000000
1786201200000,2.311700,2.313300,2.261200,2.270200,655555.80000000,299489.80000000,-56576.20000000
1786204800000,2.269900,2.290000,2.267500,2.283200,316710.30000000,166439.30000000,16168.30000000
1786208400000,2.283600,2.287100,2.268400,2.283400,185204.50000000,108697.10000000,32189.70000000
1786212000000,2.283700,2.285000,2.263800,2.266200,175940.90000000,79539.00000000,-16862.90000000
1786215600000,2.266200,2.301300,2.262500,2.284400,258832.90000000,143417.00000000,28001.10000000
1786219200000,2.284600,2.311100,2.281000,2.291300,193160.20000000,68697.70000000,-55764.80000000
1786222800000,2.291200,2.300900,2.278500,2.282400,74134.00000000,32266.40000000,-9601.20000000
1786226400000,2.282400,2.293900,2.278900,2.287600,101526.10000000,58149.90000000,14773.70000000
1786230000000,2.287600,2.288700,2.276400,2.281600,148883.40000000,65403.70000000,-18076.00000000
1786233600000,2.281700,2.291500,2.270100,2.274500,265356.70000000,105225.70000000,-54905.30000000
1786237200000,2.274500,2.293600,2.269500,2.281000,188134.30000000,101916.60000000,15698.90000000
1786240800000,2.280800,2.302600,2.269100,2.285000,191670.60000000,96691.20000000,1711.80000000
1786244400000,2.285100,2.285800,2.265200,2.266800,108544.20000000,47277.40000000,-13989.40000000
1786248000000,2.266700,2.282600,2.251700,2.269500,204364.30000000,78023.50000000,-48317.30000000
1786251600000,2.269500,2.285500,2.266800,2.284100,142442.90000000,70903.60000000,-635.70000000
1786255200000,2.284200,2.297300,2.278900,2.280600,206348.60000000,117368.50000000,28388.40000000
1786258800000,2.280700,2.300600,2.275100,2.292700,1339884.50000000,667711.00000000,-4462.50000000
1786262400000,2.292800,2.332700,2.288700,2.323500,1283742.00000000,655727.90000000,27713.80000000
1786266000000,2.323400,2.351400,2.310700,2.339800,702134.40000000,343874.70000000,-14385.00000000
1786269600000,2.339800,2.348900,2.326700,2.335200,214844.10000000,84045.70000000,-46752.70000000
1786273200000,2.335200,2.345800,2.323300,2.323700,116885.80000000,48598.70000000,-19688.40000000
1786276800000,2.323800,2.335600,2.305700,2.313400,280816.80000000,128246.40000000,-24324.00000000
1786280400000,2.313500,2.339300,2.313400,2.325600,217978.80000000,84884.30000000,-48210.20000000
1786284000000,2.325500,2.353400,2.315300,2.352400,218278.40000000,111999.10000000,5719.80000000
1786287600000,2.352500,2.382100,2.343400,2.344800,505827.40000000,228790.30000000,-48246.80000000
1786291200000,2.344700,2.356900,2.326700,2.337300,239703.70000000,115593.40000000,-8516.90000000
1786294800000,2.337300,2.339200,2.321700,2.329200,86566.50000000,38069.20000000,-10428.10000000
1786298400000,2.329100,2.348100,2.301500,2.305400,185866.10000000,82517.80000000,-20830.50000000
1786302000000,2.305200,2.343800,2.304600,2.341200,158855.30000000,89771.80000000,20688.30000000
1786305600000,2.341300,2.383500,2.336800,2.367600,392695.10000000,228930.30000000,65165.50000000
1786309200000,2.367500,2.382400,2.345000,2.346400,239946.60000000,120929.70000000,1912.80000000
1786312800000,2.346500,2.365100,2.308500,2.320300,317483.40000000,139591.70000000,-38300.00000000
1786316400000,2.320100,2.326600,2.293800,2.303400,325988.70000000,145157.10000000,-35674.50000000
1786320000000,2.303400,2.334700,2.296400,2.325000,235885.30000000,123325.90000000,10766.50000000
1786323600000,2.325100,2.339500,2.314800,2.328000,177587.50000000,88031.20000000,-1525.10000000
1786327200000,2.328200,2.364100,2.317000,2.360900,223277.10000000,121252.00000000,19226.90000000
1786330800000,2.360900,2.363000,2.323900,2.328000,297755.80000000,140733.20000000,-16289.40000000
1786334400000,2.328000,2.345700,2.311600,2.317600,172893.90000000,80986.40000000,-10921.10000000
1786338000000,2.317500,2.324200,2.307500,2.311800,203986.80000000,84998.60000000,-33989.60000000
1786341600000,2.311800,2.321400,2.301100,2.314400,211301.90000000,129297.70000000,47293.50000000
1786345200000,2.314500,2.315200,2.281900,2.290400,415025.00000000,167772.90000000,-79479.20000000
1786348800000,2.290200,2.292400,2.278600,2.281800,183273.60000000,85933.50000000,-11406.60000000
1786352400000,2.281700,2.309100,2.277100,2.293700,273382.20000000,136154.50000000,-1073.20000000
1786356000000,2.293800,2.294900,2.277900,2.287200,135756.20000000,76010.40000000,16264.60000000
1786359600000,2.287400,2.313100,2.280000,2.313000,222465.80000000,153892.90000000,85320.00000000
1786363200000,2.312900,2.322200,2.283100,2.285100,258431.60000000,111871.10000000,-34689.40000000
1786366800000,2.285100,2.300300,2.263300,2.269200,407838.30000000,203232.00000000,-1374.30000000
1786370400000,2.269200,2.291400,2.267300,2.283600,268909.70000000,141088.90000000,13268.10000000
1786374000000,2.283700,2.312500,2.277200,2.311700,251697.10000000,143649.10000000,35601.10000000
1786377600000,2.311700,2.374800,2.300800,2.359200,1359414.90000000,663852.30000000,-31710.30000000
1786381200000,2.359300,2.412400,2.352500,2.405700,813591.00000000,438745.30000000,63899.60000000
1786384800000,2.405100,2.422900,2.375100,2.380000,866624.40000000,436016.10000000,5407.80000000
1786388400000,2.379900,2.399000,2.358000,2.398500,595409.40000000,268859.20000000,-57691.00000000
1786392000000,2.398300,2.416100,2.364000,2.367200,538058.00000000,309038.00000000,80018.00000000
1786395600000,2.367000,2.380000,2.351500,2.352600,309853.10000000,173705.40000000,37557.70000000
1786399200000,2.352600,2.376200,2.348000,2.355100,227750.30000000,103071.00000000,-21608.30000000
1786402800000,2.355000,2.390300,2.350800,2.383000,194252.00000000,109889.10000000,25526.20000000
1786406400000,2.383100,2.400500,2.354000,2.376600,398829.20000000,217376.10000000,35923.00000000
1786410000000,2.376600,2.430400,2.361100,2.424200,307749.10000000,171896.40000000,36043.70000000
1786413600000,2.424100,2.458200,2.416900,2.433400,597469.20000000,293706.70000000,-10055.80000000
1786417200000,2.433500,2.490000,2.430900,2.476200,519030.20000000,302387.50000000,85744.80000000
1786420800000,2.476200,2.498800,2.452700,2.479800,701854.10000000,348465.20000000,-4923.70000000
1786424400000,2.479800,2.500000,2.457100,2.475500,601547.70000000,264898.90000000,-71749.90000000
1786428000000,2.475500,2.481900,2.444000,2.448700,632612.90000000,307940.40000000,-16732.10000000
1786431600000,2.448700,2.461500,2.429400,2.443300,367245.70000000,193619.60000000,19993.50000000
1786435200000,2.443200,2.452100,2.422600,2.430700,348063.80000000,163991.00000000,-20081.80000000
1786438800000,2.431100,2.449600,2.427900,2.440000,259611.40000000,147548.80000000,35486.20000000
1786442400000,2.439900,2.473100,2.430900,2.472100,367890.40000000,192244.40000000,16598.40000000
1786446000000,2.472100,2.513800,2.469200,2.478100,1414925.70000000,729036.80000000,43147.90000000
1786449600000,2.478100,2.498100,2.466700,2.473800,595775.00000000,323956.30000000,52137.60000000
1786453200000,2.473500,2.482600,2.448100,2.467900,504156.80000000,225565.90000000,-53025.00000000
1786456800000,2.468000,2.528500,2.433400,2.438200,1475671.20000000,815980.50000000,156289.80000000
1786460400000,2.438200,2.450000,2.383000,2.412500,1104704.00000000,548244.50000000,-8215.00000000
1786464000000,2.412500,2.451800,2.394500,2.442200,611777.80000000,317771.10000000,23764.40000000
1786467600000,2.442100,2.445300,2.418100,2.428500,412336.60000000,199988.60000000,-12359.40000000
1786471200000,2.428500,2.450500,2.388100,2.396600,549478.50000000,326888.40000000,104298.30000000
1786474800000,2.396700,2.454000,2.390000,2.446700,507650.40000000,288336.10000000,69021.80000000
1786478400000,2.446700,2.449700,2.382100,2.384100,517531.30000000,212760.70000000,-92009.90000000
1786482000000,2.383800,2.440100,2.383500,2.434700,199615.30000000,109511.00000000,19406.70000000
1786485600000,2.434700,2.441900,2.416900,2.425300,348326.60000000,130724.20000000,-86878.20000000
1786489200000,2.425300,2.433400,2.412200,2.418600,172383.00000000,85670.00000000,-1043.00000000
1786492800000,2.418600,2.430100,2.385700,2.394800,402003.60000000,219425.20000000,36846.80000000
1786496400000,2.394700,2.398900,2.367700,2.370800,362989.50000000,155298.40000000,-52392.70000000
1786500000000,2.370900,2.372900,2.318600,2.329000,1260632.70000000,671891.10000000,83149.50000000
1786503600000,2.329200,2.335900,2.300000,2.327800,751663.10000000,311367.10000000,-128928.90000000
1786507200000,2.327700,2.338800,2.300000,2.309200,569333.00000000,260490.90000000,-48351.20000000
1786510800000,2.309500,2.323900,2.293700,2.313300,448452.40000000,208495.70000000,-31461.00000000
1786514400000,2.313200,2.320500,2.264000,2.296600,1008803.20000000,455731.30000000,-97340.60000000
1786518000000,2.296500,2.315600,2.285800,2.305200,422924.50000000,205469.30000000,-11985.90000000
1786521600000,2.305400,2.325800,2.289200,2.293100,439912.60000000,183347.80000000,-73217.00000000
1786525200000,2.293300,2.332500,2.280200,2.308800,816397.00000000,362703.40000000,-90990.20000000
1786528800000,2.308700,2.329100,2.294600,2.320100,396676.20000000,205962.20000000,15248.20000000
1786532400000,2.320000,2.323700,2.298100,2.305500,226925.90000000,107892.70000000,-11140.50000000
1786536000000,2.305800,2.348900,2.302700,2.341200,672255.90000000,310940.60000000,-50374.70000000
1786539600000,2.341200,2.345900,2.303100,2.304000,328843.10000000,140098.50000000,-48646.10000000
1786543200000,2.304000,2.305200,2.200600,2.235700,2463993.00000000,1121478.40000000,-221036.20000000
1786546800000,2.235600,2.341100,2.234500,2.316500,1385580.40000000,751126.30000000,116672.20000000
1786550400000,2.316400,2.341000,2.295800,2.323600,1287607.90000000,595898.10000000,-95811.70000000
1786554000000,2.323600,2.414700,2.319700,2.400100,1227939.20000000,660439.90000000,92940.60000000
1786557600000,2.400200,2.439900,2.385600,2.396400,1125266.20000000,586594.90000000,47923.60000000
1786561200000,2.396400,2.404100,2.366200,2.372000,450003.10000000,208242.80000000,-33517.50000000
1786564800000,2.371900,2.383000,2.354500,2.357900,397708.60000000,194301.40000000,-9105.80000000
1786568400000,2.358000,2.369800,2.347700,2.349900,210504.20000000,92403.50000000,-25697.20000000
1786572000000,2.350200,2.350800,2.303600,2.334000,459060.80000000,198509.40000000,-62042.00000000
1786575600000,2.334000,2.349600,2.323300,2.334300,285414.00000000,127643.30000000,-30127.40000000
1786579200000,2.334200,2.405300,2.327200,2.380400,440700.90000000,260106.70000000,79512.50000000
1786582800000,2.380100,2.386300,2.364800,2.364800,223306.90000000,121997.20000000,20687.50000000
1786586400000,2.364700,2.379000,2.349200,2.352400,239251.80000000,127997.60000000,16743.40000000
1786590000000,2.352300,2.384500,2.349300,2.365400,378086.40000000,201990.40000000,25894.40000000
1786593600000,2.365300,2.402900,2.359000,2.387300,380998.80000000,198915.10000000,16831.40000000
1786597200000,2.387500,2.417000,2.385600,2.394900,330285.70000000,153123.50000000,-24038.70000000
1786600800000,2.394900,2.400300,2.371800,2.382200,167691.30000000,63545.80000000,-40599.70000000
1786604400000,2.382100,2.399700,2.375200,2.390600,209873.60000000,118365.10000000,26856.60000000
1786608000000,2.391100,2.394000,2.342400,2.351400,471358.20000000,214090.50000000,-43177.20000000
1786611600000,2.351400,2.381600,2.340200,2.368100,439091.40000000,221292.20000000,3493.00000000
1786615200000,2.368100,2.398100,2.349200,2.381000,365219.50000000,173138.50000000,-18942.50000000
1786618800000,2.381100,2.385300,2.336600,2.366100,340722.30000000,152826.90000000,-35068.50000000
1786622400000,2.366100,2.371600,2.346600,2.364000,324740.60000000,168788.20000000,12835.80000000
1786626000000,2.364000,2.374800,2.351700,2.356000,324737.30000000,140703.80000000,-43329.70000000
1786629600000,2.355900,2.391500,2.335300,2.370100,509650.10000000,248469.60000000,-12710.90000000
1786633200000,2.370000,2.412200,2.362100,2.376200,952175.80000000,455354.50000000,-41466.80000000
1786636800000,2.376200,2.388800,2.282800,2.316500,2179588.30000000,1078771.30000000,-22045.70000000
1786640400000,2.316400,2.341600,2.308900,2.334600,667513.70000000,324879.00000000,-17755.70000000
1786644000000,2.334600,2.340100,2.313500,2.327300,240994.10000000,127699.00000000,14403.90000000
1786647600000,2.327500,2.336600,2.295200,2.302000,291725.40000000,129051.90000000,-33621.60000000
1786651200000,2.302100,2.345700,2.296300,2.301200,596793.00000000,309075.10000000,21357.20000000
1786654800000,2.301100,2.314600,2.251800,2.253600,1099705.60000000,478014.10000000,-143677.40000000
1786658400000,2.253500,2.272700,2.235400,2.270600,556687.90000000,275182.90000000,-6322.10000000
1786662000000,2.270600,2.280600,2.258600,2.270100,248723.20000000,125736.80000000,2750.40000000
1786665600000,2.270100,2.273800,2.251200,2.256600,349201.10000000,139614.60000000,-69971.90000000
1786669200000,2.256700,2.270800,2.254100,2.256700,228822.70000000,107360.10000000,-14102.50000000
1786672800000,2.256700,2.260500,2.207100,2.220800,749856.60000000,304360.50000000,-141135.60000000
1786676400000,2.220700,2.224300,2.204500,2.220400,444161.30000000,231071.50000000,17981.70000000
1786680000000,2.220400,2.257700,2.217500,2.246300,383662.70000000,222687.00000000,61711.30000000
1786683600000,2.246200,2.249700,2.233200,2.240800,143597.50000000,79394.00000000,15190.50000000
1786687200000,2.241000,2.242100,2.216100,2.218600,247714.50000000,81246.90000000,-85220.70000000
1786690800000,2.218900,2.233600,2.217900,2.231800,219991.60000000,122920.80000000,25850.00000000
1786694400000,2.232100,2.241400,2.210000,2.212500,404936.30000000,152018.80000000,-100898.70000000
1786698000000,2.212300,2.234600,2.191300,2.225900,1128788.60000000,586175.50000000,43562.40000000
1786701600000,2.226000,2.236000,2.215400,2.230800,701076.10000000,449754.80000000,198433.50000000
1786705200000,2.230900,2.245900,2.216800,2.225800,646767.40000000,354375.10000000,61982.80000000
1786708800000,2.225800,2.243200,2.211900,2.225000,329550.50000000,159040.20000000,-11470.10000000
1786712400000,2.225100,2.225100,2.200300,2.212200,546929.70000000,205320.00000000,-136289.70000000
1786716000000,2.212300,2.222800,2.201400,2.206600,602340.40000000,314798.70000000,27257.00000000
1786719600000,2.206500,2.243400,2.198200,2.234500,784497.60000000,417739.50000000,50981.40000000
1786723200000,2.234600,2.248600,2.207900,2.212900,504954.20000000,268189.10000000,31424.00000000
1786726800000,2.212900,2.233100,2.208100,2.219700,266755.80000000,152158.10000000,37560.40000000
1786730400000,2.219900,2.262100,2.218800,2.257800,299370.90000000,187184.10000000,74997.30000000
1786734000000,2.257600,2.261600,2.232100,2.244500,266274.10000000,108711.90000000,-48850.30000000
1786737600000,2.244600,2.250200,2.218800,2.222500,205444.20000000,107643.30000000,9842.40000000
1786741200000,2.222600,2.230800,2.211700,2.212900,171321.30000000,70655.90000000,-30009.50000000
1786744800000,2.213000,2.231000,2.212400,2.215300,147792.20000000,68678.90000000,-10434.40000000
1786748400000,2.215400,2.240400,2.214200,2.234300,142570.30000000,76466.70000000,10363.10000000
1786752000000,2.234400,2.238700,2.218900,2.221300,145385.50000000,86986.20000000,28586.90000000
1786755600000,2.221300,2.227100,2.214800,2.216900,133505.10000000,78299.70000000,23094.30000000
1786759200000,2.217000,2.269400,2.216700,2.267100,527325.80000000,295722.20000000,64118.60000000
1786762800000,2.267400,2.297000,2.258600,2.272900,521064.10000000,253895.90000000,-13272.30000000
1786766400000,2.272700,2.297000,2.252100,2.274600,1171018.30000000,789746.40000000,408474.50000000
1786770000000,2.274400,2.313500,2.271500,2.285300,423122.50000000,169291.40000000,-84539.70000000
1786773600000,2.285400,2.292000,2.274800,2.283300,179320.40000000,82421.00000000,-14478.40000000
1786777200000,2.283200,2.290200,2.260100,2.267500,239333.40000000,106744.20000000,-25845.00000000
1786780800000,2.267500,2.279700,2.252300,2.257100,251240.60000000,101754.70000000,-47731.20000000
1786784400000,2.257000,2.275600,2.253400,2.261800,168892.80000000,85359.40000000,1826.00000000
1786788000000,2.261800,2.268300,2.248400,2.255200,170373.70000000,93362.60000000,16351.50000000
1786791600000,2.255200,2.256900,2.246800,2.255900,126600.50000000,62310.20000000,-1980.10000000
1786795200000,2.255800,2.262700,2.247000,2.261900,161621.70000000,74916.20000000,-11789.30000000
1786798800000,2.261900,2.270000,2.247500,2.248100,226909.40000000,107786.70000000,-11336.00000000
1786802400000,2.248100,2.262400,2.247100,2.256800,174346.80000000,98609.40000000,22872.00000000
1786806000000,2.256700,2.268600,2.254300,2.264500,128714.90000000,69135.20000000,9555.50000000
1786809600000,2.264400,2.276800,2.240900,2.255400,478065.30000000,239703.50000000,1341.70000000
1786813200000,2.255600,2.256800,2.245000,2.250600,105911.10000000,48695.50000000,-8520.10000000
1786816800000,2.250600,2.256800,2.242600,2.253000,161833.60000000,83748.40000000,5663.20000000
1786820400000,2.253100,2.273300,2.251100,2.263300,238240.10000000,121129.10000000,4018.10000000
1786824000000,2.263300,2.266200,2.255000,2.259500,136310.80000000,55208.90000000,-25893.00000000
1786827600000,2.259400,2.265400,2.251000,2.252900,174820.70000000,100375.20000000,25929.70000000
1786831200000,2.252700,2.263200,2.251900,2.258800,94286.40000000,39992.80000000,-14300.80000000
1786834800000,2.258700,2.264300,2.249500,2.263000,94842.70000000,45201.30000000,-4440.10000000
1786838400000,2.263100,2.264400,2.252400,2.254400,82379.50000000,42894.90000000,3410.30000000
1786842000000,2.254400,2.269900,2.253700,2.266200,167778.50000000,77456.30000000,-12865.90000000
1786845600000,2.266100,2.272500,2.254700,2.259400,140406.20000000,77686.30000000,14966.40000000
1786849200000,2.259400,2.324700,2.257800,2.312600,1037337.30000000,571188.50000000,105039.70000000
1786852800000,2.312600,2.323300,2.296200,2.300500,420332.40000000,235855.00000000,51377.60000000
1786856400000,2.300500,2.305300,2.287200,2.292800,692940.60000000,544936.80000000,396933.00000000
1786860000000,2.292800,2.301600,2.286900,2.289100,114140.10000000,54023.80000000,-6092.50000000
1786863600000,2.289100,2.314600,2.284400,2.309100,278893.20000000,175534.80000000,72176.40000000
1786867200000,2.309100,2.317600,2.291200,2.306800,288331.80000000,141908.70000000,-4514.40000000
1786870800000,2.306800,2.318600,2.298500,2.300700,276859.90000000,115666.90000000,-45526.10000000
1786874400000,2.300700,2.309800,2.290700,2.304900,248387.80000000,108998.50000000,-30390.80000000
1786878000000,2.304800,2.328300,2.302100,2.324500,267847.90000000,151194.20000000,34540.50000000
1786881600000,2.324400,2.338000,2.314100,2.316500,355962.20000000,189280.60000000,22599.00000000
1786885200000,2.316500,2.335100,2.305100,2.321400,302378.90000000,145455.10000000,-11468.70000000
1786888800000,2.321100,2.335400,2.313900,2.332400,239472.10000000,117794.20000000,-3883.70000000
1786892400000,2.332400,2.341200,2.321700,2.337300,259072.40000000,119165.50000000,-20741.40000000
1786896000000,2.337200,2.360000,2.322800,2.343400,527928.50000000,256749.80000000,-14428.90000000
1786899600000,2.343400,2.347000,2.325700,2.332800,265191.70000000,101466.80000000,-62258.10000000
1786903200000,2.332900,2.335700,2.315400,2.320400,256708.60000000,89768.60000000,-77171.40000000
1786906800000,2.320400,2.327600,2.311100,2.322300,140706.50000000,77601.10000000,14495.70000000
1786910400000,2.322100,2.334600,2.322000,2.333000,75771.40000000,49183.20000000,22595.00000000
1786914000000,2.332800,2.335900,2.279100,2.288100,440119.70000000,213571.90000000,-12975.90000000
1786917600000,2.287600,2.288000,2.272100,2.281100,328499.40000000,152284.90000000,-23929.60000000
1786921200000,2.281100,2.284400,2.267800,2.276500,130598.10000000,73155.10000000,15712.10000000
1786924800000,2.276300,2.283100,2.270600,2.276500,140727.00000000,79998.70000000,19270.40000000
1786928400000,2.276500,2.311900,2.276100,2.301400,324988.30000000,180707.20000000,36426.10000000
1786932000000,2.301500,2.340200,2.293700,2.333800,323187.20000000,171673.00000000,20158.80000000
1786935600000,2.333900,2.341100,2.322100,2.329400,723687.50000000,544243.50000000,364799.50000000
1786939200000,2.329400,2.372800,2.329100,2.368500,437833.70000000,291001.80000000,144169.90000000
1786942800000,2.368500,2.384900,2.352100,2.366600,319894.50000000,150583.80000000,-18726.90000000
1786946400000,2.366500,2.379600,2.351000,2.366700,401507.70000000,165838.60000000,-69830.50000000
1786950000000,2.366700,2.369700,2.339200,2.349100,541293.00000000,249530.50000000,-42232.00000000
1786953600000,2.349000,2.357000,2.328900,2.351000,345229.10000000,164075.50000000,-17078.10000000
1786957200000,2.350900,2.355300,2.342500,2.348700,226197.10000000,114189.00000000,2180.90000000
1786960800000,2.348700,2.367400,2.332200,2.363200,433168.50000000,288533.50000000,143898.50000000
1786964400000,2.363100,2.380800,2.341100,2.373000,528082.40000000,257721.00000000,-12640.40000000
1786968000000,2.372900,2.373700,2.349200,2.360700,517059.90000000,243819.10000000,-29421.70000000
1786971600000,2.360800,2.363300,2.331200,2.335900,361014.90000000,176349.50000000,-8315.90000000
1786975200000,2.335800,2.344900,2.302600,2.343600,785689.80000000,391896.00000000,-1897.80000000
1786978800000,2.343500,2.365500,2.334300,2.353200,457436.20000000,203567.30000000,-50301.60000000
1786982400000,2.353200,2.353700,2.332700,2.337800,213071.40000000,100169.60000000,-12732.20000000
1786986000000,2.337800,2.341600,2.319400,2.320000,198842.30000000,83139.70000000,-32562.90000000
1786989600000,2.320000,2.341400,2.315200,2.327700,250102.20000000,134537.90000000,18973.60000000
1786993200000,2.327600,2.340700,2.324800,2.332300,151510.80000000,75306.00000000,-898.80000000
1786996800000,2.332200,2.346600,2.322300,2.342500,172557.00000000,95540.70000000,18524.40000000
1787000400000,2.342600,2.351900,2.340600,2.343200,123110.10000000,55457.10000000,-12195.90000000
1787004000000,2.343100,2.346200,2.331200,2.332400,144431.50000000,66220.50000000,-11990.50000000
1787007600000,2.332400,2.341500,2.327800,2.330400,136120.20000000,81132.20000000,26144.20000000
1787011200000,2.330400,2.337500,2.317300,2.319900,161117.80000000,82304.10000000,3490.40000000
1787014800000,2.320000,2.324000,2.291400,2.294600,354135.10000000,142218.90000000,-69697.30000000
1787018400000,2.294500,2.303400,2.282300,2.292200,347964.90000000,172697.40000000,-2570.10000000
1787022000000,2.292200,2.309700,2.290300,2.303000,234400.30000000,122144.80000000,9889.30000000
1787025600000,2.303100,2.313900,2.300200,2.309900,161788.50000000,91235.70000000,20682.90000000
1787029200000,2.309800,2.317300,2.295500,2.304600,179121.20000000,79643.00000000,-19835.20000000
1787032800000,2.304500,2.359600,2.298300,2.334000,593320.00000000,341750.20000000,90180.40000000
1787036400000,2.334100,2.351800,2.333700,2.338800,266161.50000000,109055.20000000,-48051.10000000
1787040000000,2.338800,2.353800,2.323700,2.331500,860530.40000000,462421.40000000,64312.40000000
1787043600000,2.331500,2.376600,2.321600,2.373800,728339.50000000,345781.20000000,-36777.10000000
1787047200000,2.373900,2.376000,2.361200,2.365000,248542.60000000,88643.30000000,-71256.00000000
1787050800000,2.365100,2.372500,2.357100,2.364600,282190.70000000,174766.00000000,67341.30000000
1787054400000,2.364100,2.398700,2.362900,2.373100,1187079.90000000,644057.90000000,101035.90000000
1787058000000,2.373000,2.373800,2.350000,2.359100,633905.30000000,385840.00000000,137774.70000000
1787061600000,2.359100,2.398600,2.335600,2.356600,1110769.30000000,471614.10000000,-167541.10000000
1787065200000,2.356500,2.399600,2.352300,2.391700,700046.20000000,345155.20000000,-9735.80000000
1787068800000,2.391700,2.397100,2.378700,2.383900,504157.90000000,183480.10000000,-137197.70000000
1787072400000,2.383900,2.400000,2.378600,2.381100,439033.10000000,228466.60000000,17900.10000000
1787076000000,2.381500,2.399100,2.379600,2.387200,555001.10000000,206997.00000000,-141007.10000000
1787079600000,2.387200,2.418700,2.378800,2.390900,551619.90000000,298414.90000000,45209.90000000
1787083200000,2.390900,2.391000,2.364300,2.366100,451587.50000000,258549.50000000,65511.50000000
1787086800000,2.366000,2.374200,2.356100,2.373100,409601.30000000,158090.60000000,-93420.10000000
1787090400000,2.373000,2.396800,2.360600,2.367200,484289.20000000,213721.30000000,-56846.60000000
1787094000000,2.367200,2.375500,2.356300,2.356400,329673.70000000,154158.70000000,-21356.30000000
1787097600000,2.356400,2.359800,2.339100,2.353500,544129.10000000,297512.10000000,50895.10000000
1787101200000,2.353300,2.392800,2.350000,2.370500,341817.40000000,176666.50000000,11515.60000000
1787104800000,2.370600,2.371000,2.332700,2.334900,383139.10000000,173647.40000000,-35844.30000000
1787108400000,2.334800,2.357100,2.333400,2.336700,283837.90000000,137296.90000000,-9244.10000000
1787112000000,2.336800,2.340700,2.316200,2.318200,374068.80000000,135465.10000000,-103138.60000000
1787115600000,2.318200,2.319900,2.286400,2.290800,541463.70000000,247899.50000000,-45664.70000000
1787119200000,2.290800,2.303500,2.273600,2.297500,395079.00000000,226662.10000000,58245.20000000
1787122800000,2.298500,2.308200,2.294700,2.297500,238129.40000000,88559.10000000,-61011.20000000
1787126400000,2.297400,2.316800,2.295600,2.312600,465761.60000000,283665.40000000,101569.20000000
1787130000000,2.312500,2.327600,2.281800,2.285100,1046179.40000000,596080.00000000,145980.60000000
1787133600000,2.285100,2.292300,2.263700,2.289000,503967.60000000,311725.50000000,119483.40000000
1787137200000,2.288900,2.317600,2.286200,2.317000,521744.70000000,261406.20000000,1067.70000000
1787140800000,2.317000,2.340000,2.309800,2.335500,396030.40000000,165532.60000000,-64965.20000000
1787144400000,2.335400,2.351900,2.316800,2.335000,793904.50000000,333770.30000000,-126363.90000000
1787148000000,2.335000,2.362500,2.329500,2.360300,573126.80000000,268423.10000000,-36280.60000000
1787151600000,2.360100,2.469500,2.360000,2.448000,2917078.90000000,1741715.10000000,566351.30000000
1787155200000,2.447700,2.500900,2.435900,2.480300,2481198.10000000,1109373.90000000,-262450.30000000
1787158800000,2.480400,2.497000,2.447200,2.493600,1073351.10000000,497363.80000000,-78623.50000000
1787162400000,2.493600,2.497000,2.467200,2.487900,779860.00000000,354996.30000000,-69867.40000000
1787166000000,2.487800,2.758000,2.484300,2.626800,10415985.70000000,5421296.70000000,426607.70000000
1787169600000,2.626800,2.732800,2.600000,2.731200,3940185.20000000,2058832.90000000,177480.60000000
1787173200000,2.731700,2.740000,2.625300,2.629400,2203796.20000000,1061076.50000000,-81643.20000000
1787176800000,2.629400,2.635500,2.585100,2.602800,1227380.30000000,572830.50000000,-81719.30000000
1787180400000,2.602800,2.631000,2.580800,2.600000,952279.70000000,486670.20000000,21060.70000000
1787184000000,2.600100,2.641600,2.576900,2.620200,1141545.90000000,507907.20000000,-125731.50000000
1787187600000,2.620600,2.661800,2.595100,2.655500,577355.30000000,301029.00000000,24702.70000000
1787191200000,2.655600,2.700400,2.644800,2.689500,880741.70000000,488188.10000000,95634.50000000
1787194800000,2.689500,2.711200,2.654800,2.694200,1145748.40000000,489079.80000000,-167588.80000000
1787198400000,2.694200,2.804200,2.689400,2.794700,2664421.10000000,1683970.00000000,703518.90000000
1787202000000,2.794500,2.880800,2.784400,2.849300,3938861.00000000,1961023.40000000,-16814.20000000
1787205600000,2.849100,2.908800,2.822700,2.904500,2344449.90000000,1181129.70000000,17809.50000000
1787209200000,2.904500,2.964200,2.902100,2.941000,3215379.60000000,1555075.60000000,-105228.40000000
1787212800000,2.941900,2.971100,2.860000,2.875800,2584428.80000000,1132447.90000000,-319533.00000000
1787216400000,2.875800,2.902300,2.822100,2.830300,2518387.60000000,1274741.60000000,31095.60000000
1787220000000,2.830200,2.847800,2.770500,2.800200,3077589.40000000,1685504.30000000,293419.20000000
1787223600000,2.800100,2.806600,2.730000,2.758100,1990974.40000000,972139.60000000,-46695.20000000
1787227200000,2.758200,2.771900,2.698600,2.731300,2527065.40000000,1278028.70000000,28992.00000000
1787230800000,2.731100,2.797900,2.665000,2.719100,3820319.40000000,1959016.60000000,97713.80000000
1787234400000,2.719200,2.759800,2.687800,2.704200,3152993.30000000,1705054.80000000,257116.30000000
1787238000000,2.704400,2.794200,2.700500,2.773000,3207715.00000000,1760067.20000000,312419.40000000
1787241600000,2.772500,2.824200,2.722200,2.794300,2222677.60000000,1163736.50000000,104795.40000000
1787245200000,2.794200,2.841100,2.711100,2.713100,2507316.20000000,1198550.10000000,-110216.00000000
1787248800000,2.713000,2.721200,2.622200,2.637800,3141562.50000000,1453591.70000000,-234379.10000000
1787252400000,2.637600,2.669700,2.622700,2.640500,1213661.90000000,688951.10000000,164240.30000000
1787256000000,2.640500,2.678700,2.637400,2.668200,1201907.80000000,678876.30000000,155844.80000000
1787259600000,2.668100,2.729100,2.650200,2.711600,1086016.60000000,580135.80000000,74255.00000000
1787263200000,2.711700,2.714500,2.664000,2.677800,1064041.00000000,457227.60000000,-149585.80000000
1787266800000,2.677800,2.699900,2.655000,2.666600,680758.60000000,380623.90000000,80489.20000000
1787270400000,2.666700,2.714700,2.659000,2.668100,972558.10000000,507975.70000000,43393.30000000
1787274000000,2.668800,2.695500,2.626400,2.673800,1623616.10000000,868496.60000000,113377.10000000
1787277600000,2.673700,2.697600,2.623800,2.631700,1548973.90000000,787019.70000000,25065.50000000
1787281200000,2.631800,2.659200,2.602700,2.644700,1438067.70000000,581942.60000000,-274182.50000000
1787284800000,2.644800,2.703900,2.644800,2.685700,1194708.50000000,526860.40000000,-140987.70000000
1787288400000,2.685800,2.748000,2.672200,2.744400,1163782.30000000,626390.60000000,88998.90000000
1787292000000,2.744400,2.785200,2.712500,2.713200,1526259.50000000,769514.80000000,12770.10000000
1787295600000,2.713300,2.774600,2.700000,2.772900,1645103.20000000,950870.80000000,256638.40000000
1787299200000,2.772800,2.813400,2.743500,2.800000,2356453.80000000,1275173.40000000,193893.00000000
1787302800000,2.799400,2.802200,2.657700,2.730000,3410305.20000000,1476725.40000000,-456854.40000000
1787306400000,2.729900,2.795000,2.715600,2.737500,1930023.30000000,993412.90000000,56802.50000000
1787310000000,2.737600,2.765800,2.689000,2.713000,1465134.10000000,630548.60000000,-204036.90000000
1787313600000,2.712900,2.751800,2.690000,2.727400,1045276.70000000,461887.00000000,-121502.70000000
1787317200000,2.727300,2.834100,2.701600,2.823600,4234323.80000000,2127523.10000000,20722.40000000
1787320800000,2.823200,2.860000,2.744500,2.853900,2956856.60000000,1334600.60000000,-287655.40000000
1787324400000,2.854100,2.930600,2.826600,2.850400,2919168.80000000,1468336.10000000,17503.40000000
1787328000000,2.850400,2.935000,2.789900,2.925300,2235210.50000000,1170342.90000000,105475.30000000
1787331600000,2.925900,3.041000,2.915000,2.994400,5931418.60000000,3047958.30000000,164498.00000000
1787335200000,2.994500,3.083400,2.978000,3.078500,2503333.80000000,1222138.60000000,-59056.60000000
1787338800000,3.078500,3.182500,2.984600,3.066500,4586203.50000000,2113207.60000000,-359788.30000000
1787342400000,3.066900,3.114900,3.004000,3.051100,2853481.60000000,1368774.10000000,-115933.40000000
1787346000000,3.051100,3.142700,3.025200,3.101100,1495888.80000000,691601.90000000,-112685.00000000
1787349600000,3.101600,3.172000,3.067400,3.097400,1299532.10000000,608219.30000000,-83093.50000000
1787353200000,3.097500,3.137200,3.065700,3.128000,906429.10000000,496181.90000000,85934.70000000
1787356800000,3.128000,3.148900,3.023100,3.120400,1460558.60000000,725763.50000000,-9031.60000000
1787360400000,3.120500,3.190000,3.095200,3.126100,868179.10000000,470791.00000000,73402.90000000
1787364000000,3.126200,3.242800,3.093800,3.181600,1975117.40000000,998245.40000000,21373.40000000
1787367600000,3.181700,3.201300,3.089600,3.144900,2485068.80000000,1285341.30000000,85613.80000000
1787371200000,3.145200,3.182100,3.088000,3.093700,1973952.00000000,1072361.00000000,170770.00000000
1787374800000,3.093600,3.112300,2.538000,3.000900,7700407.80000000,3582690.00000000,-535027.80000000
1787378400000,3.000700,3.070000,2.930700,3.048700,2590895.50000000,1372907.40000000,154919.30000000
1787382000000,3.047800,3.082000,3.034400,3.059400,1495783.60000000,753963.50000000,12143.40000000
1787385600000,3.059500,3.099200,3.037100,3.062400,950685.20000000,445631.40000000,-59422.40000000
1787389200000,3.062500,3.134200,3.033500,3.073800,1580671.60000000,770713.60000000,-39244.40000000
1787392800000,3.073900,3.111400,3.035300,3.049500,2043491.70000000,974171.00000000,-95149.70000000
1787396400000,3.049500,3.134300,3.003500,3.117900,1871749.30000000,890405.20000000,-90938.90000000
1787400000000,3.117900,3.280000,3.104300,3.186700,2848598.40000000,1502393.50000000,156188.60000000
1787403600000,3.186200,3.230000,3.136200,3.197300,1887930.60000000,929709.50000000,-28511.60000000
1787407200000,3.197300,3.206200,3.080000,3.102600,1717134.90000000,863163.00000000,9191.10000000
1787410800000,3.102600,3.176100,3.066600,3.102800,1086388.80000000,531174.20000000,-24040.40000000
1787414400000,3.102700,3.215600,3.089900,3.161000,1142475.10000000,606748.00000000,71020.90000000
1787418000000,3.161000,3.291900,3.152400,3.250300,1532078.20000000,804685.10000000,77292.00000000
1787421600000,3.250000,3.310900,3.246700,3.280600,1282545.30000000,633963.70000000,-14617.90000000
1787425200000,3.281200,3.296400,3.210000,3.243000,870350.80000000,402212.00000000,-65926.80000000
1787428800000,3.243100,3.328800,3.220900,3.324800,786140.80000000,411390.10000000,36639.40000000
1787432400000,3.324800,3.326800,3.090200,3.131100,1897452.00000000,783725.30000000,-330001.40000000
1787436000000,3.131000,3.215400,3.123600,3.190900,1030531.40000000,558038.10000000,85544.80000000
1787439600000,3.190900,3.219700,3.146600,3.190200,616516.80000000,301546.40000000,-13424.00000000
1787443200000,3.190000,3.290000,3.185600,3.234500,1066188.20000000,528505.70000000,-9176.80000000
1787446800000,3.235100,3.237400,3.156400,3.166800,802442.80000000,361860.90000000,-78721.00000000
1787450400000,3.166700,3.178800,3.083000,3.090800,1136361.80000000,459067.00000000,-218227.80000000
1787454000000,3.091000,3.109000,3.050600,3.092600,1116946.90000000,532615.20000000,-51716.50000000
1787457600000,3.092700,3.128600,3.028200,3.038900,1216005.90000000,588989.20000000,-38027.50000000
1787461200000,3.038900,3.082900,3.018000,3.026400,1307591.00000000,564687.40000000,-178216.20000000
1787464800000,3.026300,3.115700,2.968700,3.088700,2064595.10000000,1043153.30000000,21711.50000000
1787468400000,3.088400,3.193000,3.084200,3.190900,1231491.10000000,698285.10000000,165079.10000000
1787472000000,3.191000,3.300000,3.165200,3.297400,1732666.50000000,916618.30000000,100570.10000000
1787475600000,3.297300,3.325900,3.249300,3.295200,1372923.10000000,691121.70000000,9320.30000000
1787479200000,3.295200,3.311000,3.252200,3.295900,796429.60000000,392489.80000000,-11450.00000000
1787482800000,3.295900,3.337800,3.264000,3.269800,1195035.50000000,599423.60000000,3811.70000000
1787486400000,3.269900,3.272700,3.211400,3.242200,1246263.60000000,578953.00000000,-88357.60000000
1787490000000,3.242200,3.373100,3.229900,3.358000,2277153.10000000,1077083.40000000,-122986.30000000
1787493600000,3.358000,3.389000,3.272200,3.293800,2043521.00000000,965693.20000000,-112134.60000000
1787497200000,3.294100,3.380300,3.226800,3.266700,1633126.10000000,729709.20000000,-173707.70000000
1787500800000,3.266800,3.374400,3.190100,3.351700,1928043.00000000,957943.20000000,-12156.60000000
1787504400000,3.351900,3.404000,3.333400,3.382500,1192808.60000000,611926.80000000,31045.00000000
1787508000000,3.382500,3.417200,3.341900,3.412300,792424.20000000,414697.70000000,36971.20000000
1787511600000,3.412200,3.414000,3.310000,3.321200,784007.40000000,377013.40000000,-29980.60000000
1787515200000,3.321500,3.324400,3.252900,3.312900,788543.30000000,374254.30000000,-40034.70000000
1787518800000,3.313000,3.386000,3.303700,3.332300,516935.90000000,281714.10000000,46492.30000000
1787522400000,3.332300,3.439600,3.293700,3.427800,1083419.40000000,526345.50000000,-30728.40000000
1787526000000,3.427800,3.615800,3.408600,3.578800,2355570.10000000,1201160.70000000,46751.30000000
1787529600000,3.578800,3.607300,3.464300,3.585200,2270373.90000000,1164277.60000000,58181.30000000
1787533200000,3.586800,3.701400,3.484100,3.651400,4092683.50000000,2259824.50000000,426965.50000000
1787536800000,3.651400,3.807800,3.500300,3.651600,12862548.60000000,6433155.90000000,3763.20000000
1787540400000,3.651500,3.668000,3.549900,3.563700,3828994.50000000,1773782.80000000,-281428.90000000
1787544000000,3.563700,3.780000,3.518900,3.739200,7450070.80000000,3830724.20000000,211377.60000000
1787547600000,3.739100,3.786800,3.631900,3.702000,4106964.40000000,2038589.40000000,-29785.60000000
1787551200000,3.702400,3.744100,3.600900,3.661200,2921588.60000000,1548687.70000000,175786.80000000
1787554800000,3.661300,3.662700,3.550800,3.603700,2980993.60000000,1529023.20000000,77052.80000000
1787558400000,3.603900,3.617500,3.406000,3.437200,3540533.00000000,1788975.50000000,37418.00000000
1787562000000,3.437800,3.516000,3.402200,3.432500,3181766.20000000,1715977.10000000,250188.00000000
1787565600000,3.432000,3.461500,3.368700,3.418100,2336628.00000000,1202668.80000000,68709.60000000
1787569200000,3.418000,3.532600,3.397500,3.526000,1973221.40000000,1068605.20000000,163989.00000000
1787572800000,3.525800,3.559100,3.431900,3.507200,2161993.10000000,998852.80000000,-164287.50000000
1787576400000,3.507000,3.511200,3.390400,3.428300,1813105.50000000,828409.00000000,-156287.50000000
1787580000000,3.428300,3.461200,3.350100,3.391400,1733242.80000000,759118.70000000,-215005.40000000
1787583600000,3.392400,3.436700,3.325900,3.348800,1441471.20000000,650243.80000000,-140983.60000000
1787587200000,3.348200,3.399900,3.280600,3.289000,1652985.00000000,792745.10000000,-67494.80000000
1787590800000,3.289000,3.342500,3.261900,3.336600,1966218.40000000,953886.50000000,-58445.40000000
1787594400000,3.336500,3.394800,3.267600,3.341900,1666357.80000000,862147.20000000,57936.60000000
1787598000000,3.341900,3.442900,3.334700,3.421200,1483783.00000000,822756.70000000,161730.40000000
1787601600000,3.420900,3.555400,3.395700,3.515600,1710227.10000000,1025118.70000000,340010.30000000
1787605200000,3.515500,3.541700,3.405200,3.410100,1258462.10000000,557144.80000000,-144172.50000000
1787608800000,3.410300,3.432100,3.348600,3.388300,1083864.30000000,468773.00000000,-146318.30000000
1787612400000,3.388200,3.405600,3.351800,3.401300,650786.80000000,328672.70000000,6558.60000000
1787616000000,3.401400,3.466500,3.345800,3.453300,1290469.80000000,691469.60000000,92469.40000000
1787619600000,3.454000,3.465200,3.370500,3.409900,1333202.60000000,585971.30000000,-161260.00000000
1787623200000,3.410100,3.448200,3.402000,3.432200,711087.70000000,364735.00000000,18382.30000000
1787626800000,3.432300,3.529200,3.425600,3.471000,1035881.90000000,557662.50000000,79443.10000000
1787630400000,3.471100,3.503200,3.451800,3.468500,805614.40000000,428418.60000000,51222.80000000
1787634000000,3.468400,3.519500,3.454900,3.484400,846252.40000000,365838.10000000,-114576.20000000
1787637600000,3.484500,3.491000,3.398400,3.410500,1032554.20000000,425004.20000000,-182545.80000000
1787641200000,3.410800,3.474700,3.371300,3.382100,1261199.50000000,633301.80000000,5404.10000000
1787644800000,3.382100,3.518300,3.380800,3.463500,1444883.70000000,700670.60000000,-43542.50000000
1787648400000,3.463600,3.476100,3.407100,3.418600,1104975.70000000,645674.30000000,186372.90000000
1787652000000,3.418500,3.459900,3.416000,3.435000,541438.00000000,290112.60000000,38787.20000000
1787655600000,3.435000,3.460200,3.399000,3.421300,686265.70000000,331830.00000000,-22605.70000000
1787659200000,3.421300,3.479000,3.415600,3.478000,764590.60000000,345189.80000000,-74211.00000000
1787662800000,3.477300,3.516500,3.379400,3.436500,2107293.00000000,1100838.10000000,94383.20000000
1787666400000,3.436600,3.609200,3.417600,3.595900,2176241.60000000,1176679.90000000,177118.20000000
1787670000000,3.595900,3.597000,3.497200,3.569600,1770561.90000000,798037.20000000,-174487.50000000
1787673600000,3.569100,3.599500,3.524400,3.539700,1277296.20000000,637523.90000000,-2248.40000000
1787677200000,3.539700,3.539700,3.410900,3.427400,1424498.10000000,654253.90000000,-115990.30000000
1787680800000,3.427600,3.428300,3.317900,3.352000,1131214.50000000,508664.80000000,-113884.90000000
1787684400000,3.352000,3.436100,3.343900,3.429400,898814.60000000,480094.10000000,61373.60000000
1787688000000,3.429400,3.437900,3.270000,3.271900,1333607.90000000,619699.80000000,-94208.30000000
1787691600000,3.272000,3.283600,3.205100,3.268700,2110481.10000000,1065890.00000000,21298.90000000
1787695200000,3.268600,3.334400,3.263600,3.298000,809798.00000000,437077.60000000,64357.20000000
1787698800000,3.298000,3.323700,3.270800,3.284800,531215.50000000,242809.00000000,-45597.50000000
1787702400000,3.284900,3.307700,3.254200,3.296000,692166.10000000,321431.90000000,-49302.30000000
1787706000000,3.296000,3.333100,3.284500,3.296400,482937.60000000,249762.20000000,16586.80000000
1787709600000,3.296300,3.329000,3.256400,3.321800,816042.30000000,402657.30000000,-10727.70000000
1787713200000,3.321700,3.330000,3.270400,3.280400,477070.20000000,222661.50000000,-31747.20000000
1787716800000,3.280400,3.344900,3.265800,3.310200,598462.00000000,286281.80000000,-25898.40000000
1787720400000,3.310300,3.439900,3.303600,3.407200,1164466.20000000,583486.50000000,2506.80000000
1787724000000,3.407300,3.410900,3.357000,3.363100,528756.90000000,234384.20000000,-59988.50000000
1787727600000,3.363100,3.400700,3.333300,3.361900,604902.00000000,351976.50000000,99051.00000000
1787731200000,3.361800,3.367600,3.282200,3.301500,1046297.90000000,588596.90000000,130895.90000000
1787734800000,3.301500,3.317100,3.274800,3.311100,766085.10000000,409638.40000000,53191.70000000
1787738400000,3.311200,3.366300,3.291200,3.342900,835737.50000000,445907.20000000,56076.90000000
1787742000000,3.342800,3.396700,3.336900,3.366200,974756.30000000,504990.30000000,35224.30000000
1787745600000,3.366400,3.377000,3.282200,3.294700,1339797.90000000,562115.00000000,-215567.90000000
1787749200000,3.294600,3.332700,3.254800,3.300400,1877126.40000000,954628.50000000,32130.60000000
1787752800000,3.300400,3.310400,3.170300,3.213100,1922705.60000000,912270.20000000,-98165.20000000
1787756400000,3.213200,3.256500,3.182800,3.226800,991513.20000000,469249.50000000,-53014.20000000
1787760000000,3.226800,3.238200,3.193400,3.227600,580191.10000000,282126.40000000,-15938.30000000
1787763600000,3.227600,3.284500,3.218600,3.274400,512934.70000000,236764.10000000,-39406.50000000
1787767200000,3.274400,3.335900,3.263100,3.317000,575793.90000000,267626.20000000,-40541.50000000
1787770800000,3.317200,3.372400,3.315700,3.357300,548447.40000000,280886.80000000,13326.20000000
1787774400000,3.357100,3.367500,3.302700,3.351800,520638.90000000,233734.10000000,-53170.70000000
1787778000000,3.351800,3.378500,3.324500,3.377200,620462.00000000,319533.30000000,18604.60000000
1787781600000,3.377000,3.519600,3.372100,3.459100,1507797.00000000,830009.10000000,152221.20000000
1787785200000,3.459100,3.491000,3.447300,3.454900,838626.80000000,358084.90000000,-122457.00000000
1787788800000,3.455100,3.473600,3.381000,3.381300,758873.60000000,365975.10000000,-26923.40000000
1787792400000,3.381300,3.398200,3.343100,3.368000,599304.10000000,283806.40000000,-31691.30000000
1787796000000,3.367900,3.373100,3.322300,3.329000,387640.90000000,181500.80000000,-24639.30000000
1787799600000,3.329100,3.353100,3.314100,3.331600,267175.90000000,135078.60000000,2981.30000000
1787803200000,3.331500,3.344400,3.302100,3.319600,321007.60000000,154624.90000000,-11757.80000000
1787806800000,3.319600,3.337500,3.290500,3.326800,334104.70000000,174435.40000000,14766.10000000
1787810400000,3.326600,3.370900,3.299600,3.366500,520234.70000000,264146.60000000,8058.50000000
1787814000000,3.366600,3.396300,3.338500,3.384200,781648.40000000,440540.90000000,99433.40000000
1787817600000,3.385100,3.452700,3.384800,3.447800,1000330.00000000,415728.70000000,-168872.60000000
1787821200000,3.447800,3.498800,3.436500,3.468700,660218.20000000,323197.60000000,-13823.00000000
1787824800000,3.468800,3.516200,3.410000,3.418700,874630.80000000,394466.20000000,-85698.40000000
1787828400000,3.418300,3.433300,3.380200,3.396200,640192.40000000,284787.90000000,-70616.60000000
1787832000000,3.396100,3.419000,3.358100,3.415300,587012.00000000,284389.20000000,-18233.60000000
1787835600000,3.415100,3.475000,3.403500,3.424400,522978.90000000,237096.80000000,-48785.30000000
1787839200000,3.424300,3.604900,3.401400,3.599900,1494700.50000000,796353.50000000,98006.50000000
1787842800000,3.600900,3.660000,3.552000,3.590200,2070217.00000000,1068668.70000000,67120.40000000
1787846400000,3.590200,3.617100,3.525100,3.600300,903001.30000000,381784.00000000,-139433.30000000
1787850000000,3.600300,3.708900,3.590500,3.647700,1249857.50000000,701320.60000000,152783.70000000
1787853600000,3.647700,3.667500,3.580700,3.618400,704732.50000000,325743.20000000,-53246.10000000
1787857200000,3.618300,3.728400,3.594000,3.702500,1466546.60000000,783816.30000000,101086.00000000
1787860800000,3.702600,3.762700,3.682100,3.725900,1035250.40000000,561461.70000000,87673.00000000
1787864400000,3.726000,3.785800,3.708700,3.771400,891003.50000000,485991.60000000,80979.70000000
1787868000000,3.771600,3.795400,3.705000,3.733600,852995.70000000,384219.10000000,-84557.50000000
1787871600000,3.733600,3.752400,3.694200,3.710200,448860.50000000,211218.50000000,-26423.50000000
1787875200000,3.710200,3.754200,3.691500,3.732100,568140.10000000,270301.50000000,-27537.10000000
1787878800000,3.732100,3.758700,3.630300,3.674900,814928.00000000,367806.20000000,-79315.60000000
1787882400000,3.674800,3.674900,3.569800,3.593700,964098.70000000,417812.60000000,-128473.50000000
1787886000000,3.593800,3.597500,3.525000,3.561900,936989.60000000,500930.80000000,64872.00000000
1787889600000,3.561900,3.581700,3.500000,3.529000,657932.20000000,310042.10000000,-37848.00000000
1787893200000,3.529000,3.530300,3.490100,3.497800,432289.00000000,213659.00000000,-4971.00000000
1787896800000,3.497700,3.522300,3.485000,3.493200,415630.20000000,262784.30000000,109938.40000000
1787900400000,3.493300,3.521500,3.476800,3.510500,483366.50000000,307634.60000000,131902.70000000
1787904000000,3.510400,3.552300,3.489100,3.491200,705759.10000000,362303.40000000,18847.70000000
1787907600000,3.491300,3.507200,3.451600,3.464300,878130.10000000,418621.50000000,-40887.10000000
1787911200000,3.464300,3.509900,3.438700,3.501100,544281.90000000,341026.20000000,137770.50000000
1787914800000,3.500900,3.515300,3.435100,3.437300,455251.50000000,242231.60000000,29211.70000000
1787918400000,3.436800,3.471800,3.435300,3.442200,510383.00000000,295318.50000000,80254.00000000
1787922000000,3.442100,3.468900,3.386900,3.433300,1041575.20000000,475590.10000000,-90395.00000000
1787925600000,3.433700,3.550000,3.392700,3.540000,2027813.60000000,1019453.20000000,11092.80000000
1787929200000,3.540000,3.559300,3.364800,3.375400,1114231.60000000,509257.10000000,-95717.40000000
1787932800000,3.375500,3.475500,3.334200,3.470600,2186503.30000000,1012233.00000000,-162037.30000000
1787936400000,3.470700,3.525100,3.375200,3.381700,1313217.70000000,561828.30000000,-189561.10000000
1787940000000,3.381900,3.389700,3.304200,3.359400,1823851.70000000,935902.50000000,47953.30000000
1787943600000,3.359500,3.413300,3.321200,3.380100,820563.90000000,395540.30000000,-29483.30000000
1787947200000,3.380000,3.403200,3.346600,3.395600,436283.30000000,205284.10000000,-25715.10000000
1787950800000,3.395700,3.402800,3.363000,3.386400,259685.40000000,123944.50000000,-11796.40000000
1787954400000,3.386400,3.492800,3.385700,3.489600,402188.10000000,229988.50000000,57788.90000000
1787958000000,3.489800,3.494500,3.460500,3.493000,366329.80000000,174006.50000000,-18316.80000000
1787961600000,3.493100,3.500900,3.435500,3.439900,404753.50000000,182958.30000000,-38836.90000000
1787965200000,3.439800,3.451900,3.417700,3.425900,244115.40000000,116702.50000000,-10710.40000000
1787968800000,3.426100,3.437500,3.388600,3.389700,233110.50000000,119770.70000000,6430.90000000
1787972400000,3.389700,3.434700,3.362000,3.362500,493134.40000000,247927.30000000,2720.20000000
1787976000000,3.362400,3.405900,3.354800,3.394400,248519.80000000,135655.20000000,22790.60000000
1787979600000,3.394400,3.416100,3.368600,3.385300,265473.90000000,151096.90000000,36719.90000000
1787983200000,3.385200,3.404800,3.344900,3.396900,334272.80000000,188936.60000000,43600.40000000
1787986800000,3.396900,3.406500,3.387400,3.393600,168064.40000000,86523.70000000,4983.00000000
1787990400000,3.393600,3.462800,3.374900,3.453300,586895.60000000,345892.70000000,104889.80000000
1787994000000,3.453300,3.463200,3.428400,3.449100,239188.90000000,125970.20000000,12751.50000000
1787997600000,3.449200,3.484900,3.428300,3.446400,361588.20000000,172475.70000000,-16636.80000000
1788001200000,3.446500,3.472700,3.422800,3.431500,277027.30000000,104601.70000000,-67823.90000000
1788004800000,3.431600,3.453900,3.419700,3.448700,189340.00000000,111675.80000000,34011.60000000
1788008400000,3.448600,3.499400,3.434700,3.498400,349568.90000000,185432.40000000,21295.90000000
1788012000000,3.498000,3.514800,3.477400,3.490700,545526.50000000,265889.90000000,-13746.70000000
1788015600000,3.490800,3.557800,3.471400,3.509100,699808.00000000,388645.30000000,77482.60000000
1788019200000,3.509300,3.534000,3.489200,3.506000,464745.50000000,230492.50000000,-3760.50000000
1788022800000,3.505800,3.517900,3.466500,3.483700,248085.20000000,110260.90000000,-27563.40000000
1788026400000,3.483500,3.505800,3.454000,3.492600,284525.60000000,127725.30000000,-29075.00000000
1788030000000,3.492000,3.522100,3.483600,3.495400,226857.10000000,111259.70000000,-4337.70000000
1788033600000,3.496600,3.521500,3.480900,3.481200,128318.80000000,66689.10000000,5059.40000000
1788037200000,3.481200,3.524000,3.480500,3.499700,156757.10000000,72518.60000000,-11719.90000000
1788040800000,3.499300,3.522700,3.492800,3.513600,123667.40000000,64776.60000000,5885.80000000
1788044400000,3.513700,3.580000,3.512100,3.552000,494363.20000000,270287.40000000,46211.60000000
1788048000000,3.552000,3.574900,3.525800,3.526800,280260.00000000,108625.60000000,-63008.80000000
1788051600000,3.526500,3.557000,3.512400,3.552500,294070.60000000,172748.90000000,51427.20000000
1788055200000,3.552300,3.571300,3.535600,3.537800,317874.40000000,147957.00000000,-21960.40000000
1788058800000,3.537600,3.542100,3.494400,3.505600,276438.70000000,117129.70000000,-42179.30000000
1788062400000,3.506000,3.508400,3.471000,3.486800,207391.40000000,80840.40000000,-45710.60000000
1788066000000,3.486800,3.498400,3.475500,3.485500,152494.00000000,70995.00000000,-10504.00000000
1788069600000,3.485500,3.489300,3.465200,3.477500,159046.30000000,87294.70000000,15543.10000000
1788073200000,3.477200,3.478400,3.434300,3.443900,341481.00000000,157464.70000000,-26551.60000000
1788076800000,3.444000,3.475000,3.438900,3.461400,256576.90000000,147380.60000000,38184.30000000
1788080400000,3.461700,3.493500,3.456400,3.463800,240526.60000000,114629.60000000,-11267.40000000
1788084000000,3.463600,3.494900,3.461900,3.488600,184460.80000000,79738.50000000,-24983.80000000
1788087600000,3.488700,3.502200,3.469500,3.493800,178067.00000000,85846.80000000,-6373.40000000
1788091200000,3.493800,3.513500,3.488200,3.495200,275821.50000000,150554.10000000,25286.70000000
1788094800000,3.495100,3.553900,3.491100,3.540300,279695.90000000,142346.30000000,4996.70000000
1788098400000,3.540300,3.598900,3.534000,3.575700,763786.20000000,422006.30000000,80226.40000000
1788102000000,3.575500,3.590200,3.546600,3.560100,380785.30000000,165920.90000000,-48943.50000000
1788105600000,3.559900,3.692300,3.548000,3.685400,1120994.40000000,621347.90000000,121701.40000000
1788109200000,3.685300,3.686500,3.637400,3.680900,550432.90000000,267723.60000000,-14985.70000000
1788112800000,3.681000,3.770000,3.674200,3.767400,654833.20000000,354436.90000000,54040.60000000
1788116400000,3.767500,3.920000,3.759400,3.870700,3184826.70000000,1735831.20000000,286835.70000000
1788120000000,3.870800,3.873600,3.754700,3.794100,1849472.60000000,912319.40000000,-24833.80000000
1788123600000,3.794200,3.826200,3.691000,3.711000,2488479.70000000,1210545.80000000,-67388.10000000
1788127200000,3.711500,3.731600,3.561100,3.592100,1518786.70000000,720795.00000000,-77196.70000000
1788130800000,3.591400,3.607000,3.494200,3.522700,1282487.80000000,617083.20000000,-48321.40000000
1788134400000,3.523400,3.571900,3.477600,3.561600,918532.80000000,456512.90000000,-5507.00000000
1788138000000,3.561500,3.571100,3.458000,3.460300,655154.50000000,274915.20000000,-105324.10000000
1788141600000,3.460600,3.512400,3.454300,3.472100,815646.30000000,488051.80000000,160457.30000000
1788145200000,3.472200,3.526400,3.468800,3.516600,350693.50000000,167882.10000000,-14929.30000000
1788148800000,3.516800,3.551700,3.480200,3.538200,407186.40000000,195878.70000000,-15429.00000000
1788152400000,3.538300,3.679600,3.520700,3.664800,1165447.90000000,597403.00000000,29358.10000000
1788156000000,3.664900,3.726100,3.654400,3.676600,843060.10000000,399461.80000000,-44136.50000000
1788159600000,3.676600,3.718900,3.669600,3.671700,727070.20000000,396717.30000000,66364.40000000
1788163200000,3.672000,3.766600,3.665000,3.737500,894879.10000000,447085.20000000,-708.70000000
1788166800000,3.737500,3.801800,3.729000,3.754000,982729.00000000,458278.00000000,-66173.00000000
1788170400000,3.754100,3.785400,3.722900,3.740600,558909.70000000,247512.60000000,-63884.50000000
1788174000000,3.740600,3.750700,3.670500,3.683500,634316.90000000,260141.00000000,-114034.90000000
1788177600000,3.683400,3.725600,3.613100,3.645400,950522.20000000,430096.40000000,-90329.40000000
1788181200000,3.645300,3.657100,3.568200,3.592800,1273215.60000000,601091.10000000,-71033.40000000
1788184800000,3.593000,3.658800,3.564600,3.630300,809562.00000000,440681.30000000,71800.60000000
1788188400000,3.630400,3.723200,3.626200,3.652400,887646.70000000,480145.30000000,72643.90000000
1788192000000,3.652200,3.820000,3.649800,3.674700,1963951.80000000,1011953.80000000,59955.80000000
1788195600000,3.674900,3.719300,3.539900,3.600700,1996969.70000000,977593.10000000,-41783.50000000
1788199200000,3.600700,3.646700,3.583900,3.615800,651494.00000000,307619.50000000,-36255.00000000
1788202800000,3.616700,3.641600,3.575000,3.581400,464472.80000000,205513.30000000,-53446.20000000
1788206400000,3.581300,3.622800,3.543300,3.556800,710847.40000000,326464.90000000,-57917.60000000
1788210000000,3.556900,3.630300,3.523200,3.596500,437000.30000000,181132.60000000,-74735.10000000
1788213600000,3.596500,3.613700,3.547200,3.554200,330326.70000000,149171.90000000,-31982.90000000
1788217200000,3.554000,3.578600,3.544800,3.564000,269181.50000000,151370.50000000,33559.50000000
1788220800000,3.563900,3.591800,3.550600,3.570100,400665.60000000,198519.60000000,-3626.40000000
1788224400000,3.570200,3.617600,3.557000,3.615200,382674.00000000,168140.10000000,-46393.80000000
1788228000000,3.615400,3.664100,3.590700,3.661400,605029.30000000,355926.70000000,106824.10000000
1788231600000,3.661400,3.714900,3.633600,3.683200,588202.70000000,310956.70000000,33710.70000000
1788235200000,3.683200,3.720900,3.633300,3.645100,396609.10000000,184196.30000000,-28216.50000000
1788238800000,3.645200,3.689400,3.639900,3.644500,373532.00000000,209673.00000000,45814.00000000
1788242400000,3.644400,3.665100,3.615900,3.617900,394479.30000000,191544.60000000,-11390.10000000
1788246000000,3.617800,3.709700,3.612600,3.689800,416030.10000000,223063.30000000,30096.50000000
1788249600000,3.689900,3.702600,3.596300,3.619300,645892.90000000,311962.40000000,-21968.10000000
1788253200000,3.619400,3.686700,3.579200,3.669700,663406.30000000,337469.70000000,11533.10000000
1788256800000,3.669800,3.760000,3.654400,3.730200,848930.20000000,541070.00000000,233209.80000000
1788260400000,3.730200,3.822600,3.700700,3.795300,1264727.30000000,698437.10000000,132146.90000000
1788264000000,3.795500,3.816000,3.694800,3.726300,1162763.50000000,514130.20000000,-134503.10000000
1788267600000,3.726400,3.785300,3.683500,3.755100,950138.30000000,492712.10000000,35285.90000000
1788271200000,3.754900,3.817400,3.741900,3.814600,810905.70000000,418106.30000000,25306.90000000
1788274800000,3.814500,3.861900,3.751500,3.861400,1203707.20000000,570379.20000000,-62948.80000000
1788278400000,3.861500,3.884200,3.615000,3.687600,3319787.70000000,1837012.30000000,354236.90000000
1788282000000,3.687500,3.747000,3.646900,3.678600,1183210.30000000,619511.90000000,55813.50000000
1788285600000,3.678600,3.779400,3.664300,3.739600,1675528.80000000,883948.20000000,92367.60000000
1788289200000,3.739700,3.752800,3.627000,3.643900,1309138.30000000,586794.80000000,-135548.70000000
1788292800000,3.643900,3.728000,3.601600,3.711300,978074.60000000,515318.40000000,52562.20000000
1788296400000,3.711300,3.715000,3.583000,3.593200,634926.30000000,279828.60000000,-75269.10000000
1788300000000,3.593700,3.605100,3.550000,3.555200,513458.90000000,221485.50000000,-70487.90000000
1788303600000,3.555300,3.562200,3.500400,3.516300,651079.70000000,256204.40000000,-138670.90000000
1788307200000,3.516200,3.553600,3.493000,3.537300,600754.00000000,310157.00000000,19560.00000000
1788310800000,3.536700,3.537100,3.388400,3.417500,1396282.30000000,505056.50000000,-386169.30000000
1788314400000,3.417500,3.480600,3.380000,3.422900,1363792.60000000,653690.50000000,-56411.60000000
1788318000000,3.423200,3.505600,3.415600,3.484500,739467.80000000,418363.30000000,97258.80000000
1788321600000,3.484200,3.514900,3.449200,3.483300,531936.20000000,239905.90000000,-52124.40000000
1788325200000,3.483200,3.512700,3.465200,3.499400,334675.70000000,190418.80000000,46161.90000000
1788328800000,3.499500,3.540900,3.453000,3.532100,516613.00000000,276404.20000000,36195.40000000
1788332400000,3.532200,3.585100,3.523300,3.571000,816985.80000000,342110.30000000,-132765.20000000
1788336000000,3.570900,3.590300,3.465800,3.480600,1242020.50000000,540066.20000000,-161888.10000000
1788339600000,3.480600,3.560000,3.480100,3.531400,946630.50000000,376431.20000000,-193768.10000000
1788343200000,3.531400,3.592900,3.488100,3.589500,1022731.70000000,497032.60000000,-28666.50000000
1788346800000,3.589500,3.656300,3.541900,3.609000,1438269.30000000,767127.10000000,95984.90000000
1788350400000,3.609100,3.648400,3.577300,3.605600,1222700.90000000,701212.20000000,179723.50000000
1788354000000,3.605600,3.705100,3.587800,3.633400,1001902.10000000,473346.80000000,-55208.50000000
1788357600000,3.633500,3.656400,3.573900,3.580600,576739.70000000,218081.10000000,-140577.50000000
1788361200000,3.580200,3.678700,3.558100,3.672300,935489.70000000,474782.60000000,14075.50000000
1788364800000,3.672300,3.735900,3.667600,3.690400,985517.90000000,458217.00000000,-69083.90000000
1788368400000,3.690400,3.786400,3.660200,3.779600,1132069.90000000,497108.80000000,-137852.30000000
1788372000000,3.779500,3.797100,3.695600,3.708400,831372.40000000,385025.20000000,-61322.00000000
1788375600000,3.708300,3.731900,3.666200,3.723100,651203.00000000,337908.20000000,24613.40000000
1788379200000,3.722900,3.745500,3.694200,3.716300,436305.90000000,204802.10000000,-26701.70000000
1788382800000,3.715800,3.779300,3.697300,3.744900,465805.30000000,259754.90000000,53704.50000000
1788386400000,3.744900,3.761800,3.686700,3.690200,702363.50000000,359394.70000000,16425.90000000
1788390000000,3.690100,3.820000,3.688100,3.782100,780215.10000000,444421.40000000,108627.70000000
1788393600000,3.782000,3.930000,3.772400,3.905700,1633985.90000000,1019945.40000000,405904.90000000
1788397200000,3.905400,3.939600,3.865900,3.876600,1190192.50000000,646823.70000000,103454.90000000
1788400800000,3.876500,3.889100,3.795800,3.834000,1836763.50000000,900379.60000000,-36004.30000000
1788404400000,3.833800,3.929900,3.790200,3.888000,1192460.90000000,650372.00000000,108283.10000000
1788408000000,3.887900,3.921700,3.832300,3.881100,825236.80000000,445729.50000000,66222.20000000
1788411600000,3.881100,3.902800,3.804400,3.879900,885585.50000000,486070.20000000,86554.90000000
1788415200000,3.880200,3.937300,3.855600,3.900900,900973.40000000,449333.70000000,-2306.00000000
1788418800000,3.900800,3.960000,3.897400,3.952000,1204001.00000000,678479.10000000,152957.20000000
1788422400000,3.952600,3.956200,3.882600,3.887600,788909.40000000,368922.20000000,-51065.00000000
1788426000000,3.887600,3.898100,3.775200,3.831000,1594394.20000000,759984.70000000,-74424.80000000
1788429600000,3.831000,3.837000,3.781100,3.831900,631159.60000000,297634.50000000,-35890.60000000
1788433200000,3.832000,3.956000,3.826400,3.936000,1448588.10000000,694674.00000000,-59240.10000000
1788436800000,3.935900,3.978900,3.921400,3.973700,1104338.10000000,586475.10000000,68612.10000000
1788440400000,3.973800,3.979500,3.917600,3.933200,1011797.00000000,401312.90000000,-209171.20000000
1788444000000,3.933200,4.057300,3.899700,4.047300,2182908.60000000,1138045.10000000,93181.60000000
1788447600000,4.047300,4.250900,4.021200,4.191200,3013270.10000000,1584109.90000000,154949.70000000
1788451200000,4.191000,4.211700,4.090800,4.139000,1960808.60000000,956769.50000000,-47269.60000000
1788454800000,4.139500,4.281100,4.121600,4.207700,2235716.30000000,996827.20000000,-242061.90000000
1788458400000,4.207600,4.310100,4.198700,4.299700,1447977.90000000,623808.50000000,-200360.90000000
1788462000000,4.299700,4.341200,4.220600,4.242800,1533006.40000000,626208.10000000,-280590.20000000
1788465600000,4.243200,4.258300,4.174800,4.237800,1085862.30000000,435292.20000000,-215277.90000000
1788469200000,4.237800,4.334400,4.198900,4.332700,836897.00000000,470343.70000000,103790.40000000
1788472800000,4.332300,4.424800,4.307000,4.372100,2680783.00000000,1505556.90000000,330330.80000000
1788476400000,4.372100,4.455000,4.345500,4.439900,1503255.00000000,681896.30000000,-139462.40000000
1788480000000,4.439900,4.497200,4.360200,4.372300,2237548.50000000,964189.70000000,-309169.10000000
1788483600000,4.372600,4.440600,4.311200,4.356500,1692148.10000000,729007.30000000,-234133.50000000
1788487200000,4.356500,4.451900,4.299700,4.430200,1234808.10000000,599639.20000000,-35529.70000000
1788490800000,4.430100,4.483900,4.255800,4.320400,1741105.70000000,775384.80000000,-190336.10000000
1788494400000,4.320400,4.349200,4.258000,4.268200,765804.40000000,393207.60000000,20610.80000000
1788498000000,4.268300,4.324600,4.229700,4.320100,854648.30000000,425581.10000000,-3486.10000000
1788501600000,4.320000,4.374800,4.272200,4.370900,791851.50000000,423178.10000000,54504.70000000
1788505200000,4.370700,4.412100,4.305200,4.391900,902433.00000000,426098.90000000,-50235.20000000
1788508800000,4.392100,4.570600,4.391800,4.563000,1703110.00000000,974447.30000000,245784.60000000
1788512400000,4.563100,4.598000,4.472100,4.565900,1774582.50000000,905505.40000000,36428.30000000
1788516000000,4.566200,4.678900,4.530600,4.586700,1804447.70000000,866465.50000000,-71516.70000000
1788519600000,4.587200,4.680000,4.556000,4.633200,1561021.10000000,828633.20000000,96245.30000000
1788523200000,4.633400,4.674900,4.490000,4.547100,3121278.50000000,1392941.70000000,-335395.10000000
1788526800000,4.547100,4.733700,4.520100,4.690800,2539018.70000000,1305823.60000000,72628.50000000
1788530400000,4.690900,4.737500,4.530000,4.652300,2601577.90000000,1261511.40000000,-78555.10000000
1788534000000,4.652300,4.748300,4.609500,4.731800,1864797.90000000,930153.30000000,-4491.30000000
1788537600000,4.731800,4.867800,4.679400,4.859700,2528610.40000000,1358404.60000000,188198.80000000
1788541200000,4.858800,4.887900,4.672800,4.727300,2211041.70000000,978502.20000000,-254037.30000000
1788544800000,4.727400,4.906700,4.718500,4.889000,1442677.00000000,779415.00000000,116153.00000000
1788548400000,4.889000,4.924000,4.598100,4.634700,2404973.10000000,1137826.20000000,-129320.70000000
1788552000000,4.634400,4.765200,4.627700,4.671300,1412154.50000000,642368.50000000,-127417.50000000
1788555600000,4.671700,4.729700,4.628500,4.635600,702891.70000000,328897.80000000,-45096.10000000
1788559200000,4.635100,4.722900,4.595000,4.692700,879232.50000000,453799.50000000,28366.50000000
1788562800000,4.692700,4.827800,4.685700,4.818000,850472.10000000,433210.00000000,15947.90000000
1788566400000,4.817800,4.840000,4.728900,4.796700,1664173.70000000,807040.40000000,-50092.90000000
1788570000000,4.796600,4.835100,4.708200,4.726800,893368.30000000,422983.10000000,-47402.10000000
1788573600000,4.726800,4.781200,4.683000,4.755800,991062.20000000,498884.90000000,6707.60000000
1788577200000,4.756200,4.795500,4.702700,4.730300,979823.20000000,474504.70000000,-30813.80000000
1788580800000,4.730400,4.741000,4.662700,4.696300,496307.20000000,226431.50000000,-43444.20000000
1788584400000,4.696500,4.767200,4.672300,4.695600,507929.30000000,259836.30000000,11743.30000000
1788588000000,4.695500,4.706100,4.612400,4.626500,783082.30000000,409233.90000000,35385.50000000
1788591600000,4.626600,4.661800,4.567300,4.616600,884609.20000000,419502.60000000,-45604.00000000
1788595200000,4.617000,4.650400,4.575200,4.609000,706582.30000000,376760.00000000,46937.70000000
1788598800000,4.608800,4.646600,4.581400,4.603200,566768.40000000,321544.60000000,76320.80000000
1788602400000,4.603100,4.689400,4.593700,4.661500,749971.20000000,399903.80000000,49836.40000000
1788606000000,4.661900,4.678500,4.606600,4.615000,555208.00000000,295597.50000000,35987.00000000
1788609600000,4.615100,4.685500,4.593900,4.614400,547086.20000000,264557.20000000,-17971.80000000
1788613200000,4.614300,4.675100,4.604300,4.653400,437441.30000000,199683.70000000,-38073.90000000
1788616800000,4.653300,4.748100,4.648000,4.710500,868715.90000000,426787.90000000,-15140.10000000
1788620400000,4.710500,4.746500,4.657400,4.674300,445533.20000000,227068.70000000,8604.20000000
1788624000000,4.674200,4.768700,4.666300,4.731000,636528.10000000,309041.60000000,-18444.90000000
1788627600000,4.731000,4.819700,4.707400,4.769300,885282.40000000,410704.50000000,-63873.40000000
1788631200000,4.769200,4.816900,4.728300,4.750100,408321.90000000,202067.70000000,-4186.50000000
1788634800000,4.750400,4.774800,4.726300,4.730000,319881.30000000,148125.00000000,-23631.30000000
1788638400000,4.729500,4.756800,4.708200,4.749900,497659.80000000,240714.80000000,-16230.20000000
1788642000000,4.750000,4.879900,4.748900,4.801300,1323853.80000000,694878.30000000,65902.80000000
1788645600000,4.800800,4.835400,4.719800,4.726200,762426.30000000,309398.40000000,-143629.50000000
1788649200000,4.726200,4.792600,4.714000,4.747900,516421.70000000,252752.20000000,-10917.30000000
1788652800000,4.747800,4.751800,4.636100,4.659400,908480.70000000,425832.90000000,-56814.90000000
1788656400000,4.659400,4.761500,4.638000,4.672200,887608.90000000,461770.90000000,35932.90000000
1788660000000,4.672200,4.708500,4.593400,4.635700,555779.40000000,243717.10000000,-68345.20000000
1788663600000,4.635700,4.747700,4.603900,4.747700,602830.60000000,273817.60000000,-55195.40000000
1788667200000,4.747600,4.849700,4.736200,4.819900,884313.20000000,443727.20000000,3141.20000000
1788670800000,4.819700,4.847500,4.710600,4.740700,630665.70000000,315638.00000000,610.30000000
1788674400000,4.740800,4.742600,4.654000,4.659500,578084.00000000,291465.20000000,4846.40000000
1788678000000,4.659800,4.671600,4.612900,4.632500,615734.00000000,277330.80000000,-61072.40000000
1788681600000,4.632300,4.639400,4.584600,4.594400,474348.40000000,197584.10000000,-79180.20000000
1788685200000,4.594300,4.670000,4.518900,4.573100,1619845.70000000,746186.00000000,-127473.70000000
1788688800000,4.573300,4.701600,4.570000,4.679400,744681.70000000,378292.90000000,11904.10000000
1788692400000,4.679200,4.679600,4.627100,4.643900,343164.00000000,161205.80000000,-20752.40000000
1788696000000,4.643800,4.643800,4.524200,4.533500,603069.90000000,235985.00000000,-131099.90000000
1788699600000,4.533500,4.611800,4.533200,4.584600,662294.90000000,387316.30000000,112337.70000000
1788703200000,4.583700,4.599100,4.510000,4.516800,817077.10000000,369229.10000000,-78618.90000000
1788706800000,4.517300,4.565500,4.407800,4.549700,2170972.30000000,1077582.80000000,-15806.70000000
1788710400000,4.549700,4.597400,4.527000,4.585000,775881.80000000,431478.70000000,87075.60000000
1788714000000,4.585100,4.662000,4.576100,4.631300,671190.00000000,363935.80000000,56681.60000000
1788717600000,4.631300,4.755800,4.625200,4.694500,1260085.10000000,796756.20000000,333427.30000000
1788721200000,4.694500,4.721800,4.421000,4.467800,2639083.20000000,1177609.30000000,-283864.60000000
1788724800000,4.467500,4.581300,4.459800,4.563000,764102.80000000,405114.70000000,46126.60000000
1788728400000,4.563200,4.571100,4.457200,4.482200,613913.30000000,284069.70000000,-45773.90000000
1788732000000,4.482200,4.558000,4.396200,4.555200,864265.30000000,400865.50000000,-62534.30000000
1788735600000,4.555200,4.577100,4.477400,4.514300,385591.40000000,170470.90000000,-44649.60000000
1788739200000,4.514500,4.516400,4.441400,4.473600,560635.30000000,234414.70000000,-91805.90000000
1788742800000,4.473400,4.529700,4.454100,4.467600,507512.90000000,252208.80000000,-3095.30000000
1788746400000,4.467600,4.488400,4.420500,4.460800,561938.00000000,278925.90000000,-4086.20000000
1788750000000,4.460800,4.476800,4.404200,4.406600,649589.40000000,294730.10000000,-60129.20000000
1788753600000,4.406500,4.449400,4.332800,4.339800,1144079.40000000,545608.00000000,-52863.40000000
1788757200000,4.339900,4.421900,4.330200,4.402200,641044.10000000,342843.70000000,44643.30000000
1788760800000,4.402300,4.438700,4.352300,4.408700,471153.90000000,219409.90000000,-32334.10000000
1788764400000,4.408700,4.441900,4.345000,4.407900,436169.50000000,199393.70000000,-37382.10000000
1788768000000,4.407800,4.507100,4.400000,4.469900,574811.00000000,297853.90000000,20896.80000000
1788771600000,4.470000,4.521000,4.436700,4.452800,429540.30000000,173494.20000000,-82551.90000000
1788775200000,4.453000,4.502300,4.453000,4.490900,362708.30000000,199412.70000000,36117.10000000
1788778800000,4.490700,4.510000,4.472900,4.504400,317373.90000000,165825.20000000,14276.50000000
1788782400000,4.504400,4.559100,4.502800,4.556900,466687.30000000,217440.10000000,-31807.10000000
1788786000000,4.556900,4.610800,4.524000,4.530900,941701.30000000,461027.20000000,-19646.90000000
1788789600000,4.530800,4.558600,4.432300,4.478300,1001550.90000000,418530.50000000,-164489.90000000
1788793200000,4.478300,4.496500,4.368500,4.399100,913366.90000000,402546.90000000,-108273.10000000
1788796800000,4.398000,4.459900,4.386000,4.440300,574402.90000000,308540.00000000,42677.10000000
1788800400000,4.440200,4.573000,4.435600,4.558100,619870.70000000,308639.00000000,-2592.70000000
1788804000000,4.558200,4.647300,4.513800,4.604100,676734.90000000,361394.60000000,46054.30000000
1788807600000,4.604400,4.702800,4.569600,4.698000,719945.50000000,389267.40000000,58589.30000000
1788811200000,4.698000,4.788400,4.636000,4.778800,906195.00000000,521945.20000000,137695.40000000
1788814800000,4.779200,4.813800,4.693000,4.715200,746726.50000000,392385.40000000,38044.30000000
1788818400000,4.714800,4.758200,4.669300,4.714600,452134.90000000,220879.00000000,-10376.90000000
1788822000000,4.714500,4.731400,4.690000,4.714500,346311.30000000,171041.20000000,-4228.90000000
1788825600000,4.714700,4.739500,4.690800,4.730600,316515.90000000,154768.80000000,-6978.30000000
1788829200000,4.730800,4.762200,4.707100,4.749000,362637.70000000,169508.50000000,-23620.70000000
1788832800000,4.749500,4.828900,4.642700,4.706500,967585.20000000,496487.60000000,25390.00000000
1788836400000,4.706600,4.714300,4.548500,4.590200,1381556.90000000,619977.70000000,-141601.50000000
1788840000000,4.590200,4.674500,4.579500,4.627100,723754.40000000,306975.40000000,-109803.60000000
1788843600000,4.627300,4.667000,4.590500,4.632500,404119.70000000,208470.70000000,12821.70000000
1788847200000,4.632600,4.709000,4.581100,4.590300,745566.60000000,384193.10000000,22819.60000000
1788850800000,4.590500,4.631200,4.570700,4.595200,370520.50000000,189435.60000000,8350.70000000
1788854400000,4.595200,4.764800,4.583900,4.726500,662518.10000000,332156.30000000,1794.50000000
1788858000000,4.726700,4.863100,4.714700,4.818300,1131100.50000000,629100.30000000,127100.10000000
1788861600000,4.818100,4.820100,4.716700,4.769200,669164.60000000,325672.70000000,-17819.20000000
1788865200000,4.769000,4.796300,4.683900,4.730800,637969.30000000,310364.20000000,-17240.90000000
1788868800000,4.730600,4.850000,4.601900,4.847600,1647863.20000000,829011.50000000,10159.80000000
1788872400000,4.847200,4.853900,4.724300,4.831400,1447145.40000000,739351.30000000,31557.20000000
1788876000000,4.830800,4.860000,4.762200,4.770400,1291458.00000000,611650.70000000,-68156.60000000
1788879600000,4.770600,4.793500,4.638400,4.711900,1341588.80000000,667920.30000000,-5748.20000000
1788883200000,4.711900,4.928000,4.708600,4.869700,2306104.50000000,1164539.20000000,22973.90000000
1788886800000,4.869800,4.906300,4.738300,4.786800,1114991.40000000,615228.80000000,115466.20000000
1788890400000,4.786700,4.914800,4.777700,4.813200,1086391.30000000,547034.90000000,7678.50000000
1788894000000,4.812600,4.910000,4.749900,4.816600,846647.30000000,428358.60000000,10069.90000000
1788897600000,4.816400,4.840200,4.729300,4.748100,880602.80000000,399204.20000000,-82194.40000000
1788901200000,4.749800,4.813700,4.719500,4.722000,427399.30000000,234547.80000000,41696.30000000
1788904800000,4.722100,4.848600,4.721700,4.842000,429461.50000000,180869.50000000,-67722.50000000
1788908400000,4.841900,4.844400,4.764500,4.826500,317596.20000000,149149.40000000,-19297.40000000
1788912000000,4.826200,4.900000,4.811100,4.884600,607828.60000000,330601.50000000,53374.40000000
1788915600000,4.884500,4.923800,4.813900,4.919200,708819.80000000,363641.50000000,18463.20000000
1788919200000,4.919200,5.000000,4.888100,4.937900,1002335.90000000,591143.20000000,179950.50000000
1788922800000,4.937900,4.954600,4.850100,4.914200,599933.10000000,294210.70000000,-11511.70000000
1788926400000,4.914300,5.160400,4.904100,5.134100,2408709.50000000,1299374.30000000,190039.10000000
1788930000000,5.133900,5.224200,5.114600,5.190600,2325910.70000000,1234985.10000000,144059.50000000
1788933600000,5.190500,5.310000,5.157500,5.262700,1649183.80000000,795710.00000000,-57763.80000000
1788937200000,5.262700,5.319400,5.230300,5.292300,1185595.30000000,558769.60000000,-68056.10000000
1788940800000,5.292300,5.306300,5.212200,5.245300,1358703.40000000,688591.20000000,18479.00000000
1788944400000,5.245500,5.305700,5.118300,5.132600,1315215.10000000,634986.90000000,-45241.30000000
1788948000000,5.132800,5.186700,5.106000,5.122300,798560.40000000,421643.90000000,44727.40000000
1788951600000,5.122300,5.197800,5.083300,5.155000,880942.60000000,499670.30000000,118398.00000000
1788955200000,5.155100,5.256600,5.002600,5.035700,2206076.10000000,1115671.50000000,25266.90000000
1788958800000,5.035900,5.110000,5.011400,5.037000,1286555.60000000,639117.10000000,-8321.40000000
1788962400000,5.037000,5.085200,4.952200,5.012000,1236768.80000000,540206.90000000,-156355.00000000
1788966000000,5.012200,5.043900,4.831200,4.994300,1894816.20000000,865811.50000000,-163193.20000000
1788969600000,4.994200,5.058000,4.936700,4.964400,873556.90000000,421752.90000000,-30051.10000000
1788973200000,4.964400,5.042300,4.935600,4.987300,549306.70000000,310732.00000000,72157.30000000
1788976800000,4.987500,5.003000,4.951100,4.952100,393429.20000000,174642.30000000,-44144.60000000
1788980400000,4.952200,4.964000,4.730000,4.735500,2040258.60000000,901045.30000000,-238168.00000000
1788984000000,4.735100,4.749800,4.635700,4.710400,1799278.20000000,948636.40000000,97994.60000000
1788987600000,4.710300,4.715400,4.580000,4.662300,1239110.50000000,573584.70000000,-91941.10000000
1788991200000,4.663700,4.686700,4.495400,4.531000,1558490.10000000,635183.60000000,-288122.90000000
1788994800000,4.531000,4.579500,4.487700,4.522700,799776.10000000,439997.90000000,80219.70000000
1788998400000,4.522700,4.616200,4.516100,4.608900,1044671.60000000,555616.50000000,66561.40000000
1789002000000,4.608800,4.640400,4.570400,4.625300,1100366.20000000,516557.10000000,-67252.00000000
1789005600000,4.625100,4.717800,4.608300,4.651800,1531434.00000000,806122.20000000,80810.40000000
1789009200000,4.651700,4.697300,4.616600,4.622000,621165.90000000,336940.60000000,52715.30000000
1789012800000,4.621900,4.672100,4.596000,4.658500,487323.00000000,261209.40000000,35095.80000000
1789016400000,4.658600,4.660900,4.580000,4.621500,468379.50000000,206670.00000000,-55039.50000000
1789020000000,4.621500,4.632700,4.573900,4.596000,383484.90000000,195409.60000000,7334.30000000
1789023600000,4.596300,4.599600,4.433400,4.480700,1420684.30000000,642152.70000000,-136378.90000000
1789027200000,4.480700,4.528600,4.420900,4.512000,595239.40000000,309690.80000000,24142.20000000
1789030800000,4.511900,4.550800,4.477700,4.524900,399343.60000000,202273.30000000,5203.00000000
1789034400000,4.524900,4.575600,4.500400,4.518900,418765.40000000,211309.90000000,3854.40000000
1789038000000,4.518900,4.546500,4.449500,4.455500,552180.20000000,244785.70000000,-62608.80000000
1789041600000,4.455300,4.518500,4.399300,4.445000,1582731.10000000,792434.00000000,2136.90000000
1789045200000,4.445100,4.642700,4.443800,4.542600,2431545.90000000,1275612.00000000,119678.10000000
1789048800000,4.542900,4.587400,4.486200,4.567500,1031466.80000000,514886.50000000,-1693.80000000
1789052400000,4.567500,4.590200,4.535500,4.577400,444385.80000000,241086.90000000,37788.00000000
1789056000000,4.577200,4.600200,4.468000,4.573500,1048386.30000000,538542.50000000,28698.70000000
1789059600000,4.573700,4.593000,4.494100,4.499500,859018.40000000,340171.40000000,-178675.60000000
1789063200000,4.499100,4.515600,4.342800,4.503800,1815760.80000000,779832.60000000,-256095.60000000
1789066800000,4.503600,4.558700,4.471600,4.520400,540335.50000000,259002.00000000,-22331.50000000
1789070400000,4.520500,4.531000,4.486800,4.508800,291825.20000000,130395.20000000,-31034.80000000
1789074000000,4.508800,4.620000,4.508800,4.576300,605539.50000000,314145.30000000,22751.10000000
1789077600000,4.576200,4.658000,4.519600,4.521000,742217.30000000,290783.10000000,-160651.10000000
1789081200000,4.520100,4.543600,4.283000,4.286500,1665555.80000000,746878.70000000,-171798.40000000
1789084800000,4.286500,4.382600,4.273600,4.372000,1401164.40000000,667935.00000000,-65294.40000000
1789088400000,4.372100,4.418400,4.342900,4.354300,521299.30000000,264943.00000000,8586.70000000
1789092000000,4.354000,4.390500,4.291100,4.314500,607197.60000000,251685.50000000,-103826.60000000
1789095600000,4.314800,4.393600,4.311700,4.386200,331892.80000000,172086.10000000,12279.40000000
1789099200000,4.386300,4.504600,4.349600,4.500000,905322.40000000,511569.80000000,117817.20000000
1789102800000,4.500100,4.517400,4.477500,4.495000,534245.50000000,278949.90000000,23654.30000000
1789106400000,4.495400,4.523200,4.480300,4.501100,378032.70000000,188290.40000000,-1451.90000000
1789110000000,4.501000,4.545000,4.485600,4.509000,406737.60000000,193865.80000000,-19006.00000000
1789113600000,4.508900,4.547100,4.492200,4.497900,347531.50000000,201652.60000000,55773.70000000
1789117200000,4.498000,4.506200,4.434400,4.500000,544028.40000000,266456.10000000,-11116.20000000
1789120800000,4.500000,4.558600,4.486400,4.544100,468983.00000000,277984.70000000,86986.40000000
1789124400000,4.544100,4.559800,4.502700,4.510600,737739.50000000,489732.20000000,241724.90000000
1789128000000,4.510700,4.675900,4.407800,4.658000,1887097.30000000,1006484.60000000,125871.90000000
1789131600000,4.658100,4.783200,4.598000,4.772500,1839754.30000000,978516.50000000,117278.70000000
1789135200000,4.772700,4.893300,4.680000,4.836000,2107794.50000000,1074140.90000000,40487.30000000
1789138800000,4.836200,4.848900,4.624100,4.686200,1425946.90000000,661287.30000000,-103372.30000000
1789142400000,4.686400,4.741200,4.601600,4.648200,897408.50000000,459053.70000000,20698.90000000
1789146000000,4.648300,4.674600,4.564200,4.566400,388039.00000000,160429.80000000,-67179.40000000
1789149600000,4.566300,4.574500,4.398300,4.416900,1142763.00000000,490022.40000000,-162718.20000000
1789153200000,4.416000,4.477600,4.364500,4.464300,507392.40000000,276299.90000000,45207.40000000
1789156800000,4.464200,4.496500,4.377200,4.394000,551242.80000000,265698.70000000,-19845.40000000
1789160400000,4.393700,4.489900,4.312300,4.337700,665139.90000000,275010.60000000,-115118.70000000
1789164000000,4.337700,4.378500,4.290300,4.295100,482582.10000000,203472.20000000,-75637.70000000
1789167600000,4.295400,4.355600,4.276700,4.351200,499059.60000000,289239.50000000,79419.40000000
1789171200000,4.351100,4.389300,4.337500,4.378900,471097.80000000,245470.80000000,19843.80000000
1789174800000,4.378500,4.434600,4.366000,4.411700,388839.40000000,213167.60000000,37495.80000000
1789178400000,4.411800,4.432300,4.365600,4.378600,232126.00000000,121312.60000000,10499.20000000
1789182000000,4.378500,4.394200,4.323600,4.352200,347435.20000000,150653.60000000,-46128.00000000
1789185600000,4.352300,4.375700,4.297800,4.303300,333915.80000000,157007.90000000,-19900.00000000
1789189200000,4.303300,4.354200,4.301800,4.333400,252261.60000000,137121.30000000,21981.00000000
1789192800000,4.333300,4.342700,4.306900,4.310900,274632.60000000,121535.90000000,-31560.80000000
1789196400000,4.310600,4.388500,4.308900,4.366600,268720.60000000,160363.40000000,52006.20000000
1789200000000,4.366600,4.381700,4.328000,4.345900,279636.90000000,136337.30000000,-6962.30000000
1789203600000,4.345800,4.399100,4.327700,4.397100,269264.50000000,140182.80000000,11101.10000000
1789207200000,4.397100,4.431500,4.378000,4.382500,345879.00000000,188641.70000000,31404.40000000
1789210800000,4.382600,4.389700,4.366200,4.367400,45887.30000000,15338.80000000,-15209.70000000
