idx,timestamp,open_interest
0,1674644400000,1042478.4
1,1674648000000,1048148.8
2,1674651600000,1044750.0
3,1674655200000,1020399.6
4,1674658800000,1021122.1
5,1674662400000,1020406.1
6,1674666000000,991057.9
7,1674669600000,987503.6
8,1674673200000,1003511.1
9,1674676800000,1003734.6
10,1674680400000,987206.3
11,1674684000000,986555.9
12,1674687600000,984786.4
13,1674691200000,987064.0
14,1674694800000,1001843.8
15,1674698400000,993299.5
16,1674702000000,988868.6
17,1674705600000,987628.8
18,1674709200000,989372.6
19,1674712800000,981248.6
20,1674716400000,997811.2
21,1674720000000,1029176.1
22,1674723600000,1038262.9
23,1674727200000,1034970.9
24,1674730800000,1051691.89999999
25,1674734400000,1052921.6
26,1674738000000,1051434.8
27,1674741600000,1058130.89999999
28,1674745200000,1048782.6
29,1674748800000,1048720.5
30,1674752400000,1036157.0
31,1674756000000,1062651.0
32,1674759600000,1062531.8
33,1674763200000,1058452.0
34,1674766800000,1083896.7
35,1674770400000,1053589.3
36,1674774000000,1070428.7
37,1674777600000,1064509.89999999
38,1674781200000,1068105.7
39,1674784800000,1066752.6
40,1674788400000,1076042.7
41,1674792000000,1071263.89999999
42,1674795600000,1041425.2
43,1674799200000,1032652.3
44,1674802800000,1031573.1
45,1674806400000,1043730.5
46,1674810000000,1046440.0
47,1674813600000,1050027.0
48,1674817200000,1059741.7
49,1674820800000,1064479.3
50,1674824400000,1066048.0
51,1674828000000,1067125.39999999
52,1674831600000,1070519.89999999
53,1674835200000,1093810.0
54,1674838800000,1155881.39999999
55,1674842400000,1146480.1
56,1674846000000,1138533.1
57,1674849600000,1263492.8
58,1674853200000,1244917.89999999
59,1674856800000,1204646.39999999
60,1674860400000,1230968.0
61,1674864000000,1279116.0
62,1674867600000,1244761.7
63,1674871200000,1178866.1
64,1674874800000,1191517.1
65,1674878400000,1217759.89999999
66,1674882000000,1200522.5
67,1674885600000,1199453.89999999
68,1674889200000,1200149.2
69,1674892800000,1195745.6
70,1674896400000,1175992.89999999
71,1674900000000,1199859.2
72,1674903600000,1264429.7
73,1674907200000,1305214.89999999
74,1674910800000,1285243.7
75,1674914400000,1310972.89999999
76,1674918000000,1310153.7
77,1674921600000,1370568.39999999
78,1674925200000,1452138.0
79,1674928800000,1466703.0
80,1674932400000,1482585.2
81,1674936000000,1492058.4
82,1674939600000,1417371.8
83,1674943200000,1403700.3
84,1674946800000,1389006.3
85,1674950400000,1372885.3
86,1674954000000,1333677.39999999
87,1674957600000,1302870.0
88,1674961200000,1277914.39999999
89,1674964800000,1224412.2
90,1674968400000,1208575.5
91,1674972000000,1214346.6
92,1674975600000,1221046.7
93,1674979200000,1208966.7
94,1674982800000,1202176.39999999
95,1674986400000,1193993.7
96,1674990000000,1192787.7
97,1674993600000,1209109.89999999
98,1674997200000,1203212.8
99,1675000800000,1178292.5
100,1675004400000,1173686.2
101,1675008000000,1163986.7
102,1675011600000,1171351.7
103,1675015200000,1193537.7
104,1675018800000,1185390.2
105,1675022400000,1165961.39999999
106,1675026000000,1153996.0
107,1675029600000,1141940.8
108,1675033200000,1136653.8
109,1675036800000,1172403.5
110,1675040400000,1175082.7
111,1675044000000,1129690.39999999
112,1675047600000,1102191.3
113,1675051200000,1097510.8
114,1675054800000,1113243.39999999
115,1675058400000,1122498.3
116,1675062000000,1111235.89999999
117,1675065600000,1114716.8
118,1675069200000,1129439.7
119,1675072800000,1040975.9
120,1675076400000,1054916.0
121,1675080000000,1045603.4
122,1675083600000,1059179.8
123,1675087200000,1035670.8
124,1675090800000,1027413.2
125,1675094400000,1039513.0
126,1675098000000,1085518.7
127,1675101600000,1106560.89999999
128,1675105200000,1098436.2
129,1675108800000,1034280.8
130,1675112400000,1051256.0
131,1675116000000,1052485.1
132,1675119600000,1039397.2
133,1675123200000,993639.5
134,1675126800000,1003333.0
135,1675130400000,1002808.3
136,1675134000000,995157.6
137,1675137600000,994822.3
138,1675141200000,987731.5
139,1675144800000,973558.6
140,1675148400000,971832.1
141,1675152000000,1001168.1
142,1675155600000,981965.1
143,1675159200000,984688.4
144,1675162800000,973118.9
145,1675166400000,972569.5
146,1675170000000,977749.7
147,1675173600000,968628.9
148,1675177200000,981209.5
149,1675180800000,988044.3
150,1675184400000,983803.5
151,1675188000000,1000898.1
152,1675191600000,993176.1
153,1675195200000,1009233.3
154,1675198800000,1002544.5
155,1675202400000,997633.1
156,1675206000000,985409.1
157,1675209600000,969926.4
158,1675213200000,963436.8
159,1675216800000,962122.4
160,1675220400000,959731.4
161,1675224000000,965359.3
162,1675227600000,973537.7
163,1675231200000,981351.7
164,1675234800000,952838.0
165,1675238400000,961917.5
166,1675242000000,964300.3
167,1675245600000,998056.0
168,1675249200000,983553.6
169,1675252800000,981394.9
170,1675256400000,998157.4
171,1675260000000,997097.9
172,1675263600000,982617.1
173,1675267200000,966327.5
174,1675270800000,958730.7
175,1675274400000,976116.7
176,1675278000000,972064.9
177,1675281600000,995399.1
178,1675285200000,1009507.9
179,1675288800000,1025459.1
180,1675292400000,1161398.0
181,1675296000000,1152369.1
182,1675299600000,1107522.7
183,1675303200000,1097081.0
184,1675306800000,1100152.6
185,1675310400000,1096604.0
186,1675314000000,1102400.0
187,1675317600000,1109547.3
188,1675321200000,1108097.39999999
189,1675324800000,1093806.7
190,1675328400000,1078823.0
191,1675332000000,1069002.1
192,1675335600000,1076361.8
193,1675339200000,1078247.1
194,1675342800000,1075175.39999999
195,1675346400000,1127446.7
196,1675350000000,1134027.89999999
197,1675353600000,1103808.7
198,1675357200000,1080873.6
199,1675360800000,1079985.2
200,1675364400000,1104212.3
201,1675368000000,1089447.5
202,1675371600000,1111253.3
203,1675375200000,1072438.2
204,1675378800000,1027421.8
205,1675382400000,1036520.3
206,1675386000000,1041993.0
207,1675389600000,1051882.2
208,1675393200000,1048303.8
209,1675396800000,1056119.39999999
210,1675400400000,1055092.89999999
211,1675404000000,1072405.6
212,1675407600000,1052782.0
213,1675411200000,1023142.9
214,1675414800000,1025463.4
215,1675418400000,1031622.9
216,1675422000000,1023304.2
217,1675425600000,1012124.6
218,1675429200000,1021097.5
219,1675432800000,985457.9
220,1675436400000,1037434.2
221,1675440000000,1044671.1
222,1675443600000,1057383.3
223,1675447200000,1071257.6
224,1675450800000,1046221.3
225,1675454400000,1027790.8
226,1675458000000,979980.0
227,1675461600000,978689.3
228,1675465200000,995672.3
229,1675468800000,994661.2
230,1675472400000,997796.1
231,1675476000000,997201.9
232,1675479600000,1009128.6
233,1675483200000,999704.7
234,1675486800000,996451.0
235,1675490400000,983956.1
236,1675494000000,1012073.7
237,1675497600000,1008392.7
238,1675501200000,1010052.8
239,1675504800000,1017338.6
240,1675508400000,1014311.3
241,1675512000000,1033243.3
242,1675515600000,1037966.3
243,1675519200000,1116562.3
244,1675522800000,1115653.5
245,1675526400000,1127027.39999999
246,1675530000000,1120523.89999999
247,1675533600000,1063497.3
248,1675537200000,1077914.7
249,1675540800000,1067027.0
250,1675544400000,1074472.39999999
251,1675548000000,1061574.5
252,1675551600000,1066506.2
253,1675555200000,1052623.39999999
254,1675558800000,1096521.1
255,1675562400000,1094812.5
256,1675566000000,1098779.0
257,1675569600000,1095934.1
258,1675573200000,1092948.39999999
259,1675576800000,1103612.5
260,1675580400000,1118312.0
261,1675584000000,1113698.3
262,1675587600000,1117661.1
263,1675591200000,1111118.6
264,1675594800000,1122882.2
265,1675598400000,1106056.3
266,1675602000000,981300.0
267,1675605600000,972560.8
268,1675609200000,984854.2
269,1675612800000,960982.6
270,1675616400000,970493.3
271,1675620000000,986672.8
272,1675623600000,1065357.8
273,1675627200000,1067133.6
274,1675630800000,1080616.7
275,1675634400000,1071935.7
276,1675638000000,1070873.2
277,1675641600000,1073988.1
278,1675645200000,1087663.89999999
279,1675648800000,1068044.89999999
280,1675652400000,1065561.89999999
281,1675656000000,1071216.5
282,1675659600000,1069305.0
283,1675663200000,1091917.39999999
284,1675666800000,1093699.89999999
285,1675670400000,1105691.89999999
286,1675674000000,1118301.1
287,1675677600000,1134438.1
288,1675681200000,1132547.7
289,1675684800000,1128494.89999999
290,1675688400000,1132452.0
291,1675692000000,1114019.89999999
292,1675695600000,1126266.1
293,1675699200000,1213900.2
294,1675702800000,1175518.2
295,1675706400000,1183445.3
296,1675710000000,1166829.5
297,1675713600000,1188428.0
298,1675717200000,1176341.1
299,1675720800000,1146982.2
300,1675724400000,1166922.6
301,1675728000000,1024260.7
302,1675731600000,1019007.0
303,1675735200000,999898.9
304,1675738800000,978536.0
305,1675742400000,974628.1
306,1675746000000,976411.6
307,1675749600000,976120.1
308,1675753200000,979557.9
309,1675756800000,985698.7
310,1675760400000,985783.3
311,1675764000000,1016205.2
312,1675767600000,1026483.2
313,1675771200000,1036324.2
314,1675774800000,1037903.7
315,1675778400000,1032135.9
316,1675782000000,1040155.2
317,1675785600000,1024930.1
318,1675789200000,1033093.6
319,1675792800000,994374.5
320,1675796400000,997673.1
321,1675800000000,979207.5
322,1675803600000,978288.8
323,1675807200000,1026266.2
324,1675810800000,1055232.5
325,1675814400000,1100717.5
326,1675818000000,1097403.39999999
327,1675821600000,1093604.39999999
328,1675825200000,1080866.5
329,1675828800000,1080854.0
330,1675832400000,1082029.1
331,1675836000000,1078273.39999999
332,1675839600000,1081291.0
333,1675843200000,1082025.39999999
334,1675846800000,1091067.6
335,1675850400000,1093003.3
336,1675854000000,1033575.5
337,1675857600000,1060238.6
338,1675861200000,1068593.6
339,1675864800000,1066227.7
340,1675868400000,1074151.39999999
341,1675872000000,1053144.1
342,1675875600000,971573.9
343,1675879200000,987070.3
344,1675882800000,992438.9
345,1675886400000,994895.0
346,1675890000000,1024579.2
347,1675893600000,1022708.8
348,1675897200000,1022070.3
349,1675900800000,1017071.2
350,1675904400000,1024700.5
351,1675908000000,1026981.2
352,1675911600000,1037347.3
353,1675915200000,986226.2
354,1675918800000,985516.6
355,1675922400000,993728.1
356,1675926000000,989099.3
357,1675929600000,980818.3
358,1675933200000,1005053.9
359,1675936800000,1013422.5
360,1675940400000,1009034.3
361,1675944000000,1011339.2
362,1675947600000,998721.8
363,1675951200000,997105.9
364,1675954800000,968905.7
365,1675958400000,971093.2
366,1675962000000,1007908.3
367,1675965600000,1013803.6
368,1675969200000,1000398.3
369,1675972800000,975873.8
370,1675976400000,954816.7
371,1675980000000,921418.9
372,1675983600000,862973.0
373,1675987200000,868154.0
374,1675990800000,868186.1
375,1675994400000,883369.4
376,1675998000000,878763.7
377,1676001600000,869625.2
378,1676005200000,874936.7
379,1676008800000,874271.8
380,1676012400000,889576.3
381,1676016000000,891681.6
382,1676019600000,895890.0
383,1676023200000,889735.4
384,1676026800000,891358.3
385,1676030400000,908189.5
386,1676034000000,906555.8
387,1676037600000,907036.2
388,1676041200000,895890.8
389,1676044800000,892852.3
390,1676048400000,889275.4
391,1676052000000,903320.5
392,1676055600000,904780.1
393,1676059200000,910100.0
394,1676062800000,904708.2
395,1676066400000,892177.8
396,1676070000000,889970.8
397,1676073600000,892140.0
398,1676077200000,896050.5
399,1676080800000,890162.6
400,1676084400000,887193.5
401,1676088000000,884758.4
402,1676091600000,885628.2
403,1676095200000,892396.6
404,1676098800000,890413.1
405,1676102400000,896057.7
406,1676106000000,897492.6
407,1676109600000,893467.8
408,1676113200000,908341.1
409,1676116800000,915270.9
410,1676120400000,917257.0
411,1676124000000,930264.9
412,1676127600000,925958.1
413,1676131200000,923909.2
414,1676134800000,911412.3
415,1676138400000,918374.9
416,1676142000000,903290.0
417,1676145600000,903051.1
418,1676149200000,880965.3
419,1676152800000,889033.9
420,1676156400000,897955.1
421,1676160000000,903180.7
422,1676163600000,901760.9
423,1676167200000,913938.8
424,1676170800000,908453.0
425,1676174400000,900109.3
426,1676178000000,916836.4
427,1676181600000,919549.4
428,1676185200000,900185.6
429,1676188800000,902088.2
430,1676192400000,910449.5
431,1676196000000,913250.7
432,1676199600000,927664.8
433,1676203200000,903842.2
434,1676206800000,898550.3
435,1676210400000,950838.4
436,1676214000000,925163.9
437,1676217600000,940828.7
438,1676221200000,941690.2
439,1676224800000,943226.4
440,1676228400000,964016.0
441,1676232000000,972491.0
442,1676235600000,950762.2
443,1676239200000,930315.4
444,1676242800000,906410.6
445,1676246400000,895208.2
446,1676250000000,884461.7
447,1676253600000,908484.2
448,1676257200000,913356.0
449,1676260800000,925847.5
450,1676264400000,925689.1
451,1676268000000,929551.2
452,1676271600000,935216.1
453,1676275200000,935826.4
454,1676278800000,926969.8
455,1676282400000,816832.6
456,1676286000000,820492.2
457,1676289600000,820798.5
458,1676293200000,819349.2
459,1676296800000,822854.6
460,1676300400000,840612.3
461,1676304000000,836286.7
462,1676307600000,855436.2
463,1676311200000,860123.7
464,1676314800000,883855.3
465,1676318400000,881540.7
466,1676322000000,886742.4
467,1676325600000,888704.8
468,1676329200000,875717.5
469,1676332800000,921799.2
470,1676336400000,913766.5
471,1676340000000,918168.7
472,1676343600000,903443.1
473,1676347200000,910439.0
474,1676350800000,908051.4
475,1676354400000,900354.4
476,1676358000000,910383.1
477,1676361600000,911104.6
478,1676365200000,913482.3
479,1676368800000,910941.9
480,1676372400000,933684.7
481,1676376000000,943867.6
482,1676379600000,956043.1
483,1676383200000,924244.7
484,1676386800000,904635.4
485,1676390400000,868159.9
486,1676394000000,898538.5
487,1676397600000,906562.3
488,1676401200000,907396.8
489,1676404800000,911951.8
490,1676408400000,906997.7
491,1676412000000,892075.4
492,1676415600000,928295.6
493,1676419200000,924132.0
494,1676422800000,944807.6
495,1676426400000,961033.2
496,1676430000000,972450.4
497,1676433600000,942893.6
498,1676437200000,939319.0
499,1676440800000,944318.5
500,1676444400000,940430.6
501,1676448000000,939137.8
502,1676451600000,954908.4
503,1676455200000,937826.6
504,1676458800000,962789.1
505,1676462400000,955667.6
506,1676466000000,958471.5
507,1676469600000,955678.0
508,1676473200000,964620.9
509,1676476800000,969778.7
510,1676480400000,967436.6
511,1676484000000,973454.6
512,1676487600000,961840.7
513,1676491200000,933337.1
514,1676494800000,895050.3
515,1676498400000,852720.9
516,1676502000000,837369.8
517,1676505600000,878212.9
518,1676509200000,838383.2
519,1676512800000,852306.8
520,1676516400000,852941.9
521,1676520000000,850687.9
522,1676523600000,845621.1
523,1676527200000,843602.3
524,1676530800000,859652.2
525,1676534400000,835983.4
526,1676538000000,838071.1
527,1676541600000,840161.7
528,1676545200000,847021.6
529,1676548800000,836144.4
530,1676552400000,839115.5
531,1676556000000,862511.6
532,1676559600000,871844.0
533,1676563200000,935873.3
534,1676566800000,910864.0
535,1676570400000,908688.0
536,1676574000000,913318.0
537,1676577600000,905142.6
538,1676581200000,875668.4
539,1676584800000,870790.1
540,1676588400000,842192.3
541,1676592000000,824148.6
542,1676595600000,832723.2
543,1676599200000,839493.1
544,1676602800000,839775.0
545,1676606400000,833086.4
546,1676610000000,822356.6
547,1676613600000,829869.7
548,1676617200000,850392.7
549,1676620800000,851536.7
550,1676624400000,863044.6
551,1676628000000,860745.3
552,1676631600000,867840.3
553,1676635200000,875081.3
554,1676638800000,880740.6
555,1676642400000,892680.2
556,1676646000000,890359.1
557,1676649600000,910664.6
558,1676653200000,902427.1
559,1676656800000,876199.4
560,1676660400000,879807.9
561,1676664000000,882885.2
562,1676667600000,890899.2
563,1676671200000,885210.8
564,1676674800000,873645.6
565,1676678400000,865486.6
566,1676682000000,880644.3
567,1676685600000,891035.9
568,1676689200000,860112.0
569,1676692800000,861355.3
570,1676696400000,870363.1
571,1676700000000,858576.1
572,1676703600000,856390.0
573,1676707200000,842580.3
574,1676710800000,840473.6
575,1676714400000,838612.5
576,1676718000000,836704.0
577,1676721600000,835793.6
578,1676725200000,833192.0
579,1676728800000,871818.8
580,1676732400000,874830.2
581,1676736000000,871214.3
582,1676739600000,891678.6
583,1676743200000,881338.4
584,1676746800000,872516.1
585,1676750400000,888609.8
586,1676754000000,893104.7
587,1676757600000,900150.1
588,1676761200000,908955.3
589,1676764800000,905372.2
590,1676768400000,912819.6
591,1676772000000,915520.9
592,1676775600000,910495.7
593,1676779200000,908890.0
594,1676782800000,903973.2
595,1676786400000,913848.7
596,1676790000000,900781.8
597,1676793600000,898407.5
598,1676797200000,891588.3
599,1676800800000,898351.7
600,1676804400000,891788.3
601,1676808000000,909200.4
602,1676811600000,944931.1
603,1676815200000,947258.4
604,1676818800000,978286.6
605,1676822400000,993953.3
606,1676826000000,994995.6
607,1676829600000,986359.0
608,1676833200000,996046.0
609,1676836800000,1008784.4
610,1676840400000,1022959.9
611,1676844000000,1049742.3
612,1676847600000,1074560.6
613,1676851200000,1061702.6
614,1676854800000,1033350.8
615,1676858400000,1043858.6
616,1676862000000,1116635.7
617,1676865600000,1130583.8
618,1676869200000,1174925.5
619,1676872800000,1172399.39999999
620,1676876400000,1189221.39999999
621,1676880000000,1233916.1
622,1676883600000,1213375.8
623,1676887200000,1194544.6
624,1676890800000,1197738.89999999
625,1676894400000,1172642.6
626,1676898000000,1169909.0
627,1676901600000,1165836.39999999
628,1676905200000,1183261.89999999
629,1676908800000,1196762.89999999
630,1676912400000,1140924.6
631,1676916000000,1145262.2
632,1676919600000,1146749.5
633,1676923200000,1157978.3
634,1676926800000,1162169.89999999
635,1676930400000,1149012.0
636,1676934000000,1162412.7
637,1676937600000,1150602.5
638,1676941200000,1138130.5
639,1676944800000,1131018.8
640,1676948400000,1135145.1
641,1676952000000,1175542.8
642,1676955600000,1192088.89999999
643,1676959200000,1198289.89999999
644,1676962800000,1219639.3
645,1676966400000,1228249.39999999
646,1676970000000,1128248.3
647,1676973600000,1142764.1
648,1676977200000,1118625.8
649,1676980800000,1138429.6
650,1676984400000,1178345.3
651,1676988000000,1149444.8
652,1676991600000,1194498.2
653,1676995200000,1221810.6
654,1676998800000,1275239.8
655,1677002400000,1494768.8
656,1677006000000,1534820.7
657,1677009600000,1443291.0
658,1677013200000,1452643.8
659,1677016800000,1416364.9
660,1677020400000,1443933.6
661,1677024000000,1463736.8
662,1677027600000,1522866.5
663,1677031200000,1539388.8
664,1677034800000,1463033.3
665,1677038400000,1502263.6
666,1677042000000,1493904.2
667,1677045600000,1521860.4
668,1677049200000,1578839.0
669,1677052800000,1595917.6
670,1677056400000,1574616.6
671,1677060000000,1670758.7
672,1677063600000,1633618.0
673,1677067200000,1605991.8
674,1677070800000,1599361.0
675,1677074400000,1616860.3
676,1677078000000,1579289.6
677,1677081600000,1536504.4
678,1677085200000,1548844.2
679,1677088800000,1530629.4
680,1677092400000,1384127.89999999
681,1677096000000,1379474.7
682,1677099600000,1364017.8
683,1677103200000,1354788.89999999
684,1677106800000,1373254.1
685,1677110400000,1395006.2
686,1677114000000,1388590.39999999
687,1677117600000,1407417.9
688,1677121200000,1404024.8
689,1677124800000,1446016.6
690,1677128400000,1444656.0
691,1677132000000,1403483.0
692,1677135600000,1396364.39999999
693,1677139200000,1398032.2
694,1677142800000,1398333.89999999
695,1677146400000,1393811.5
696,1677150000000,1383432.8
697,1677153600000,1266434.6
698,1677157200000,1277292.5
699,1677160800000,1291336.5
700,1677164400000,1289104.7
701,1677168000000,1299835.89999999
702,1677171600000,1267504.5
703,1677175200000,1247918.5
704,1677178800000,1246044.0
705,1677182400000,1231431.8
706,1677186000000,1233716.3
707,1677189600000,1232902.3
708,1677193200000,1225955.6
709,1677196800000,1245476.1
710,1677200400000,1244625.39999999
711,1677204000000,1252103.39999999
712,1677207600000,1256009.0
713,1677211200000,1253547.7
714,1677214800000,1252191.1
715,1677218400000,1263998.7
716,1677222000000,1260355.1
717,1677225600000,1243452.7
718,1677229200000,1247934.89999999
719,1677232800000,1251064.2
720,1677236400000,1233429.1
721,1677240000000,1238528.1
722,1677243600000,1241780.1
723,1677247200000,1245404.2
724,1677250800000,1239112.1
725,1677254400000,1229969.39999999
726,1677258000000,1122674.7
727,1677261600000,1109318.6
728,1677265200000,1078936.6
729,1677268800000,1102974.0
730,1677272400000,1120814.7
731,1677276000000,1114968.7
732,1677279600000,1099233.1
733,1677283200000,1119926.5
734,1677286800000,1109673.0
735,1677290400000,1109168.6
736,1677294000000,1098456.5
737,1677297600000,1119107.7
738,1677301200000,1130278.1
739,1677304800000,1135111.5
740,1677308400000,1133124.5
741,1677312000000,1129289.39999999
742,1677315600000,1117118.1
743,1677319200000,1106003.8
744,1677322800000,1098301.6
745,1677326400000,1094265.8
746,1677330000000,1065584.39999999
747,1677333600000,1062918.1
748,1677337200000,1068359.8
749,1677340800000,1058926.2
750,1677344400000,1055940.89999999
751,1677348000000,1061595.1
752,1677351600000,1024952.2
753,1677355200000,1011699.2
754,1677358800000,992080.4
755,1677362400000,988360.5
756,1677366000000,990007.8
757,1677369600000,998620.7
758,1677373200000,996190.6
759,1677376800000,1001645.9
760,1677380400000,1000527.6
761,1677384000000,993728.0
762,1677387600000,980383.7
763,1677391200000,984945.5
764,1677394800000,984190.6
765,1677398400000,990384.8
766,1677402000000,980845.9
767,1677405600000,1008775.6
768,1677409200000,1024554.4
769,1677412800000,1018231.3
770,1677416400000,1013135.4
771,1677420000000,1010283.7
772,1677423600000,1017306.6
773,1677427200000,1012216.6
774,1677430800000,1010044.9
775,1677434400000,1004493.7
776,1677438000000,1012527.2
777,1677441600000,1013076.0
778,1677445200000,1013950.7
779,1677448800000,1007773.2
780,1677452400000,996999.5
781,1677456000000,988746.4
782,1677459600000,981986.6
783,1677463200000,986089.8
784,1677466800000,985951.2
785,1677470400000,983051.9
786,1677474000000,984223.6
787,1677477600000,986315.5
788,1677481200000,978758.1
789,1677484800000,986106.6
790,1677488400000,974407.1
791,1677492000000,986411.1
792,1677495600000,994696.3
793,1677499200000,1002999.9
794,1677502800000,1005365.0
795,1677506400000,1015973.5
796,1677510000000,1026449.3
797,1677513600000,1019176.9
798,1677517200000,1003965.5
799,1677520800000,1011236.6
800,1677524400000,1002559.0
801,1677528000000,996535.8
802,1677531600000,1007421.6
803,1677535200000,1009959.4
804,1677538800000,1023800.7
805,1677542400000,1020915.3
806,1677546000000,1046941.5
807,1677549600000,1037900.0
808,1677553200000,1052215.1
809,1677556800000,1055795.89999999
810,1677560400000,1058810.3
811,1677564000000,1059841.8
812,1677567600000,1070901.1
813,1677571200000,1069409.3
814,1677574800000,1066451.5
815,1677578400000,1063487.0
816,1677582000000,1069505.0
817,1677585600000,1072612.1
818,1677589200000,1067754.8
819,1677592800000,1063483.89999999
820,1677596400000,1092637.5
821,1677600000000,1105896.89999999
822,1677603600000,1118803.6
823,1677607200000,1119676.7
824,1677610800000,1128148.5
825,1677614400000,1114829.7
826,1677618000000,1116579.39999999
827,1677621600000,1087120.89999999
828,1677625200000,1111611.39999999
829,1677628800000,1114049.1
830,1677632400000,1123752.89999999
831,1677636000000,1104083.89999999
832,1677639600000,1109065.1
833,1677643200000,1115303.89999999
834,1677646800000,1120582.89999999
835,1677650400000,1128594.1
836,1677654000000,1118905.39999999
837,1677657600000,1114524.2
838,1677661200000,1141104.7
839,1677664800000,1139464.6
840,1677668400000,1125072.39999999
841,1677672000000,1138477.0
842,1677675600000,1163787.89999999
843,1677679200000,1141252.2
844,1677682800000,1154745.89999999
845,1677686400000,1184581.89999999
846,1677690000000,1188148.1
847,1677693600000,1196730.0
848,1677697200000,1186234.1
849,1677700800000,1180125.5
850,1677704400000,1183087.1
851,1677708000000,1190057.0
852,1677711600000,1193284.0
853,1677715200000,1190618.1
854,1677718800000,1191165.3
855,1677722400000,1189769.39999999
856,1677726000000,1194076.2
857,1677729600000,1195869.1
858,1677733200000,1197752.89999999
859,1677736800000,1198805.6
860,1677740400000,1195444.3
861,1677744000000,1221771.3
862,1677747600000,1234821.5
863,1677751200000,1231397.2
864,1677754800000,1228225.89999999
865,1677758400000,1231196.1
866,1677762000000,1273752.89999999
867,1677765600000,1305093.3
868,1677769200000,1305732.7
869,1677772800000,1297475.89999999
870,1677776400000,1305968.3
871,1677780000000,1314826.2
872,1677783600000,1307623.2
873,1677787200000,1302263.89999999
874,1677790800000,1287066.3
875,1677794400000,1297843.8
876,1677798000000,1303147.2
877,1677801600000,1300451.7
878,1677805200000,1294638.8
879,1677808800000,1107366.7
880,1677812400000,1093653.3
881,1677816000000,1086553.6
882,1677819600000,1090679.8
883,1677823200000,1092620.5
884,1677826800000,1102922.1
885,1677830400000,1100334.8
886,1677834000000,1098646.6
887,1677837600000,1101790.89999999
888,1677841200000,1103312.0
889,1677844800000,1084990.0
890,1677848400000,1081752.39999999
891,1677852000000,1069981.3
892,1677855600000,1051812.2
893,1677859200000,1067054.6
894,1677862800000,1068626.39999999
895,1677866400000,1071692.2
896,1677870000000,1086661.7
897,1677873600000,1090866.89999999
898,1677877200000,1088510.2
899,1677880800000,1080154.39999999
900,1677884400000,1086262.7
901,1677888000000,1082592.2
902,1677891600000,1081025.0
903,1677895200000,1176009.2
904,1677898800000,1176586.6
905,1677902400000,1191539.89999999
906,1677906000000,1213072.1
907,1677909600000,1202199.89999999
908,1677913200000,1203959.3
909,1677916800000,1225533.7
910,1677920400000,1236295.39999999
911,1677924000000,1245596.6
912,1677927600000,1242602.3
913,1677931200000,1254808.6
914,1677934800000,1248847.0
915,1677938400000,1257296.7
916,1677942000000,1240821.2
917,1677945600000,1185891.8
918,1677949200000,1151759.0
919,1677952800000,1141756.0
920,1677956400000,1141756.0
921,1677960000000,1126195.39999999
922,1677963600000,1101476.1
923,1677967200000,1081535.3
924,1677970800000,1076423.6
925,1677974400000,1069839.89999999
926,1677978000000,1077735.89999999
927,1677981600000,1055036.3
928,1677985200000,1048410.2
929,1677988800000,1057690.39999999
930,1677992400000,1059249.0
931,1677996000000,1078033.1
932,1677999600000,1087999.6
933,1678003200000,1091229.1
934,1678006800000,1077640.7
935,1678010400000,1075885.2
936,1678014000000,1084784.6
937,1678017600000,1087314.89999999
938,1678021200000,1083568.7
939,1678024800000,1060222.2
940,1678028400000,1056613.7
941,1678032000000,1062569.7
942,1678035600000,1073428.39999999
943,1678039200000,1077973.5
944,1678042800000,1075377.39999999
945,1678046400000,1076788.1
946,1678050000000,1134405.7
947,1678053600000,1113038.89999999
948,1678057200000,1120534.6
949,1678060800000,1092756.89999999
950,1678064400000,1083023.8
951,1678068000000,1078662.6
952,1678071600000,1086236.2
953,1678075200000,1099495.39999999
954,1678078800000,1101529.1
955,1678082400000,1103804.5
956,1678086000000,1100276.6
957,1678089600000,1111003.39999999
958,1678093200000,1107946.6
959,1678096800000,1109920.89999999
960,1678100400000,1113039.3
961,1678104000000,1128560.2
962,1678107600000,1134522.39999999
963,1678111200000,1167820.89999999
964,1678114800000,1165198.1
965,1678118400000,1157520.0
966,1678122000000,1155391.39999999
967,1678125600000,1156490.5
968,1678129200000,1164481.8
969,1678132800000,1154894.3
970,1678136400000,1141052.0
971,1678140000000,1140556.8
972,1678143600000,1205847.7
973,1678147200000,1204761.7
974,1678150800000,1180528.6
975,1678154400000,1167249.3
976,1678158000000,1164669.6
977,1678161600000,1167679.7
978,1678165200000,1163832.6
979,1678168800000,1161648.7
980,1678172400000,1160622.6
981,1678176000000,1235373.3
982,1678179600000,1213784.5
983,1678183200000,1213804.3
984,1678186800000,1205692.0
985,1678190400000,1204604.3
986,1678194000000,1198251.39999999
987,1678197600000,1196093.8
988,1678201200000,1201853.1
989,1678204800000,1131708.3
990,1678208400000,1140049.8
991,1678212000000,1148030.0
992,1678215600000,1154622.89999999
993,1678219200000,1132576.3
994,1678222800000,1127441.6
995,1678226400000,1158084.6
996,1678230000000,1159037.39999999
997,1678233600000,1152155.39999999
998,1678237200000,1149312.6
999,1678240800000,1149460.0
1000,1678244400000,1146183.6
1001,1678248000000,1135457.1
1002,1678251600000,1130977.89999999
1003,1678255200000,1139652.0
1004,1678258800000,1153961.89999999
1005,1678262400000,1158272.5
1006,1678266000000,1161954.6
1007,1678269600000,1163123.39999999
1008,1678273200000,1163172.6
1009,1678276800000,1235491.89999999
1010,1678280400000,1258878.8
1011,1678284000000,1246174.7
1012,1678287600000,1234850.0
1013,1678291200000,1217969.3
1014,1678294800000,1227210.39999999
1015,1678298400000,1235384.6
1016,1678302000000,1204268.6
1017,1678305600000,1202861.6
1018,1678309200000,1223132.0
1019,1678312800000,1214834.39999999
1020,1678316400000,1194791.6
1021,1678320000000,1180169.89999999
1022,1678323600000,1180913.5
1023,1678327200000,1181248.7
1024,1678330800000,1190034.2
1025,1678334400000,1205710.39999999
1026,1678338000000,1209907.0
1027,1678341600000,1198806.6
1028,1678345200000,1202087.39999999
1029,1678348800000,1195278.6
1030,1678352400000,1190104.3
1031,1678356000000,1199369.1
1032,1678359600000,1209661.89999999
1033,1678363200000,1206941.1
1034,1678366800000,1215892.5
1035,1678370400000,1228669.3
1036,1678374000000,1218807.8
1037,1678377600000,1200472.3
1038,1678381200000,1307783.39999999
1039,1678384800000,1308479.8
1040,1678388400000,1268955.8
1041,1678392000000,1230702.2
1042,1678395600000,1183263.89999999
1043,1678399200000,1128382.6
1044,1678402800000,1117115.0
1045,1678406400000,1115771.7
1046,1678410000000,1110111.8
1047,1678413600000,1133738.6
1048,1678417200000,1125870.8
1049,1678420800000,1129401.7
1050,1678424400000,1127662.5
1051,1678428000000,1140949.3
1052,1678431600000,1111648.3
1053,1678435200000,1104092.39999999
1054,1678438800000,1108649.1
1055,1678442400000,1092025.89999999
1056,1678446000000,1103929.89999999
1057,1678449600000,1155265.3
1058,1678453200000,1190903.0
1059,1678456800000,1179658.5
1060,1678460400000,1173155.2
1061,1678464000000,1149270.39999999
1062,1678467600000,1158614.2
1063,1678471200000,1149710.0
1064,1678474800000,1118279.1
1065,1678478400000,1181232.2
1066,1678482000000,1150809.3
1067,1678485600000,1135126.8
1068,1678489200000,1121152.3
1069,1678492800000,1123538.7
1070,1678496400000,1135865.39999999
1071,1678500000000,1145242.3
1072,1678503600000,1138288.2
1073,1678507200000,1126596.0
1074,1678510800000,1122891.8
1075,1678514400000,1125290.8
1076,1678518000000,1149127.5
1077,1678521600000,1117568.8
1078,1678525200000,1147344.7
1079,1678528800000,1150171.8
1080,1678532400000,1138722.3
1081,1678536000000,1134911.5
1082,1678539600000,1149719.39999999
1083,1678543200000,1158287.89999999
1084,1678546800000,1141028.1
1085,1678550400000,1151839.7
1086,1678554000000,1205707.0
1087,1678557600000,1210665.5
1088,1678561200000,1225204.39999999
1089,1678564800000,1234167.3
1090,1678568400000,1217399.6
1091,1678572000000,1204263.3
1092,1678575600000,1216928.8
1093,1678579200000,1222184.5
1094,1678582800000,1220900.89999999
1095,1678586400000,1212011.6
1096,1678590000000,1200376.5
1097,1678593600000,1208265.3
1098,1678597200000,1227119.8
1099,1678600800000,1209195.8
1100,1678604400000,1215625.8
1101,1678608000000,1192792.1
1102,1678611600000,1181158.39999999
1103,1678615200000,1178505.8
1104,1678618800000,1186868.2
1105,1678622400000,1176915.5
1106,1678626000000,1194827.1
1107,1678629600000,1196842.7
1108,1678633200000,1205444.8
1109,1678636800000,1214099.8
1110,1678640400000,1223277.8
1111,1678644000000,1194201.5
1112,1678647600000,1172093.3
1113,1678651200000,1168106.2
1114,1678654800000,1135925.39999999
1115,1678658400000,1103189.6
1116,1678662000000,995325.8
1117,1678665600000,1017877.3
1118,1678669200000,1024037.5
1119,1678672800000,1023438.7
1120,1678676400000,1021728.0
1121,1678680000000,1033572.4
1122,1678683600000,1034974.0
1123,1678687200000,1035436.0
1124,1678690800000,1047791.1
1125,1678694400000,1034653.7
1126,1678698000000,1002461.0
1127,1678701600000,1097320.3
1128,1678705200000,1083825.89999999
1129,1678708800000,1085484.0
1130,1678712400000,1095136.2
1131,1678716000000,1013895.2
1132,1678719600000,1016652.5
1133,1678723200000,964727.6
1134,1678726800000,982085.9
1135,1678730400000,984939.1
1136,1678734000000,1003824.1
1137,1678737600000,994428.3
1138,1678741200000,982022.2
1139,1678744800000,1073595.39999999
1140,1678748400000,1080857.2
1141,1678752000000,1086694.5
1142,1678755600000,1112557.1
1143,1678759200000,1114926.7
1144,1678762800000,1112629.0
1145,1678766400000,1134393.89999999
1146,1678770000000,1136130.6
1147,1678773600000,1147787.89999999
1148,1678777200000,1151819.39999999
1149,1678780800000,1118750.6
1150,1678784400000,1119299.3
1151,1678788000000,1133538.5
1152,1678791600000,1128971.1
1153,1678795200000,1149869.8
1154,1678798800000,1072078.39999999
1155,1678802400000,1050662.6
1156,1678806000000,1050400.89999999
1157,1678809600000,1059723.2
1158,1678813200000,1067300.1
1159,1678816800000,1067860.5
1160,1678820400000,1045805.7
1161,1678824000000,1057225.8
1162,1678827600000,1026185.9
1163,1678831200000,1020830.0
1164,1678834800000,1042085.2
1165,1678838400000,1033622.0
1166,1678842000000,1067221.7
1167,1678845600000,1055730.8
1168,1678849200000,1063322.8
1169,1678852800000,1065041.3
1170,1678856400000,1067836.89999999
1171,1678860000000,1063842.0
1172,1678863600000,1049110.5
1173,1678867200000,1066779.2
1174,1678870800000,1077337.39999999
1175,1678874400000,1052201.89999999
1176,1678878000000,1066840.2
1177,1678881600000,1070891.6
1178,1678885200000,1049615.1
1179,1678888800000,1050564.6
1180,1678892400000,1029434.6
1181,1678896000000,1009052.9
1182,1678899600000,978132.4
1183,1678903200000,986602.3
1184,1678906800000,1025957.2
1185,1678910400000,987567.1
1186,1678914000000,978088.4
1187,1678917600000,1001664.6
1188,1678921200000,1026240.4
1189,1678924800000,1046884.5
1190,1678928400000,1039153.3
1191,1678932000000,1055387.3
1192,1678935600000,1057043.89999999
1193,1678939200000,1056830.3
1194,1678942800000,1034151.5
1195,1678946400000,1037835.1
1196,1678950000000,1040875.2
1197,1678953600000,1045953.2
1198,1678957200000,1051108.0
1199,1678960800000,1038568.2
1200,1678964400000,1041094.6
1201,1678968000000,1033636.2
1202,1678971600000,1066173.6
1203,1678975200000,1041479.9
1204,1678978800000,1050842.7
1205,1678982400000,1019888.2
1206,1678986000000,1011016.5
1207,1678989600000,1003594.7
1208,1678993200000,1014323.2
1209,1678996800000,1028459.5
1210,1679000400000,1018628.2
1211,1679004000000,1032142.4
1212,1679007600000,1040413.8
1213,1679011200000,1051314.8
1214,1679014800000,1052404.6
1215,1679018400000,1072904.5
1216,1679022000000,1057667.89999999
1217,1679025600000,1046888.0
1218,1679029200000,1058982.7
1219,1679032800000,1067082.0
1220,1679036400000,1059208.2
1221,1679040000000,1062462.6
1222,1679043600000,1042186.0
1223,1679047200000,1056759.3
1224,1679050800000,1096740.39999999
1225,1679054400000,1091688.89999999
1226,1679058000000,1092627.39999999
1227,1679061600000,1102431.8
1228,1679065200000,1067727.7
1229,1679068800000,1066481.7
1230,1679072400000,1058928.5
1231,1679076000000,1062364.1
1232,1679079600000,1057798.0
1233,1679083200000,1066184.7
1234,1679086800000,1059707.1
1235,1679090400000,1049194.89999999
1236,1679094000000,1071191.2
1237,1679097600000,1019400.9
1238,1679101200000,1035026.9
1239,1679104800000,1008018.6
1240,1679108400000,1003612.4
1241,1679112000000,1008611.3
1242,1679115600000,1001543.7
1243,1679119200000,995417.4
1244,1679122800000,994286.8
1245,1679126400000,1003418.0
1246,1679130000000,991948.3
1247,1679133600000,1007111.6
1248,1679137200000,1027830.2
1249,1679140800000,1031972.7
1250,1679144400000,1039521.7
1251,1679148000000,1050213.89999999
1252,1679151600000,1042388.2
1253,1679155200000,1014621.3
1254,1679158800000,1013467.1
1255,1679162400000,1017508.4
1256,1679166000000,1022874.8
1257,1679169600000,1020538.0
1258,1679173200000,1023121.1
1259,1679176800000,1026965.8
1260,1679180400000,1021190.4
1261,1679184000000,1019715.2
1262,1679187600000,1016378.7
1263,1679191200000,1031053.2
1264,1679194800000,1032353.6
1265,1679198400000,1029967.6
1266,1679202000000,1032339.8
1267,1679205600000,1038517.4
1268,1679209200000,1031562.2
1269,1679212800000,1036879.6
1270,1679216400000,1054047.0
1271,1679220000000,1056451.39999999
1272,1679223600000,1081265.7
1273,1679227200000,1099145.1
1274,1679230800000,1106067.8
1275,1679234400000,1105662.0
1276,1679238000000,1103257.6
1277,1679241600000,1111747.6
1278,1679245200000,1128295.1
1279,1679248800000,1103458.89999999
1280,1679252400000,1100211.89999999
1281,1679256000000,1092985.1
1282,1679259600000,1048618.6
1283,1679263200000,1055920.0
1284,1679266800000,1045487.5
1285,1679270400000,1052330.5
1286,1679274000000,1064289.0
1287,1679277600000,1096155.5
1288,1679281200000,1090710.5
1289,1679284800000,1075516.8
1290,1679288400000,1062287.89999999
1291,1679292000000,1066067.0
1292,1679295600000,1067391.0
1293,1679299200000,1068210.3
1294,1679302800000,1068515.2
1295,1679306400000,1069425.89999999
1296,1679310000000,1061088.7
1297,1679313600000,1071152.89999999
1298,1679317200000,1076363.39999999
1299,1679320800000,1074449.8
1300,1679324400000,1074199.89999999
1301,1679328000000,1081325.0
1302,1679331600000,1067648.7
1303,1679335200000,1063648.8
1304,1679338800000,1076341.7
1305,1679342400000,1075229.5
1306,1679346000000,1073080.1
1307,1679349600000,1067716.8
1308,1679353200000,1077590.89999999
1309,1679356800000,1044476.0
1310,1679360400000,982245.2
1311,1679364000000,968495.1
1312,1679367600000,978970.5
1313,1679371200000,960587.6
1314,1679374800000,948708.6
1315,1679378400000,945516.5
1316,1679382000000,944389.3
1317,1679385600000,937055.2
1318,1679389200000,940584.5
1319,1679392800000,947173.0
1320,1679396400000,980310.5
1321,1679400000000,1009406.9
1322,1679403600000,1027552.3
1323,1679407200000,1022637.9
1324,1679410800000,991826.0
1325,1679414400000,1009393.2
1326,1679418000000,1011110.1
1327,1679421600000,1000438.1
1328,1679425200000,1010429.8
1329,1679428800000,1042104.1
1330,1679432400000,1052442.3
1331,1679436000000,1032378.0
1332,1679439600000,1030361.8
1333,1679443200000,1029278.0
1334,1679446800000,1016629.2
1335,1679450400000,1050826.1
1336,1679454000000,1066641.8
1337,1679457600000,1064372.3
1338,1679461200000,1085309.39999999
1339,1679464800000,1110772.0
1340,1679468400000,1093130.5
1341,1679472000000,1073556.39999999
1342,1679475600000,1073480.6
1343,1679479200000,1081743.0
1344,1679482800000,1073740.8
1345,1679486400000,1058278.2
1346,1679490000000,1059605.89999999
1347,1679493600000,1058028.7
1348,1679497200000,1020069.8
1349,1679500800000,1007369.3
1350,1679504400000,1004451.9
1351,1679508000000,993871.9
1352,1679511600000,973180.9
1353,1679515200000,932683.5
1354,1679518800000,970702.7
1355,1679522400000,978804.9
1356,1679526000000,994728.9
1357,1679529600000,1000111.5
1358,1679533200000,1001960.0
1359,1679536800000,1041373.1
1360,1679540400000,1033775.6
1361,1679544000000,1026520.1
1362,1679547600000,1004722.6
1363,1679551200000,1002721.2
1364,1679554800000,1014075.0
1365,1679558400000,1006804.5
1366,1679562000000,1013468.3
1367,1679565600000,1026028.7
1368,1679569200000,1036793.0
1369,1679572800000,1039134.9
1370,1679576400000,1026752.3
1371,1679580000000,1024579.2
1372,1679583600000,995292.8
1373,1679587200000,989717.6
1374,1679590800000,993234.6
1375,1679594400000,1004687.5
1376,1679598000000,1008509.2
1377,1679601600000,994789.3
1378,1679605200000,994179.1
1379,1679608800000,989688.4
1380,1679612400000,1005392.0
1381,1679616000000,1008227.6
1382,1679619600000,1030147.0
1383,1679623200000,1018417.9
1384,1679626800000,1020798.6
1385,1679630400000,1015966.0
1386,1679634000000,1001704.2
1387,1679637600000,979722.3
1388,1679641200000,962719.1
1389,1679644800000,965400.6
1390,1679648400000,970720.1
1391,1679652000000,952829.7
1392,1679655600000,948909.4
1393,1679659200000,962980.2
1394,1679662800000,956407.2
1395,1679666400000,946310.2
1396,1679670000000,927339.8
1397,1679673600000,944687.9
1398,1679677200000,945499.3
1399,1679680800000,942263.5
1400,1679684400000,944261.0
1401,1679688000000,940414.1
1402,1679691600000,961829.4
1403,1679695200000,959246.3
1404,1679698800000,982885.4
1405,1679702400000,988098.2
1406,1679706000000,997850.2
1407,1679709600000,988697.9
1408,1679713200000,981944.4
1409,1679716800000,974916.3
1410,1679720400000,976524.8
1411,1679724000000,977119.2
1412,1679727600000,975920.3
1413,1679731200000,986518.4
1414,1679734800000,980796.3
1415,1679738400000,972961.0
1416,1679742000000,970712.4
1417,1679745600000,983546.2
1418,1679749200000,974204.5
1419,1679752800000,980009.6
1420,1679756400000,978757.6
1421,1679760000000,968206.2
1422,1679763600000,978958.3
1423,1679767200000,972815.8
1424,1679770800000,986795.0
1425,1679774400000,966163.1
1426,1679778000000,957832.2
1427,1679781600000,950366.2
1428,1679785200000,949964.8
1429,1679788800000,957108.7
1430,1679792400000,958063.1
1431,1679796000000,955972.4
1432,1679799600000,961931.0
1433,1679803200000,960831.3
1434,1679806800000,958912.5
1435,1679810400000,962490.9
1436,1679814000000,964441.1
1437,1679817600000,965742.1
1438,1679821200000,962722.4
1439,1679824800000,964477.0
1440,1679828400000,956825.0
1441,1679832000000,957378.6
1442,1679835600000,992205.4
1443,1679839200000,1007753.8
1444,1679842800000,1026497.0
1445,1679846400000,1007087.3
1446,1679850000000,1008372.2
1447,1679853600000,1013592.7
1448,1679857200000,1004751.7
1449,1679860800000,1007500.1
1450,1679864400000,1000375.5
1451,1679868000000,989146.3
1452,1679871600000,988105.7
1453,1679875200000,990356.3
1454,1679878800000,984878.0
1455,1679882400000,989942.8
1456,1679886000000,984712.6
1457,1679889600000,991087.6
1458,1679893200000,999583.8
1459,1679896800000,1003631.9
1460,1679900400000,1010055.2
1461,1679904000000,1024089.1
1462,1679907600000,991577.4
1463,1679911200000,1004241.4
1464,1679914800000,998969.8
1465,1679918400000,1001043.8
1466,1679922000000,1043395.0
1467,1679925600000,1061340.7
1468,1679929200000,1043648.4
1469,1679932800000,1034222.7
1470,1679936400000,1057237.7
1471,1679940000000,1044886.4
1472,1679943600000,1036644.7
1473,1679947200000,1032009.9
1474,1679950800000,1024116.0
1475,1679954400000,1019821.9
1476,1679958000000,1028703.6
1477,1679961600000,1027141.7
1478,1679965200000,1024610.7
1479,1679968800000,1014307.3
1480,1679972400000,1021552.8
1481,1679976000000,1028795.4
1482,1679979600000,1031082.0
1483,1679983200000,1024951.3
1484,1679986800000,1018233.3
1485,1679990400000,1033102.0
1486,1679994000000,1058381.3
1487,1679997600000,1036818.6
1488,1680001200000,1036714.0
1489,1680004800000,1044316.0
1490,1680008400000,1034167.0
1491,1680012000000,1016662.1
1492,1680015600000,1021224.3
1493,1680019200000,1022178.0
1494,1680022800000,1020906.2
1495,1680026400000,1102604.89999999
1496,1680030000000,1055896.3
1497,1680033600000,1027913.0
1498,1680037200000,1041528.7
1499,1680040800000,1025814.1
1500,1680044400000,1033584.4
1501,1680048000000,1052576.2
1502,1680051600000,1047382.6
1503,1680055200000,1059862.6
1504,1680058800000,1063953.2
1505,1680062400000,1079893.89999999
1506,1680066000000,1069076.1
1507,1680069600000,1083744.6
1508,1680073200000,1073450.8
1509,1680076800000,1118907.39999999
1510,1680080400000,1127115.2
1511,1680084000000,1126197.0
1512,1680087600000,1121256.2
1513,1680091200000,1137337.2
1514,1680094800000,1112536.3
1515,1680098400000,1110899.1
1516,1680102000000,1097202.1
1517,1680105600000,1086700.39999999
1518,1680109200000,1089461.89999999
1519,1680112800000,1102884.6
1520,1680116400000,1144114.0
1521,1680120000000,1157585.0
1522,1680123600000,1155862.6
1523,1680127200000,1161350.5
1524,1680130800000,1147474.7
1525,1680134400000,1139412.2
1526,1680138000000,1124476.8
1527,1680141600000,1118132.7
1528,1680145200000,1124257.1
1529,1680148800000,1075232.0
1530,1680152400000,1115530.8
1531,1680156000000,1117712.6
1532,1680159600000,1103450.3
1533,1680163200000,1102373.6
1534,1680166800000,1110697.0
1535,1680170400000,1104134.5
1536,1680174000000,1116305.3
1537,1680177600000,1195113.1
1538,1680181200000,1169833.6
1539,1680184800000,1217978.0
1540,1680188400000,1231423.1
1541,1680192000000,1240469.2
1542,1680195600000,1243152.0
1543,1680199200000,1288409.1
1544,1680202800000,1252926.1
1545,1680206400000,1253053.7
1546,1680210000000,1242837.6
1547,1680213600000,1229709.7
1548,1680217200000,1224105.3
1549,1680220800000,1209102.7
1550,1680224400000,1198210.6
1551,1680228000000,1205971.7
1552,1680231600000,1205412.0
1553,1680235200000,1272446.89999999
1554,1680238800000,1278092.2
1555,1680242400000,1261533.6
1556,1680246000000,1248225.5
1557,1680249600000,1201976.6
1558,1680253200000,1205269.8
1559,1680256800000,1212674.2
1560,1680260400000,1238559.8
1561,1680264000000,1215327.1
1562,1680267600000,1241899.1
1563,1680271200000,1255463.39999999
1564,1680274800000,1247153.8
1565,1680278400000,1223189.5
1566,1680282000000,1242268.8
1567,1680285600000,1241213.2
1568,1680289200000,1239286.5
1569,1680292800000,1235854.8
1570,1680296400000,1228806.1
1571,1680300000000,1240793.0
1572,1680303600000,1244764.89999999
1573,1680307200000,1240940.2
1574,1680310800000,1247357.7
1575,1680314400000,1243330.6
1576,1680318000000,1245779.39999999
1577,1680321600000,1239046.6
1578,1680325200000,1236933.5
1579,1680328800000,1232489.8
1580,1680332400000,1202078.5
1581,1680336000000,1201975.8
1582,1680339600000,1202547.2
1583,1680343200000,1209311.89999999
1584,1680346800000,1213271.1
1585,1680350400000,1216953.5
1586,1680354000000,1214767.0
1587,1680357600000,1215390.8
1588,1680361200000,1200313.8
1589,1680364800000,1198506.5
1590,1680368400000,1191250.7
1591,1680372000000,1193172.2
1592,1680375600000,1203284.0
1593,1680379200000,1202747.0
1594,1680382800000,1222167.6
1595,1680386400000,1221490.1
1596,1680390000000,1208738.5
1597,1680393600000,1215347.0
1598,1680397200000,1199101.6
1599,1680400800000,1200175.89999999
1600,1680404400000,1191395.1
1601,1680408000000,1191657.1
1602,1680411600000,1192796.89999999
1603,1680415200000,1188906.6
1604,1680418800000,1200820.2
1605,1680422400000,1180215.0
1606,1680426000000,1190348.2
1607,1680429600000,1204672.1
1608,1680433200000,1215541.8
1609,1680436800000,1213003.0
1610,1680440400000,1185400.1
1611,1680444000000,1190938.8
1612,1680447600000,1182759.5
1613,1680451200000,1140372.89999999
1614,1680454800000,1139617.39999999
1615,1680458400000,1153422.3
1616,1680462000000,1154433.89999999
1617,1680465600000,1144389.7
1618,1680469200000,1144633.89999999
1619,1680472800000,1133530.89999999
1620,1680476400000,1126234.8
1621,1680480000000,1125899.8
1622,1680483600000,1125634.7
1623,1680487200000,1101537.0
1624,1680490800000,1095672.1
1625,1680494400000,1109179.5
1626,1680498000000,1101818.5
1627,1680501600000,1100390.5
1628,1680505200000,1102056.2
1629,1680508800000,1098496.89999999
1630,1680512400000,1085756.5
1631,1680516000000,1097051.89999999
1632,1680519600000,1097967.1
1633,1680523200000,1108070.0
1634,1680526800000,1097291.8
1635,1680530400000,1102948.39999999
1636,1680534000000,1101395.39999999
1637,1680537600000,1101414.6
1638,1680541200000,1108298.1
1639,1680544800000,1117062.6
1640,1680548400000,1106231.5
1641,1680552000000,1101731.8
1642,1680555600000,1097739.7
1643,1680559200000,1091873.2
1644,1680562800000,1099123.89999999
1645,1680566400000,1100389.2
1646,1680570000000,1114395.5
1647,1680573600000,1082943.89999999
1648,1680577200000,1082839.6
1649,1680580800000,1087243.89999999
1650,1680584400000,1099659.1
1651,1680588000000,1106263.8
1652,1680591600000,1106395.89999999
1653,1680595200000,1106112.2
1654,1680598800000,1112968.0
1655,1680602400000,1115741.1
1656,1680606000000,1109285.0
1657,1680609600000,1119072.0
1658,1680613200000,1128342.1
1659,1680616800000,1109702.1
1660,1680620400000,1116258.1
1661,1680624000000,1131449.39999999
1662,1680627600000,1139856.8
1663,1680631200000,1158789.5
1664,1680634800000,1150846.6
1665,1680638400000,1159773.7
1666,1680642000000,1174319.5
1667,1680645600000,1173018.6
1668,1680649200000,1179746.6
1669,1680652800000,1203250.1
1670,1680656400000,1156143.8
1671,1680660000000,1150513.0
1672,1680663600000,1167414.5
1673,1680667200000,1171159.7
1674,1680670800000,1180217.5
1675,1680674400000,1223772.1
1676,1680678000000,1189867.0
1677,1680681600000,1213170.8
1678,1680685200000,1211189.2
1679,1680688800000,1215647.39999999
1680,1680692400000,1246182.5
1681,1680696000000,1257325.8
1682,1680699600000,1219415.1
1683,1680703200000,1241078.7
1684,1680706800000,1206576.2
1685,1680710400000,1215815.3
1686,1680714000000,1200863.2
1687,1680717600000,1185227.7
1688,1680721200000,1168249.6
1689,1680724800000,1232903.39999999
1690,1680728400000,1225401.89999999
1691,1680732000000,1218322.2
1692,1680735600000,1226749.0
1693,1680739200000,1228501.2
1694,1680742800000,1193313.5
1695,1680746400000,1152477.0
1696,1680750000000,1168091.8
1697,1680753600000,1175899.3
1698,1680757200000,1179854.8
1699,1680760800000,1175815.8
1700,1680764400000,1183209.5
1701,1680768000000,1191472.5
1702,1680771600000,1188925.3
1703,1680775200000,1181751.8
1704,1680778800000,1177971.39999999
1705,1680782400000,1190454.1
1706,1680786000000,1191683.0
1707,1680789600000,1179356.89999999
1708,1680793200000,1264812.7
1709,1680796800000,1299486.89999999
1710,1680800400000,1264204.7
1711,1680804000000,1260113.5
1712,1680807600000,1202997.2
1713,1680811200000,1213713.2
1714,1680814800000,1204276.1
1715,1680818400000,1212918.7
1716,1680822000000,1194724.39999999
1717,1680825600000,1192384.7
1718,1680829200000,1190288.1
1719,1680832800000,1200058.3
1720,1680836400000,1185553.7
1721,1680840000000,1180896.1
1722,1680843600000,1180207.89999999
1723,1680847200000,1176178.1
1724,1680850800000,1170482.6
1725,1680854400000,1175500.89999999
1726,1680858000000,1185222.0
1727,1680861600000,1178946.7
1728,1680865200000,1164618.7
1729,1680868800000,1192344.89999999
1730,1680872400000,1188756.5
1731,1680876000000,1180373.7
1732,1680879600000,1179125.6
1733,1680883200000,1180542.6
1734,1680886800000,1181104.6
1735,1680890400000,1181010.39999999
1736,1680894000000,1181804.2
1737,1680897600000,1181826.7
1738,1680901200000,1176929.8
1739,1680904800000,1171343.0
1740,1680908400000,1178682.0
1741,1680912000000,1179999.0
1742,1680915600000,1177958.7
1743,1680919200000,1183823.89999999
1744,1680922800000,1181431.3
1745,1680926400000,1185013.6
1746,1680930000000,1184928.7
1747,1680933600000,1185217.6
1748,1680937200000,1167650.5
1749,1680940800000,1172392.89999999
1750,1680944400000,1169628.39999999
1751,1680948000000,1160370.89999999
1752,1680951600000,1158834.0
1753,1680955200000,1163964.7
1754,1680958800000,1161476.5
1755,1680962400000,1165016.0
1756,1680966000000,1167706.5
1757,1680969600000,1171654.39999999
1758,1680973200000,1169768.89999999
1759,1680976800000,1163257.6
1760,1680980400000,1162606.39999999
1761,1680984000000,1155855.1
1762,1680987600000,1159444.6
1763,1680991200000,1154390.6
1764,1680994800000,1149760.5
1765,1680998400000,1153369.1
1766,1681002000000,1137186.6
1767,1681005600000,1134856.39999999
1768,1681009200000,1132818.6
1769,1681012800000,1140317.0
1770,1681016400000,1148501.1
1771,1681020000000,1147396.7
1772,1681023600000,1116854.3
1773,1681027200000,1115579.39999999
1774,1681030800000,1113748.8
1775,1681034400000,1108369.8
1776,1681038000000,1108701.1
1777,1681041600000,1128630.2
1778,1681045200000,1135534.3
1779,1681048800000,1148616.39999999
1780,1681052400000,1150599.6
1781,1681056000000,1146087.39999999
1782,1681059600000,1146531.1
1783,1681063200000,1147697.0
1784,1681066800000,1127034.1
1785,1681070400000,1146663.0
1786,1681074000000,1149770.7
1787,1681077600000,1141939.1
1788,1681081200000,1136424.0
1789,1681084800000,1136899.6
1790,1681088400000,1154428.1
1791,1681092000000,1133639.1
1792,1681095600000,1142174.7
1793,1681099200000,1144407.6
1794,1681102800000,1148573.39999999
1795,1681106400000,1154441.8
1796,1681110000000,1148048.5
1797,1681113600000,1149980.7
1798,1681117200000,1155884.1
1799,1681120800000,1165878.8
1800,1681124400000,1163567.6
1801,1681128000000,1168066.2
1802,1681131600000,1175314.3
1803,1681135200000,1177778.6
1804,1681138800000,1163479.89999999
1805,1681142400000,1141387.2
1806,1681146000000,1126405.89999999
1807,1681149600000,1104644.1
1808,1681153200000,1125557.5
1809,1681156800000,1120135.0
1810,1681160400000,1126131.39999999
1811,1681164000000,1114060.39999999
1812,1681167600000,1141634.3
1813,1681171200000,1151472.3
1814,1681174800000,1140596.6
1815,1681178400000,1142130.7
1816,1681182000000,1156481.89999999
1817,1681185600000,1167181.7
1818,1681189200000,1236964.2
1819,1681192800000,1212509.0
1820,1681196400000,1230279.7
1821,1681200000000,1250879.1
1822,1681203600000,1247044.0
1823,1681207200000,1234126.5
1824,1681210800000,1257183.2
1825,1681214400000,1263787.7
1826,1681218000000,1274140.89999999
1827,1681221600000,1309344.1
1828,1681225200000,1289527.7
1829,1681228800000,1280449.3
1830,1681232400000,1263137.0
1831,1681236000000,1247468.0
1832,1681239600000,1248582.7
1833,1681243200000,1230663.39999999
1834,1681246800000,1198640.7
1835,1681250400000,1187679.7
1836,1681254000000,1188790.8
1837,1681257600000,1186279.39999999
1838,1681261200000,1178818.5
1839,1681264800000,1192107.8
1840,1681268400000,1153954.89999999
1841,1681272000000,1148284.39999999
1842,1681275600000,1148987.1
1843,1681279200000,1148071.6
1844,1681282800000,1141978.39999999
1845,1681286400000,1171595.2
1846,1681290000000,1154670.2
1847,1681293600000,1150393.8
1848,1681297200000,1158399.6
1849,1681300800000,1150639.2
1850,1681304400000,1200494.7
1851,1681308000000,1195143.7
1852,1681311600000,1280813.8
1853,1681315200000,1276062.2
1854,1681318800000,1277259.39999999
1855,1681322400000,1290290.1
1856,1681326000000,1306945.1
1857,1681329600000,1439167.0
1858,1681333200000,1333138.7
1859,1681336800000,1331522.39999999
1860,1681340400000,1325995.3
1861,1681344000000,1311308.2
1862,1681347600000,1289642.6
1863,1681351200000,1276404.39999999
1864,1681354800000,1283281.7
1865,1681358400000,1286000.1
1866,1681362000000,1292422.8
1867,1681365600000,1302809.0
1868,1681369200000,1307366.0
1869,1681372800000,1316637.3
1870,1681376400000,1356500.89999999
1871,1681380000000,1477156.3
1872,1681383600000,1446497.2
1873,1681387200000,1467927.5
1874,1681390800000,1536782.9
1875,1681394400000,1556272.7
1876,1681398000000,1563858.3
1877,1681401600000,1549633.3
1878,1681405200000,1536980.1
1879,1681408800000,1525105.7
1880,1681412400000,1519537.1
1881,1681416000000,1522637.9
1882,1681419600000,1491827.7
1883,1681423200000,1473693.1
1884,1681426800000,1483664.3
1885,1681430400000,1480980.8
1886,1681434000000,1444562.3
1887,1681437600000,1445055.1
1888,1681441200000,1463181.7
1889,1681444800000,1476698.4
1890,1681448400000,1481426.5
1891,1681452000000,1489775.0
1892,1681455600000,1517490.9
1893,1681459200000,1428835.0
1894,1681462800000,1428925.0
1895,1681466400000,1438761.2
1896,1681470000000,1442599.1
1897,1681473600000,1441763.8
1898,1681477200000,1392176.39999999
1899,1681480800000,1374640.0
1900,1681484400000,1371428.7
1901,1681488000000,1261841.7
1902,1681491600000,1282506.0
1903,1681495200000,1294339.1
1904,1681498800000,1291041.6
1905,1681502400000,1306011.5
1906,1681506000000,1310584.5
1907,1681509600000,1304819.2
1908,1681513200000,1301065.3
1909,1681516800000,1321037.7
1910,1681520400000,1307944.5
1911,1681524000000,1301646.89999999
1912,1681527600000,1293889.0
1913,1681531200000,1294868.8
1914,1681534800000,1300304.0
1915,1681538400000,1298991.2
1916,1681542000000,1292447.6
1917,1681545600000,1292528.1
1918,1681549200000,1298465.39999999
1919,1681552800000,1320044.7
1920,1681556400000,1332900.89999999
1921,1681560000000,1333644.7
1922,1681563600000,1347752.1
1923,1681567200000,1349736.6
1924,1681570800000,1325475.39999999
1925,1681574400000,1332102.3
1926,1681578000000,1330886.8
1927,1681581600000,1320835.1
1928,1681585200000,1326242.3
1929,1681588800000,1344305.2
1930,1681592400000,1343921.3
1931,1681596000000,1335630.8
1932,1681599600000,1325727.2
1933,1681603200000,1332582.1
1934,1681606800000,1336264.0
1935,1681610400000,1298373.5
1936,1681614000000,1313288.2
1937,1681617600000,1315883.8
1938,1681621200000,1329400.6
1939,1681624800000,1382690.1
1940,1681628400000,1370554.0
1941,1681632000000,1425461.1
1942,1681635600000,1434647.8
1943,1681639200000,1401488.6
1944,1681642800000,1377629.6
1945,1681646400000,1372710.2
1946,1681650000000,1382128.89999999
1947,1681653600000,1369278.5
1948,1681657200000,1376538.2
1949,1681660800000,1375599.8
1950,1681664400000,1368157.89999999
1951,1681668000000,1386929.3
1952,1681671600000,1379167.1
1953,1681675200000,1366067.7
1954,1681678800000,1456383.7
1955,1681682400000,1514974.2
1956,1681686000000,1468287.6
1957,1681689600000,1436584.4
1958,1681693200000,1458527.0
1959,1681696800000,1519501.0
1960,1681700400000,1585351.5
1961,1681704000000,1553771.8
1962,1681707600000,1529310.1
1963,1681711200000,1553436.7
1964,1681714800000,1470218.3
1965,1681718400000,1525647.8
1966,1681722000000,1476844.6
1967,1681725600000,1487120.9
1968,1681729200000,1504865.4
1969,1681732800000,1536395.5
1970,1681736400000,1643558.4
1971,1681740000000,1726694.4
1972,1681743600000,1679507.8
1973,1681747200000,1716916.4
1974,1681750800000,1767781.3
1975,1681754400000,1643729.9
1976,1681758000000,1759552.0
1977,1681761600000,1711983.6
1978,1681765200000,1646360.0
1979,1681768800000,1587472.1
1980,1681772400000,1599642.9
1981,1681776000000,1611449.0
1982,1681779600000,1610153.7
1983,1681783200000,1660152.5
1984,1681786800000,1658131.2
1985,1681790400000,1661810.8
1986,1681794000000,1648615.2
1987,1681797600000,1776032.6
1988,1681801200000,1799798.2
1989,1681804800000,1928193.2
1990,1681808400000,1838145.0
1991,1681812000000,1801919.4
1992,1681815600000,1839814.5
1993,1681819200000,1798099.7
1994,1681822800000,1766223.5
1995,1681826400000,1706259.8
1996,1681830000000,1659910.3
1997,1681833600000,1639899.1
1998,1681837200000,1619843.3
1999,1681840800000,1607544.8
2000,1681844400000,1629496.2
2001,1681848000000,1642497.0
2002,1681851600000,1626591.9
2003,1681855200000,1651339.0
2004,1681858800000,1657936.8
2005,1681862400000,1665568.1
2006,1681866000000,1657688.0
2007,1681869600000,1662436.9
2008,1681873200000,1654035.6
2009,1681876800000,1655887.2
2010,1681880400000,1569925.3
2011,1681884000000,1556255.5
2012,1681887600000,1499300.5
2013,1681891200000,1506167.3
2014,1681894800000,1269035.6
2015,1681898400000,1516604.7
2016,1681902000000,1506225.4
2017,1681905600000,1457503.0
2018,1681909200000,1496348.4
2019,1681912800000,1516661.5
2020,1681916400000,1633513.0
2021,1681920000000,1592990.7
2022,1681923600000,1551464.4
2023,1681927200000,1508253.4
2024,1681930800000,1492187.0
2025,1681934400000,1512644.0
2026,1681938000000,1491383.6
2027,1681941600000,1475539.1
2028,1681945200000,1468503.0
2029,1681948800000,1399586.39999999
2030,1681952400000,1397749.0
2031,1681956000000,1410835.9
2032,1681959600000,1402994.2
2033,1681963200000,1390930.2
2034,1681966800000,1448399.3
2035,1681970400000,1471087.2
2036,1681974000000,1515476.3
2037,1681977600000,1511732.0
2038,1681981200000,1535851.3
2039,1681984800000,1561673.0
2040,1681988400000,1528637.4
2041,1681992000000,1533485.0
2042,1681995600000,1582404.7
2043,1681999200000,1564461.5
2044,1682002800000,1558691.4
2045,1682006400000,1516755.4
2046,1682010000000,1459022.4
2047,1682013600000,1464434.7
2048,1682017200000,1466815.9
2049,1682020800000,1479257.5
2050,1682024400000,1449331.1
2051,1682028000000,1450702.7
2052,1682031600000,1460934.8
2053,1682035200000,1444937.2
2054,1682038800000,1448393.1
2055,1682042400000,1443298.6
2056,1682046000000,1445663.9
2057,1682049600000,1446116.1
2058,1682053200000,1438581.5
2059,1682056800000,1459651.5
2060,1682060400000,1394804.39999999
2061,1682064000000,1386281.7
2062,1682067600000,1390715.6
2063,1682071200000,1400138.1
2064,1682074800000,1392712.7
2065,1682078400000,1414941.1
2066,1682082000000,1407611.8
2067,1682085600000,1401527.0
2068,1682089200000,1448028.2
2069,1682092800000,1472554.0
2070,1682096400000,1493106.7
2071,1682100000000,1425509.2
2072,1682103600000,1464760.4
2073,1682107200000,1463813.4
2074,1682110800000,1483053.7
2075,1682114400000,1494916.7
2076,1682118000000,1486241.4
2077,1682121600000,1524368.6
2078,1682125200000,1506569.4
2079,1682128800000,1522458.2
2080,1682132400000,1523301.6
2081,1682136000000,1517822.7
2082,1682139600000,1527285.7
2083,1682143200000,1551841.3
2084,1682146800000,1541029.3
2085,1682150400000,1531283.9
2086,1682154000000,1541389.2
2087,1682157600000,1544389.7
2088,1682161200000,1538766.4
2089,1682164800000,1554379.5
2090,1682168400000,1602565.7
2091,1682172000000,1592090.8
2092,1682175600000,1566700.3
2093,1682179200000,1560385.9
2094,1682182800000,1509729.0
2095,1682186400000,1515089.8
2096,1682190000000,1505222.5
2097,1682193600000,1508965.0
2098,1682197200000,1510921.3
2099,1682200800000,1519229.5
2100,1682204400000,1498033.3
2101,1682208000000,1488357.1
2102,1682211600000,1460087.7
2103,1682215200000,1463912.9
2104,1682218800000,1463851.4
2105,1682222400000,1458116.5
2106,1682226000000,1459883.0
2107,1682229600000,1457966.3
2108,1682233200000,1475421.8
2109,1682236800000,1478854.7
2110,1682240400000,1497165.3
2111,1682244000000,1526401.1
2112,1682247600000,1532983.4
2113,1682251200000,1535230.1
2114,1682254800000,1553143.9
2115,1682258400000,1554006.1
2116,1682262000000,1518759.4
2117,1682265600000,1532316.6
2118,1682269200000,1525310.1
2119,1682272800000,1516912.1
2120,1682276400000,1479203.0
2121,1682280000000,1476014.2
2122,1682283600000,1479053.8
2123,1682287200000,1482064.3
2124,1682290800000,1469469.7
2125,1682294400000,1481645.5
2126,1682298000000,1492723.9
2127,1682301600000,1500225.6
2128,1682305200000,1489847.5
2129,1682308800000,1479073.1
2130,1682312400000,1478137.5
2131,1682316000000,1479077.4
2132,1682319600000,1426951.0
2133,1682323200000,1427711.2
2134,1682326800000,1414784.9
2135,1682330400000,1424023.8
2136,1682334000000,1426888.1
2137,1682337600000,1419813.0
2138,1682341200000,1410329.8
2139,1682344800000,1387775.8
2140,1682348400000,1376804.7
2141,1682352000000,1387650.8
2142,1682355600000,1388136.0
2143,1682359200000,1400305.6
2144,1682362800000,1414492.4
2145,1682366400000,1423109.2
2146,1682370000000,1416524.2
2147,1682373600000,1408600.9
2148,1682377200000,1408613.1
2149,1682380800000,1412379.6
2150,1682384400000,1405096.1
2151,1682388000000,1403670.2
2152,1682391600000,1402453.2
2153,1682395200000,1399452.89999999
2154,1682398800000,1411465.0
2155,1682402400000,1517326.0
2156,1682406000000,1546090.9
2157,1682409600000,1573723.4
2158,1682413200000,1596478.4
2159,1682416800000,1597197.0
2160,1682420400000,1602931.9
2161,1682424000000,1598780.8
2162,1682427600000,1599110.3
2163,1682431200000,1622702.9
2164,1682434800000,1635279.3
2165,1682438400000,1622053.9
2166,1682442000000,1608963.8
2167,1682445600000,1597567.8
2168,1682449200000,1582369.4
2169,1682452800000,1574191.0
2170,1682456400000,1612788.0
2171,1682460000000,1598896.2
2172,1682463600000,1575218.9
2173,1682467200000,1526533.6
2174,1682470800000,1535007.8
2175,1682474400000,1532662.5
2176,1682478000000,1527638.8
2177,1682481600000,1528144.9
2178,1682485200000,1538448.1
2179,1682488800000,1549792.8
2180,1682492400000,1562819.7
2181,1682496000000,1540572.5
2182,1682499600000,1550897.5
2183,1682503200000,1560356.5
2184,1682506800000,1549864.7
2185,1682510400000,1509500.9
2186,1682514000000,1482846.5
2187,1682517600000,1475725.0
2188,1682521200000,1445849.9
2189,1682524800000,1446227.5
2190,1682528400000,1450983.5
2191,1682532000000,1389141.2
2192,1682535600000,1395599.7
2193,1682539200000,1274373.5
2194,1682542800000,1187578.6
2195,1682546400000,1202322.5
2196,1682550000000,1192819.0
2197,1682553600000,1188804.1
2198,1682557200000,1174548.8
2199,1682560800000,1173158.2
2200,1682564400000,1170185.8
2201,1682568000000,1169296.5
2202,1682571600000,1182299.39999999
2203,1682575200000,1187298.89999999
2204,1682578800000,1179512.3
2205,1682582400000,1178519.0
2206,1682586000000,1197383.3
2207,1682589600000,1189902.3
2208,1682593200000,1194312.5
2209,1682596800000,1198748.5
2210,1682600400000,1200437.89999999
2211,1682604000000,1199123.2
2212,1682607600000,1200659.89999999
2213,1682611200000,1198510.6
2214,1682614800000,1196866.39999999
2215,1682618400000,1198257.2
2216,1682622000000,1212865.6
2217,1682625600000,1227365.39999999
2218,1682629200000,1230354.8
2219,1682632800000,1220317.2
2220,1682636400000,1218487.39999999
2221,1682640000000,1219479.8
2222,1682643600000,1220521.3
2223,1682647200000,1235480.0
2224,1682650800000,1221687.8
2225,1682654400000,1217647.0
2226,1682658000000,1221493.3
2227,1682661600000,1229033.0
2228,1682665200000,1221352.39999999
2229,1682668800000,1223630.0
2230,1682672400000,1227644.2
2231,1682676000000,1236995.1
2232,1682679600000,1232675.6
2233,1682683200000,1232194.0
2234,1682686800000,1215402.2
2235,1682690400000,1219801.6
2236,1682694000000,1217617.2
2237,1682697600000,1211572.7
2238,1682701200000,1243730.8
2239,1682704800000,1240804.0
2240,1682708400000,1235363.5
2241,1682712000000,1245272.5
2242,1682715600000,1267367.1
2243,1682719200000,1257334.0
2244,1682722800000,1271256.6
2245,1682726400000,1274816.5
2246,1682730000000,1254707.5
2247,1682733600000,1256083.6
2248,1682737200000,1265209.6
2249,1682740800000,1271482.0
2250,1682744400000,1266414.6
2251,1682748000000,1266517.7
2252,1682751600000,1262734.89999999
2253,1682755200000,1269800.7
2254,1682758800000,1272100.3
2255,1682762400000,1267166.39999999
2256,1682766000000,1294381.1
2257,1682769600000,1279721.2
2258,1682773200000,1293172.0
2259,1682776800000,1306465.5
2260,1682780400000,1316505.3
2261,1682784000000,1297381.1
2262,1682787600000,1293786.8
2263,1682791200000,1253499.5
2264,1682794800000,1256705.2
2265,1682798400000,1253184.8
2266,1682802000000,1261539.1
2267,1682805600000,1240589.0
2268,1682809200000,1254038.1
2269,1682812800000,1259566.0
2270,1682816400000,1276292.0
2271,1682820000000,1257398.39999999
2272,1682823600000,1270668.89999999
2273,1682827200000,1271921.39999999
2274,1682830800000,1269738.8
2275,1682834400000,1269829.6
2276,1682838000000,1266752.2
2277,1682841600000,1263850.8
2278,1682845200000,1267136.8
2279,1682848800000,1269088.8
2280,1682852400000,1259766.8
2281,1682856000000,1252865.89999999
2282,1682859600000,1249413.1
2283,1682863200000,1250183.89999999
2284,1682866800000,1248630.3
2285,1682870400000,1221800.6
2286,1682874000000,1247919.5
2287,1682877600000,1251730.6
2288,1682881200000,1251171.89999999
2289,1682884800000,1243671.39999999
2290,1682888400000,1255843.1
2291,1682892000000,1254021.8
2292,1682895600000,1262154.39999999
2293,1682899200000,1247040.7
2294,1682902800000,1249962.2
2295,1682906400000,1256568.7
2296,1682910000000,1261450.39999999
2297,1682913600000,1257151.6
2298,1682917200000,1254159.0
2299,1682920800000,1253387.1
2300,1682924400000,1256687.39999999
2301,1682928000000,1257308.0
2302,1682931600000,1268902.89999999
2303,1682935200000,1269413.1
2304,1682938800000,1278095.5
2305,1682942400000,1269857.3
2306,1682946000000,1273929.6
2307,1682949600000,1275213.39999999
2308,1682953200000,1271261.8
2309,1682956800000,1284705.39999999
2310,1682960400000,1278628.39999999
2311,1682964000000,1276924.5
2312,1682967600000,1279357.0
2313,1682971200000,1277675.39999999
2314,1682974800000,1251444.2
2315,1682978400000,1252520.89999999
2316,1682982000000,1259876.0
2317,1682985600000,1254472.8
2318,1682989200000,1253405.3
2319,1682992800000,1280527.39999999
2320,1682996400000,1265892.6
2321,1683000000000,1244870.0
2322,1683003600000,1249482.1
2323,1683007200000,1251651.1
2324,1683010800000,1253988.8
2325,1683014400000,1263617.5
2326,1683018000000,1257362.0
2327,1683021600000,1278030.3
2328,1683025200000,1267223.39999999
2329,1683028800000,1275310.8
2330,1683032400000,1270016.8
2331,1683036000000,1288037.3
2332,1683039600000,1249610.8
2333,1683043200000,1228304.6
2334,1683046800000,1236803.6
2335,1683050400000,1235796.39999999
2336,1683054000000,1225264.39999999
2337,1683057600000,1218327.0
2338,1683061200000,1227198.39999999
2339,1683064800000,1218021.6
2340,1683068400000,1231722.0
2341,1683072000000,1220082.89999999
2342,1683075600000,1220535.2
2343,1683079200000,1218012.7
2344,1683082800000,1212335.3
2345,1683086400000,1209218.0
2346,1683090000000,1208472.8
2347,1683093600000,1207457.3
2348,1683097200000,1220514.39999999
2349,1683100800000,1227724.89999999
2350,1683104400000,1227817.2
2351,1683108000000,1225009.2
2352,1683111600000,1229938.39999999
2353,1683115200000,1224822.39999999
2354,1683118800000,1216054.1
2355,1683122400000,1212523.39999999
2356,1683126000000,1241177.0
2357,1683129600000,1242921.2
2358,1683133200000,1232127.7
2359,1683136800000,1206911.0
2360,1683140400000,1252438.3
2361,1683144000000,1250890.7
2362,1683147600000,1241042.3
2363,1683151200000,1245477.3
2364,1683154800000,1265399.0
2365,1683158400000,1258518.5
2366,1683162000000,1264983.1
2367,1683165600000,1259510.39999999
2368,1683169200000,1251281.2
2369,1683172800000,1250247.7
2370,1683176400000,1246509.3
2371,1683180000000,1244150.6
2372,1683183600000,1240627.89999999
2373,1683187200000,1241584.7
2374,1683190800000,1238007.8
2375,1683194400000,1238810.1
2376,1683198000000,1244898.2
2377,1683201600000,1239110.3
2378,1683205200000,1232183.1
2379,1683208800000,1222651.39999999
2380,1683212400000,1261566.5
2381,1683216000000,1257864.3
2382,1683219600000,1249022.7
2383,1683223200000,1238959.6
2384,1683226800000,1246195.89999999
2385,1683230400000,1264114.8
2386,1683234000000,1247996.39999999
2387,1683237600000,1252278.8
2388,1683241200000,1251808.39999999
2389,1683244800000,1263385.5
2390,1683248400000,1257677.8
2391,1683252000000,1247121.8
2392,1683255600000,1247406.6
2393,1683259200000,1251193.1
2394,1683262800000,1250623.7
2395,1683266400000,1243046.89999999
2396,1683270000000,1248699.2
2397,1683273600000,1251909.8
2398,1683277200000,1256160.1
2399,1683280800000,1250942.6
2400,1683284400000,1258851.3
2401,1683288000000,1264388.7
2402,1683291600000,1240473.1
2403,1683295200000,1248955.3
2404,1683298800000,1244730.7
2405,1683302400000,1241461.39999999
2406,1683306000000,1239440.89999999
2407,1683309600000,1274896.1
2408,1683313200000,1246928.0
2409,1683316800000,1254601.8
2410,1683320400000,1245473.0
2411,1683324000000,1235043.7
2412,1683327600000,1241518.89999999
2413,1683331200000,1243695.5
2414,1683334800000,1235145.39999999
2415,1683338400000,1224714.39999999
2416,1683342000000,1232900.39999999
2417,1683345600000,1225450.3
2418,1683349200000,1226007.7
2419,1683352800000,1223066.39999999
2420,1683356400000,1222176.3
2421,1683360000000,1215527.2
2422,1683363600000,1223933.39999999
2423,1683367200000,1213519.2
2424,1683370800000,1223445.3
2425,1683374400000,1226679.1
2426,1683378000000,1224258.3
2427,1683381600000,1222892.39999999
2428,1683385200000,1224806.7
2429,1683388800000,1211091.89999999
2430,1683392400000,1225228.6
2431,1683396000000,1237702.8
2432,1683399600000,1220366.39999999
2433,1683403200000,1231071.8
2434,1683406800000,1228520.1
2435,1683410400000,1220326.89999999
2436,1683414000000,1228086.5
2437,1683417600000,1224963.2
2438,1683421200000,1224158.1
2439,1683424800000,1231872.5
2440,1683428400000,1228287.2
2441,1683432000000,1237751.1
2442,1683435600000,1235475.39999999
2443,1683439200000,1233249.1
2444,1683442800000,1226612.1
2445,1683446400000,1238746.1
2446,1683450000000,1230855.39999999
2447,1683453600000,1235182.2
2448,1683457200000,1239981.5
2449,1683460800000,1244610.6
2450,1683464400000,1244198.1
2451,1683468000000,1251785.2
2452,1683471600000,1267500.0
2453,1683475200000,1257036.2
2454,1683478800000,1244672.5
2455,1683482400000,1259234.7
2456,1683486000000,1241687.0
2457,1683489600000,1236023.3
2458,1683493200000,1243484.3
2459,1683496800000,1249435.39999999
2460,1683500400000,1263675.39999999
2461,1683504000000,1239193.3
2462,1683507600000,1215382.39999999
2463,1683511200000,1184827.89999999
2464,1683514800000,1185051.0
2465,1683518400000,1191181.5
2466,1683522000000,1182639.2
2467,1683525600000,1191282.89999999
2468,1683529200000,1193618.1
2469,1683532800000,1181890.5
2470,1683536400000,1193821.8
2471,1683540000000,1197272.89999999
2472,1683543600000,1207297.0
2473,1683547200000,1193593.89999999
2474,1683550800000,1209115.5
2475,1683554400000,1203216.7
2476,1683558000000,1200441.7
2477,1683561600000,1191358.39999999
2478,1683565200000,1210777.5
2479,1683568800000,1187573.89999999
2480,1683572400000,1180666.6
2481,1683576000000,1171089.6
2482,1683579600000,1188326.3
2483,1683583200000,1191486.39999999
2484,1683586800000,1192287.5
2485,1683590400000,1189676.6
2486,1683594000000,1182337.0
2487,1683597600000,1197071.1
2488,1683601200000,1189173.8
2489,1683604800000,1185138.0
2490,1683608400000,1175382.5
2491,1683612000000,1163638.0
2492,1683615600000,1166835.89999999
2493,1683619200000,1152869.39999999
2494,1683622800000,1150910.8
2495,1683626400000,1153633.6
2496,1683630000000,1169185.7
2497,1683633600000,1171699.89999999
2498,1683637200000,1172233.1
2499,1683640800000,1170518.5
2500,1683644400000,1172424.6
2501,1683648000000,1175322.3
2502,1683651600000,1188979.89999999
2503,1683655200000,1193689.0
2504,1683658800000,1193863.5
2505,1683662400000,1202978.89999999
2506,1683666000000,1191336.8
2507,1683669600000,1188005.1
2508,1683673200000,1188206.6
2509,1683676800000,1188230.0
2510,1683680400000,1191371.8
2511,1683684000000,1203176.2
2512,1683687600000,1196405.89999999
2513,1683691200000,1179222.2
2514,1683694800000,1198104.39999999
2515,1683698400000,1198001.2
2516,1683702000000,1197593.7
2517,1683705600000,1191871.1
2518,1683709200000,1196305.3
2519,1683712800000,1229226.0
2520,1683716400000,1236610.89999999
2521,1683720000000,1230030.2
2522,1683723600000,1154378.5
2523,1683727200000,1157784.2
2524,1683730800000,1144453.2
2525,1683734400000,1144133.89999999
2526,1683738000000,1148911.39999999
2527,1683741600000,1110562.6
2528,1683745200000,1118220.0
2529,1683748800000,1136633.8
2530,1683752400000,1145129.8
2531,1683756000000,1153471.2
2532,1683759600000,1172544.39999999
2533,1683763200000,1164909.1
2534,1683766800000,1138159.8
2535,1683770400000,1142314.0
2536,1683774000000,1148542.7
2537,1683777600000,1146142.0
2538,1683781200000,1143426.3
2539,1683784800000,1140565.5
2540,1683788400000,1123968.3
2541,1683792000000,1125119.5
2542,1683795600000,1119182.2
2543,1683799200000,1118527.8
2544,1683802800000,1123119.0
2545,1683806400000,1130034.0
2546,1683810000000,1147480.0
2547,1683813600000,1120866.39999999
2548,1683817200000,1137218.6
2549,1683820800000,1117524.6
2550,1683824400000,1112168.3
2551,1683828000000,1088878.39999999
2552,1683831600000,1069495.0
2553,1683835200000,1069920.6
2554,1683838800000,1096139.1
2555,1683842400000,1086804.0
2556,1683846000000,1084494.6
2557,1683849600000,1082905.7
2558,1683853200000,1078128.5
2559,1683856800000,1063775.6
2560,1683860400000,1066921.8
2561,1683864000000,1059713.3
2562,1683867600000,1058778.39999999
2563,1683871200000,1063738.6
2564,1683874800000,1088564.7
2565,1683878400000,1084819.8
2566,1683882000000,1082662.2
2567,1683885600000,1090546.7
2568,1683889200000,1097248.3
2569,1683892800000,1091264.39999999
2570,1683896400000,1086434.2
2571,1683900000000,1095266.1
2572,1683903600000,1099039.6
2573,1683907200000,1115479.3
2574,1683910800000,1099173.6
2575,1683914400000,1101924.8
2576,1683918000000,1102748.0
2577,1683921600000,1105099.3
2578,1683925200000,1106139.8
2579,1683928800000,1098940.7
2580,1683932400000,1090394.1
2581,1683936000000,1107817.0
2582,1683939600000,1101640.0
2583,1683943200000,1102541.2
2584,1683946800000,1105338.6
2585,1683950400000,1097585.0
2586,1683954000000,1096620.6
2587,1683957600000,1085345.8
2588,1683961200000,1085563.7
2589,1683964800000,1085963.8
2590,1683968400000,1086073.5
2591,1683972000000,1094346.0
2592,1683975600000,1096282.1
2593,1683979200000,1105031.7
2594,1683982800000,1107537.5
2595,1683986400000,1115027.89999999
2596,1683990000000,1111524.89999999
2597,1683993600000,1106181.39999999
2598,1683997200000,1104516.6
2599,1684000800000,1107014.5
2600,1684004400000,1098382.1
2601,1684008000000,1107165.5
2602,1684011600000,1100052.39999999
2603,1684015200000,1101406.39999999
2604,1684018800000,1105417.39999999
2605,1684022400000,1098020.2
2606,1684026000000,1111080.1
2607,1684029600000,1128674.5
2608,1684033200000,1129705.89999999
2609,1684036800000,1116047.0
2610,1684040400000,1117502.5
2611,1684044000000,1113991.0
2612,1684047600000,1123866.3
2613,1684051200000,1128854.1
2614,1684054800000,1130056.89999999
2615,1684058400000,1146326.5
2616,1684062000000,1142146.3
2617,1684065600000,1141801.3
2618,1684069200000,1138196.89999999
2619,1684072800000,1147796.5
2620,1684076400000,1151399.7
2621,1684080000000,1136335.2
2622,1684083600000,1137916.0
2623,1684087200000,1151122.2
2624,1684090800000,1139774.2
2625,1684094400000,1132797.1
2626,1684098000000,1137798.39999999
2627,1684101600000,1132287.6
2628,1684105200000,1141200.8
2629,1684108800000,1139385.8
2630,1684112400000,1144736.5
2631,1684116000000,1132138.6
2632,1684119600000,1119105.0
2633,1684123200000,1114641.0
2634,1684126800000,1111967.0
2635,1684130400000,1120390.89999999
2636,1684134000000,1110170.2
2637,1684137600000,1114986.39999999
2638,1684141200000,1098050.6
2639,1684144800000,1119397.8
2640,1684148400000,1126921.3
2641,1684152000000,1113414.1
2642,1684155600000,1127410.7
2643,1684159200000,1129321.2
2644,1684162800000,1132371.39999999
2645,1684166400000,1121096.89999999
2646,1684170000000,1111449.0
2647,1684173600000,1104883.6
2648,1684177200000,1099387.8
2649,1684180800000,1114389.3
2650,1684184400000,1117177.1
2651,1684188000000,1097443.6
2652,1684191600000,1097884.1
2653,1684195200000,1111671.6
2654,1684198800000,1089932.0
2655,1684202400000,1091437.5
2656,1684206000000,1094913.2
2657,1684209600000,1088667.8
2658,1684213200000,1089792.5
2659,1684216800000,1086120.2
2660,1684220400000,1079778.1
2661,1684224000000,1086073.3
2662,1684227600000,1084097.6
2663,1684231200000,1087512.5
2664,1684234800000,1100756.1
2665,1684238400000,1104246.2
2666,1684242000000,1096237.7
2667,1684245600000,1089498.5
2668,1684249200000,1115803.89999999
2669,1684252800000,1111355.39999999
2670,1684256400000,1120712.8
2671,1684260000000,1121395.5
2672,1684263600000,1117502.3
2673,1684267200000,1107511.5
2674,1684270800000,1104132.39999999
2675,1684274400000,1103676.6
2676,1684278000000,1106542.2
2677,1684281600000,1104981.2
2678,1684285200000,1092939.5
2679,1684288800000,1072651.5
2680,1684292400000,1067834.1
2681,1684296000000,1070011.5
2682,1684299600000,1072859.5
2683,1684303200000,1075034.39999999
2684,1684306800000,1075534.6
2685,1684310400000,1099398.2
2686,1684314000000,1105141.8
2687,1684317600000,1122630.39999999
2688,1684321200000,1125325.5
2689,1684324800000,1142481.89999999
2690,1684328400000,1142191.6
2691,1684332000000,1130462.1
2692,1684335600000,1154641.7
2693,1684339200000,1147885.2
2694,1684342800000,1154688.2
2695,1684346400000,1129430.0
2696,1684350000000,1115844.39999999
2697,1684353600000,1125911.3
2698,1684357200000,1109017.0
2699,1684360800000,1132249.5
2700,1684364400000,1135888.1
2701,1684368000000,1144573.8
2702,1684371600000,1130604.3
2703,1684375200000,1119649.3
2704,1684378800000,1120659.3
2705,1684382400000,1115732.2
2706,1684386000000,1132906.1
2707,1684389600000,1131540.89999999
2708,1684393200000,1123397.8
2709,1684396800000,1131610.7
2710,1684400400000,1157438.89999999
2711,1684404000000,1172595.7
2712,1684407600000,1183938.2
2713,1684411200000,1191983.0
2714,1684414800000,1194413.89999999
2715,1684418400000,1200181.1
2716,1684422000000,1215910.5
2717,1684425600000,1202952.0
2718,1684429200000,1191285.39999999
2719,1684432800000,1196889.39999999
2720,1684436400000,1248671.89999999
2721,1684440000000,1239765.0
2722,1684443600000,1248924.8
2723,1684447200000,1241119.39999999
2724,1684450800000,1259918.7
2725,1684454400000,1274019.3
2726,1684458000000,1288291.7
2727,1684461600000,1294192.1
2728,1684465200000,1299977.0
2729,1684468800000,1302249.3
2730,1684472400000,1306763.2
2731,1684476000000,1307441.7
2732,1684479600000,1307959.3
2733,1684483200000,1312215.7
2734,1684486800000,1311565.39999999
2735,1684490400000,1315311.39999999
2736,1684494000000,1303450.5
2737,1684497600000,1286937.3
2738,1684501200000,1281670.6
2739,1684504800000,1280393.6
2740,1684508400000,1288670.8
2741,1684512000000,1265457.3
2742,1684515600000,1271750.5
2743,1684519200000,1277534.5
2744,1684522800000,1298667.8
2745,1684526400000,1297584.39999999
2746,1684530000000,1284405.7
2747,1684533600000,1279545.1
2748,1684537200000,1280851.7
2749,1684540800000,1289258.6
2750,1684544400000,1300405.6
2751,1684548000000,1300496.6
2752,1684551600000,1295302.1
2753,1684555200000,1294543.8
2754,1684558800000,1298087.3
2755,1684562400000,1287751.1
2756,1684566000000,1294245.0
2757,1684569600000,1298935.89999999
2758,1684573200000,1306639.39999999
2759,1684576800000,1320426.5
2760,1684580400000,1322024.1
2761,1684584000000,1321183.0
2762,1684587600000,1320800.2
2763,1684591200000,1315809.89999999
2764,1684594800000,1314763.2
2765,1684598400000,1313088.6
2766,1684602000000,1308142.0
2767,1684605600000,1301336.3
2768,1684609200000,1293306.3
2769,1684612800000,1306361.5
2770,1684616400000,1302001.6
2771,1684620000000,1301592.6
2772,1684623600000,1300196.8
2773,1684627200000,1301393.39999999
2774,1684630800000,1307109.8
2775,1684634400000,1295908.2
2776,1684638000000,1290903.89999999
2777,1684641600000,1287365.5
2778,1684645200000,1295571.89999999
2779,1684648800000,1291404.2
2780,1684652400000,1292843.1
2781,1684656000000,1283622.1
2782,1684659600000,1284478.8
2783,1684663200000,1285359.3
2784,1684666800000,1273814.89999999
2785,1684670400000,1273245.39999999
2786,1684674000000,1270585.2
2787,1684677600000,1274555.1
2788,1684681200000,1277979.7
2789,1684684800000,1268323.5
2790,1684688400000,1290377.2
2791,1684692000000,1292225.1
2792,1684695600000,1290132.8
2793,1684699200000,1281636.0
2794,1684702800000,1273016.5
2795,1684706400000,1251571.5
2796,1684710000000,1257930.2
2797,1684713600000,1264325.39999999
2798,1684717200000,1260788.39999999
2799,1684720800000,1264497.5
2800,1684724400000,1239417.6
2801,1684728000000,1250128.0
2802,1684731600000,1240477.5
2803,1684735200000,1238865.0
2804,1684738800000,1228353.7
2805,1684742400000,1236881.6
2806,1684746000000,1260523.5
2807,1684749600000,1260755.5
2808,1684753200000,1249515.6
2809,1684756800000,1262435.5
2810,1684760400000,1247943.89999999
2811,1684764000000,1269939.0
2812,1684767600000,1251154.3
2813,1684771200000,1261144.89999999
2814,1684774800000,1270071.7
2815,1684778400000,1282859.2
2816,1684782000000,1285147.2
2817,1684785600000,1280721.3
2818,1684789200000,1278193.6
2819,1684792800000,1276313.0
2820,1684796400000,1272395.2
2821,1684800000000,1272236.7
2822,1684803600000,1273369.5
2823,1684807200000,1273101.39999999
2824,1684810800000,1270804.89999999
2825,1684814400000,1243739.7
2826,1684818000000,1231957.7
2827,1684821600000,1230066.89999999
2828,1684825200000,1224336.39999999
2829,1684828800000,1230061.7
2830,1684832400000,1231117.8
2831,1684836000000,1234148.5
2832,1684839600000,1235997.39999999
2833,1684843200000,1245847.3
2834,1684846800000,1272792.0
2835,1684850400000,1260689.2
2836,1684854000000,1252439.7
2837,1684857600000,1266350.5
2838,1684861200000,1266381.6
2839,1684864800000,1266503.1
2840,1684868400000,1251450.39999999
2841,1684872000000,1247672.8
2842,1684875600000,1249878.0
2843,1684879200000,1239843.2
2844,1684882800000,1240932.1
2845,1684886400000,1243391.39999999
2846,1684890000000,1243691.8
2847,1684893600000,1263521.89999999
2848,1684897200000,1253821.5
2849,1684900800000,1226810.2
2850,1684904400000,1207287.39999999
2851,1684908000000,1212629.2
2852,1684911600000,1222964.0
2853,1684915200000,1220850.7
2854,1684918800000,1220431.5
2855,1684922400000,1222360.2
2856,1684926000000,1234013.7
2857,1684929600000,1237981.0
2858,1684933200000,1235193.8
2859,1684936800000,1266001.3
2860,1684940400000,1257394.0
2861,1684944000000,1267777.39999999
2862,1684947600000,1286895.0
2863,1684951200000,1273230.0
2864,1684954800000,1291996.1
2865,1684958400000,1295660.7
2866,1684962000000,1287772.3
2867,1684965600000,1280551.0
2868,1684969200000,1278381.7
2869,1684972800000,1275409.8
2870,1684976400000,1270135.0
2871,1684980000000,1272298.8
2872,1684983600000,1274750.6
2873,1684987200000,1268319.7
2874,1684990800000,1269347.5
2875,1684994400000,1249509.3
2876,1684998000000,1230318.39999999
2877,1685001600000,1220696.6
2878,1685005200000,1222056.8
2879,1685008800000,1217390.1
2880,1685012400000,1217742.2
2881,1685016000000,1205314.6
2882,1685019600000,1190050.39999999
2883,1685023200000,1186171.0
2884,1685026800000,1221201.2
2885,1685030400000,1218457.5
2886,1685034000000,1217864.0
2887,1685037600000,1216051.89999999
2888,1685041200000,1235093.7
2889,1685044800000,1217477.3
2890,1685048400000,1234004.2
2891,1685052000000,1229757.6
2892,1685055600000,1227000.5
2893,1685059200000,1226865.39999999
2894,1685062800000,1222078.5
2895,1685066400000,1218394.5
2896,1685070000000,1219644.0
2897,1685073600000,1241454.0
2898,1685077200000,1233713.1
2899,1685080800000,1230405.1
2900,1685084400000,1235439.39999999
2901,1685088000000,1234798.7
2902,1685091600000,1240216.0
2903,1685095200000,1245022.2
2904,1685098800000,1238682.8
2905,1685102400000,1240859.89999999
2906,1685106000000,1218048.89999999
2907,1685109600000,1215567.39999999
2908,1685113200000,1200202.0
2909,1685116800000,1196431.7
2910,1685120400000,1213496.6
2911,1685124000000,1208585.8
2912,1685127600000,1209226.0
2913,1685131200000,1230574.89999999
2914,1685134800000,1228605.2
2915,1685138400000,1215812.8
2916,1685142000000,1218290.7
2917,1685145600000,1232638.2
2918,1685149200000,1223939.1
2919,1685152800000,1210733.7
2920,1685156400000,1215862.8
2921,1685160000000,1223459.6
2922,1685163600000,1212750.6
2923,1685167200000,1208319.89999999
2924,1685170800000,1212484.1
2925,1685174400000,1214757.8
2926,1685178000000,1201197.39999999
2927,1685181600000,1241293.89999999
2928,1685185200000,1246025.89999999
2929,1685188800000,1252406.0
2930,1685192400000,1253469.5
2931,1685196000000,1234050.5
2932,1685199600000,1231279.8
2933,1685203200000,1229563.2
2934,1685206800000,1231409.8
2935,1685210400000,1227062.8
2936,1685214000000,1227716.6
2937,1685217600000,1231461.7
2938,1685221200000,1242663.1
2939,1685224800000,1227794.89999999
2940,1685228400000,1239977.3
2941,1685232000000,1243570.8
2942,1685235600000,1225975.5
2943,1685239200000,1218714.39999999
2944,1685242800000,1214799.7
2945,1685246400000,1214531.8
2946,1685250000000,1214683.5
2947,1685253600000,1215929.5
2948,1685257200000,1205045.5
2949,1685260800000,1210785.6
2950,1685264400000,1220170.6
2951,1685268000000,1214118.2
2952,1685271600000,1213662.2
2953,1685275200000,1222882.7
2954,1685278800000,1224044.39999999
2955,1685282400000,1226021.39999999
2956,1685286000000,1208684.39999999
2957,1685289600000,1215327.1
2958,1685293200000,1206610.3
2959,1685296800000,1201035.89999999
2960,1685300400000,1206976.89999999
2961,1685304000000,1194393.0
2962,1685307600000,1193736.1
2963,1685311200000,1189313.2
2964,1685314800000,1160111.0
2965,1685318400000,1169025.8
2966,1685322000000,1170036.1
2967,1685325600000,1160135.6
2968,1685329200000,1185822.3
2969,1685332800000,1177454.8
2970,1685336400000,1172733.3
2971,1685340000000,1188993.6
2972,1685343600000,1170809.39999999
2973,1685347200000,1170648.6
2974,1685350800000,1225312.8
2975,1685354400000,1230590.8
2976,1685358000000,1229138.7
2977,1685361600000,1241140.6
2978,1685365200000,1254632.6
2979,1685368800000,1258454.89999999
2980,1685372400000,1269167.1
2981,1685376000000,1286134.5
2982,1685379600000,1285903.0
2983,1685383200000,1279325.1
2984,1685386800000,1292092.39999999
2985,1685390400000,1294481.5
2986,1685394000000,1299605.2
2987,1685397600000,1300093.5
2988,1685401200000,1309392.6
2989,1685404800000,1335404.5
2990,1685408400000,1332043.0
2991,1685412000000,1337257.39999999
2992,1685415600000,1343275.1
2993,1685419200000,1355984.6
2994,1685422800000,1371018.8
2995,1685426400000,1388017.5
2996,1685430000000,1398041.5
2997,1685433600000,1401388.5
2998,1685437200000,1434229.7
2999,1685440800000,1421353.5
3000,1685444400000,1407580.2
3001,1685448000000,1412018.9
3002,1685451600000,1389951.3
3003,1685455200000,1407914.8
3004,1685458800000,1372282.1
3005,1685462400000,1371859.8
3006,1685466000000,1369538.5
3007,1685469600000,1368948.1
3008,1685473200000,1366525.89999999
3009,1685476800000,1370051.0
3010,1685480400000,1372916.0
3011,1685484000000,1375305.3
3012,1685487600000,1366219.89999999
3013,1685491200000,1365294.1
3014,1685494800000,1359808.2
3015,1685498400000,1368376.0
3016,1685502000000,1329456.7
3017,1685505600000,1320170.7
3018,1685509200000,1318091.5
3019,1685512800000,1323724.2
3020,1685516400000,1272161.3
3021,1685520000000,1275064.39999999
3022,1685523600000,1278355.8
3023,1685527200000,1293286.0
3024,1685530800000,1328057.1
3025,1685534400000,1326903.0
3026,1685538000000,1329035.6
3027,1685541600000,1401662.39999999
3028,1685545200000,1417232.2
3029,1685548800000,1431304.1
3030,1685552400000,1439191.2
3031,1685556000000,1447227.1
3032,1685559600000,1443506.2
3033,1685563200000,1440626.7
3034,1685566800000,1448590.5
3035,1685570400000,1440724.7
3036,1685574000000,1438474.3
3037,1685577600000,1420295.1
3038,1685581200000,1396631.8
3039,1685584800000,1392302.3
3040,1685588400000,1372035.89999999
3041,1685592000000,1388586.6
3042,1685595600000,1393840.39999999
3043,1685599200000,1390015.89999999
3044,1685602800000,1390240.8
3045,1685606400000,1384731.8
3046,1685610000000,1379506.1
3047,1685613600000,1367062.89999999
3048,1685617200000,1369525.39999999
3049,1685620800000,1363308.89999999
3050,1685624400000,1374308.3
3051,1685628000000,1401597.89999999
3052,1685631600000,1398751.89999999
3053,1685635200000,1383588.8
3054,1685638800000,1379970.89999999
3055,1685642400000,1383675.1
3056,1685646000000,1349471.5
3057,1685649600000,1319791.6
3058,1685653200000,1321030.5
3059,1685656800000,1309939.6
3060,1685660400000,1302708.8
3061,1685664000000,1308304.7
3062,1685667600000,1305045.89999999
3063,1685671200000,1312459.39999999
3064,1685674800000,1307147.0
3065,1685678400000,1310552.1
3066,1685682000000,1316943.8
3067,1685685600000,1312221.8
3068,1685689200000,1303691.2
3069,1685692800000,1308041.6
3070,1685696400000,1311768.0
3071,1685700000000,1330664.8
3072,1685703600000,1323912.7
3073,1685707200000,1334270.89999999
3074,1685710800000,1339019.2
3075,1685714400000,1327872.3
3076,1685718000000,1346238.0
3077,1685721600000,1351879.7
3078,1685725200000,1364776.6
3079,1685728800000,1366293.7
3080,1685732400000,1368527.0
3081,1685736000000,1382216.2
3082,1685739600000,1380168.0
3083,1685743200000,1386046.6
3084,1685746800000,1380551.7
3085,1685750400000,1381790.89999999
3086,1685754000000,1369181.6
3087,1685757600000,1417905.3
3088,1685761200000,1420746.9
3089,1685764800000,1372002.7
3090,1685768400000,1375250.0
3091,1685772000000,1381075.0
3092,1685775600000,1382729.89999999
3093,1685779200000,1395914.0
3094,1685782800000,1384818.8
3095,1685786400000,1384333.2
3096,1685790000000,1375416.3
3097,1685793600000,1382211.7
3098,1685797200000,1383524.7
3099,1685800800000,1381935.39999999
3100,1685804400000,1381807.3
3101,1685808000000,1382304.5
3102,1685811600000,1392167.89999999
3103,1685815200000,1397640.0
3104,1685818800000,1383530.0
3105,1685822400000,1384368.6
3106,1685826000000,1341292.89999999
3107,1685829600000,1317895.0
3108,1685833200000,1315604.0
3109,1685836800000,1318515.6
3110,1685840400000,1321439.7
3111,1685844000000,1315689.8
3112,1685847600000,1336303.0
3113,1685851200000,1340700.0
3114,1685854800000,1334687.39999999
3115,1685858400000,1319603.8
3116,1685862000000,1319100.6
3117,1685865600000,1315903.1
3118,1685869200000,1311856.8
3119,1685872800000,1323421.39999999
3120,1685876400000,1357423.39999999
3121,1685880000000,1354149.39999999
3122,1685883600000,1351935.89999999
3123,1685887200000,1351713.2
3124,1685890800000,1347716.2
3125,1685894400000,1357574.3
3126,1685898000000,1367402.6
3127,1685901600000,1364384.0
3128,1685905200000,1362496.0
3129,1685908800000,1374984.7
3130,1685912400000,1358929.2
3131,1685916000000,1323552.0
3132,1685919600000,1362218.0
3133,1685923200000,1339405.2
3134,1685926800000,1326801.2
3135,1685930400000,1307343.39999999
3136,1685934000000,1290400.2
3137,1685937600000,1302010.5
3138,1685941200000,1294326.7
3139,1685944800000,1290085.8
3140,1685948400000,1284987.7
3141,1685952000000,1333022.0
3142,1685955600000,1352502.89999999
3143,1685959200000,1350743.89999999
3144,1685962800000,1343165.8
3145,1685966400000,1342568.3
3146,1685970000000,1342468.6
3147,1685973600000,1347807.3
3148,1685977200000,1340418.1
3149,1685980800000,1239527.0
3150,1685984400000,1200833.89999999
3151,1685988000000,1206828.2
3152,1685991600000,1220741.39999999
3153,1685995200000,1218843.89999999
3154,1685998800000,1232797.1
3155,1686002400000,1249317.1
3156,1686006000000,1253039.2
3157,1686009600000,1243924.2
3158,1686013200000,1253382.2
3159,1686016800000,1244087.0
3160,1686020400000,1239057.1
3161,1686024000000,1245001.89999999
3162,1686027600000,1239028.8
3163,1686031200000,1256815.3
3164,1686034800000,1250526.8
3165,1686038400000,1263767.6
3166,1686042000000,1273160.2
3167,1686045600000,1265179.0
3168,1686049200000,1279268.6
3169,1686052800000,1264570.5
3170,1686056400000,1244767.39999999
3171,1686060000000,1295032.89999999
3172,1686063600000,1256456.39999999
3173,1686067200000,1239551.2
3174,1686070800000,1252905.39999999
3175,1686074400000,1236134.89999999
3176,1686078000000,1230047.2
3177,1686081600000,1217190.6
3178,1686085200000,1208820.0
3179,1686088800000,1206076.6
3180,1686092400000,1210705.2
3181,1686096000000,1212889.7
3182,1686099600000,1220513.5
3183,1686103200000,1206593.5
3184,1686106800000,1204794.3
3185,1686110400000,1197899.5
3186,1686114000000,1202611.5
3187,1686117600000,1214630.3
3188,1686121200000,1222893.5
3189,1686124800000,1225428.7
3190,1686128400000,1240856.5
3191,1686132000000,1227054.5
3192,1686135600000,1217347.3
3193,1686139200000,1210605.39999999
3194,1686142800000,1229422.8
3195,1686146400000,1231114.5
3196,1686150000000,1204518.3
3197,1686153600000,1206089.39999999
3198,1686157200000,1219702.3
3199,1686160800000,1217156.7
3200,1686164400000,1208125.0
3201,1686168000000,1213448.7
3202,1686171600000,1218480.6
3203,1686175200000,1202975.3
3204,1686178800000,1198538.6
3205,1686182400000,1195185.39999999
3206,1686186000000,1195388.6
3207,1686189600000,1195186.0
3208,1686193200000,1194369.2
3209,1686196800000,1192761.8
3210,1686200400000,1191370.1
3211,1686204000000,1192794.39999999
3212,1686207600000,1177192.89999999
3213,1686211200000,1184213.2
3214,1686214800000,1231094.89999999
3215,1686218400000,1243832.3
3216,1686222000000,1247422.6
3217,1686225600000,1241292.5
3218,1686229200000,1205615.0
3219,1686232800000,1196305.7
3220,1686236400000,1223021.2
3221,1686240000000,1234130.8
3222,1686243600000,1224375.7
3223,1686247200000,1219839.3
3224,1686250800000,1217258.5
3225,1686254400000,1216718.7
3226,1686258000000,1214838.3
3227,1686261600000,1220665.0
3228,1686265200000,1212049.7
3229,1686268800000,1216983.89999999
3230,1686272400000,1211646.3
3231,1686276000000,1212470.8
3232,1686279600000,1198277.0
3233,1686283200000,1194209.39999999
3234,1686286800000,1188845.39999999
3235,1686290400000,1190414.39999999
3236,1686294000000,1190314.7
3237,1686297600000,1188909.39999999
3238,1686301200000,1198235.6
3239,1686304800000,1211194.6
3240,1686308400000,1195427.3
3241,1686312000000,1207909.8
3242,1686315600000,1199602.0
3243,1686319200000,1201672.39999999
3244,1686322800000,1194701.7
3245,1686326400000,1198024.6
3246,1686330000000,1192414.3
3247,1686333600000,1189210.7
3248,1686337200000,1192775.2
3249,1686340800000,1185569.2
3250,1686344400000,1188847.8
3251,1686348000000,1197156.5
3252,1686351600000,1201493.0
3253,1686355200000,1214165.3
3254,1686358800000,1200099.7
3255,1686362400000,1189830.0
3256,1686366000000,1217108.6
3257,1686369600000,1202332.7
3258,1686373200000,989132.5
3259,1686376800000,985112.1
3260,1686380400000,1028663.5
3261,1686384000000,1093009.7
3262,1686387600000,1004837.9
3263,1686391200000,1011525.9
3264,1686394800000,995611.3
3265,1686398400000,947756.2
3266,1686402000000,924653.9
3267,1686405600000,949712.1
3268,1686409200000,949450.1
3269,1686412800000,941407.7
3270,1686416400000,939151.7
3271,1686420000000,868844.2
3272,1686423600000,850214.7
3273,1686427200000,842685.1
3274,1686430800000,843653.4
3275,1686434400000,845916.6
3276,1686438000000,853772.3
3277,1686441600000,885595.9
3278,1686445200000,871287.4
3279,1686448800000,915391.6
3280,1686452400000,893832.6
3281,1686456000000,974877.0
3282,1686459600000,924238.5
3283,1686463200000,911337.0
3284,1686466800000,908970.7
3285,1686470400000,907845.9
3286,1686474000000,912222.1
3287,1686477600000,907982.6
3288,1686481200000,928312.2
3289,1686484800000,929881.7
3290,1686488400000,934185.4
3291,1686492000000,921554.5
3292,1686495600000,928322.3
3293,1686499200000,915421.0
3294,1686502800000,904417.8
3295,1686506400000,925086.9
3296,1686510000000,935584.9
3297,1686513600000,943370.6
3298,1686517200000,981642.8
3299,1686520800000,964826.4
3300,1686524400000,961051.2
3301,1686528000000,958679.2
3302,1686531600000,919757.4
3303,1686535200000,917182.7
3304,1686538800000,884240.1
3305,1686542400000,866251.0
3306,1686546000000,880158.8
3307,1686549600000,876664.3
3308,1686553200000,874182.7
3309,1686556800000,879886.2
3310,1686560400000,876303.7
3311,1686564000000,873168.7
3312,1686567600000,895481.0
3313,1686571200000,908172.2
3314,1686574800000,910887.7
3315,1686578400000,911392.8
3316,1686582000000,917291.7
3317,1686585600000,933761.0
3318,1686589200000,922739.1
3319,1686592800000,896205.2
3320,1686596400000,910193.8
3321,1686600000000,914445.3
3322,1686603600000,940518.5
3323,1686607200000,946973.6
3324,1686610800000,953994.4
3325,1686614400000,954746.5
3326,1686618000000,961500.8
3327,1686621600000,971545.4
3328,1686625200000,981034.2
3329,1686628800000,987340.2
3330,1686632400000,992619.6
3331,1686636000000,988062.3
3332,1686639600000,988102.2
3333,1686643200000,993189.7
3334,1686646800000,1009640.8
3335,1686650400000,1004488.0
3336,1686654000000,1112804.2
3337,1686657600000,1107722.1
3338,1686661200000,1012582.7
3339,1686664800000,1039058.2
3340,1686668400000,998916.8
3341,1686672000000,962779.2
3342,1686675600000,968356.2
3343,1686679200000,1034155.6
3344,1686682800000,1029301.5
3345,1686686400000,1061211.2
3346,1686690000000,1045612.4
3347,1686693600000,1040380.0
3348,1686697200000,1028182.8
3349,1686700800000,1041605.9
3350,1686704400000,1024152.5
3351,1686708000000,1026956.2
3352,1686711600000,1009925.6
3353,1686715200000,1024334.1
3354,1686718800000,1019248.3
3355,1686722400000,1016917.2
3356,1686726000000,1031305.9
3357,1686729600000,1025290.9
3358,1686733200000,1031964.7
3359,1686736800000,1048004.8
3360,1686740400000,1058433.3
3361,1686744000000,1068264.5
3362,1686747600000,1070880.89999999
3363,1686751200000,1062798.1
3364,1686754800000,1086043.39999999
3365,1686758400000,1082395.2
3366,1686762000000,1086821.3
3367,1686765600000,1100436.89999999
3368,1686769200000,1073965.3
3369,1686772800000,1059731.89999999
3370,1686776400000,998190.7
3371,1686780000000,1053791.8
3372,1686783600000,1056428.89999999
3373,1686787200000,1049120.89999999
3374,1686790800000,1053936.7
3375,1686794400000,1061493.89999999
3376,1686798000000,1055719.2
3377,1686801600000,1075654.5
3378,1686805200000,1065524.3
3379,1686808800000,1109902.89999999
3380,1686812400000,1076608.2
3381,1686816000000,1085978.1
3382,1686819600000,1116442.7
3383,1686823200000,1112318.2
3384,1686826800000,1106071.39999999
3385,1686830400000,1080886.1
3386,1686834000000,1057716.2
3387,1686837600000,1044519.7
3388,1686841200000,1045438.3
3389,1686844800000,1065607.7
3390,1686848400000,1055798.6
3391,1686852000000,1059228.89999999
3392,1686855600000,1136524.7
3393,1686859200000,1054963.7
3394,1686862800000,1053999.8
3395,1686866400000,1050493.39999999
3396,1686870000000,1039269.0
3397,1686873600000,1037588.5
3398,1686877200000,1047860.6
3399,1686880800000,1051895.89999999
3400,1686884400000,1058284.8
3401,1686888000000,1073989.2
3402,1686891600000,1068842.5
3403,1686895200000,1085799.7
3404,1686898800000,1060638.39999999
3405,1686902400000,1057058.2
3406,1686906000000,1048421.9
3407,1686909600000,1050701.7
3408,1686913200000,1048032.7
3409,1686916800000,1045624.6
3410,1686920400000,1042644.9
3411,1686924000000,1046902.2
3412,1686927600000,1039804.4
3413,1686931200000,1049129.6
3414,1686934800000,1045393.1
3415,1686938400000,1026048.7
3416,1686942000000,1030798.9
3417,1686945600000,1027958.2
3418,1686949200000,1031710.9
3419,1686952800000,1028935.6
3420,1686956400000,1029736.9
3421,1686960000000,1031914.6
3422,1686963600000,1030548.5
3423,1686967200000,1032258.9
3424,1686970800000,1032069.4
3425,1686974400000,1032648.9
3426,1686978000000,1041541.2
3427,1686981600000,1070480.2
3428,1686985200000,1051254.89999999
3429,1686988800000,1046343.4
3430,1686992400000,1056199.89999999
3431,1686996000000,1050203.39999999
3432,1686999600000,1046272.5
3433,1687003200000,1047631.9
3434,1687006800000,1060186.2
3435,1687010400000,1046536.3
3436,1687014000000,1042117.6
3437,1687017600000,1051220.1
3438,1687021200000,1046788.6
3439,1687024800000,1057689.89999999
3440,1687028400000,1058685.39999999
3441,1687032000000,1037230.1
3442,1687035600000,1041983.9
3443,1687039200000,1043765.0
3444,1687042800000,1042129.0
3445,1687046400000,1034437.9
3446,1687050000000,1036605.0
3447,1687053600000,1049260.89999999
3448,1687057200000,1049871.3
3449,1687060800000,1073242.89999999
3450,1687064400000,1061220.6
3451,1687068000000,1052172.1
3452,1687071600000,1057988.2
3453,1687075200000,1057114.1
3454,1687078800000,1056270.0
3455,1687082400000,1053369.5
3456,1687086000000,1030248.8
3457,1687089600000,1032680.4
3458,1687093200000,1033948.4
3459,1687096800000,1008416.1
3460,1687100400000,1006919.8
3461,1687104000000,1029078.4
3462,1687107600000,1025882.3
3463,1687111200000,1012665.0
3464,1687114800000,1012271.8
3465,1687118400000,1014379.2
3466,1687122000000,988754.8
3467,1687125600000,980084.5
3468,1687129200000,998799.7
3469,1687132800000,1018051.2
3470,1687136400000,1034907.5
3471,1687140000000,1033743.8
3472,1687143600000,1033793.9
3473,1687147200000,1029881.4
3474,1687150800000,1031808.7
3475,1687154400000,1025919.3
3476,1687158000000,1029502.5
3477,1687161600000,1029978.0
3478,1687165200000,1025517.5
3479,1687168800000,1028141.2
3480,1687172400000,1052137.3
3481,1687176000000,1072123.7
3482,1687179600000,1088173.7
3483,1687183200000,1101123.3
3484,1687186800000,1087811.5
3485,1687190400000,1089865.1
3486,1687194000000,1080861.5
3487,1687197600000,1064830.0
3488,1687201200000,1048437.4
3489,1687204800000,1039335.9
3490,1687208400000,1031212.0
3491,1687212000000,1032516.7
3492,1687215600000,1035147.0
3493,1687219200000,1033402.6
3494,1687222800000,1029885.4
3495,1687226400000,1045552.4
3496,1687230000000,1028999.6
3497,1687233600000,1026806.3
3498,1687237200000,1028856.9
3499,1687240800000,1032058.4
3500,1687244400000,1024117.9
3501,1687248000000,1036266.2
3502,1687251600000,1036029.7
3503,1687255200000,1036445.6
3504,1687258800000,1036648.8
3505,1687262400000,1053287.8
3506,1687266000000,1040853.4
3507,1687269600000,1032491.1
3508,1687273200000,1041896.9
3509,1687276800000,1036080.4
3510,1687280400000,1077579.89999999
3511,1687284000000,1075851.0
3512,1687287600000,1061600.6
3513,1687291200000,1043848.6
3514,1687294800000,1057920.8
3515,1687298400000,1044911.8
3516,1687302000000,1047302.6
3517,1687305600000,1046844.0
3518,1687309200000,1046699.3
3519,1687312800000,1020191.4
3520,1687316400000,1022121.4
3521,1687320000000,1012441.1
3522,1687323600000,1024232.2
3523,1687327200000,1031734.8
3524,1687330800000,1044547.1
3525,1687334400000,1041847.6
3526,1687338000000,1016185.8
3527,1687341600000,1025903.0
3528,1687345200000,1022624.2
3529,1687348800000,1061686.8
3530,1687352400000,1063688.1
3531,1687356000000,1082729.89999999
3532,1687359600000,1089396.39999999
3533,1687363200000,1069923.1
3534,1687366800000,1065448.0
3535,1687370400000,1017158.1
3536,1687374000000,982583.7
3537,1687377600000,966407.2
3538,1687381200000,950477.1
3539,1687384800000,971503.5
3540,1687388400000,974493.5
3541,1687392000000,980491.6
3542,1687395600000,971401.3
3543,1687399200000,967179.4
3544,1687402800000,960755.8
3545,1687406400000,955517.2
3546,1687410000000,969647.4
3547,1687413600000,965096.8
3548,1687417200000,958802.2
3549,1687420800000,991164.2
3550,1687424400000,998577.3
3551,1687428000000,1005535.6
3552,1687431600000,1003303.1
3553,1687435200000,967501.9
3554,1687438800000,960613.7
3555,1687442400000,970678.6
3556,1687446000000,974317.8
3557,1687449600000,970086.7
3558,1687453200000,972683.8
3559,1687456800000,972637.2
3560,1687460400000,971299.1
3561,1687464000000,990892.6
3562,1687467600000,968446.3
3563,1687471200000,982649.9
3564,1687474800000,997614.4
3565,1687478400000,990466.9
3566,1687482000000,988818.8
3567,1687485600000,984201.6
3568,1687489200000,965561.6
3569,1687492800000,961939.9
3570,1687496400000,970641.0
3571,1687500000000,966922.7
3572,1687503600000,945275.2
3573,1687507200000,931522.3
3574,1687510800000,935860.9
3575,1687514400000,922321.1
3576,1687518000000,920000.4
3577,1687521600000,923423.2
3578,1687525200000,931456.4
3579,1687528800000,935991.0
3580,1687532400000,932404.6
3581,1687536000000,931543.2
3582,1687539600000,922734.0
3583,1687543200000,916671.2
3584,1687546800000,923898.3
3585,1687550400000,939367.4
3586,1687554000000,928835.0
3587,1687557600000,920871.1
3588,1687561200000,893826.1
3589,1687564800000,911195.2
3590,1687568400000,915489.7
3591,1687572000000,919717.9
3592,1687575600000,922565.6
3593,1687579200000,923783.2
3594,1687582800000,915764.5
3595,1687586400000,911103.1
3596,1687590000000,913218.7
3597,1687593600000,906505.8
3598,1687597200000,901298.4
3599,1687600800000,902832.1
3600,1687604400000,920899.1
3601,1687608000000,935650.8
3602,1687611600000,933512.7
3603,1687615200000,925874.1
3604,1687618800000,924751.5
3605,1687622400000,907540.6
3606,1687626000000,907721.0
3607,1687629600000,911619.4
3608,1687633200000,896791.9
3609,1687636800000,915706.4
3610,1687640400000,892753.0
3611,1687644000000,901641.1
3612,1687647600000,900255.1
3613,1687651200000,897851.2
3614,1687654800000,884083.0
3615,1687658400000,893675.8
3616,1687662000000,886291.1
3617,1687665600000,888245.8
3618,1687669200000,876839.1
3619,1687672800000,880742.3
3620,1687676400000,886077.1
3621,1687680000000,882008.8
3622,1687683600000,895180.2
3623,1687687200000,889643.6
3624,1687690800000,893061.3
3625,1687694400000,888711.3
3626,1687698000000,893799.2
3627,1687701600000,896713.4
3628,1687705200000,893743.5
3629,1687708800000,909698.4
3630,1687712400000,902608.9
3631,1687716000000,902493.6
3632,1687719600000,915495.2
3633,1687723200000,901356.2
3634,1687726800000,902685.8
3635,1687730400000,902562.4
3636,1687734000000,912401.1
3637,1687737600000,907488.8
3638,1687741200000,896800.5
3639,1687744800000,874149.8
3640,1687748400000,870121.4
3641,1687752000000,873143.4
3642,1687755600000,886799.8
3643,1687759200000,891809.5
3644,1687762800000,918767.7
3645,1687766400000,907865.5
3646,1687770000000,1012917.8
3647,1687773600000,983978.3
3648,1687777200000,977530.0
3649,1687780800000,975720.2
3650,1687784400000,994431.1
3651,1687788000000,1007298.8
3652,1687791600000,995357.8
3653,1687795200000,1003389.4
3654,1687798800000,1068839.0
3655,1687802400000,1048125.4
3656,1687806000000,1037851.9
3657,1687809600000,1036185.8
3658,1687813200000,1042120.6
3659,1687816800000,1021696.9
3660,1687820400000,1024749.0
3661,1687824000000,1025393.4
3662,1687827600000,1023320.8
3663,1687831200000,1000479.7
3664,1687834800000,990899.7
3665,1687838400000,982306.5
3666,1687842000000,973879.3
3667,1687845600000,977660.3
3668,1687849200000,976792.8
3669,1687852800000,967862.3
3670,1687856400000,973874.5
3671,1687860000000,968791.4
3672,1687863600000,987542.2
3673,1687867200000,991493.7
3674,1687870800000,991189.8
3675,1687874400000,1009220.7
3676,1687878000000,1015913.3
3677,1687881600000,1018657.5
3678,1687885200000,998039.8
3679,1687888800000,1014319.5
3680,1687892400000,1015318.5
3681,1687896000000,1022365.1
3682,1687899600000,1018278.3
3683,1687903200000,1011994.6
3684,1687906800000,1012294.8
3685,1687910400000,1012359.4
3686,1687914000000,1025881.2
3687,1687917600000,1032127.0
3688,1687921200000,1034103.8
3689,1687924800000,1033247.4
3690,1687928400000,1029386.2
3691,1687932000000,1031144.1
3692,1687935600000,1029201.9
3693,1687939200000,1024382.9
3694,1687942800000,1004313.4
3695,1687946400000,1011310.6
3696,1687950000000,1006081.1
3697,1687953600000,1013206.8
3698,1687957200000,1001177.6
3699,1687960800000,1023991.4
3700,1687964400000,1022422.7
3701,1687968000000,985684.3
3702,1687971600000,977267.4
3703,1687975200000,972497.8
3704,1687978800000,965829.1
3705,1687982400000,930200.5
3706,1687986000000,947874.6
3707,1687989600000,934663.9
3708,1687993200000,921957.3
3709,1687996800000,921608.8
3710,1688000400000,924998.3
3711,1688004000000,928207.2
3712,1688007600000,929016.2
3713,1688011200000,930607.9
3714,1688014800000,929682.7
3715,1688018400000,932727.1
3716,1688022000000,935833.0
3717,1688025600000,938714.8
3718,1688029200000,933787.1
3719,1688032800000,965408.0
3720,1688036400000,933683.7
3721,1688040000000,992478.0
3722,1688043600000,1001182.1
3723,1688047200000,1004486.1
3724,1688050800000,1006346.5
3725,1688054400000,1010819.3
3726,1688058000000,1027711.9
3727,1688061600000,1023157.1
3728,1688065200000,1010843.6
3729,1688068800000,993125.7
3730,1688072400000,977511.4
3731,1688076000000,981708.3
3732,1688079600000,987003.5
3733,1688083200000,982763.1
3734,1688086800000,988090.2
3735,1688090400000,983394.3
3736,1688094000000,983909.4
3737,1688097600000,1015005.4
3738,1688101200000,1000364.3
3739,1688104800000,976747.8
3740,1688108400000,993183.9
3741,1688112000000,971690.7
3742,1688115600000,958450.0
3743,1688119200000,963225.0
3744,1688122800000,953692.6
3745,1688126400000,959315.5
3746,1688130000000,992796.1
3747,1688133600000,971078.7
3748,1688137200000,957739.8
3749,1688140800000,933973.6
3750,1688144400000,951103.5
3751,1688148000000,944715.0
3752,1688151600000,981510.7
3753,1688155200000,972969.0
3754,1688158800000,971969.5
3755,1688162400000,986126.9
3756,1688166000000,977897.8
3757,1688169600000,985810.3
3758,1688173200000,1000612.3
3759,1688176800000,997250.0
3760,1688180400000,993161.6
3761,1688184000000,982841.7
3762,1688187600000,975835.0
3763,1688191200000,988518.0
3764,1688194800000,999752.2
3765,1688198400000,997072.6
3766,1688202000000,999716.4
3767,1688205600000,1007775.6
3768,1688209200000,994268.0
3769,1688212800000,1002735.5
3770,1688216400000,1007803.5
3771,1688220000000,1007638.9
3772,1688223600000,1008618.8
3773,1688227200000,1003013.6
3774,1688230800000,1003851.2
3775,1688234400000,1014195.3
3776,1688238000000,1015269.7
3777,1688241600000,1007102.4
3778,1688245200000,1008347.4
3779,1688248800000,1002849.1
3780,1688252400000,1011518.1
3781,1688256000000,1012224.5
3782,1688259600000,1036710.9
3783,1688263200000,1043144.8
3784,1688266800000,1041809.3
3785,1688270400000,1037661.0
3786,1688274000000,1033802.8
3787,1688277600000,1036435.9
3788,1688281200000,1019074.3
3789,1688284800000,1031450.0
3790,1688288400000,1033961.2
3791,1688292000000,1056138.0
3792,1688295600000,1063928.1
3793,1688299200000,1067131.5
3794,1688302800000,1072081.1
3795,1688306400000,1072149.0
3796,1688310000000,1071374.39999999
3797,1688313600000,1060714.0
3798,1688317200000,1061166.0
3799,1688320800000,1025554.7
3800,1688324400000,1037521.1
3801,1688328000000,1039190.8
3802,1688331600000,1037984.3
3803,1688335200000,1045817.3
3804,1688338800000,1057738.89999999
3805,1688342400000,1047735.5
3806,1688346000000,1054467.0
3807,1688349600000,1075492.1
3808,1688353200000,1070742.3
3809,1688356800000,1149801.89999999
3810,1688360400000,1167618.5
3811,1688364000000,1169735.0
3812,1688367600000,1142508.1
3813,1688371200000,1180116.8
3814,1688374800000,1167070.89999999
3815,1688378400000,1171214.3
3816,1688382000000,1168376.6
3817,1688385600000,1157496.5
3818,1688389200000,1134257.8
3819,1688392800000,1139502.2
3820,1688396400000,1148062.2
3821,1688400000000,1154441.39999999
3822,1688403600000,1164403.1
3823,1688407200000,1169330.39999999
3824,1688410800000,1137291.5
3825,1688414400000,1149192.8
3826,1688418000000,1129423.8
3827,1688421600000,1126861.2
3828,1688425200000,1111842.7
3829,1688428800000,1118725.39999999
3830,1688432400000,1116193.5
3831,1688436000000,1112986.7
3832,1688439600000,1123261.2
3833,1688443200000,1153237.7
3834,1688446800000,1151725.7
3835,1688450400000,1161497.5
3836,1688454000000,1184290.39999999
3837,1688457600000,1163146.0
3838,1688461200000,1190836.89999999
3839,1688464800000,1168938.7
3840,1688468400000,1170743.89999999
3841,1688472000000,1201668.6
3842,1688475600000,1220784.3
3843,1688479200000,1256197.2
3844,1688482800000,1273671.2
3845,1688486400000,1266147.6
3846,1688490000000,1324743.0
3847,1688493600000,1253176.1
3848,1688497200000,1211104.6
3849,1688500800000,1190578.1
3850,1688504400000,1201083.89999999
3851,1688508000000,1191686.1
3852,1688511600000,1192041.6
3853,1688515200000,1170080.8
3854,1688518800000,1180030.8
3855,1688522400000,1182780.5
3856,1688526000000,1188189.2
3857,1688529600000,1192893.6
3858,1688533200000,1191433.6
3859,1688536800000,1195030.1
3860,1688540400000,1202968.8
3861,1688544000000,1203625.8
3862,1688547600000,1192789.8
3863,1688551200000,1181461.7
3864,1688554800000,1143304.39999999
3865,1688558400000,1147611.8
3866,1688562000000,1142059.2
3867,1688565600000,1139124.39999999
3868,1688569200000,1138182.39999999
3869,1688572800000,1091036.8
3870,1688576400000,1066530.2
3871,1688580000000,1058884.2
3872,1688583600000,1053699.8
3873,1688587200000,1054691.7
3874,1688590800000,1054492.89999999
3875,1688594400000,1051916.0
3876,1688598000000,1043726.6
3877,1688601600000,1046262.1
3878,1688605200000,1055650.8
3879,1688608800000,1068363.3
3880,1688612400000,1067946.6
3881,1688616000000,1062738.0
3882,1688619600000,1058909.5
3883,1688623200000,1058599.5
3884,1688626800000,1057668.0
3885,1688630400000,1057239.6
3886,1688634000000,1037775.0
3887,1688637600000,1039331.5
3888,1688641200000,1060190.3
3889,1688644800000,1037456.1
3890,1688648400000,1008830.6
3891,1688652000000,1028140.1
3892,1688655600000,974921.4
3893,1688659200000,950188.9
3894,1688662800000,941649.5
3895,1688666400000,966732.3
3896,1688670000000,944815.5
3897,1688673600000,942090.0
3898,1688677200000,948952.8
3899,1688680800000,936379.8
3900,1688684400000,936402.3
3901,1688688000000,931606.2
3902,1688691600000,934552.9
3903,1688695200000,918047.9
3904,1688698800000,910125.6
3905,1688702400000,918207.9
3906,1688706000000,920188.7
3907,1688709600000,916704.7
3908,1688713200000,927233.4
3909,1688716800000,943362.8
3910,1688720400000,942526.0
3911,1688724000000,938384.7
3912,1688727600000,935117.1
3913,1688731200000,934156.9
3914,1688734800000,937533.0
3915,1688738400000,934494.5
3916,1688742000000,940799.0
3917,1688745600000,1033489.3
3918,1688749200000,1016466.3
3919,1688752800000,1019050.0
3920,1688756400000,998258.7
3921,1688760000000,1035625.4
3922,1688763600000,1032353.1
3923,1688767200000,1014266.2
3924,1688770800000,1010475.1
3925,1688774400000,1010883.5
3926,1688778000000,1000185.2
3927,1688781600000,997284.9
3928,1688785200000,1017355.7
3929,1688788800000,1045635.3
3930,1688792400000,1148028.89999999
3931,1688796000000,1251618.6
3932,1688799600000,1297933.5
3933,1688803200000,1253512.39999999
3934,1688806800000,1300726.1
3935,1688810400000,1320650.89999999
3936,1688814000000,1336144.89999999
3937,1688817600000,1334457.8
3938,1688821200000,1288648.2
3939,1688824800000,1335150.1
3940,1688828400000,1374026.2
3941,1688832000000,1419219.7
3942,1688835600000,1401440.8
3943,1688839200000,1452107.7
3944,1688842800000,1457573.7
3945,1688846400000,1414361.4
3946,1688850000000,1392199.1
3947,1688853600000,1372788.0
3948,1688857200000,1371541.1
3949,1688860800000,1376456.6
3950,1688864400000,1329332.7
3951,1688868000000,1335696.7
3952,1688871600000,1405699.89999999
3953,1688875200000,1365838.7
3954,1688878800000,1409403.5
3955,1688882400000,1434125.8
3956,1688886000000,1468023.5
3957,1688889600000,1402194.7
3958,1688893200000,1432175.4
3959,1688896800000,1435999.0
3960,1688900400000,1477552.0
3961,1688904000000,1506895.8
3962,1688907600000,1488456.6
3963,1688911200000,1453627.7
3964,1688914800000,1445690.0
3965,1688918400000,1461563.8
3966,1688922000000,1456610.0
3967,1688925600000,1445371.7
3968,1688929200000,1430292.2
3969,1688932800000,1412973.6
3970,1688936400000,1419456.2
3971,1688940000000,1406503.0
3972,1688943600000,1367076.89999999
3973,1688947200000,1360436.0
3974,1688950800000,1332765.89999999
3975,1688954400000,1319755.3
3976,1688958000000,1310017.1
3977,1688961600000,1281773.8
3978,1688965200000,1299282.1
3979,1688968800000,1310045.0
3980,1688972400000,1323713.3
3981,1688976000000,1327294.0
3982,1688979600000,1298332.5
3983,1688983200000,1360358.6
3984,1688986800000,1347868.7
3985,1688990400000,1349738.5
3986,1688994000000,1356663.8
3987,1688997600000,1340447.3
3988,1689001200000,1354686.0
3989,1689004800000,1367587.7
3990,1689008400000,1353432.0
3991,1689012000000,1309889.7
3992,1689015600000,1302454.6
3993,1689019200000,1267612.89999999
3994,1689022800000,1299951.2
3995,1689026400000,1302422.7
3996,1689030000000,1308290.5
3997,1689033600000,1308187.2
3998,1689037200000,1300381.0
3999,1689040800000,1303749.1
4000,1689044400000,1282708.3
4001,1689048000000,1276833.3
4002,1689051600000,1277254.1
4003,1689055200000,1295022.89999999
4004,1689058800000,1313268.0
4005,1689062400000,1360878.39999999
4006,1689066000000,1347328.2
4007,1689069600000,1337638.6
4008,1689073200000,1337340.6
4009,1689076800000,1331380.3
4010,1689080400000,1320135.2
4011,1689084000000,1298722.39999999
4012,1689087600000,1318722.7
4013,1689091200000,1325629.39999999
4014,1689094800000,1302606.0
4015,1689098400000,1311511.0
4016,1689102000000,1313087.8
4017,1689105600000,1287671.2
4018,1689109200000,1317804.89999999
4019,1689112800000,1272315.6
4020,1689116400000,1257346.3
4021,1689120000000,1268803.7
4022,1689123600000,1271116.5
4023,1689127200000,1269029.1
4024,1689130800000,1281362.1
4025,1689134400000,1297131.7
4026,1689138000000,1282416.5
4027,1689141600000,1298715.89999999
4028,1689145200000,1315308.2
4029,1689148800000,1329802.8
4030,1689152400000,1301017.6
4031,1689156000000,1327067.3
4032,1689159600000,1322996.2
4033,1689163200000,1320107.7
4034,1689166800000,1307397.0
4035,1689170400000,1295640.0
4036,1689174000000,1344233.89999999
4037,1689177600000,1388564.6
4038,1689181200000,1354513.0
4039,1689184800000,1379762.1
4040,1689188400000,1391180.89999999
4041,1689192000000,1347388.3
4042,1689195600000,1353924.5
4043,1689199200000,1345026.39999999
4044,1689202800000,1349455.7
4045,1689206400000,1377978.89999999
4046,1689210000000,1379570.2
4047,1689213600000,1381654.1
4048,1689217200000,1402516.39999999
4049,1689220800000,1403235.0
4050,1689224400000,1402796.0
4051,1689228000000,1401844.5
4052,1689231600000,1392563.8
4053,1689235200000,1377523.6
4054,1689238800000,1373079.5
4055,1689242400000,1398222.5
4056,1689246000000,1387913.2
4057,1689249600000,1422394.1
4058,1689253200000,1427041.5
4059,1689256800000,1451912.6
4060,1689260400000,1455848.2
4061,1689264000000,1399399.7
4062,1689267600000,1461498.0
4063,1689271200000,1449854.8
4064,1689274800000,1373644.0
4065,1689278400000,1396041.1
4066,1689282000000,1397339.5
4067,1689285600000,1416769.4
4068,1689289200000,1435422.7
4069,1689292800000,1418261.7
4070,1689296400000,1471710.6
4071,1689300000000,1513140.7
4072,1689303600000,1471404.4
4073,1689307200000,1476990.6
4074,1689310800000,1548584.4
4075,1689314400000,1640101.2
4076,1689318000000,1713619.0
4077,1689321600000,1913353.1
4078,1689325200000,1960105.6
4079,1689328800000,1883772.5
4080,1689332400000,1876538.5
4081,1689336000000,1880588.7
4082,1689339600000,1852232.6
4083,1689343200000,1884716.0
4084,1689346800000,1921092.1
4085,1689350400000,2246098.5
4086,1689354000000,2191872.9
4087,1689357600000,1996460.5
4088,1689361200000,1675724.7
4089,1689364800000,1690158.4
4090,1689368400000,1704632.6
4091,1689372000000,1710695.9
4092,1689375600000,1737317.7
4093,1689379200000,1758852.9
4094,1689382800000,1777611.3
4095,1689386400000,1761658.6
4096,1689390000000,1757342.3
4097,1689393600000,1768562.2
4098,1689397200000,1776941.3
4099,1689400800000,1782911.8
4100,1689404400000,1842122.0
4101,1689408000000,1849339.4
4102,1689411600000,1833804.0
4103,1689415200000,1837861.1
4104,1689418800000,1826038.8
4105,1689422400000,1842002.7
4106,1689426000000,1939346.2
4107,1689429600000,1980758.7
4108,1689433200000,2167948.2
4109,1689436800000,2230664.6
4110,1689440400000,2247495.1
4111,1689444000000,2250962.79999999
4112,1689447600000,2192240.1
4113,1689451200000,2201532.2
4114,1689454800000,2191332.29999999
4115,1689458400000,2044513.1
4116,1689462000000,2044823.4
4117,1689465600000,2019696.4
4118,1689469200000,2004663.4
4119,1689472800000,2006474.3
4120,1689476400000,1957724.2
4121,1689480000000,1973741.2
4122,1689483600000,1976064.6
4123,1689487200000,1980078.4
4124,1689490800000,2020287.1
4125,1689494400000,1993181.0
4126,1689498000000,2012953.9
4127,1689501600000,2018372.6
4128,1689505200000,2003326.3
4129,1689508800000,1805516.1
4130,1689512400000,1803906.7
4131,1689516000000,1812920.4
4132,1689519600000,1859224.7
4133,1689523200000,1879969.6
4134,1689526800000,1819472.1
4135,1689530400000,1813259.9
4136,1689534000000,1797429.7
4137,1689537600000,1781277.0
4138,1689541200000,1780792.6
4139,1689544800000,1786158.9
4140,1689548400000,1794370.1
4141,1689552000000,1756712.7
4142,1689555600000,1759079.2
4143,1689559200000,1746498.6
4144,1689562800000,1756917.2
4145,1689566400000,1735024.3
4146,1689570000000,1744257.2
4147,1689573600000,1761532.0
4148,1689577200000,1766281.6
4149,1689580800000,1797783.1
4150,1689584400000,1847315.7
4151,1689588000000,1824635.9
4152,1689591600000,1821841.0
4153,1689595200000,1848960.2
4154,1689598800000,1843495.5
4155,1689602400000,1920256.8
4156,1689606000000,1888666.8
4157,1689609600000,1852013.2
4158,1689613200000,1855962.6
4159,1689616800000,1823060.2
4160,1689620400000,1814544.0
4161,1689624000000,1818605.9
4162,1689627600000,1827156.8
4163,1689631200000,1879796.9
4164,1689634800000,1889568.8
4165,1689638400000,1893260.7
4166,1689642000000,1904445.9
4167,1689645600000,1970467.8
4168,1689649200000,1934652.2
4169,1689652800000,1897944.0
4170,1689656400000,1887106.2
4171,1689660000000,1907657.7
4172,1689663600000,1870245.3
4173,1689667200000,1876282.6
4174,1689670800000,1860536.7
4175,1689674400000,1855882.2
4176,1689678000000,1818067.2
4177,1689681600000,1809156.1
4178,1689685200000,1821855.2
4179,1689688800000,1853284.0
4180,1689692400000,1852564.3
4181,1689696000000,1883019.3
4182,1689699600000,1852071.6
4183,1689703200000,1854541.3
4184,1689706800000,1841747.9
4185,1689710400000,1845623.2
4186,1689714000000,1848682.0
4187,1689717600000,1865100.7
4188,1689721200000,1857090.5
4189,1689724800000,1834026.7
4190,1689728400000,1810791.2
4191,1689732000000,1832120.7
4192,1689735600000,1814534.4
4193,1689739200000,1809427.8
4194,1689742800000,1806262.6
4195,1689746400000,1825596.1
4196,1689750000000,1809265.0
4197,1689753600000,1801973.2
4198,1689757200000,1806655.8
4199,1689760800000,1810828.5
4200,1689764400000,1822024.5
4201,1689768000000,1836569.1
4202,1689771600000,1839238.3
4203,1689775200000,1844720.1
4204,1689778800000,1837751.0
4205,1689782400000,1849936.2
4206,1689786000000,1838345.4
4207,1689789600000,1890246.9
4208,1689793200000,1890849.9
4209,1689796800000,1912566.0
4210,1689800400000,1865468.3
4211,1689804000000,1909371.4
4212,1689807600000,1908998.5
4213,1689811200000,1922381.7
4214,1689814800000,1938443.1
4215,1689818400000,1920223.9
4216,1689822000000,1907869.1
4217,1689825600000,1905355.6
4218,1689829200000,1909198.7
4219,1689832800000,1985973.9
4220,1689836400000,1947228.7
4221,1689840000000,1975085.7
4222,1689843600000,2008271.5
4223,1689847200000,2019129.7
4224,1689850800000,2092936.7
4225,1689854400000,2066144.7
4226,1689858000000,2033628.2
4227,1689861600000,2064919.9
4228,1689865200000,1889610.7
4229,1689868800000,1859189.5
4230,1689872400000,1841846.6
4231,1689876000000,1856624.4
4232,1689879600000,1858753.6
4233,1689883200000,1853463.2
4234,1689886800000,1838832.3
4235,1689890400000,1859276.6
4236,1689894000000,1858595.9
4237,1689897600000,1869580.6
4238,1689901200000,1863288.0
4239,1689904800000,1873830.1
4240,1689908400000,1880532.5
4241,1689912000000,1894425.1
4242,1689915600000,1878091.3
4243,1689919200000,1873431.0
4244,1689922800000,1866795.2
4245,1689926400000,1867361.4
4246,1689930000000,1868327.5
4247,1689933600000,1874446.9
4248,1689937200000,1892256.1
4249,1689940800000,1891199.9
4250,1689944400000,1872042.5
4251,1689948000000,1875197.0
4252,1689951600000,1896032.1
4253,1689955200000,1900159.2
4254,1689958800000,1886930.3
4255,1689962400000,1891000.5
4256,1689966000000,1940321.0
4257,1689969600000,1895641.9
4258,1689973200000,1879125.9
4259,1689976800000,1862900.4
4260,1689980400000,1862115.8
4261,1689984000000,1862554.4
4262,1689987600000,1860602.2
4263,1689991200000,1863049.0
4264,1689994800000,1869779.0
4265,1689998400000,1861997.3
4266,1690002000000,1872284.1
4267,1690005600000,1858133.5
4268,1690009200000,1846744.7
4269,1690012800000,1854453.8
4270,1690016400000,1860591.6
4271,1690020000000,1831138.1
4272,1690023600000,1816360.5
4273,1690027200000,1831886.2
4274,1690030800000,1808671.7
4275,1690034400000,1825104.2
4276,1690038000000,1817316.0
4277,1690041600000,1831518.0
4278,1690045200000,1826855.0
4279,1690048800000,1807645.1
4280,1690052400000,1802266.7
4281,1690056000000,1806022.0
4282,1690059600000,1803882.8
4283,1690063200000,1812431.8
4284,1690066800000,1801190.2
4285,1690070400000,1724942.2
4286,1690074000000,1715449.7
4287,1690077600000,1710068.5
4288,1690081200000,1712369.1
4289,1690084800000,1730805.3
4290,1690088400000,1730093.1
4291,1690092000000,1740725.4
4292,1690095600000,1730223.2
4293,1690099200000,1723257.7
4294,1690102800000,1729955.6
4295,1690106400000,1731380.6
4296,1690110000000,1726707.1
4297,1690113600000,1731913.3
4298,1690117200000,1723333.4
4299,1690120800000,1726439.1
4300,1690124400000,1722228.7
4301,1690128000000,1751071.1
4302,1690131600000,1745419.8
4303,1690135200000,1723897.2
4304,1690138800000,1743031.2
4305,1690142400000,1728406.5
4306,1690146000000,1737936.8
4307,1690149600000,1745388.5
4308,1690153200000,1747451.2
4309,1690156800000,1753556.5
4310,1690160400000,1759985.1
4311,1690164000000,1773860.0
4312,1690167600000,1772495.0
4313,1690171200000,1769891.2
4314,1690174800000,1751111.6
4315,1690178400000,1748215.4
4316,1690182000000,1751312.0
4317,1690185600000,1781516.6
4318,1690189200000,1780350.2
4319,1690192800000,1657375.4
4320,1690196400000,1673140.9
4321,1690200000000,1669322.4
4322,1690203600000,1677715.1
4323,1690207200000,1676088.4
4324,1690210800000,1671120.0
4325,1690214400000,1686263.2
4326,1690218000000,1675925.2
4327,1690221600000,1671895.6
4328,1690225200000,1670152.9
4329,1690228800000,1668772.9
4330,1690232400000,1662207.8
4331,1690236000000,1666102.0
4332,1690239600000,1665870.0
4333,1690243200000,1664995.1
4334,1690246800000,1669437.6
4335,1690250400000,1681989.9
4336,1690254000000,1668691.7
4337,1690257600000,1650568.4
4338,1690261200000,1649962.6
4339,1690264800000,1647891.4
4340,1690268400000,1636463.2
4341,1690272000000,1634942.4
4342,1690275600000,1635364.0
4343,1690279200000,1635925.2
4344,1690282800000,1638125.9
4345,1690286400000,1616397.7
4346,1690290000000,1643072.8
4347,1690293600000,1667545.4
4348,1690297200000,1644558.7
4349,1690300800000,1658054.4
4350,1690304400000,1661778.1
4351,1690308000000,1670746.0
4352,1690311600000,1670232.3
4353,1690315200000,1661052.2
4354,1690318800000,1642850.3
4355,1690322400000,1653938.3
4356,1690326000000,1646704.7
4357,1690329600000,1636012.1
4358,1690333200000,1655417.1
4359,1690336800000,1631339.9
4360,1690340400000,1622358.8
4361,1690344000000,1597340.4
4362,1690347600000,1607934.0
4363,1690351200000,1734881.0
4364,1690354800000,1633959.6
4365,1690358400000,1624567.7
4366,1690362000000,1628196.5
4367,1690365600000,1646475.1
4368,1690369200000,1635346.8
4369,1690372800000,1630678.8
4370,1690376400000,1633682.0
4371,1690380000000,1621170.6
4372,1690383600000,1609714.0
4373,1690387200000,1608981.6
4374,1690390800000,1618848.6
4375,1690394400000,1568933.0
4376,1690398000000,1577245.7
4377,1690401600000,1603742.9
4378,1690405200000,1595887.7
4379,1690408800000,1607297.3
4380,1690412400000,1621006.5
4381,1690416000000,1597216.0
4382,1690419600000,1577453.1
4383,1690423200000,1589820.7
4384,1690426800000,1587483.2
4385,1690430400000,1593728.3
4386,1690434000000,1593458.0
4387,1690437600000,1615807.0
4388,1690441200000,1609012.2
4389,1690444800000,1614490.6
4390,1690448400000,1602869.6
4391,1690452000000,1625116.8
4392,1690455600000,1599785.7
4393,1690459200000,1609637.6
4394,1690462800000,1614533.7
4395,1690466400000,1622296.2
4396,1690470000000,1626592.7
4397,1690473600000,1622974.2
4398,1690477200000,1623665.9
4399,1690480800000,1624896.1
4400,1690484400000,1623987.1
4401,1690488000000,1623310.0
4402,1690491600000,1628302.2
4403,1690495200000,1652597.3
4404,1690498800000,1635894.6
4405,1690502400000,1608574.3
4406,1690506000000,1596981.7
4407,1690509600000,1616471.2
4408,1690513200000,1625745.7
4409,1690516800000,1614369.3
4410,1690520400000,1605656.1
4411,1690524000000,1592407.9
4412,1690527600000,1433496.9
4413,1690531200000,1391481.3
4414,1690534800000,1391178.39999999
4415,1690538400000,1386760.39999999
4416,1690542000000,1389463.0
4417,1690545600000,1393401.6
4418,1690549200000,1380997.5
4419,1690552800000,1376384.8
4420,1690556400000,1365455.2
4421,1690560000000,1349218.89999999
4422,1690563600000,1381264.7
4423,1690567200000,1354431.1
4424,1690570800000,1366934.8
4425,1690574400000,1385145.1
4426,1690578000000,1397165.5
4427,1690581600000,1391767.3
4428,1690585200000,1392867.39999999
4429,1690588800000,1384110.89999999
4430,1690592400000,1380328.2
4431,1690596000000,1377702.2
4432,1690599600000,1375606.39999999
4433,1690603200000,1377428.2
4434,1690606800000,1371981.1
4435,1690610400000,1379821.3
4436,1690614000000,1365721.39999999
4437,1690617600000,1384308.3
4438,1690621200000,1382138.3
4439,1690624800000,1399247.6
4440,1690628400000,1404705.7
4441,1690632000000,1389193.7
4442,1690635600000,1385133.2
4443,1690639200000,1388262.1
4444,1690642800000,1383253.7
4445,1690646400000,1378410.1
4446,1690650000000,1396772.3
4447,1690653600000,1397259.2
4448,1690657200000,1380294.5
4449,1690660800000,1379623.0
4450,1690664400000,1376865.8
4451,1690668000000,1372744.2
4452,1690671600000,1369113.6
4453,1690675200000,1363386.5
4454,1690678800000,1365320.0
4455,1690682400000,1367016.0
4456,1690686000000,1365472.5
4457,1690689600000,1392509.6
4458,1690693200000,1381255.3
4459,1690696800000,1372045.89999999
4460,1690700400000,1363544.8
4461,1690704000000,1370663.5
4462,1690707600000,1357616.7
4463,1690711200000,1367413.0
4464,1690714800000,1370618.7
4465,1690718400000,1388605.0
4466,1690722000000,1395206.0
4467,1690725600000,1378679.7
4468,1690729200000,1382688.5
4469,1690732800000,1394087.8
4470,1690736400000,1423241.6
4471,1690740000000,1430732.1
4472,1690743600000,1404907.1
4473,1690747200000,1365711.1
4474,1690750800000,1331607.8
4475,1690754400000,1345312.3
4476,1690758000000,1344887.39999999
4477,1690761600000,1355131.39999999
4478,1690765200000,1336255.8
4479,1690768800000,1327734.5
4480,1690772400000,1334691.1
4481,1690776000000,1341658.39999999
4482,1690779600000,1328389.0
4483,1690783200000,1329851.5
4484,1690786800000,1339845.3
4485,1690790400000,1341226.7
4486,1690794000000,1343261.2
4487,1690797600000,1341323.1
4488,1690801200000,1344510.6
4489,1690804800000,1355756.89999999
4490,1690808400000,1352548.3
4491,1690812000000,1335270.89999999
4492,1690815600000,1354831.6
4493,1690819200000,1381359.5
4494,1690822800000,1369751.8
4495,1690826400000,1368740.2
4496,1690830000000,1397051.89999999
4497,1690833600000,1382763.5
4498,1690837200000,1374953.5
4499,1690840800000,1365846.39999999
4500,1690844400000,1361868.6
4501,1690848000000,1359005.5
4502,1690851600000,1355671.7
4503,1690855200000,1341392.5
4504,1690858800000,1238790.2
4505,1690862400000,1232529.5
4506,1690866000000,1252764.89999999
4507,1690869600000,1249833.6
4508,1690873200000,1252436.5
4509,1690876800000,1253610.89999999
4510,1690880400000,1250652.89999999
4511,1690884000000,1249765.6
4512,1690887600000,1260842.89999999
4513,1690891200000,1275801.2
4514,1690894800000,1275023.2
4515,1690898400000,1288381.6
4516,1690902000000,1320504.0
4517,1690905600000,1297300.39999999
4518,1690909200000,1297351.39999999
4519,1690912800000,1284246.6
4520,1690916400000,1276898.1
4521,1690920000000,1272234.89999999
4522,1690923600000,1267056.8
4523,1690927200000,1258072.89999999
4524,1690930800000,1282742.1
4525,1690934400000,1291917.2
4526,1690938000000,1285425.0
4527,1690941600000,1297888.3
4528,1690945200000,1304941.89999999
4529,1690948800000,1318156.89999999
4530,1690952400000,1338952.3
4531,1690956000000,1341633.1
4532,1690959600000,1345597.39999999
4533,1690963200000,1357084.1
4534,1690966800000,1340395.0
4535,1690970400000,1336412.5
4536,1690974000000,1335807.0
4537,1690977600000,1351104.39999999
4538,1690981200000,1342902.5
4539,1690984800000,1354329.89999999
4540,1690988400000,1358703.6
4541,1690992000000,1381896.3
4542,1690995600000,1334373.6
4543,1690999200000,1362732.89999999
4544,1691002800000,1368003.7
4545,1691006400000,1370068.0
4546,1691010000000,1375353.1
4547,1691013600000,1375586.39999999
4548,1691017200000,1375644.1
4549,1691020800000,1368508.7
4550,1691024400000,1384251.6
4551,1691028000000,1380833.1
4552,1691031600000,1378201.3
4553,1691035200000,1378813.7
4554,1691038800000,1375653.89999999
4555,1691042400000,1355330.3
4556,1691046000000,1358265.1
4557,1691049600000,1362337.2
4558,1691053200000,1360411.3
4559,1691056800000,1374595.7
4560,1691060400000,1371206.89999999
4561,1691064000000,1377347.89999999
4562,1691067600000,1388494.3
4563,1691071200000,1391617.1
4564,1691074800000,1388971.6
4565,1691078400000,1398719.3
4566,1691082000000,1396914.0
4567,1691085600000,1355886.1
4568,1691089200000,1357222.7
4569,1691092800000,1354756.3
4570,1691096400000,1367137.0
4571,1691100000000,1367998.1
4572,1691103600000,1361471.7
4573,1691107200000,1375156.1
4574,1691110800000,1372153.0
4575,1691114400000,1373038.3
4576,1691118000000,1382492.3
4577,1691121600000,1384956.0
4578,1691125200000,1383225.8
4579,1691128800000,1389558.5
4580,1691132400000,1390029.1
4581,1691136000000,1381189.5
4582,1691139600000,1382925.7
4583,1691143200000,1383315.39999999
4584,1691146800000,1390520.39999999
4585,1691150400000,1391757.3
4586,1691154000000,1400612.0
4587,1691157600000,1375162.7
4588,1691161200000,1379965.7
4589,1691164800000,1379599.5
4590,1691168400000,1390100.1
4591,1691172000000,1385852.5
4592,1691175600000,1386440.1
4593,1691179200000,1388774.39999999
4594,1691182800000,1365110.2
4595,1691186400000,1351282.89999999
4596,1691190000000,1358391.39999999
4597,1691193600000,1355987.3
4598,1691197200000,1361750.2
4599,1691200800000,1346133.3
4600,1691204400000,1349566.5
4601,1691208000000,1354028.89999999
4602,1691211600000,1357371.6
4603,1691215200000,1364437.39999999
4604,1691218800000,1355077.1
4605,1691222400000,1353478.5
4606,1691226000000,1351488.6
4607,1691229600000,1351708.2
4608,1691233200000,1352869.2
4609,1691236800000,1356629.6
4610,1691240400000,1377879.3
4611,1691244000000,1378950.0
4612,1691247600000,1380140.6
4613,1691251200000,1389211.5
4614,1691254800000,1386678.2
4615,1691258400000,1383555.39999999
4616,1691262000000,1389470.6
4617,1691265600000,1385635.2
4618,1691269200000,1385463.7
4619,1691272800000,1385638.8
4620,1691276400000,1383960.89999999
4621,1691280000000,1389602.8
4622,1691283600000,1391838.2
4623,1691287200000,1396400.2
4624,1691290800000,1378497.1
4625,1691294400000,1384021.7
4626,1691298000000,1378275.1
4627,1691301600000,1356883.1
4628,1691305200000,1365247.3
4629,1691308800000,1363928.39999999
4630,1691312400000,1370248.5
4631,1691316000000,1348998.8
4632,1691319600000,1354553.5
4633,1691323200000,1348754.3
4634,1691326800000,1376307.5
4635,1691330400000,1381365.2
4636,1691334000000,1376414.8
4637,1691337600000,1373380.89999999
4638,1691341200000,1381218.6
4639,1691344800000,1382315.3
4640,1691348400000,1379478.39999999
4641,1691352000000,1382906.8
4642,1691355600000,1390015.8
4643,1691359200000,1377335.39999999
4644,1691362800000,1369584.7
4645,1691366400000,1369720.2
4646,1691370000000,1379756.8
4647,1691373600000,1363788.3
4648,1691377200000,1383783.39999999
4649,1691380800000,1372114.39999999
4650,1691384400000,1372585.8
4651,1691388000000,1371537.0
4652,1691391600000,1379498.0
4653,1691395200000,1388579.7
4654,1691398800000,1402655.0
4655,1691402400000,1405283.1
4656,1691406000000,1411080.2
4657,1691409600000,1429254.8
4658,1691413200000,1417376.2
4659,1691416800000,1409156.3
4660,1691420400000,1405514.5
4661,1691424000000,1411181.8
4662,1691427600000,1375373.89999999
4663,1691431200000,1371257.39999999
4664,1691434800000,1351752.39999999
4665,1691438400000,1360626.8
4666,1691442000000,1355707.1
4667,1691445600000,1352652.7
4668,1691449200000,1346283.0
4669,1691452800000,1349121.1
4670,1691456400000,1354572.0
4671,1691460000000,1352879.2
4672,1691463600000,1365321.5
4673,1691467200000,1358844.8
4674,1691470800000,1350179.5
4675,1691474400000,1344821.2
4676,1691478000000,1346485.5
4677,1691481600000,1327455.2
4678,1691485200000,1324358.8
4679,1691488800000,1325405.1
4680,1691492400000,1335238.8
4681,1691496000000,1345974.7
4682,1691499600000,1334588.1
4683,1691503200000,1344720.7
4684,1691506800000,1334791.0
4685,1691510400000,1327959.6
4686,1691514000000,1307378.5
4687,1691517600000,1322822.6
4688,1691521200000,1312734.1
4689,1691524800000,1314193.7
4690,1691528400000,1309592.0
4691,1691532000000,1269008.39999999
4692,1691535600000,1275693.0
4693,1691539200000,1273741.0
4694,1691542800000,1279153.6
4695,1691546400000,1296221.0
4696,1691550000000,1281664.89999999
4697,1691553600000,1286450.6
4698,1691557200000,1287362.2
4699,1691560800000,1286950.5
4700,1691564400000,1291914.8
4701,1691568000000,1304019.5
4702,1691571600000,1304682.0
4703,1691575200000,1306074.1
4704,1691578800000,1308813.39999999
4705,1691582400000,1322844.89999999
4706,1691586000000,1339240.89999999
4707,1691589600000,1342180.89999999
4708,1691593200000,1333826.6
4709,1691596800000,1346600.7
4710,1691600400000,1364327.6
4711,1691604000000,1349964.6
4712,1691607600000,1334075.8
4713,1691611200000,1342597.2
4714,1691614800000,1331990.6
4715,1691618400000,1320463.7
4716,1691622000000,1321505.39999999
4717,1691625600000,1336256.5
4718,1691629200000,1347341.7
4719,1691632800000,1371881.7
4720,1691636400000,1362854.6
4721,1691640000000,1360123.8
4722,1691643600000,1353154.89999999
4723,1691647200000,1345886.0
4724,1691650800000,1353479.39999999
4725,1691654400000,1346707.39999999
4726,1691658000000,1346587.39999999
4727,1691661600000,1344286.0
4728,1691665200000,1337187.1
4729,1691668800000,1341786.6
4730,1691672400000,1329468.1
4731,1691676000000,1356173.3
4732,1691679600000,1346131.39999999
4733,1691683200000,1349500.1
4734,1691686800000,1350327.39999999
4735,1691690400000,1354901.5
4736,1691694000000,1348389.1
4737,1691697600000,1347369.0
4738,1691701200000,1356692.7
4739,1691704800000,1350733.6
4740,1691708400000,1350502.0
4741,1691712000000,1348811.2
4742,1691715600000,1363092.8
4743,1691719200000,1346468.3
4744,1691722800000,1338600.39999999
4745,1691726400000,1338850.6
4746,1691730000000,1338221.2
4747,1691733600000,1331430.39999999
4748,1691737200000,1331394.6
4749,1691740800000,1336896.5
4750,1691744400000,1336187.7
4751,1691748000000,1337952.3
4752,1691751600000,1336302.6
4753,1691755200000,1340837.89999999
4754,1691758800000,1348258.39999999
4755,1691762400000,1349273.39999999
4756,1691766000000,1351051.89999999
4757,1691769600000,1324396.1
4758,1691773200000,1303279.5
4759,1691776800000,1305071.3
4760,1691780400000,1302193.1
4761,1691784000000,1300991.1
4762,1691787600000,1309520.7
4763,1691791200000,1308505.2
4764,1691794800000,1308330.39999999
4765,1691798400000,1312612.5
4766,1691802000000,1327270.89999999
4767,1691805600000,1316231.3
4768,1691809200000,1318369.3
4769,1691812800000,1321047.5
4770,1691816400000,1320810.7
4771,1691820000000,1319427.0
4772,1691823600000,1312824.89999999
4773,1691827200000,1314911.5
4774,1691830800000,1317287.8
4775,1691834400000,1316280.0
4776,1691838000000,1323334.0
4777,1691841600000,1335155.8
4778,1691845200000,1327309.0
4779,1691848800000,1327982.0
4780,1691852400000,1343184.89999999
4781,1691856000000,1341710.3
4782,1691859600000,1337975.89999999
4783,1691863200000,1361672.8
4784,1691866800000,1356105.2
4785,1691870400000,1345166.2
4786,1691874000000,1320287.1
4787,1691877600000,1307279.6
4788,1691881200000,1306500.5
4789,1691884800000,1307602.2
4790,1691888400000,1310942.7
4791,1691892000000,1306759.1
4792,1691895600000,1303581.7
4793,1691899200000,1306120.7
4794,1691902800000,1310875.0
4795,1691906400000,1312661.1
4796,1691910000000,1312890.3
4797,1691913600000,1321427.7
4798,1691917200000,1319868.3
4799,1691920800000,1322286.5
4800,1691924400000,1327023.0
4801,1691928000000,1326430.6
4802,1691931600000,1321070.5
4803,1691935200000,1334185.7
4804,1691938800000,1364666.89999999
4805,1691942400000,1360379.89999999
4806,1691946000000,1366162.2
4807,1691949600000,1366819.0
4808,1691953200000,1373334.89999999
4809,1691956800000,1369574.1
4810,1691960400000,1356259.2
4811,1691964000000,1366369.6
4812,1691967600000,1357855.89999999
4813,1691971200000,1370629.39999999
4814,1691974800000,1376571.8
4815,1691978400000,1374199.3
4816,1691982000000,1383294.5
4817,1691985600000,1392056.89999999
4818,1691989200000,1383299.8
4819,1691992800000,1381326.2
4820,1691996400000,1386417.39999999
4821,1692000000000,1390814.89999999
4822,1692003600000,1390027.5
4823,1692007200000,1386031.89999999
4824,1692010800000,1396713.1
4825,1692014400000,1414948.7
4826,1692018000000,1431913.9
4827,1692021600000,1429900.0
4828,1692025200000,1437939.1
4829,1692028800000,1441442.2
4830,1692032400000,1460248.1
4831,1692036000000,1483032.0
4832,1692039600000,1504681.7
4833,1692043200000,1505526.7
4834,1692046800000,1506288.1
4835,1692050400000,1494234.8
4836,1692054000000,1492780.0
4837,1692057600000,1490410.3
4838,1692061200000,1492249.2
4839,1692064800000,1495893.6
4840,1692068400000,1498069.7
4841,1692072000000,1498108.4
4842,1692075600000,1492200.8
4843,1692079200000,1491000.8
4844,1692082800000,1485159.7
4845,1692086400000,1483123.3
4846,1692090000000,1480390.8
4847,1692093600000,1482009.6
4848,1692097200000,1484882.1
4849,1692100800000,1488196.6
4850,1692104400000,1485015.8
4851,1692108000000,1473982.0
4852,1692111600000,1482840.3
4853,1692115200000,1458921.5
4854,1692118800000,1454750.2
4855,1692122400000,1454318.3
4856,1692126000000,1453186.0
4857,1692129600000,1379696.8
4858,1692133200000,1388807.7
4859,1692136800000,1370961.89999999
4860,1692140400000,1385577.7
4861,1692144000000,1382034.8
4862,1692147600000,1360258.89999999
4863,1692151200000,1382516.2
4864,1692154800000,1377527.7
4865,1692158400000,1378333.2
4866,1692162000000,1389675.0
4867,1692165600000,1375370.6
4868,1692169200000,1358555.6
4869,1692172800000,1371029.6
4870,1692176400000,1397405.0
4871,1692180000000,1413329.2
4872,1692183600000,1409333.0
4873,1692187200000,1420648.8
4874,1692190800000,1481298.4
4875,1692194400000,1503311.2
4876,1692198000000,1505440.8
4877,1692201600000,1521898.8
4878,1692205200000,1533333.3
4879,1692208800000,1533256.5
4880,1692212400000,1537407.9
4881,1692216000000,1541217.0
4882,1692219600000,1538105.6
4883,1692223200000,1504733.7
4884,1692226800000,1518720.0
4885,1692230400000,1507989.9
4886,1692234000000,1508394.1
4887,1692237600000,1530210.2
4888,1692241200000,1503752.4
4889,1692244800000,1509038.0
4890,1692248400000,1522123.9
4891,1692252000000,1514367.4
4892,1692255600000,1517576.1
4893,1692259200000,1532498.1
4894,1692262800000,1519978.4
4895,1692266400000,1523285.5
4896,1692270000000,1528679.9
4897,1692273600000,1527817.7
4898,1692277200000,1536424.4
4899,1692280800000,1541852.8
4900,1692284400000,1540536.2
4901,1692288000000,1556998.9
4902,1692291600000,1503239.4
4903,1692295200000,1521020.9
4904,1692298800000,1523264.0
4905,1692302400000,1524732.4
4906,1692306000000,1514937.3
4907,1692309600000,1222837.5
4908,1692313200000,1164002.0
4909,1692316800000,1159797.6
4910,1692320400000,1135673.39999999
4911,1692324000000,1151328.39999999
4912,1692327600000,1143545.5
4913,1692331200000,1151435.0
4914,1692334800000,1152566.0
4915,1692338400000,1151529.5
4916,1692342000000,1158459.7
4917,1692345600000,1177686.5
4918,1692349200000,1169705.89999999
4919,1692352800000,1169821.2
4920,1692356400000,1172833.7
4921,1692360000000,1162851.5
4922,1692363600000,1164038.1
4923,1692367200000,1175057.3
4924,1692370800000,1177610.3
4925,1692374400000,1181473.2
4926,1692378000000,1181061.2
4927,1692381600000,1151663.1
4928,1692385200000,1139878.7
4929,1692388800000,1114220.6
4930,1692392400000,1108290.5
4931,1692396000000,1113505.1
4932,1692399600000,1109510.2
4933,1692403200000,1106897.1
4934,1692406800000,1102120.1
4935,1692410400000,1103901.0
4936,1692414000000,1104670.0
4937,1692417600000,1105365.8
4938,1692421200000,1125181.5
4939,1692424800000,1127186.8
4940,1692428400000,1134364.6
4941,1692432000000,1135449.5
4942,1692435600000,1124090.2
4943,1692439200000,1121853.89999999
4944,1692442800000,1131287.5
4945,1692446400000,1131122.5
4946,1692450000000,1135012.0
4947,1692453600000,1129402.0
4948,1692457200000,1123865.0
4949,1692460800000,1131877.6
4950,1692464400000,1128395.3
4951,1692468000000,1125073.39999999
4952,1692471600000,1122475.0
4953,1692475200000,1126035.2
4954,1692478800000,1126430.7
4955,1692482400000,1123531.8
4956,1692486000000,1121578.39999999
4957,1692489600000,1123670.2
4958,1692493200000,1129353.6
4959,1692496800000,1129131.3
4960,1692500400000,1122746.0
4961,1692504000000,1121077.2
4962,1692507600000,1113994.5
4963,1692511200000,1108887.6
4964,1692514800000,1111676.89999999
4965,1692518400000,1108197.7
4966,1692522000000,1104474.6
4967,1692525600000,1104274.89999999
4968,1692529200000,1103645.89999999
4969,1692532800000,1103460.7
4970,1692536400000,1105905.0
4971,1692540000000,1104347.3
4972,1692543600000,1103161.3
4973,1692547200000,1114270.89999999
4974,1692550800000,1125452.5
4975,1692554400000,1127418.0
4976,1692558000000,1129625.3
4977,1692561600000,1130385.0
4978,1692565200000,1121860.5
4979,1692568800000,1115094.39999999
4980,1692572400000,1123621.0
4981,1692576000000,1122341.89999999
4982,1692579600000,1132983.1
4983,1692583200000,1128340.2
4984,1692586800000,1125289.6
4985,1692590400000,1130639.0
4986,1692594000000,1114348.7
4987,1692597600000,1112905.6
4988,1692601200000,1112777.0
4989,1692604800000,1114229.0
4990,1692608400000,1136232.39999999
4991,1692612000000,1146844.1
4992,1692615600000,1143100.2
4993,1692619200000,1151278.5
4994,1692622800000,1168538.0
4995,1692626400000,1162799.39999999
4996,1692630000000,1172476.7
4997,1692633600000,1186969.1
4998,1692637200000,1193629.2
4999,1692640800000,1198026.8
5000,1692644400000,1188185.2
5001,1692648000000,1191928.6
5002,1692651600000,1196965.3
5003,1692655200000,1218414.2
5004,1692658800000,1230171.5
5005,1692662400000,1235018.6
5006,1692666000000,1242754.5
5007,1692669600000,1250954.5
5008,1692673200000,1257209.0
5009,1692676800000,1240855.39999999
5010,1692680400000,1249174.7
5011,1692684000000,1266146.89999999
5012,1692687600000,1260648.1
5013,1692691200000,1262706.5
5014,1692694800000,1264574.89999999
5015,1692698400000,1263383.89999999
5016,1692702000000,1268978.89999999
5017,1692705600000,1275819.8
5018,1692709200000,1276401.39999999
5019,1692712800000,1292213.3
5020,1692716400000,1299286.3
5021,1692720000000,1366361.3
5022,1692723600000,1331696.89999999
5023,1692727200000,1336080.89999999
5024,1692730800000,1369407.0
5025,1692734400000,1379436.0
5026,1692738000000,1369432.0
5027,1692741600000,1305169.39999999
5028,1692745200000,1323114.3
5029,1692748800000,1302949.39999999
5030,1692752400000,1300461.0
5031,1692756000000,1310933.5
5032,1692759600000,1306721.39999999
5033,1692763200000,1312025.0
5034,1692766800000,1315976.0
5035,1692770400000,1312481.6
5036,1692774000000,1307920.39999999
5037,1692777600000,1311882.0
5038,1692781200000,1337077.0
5039,1692784800000,1337261.8
5040,1692788400000,1355996.0
5041,1692792000000,1352845.8
5042,1692795600000,1373800.1
5043,1692799200000,1356879.1
5044,1692802800000,1336737.1
5045,1692806400000,1352329.3
5046,1692810000000,1309638.6
5047,1692813600000,1322736.39999999
5048,1692817200000,1333185.0
5049,1692820800000,1349680.0
5050,1692824400000,1336421.0
5051,1692828000000,1321996.0
5052,1692831600000,1318671.39999999
5053,1692835200000,1318663.5
5054,1692838800000,1317367.7
5055,1692842400000,1322330.2
5056,1692846000000,1326611.39999999
5057,1692849600000,1324653.3
5058,1692853200000,1337610.3
5059,1692856800000,1331297.1
5060,1692860400000,1331736.2
5061,1692864000000,1331926.89999999
5062,1692867600000,1330641.5
5063,1692871200000,1323355.39999999
5064,1692874800000,1326911.5
5065,1692878400000,1322721.0
5066,1692882000000,1337423.39999999
5067,1692885600000,1352386.5
5068,1692889200000,1342625.7
5069,1692892800000,1383584.2
5070,1692896400000,1355610.6
5071,1692900000000,1356687.2
5072,1692903600000,1356425.8
5073,1692907200000,1342596.2
5074,1692910800000,1336079.89999999
5075,1692914400000,1332929.0
5076,1692918000000,1338645.3
5077,1692921600000,1331137.39999999
5078,1692925200000,1329407.5
5079,1692928800000,1332742.3
5080,1692932400000,1335792.0
5081,1692936000000,1328180.39999999
5082,1692939600000,1322494.2
5083,1692943200000,1339588.7
5084,1692946800000,1323538.39999999
5085,1692950400000,1351780.5
5086,1692954000000,1352015.1
5087,1692957600000,1355798.39999999
5088,1692961200000,1363918.0
5089,1692964800000,1364570.1
5090,1692968400000,1372028.89999999
5091,1692972000000,1507421.5
5092,1692975600000,1483250.4
5093,1692979200000,1450384.5
5094,1692982800000,1438363.2
5095,1692986400000,1441404.4
5096,1692990000000,1432654.5
5097,1692993600000,1431735.0
5098,1692997200000,1424786.8
5099,1693000800000,1415170.9
5100,1693004400000,1403390.6
5101,1693008000000,1395137.0
5102,1693011600000,1398197.89999999
5103,1693015200000,1393852.2
5104,1693018800000,1391498.1
5105,1693022400000,1386840.0
5106,1693026000000,1394163.8
5107,1693029600000,1399012.8
5108,1693033200000,1407989.6
5109,1693036800000,1411933.3
5110,1693040400000,1424014.6
5111,1693044000000,1415259.6
5112,1693047600000,1413214.0
5113,1693051200000,1417623.4
5114,1693054800000,1432287.6
5115,1693058400000,1439836.6
5116,1693062000000,1452290.2
5117,1693065600000,1446787.8
5118,1693069200000,1451994.8
5119,1693072800000,1445564.1
5120,1693076400000,1453698.8
5121,1693080000000,1453536.3
5122,1693083600000,1458528.0
5123,1693087200000,1446182.7
5124,1693090800000,1451732.0
5125,1693094400000,1448916.0
5126,1693098000000,1428433.2
5127,1693101600000,1449404.0
5128,1693105200000,1436913.2
5129,1693108800000,1438824.9
5130,1693112400000,1441008.5
5131,1693116000000,1445514.8
5132,1693119600000,1445016.8
5133,1693123200000,1451718.6
5134,1693126800000,1462532.8
5135,1693130400000,1459230.1
5136,1693134000000,1469499.4
5137,1693137600000,1471988.5
5138,1693141200000,1468966.0
5139,1693144800000,1475626.7
5140,1693148400000,1481548.9
5141,1693152000000,1484673.1
5142,1693155600000,1484111.0
5143,1693159200000,1496608.4
5144,1693162800000,1497021.4
5145,1693166400000,1499897.2
5146,1693170000000,1493377.2
5147,1693173600000,1503962.1
5148,1693177200000,1493751.4
5149,1693180800000,1459053.4
5150,1693184400000,1445501.7
5151,1693188000000,1401619.7
5152,1693191600000,1398081.8
5153,1693195200000,1388642.2
5154,1693198800000,1385585.89999999
5155,1693202400000,1379224.3
5156,1693206000000,1362711.3
5157,1693209600000,1364821.2
5158,1693213200000,1366118.2
5159,1693216800000,1363110.2
5160,1693220400000,1362850.1
5161,1693224000000,1355979.39999999
5162,1693227600000,1331015.3
5163,1693231200000,1336154.1
5164,1693234800000,1360829.0
5165,1693238400000,1566274.4
5166,1693242000000,1505881.1
5167,1693245600000,1531221.9
5168,1693249200000,1553202.3
5169,1693252800000,1545077.2
5170,1693256400000,1537722.4
5171,1693260000000,1427459.7
5172,1693263600000,1415911.3
5173,1693267200000,1416794.9
5174,1693270800000,1415932.1
5175,1693274400000,1427775.2
5176,1693278000000,1554768.2
5177,1693281600000,1572354.5
5178,1693285200000,1555420.3
5179,1693288800000,1563495.5
5180,1693292400000,1543745.3
5181,1693296000000,1543044.5
5182,1693299600000,1551652.8
5183,1693303200000,1557801.8
5184,1693306800000,1553784.3
5185,1693310400000,1590414.1
5186,1693314000000,1570020.0
5187,1693317600000,1573832.4
5188,1693321200000,1550200.3
5189,1693324800000,1541208.8
5190,1693328400000,1515586.1
5191,1693332000000,1490326.1
5192,1693335600000,1475559.2
5193,1693339200000,1471416.3
5194,1693342800000,1471114.5
5195,1693346400000,1471884.0
5196,1693350000000,1474426.8
5197,1693353600000,1485767.7
5198,1693357200000,1475064.0
5199,1693360800000,1451743.2
5200,1693364400000,1450118.8
5201,1693368000000,1444939.2
5202,1693371600000,1431300.9
5203,1693375200000,1454647.7
5204,1693378800000,1447214.8
5205,1693382400000,1442424.8
5206,1693386000000,1448442.8
5207,1693389600000,1457464.7
5208,1693393200000,1455994.8
5209,1693396800000,1457032.0
5210,1693400400000,1452256.4
5211,1693404000000,1462274.6
5212,1693407600000,1480120.6
5213,1693411200000,1490529.1
5214,1693414800000,1491550.8
5215,1693418400000,1502536.9
5216,1693422000000,1505174.9
5217,1693425600000,1515418.1
5218,1693429200000,1538794.6
5219,1693432800000,1544107.2
5220,1693436400000,1533228.9
5221,1693440000000,1517813.0
5222,1693443600000,1523967.7
5223,1693447200000,1515848.1
5224,1693450800000,1510634.1
5225,1693454400000,1508411.0
5226,1693458000000,1520234.7
5227,1693461600000,1519015.8
5228,1693465200000,1531291.4
5229,1693468800000,1535405.4
5230,1693472400000,1530737.8
5231,1693476000000,1536803.9
5232,1693479600000,1529034.0
5233,1693483200000,1534447.3
5234,1693486800000,1534280.3
5235,1693490400000,1518966.9
5236,1693494000000,1515243.7
5237,1693497600000,1400084.0
5238,1693501200000,1386731.89999999
5239,1693504800000,1394583.5
5240,1693508400000,1407715.1
5241,1693512000000,1396497.8
5242,1693515600000,1399825.7
5243,1693519200000,1395221.6
5244,1693522800000,1395828.1
5245,1693526400000,1398213.0
5246,1693530000000,1403638.0
5247,1693533600000,1390226.1
5248,1693537200000,1393332.2
5249,1693540800000,1405118.89999999
5250,1693544400000,1400200.1
5251,1693548000000,1398599.3
5252,1693551600000,1402192.7
5253,1693555200000,1410302.7
5254,1693558800000,1417563.6
5255,1693562400000,1422778.0
5256,1693566000000,1421280.0
5257,1693569600000,1412494.1
5258,1693573200000,1425050.9
5259,1693576800000,1397664.7
5260,1693580400000,1418486.1
5261,1693584000000,1393755.6
5262,1693587600000,1401583.5
5263,1693591200000,1350927.6
5264,1693594800000,1337759.6
5265,1693598400000,1342857.2
5266,1693602000000,1340670.3
5267,1693605600000,1325884.7
5268,1693609200000,1324690.89999999
5269,1693612800000,1311210.0
5270,1693616400000,1310462.39999999
5271,1693620000000,1307307.2
5272,1693623600000,1310514.1
5273,1693627200000,1311293.5
5274,1693630800000,1305048.89999999
5275,1693634400000,1309313.1
5276,1693638000000,1312310.89999999
5277,1693641600000,1318681.7
5278,1693645200000,1312852.7
5279,1693648800000,1308942.2
5280,1693652400000,1310089.2
5281,1693656000000,1314228.5
5282,1693659600000,1326523.39999999
5283,1693663200000,1329473.7
5284,1693666800000,1326084.1
5285,1693670400000,1303951.1
5286,1693674000000,1318553.8
5287,1693677600000,1332830.89999999
5288,1693681200000,1314260.7
5289,1693684800000,1319579.6
5290,1693688400000,1327636.39999999
5291,1693692000000,1325955.0
5292,1693695600000,1335733.1
5293,1693699200000,1334199.2
5294,1693702800000,1329138.6
5295,1693706400000,1327945.89999999
5296,1693710000000,1329105.1
5297,1693713600000,1319781.39999999
5298,1693717200000,1325114.39999999
5299,1693720800000,1326578.0
5300,1693724400000,1324350.8
5301,1693728000000,1316870.0
5302,1693731600000,1316824.6
5303,1693735200000,1320888.39999999
5304,1693738800000,1327275.2
5305,1693742400000,1323842.2
5306,1693746000000,1330545.5
5307,1693749600000,1328072.3
5308,1693753200000,1326219.0
5309,1693756800000,1328498.3
5310,1693760400000,1334779.5
5311,1693764000000,1329824.0
5312,1693767600000,1340184.2
5313,1693771200000,1340182.89999999
5314,1693774800000,1340571.1
5315,1693778400000,1333769.0
5316,1693782000000,1334365.2
5317,1693785600000,1336931.0
5318,1693789200000,1339087.6
5319,1693792800000,1335417.2
5320,1693796400000,1329320.0
5321,1693800000000,1372323.3
5322,1693803600000,1363830.3
5323,1693807200000,1363842.2
5324,1693810800000,1376329.0
5325,1693814400000,1385421.39999999
5326,1693818000000,1385952.5
5327,1693821600000,1346807.2
5328,1693825200000,1346898.6
5329,1693828800000,1340812.2
5330,1693832400000,1343559.2
5331,1693836000000,1347627.5
5332,1693839600000,1348115.8
5333,1693843200000,1356832.6
5334,1693846800000,1354330.89999999
5335,1693850400000,1362062.89999999
5336,1693854000000,1372228.39999999
5337,1693857600000,1369933.6
5338,1693861200000,1379846.1
5339,1693864800000,1377542.89999999
5340,1693868400000,1403695.6
5341,1693872000000,1384093.3
5342,1693875600000,1392345.7
5343,1693879200000,1389152.7
5344,1693882800000,1402021.0
5345,1693886400000,1385858.3
5346,1693890000000,1382020.0
5347,1693893600000,1374680.39999999
5348,1693897200000,1380106.6
5349,1693900800000,1389539.0
5350,1693904400000,1390383.6
5351,1693908000000,1377855.3
5352,1693911600000,1379448.0
5353,1693915200000,1386166.2
5354,1693918800000,1450939.6
5355,1693922400000,1490352.6
5356,1693926000000,1472612.0
5357,1693929600000,1453543.1
5358,1693933200000,1446163.7
5359,1693936800000,1438164.4
5360,1693940400000,1441035.4
5361,1693944000000,1438514.5
5362,1693947600000,1436331.7
5363,1693951200000,1463276.3
5364,1693954800000,1469208.5
5365,1693958400000,1463808.1
5366,1693962000000,1465196.3
5367,1693965600000,1468961.6
5368,1693969200000,1479324.8
5369,1693972800000,1468297.6
5370,1693976400000,1466483.3
5371,1693980000000,1473702.0
5372,1693983600000,1472257.0
5373,1693987200000,1478014.1
5374,1693990800000,1464856.5
5375,1693994400000,1462597.0
5376,1693998000000,1474477.5
5377,1694001600000,1478249.7
5378,1694005200000,1484329.4
5379,1694008800000,1472523.1
5380,1694012400000,1465812.3
5381,1694016000000,1454183.4
5382,1694019600000,1457482.4
5383,1694023200000,1375674.5
5384,1694026800000,1364507.5
5385,1694030400000,1371176.89999999
5386,1694034000000,1354814.5
5387,1694037600000,1333197.39999999
5388,1694041200000,1334405.89999999
5389,1694044800000,1334087.3
5390,1694048400000,1355709.5
5391,1694052000000,1358249.3
5392,1694055600000,1349832.39999999
5393,1694059200000,1345689.39999999
5394,1694062800000,1354597.0
5395,1694066400000,1338830.5
5396,1694070000000,1349436.39999999
5397,1694073600000,1346946.2
5398,1694077200000,1335131.7
5399,1694080800000,1339542.2
5400,1694084400000,1343062.39999999
5401,1694088000000,1332000.39999999
5402,1694091600000,1339302.89999999
5403,1694095200000,1333524.39999999
5404,1694098800000,1333509.89999999
5405,1694102400000,1322838.2
5406,1694106000000,1297472.2
5407,1694109600000,1317236.8
5408,1694113200000,1306855.0
5409,1694116800000,1306767.0
5410,1694120400000,1314767.39999999
5411,1694124000000,1343786.0
5412,1694127600000,1326756.7
5413,1694131200000,1328792.7
5414,1694134800000,1332529.1
5415,1694138400000,1336038.1
5416,1694142000000,1337337.7
5417,1694145600000,1340567.7
5418,1694149200000,1470890.0
5419,1694152800000,1483158.3
5420,1694156400000,1500953.8
5421,1694160000000,1516963.6
5422,1694163600000,1513633.4
5423,1694167200000,1537725.1
5424,1694170800000,1537179.9
5425,1694174400000,1533895.9
5426,1694178000000,1545209.6
5427,1694181600000,1537553.6
5428,1694185200000,1550107.8
5429,1694188800000,1561114.5
5430,1694192400000,1554331.7
5431,1694196000000,1506519.9
5432,1694199600000,1492329.4
5433,1694203200000,1463038.8
5434,1694206800000,1463261.4
5435,1694210400000,1461554.7
5436,1694214000000,1455615.5
5437,1694217600000,1455097.7
5438,1694221200000,1462641.0
5439,1694224800000,1453071.2
5440,1694228400000,1455587.8
5441,1694232000000,1452348.2
5442,1694235600000,1454214.1
5443,1694239200000,1449843.3
5444,1694242800000,1445777.3
5445,1694246400000,1450880.6
5446,1694250000000,1442509.3
5447,1694253600000,1440381.0
5448,1694257200000,1443944.5
5449,1694260800000,1447286.1
5450,1694264400000,1447721.3
5451,1694268000000,1455717.3
5452,1694271600000,1461011.7
5453,1694275200000,1475181.6
5454,1694278800000,1475141.4
5455,1694282400000,1474523.6
5456,1694286000000,1477547.4
5457,1694289600000,1465269.0
5458,1694293200000,1468942.6
5459,1694296800000,1461440.7
5460,1694300400000,1460134.5
5461,1694304000000,1455129.9
5462,1694307600000,1362518.39999999
5463,1694311200000,1330333.3
5464,1694314800000,1336459.7
5465,1694318400000,1337568.1
5466,1694322000000,1302735.1
5467,1694325600000,1305996.0
5468,1694329200000,1266811.6
5469,1694332800000,1254280.2
5470,1694336400000,1250099.39999999
5471,1694340000000,1257147.8
5472,1694343600000,1258840.3
5473,1694347200000,1261395.2
5474,1694350800000,1249788.7
5475,1694354400000,1257885.89999999
5476,1694358000000,1238956.6
5477,1694361600000,1244568.3
5478,1694365200000,1242709.39999999
5479,1694368800000,1249121.39999999
5480,1694372400000,1274410.2
5481,1694376000000,1261315.5
5482,1694379600000,1276011.0
5483,1694383200000,1257886.8
5484,1694386800000,1251947.39999999
5485,1694390400000,1240325.39999999
5486,1694394000000,1247943.5
5487,1694397600000,1249966.1
5488,1694401200000,1248079.1
5489,1694404800000,1244804.89999999
5490,1694408400000,1237011.3
5491,1694412000000,1236256.89999999
5492,1694415600000,1245320.0
5493,1694419200000,1248457.5
5494,1694422800000,1263543.2
5495,1694426400000,1279634.1
5496,1694430000000,1309585.0
5497,1694433600000,1322200.3
5498,1694437200000,1294864.6
5499,1694440800000,1297775.7
5500,1694444400000,1303187.7
5501,1694448000000,1455194.8
5502,1694451600000,1449792.4
5503,1694455200000,1452550.3
5504,1694458800000,1453007.6
5505,1694462400000,1460293.1
5506,1694466000000,1455526.2
5507,1694469600000,1454411.2
5508,1694473200000,1439378.7
5509,1694476800000,1442087.2
5510,1694480400000,1432508.8
5511,1694484000000,1445368.7
5512,1694487600000,1446388.7
5513,1694491200000,1394309.0
5514,1694494800000,1394451.3
5515,1694498400000,1412722.0
5516,1694502000000,1408471.1
5517,1694505600000,1412909.8
5518,1694509200000,1414387.0
5519,1694512800000,1409310.5
5520,1694516400000,1431303.5
5521,1694520000000,1429984.7
5522,1694523600000,1416722.6
5523,1694527200000,1452697.7
5524,1694530800000,1435189.2
5525,1694534400000,1443986.6
5526,1694538000000,1430916.2
5527,1694541600000,1407249.89999999
5528,1694545200000,1406838.5
5529,1694548800000,1404622.0
5530,1694552400000,1411818.2
5531,1694556000000,1406365.3
5532,1694559600000,1414717.1
5533,1694563200000,1393334.1
5534,1694566800000,1371858.89999999
5535,1694570400000,1372557.8
5536,1694574000000,1370937.89999999
5537,1694577600000,1375127.6
5538,1694581200000,1378680.2
5539,1694584800000,1398204.2
5540,1694588400000,1384531.89999999
5541,1694592000000,1430892.8
5542,1694595600000,1414852.4
5543,1694599200000,1393616.89999999
5544,1694602800000,1372328.7
5545,1694606400000,1361745.2
5546,1694610000000,1384734.89999999
5547,1694613600000,1387708.1
5548,1694617200000,1392862.1
5549,1694620800000,1390414.8
5550,1694624400000,1390220.89999999
5551,1694628000000,1378268.2
5552,1694631600000,1371151.3
5553,1694635200000,1369508.7
5554,1694638800000,1367345.1
5555,1694642400000,1352806.8
5556,1694646000000,1367097.6
5557,1694649600000,1362200.8
5558,1694653200000,1402033.7
5559,1694656800000,1358028.6
5560,1694660400000,1354654.89999999
5561,1694664000000,1363107.5
5562,1694667600000,1358596.7
5563,1694671200000,1353064.5
5564,1694674800000,1352393.89999999
5565,1694678400000,1352627.0
5566,1694682000000,1369712.7
5567,1694685600000,1365349.7
5568,1694689200000,1366192.2
5569,1694692800000,1366712.39999999
5570,1694696400000,1391499.1
5571,1694700000000,1386010.3
5572,1694703600000,1396932.8
5573,1694707200000,1403059.1
5574,1694710800000,1398451.7
5575,1694714400000,1404389.0
5576,1694718000000,1414500.8
5577,1694721600000,1408612.4
5578,1694725200000,1400362.1
5579,1694728800000,1394536.5
5580,1694732400000,1396451.8
5581,1694736000000,1395358.6
5582,1694739600000,1398036.2
5583,1694743200000,1394509.5
5584,1694746800000,1406658.89999999
5585,1694750400000,1404259.6
5586,1694754000000,1409109.0
5587,1694757600000,1422493.4
5588,1694761200000,1420199.6
5589,1694764800000,1429278.2
5590,1694768400000,1427629.4
5591,1694772000000,1424447.8
5592,1694775600000,1429599.6
5593,1694779200000,1408672.7
5594,1694782800000,1447765.9
5595,1694786400000,1475117.2
5596,1694790000000,1446692.2
5597,1694793600000,1465831.3
5598,1694797200000,1390736.89999999
5599,1694800800000,1373514.6
5600,1694804400000,1424182.4
5601,1694808000000,1423229.2
5602,1694811600000,1450882.9
5603,1694815200000,1441083.9
5604,1694818800000,1350294.2
5605,1694822400000,1346037.39999999
5606,1694826000000,1347537.7
5607,1694829600000,1356783.6
5608,1694833200000,1337118.8
5609,1694836800000,1435525.7
5610,1694840400000,1435849.1
5611,1694844000000,1425729.5
5612,1694847600000,1430199.8
5613,1694851200000,1433649.0
5614,1694854800000,1411467.1
5615,1694858400000,1412495.8
5616,1694862000000,1411205.6
5617,1694865600000,1420267.6
5618,1694869200000,1428489.5
5619,1694872800000,1433360.4
5620,1694876400000,1418642.1
5621,1694880000000,1411563.1
5622,1694883600000,1414082.3
5623,1694887200000,1410434.6
5624,1694890800000,1434410.4
5625,1694894400000,1442386.2
5626,1694898000000,1447852.8
5627,1694901600000,1435558.3
5628,1694905200000,1435697.8
5629,1694908800000,1432535.4
5630,1694912400000,1415315.8
5631,1694916000000,1414812.4
5632,1694919600000,1427441.9
5633,1694923200000,1456119.4
5634,1694926800000,1454011.8
5635,1694930400000,1461452.0
5636,1694934000000,1483043.1
5637,1694937600000,1481428.9
5638,1694941200000,1497620.7
5639,1694944800000,1514419.1
5640,1694948400000,1496366.5
5641,1694952000000,1501278.8
5642,1694955600000,1498572.8
5643,1694959200000,1525478.9
5644,1694962800000,1533869.6
5645,1694966400000,1537542.4
5646,1694970000000,1505563.3
5647,1694973600000,1517386.7
5648,1694977200000,1542467.4
5649,1694980800000,1565270.9
5650,1694984400000,1512465.9
5651,1694988000000,1421551.7
5652,1694991600000,1397068.6
5653,1694995200000,1395820.6
5654,1694998800000,1399598.0
5655,1695002400000,1390120.7
5656,1695006000000,1398828.5
5657,1695009600000,1371000.1
5658,1695013200000,1367498.5
5659,1695016800000,1361803.0
5660,1695020400000,1378614.1
5661,1695024000000,1511638.3
5662,1695027600000,1532760.3
5663,1695031200000,1534767.2
5664,1695034800000,1513826.5
5665,1695038400000,1529428.1
5666,1695042000000,1545638.3
5667,1695045600000,1504431.1
5668,1695049200000,1544839.4
5669,1695052800000,1535826.0
5670,1695056400000,1552124.4
5671,1695060000000,1522076.2
5672,1695063600000,1543532.5
5673,1695067200000,1549935.9
5674,1695070800000,1543973.2
5675,1695074400000,1562942.8
5676,1695078000000,1556416.9
5677,1695081600000,1585186.1
5678,1695085200000,1591616.6
5679,1695088800000,1586681.1
5680,1695092400000,1578252.9
5681,1695096000000,1562030.6
5682,1695099600000,1569588.6
5683,1695103200000,1576190.0
5684,1695106800000,1531999.0
5685,1695110400000,1540235.0
5686,1695114000000,1599691.4
5687,1695117600000,1610007.4
5688,1695121200000,1599646.5
5689,1695124800000,1591102.1
5690,1695128400000,1581626.0
5691,1695132000000,1594376.2
5692,1695135600000,1615112.8
5693,1695139200000,1613988.1
5694,1695142800000,1635915.6
5695,1695146400000,1652232.2
5696,1695150000000,1632280.1
5697,1695153600000,1647444.9
5698,1695157200000,1629426.7
5699,1695160800000,1631562.1
5700,1695164400000,1624847.8
5701,1695168000000,1626769.4
5702,1695171600000,1615195.7
5703,1695175200000,1617943.4
5704,1695178800000,1618705.9
5705,1695182400000,1636500.9
5706,1695186000000,1641626.9
5707,1695189600000,1651016.4
5708,1695193200000,1654468.6
5709,1695196800000,1660008.0
5710,1695200400000,1692979.7
5711,1695204000000,1701316.3
5712,1695207600000,1702065.6
5713,1695211200000,1702589.7
5714,1695214800000,1715518.2
5715,1695218400000,1750156.1
5716,1695222000000,1722126.7
5717,1695225600000,1717906.5
5718,1695229200000,1723009.4
5719,1695232800000,1748701.9
5720,1695236400000,1803959.3
5721,1695240000000,1833429.5
5722,1695243600000,1815167.7
5723,1695247200000,1776053.6
5724,1695250800000,1804107.3
5725,1695254400000,1797130.2
5726,1695258000000,1798033.5
5727,1695261600000,1797436.2
5728,1695265200000,1805642.6
5729,1695268800000,1820904.2
5730,1695272400000,1810126.4
5731,1695276000000,1807249.0
5732,1695279600000,1795601.2
5733,1695283200000,1846119.1
5734,1695286800000,1803363.0
5735,1695290400000,1803098.9
5736,1695294000000,1777289.9
5737,1695297600000,1786171.6
5738,1695301200000,1806936.5
5739,1695304800000,1861318.0
5740,1695308400000,1866297.0
5741,1695312000000,1879655.5
5742,1695315600000,1875969.7
5743,1695319200000,1872992.8
5744,1695322800000,1866899.2
5745,1695326400000,1834725.8
5746,1695330000000,1829367.6
5747,1695333600000,1824659.6
5748,1695337200000,1842349.1
5749,1695340800000,1841425.8
5750,1695344400000,1834560.6
5751,1695348000000,1820782.1
5752,1695351600000,1821345.5
5753,1695355200000,1897841.4
5754,1695358800000,1905888.6
5755,1695362400000,1891892.3
5756,1695366000000,1895343.1
5757,1695369600000,1946273.8
5758,1695373200000,1913986.9
5759,1695376800000,1909486.3
5760,1695380400000,1926773.0
5761,1695384000000,1945242.3
5762,1695387600000,1918034.4
5763,1695391200000,1941765.7
5764,1695394800000,1971197.2
5765,1695398400000,1954382.5
5766,1695402000000,1950840.2
5767,1695405600000,1931429.4
5768,1695409200000,1926643.3
5769,1695412800000,1925464.1
5770,1695416400000,1920884.8
5771,1695420000000,1899570.7
5772,1695423600000,1907361.0
5773,1695427200000,1910407.3
5774,1695430800000,1906775.8
5775,1695434400000,1931409.3
5776,1695438000000,1939473.1
5777,1695441600000,1919618.3
5778,1695445200000,1929941.1
5779,1695448800000,1929794.3
5780,1695452400000,1931299.8
5781,1695456000000,1930788.6
5782,1695459600000,1972882.2
5783,1695463200000,1966881.6
5784,1695466800000,1961476.6
5785,1695470400000,1974310.2
5786,1695474000000,1986932.8
5787,1695477600000,1974371.9
5788,1695481200000,1973178.6
5789,1695484800000,1953219.5
5790,1695488400000,1968072.8
5791,1695492000000,1965925.0
5792,1695495600000,1956701.5
5793,1695499200000,1948347.2
5794,1695502800000,1936939.6
5795,1695506400000,1940426.4
5796,1695510000000,1947713.1
5797,1695513600000,1944623.1
5798,1695517200000,1946318.9
5799,1695520800000,1943876.3
5800,1695524400000,1946247.8
5801,1695528000000,1947269.7
5802,1695531600000,1943134.3
5803,1695535200000,1920703.4
5804,1695538800000,1923391.1
5805,1695542400000,1926735.3
5806,1695546000000,1931390.1
5807,1695549600000,1928202.1
5808,1695553200000,1937319.8
5809,1695556800000,1933924.2
5810,1695560400000,1948927.9
5811,1695564000000,1962446.1
5812,1695567600000,1943736.9
5813,1695571200000,1942839.1
5814,1695574800000,1930788.4
5815,1695578400000,1941645.0
5816,1695582000000,1949100.6
5817,1695585600000,1931947.8
5818,1695589200000,1930118.9
5819,1695592800000,1926358.1
5820,1695596400000,1929493.7
5821,1695600000000,1916275.9
5822,1695603600000,1923274.2
5823,1695607200000,1943782.5
5824,1695610800000,1951837.3
5825,1695614400000,1949408.7
5826,1695618000000,1975250.7
5827,1695621600000,1973787.2
5828,1695625200000,1938221.0
5829,1695628800000,1942051.4
5830,1695632400000,1953029.4
5831,1695636000000,1958541.6
5832,1695639600000,1958938.4
5833,1695643200000,1962462.5
5834,1695646800000,1950145.9
5835,1695650400000,1936165.0
5836,1695654000000,1984066.8
5837,1695657600000,1965562.1
5838,1695661200000,2022050.6
5839,1695664800000,2032756.3
5840,1695668400000,2041760.5
5841,1695672000000,2028633.8
5842,1695675600000,2027676.8
5843,1695679200000,2020480.5
5844,1695682800000,2028808.4
5845,1695686400000,2077882.0
5846,1695690000000,2065992.9
5847,1695693600000,2101963.0
5848,1695697200000,2081907.4
5849,1695700800000,2050168.1
5850,1695704400000,2028778.2
5851,1695708000000,2031547.1
5852,1695711600000,2028552.3
5853,1695715200000,2025346.3
5854,1695718800000,2028519.2
5855,1695722400000,2036880.5
5856,1695726000000,2052916.6
5857,1695729600000,2061347.4
5858,1695733200000,2076195.0
5859,1695736800000,2074300.6
5860,1695740400000,2078590.1
5861,1695744000000,2067942.2
5862,1695747600000,2082357.4
5863,1695751200000,2082032.2
5864,1695754800000,2073083.4
5865,1695758400000,2066375.0
5866,1695762000000,2030545.1
5867,1695765600000,2048225.9
5868,1695769200000,2028510.4
5869,1695772800000,2044105.0
5870,1695776400000,2037496.6
5871,1695780000000,2048192.3
5872,1695783600000,2041607.9
5873,1695787200000,2052908.5
5874,1695790800000,2052477.2
5875,1695794400000,2059959.1
5876,1695798000000,2060993.3
5877,1695801600000,2061685.3
5878,1695805200000,2031656.4
5879,1695808800000,2043530.2
5880,1695812400000,2068243.4
5881,1695816000000,2048670.8
5882,1695819600000,2007523.8
5883,1695823200000,1997046.8
5884,1695826800000,1981970.2
5885,1695830400000,1989387.2
5886,1695834000000,1992920.0
5887,1695837600000,1971161.1
5888,1695841200000,1957706.5
5889,1695844800000,1978813.3
5890,1695848400000,1974900.5
5891,1695852000000,1964935.2
5892,1695855600000,1964881.4
5893,1695859200000,1965039.0
5894,1695862800000,1961486.1
5895,1695866400000,1949676.8
5896,1695870000000,1960450.2
5897,1695873600000,1963879.2
5898,1695877200000,1976087.1
5899,1695880800000,1944882.9
5900,1695884400000,1942644.0
5901,1695888000000,1945423.3
5902,1695891600000,1943571.4
5903,1695895200000,1949517.5
5904,1695898800000,1967756.8
5905,1695902400000,1958273.7
5906,1695906000000,1984846.2
5907,1695909600000,1993365.9
5908,1695913200000,1985535.8
5909,1695916800000,1971563.8
5910,1695920400000,1933747.5
5911,1695924000000,1945576.9
5912,1695927600000,1935500.8
5913,1695931200000,1920452.6
5914,1695934800000,1918034.6
5915,1695938400000,1884338.3
5916,1695942000000,1884392.2
5917,1695945600000,1906396.6
5918,1695949200000,1901869.7
5919,1695952800000,1894591.2
5920,1695956400000,1911567.4
5921,1695960000000,1920014.3
5922,1695963600000,1910013.7
5923,1695967200000,1908070.8
5924,1695970800000,1907056.8
5925,1695974400000,1893171.6
5926,1695978000000,1886651.5
5927,1695981600000,1883442.8
5928,1695985200000,1865725.2
5929,1695988800000,1860155.2
5930,1695992400000,1841685.4
5931,1695996000000,1841908.2
5932,1695999600000,2011193.0
5933,1696003200000,2005883.3
5934,1696006800000,2016500.6
5935,1696010400000,2010667.2
5936,1696014000000,2025775.1
5937,1696017600000,2025522.0
5938,1696021200000,2015680.7
5939,1696024800000,2006727.6
5940,1696028400000,2013748.6
5941,1696032000000,2020296.0
5942,1696035600000,2019997.3
5943,1696039200000,2013568.1
5944,1696042800000,2007094.5
5945,1696046400000,2004176.8
5946,1696050000000,2027103.9
5947,1696053600000,2024388.5
5948,1696057200000,2002533.8
5949,1696060800000,1994701.2
5950,1696064400000,1997104.3
5951,1696068000000,2002487.1
5952,1696071600000,2010614.7
5953,1696075200000,2014361.3
5954,1696078800000,2017534.4
5955,1696082400000,2015711.3
5956,1696086000000,2037475.1
5957,1696089600000,2041623.5
5958,1696093200000,2041392.7
5959,1696096800000,2025026.3
5960,1696100400000,2026401.5
5961,1696104000000,2058242.2
5962,1696107600000,2034729.9
5963,1696111200000,2011250.9
5964,1696114800000,2023535.2
5965,1696118400000,2014925.3
5966,1696122000000,2008607.1
5967,1696125600000,2034180.2
5968,1696129200000,2035033.3
5969,1696132800000,2028354.2
5970,1696136400000,2010214.0
5971,1696140000000,2015386.4
5972,1696143600000,2054247.5
5973,1696147200000,2055850.0
5974,1696150800000,2070031.5
5975,1696154400000,2033350.0
5976,1696158000000,2092988.4
5977,1696161600000,2112356.7
5978,1696165200000,2106560.1
5979,1696168800000,2113300.2
5980,1696172400000,2114565.2
5981,1696176000000,2100541.1
5982,1696179600000,2080866.9
5983,1696183200000,2059944.0
5984,1696186800000,2052118.4
5985,1696190400000,2039480.5
5986,1696194000000,2047219.1
5987,1696197600000,2054267.6
5988,1696201200000,2030452.8
5989,1696204800000,2012531.0
5990,1696208400000,2001810.1
5991,1696212000000,1998226.0
5992,1696215600000,2011319.1
5993,1696219200000,2004028.0
5994,1696222800000,2012412.9
5995,1696226400000,1993461.9
5996,1696230000000,2018475.4
5997,1696233600000,2011916.2
5998,1696237200000,1988920.4
5999,1696240800000,1971883.0
6000,1696244400000,2014684.2
6001,1696248000000,1962846.6
6002,1696251600000,1967273.2
6003,1696255200000,1938352.7
6004,1696258800000,1935681.5
6005,1696262400000,1894633.0
6006,1696266000000,1897878.3
6007,1696269600000,1898324.2
6008,1696273200000,1877186.7
6009,1696276800000,1888761.6
6010,1696280400000,1872535.9
6011,1696284000000,1865155.5
6012,1696287600000,1861952.7
6013,1696291200000,1870187.9
6014,1696294800000,1888122.2
6015,1696298400000,1878797.1
6016,1696302000000,1885931.9
6017,1696305600000,1890789.9
6018,1696309200000,1886237.7
6019,1696312800000,1871219.0
6020,1696316400000,1896834.2
6021,1696320000000,1898177.3
6022,1696323600000,1920283.6
6023,1696327200000,1921701.8
6024,1696330800000,1873007.9
6025,1696334400000,1902309.1
6026,1696338000000,1907554.4
6027,1696341600000,1897615.8
6028,1696345200000,1891763.3
6029,1696348800000,1869559.0
6030,1696352400000,1863675.7
6031,1696356000000,1860645.4
6032,1696359600000,1854427.4
6033,1696363200000,1848300.0
6034,1696366800000,1850087.7
6035,1696370400000,1941944.0
6036,1696374000000,1977952.1
6037,1696377600000,2007506.1
6038,1696381200000,1925772.7
6039,1696384800000,1921982.5
6040,1696388400000,1914974.6
6041,1696392000000,1906167.3
6042,1696395600000,1910036.9
6043,1696399200000,1945641.8
6044,1696402800000,1997971.6
6045,1696406400000,2001459.1
6046,1696410000000,2137153.2
6047,1696413600000,2158742.4
6048,1696417200000,2214905.1
6049,1696420800000,2274288.1
6050,1696424400000,2283927.5
6051,1696428000000,2234258.6
6052,1696431600000,2221461.4
6053,1696435200000,2403343.4
6054,1696438800000,2472893.6
6055,1696442400000,2487761.29999999
6056,1696446000000,2853489.1
6057,1696449600000,2805836.2
6058,1696453200000,2796418.6
6059,1696456800000,2770761.4
6060,1696460400000,2751790.79999999
6061,1696464000000,2787375.2
6062,1696467600000,2880143.4
6063,1696471200000,2940315.4
6064,1696474800000,2929333.4
6065,1696478400000,2939054.6
6066,1696482000000,2900369.3
6067,1696485600000,2897772.2
6068,1696489200000,2903184.4
6069,1696492800000,2927496.6
6070,1696496400000,2896434.8
6071,1696500000000,2956071.6
6072,1696503600000,3006455.7
6073,1696507200000,3029877.5
6074,1696510800000,2969260.7
6075,1696514400000,3017559.3
6076,1696518000000,2943146.5
6077,1696521600000,2911046.6
6078,1696525200000,2842868.0
6079,1696528800000,2708595.29999999
6080,1696532400000,2767216.2
6081,1696536000000,2762688.29999999
6082,1696539600000,2761266.79999999
6083,1696543200000,2749135.2
6084,1696546800000,2813336.2
6085,1696550400000,2816526.6
6086,1696554000000,2811277.9
6087,1696557600000,2847638.8
6088,1696561200000,2852282.7
6089,1696564800000,2870703.3
6090,1696568400000,2882804.6
6091,1696572000000,2893687.2
6092,1696575600000,2947880.4
6093,1696579200000,2985701.6
6094,1696582800000,3010199.1
6095,1696586400000,2993459.4
6096,1696590000000,2999136.2
6097,1696593600000,3003568.2
6098,1696597200000,3154675.6
6099,1696600800000,3308005.4
6100,1696604400000,3183076.8
6101,1696608000000,3229148.1
6102,1696611600000,3234271.7
6103,1696615200000,3250325.6
6104,1696618800000,3250982.0
6105,1696622400000,3240567.6
6106,1696626000000,3182008.2
6107,1696629600000,3174516.5
6108,1696633200000,3160262.6
6109,1696636800000,3131079.9
6110,1696640400000,3134597.0
6111,1696644000000,3170148.9
6112,1696647600000,3228362.3
6113,1696651200000,3194264.6
6114,1696654800000,3247711.7
6115,1696658400000,3288865.8
6116,1696662000000,3503186.4
6117,1696665600000,3432662.4
6118,1696669200000,3459266.0
6119,1696672800000,3292902.4
6120,1696676400000,3255540.4
6121,1696680000000,3398193.8
6122,1696683600000,3138519.9
6123,1696687200000,3057770.5
6124,1696690800000,3054750.0
6125,1696694400000,3039005.0
6126,1696698000000,3100218.1
6127,1696701600000,3138042.8
6128,1696705200000,3134600.0
6129,1696708800000,3139037.6
6130,1696712400000,3054384.2
6131,1696716000000,3026123.9
6132,1696719600000,3047350.8
6133,1696723200000,3030016.0
6134,1696726800000,2932510.0
6135,1696730400000,2937360.9
6136,1696734000000,2896453.5
6137,1696737600000,2934977.4
6138,1696741200000,2958839.0
6139,1696744800000,2947547.8
6140,1696748400000,2849671.9
6141,1696752000000,2852677.7
6142,1696755600000,2888095.6
6143,1696759200000,2854337.0
6144,1696762800000,2898012.9
6145,1696766400000,2937783.0
6146,1696770000000,2954315.7
6147,1696773600000,2900364.7
6148,1696777200000,2953809.4
6149,1696780800000,3020984.1
6150,1696784400000,3043664.6
6151,1696788000000,3050612.2
6152,1696791600000,3022985.5
6153,1696795200000,3008104.9
6154,1696798800000,2975962.8
6155,1696802400000,2955076.7
6156,1696806000000,2970627.4
6157,1696809600000,3018647.1
6158,1696813200000,2978200.2
6159,1696816800000,2974932.3
6160,1696820400000,2987169.4
6161,1696824000000,2998097.1
6162,1696827600000,3023757.0
6163,1696831200000,3030104.6
6164,1696834800000,3036138.5
6165,1696838400000,3037943.7
6166,1696842000000,3000830.1
6167,1696845600000,2874526.4
6168,1696849200000,2915206.4
6169,1696852800000,2873919.6
6170,1696856400000,2912225.4
6171,1696860000000,2947010.6
6172,1696863600000,2929695.3
6173,1696867200000,2906585.0
6174,1696870800000,2689090.9
6175,1696874400000,2605642.4
6176,1696878000000,2631372.0
6177,1696881600000,2649962.0
6178,1696885200000,2672272.4
6179,1696888800000,2654134.6
6180,1696892400000,2616656.7
6181,1696896000000,2622025.29999999
6182,1696899600000,2660070.1
6183,1696903200000,2664576.4
6184,1696906800000,2648158.1
6185,1696910400000,2613057.2
6186,1696914000000,2620970.29999999
6187,1696917600000,2566006.1
6188,1696921200000,2563639.29999999
6189,1696924800000,2530516.2
6190,1696928400000,2516438.29999999
6191,1696932000000,2557522.29999999
6192,1696935600000,2577652.5
6193,1696939200000,2575888.0
6194,1696942800000,2600600.9
6195,1696946400000,2598048.29999999
6196,1696950000000,2573433.1
6197,1696953600000,2554223.6
6198,1696957200000,2511622.79999999
6199,1696960800000,2477575.9
6200,1696964400000,2488596.9
6201,1696968000000,2487703.5
6202,1696971600000,2497075.79999999
6203,1696975200000,2491936.9
6204,1696978800000,2509029.29999999
6205,1696982400000,2489061.29999999
6206,1696986000000,2515800.5
6207,1696989600000,2492745.0
6208,1696993200000,2460991.4
6209,1696996800000,2407475.9
6210,1697000400000,2418098.9
6211,1697004000000,2397190.5
6212,1697007600000,2431292.5
6213,1697011200000,2463829.5
6214,1697014800000,2435326.2
6215,1697018400000,2414090.29999999
6216,1697022000000,2410588.6
6217,1697025600000,2404888.29999999
6218,1697029200000,2404644.1
6219,1697032800000,2486366.79999999
6220,1697036400000,2413459.1
6221,1697040000000,2360905.4
6222,1697043600000,2370050.9
6223,1697047200000,2382472.7
6224,1697050800000,2384080.2
6225,1697054400000,2467475.79999999
6226,1697058000000,2340823.0
6227,1697061600000,2331937.29999999
6228,1697065200000,2333819.79999999
6229,1697068800000,2329208.5
6230,1697072400000,2321214.4
6231,1697076000000,2300589.5
6232,1697079600000,2267538.2
6233,1697083200000,2297205.2
6234,1697086800000,2294345.79999999
6235,1697090400000,2308957.2
6236,1697094000000,2376948.29999999
6237,1697097600000,2372841.9
6238,1697101200000,2371674.7
6239,1697104800000,2352185.79999999
6240,1697108400000,2460256.29999999
6241,1697112000000,2499436.2
6242,1697115600000,2518339.9
6243,1697119200000,2554570.79999999
6244,1697122800000,2605190.9
6245,1697126400000,2633314.4
6246,1697130000000,2503922.5
6247,1697133600000,2508530.6
6248,1697137200000,2431137.4
6249,1697140800000,2397483.79999999
6250,1697144400000,2391657.1
6251,1697148000000,2316755.7
6252,1697151600000,2313283.2
6253,1697155200000,2346554.79999999
6254,1697158800000,2355905.0
6255,1697162400000,2281626.0
6256,1697166000000,2296165.29999999
6257,1697169600000,2285328.6
6258,1697173200000,2301643.7
6259,1697176800000,2319776.6
6260,1697180400000,2331102.2
6261,1697184000000,2318431.1
6262,1697187600000,2320504.4
6263,1697191200000,2370869.1
6264,1697194800000,2389538.6
6265,1697198400000,2409845.6
6266,1697202000000,2397310.1
6267,1697205600000,2410782.2
6268,1697209200000,2388915.5
6269,1697212800000,2448913.1
6270,1697216400000,2475788.5
6271,1697220000000,2464368.9
6272,1697223600000,2437146.7
6273,1697227200000,2416158.6
6274,1697230800000,2371992.4
6275,1697234400000,2292646.1
6276,1697238000000,2282006.4
6277,1697241600000,2284646.1
6278,1697245200000,2312433.1
6279,1697248800000,2296328.1
6280,1697252400000,2299529.1
6281,1697256000000,2299114.9
6282,1697259600000,2252755.6
6283,1697263200000,2300305.6
6284,1697266800000,2296577.9
6285,1697270400000,2295789.29999999
6286,1697274000000,2307556.5
6287,1697277600000,2301894.7
6288,1697281200000,2298989.0
6289,1697284800000,2309134.0
6290,1697288400000,2310488.2
6291,1697292000000,2315302.5
6292,1697295600000,2324037.1
6293,1697299200000,2342881.9
6294,1697302800000,2339186.79999999
6295,1697306400000,2384571.9
6296,1697310000000,2380427.7
6297,1697313600000,2372422.4
6298,1697317200000,2379304.9
6299,1697320800000,2364613.0
6300,1697324400000,2277461.2
6301,1697328000000,2282433.29999999
6302,1697331600000,2293333.9
6303,1697335200000,2282456.79999999
6304,1697338800000,2270559.0
6305,1697342400000,2266483.1
6306,1697346000000,2282045.7
6307,1697349600000,2288520.1
6308,1697353200000,2291846.5
6309,1697356800000,2291936.5
6310,1697360400000,2298336.4
6311,1697364000000,2285154.79999999
6312,1697367600000,2285237.79999999
6313,1697371200000,2310145.6
6314,1697374800000,2289250.9
6315,1697378400000,2278332.2
6316,1697382000000,2264374.79999999
6317,1697385600000,2271380.79999999
6318,1697389200000,2291863.0
6319,1697392800000,2264088.5
6320,1697396400000,2274729.7
6321,1697400000000,2271288.7
6322,1697403600000,2243949.29999999
6323,1697407200000,2242626.4
6324,1697410800000,2299889.9
6325,1697414400000,2310675.29999999
6326,1697418000000,2331603.79999999
6327,1697421600000,2306845.29999999
6328,1697425200000,2293880.7
6329,1697428800000,2316593.79999999
6330,1697432400000,2381189.6
6331,1697436000000,2314068.4
6332,1697439600000,2267487.5
6333,1697443200000,2274760.5
6334,1697446800000,2302388.0
6335,1697450400000,2288700.2
6336,1697454000000,2302605.1
6337,1697457600000,2290668.7
6338,1697461200000,2310182.4
6339,1697464800000,2070357.3
6340,1697468400000,2065260.1
6341,1697472000000,2033935.1
6342,1697475600000,2045917.2
6343,1697479200000,2007629.3
6344,1697482800000,2022543.8
6345,1697486400000,2016538.1
6346,1697490000000,2061209.5
6347,1697493600000,2063038.7
6348,1697497200000,2072126.1
6349,1697500800000,2078761.9
6350,1697504400000,2073057.5
6351,1697508000000,2085883.1
6352,1697511600000,2078647.9
6353,1697515200000,2073925.7
6354,1697518800000,2174560.7
6355,1697522400000,2174480.6
6356,1697526000000,2170538.7
6357,1697529600000,2171092.5
6358,1697533200000,2191724.6
6359,1697536800000,2207190.29999999
6360,1697540400000,2235538.2
6361,1697544000000,2222691.5
6362,1697547600000,2181343.1
6363,1697551200000,2125790.9
6364,1697554800000,2174782.1
6365,1697558400000,2188367.2
6366,1697562000000,2187192.1
6367,1697565600000,2189494.6
6368,1697569200000,2195318.79999999
6369,1697572800000,2227473.9
6370,1697576400000,2197427.79999999
6371,1697580000000,2209493.7
6372,1697583600000,2221097.79999999
6373,1697587200000,2222397.4
6374,1697590800000,2221623.4
6375,1697594400000,2211593.5
6376,1697598000000,2295413.6
6377,1697601600000,2373479.9
6378,1697605200000,2273819.29999999
6379,1697608800000,2290601.4
6380,1697612400000,2294876.79999999
6381,1697616000000,2307518.2
6382,1697619600000,2329405.4
6383,1697623200000,2328524.9
6384,1697626800000,2298765.79999999
6385,1697630400000,2279945.2
6386,1697634000000,2287303.5
6387,1697637600000,2265935.6
6388,1697641200000,2217632.6
6389,1697644800000,2197761.79999999
6390,1697648400000,2199347.5
6391,1697652000000,2141468.0
6392,1697655600000,2162016.0
6393,1697659200000,2132327.7
6394,1697662800000,2132504.1
6395,1697666400000,2095369.7
6396,1697670000000,2098631.0
6397,1697673600000,2105734.1
6398,1697677200000,2116585.2
6399,1697680800000,2127220.6
6400,1697684400000,2113785.4
6401,1697688000000,2130798.2
6402,1697691600000,2130810.0
6403,1697695200000,2181013.9
6404,1697698800000,2186929.29999999
6405,1697702400000,2168113.29999999
6406,1697706000000,2160257.79999999
6407,1697709600000,2156582.4
6408,1697713200000,2182620.29999999
6409,1697716800000,2228911.1
6410,1697720400000,2237677.1
6411,1697724000000,2205937.9
6412,1697727600000,2192186.4
6413,1697731200000,2225693.1
6414,1697734800000,2215204.6
6415,1697738400000,2206115.4
6416,1697742000000,2189868.7
6417,1697745600000,2233500.0
6418,1697749200000,2241425.7
6419,1697752800000,2230030.9
6420,1697756400000,2225420.0
6421,1697760000000,2217669.5
6422,1697763600000,2228224.4
6423,1697767200000,2247270.2
6424,1697770800000,2250190.5
6425,1697774400000,2301270.9
6426,1697778000000,2346418.7
6427,1697781600000,2265069.6
6428,1697785200000,2292094.2
6429,1697788800000,2322718.79999999
6430,1697792400000,2270825.5
6431,1697796000000,2288877.1
6432,1697799600000,2279107.4
6433,1697803200000,2269557.1
6434,1697806800000,2244512.7
6435,1697810400000,2345072.1
6436,1697814000000,2382374.6
6437,1697817600000,2381589.9
6438,1697821200000,2354611.79999999
6439,1697824800000,2348027.79999999
6440,1697828400000,2369722.1
6441,1697832000000,2345823.1
6442,1697835600000,2337078.1
6443,1697839200000,2323597.0
6444,1697842800000,2322886.9
6445,1697846400000,2325872.1
6446,1697850000000,2350375.9
6447,1697853600000,2353367.7
6448,1697857200000,2348716.29999999
6449,1697860800000,2348920.5
6450,1697864400000,2349247.7
6451,1697868000000,2343784.79999999
6452,1697871600000,2503710.7
6453,1697875200000,2399328.1
6454,1697878800000,2314863.7
6455,1697882400000,2329613.1
6456,1697886000000,2330727.79999999
6457,1697889600000,2442435.2
6458,1697893200000,2413112.79999999
6459,1697896800000,2426442.5
6460,1697900400000,2402943.4
6461,1697904000000,2444801.4
6462,1697907600000,2417250.6
6463,1697911200000,2403993.7
6464,1697914800000,2463147.9
6465,1697918400000,2401152.1
6466,1697922000000,2381917.6
6467,1697925600000,2396990.7
6468,1697929200000,2394476.6
6469,1697932800000,2396307.7
6470,1697936400000,2401716.9
6471,1697940000000,2396593.2
6472,1697943600000,2408112.5
6473,1697947200000,2395366.1
6474,1697950800000,2422909.6
6475,1697954400000,2383626.1
6476,1697958000000,2399015.29999999
6477,1697961600000,2369097.2
6478,1697965200000,2312191.7
6479,1697968800000,2332980.9
6480,1697972400000,2336353.7
6481,1697976000000,2371981.6
6482,1697979600000,2349417.79999999
6483,1697983200000,2403769.4
6484,1697986800000,2413205.1
6485,1697990400000,2440527.7
6486,1697994000000,2425318.29999999
6487,1697997600000,2448535.1
6488,1698001200000,2510935.29999999
6489,1698004800000,2485663.1
6490,1698008400000,2517326.1
6491,1698012000000,2516712.1
6492,1698015600000,2500058.5
6493,1698019200000,2451549.29999999
6494,1698022800000,2481925.2
6495,1698026400000,2459332.79999999
6496,1698030000000,2408609.0
6497,1698033600000,2417817.0
6498,1698037200000,2389979.4
6499,1698040800000,2399588.0
6500,1698044400000,2407767.29999999
6501,1698048000000,2359292.79999999
6502,1698051600000,2392550.4
6503,1698055200000,2235617.79999999
6504,1698058800000,2255527.0
6505,1698062400000,2287251.6
6506,1698066000000,2317804.4
6507,1698069600000,2278755.1
6508,1698073200000,2330997.7
6509,1698076800000,2314607.0
6510,1698080400000,2300805.9
6511,1698084000000,2276610.5
6512,1698087600000,2307717.5
6513,1698091200000,2283482.1
6514,1698094800000,2256168.5
6515,1698098400000,2249163.2
6516,1698102000000,2282023.0
6517,1698105600000,2240081.2
6518,1698109200000,2203151.79999999
6519,1698112800000,2199336.7
6520,1698116400000,2305483.5
6521,1698120000000,2195496.4
6522,1698123600000,2206536.6
6523,1698127200000,2230158.79999999
6524,1698130800000,2240099.9
6525,1698134400000,2270608.5
6526,1698138000000,2311470.4
6527,1698141600000,2318386.1
6528,1698145200000,2291079.5
6529,1698148800000,2285814.2
6530,1698152400000,2323169.2
6531,1698156000000,2291517.29999999
6532,1698159600000,2260317.7
6533,1698163200000,2218513.5
6534,1698166800000,2193911.9
6535,1698170400000,2179491.1
6536,1698174000000,2181351.79999999
6537,1698177600000,2203860.7
6538,1698181200000,2182184.4
6539,1698184800000,2195261.7
6540,1698188400000,2201333.1
6541,1698192000000,2179586.5
6542,1698195600000,2196675.4
6543,1698199200000,2175354.79999999
6544,1698202800000,2168109.79999999
6545,1698206400000,2174214.7
6546,1698210000000,2207602.9
6547,1698213600000,2175286.29999999
6548,1698217200000,2260138.5
6549,1698220800000,2204262.2
6550,1698224400000,2242584.4
6551,1698228000000,2233846.2
6552,1698231600000,2253001.2
6553,1698235200000,2273736.2
6554,1698238800000,2260624.9
6555,1698242400000,2283984.29999999
6556,1698246000000,2243789.0
6557,1698249600000,2228367.1
6558,1698253200000,2205237.79999999
6559,1698256800000,2171960.0
6560,1698260400000,2162749.29999999
6561,1698264000000,2247803.0
6562,1698267600000,2319677.6
6563,1698271200000,2199750.2
6564,1698274800000,2168173.4
6565,1698278400000,2145831.6
6566,1698282000000,2172636.9
6567,1698285600000,2181910.79999999
6568,1698289200000,2344230.0
6569,1698292800000,2418285.0
6570,1698296400000,2678511.2
6571,1698300000000,2603186.5
6572,1698303600000,2649252.79999999
6573,1698307200000,2606109.7
6574,1698310800000,2673298.2
6575,1698314400000,2732946.4
6576,1698318000000,2713056.29999999
6577,1698321600000,2630874.9
6578,1698325200000,2688468.5
6579,1698328800000,2630228.0
6580,1698332400000,2454818.9
6581,1698336000000,2470293.1
6582,1698339600000,2479650.79999999
6583,1698343200000,2475085.4
6584,1698346800000,2462166.6
6585,1698350400000,2470069.29999999
6586,1698354000000,2451557.4
6587,1698357600000,2388901.29999999
6588,1698361200000,2438156.0
6589,1698364800000,2400889.9
6590,1698368400000,2348376.4
6591,1698372000000,2299101.9
6592,1698375600000,2258748.2
6593,1698379200000,2274137.9
6594,1698382800000,2280538.2
6595,1698386400000,2138815.1
6596,1698390000000,2129924.1
6597,1698393600000,2118044.79999999
6598,1698397200000,2130219.2
6599,1698400800000,2152140.2
6600,1698404400000,2129576.4
6601,1698408000000,2146642.9
6602,1698411600000,2156892.0
6603,1698415200000,2154145.7
6604,1698418800000,2080160.3
6605,1698422400000,2068847.8
6606,1698426000000,2056805.8
6607,1698429600000,2034124.7
6608,1698433200000,2033909.5
6609,1698436800000,2037556.8
6610,1698440400000,2048003.0
6611,1698444000000,2048139.8
6612,1698447600000,2059414.1
6613,1698451200000,2124142.7
6614,1698454800000,2084269.5
6615,1698458400000,2076188.1
6616,1698462000000,2026071.1
6617,1698465600000,2056604.7
6618,1698469200000,2092442.4
6619,1698472800000,2278614.79999999
6620,1698476400000,2257255.79999999
6621,1698480000000,2211124.5
6622,1698483600000,2298231.2
6623,1698487200000,2274484.7
6624,1698490800000,2115997.2
6625,1698494400000,2074275.1
6626,1698498000000,2020689.5
6627,1698501600000,2032470.9
6628,1698505200000,2067317.3
6629,1698508800000,2070151.4
6630,1698512400000,2089427.0
6631,1698516000000,2102283.6
6632,1698519600000,2106930.6
6633,1698523200000,2112944.2
6634,1698526800000,2209228.2
6635,1698530400000,2321999.7
6636,1698534000000,2279283.0
6637,1698537600000,2307253.7
6638,1698541200000,2385179.1
6639,1698544800000,2333106.9
6640,1698548400000,2324654.29999999
6641,1698552000000,2257485.5
6642,1698555600000,2238748.1
6643,1698559200000,2221591.29999999
6644,1698562800000,2277085.6
6645,1698566400000,2373570.9
6646,1698570000000,2363287.2
6647,1698573600000,2283390.4
6648,1698577200000,2247683.7
6649,1698580800000,2249023.9
6650,1698584400000,2195834.2
6651,1698588000000,2271983.0
6652,1698591600000,2296263.0
6653,1698595200000,2217742.4
6654,1698598800000,2229282.1
6655,1698602400000,2225981.6
6656,1698606000000,2208181.6
6657,1698609600000,2177941.7
6658,1698613200000,2239114.29999999
6659,1698616800000,2237334.2
6660,1698620400000,2265322.4
6661,1698624000000,2255970.6
6662,1698627600000,2210465.79999999
6663,1698631200000,2210092.4
6664,1698634800000,2204684.6
6665,1698638400000,2161345.6
6666,1698642000000,2191111.29999999
6667,1698645600000,2191732.1
6668,1698649200000,2145055.29999999
6669,1698652800000,2168457.7
6670,1698656400000,2204849.6
6671,1698660000000,2274192.1
6672,1698663600000,2239817.4
6673,1698667200000,2299280.79999999
6674,1698670800000,2242992.9
6675,1698674400000,2262520.7
6676,1698678000000,2243570.7
6677,1698681600000,2231259.5
6678,1698685200000,2205678.0
6679,1698688800000,2194855.4
6680,1698692400000,2197365.2
6681,1698696000000,2223662.79999999
6682,1698699600000,2208907.0
6683,1698703200000,2193691.2
6684,1698706800000,2203123.9
6685,1698710400000,2228910.7
6686,1698714000000,2188574.79999999
6687,1698717600000,2190510.5
6688,1698721200000,2194905.4
6689,1698724800000,2173499.1
6690,1698728400000,2182313.4
6691,1698732000000,2190784.9
6692,1698735600000,2216653.2
6693,1698739200000,2159961.29999999
6694,1698742800000,2140431.1
6695,1698746400000,2148057.5
6696,1698750000000,2146091.29999999
6697,1698753600000,2161622.29999999
6698,1698757200000,2131764.9
6699,1698760800000,2078675.1
6700,1698764400000,2099863.2
6701,1698768000000,1965780.5
6702,1698771600000,1989873.4
6703,1698775200000,1953986.4
6704,1698778800000,1945427.8
6705,1698782400000,1960537.3
6706,1698786000000,1990722.1
6707,1698789600000,1988305.2
6708,1698793200000,2024061.0
6709,1698796800000,2013715.0
6710,1698800400000,1999304.5
6711,1698804000000,1984252.4
6712,1698807600000,1962134.6
6713,1698811200000,1972467.6
6714,1698814800000,1987220.4
6715,1698818400000,1934652.4
6716,1698822000000,1937815.9
6717,1698825600000,1955769.6
6718,1698829200000,1933012.6
6719,1698832800000,1931587.5
6720,1698836400000,1903364.5
6721,1698840000000,1903283.1
6722,1698843600000,1917420.1
6723,1698847200000,1872813.3
6724,1698850800000,1843066.2
6725,1698854400000,1807830.6
6726,1698858000000,1826166.4
6727,1698861600000,1838321.9
6728,1698865200000,1888542.6
6729,1698868800000,1831003.0
6730,1698872400000,1856258.6
6731,1698876000000,1936606.9
6732,1698879600000,1900490.0
6733,1698883200000,1919645.5
6734,1698886800000,1904907.8
6735,1698890400000,1900074.1
6736,1698894000000,1915571.9
6737,1698897600000,1912659.1
6738,1698901200000,1867915.0
6739,1698904800000,1846529.0
6740,1698908400000,1809812.7
6741,1698912000000,1782158.0
6742,1698915600000,1748503.1
6743,1698919200000,1772526.9
6744,1698922800000,1820553.7
6745,1698926400000,1831434.7
6746,1698930000000,1823374.8
6747,1698933600000,1773598.2
6748,1698937200000,1902585.0
6749,1698940800000,1923495.0
6750,1698944400000,1878959.2
6751,1698948000000,1863066.7
6752,1698951600000,1859052.3
6753,1698955200000,1831526.0
6754,1698958800000,1794704.3
6755,1698962400000,1781213.4
6756,1698966000000,1783139.4
6757,1698969600000,1793129.0
6758,1698973200000,1783177.1
6759,1698976800000,1697525.7
6760,1698980400000,1725702.5
6761,1698984000000,1728383.2
6762,1698987600000,1738363.5
6763,1698991200000,1765425.7
6764,1698994800000,1741934.6
6765,1698998400000,1741972.9
6766,1699002000000,1742104.1
6767,1699005600000,1714540.0
6768,1699009200000,1730969.9
6769,1699012800000,1731495.2
6770,1699016400000,1732602.3
6771,1699020000000,1768941.1
6772,1699023600000,1767258.9
6773,1699027200000,1752653.6
6774,1699030800000,1769489.2
6775,1699034400000,1730230.4
6776,1699038000000,1722611.5
6777,1699041600000,1705692.2
6778,1699045200000,1802726.3
6779,1699048800000,1788784.3
6780,1699052400000,1789935.0
6781,1699056000000,1793690.6
6782,1699059600000,1796221.1
6783,1699063200000,1788801.1
6784,1699066800000,1850798.9
6785,1699070400000,1841305.5
6786,1699074000000,1855171.9
6787,1699077600000,1843535.5
6788,1699081200000,1859461.2
6789,1699084800000,1854263.2
6790,1699088400000,1849736.9
6791,1699092000000,1891980.3
6792,1699095600000,1890998.2
6793,1699099200000,1885710.4
6794,1699102800000,1927245.8
6795,1699106400000,1900756.9
6796,1699110000000,1890863.0
6797,1699113600000,1871124.4
6798,1699117200000,1873132.2
6799,1699120800000,1885356.7
6800,1699124400000,1903384.5
6801,1699128000000,1897548.3
6802,1699131600000,1899501.1
6803,1699135200000,1911608.7
6804,1699138800000,1919535.9
6805,1699142400000,1926302.5
6806,1699146000000,1912435.1
6807,1699149600000,1917138.7
6808,1699153200000,1895717.5
6809,1699156800000,1906451.8
6810,1699160400000,1914389.0
6811,1699164000000,1915636.8
6812,1699167600000,1918906.2
6813,1699171200000,1973488.2
6814,1699174800000,1953183.5
6815,1699178400000,1955918.0
6816,1699182000000,1976400.8
6817,1699185600000,1983845.0
6818,1699189200000,2007429.0
6819,1699192800000,1941431.1
6820,1699196400000,1938105.0
6821,1699200000000,1792769.1
6822,1699203600000,1787340.9
6823,1699207200000,1792927.0
6824,1699210800000,1788432.0
6825,1699214400000,1824588.9
6826,1699218000000,1802715.1
6827,1699221600000,1797047.5
6828,1699225200000,1804112.9
6829,1699228800000,1789925.9
6830,1699232400000,1785210.2
6831,1699236000000,1783297.5
6832,1699239600000,1772494.6
6833,1699243200000,1763185.3
6834,1699246800000,1740204.4
6835,1699250400000,1760850.9
6836,1699254000000,1790722.4
6837,1699257600000,1778189.8
6838,1699261200000,1803794.4
6839,1699264800000,1874933.0
6840,1699268400000,1892717.7
6841,1699272000000,1906442.2
6842,1699275600000,1916916.9
6843,1699279200000,1918115.4
6844,1699282800000,1900547.0
6845,1699286400000,1929155.4
6846,1699290000000,1914097.5
6847,1699293600000,1860844.8
6848,1699297200000,1869756.4
6849,1699300800000,1899746.1
6850,1699304400000,1889089.9
6851,1699308000000,1885924.5
6852,1699311600000,1887986.6
6853,1699315200000,1862249.3
6854,1699318800000,1827448.7
6855,1699322400000,1810825.1
6856,1699326000000,1799678.1
6857,1699329600000,1795813.6
6858,1699333200000,1803020.7
6859,1699336800000,1801412.6
6860,1699340400000,1818744.0
6861,1699344000000,1811779.6
6862,1699347600000,1821824.2
6863,1699351200000,1840775.6
6864,1699354800000,1802419.7
6865,1699358400000,1776987.8
6866,1699362000000,1787874.8
6867,1699365600000,1812712.8
6868,1699369200000,1767880.9
6869,1699372800000,1720423.3
6870,1699376400000,1737457.0
6871,1699380000000,1672865.6
6872,1699383600000,1658408.5
6873,1699387200000,1661790.0
6874,1699390800000,1741531.9
6875,1699394400000,1732046.3
6876,1699398000000,1724554.4
6877,1699401600000,1723811.5
6878,1699405200000,1708195.9
6879,1699408800000,1714471.7
6880,1699412400000,1723389.3
6881,1699416000000,1733253.3
6882,1699419600000,1735431.0
6883,1699423200000,1743924.3
6884,1699426800000,1738006.2
6885,1699430400000,1760128.5
6886,1699434000000,1771088.6
6887,1699437600000,1756663.5
6888,1699441200000,1758365.7
6889,1699444800000,1760060.6
6890,1699448400000,1750095.6
6891,1699452000000,1753940.0
6892,1699455600000,1778700.8
6893,1699459200000,1797540.7
6894,1699462800000,1836255.4
6895,1699466400000,1948623.6
6896,1699470000000,1951972.4
6897,1699473600000,1916817.5
6898,1699477200000,1899521.1
6899,1699480800000,1975789.9
6900,1699484400000,2081002.7
6901,1699488000000,2127152.5
6902,1699491600000,2122337.9
6903,1699495200000,2128287.0
6904,1699498800000,2120941.79999999
6905,1699502400000,1950904.6
6906,1699506000000,1949219.8
6907,1699509600000,1931627.2
6908,1699513200000,1916701.6
6909,1699516800000,1878240.6
6910,1699520400000,1870764.5
6911,1699524000000,1874334.0
6912,1699527600000,1871391.6
6913,1699531200000,1876632.1
6914,1699534800000,1894418.7
6915,1699538400000,1885555.5
6916,1699542000000,1871869.8
6917,1699545600000,1895168.3
6918,1699549200000,1588471.2
6919,1699552800000,1556606.1
6920,1699556400000,1526820.1
6921,1699560000000,1499775.2
6922,1699563600000,1482004.4
6923,1699567200000,1546380.9
6924,1699570800000,1525789.1
6925,1699574400000,1549498.1
6926,1699578000000,1565073.9
6927,1699581600000,1558527.1
6928,1699585200000,1530474.9
6929,1699588800000,1530886.3
6930,1699592400000,1570392.1
6931,1699596000000,1564243.2
6932,1699599600000,1512634.1
6933,1699603200000,1521725.8
6934,1699606800000,1529898.0
6935,1699610400000,1509872.0
6936,1699614000000,1528238.4
6937,1699617600000,1550489.6
6938,1699621200000,1526246.3
6939,1699624800000,1527105.6
6940,1699628400000,1512006.5
6941,1699632000000,1648515.7
6942,1699635600000,1980847.1
6943,1699639200000,2094148.7
6944,1699642800000,1966756.6
6945,1699646400000,1905152.4
6946,1699650000000,1912432.0
6947,1699653600000,1841886.0
6948,1699657200000,1943338.7
6949,1699660800000,1944029.8
6950,1699664400000,1909503.3
6951,1699668000000,1905687.5
6952,1699671600000,1933750.4
6953,1699675200000,1884263.1
6954,1699678800000,1876892.3
6955,1699682400000,1837170.2
6956,1699686000000,1850450.1
6957,1699689600000,1863045.1
6958,1699693200000,1879364.6
6959,1699696800000,1888538.0
6960,1699700400000,1917657.2
6961,1699704000000,1917977.7
6962,1699707600000,1959355.6
6963,1699711200000,1934226.3
6964,1699714800000,2006978.1
6965,1699718400000,2037915.6
6966,1699722000000,2057078.2
6967,1699725600000,1981900.6
6968,1699729200000,1940890.9
6969,1699732800000,1978172.4
6970,1699736400000,1873571.3
6971,1699740000000,1886775.4
6972,1699743600000,1961478.0
6973,1699747200000,1931208.7
6974,1699750800000,1855770.5
6975,1699754400000,1858222.3
6976,1699758000000,1833598.0
6977,1699761600000,1840071.6
6978,1699765200000,1851367.0
6979,1699768800000,1898292.7
6980,1699772400000,2023702.3
6981,1699776000000,2181930.9
6982,1699779600000,2307627.6
6983,1699783200000,2321743.6
6984,1699786800000,2262888.0
6985,1699790400000,2369232.2
6986,1699794000000,2432520.9
6987,1699797600000,2292915.6
6988,1699801200000,2348888.5
6989,1699804800000,2378026.4
6990,1699808400000,2400884.4
6991,1699812000000,2331615.1
6992,1699815600000,2394579.0
6993,1699819200000,2461542.6
6994,1699822800000,2494687.0
6995,1699826400000,2553171.9
6996,1699830000000,2566131.6
6997,1699833600000,2488920.5
6998,1699837200000,2390852.7
6999,1699840800000,2404692.9
7000,1699844400000,2435037.6
7001,1699848000000,2325361.7
7002,1699851600000,2301616.4
7003,1699855200000,2294629.5
7004,1699858800000,2310100.0
7005,1699862400000,2322270.1
7006,1699866000000,2399313.7
7007,1699869600000,2377015.4
7008,1699873200000,2365032.6
7009,1699876800000,2340165.1
7010,1699880400000,2372195.4
7011,1699884000000,2319922.6
7012,1699887600000,2340784.9
7013,1699891200000,2341442.29999999
7014,1699894800000,2345576.2
7015,1699898400000,2313597.2
7016,1699902000000,2424746.7
7017,1699905600000,2519162.5
7018,1699909200000,2487244.4
7019,1699912800000,2294738.29999999
7020,1699916400000,2293669.4
7021,1699920000000,2247346.1
7022,1699923600000,2229822.1
7023,1699927200000,2167517.6
7024,1699930800000,2147768.9
7025,1699934400000,2142440.4
7026,1699938000000,2108523.5
7027,1699941600000,2133720.9
7028,1699945200000,2086235.5
7029,1699948800000,2122644.7
7030,1699952400000,2252124.79999999
7031,1699956000000,2220151.1
7032,1699959600000,2182212.9
7033,1699963200000,2168466.6
7034,1699966800000,2151463.5
7035,1699970400000,2136807.9
7036,1699974000000,2148032.4
7037,1699977600000,2148149.4
7038,1699981200000,2114646.6
7039,1699984800000,2054972.7
7040,1699988400000,1957217.0
7041,1699992000000,2043558.2
7042,1699995600000,2013469.7
7043,1699999200000,1983251.4
7044,1700002800000,1973554.7
7045,1700006400000,1989635.4
7046,1700010000000,2008963.3
7047,1700013600000,2005002.0
7048,1700017200000,2064859.7
7049,1700020800000,2048709.3
7050,1700024400000,2276307.7
7051,1700028000000,2275183.29999999
7052,1700031600000,2377098.6
7053,1700035200000,2406174.5
7054,1700038800000,2388305.6
7055,1700042400000,2404227.9
7056,1700046000000,2487870.29999999
7057,1700049600000,2597297.6
7058,1700053200000,2547953.9
7059,1700056800000,2539040.6
7060,1700060400000,2515732.79999999
7061,1700064000000,2805653.6
7062,1700067600000,2796058.2
7063,1700071200000,2729968.79999999
7064,1700074800000,2537489.1
7065,1700078400000,2495745.1
7066,1700082000000,2479893.2
7067,1700085600000,2443045.1
7068,1700089200000,2443530.0
7069,1700092800000,2556158.9
7070,1700096400000,2537930.79999999
7071,1700100000000,2484567.29999999
7072,1700103600000,2638571.29999999
7073,1700107200000,2832866.9
7074,1700110800000,2835251.0
7075,1700114400000,2779972.79999999
7076,1700118000000,2845787.3
7077,1700121600000,2899772.3
7078,1700125200000,2912033.7
7079,1700128800000,2893273.8
7080,1700132400000,3021229.1
7081,1700136000000,2869118.0
7082,1700139600000,2928060.6
7083,1700143200000,3023770.0
7084,1700146800000,3189246.9
7085,1700150400000,3067984.8
7086,1700154000000,3019880.3
7087,1700157600000,3029404.5
7088,1700161200000,2955910.3
7089,1700164800000,3022262.4
7090,1700168400000,2948678.5
7091,1700172000000,2848489.0
7092,1700175600000,2778614.9
7093,1700179200000,2732480.5
7094,1700182800000,2760900.9
7095,1700186400000,2834427.9
7096,1700190000000,2946562.3
7097,1700193600000,2880302.9
7098,1700197200000,2884715.7
7099,1700200800000,2730967.6
7100,1700204400000,2761497.79999999
7101,1700208000000,2751537.0
7102,1700211600000,2780620.2
7103,1700215200000,2481824.29999999
7104,1700218800000,2618799.9
7105,1700222400000,2446193.1
7106,1700226000000,2487288.29999999
7107,1700229600000,2474429.29999999
7108,1700233200000,2568539.6
7109,1700236800000,2462428.4
7110,1700240400000,2426074.2
7111,1700244000000,2281851.0
7112,1700247600000,2299313.0
7113,1700251200000,2292496.5
7114,1700254800000,2288339.7
7115,1700258400000,2275528.2
7116,1700262000000,2256056.7
7117,1700265600000,2177295.9
7118,1700269200000,2101631.6
7119,1700272800000,2209129.5
7120,1700276400000,2223013.9
7121,1700280000000,2182450.5
7122,1700283600000,2180180.1
7123,1700287200000,2086760.6
7124,1700290800000,2112468.2
7125,1700294400000,2174199.0
7126,1700298000000,2305526.6
7127,1700301600000,2164568.2
7128,1700305200000,2169758.5
7129,1700308800000,2204313.0
7130,1700312400000,2197668.9
7131,1700316000000,2167096.7
7132,1700319600000,2174782.2
7133,1700323200000,2274888.0
7134,1700326800000,2340445.29999999
7135,1700330400000,2325893.0
7136,1700334000000,2239862.79999999
7137,1700337600000,2201557.5
7138,1700341200000,2205900.0
7139,1700344800000,2201004.6
7140,1700348400000,2167681.1
7141,1700352000000,2170680.7
7142,1700355600000,2155984.4
7143,1700359200000,2155516.6
7144,1700362800000,2129220.0
7145,1700366400000,2077439.8
7146,1700370000000,2051194.3
7147,1700373600000,1975602.0
7148,1700377200000,2031546.4
7149,1700380800000,2046938.2
7150,1700384400000,2062677.7
7151,1700388000000,2044744.9
7152,1700391600000,2027711.1
7153,1700395200000,1968000.8
7154,1700398800000,1984321.8
7155,1700402400000,1979591.6
7156,1700406000000,1997829.1
7157,1700409600000,2023000.1
7158,1700413200000,2015154.8
7159,1700416800000,2035840.5
7160,1700420400000,2022161.4
7161,1700424000000,2021352.4
7162,1700427600000,2007447.2
7163,1700431200000,2020514.8
7164,1700434800000,2020942.9
7165,1700438400000,2073957.4
7166,1700442000000,2118672.9
7167,1700445600000,2120038.29999999
7168,1700449200000,2118300.79999999
7169,1700452800000,2098223.79999999
7170,1700456400000,2106949.5
7171,1700460000000,2071536.7
7172,1700463600000,2052767.3
7173,1700467200000,2034924.3
7174,1700470800000,2042590.8
7175,1700474400000,2075932.4
7176,1700478000000,2126378.4
7177,1700481600000,2090180.2
7178,1700485200000,2071485.2
7179,1700488800000,2079586.2
7180,1700492400000,2061688.3
7181,1700496000000,2104122.0
7182,1700499600000,2066771.9
7183,1700503200000,2084149.6
7184,1700506800000,2129802.79999999
7185,1700510400000,2123283.7
7186,1700514000000,2138109.4
7187,1700517600000,2053751.5
7188,1700521200000,2059476.3
7189,1700524800000,2087398.3
7190,1700528400000,2055003.5
7191,1700532000000,1999959.4
7192,1700535600000,2015841.3
7193,1700539200000,2038627.9
7194,1700542800000,2078840.2
7195,1700546400000,2106255.9
7196,1700550000000,2153777.29999999
7197,1700553600000,2142035.5
7198,1700557200000,2153987.2
7199,1700560800000,2222759.79999999
7200,1700564400000,2267691.0
7201,1700568000000,2256134.29999999
7202,1700571600000,2224320.79999999
7203,1700575200000,2167003.79999999
7204,1700578800000,2139881.5
7205,1700582400000,1848245.5
7206,1700586000000,1909552.1
7207,1700589600000,1927173.0
7208,1700593200000,1902417.7
7209,1700596800000,1932837.8
7210,1700600400000,1870158.0
7211,1700604000000,1914708.8
7212,1700607600000,1797771.3
7213,1700611200000,1825403.2
7214,1700614800000,1845707.9
7215,1700618400000,1862250.5
7216,1700622000000,1824359.4
7217,1700625600000,1821378.8
7218,1700629200000,1762499.3
7219,1700632800000,1740830.1
7220,1700636400000,1746556.3
7221,1700640000000,1722811.2
7222,1700643600000,1715876.0
7223,1700647200000,1707758.7
7224,1700650800000,1743857.2
7225,1700654400000,1772298.2
7226,1700658000000,1780926.6
7227,1700661600000,1776335.9
7228,1700665200000,1727851.2
7229,1700668800000,1797490.2
7230,1700672400000,1794904.1
7231,1700676000000,1793434.9
7232,1700679600000,1880120.6
7233,1700683200000,1924828.0
7234,1700686800000,1922469.5
7235,1700690400000,1881485.5
7236,1700694000000,1884606.4
7237,1700697600000,1879411.7
7238,1700701200000,1882495.6
7239,1700704800000,1895228.1
7240,1700708400000,2030448.4
7241,1700712000000,2000247.2
7242,1700715600000,2022485.5
7243,1700719200000,2023522.2
7244,1700722800000,2040230.4
7245,1700726400000,2087464.5
7246,1700730000000,2095795.0
7247,1700733600000,2109782.1
7248,1700737200000,2100071.5
7249,1700740800000,2032904.3
7250,1700744400000,2033095.7
7251,1700748000000,1995017.8
7252,1700751600000,2027936.3
7253,1700755200000,2012674.9
7254,1700758800000,2032348.5
7255,1700762400000,2037742.9
7256,1700766000000,2044908.8
7257,1700769600000,2039931.4
7258,1700773200000,2039291.7
7259,1700776800000,2035382.4
7260,1700780400000,2016892.2
7261,1700784000000,2063465.9
7262,1700787600000,2043669.2
7263,1700791200000,2029747.2
7264,1700794800000,2019327.9
7265,1700798400000,2014357.1
7266,1700802000000,2007378.3
7267,1700805600000,2053306.2
7268,1700809200000,2048482.2
7269,1700812800000,2040772.9
7270,1700816400000,2039537.7
7271,1700820000000,2075076.2
7272,1700823600000,2072737.6
7273,1700827200000,2104423.6
7274,1700830800000,2147438.4
7275,1700834400000,2183734.29999999
7276,1700838000000,2180894.1
7277,1700841600000,2177062.2
7278,1700845200000,2092102.9
7279,1700848800000,2152848.1
7280,1700852400000,2150324.1
7281,1700856000000,2153326.9
7282,1700859600000,2180485.4
7283,1700863200000,2199601.79999999
7284,1700866800000,2183141.5
7285,1700870400000,2205322.4
7286,1700874000000,2156704.1
7287,1700877600000,2069886.2
7288,1700881200000,2060329.4
7289,1700884800000,2030035.4
7290,1700888400000,2032427.6
7291,1700892000000,2026067.5
7292,1700895600000,2035497.7
7293,1700899200000,2057828.2
7294,1700902800000,2068492.0
7295,1700906400000,2106073.5
7296,1700910000000,2077038.4
7297,1700913600000,2065029.4
7298,1700917200000,2096069.2
7299,1700920800000,2106124.29999999
7300,1700924400000,2088829.4
7301,1700928000000,2088714.8
7302,1700931600000,2115995.79999999
7303,1700935200000,2080440.5
7304,1700938800000,2023120.4
7305,1700942400000,2018703.7
7306,1700946000000,2007766.2
7307,1700949600000,2013000.9
7308,1700953200000,2022195.8
7309,1700956800000,2021952.8
7310,1700960400000,2028847.8
7311,1700964000000,1971962.9
7312,1700967600000,1968026.7
7313,1700971200000,1995168.4
7314,1700974800000,2039229.7
7315,1700978400000,2199499.79999999
7316,1700982000000,2142260.6
7317,1700985600000,2148851.79999999
7318,1700989200000,2167593.29999999
7319,1700992800000,2139409.2
7320,1700996400000,2138945.2
7321,1701000000000,2143034.7
7322,1701003600000,2155507.6
7323,1701007200000,2153847.79999999
7324,1701010800000,2155631.6
7325,1701014400000,2165288.5
7326,1701018000000,2082340.0
7327,1701021600000,2096935.1
7328,1701025200000,2139402.0
7329,1701028800000,2196129.2
7330,1701032400000,2344537.1
7331,1701036000000,2343779.0
7332,1701039600000,2343607.79999999
7333,1701043200000,2272256.4
7334,1701046800000,2270070.5
7335,1701050400000,2227096.2
7336,1701054000000,2229417.0
7337,1701057600000,2181583.7
7338,1701061200000,2228446.79999999
7339,1701064800000,2244495.79999999
7340,1701068400000,2223568.9
7341,1701072000000,2242271.7
7342,1701075600000,2284850.5
7343,1701079200000,2332720.79999999
7344,1701082800000,2337666.2
7345,1701086400000,2387951.7
7346,1701090000000,2399891.29999999
7347,1701093600000,2382166.29999999
7348,1701097200000,2399823.1
7349,1701100800000,2383645.0
7350,1701104400000,2373067.29999999
7351,1701108000000,2361202.2
7352,1701111600000,2364561.0
7353,1701115200000,2335533.6
7354,1701118800000,2333702.1
7355,1701122400000,2324807.5
7356,1701126000000,2299097.2
7357,1701129600000,2317872.79999999
7358,1701133200000,2288201.7
7359,1701136800000,2280375.6
7360,1701140400000,2271383.5
7361,1701144000000,2268724.4
7362,1701147600000,2282100.1
7363,1701151200000,2276055.6
7364,1701154800000,2272426.0
7365,1701158400000,2258767.1
7366,1701162000000,2239707.29999999
7367,1701165600000,2248721.6
7368,1701169200000,2261225.2
7369,1701172800000,2258326.5
7370,1701176400000,2254143.79999999
7371,1701180000000,2275258.79999999
7372,1701183600000,2267275.6
7373,1701187200000,2216478.1
7374,1701190800000,2212654.6
7375,1701194400000,2157679.0
7376,1701198000000,2125438.79999999
7377,1701201600000,2145719.5
7378,1701205200000,2147677.0
7379,1701208800000,2160093.2
7380,1701212400000,2105701.79999999
7381,1701216000000,2104059.9
7382,1701219600000,2177376.1
7383,1701223200000,2175043.79999999
7384,1701226800000,2178006.2
7385,1701230400000,2174462.5
7386,1701234000000,2171058.1
7387,1701237600000,2194139.1
7388,1701241200000,2206153.2
7389,1701244800000,2207233.5
7390,1701248400000,2309396.2
7391,1701252000000,2268357.9
7392,1701255600000,2139350.9
7393,1701259200000,2197116.29999999
7394,1701262800000,2207263.1
7395,1701266400000,2204436.9
7396,1701270000000,2205708.9
7397,1701273600000,2166583.0
7398,1701277200000,2165233.4
7399,1701280800000,2235788.4
7400,1701284400000,2286020.0
7401,1701288000000,2305963.6
7402,1701291600000,2300076.1
7403,1701295200000,2284030.2
7404,1701298800000,2288100.7
7405,1701302400000,2300626.9
7406,1701306000000,2371568.79999999
7407,1701309600000,2362957.79999999
7408,1701313200000,2452631.7
7409,1701316800000,2491457.9
7410,1701320400000,2447071.29999999
7411,1701324000000,2435363.0
7412,1701327600000,2429608.2
7413,1701331200000,2462401.1
7414,1701334800000,2564952.1
7415,1701338400000,2646646.4
7416,1701342000000,2685303.7
7417,1701345600000,2685715.0
7418,1701349200000,2671285.9
7419,1701352800000,2637225.29999999
7420,1701356400000,2625654.7
7421,1701360000000,2626145.0
7422,1701363600000,2641928.0
7423,1701367200000,2633473.0
7424,1701370800000,2626598.29999999
7425,1701374400000,2632389.1
7426,1701378000000,2585759.4
7427,1701381600000,2627301.0
7428,1701385200000,2656480.0
7429,1701388800000,2678889.0
7430,1701392400000,2659162.1
7431,1701396000000,2755129.4
7432,1701399600000,2760261.9
7433,1701403200000,2736967.1
7434,1701406800000,2706269.2
7435,1701410400000,2779511.1
7436,1701414000000,2790446.2
7437,1701417600000,2811802.29999999
7438,1701421200000,2832962.8
7439,1701424800000,2882750.4
7440,1701428400000,2872785.1
7441,1701432000000,2879692.8
7442,1701435600000,2870207.5
7443,1701439200000,2908712.4
7444,1701442800000,2866135.4
7445,1701446400000,2936102.6
7446,1701450000000,2897341.3
7447,1701453600000,2959836.2
7448,1701457200000,2951598.6
7449,1701460800000,2959767.8
7450,1701464400000,2928413.5
7451,1701468000000,2957810.3
7452,1701471600000,2946086.4
7453,1701475200000,2943687.3
7454,1701478800000,2945113.0
7455,1701482400000,2956612.9
7456,1701486000000,2925109.9
7457,1701489600000,2931908.2
7458,1701493200000,2959294.2
7459,1701496800000,2963889.2
7460,1701500400000,2972120.0
7461,1701504000000,3015944.6
7462,1701507600000,2965141.7
7463,1701511200000,2986630.2
7464,1701514800000,2980784.9
7465,1701518400000,2990048.9
7466,1701522000000,2988573.4
7467,1701525600000,3024367.2
7468,1701529200000,2976649.5
7469,1701532800000,2948358.1
7470,1701536400000,2941776.1
7471,1701540000000,2917508.5
7472,1701543600000,2896550.4
7473,1701547200000,2847595.2
7474,1701550800000,2851613.2
7475,1701554400000,2833721.9
7476,1701558000000,2807089.0
7477,1701561600000,2844983.1
7478,1701565200000,2857529.4
7479,1701568800000,2860627.9
7480,1701572400000,2860603.6
7481,1701576000000,2838703.4
7482,1701579600000,2844642.1
7483,1701583200000,2843811.7
7484,1701586800000,2846002.1
7485,1701590400000,2866300.7
7486,1701594000000,2888990.8
7487,1701597600000,2900282.4
7488,1701601200000,2916642.2
7489,1701604800000,2914696.2
7490,1701608400000,2896637.4
7491,1701612000000,2885372.6
7492,1701615600000,2898794.6
7493,1701619200000,2847464.7
7494,1701622800000,2870546.9
7495,1701626400000,2828909.1
7496,1701630000000,2849868.5
7497,1701633600000,2855047.7
7498,1701637200000,2859969.0
7499,1701640800000,2849870.9
7500,1701644400000,2853932.1
7501,1701648000000,2815143.7
7502,1701651600000,2774676.7
7503,1701655200000,2727455.0
7504,1701658800000,2721454.2
7505,1701662400000,2594510.2
7506,1701666000000,2570354.2
7507,1701669600000,2570774.7
7508,1701673200000,2572531.0
7509,1701676800000,2521868.9
7510,1701680400000,2535024.9
7511,1701684000000,2516409.79999999
7512,1701687600000,2525830.2
7513,1701691200000,2207865.29999999
7514,1701694800000,2287124.2
7515,1701698400000,2252424.7
7516,1701702000000,2219291.9
7517,1701705600000,2191373.29999999
7518,1701709200000,2189804.7
7519,1701712800000,2166996.29999999
7520,1701716400000,2164806.9
7521,1701720000000,2174268.7
7522,1701723600000,2314237.29999999
7523,1701727200000,2362609.1
7524,1701730800000,2416686.1
7525,1701734400000,2442423.79999999
7526,1701738000000,2520523.9
7527,1701741600000,2430302.5
7528,1701745200000,2399871.7
7529,1701748800000,2389906.1
7530,1701752400000,2406732.2
7531,1701756000000,2406982.1
7532,1701759600000,2429725.4
7533,1701763200000,2451724.5
7534,1701766800000,2473574.5
7535,1701770400000,2447841.0
7536,1701774000000,2407502.4
7537,1701777600000,2363002.5
7538,1701781200000,2363165.6
7539,1701784800000,2339399.7
7540,1701788400000,2311277.4
7541,1701792000000,2319568.9
7542,1701795600000,2388862.9
7543,1701799200000,2456621.4
7544,1701802800000,2539647.1
7545,1701806400000,2565310.1
7546,1701810000000,2525284.79999999
7547,1701813600000,2583976.4
7548,1701817200000,2605657.6
7549,1701820800000,2586723.9
7550,1701824400000,2623513.2
7551,1701828000000,2693542.1
7552,1701831600000,2749722.6
7553,1701835200000,2746508.2
7554,1701838800000,2713864.79999999
7555,1701842400000,2544735.4
7556,1701846000000,2587415.0
7557,1701849600000,2535911.9
7558,1701853200000,2479379.1
7559,1701856800000,2460750.79999999
7560,1701860400000,2502897.1
7561,1701864000000,2479978.5
7562,1701867600000,2514980.79999999
7563,1701871200000,2513878.6
7564,1701874800000,2452903.4
7565,1701878400000,2443277.29999999
7566,1701882000000,2485443.5
7567,1701885600000,2582260.5
7568,1701889200000,2571725.0
7569,1701892800000,2629510.2
7570,1701896400000,2580353.4
7571,1701900000000,2537856.4
7572,1701903600000,2537869.9
7573,1701907200000,2572873.6
7574,1701910800000,2490358.29999999
7575,1701914400000,2528061.0
7576,1701918000000,2528228.7
7577,1701921600000,2530532.7
7578,1701925200000,2502702.0
7579,1701928800000,2564918.79999999
7580,1701932400000,2542171.1
7581,1701936000000,2545891.9
7582,1701939600000,2499862.7
7583,1701943200000,2652396.1
7584,1701946800000,2697669.9
7585,1701950400000,2710178.6
7586,1701954000000,2720200.2
7587,1701957600000,2728138.4
7588,1701961200000,2733884.0
7589,1701964800000,2700798.2
7590,1701968400000,2760117.4
7591,1701972000000,2738624.9
7592,1701975600000,2728172.4
7593,1701979200000,2726529.79999999
7594,1701982800000,2738520.79999999
7595,1701986400000,2785250.0
7596,1701990000000,2788116.7
7597,1701993600000,2802207.29999999
7598,1701997200000,2833887.7
7599,1702000800000,2839588.1
7600,1702004400000,2858675.1
7601,1702008000000,2928394.0
7602,1702011600000,2882186.1
7603,1702015200000,2815057.5
7604,1702018800000,2859590.7
7605,1702022400000,2809826.79999999
7606,1702026000000,2671928.4
7607,1702029600000,2691405.9
7608,1702033200000,2712337.29999999
7609,1702036800000,2671166.29999999
7610,1702040400000,2668180.1
7611,1702044000000,2632569.79999999
7612,1702047600000,2501193.9
7613,1702051200000,2532055.4
7614,1702054800000,2575189.9
7615,1702058400000,2563056.7
7616,1702062000000,2545492.5
7617,1702065600000,2590785.2
7618,1702069200000,2563743.4
7619,1702072800000,2567239.6
7620,1702076400000,2642695.2
7621,1702080000000,2678983.9
7622,1702083600000,2570848.2
7623,1702087200000,2539152.1
7624,1702090800000,2598512.9
7625,1702094400000,2590837.5
7626,1702098000000,2600098.0
7627,1702101600000,2600529.7
7628,1702105200000,2597892.7
7629,1702108800000,2711472.5
7630,1702112400000,2643546.7
7631,1702116000000,2633903.9
7632,1702119600000,2698040.6
7633,1702123200000,2665771.1
7634,1702126800000,2665876.4
7635,1702130400000,2627511.6
7636,1702134000000,2574471.6
7637,1702137600000,2578354.6
7638,1702141200000,2572239.9
7639,1702144800000,2545463.5
7640,1702148400000,2512682.0
7641,1702152000000,2515097.0
7642,1702155600000,2534394.9
7643,1702159200000,2533526.7
7644,1702162800000,2488075.7
7645,1702166400000,2462657.6
7646,1702170000000,2528841.79999999
7647,1702173600000,2518119.2
7648,1702177200000,2485686.4
7649,1702180800000,2531419.1
7650,1702184400000,2738685.29999999
7651,1702188000000,2754673.79999999
7652,1702191600000,2705447.6
7653,1702195200000,2654665.29999999
7654,1702198800000,2639779.29999999
7655,1702202400000,2605969.2
7656,1702206000000,2532313.0
7657,1702209600000,2518671.29999999
7658,1702213200000,2592632.29999999
7659,1702216800000,2585806.2
7660,1702220400000,2564911.9
7661,1702224000000,2562452.1
7662,1702227600000,2501421.5
7663,1702231200000,2479290.4
7664,1702234800000,2544066.5
7665,1702238400000,2718552.0
7666,1702242000000,2690230.79999999
7667,1702245600000,2703671.6
7668,1702249200000,2837059.9
7669,1702252800000,2870010.0
7670,1702256400000,2834802.4
7671,1702260000000,2777645.1
7672,1702263600000,2537886.4
7673,1702267200000,2672268.7
7674,1702270800000,2556784.2
7675,1702274400000,2564199.4
7676,1702278000000,2538788.4
7677,1702281600000,2573449.1
7678,1702285200000,2549456.29999999
7679,1702288800000,2641622.9
7680,1702292400000,2756705.29999999
7681,1702296000000,2867441.8
7682,1702299600000,2898344.8
7683,1702303200000,2852917.8
7684,1702306800000,2676298.4
7685,1702310400000,2722117.1
7686,1702314000000,2696176.29999999
7687,1702317600000,2613886.1
7688,1702321200000,2656017.0
7689,1702324800000,2714556.1
7690,1702328400000,2673739.1
7691,1702332000000,2771425.9
7692,1702335600000,2756946.1
7693,1702339200000,2675412.9
7694,1702342800000,2675957.7
7695,1702346400000,2819285.0
7696,1702350000000,2777949.4
7697,1702353600000,2696404.1
7698,1702357200000,2646897.79999999
7699,1702360800000,2692486.0
7700,1702364400000,2728752.9
7701,1702368000000,2907121.5
7702,1702371600000,2919152.1
7703,1702375200000,2893691.8
7704,1702378800000,2925005.7
7705,1702382400000,2958308.2
7706,1702386000000,2968733.8
7707,1702389600000,2990031.5
7708,1702393200000,2932874.2
7709,1702396800000,2868797.7
7710,1702400400000,2860504.6
7711,1702404000000,2824119.2
7712,1702407600000,2844970.7
7713,1702411200000,2854545.8
7714,1702414800000,2728658.4
7715,1702418400000,2683740.6
7716,1702422000000,2731884.79999999
7717,1702425600000,2805110.5
7718,1702429200000,2834308.3
7719,1702432800000,2838278.1
7720,1702436400000,2860009.2
7721,1702440000000,2786083.29999999
7722,1702443600000,2876779.1
7723,1702447200000,2794803.7
7724,1702450800000,2703379.1
7725,1702454400000,2728612.1
7726,1702458000000,2723576.5
7727,1702461600000,2760904.7
7728,1702465200000,2747516.9
7729,1702468800000,2739471.2
7730,1702472400000,2802288.5
7731,1702476000000,3038146.8
7732,1702479600000,2796328.9
7733,1702483200000,2854758.6
7734,1702486800000,2781348.0
7735,1702490400000,2831975.2
7736,1702494000000,2869186.1
7737,1702497600000,2826517.2
7738,1702501200000,2808109.7
7739,1702504800000,2765433.6
7740,1702508400000,2760996.79999999
7741,1702512000000,2824487.5
7742,1702515600000,2852198.8
7743,1702519200000,2768439.7
7744,1702522800000,2749945.5
7745,1702526400000,2711533.2
7746,1702530000000,2717534.9
7747,1702533600000,2735386.79999999
7748,1702537200000,2759046.0
7749,1702540800000,2655270.6
7750,1702544400000,2663703.5
7751,1702548000000,2656772.7
7752,1702551600000,2650844.9
7753,1702555200000,2712004.0
7754,1702558800000,2721924.0
7755,1702562400000,2607229.4
7756,1702566000000,2643255.0
7757,1702569600000,2604265.7
7758,1702573200000,2631250.4
7759,1702576800000,2679403.0
7760,1702580400000,2657137.4
7761,1702584000000,2644221.9
7762,1702587600000,2638824.2
7763,1702591200000,2614109.2
7764,1702594800000,2630195.5
7765,1702598400000,2730947.79999999
7766,1702602000000,2686894.29999999
7767,1702605600000,2701776.1
7768,1702609200000,2665942.6
7769,1702612800000,2632772.6
7770,1702616400000,2632143.2
7771,1702620000000,2609303.2
7772,1702623600000,2590671.79999999
7773,1702627200000,2611920.7
7774,1702630800000,2727642.2
7775,1702634400000,2857533.1
7776,1702638000000,2890304.4
7777,1702641600000,2965696.1
7778,1702645200000,2840566.7
7779,1702648800000,2897565.2
7780,1702652400000,3001506.8
7781,1702656000000,3031184.5
7782,1702659600000,3006652.7
7783,1702663200000,2968022.3
7784,1702666800000,2958544.4
7785,1702670400000,3011512.9
7786,1702674000000,2981103.3
7787,1702677600000,3004481.4
7788,1702681200000,2884549.4
7789,1702684800000,2861336.8
7790,1702688400000,2767692.2
7791,1702692000000,2715818.6
7792,1702695600000,2736360.9
7793,1702699200000,2751822.2
7794,1702702800000,2741331.0
7795,1702706400000,2787000.4
7796,1702710000000,2837625.4
7797,1702713600000,2793384.1
7798,1702717200000,2806847.5
7799,1702720800000,2826202.5
7800,1702724400000,2975571.8
7801,1702728000000,2988247.8
7802,1702731600000,3025960.3
7803,1702735200000,3056874.6
7804,1702738800000,3072790.8
7805,1702742400000,3094971.3
7806,1702746000000,3099266.6
7807,1702749600000,3113763.5
7808,1702753200000,2975378.1
7809,1702756800000,2912359.1
7810,1702760400000,2898454.5
7811,1702764000000,2873083.4
7812,1702767600000,2909752.1
7813,1702771200000,2866603.6
7814,1702774800000,2827296.3
7815,1702778400000,2823699.0
7816,1702782000000,2828270.6
7817,1702785600000,2883525.0
7818,1702789200000,2895682.0
7819,1702792800000,2843808.8
7820,1702796400000,2857795.5
7821,1702800000000,2852056.6
7822,1702803600000,2816559.4
7823,1702807200000,2804547.4
7824,1702810800000,2839100.4
7825,1702814400000,2831716.3
7826,1702818000000,2819180.1
7827,1702821600000,2823533.9
7828,1702825200000,2819913.8
7829,1702828800000,2805315.2
7830,1702832400000,2781164.2
7831,1702836000000,2794156.7
7832,1702839600000,2782876.2
7833,1702843200000,2791036.4
7834,1702846800000,2791777.29999999
7835,1702850400000,2795508.79999999
7836,1702854000000,2664449.0
7837,1702857600000,2627770.9
7838,1702861200000,2615842.9
7839,1702864800000,2559372.79999999
7840,1702868400000,2598400.7
7841,1702872000000,2598210.6
7842,1702875600000,2582086.29999999
7843,1702879200000,2564181.7
7844,1702882800000,2570284.9
7845,1702886400000,2544888.6
7846,1702890000000,2588193.2
7847,1702893600000,2628055.0
7848,1702897200000,2644393.6
7849,1702900800000,2621715.0
7850,1702904400000,2663814.29999999
7851,1702908000000,2629803.2
7852,1702911600000,2623041.7
7853,1702915200000,2599630.1
7854,1702918800000,2610096.0
7855,1702922400000,2610448.9
7856,1702926000000,2563016.6
7857,1702929600000,2623038.1
7858,1702933200000,2654903.5
7859,1702936800000,2622994.4
7860,1702940400000,2596315.6
7861,1702944000000,2603468.29999999
7862,1702947600000,2592191.7
7863,1702951200000,2553461.79999999
7864,1702954800000,2573811.2
7865,1702958400000,2559813.29999999
7866,1702962000000,2562859.4
7867,1702965600000,2591814.1
7868,1702969200000,2563023.79999999
7869,1702972800000,2609929.9
7870,1702976400000,2617927.29999999
7871,1702980000000,2592972.6
7872,1702983600000,2580706.9
7873,1702987200000,2576560.9
7874,1702990800000,2609338.2
7875,1702994400000,2634431.7
7876,1702998000000,2415956.6
7877,1703001600000,2413160.2
7878,1703005200000,2419253.29999999
7879,1703008800000,2408954.6
7880,1703012400000,2403087.6
7881,1703016000000,2368596.7
7882,1703019600000,2341572.5
7883,1703023200000,2355843.1
7884,1703026800000,2357308.79999999
7885,1703030400000,2357178.79999999
7886,1703034000000,2361534.7
7887,1703037600000,2357633.7
7888,1703041200000,2353829.7
7889,1703044800000,2363473.29999999
7890,1703048400000,2368059.29999999
7891,1703052000000,2402592.29999999
7892,1703055600000,2527100.5
7893,1703059200000,2523350.2
7894,1703062800000,2636309.2
7895,1703066400000,2651766.4
7896,1703070000000,2679416.0
7897,1703073600000,2715042.29999999
7898,1703077200000,2706369.7
7899,1703080800000,2691255.29999999
7900,1703084400000,2749186.0
7901,1703088000000,2731568.9
7902,1703091600000,2559572.29999999
7903,1703095200000,2592724.2
7904,1703098800000,2627590.4
7905,1703102400000,2527926.79999999
7906,1703106000000,2527587.4
7907,1703109600000,2517589.29999999
7908,1703113200000,2533200.1
7909,1703116800000,2523391.7
7910,1703120400000,2500241.4
7911,1703124000000,2545055.4
7912,1703127600000,2538377.5
7913,1703131200000,2538264.7
7914,1703134800000,2600758.29999999
7915,1703138400000,2526961.9
7916,1703142000000,2575523.1
7917,1703145600000,2548111.79999999
7918,1703149200000,2630792.7
7919,1703152800000,2595643.5
7920,1703156400000,2631486.1
7921,1703160000000,2555667.0
7922,1703163600000,2521964.0
7923,1703167200000,2529630.2
7924,1703170800000,2467050.5
7925,1703174400000,2479465.6
7926,1703178000000,2465620.5
7927,1703181600000,2482620.0
7928,1703185200000,2551175.0
7929,1703188800000,2513433.6
7930,1703192400000,2534422.4
7931,1703196000000,2505564.1
7932,1703199600000,2540067.7
7933,1703203200000,2481933.5
7934,1703206800000,2509370.6
7935,1703210400000,2517393.2
7936,1703214000000,2473055.1
7937,1703217600000,2430571.9
7938,1703221200000,2418349.6
7939,1703224800000,2442287.4
7940,1703228400000,2367587.6
7941,1703232000000,2319503.1
7942,1703235600000,2271461.4
7943,1703239200000,2253936.5
7944,1703242800000,2266981.9
7945,1703246400000,2328332.0
7946,1703250000000,2318533.0
7947,1703253600000,2355870.9
7948,1703257200000,2318999.2
7949,1703260800000,2340854.7
7950,1703264400000,2287262.9
7951,1703268000000,2357846.1
7952,1703271600000,2334065.6
7953,1703275200000,2292834.2
7954,1703278800000,2280802.9
7955,1703282400000,2282734.79999999
7956,1703286000000,2241441.9
7957,1703289600000,2217744.0
7958,1703293200000,2174989.79999999
7959,1703296800000,2090013.1
7960,1703300400000,2086041.1
7961,1703304000000,2094796.3
7962,1703307600000,2116596.9
7963,1703311200000,2121474.4
7964,1703314800000,2119484.29999999
7965,1703318400000,2115994.0
7966,1703322000000,2089814.5
7967,1703325600000,2099258.5
7968,1703329200000,2100411.29999999
7969,1703332800000,2130818.6
7970,1703336400000,2134443.4
7971,1703340000000,2110210.29999999
7972,1703343600000,2111577.2
7973,1703347200000,2153692.6
7974,1703350800000,2145890.1
7975,1703354400000,2061149.6
7976,1703358000000,2105450.6
7977,1703361600000,2136078.0
7978,1703365200000,2217635.6
7979,1703368800000,2225363.6
7980,1703372400000,2349142.29999999
7981,1703376000000,2345715.7
7982,1703379600000,2299417.2
7983,1703383200000,2250578.6
7984,1703386800000,2262555.2
7985,1703390400000,2361563.0
7986,1703394000000,2333766.6
7987,1703397600000,2323611.1
7988,1703401200000,2288477.4
7989,1703404800000,2267763.2
7990,1703408400000,2258708.0
7991,1703412000000,2248821.5
7992,1703415600000,2219726.7
7993,1703419200000,2233288.79999999
7994,1703422800000,2238964.79999999
7995,1703426400000,2254171.6
7996,1703430000000,2247636.9
7997,1703433600000,2255733.7
7998,1703437200000,2320370.79999999
7999,1703440800000,2325142.5
8000,1703444400000,2488690.0
8001,1703448000000,2495284.0
8002,1703451600000,2419296.4
8003,1703455200000,2369132.0
8004,1703458800000,2315890.6
8005,1703462400000,2353811.7
8006,1703466000000,2286611.5
8007,1703469600000,2299985.29999999
8008,1703473200000,2287689.79999999
8009,1703476800000,2289778.79999999
8010,1703480400000,2292888.2
8011,1703484000000,2308370.6
8012,1703487600000,2273339.6
8013,1703491200000,2285460.29999999
8014,1703494800000,2295043.0
8015,1703498400000,2272653.79999999
8016,1703502000000,2257990.4
8017,1703505600000,2249390.5
8018,1703509200000,2246598.79999999
8019,1703512800000,2242148.9
8020,1703516400000,2348216.79999999
8021,1703520000000,2418242.79999999
8022,1703523600000,2476607.5
8023,1703527200000,2478842.7
8024,1703530800000,2472242.29999999
8025,1703534400000,2444063.6
8026,1703538000000,2427955.1
8027,1703541600000,2417335.4
8028,1703545200000,2572183.4
8029,1703548800000,2561942.1
8030,1703552400000,2542918.1
8031,1703556000000,2519598.0
8032,1703559600000,2499516.1
8033,1703563200000,2450660.0
8034,1703566800000,2477437.29999999
8035,1703570400000,2438256.7
8036,1703574000000,2362084.5
8037,1703577600000,2323599.1
8038,1703581200000,2318252.0
8039,1703584800000,2329680.9
8040,1703588400000,2353700.6
8041,1703592000000,2395548.1
8042,1703595600000,2388697.0
8043,1703599200000,2414454.9
8044,1703602800000,2403831.79999999
8045,1703606400000,2438394.0
8046,1703610000000,2427961.1
8047,1703613600000,2239426.6
8048,1703617200000,2243877.9
8049,1703620800000,2285657.79999999
8050,1703624400000,2306057.9
8051,1703628000000,2353728.4
8052,1703631600000,2289726.9
8053,1703635200000,2305378.2
8054,1703638800000,2253036.0
8055,1703642400000,2286495.7
8056,1703646000000,2288539.2
8057,1703649600000,2202467.79999999
8058,1703653200000,2193287.4
8059,1703656800000,2195117.29999999
8060,1703660400000,2199099.0
8061,1703664000000,2193791.0
8062,1703667600000,2204663.4
8063,1703671200000,2221238.1
8064,1703674800000,2251840.5
8065,1703678400000,2266129.0
8066,1703682000000,2276327.29999999
8067,1703685600000,2291303.0
8068,1703689200000,2277104.7
8069,1703692800000,2277577.79999999
8070,1703696400000,2316974.79999999
8071,1703700000000,2341759.6
8072,1703703600000,2355986.4
8073,1703707200000,2369146.29999999
8074,1703710800000,2334035.7
8075,1703714400000,2326292.79999999
8076,1703718000000,2315508.7
8077,1703721600000,2297761.6
8078,1703725200000,2277972.2
8079,1703728800000,2280006.2
8080,1703732400000,2315541.6
8081,1703736000000,2282451.9
8082,1703739600000,2268274.5
8083,1703743200000,2254487.1
8084,1703746800000,2280324.0
8085,1703750400000,2273584.7
8086,1703754000000,2335289.29999999
8087,1703757600000,2341734.7
8088,1703761200000,2354698.29999999
8089,1703764800000,2356982.9
8090,1703768400000,2364519.6
8091,1703772000000,2360379.0
8092,1703775600000,2420283.0
8093,1703779200000,2433444.5
8094,1703782800000,2447379.79999999
8095,1703786400000,2460022.4
8096,1703790000000,2489742.4
8097,1703793600000,2510891.6
8098,1703797200000,2510085.6
8099,1703800800000,2473039.79999999
8100,1703804400000,2475252.1
8101,1703808000000,2468875.0
8102,1703811600000,2445215.4
8103,1703815200000,2437492.2
8104,1703818800000,2442157.6
8105,1703822400000,2430219.7
8106,1703826000000,2430950.29999999
8107,1703829600000,2434406.0
8108,1703833200000,2390795.5
8109,1703836800000,2365260.9
8110,1703840400000,2375813.4
8111,1703844000000,2361343.5
8112,1703847600000,2339529.0
8113,1703851200000,2364387.29999999
8114,1703854800000,2384778.6
8115,1703858400000,2433713.9
8116,1703862000000,2452193.6
8117,1703865600000,2372442.7
8118,1703869200000,2371364.4
8119,1703872800000,2396415.4
8120,1703876400000,2374320.9
8121,1703880000000,2360274.4
8122,1703883600000,2358681.6
8123,1703887200000,2367914.7
8124,1703890800000,2380756.4
8125,1703894400000,2398059.29999999
8126,1703898000000,2378350.4
8127,1703901600000,2378330.29999999
8128,1703905200000,2358296.2
8129,1703908800000,2368383.6
8130,1703912400000,2374957.79999999
8131,1703916000000,2389358.2
8132,1703919600000,2403834.6
8133,1703923200000,2374590.29999999
8134,1703926800000,2354552.79999999
8135,1703930400000,2342726.0
8136,1703934000000,2330689.29999999
8137,1703937600000,2332057.79999999
8138,1703941200000,2308080.29999999
8139,1703944800000,2309545.29999999
8140,1703948400000,2311065.9
8141,1703952000000,2303964.1
8142,1703955600000,2284110.29999999
8143,1703959200000,2288272.29999999
8144,1703962800000,2300321.9
8145,1703966400000,2302957.1
8146,1703970000000,2320560.0
8147,1703973600000,2323844.29999999
8148,1703977200000,2317162.29999999
8149,1703980800000,2324723.79999999
8150,1703984400000,2306240.4
8151,1703988000000,2301193.9
8152,1703991600000,2294481.5
8153,1703995200000,2278904.7
8154,1703998800000,2249940.5
8155,1704002400000,2254316.2
8156,1704006000000,2256525.4
8157,1704009600000,2250096.2
8158,1704013200000,2208877.0
8159,1704016800000,2214317.0
8160,1704020400000,2218514.0
8161,1704024000000,2223816.2
8162,1704027600000,2234859.79999999
8163,1704031200000,2282132.29999999
8164,1704034800000,2293024.79999999
8165,1704038400000,2275632.9
8166,1704042000000,2249418.79999999
8167,1704045600000,2249498.5
8168,1704049200000,2256899.5
8169,1704052800000,2251780.79999999
8170,1704056400000,2263514.2
8171,1704060000000,2258251.1
8172,1704063600000,2170153.2
8173,1704067200000,2208532.6
8174,1704070800000,2200269.79999999
8175,1704074400000,2196529.7
8176,1704078000000,2210782.0
8177,1704081600000,2195249.0
8178,1704085200000,2226392.2
8179,1704088800000,2211091.29999999
8180,1704092400000,2215629.79999999
8181,1704096000000,2197935.0
8182,1704099600000,2199979.29999999
8183,1704103200000,2262131.7
8184,1704106800000,2291854.0
8185,1704110400000,2349128.9
8186,1704114000000,2357826.29999999
8187,1704117600000,2360422.2
8188,1704121200000,2367002.9
8189,1704124800000,2348006.6
8190,1704128400000,2371409.2
8191,1704132000000,2358503.1
8192,1704135600000,2365759.2
8193,1704139200000,2378162.9
8194,1704142800000,2378200.5
8195,1704146400000,2376332.1
8196,1704150000000,2399306.9
8197,1704153600000,2379537.1
8198,1704157200000,2402951.1
8199,1704160800000,2379019.1
8200,1704164400000,2431395.4
8201,1704168000000,2412101.0
8202,1704171600000,2418846.2
8203,1704175200000,2410638.2
8204,1704178800000,2394163.6
8205,1704182400000,2370579.9
8206,1704186000000,2373034.9
8207,1704189600000,2384872.2
8208,1704193200000,2362269.4
8209,1704196800000,2245338.4
8210,1704200400000,2216536.5
8211,1704204000000,2205549.29999999
8212,1704207600000,2213074.7
8213,1704211200000,2218745.5
8214,1704214800000,2207824.4
8215,1704218400000,2205121.4
8216,1704222000000,2208453.7
8217,1704225600000,2193076.4
8218,1704229200000,2192074.1
8219,1704232800000,2188595.29999999
8220,1704236400000,2184522.6
8221,1704240000000,2181618.5
8222,1704243600000,2167547.6
8223,1704247200000,2181620.0
8224,1704250800000,2202409.9
8225,1704254400000,2201018.4
8226,1704258000000,2211176.5
8227,1704261600000,2223408.5
8228,1704265200000,2222443.1
8229,1704268800000,2224135.5
8230,1704272400000,2223779.2
8231,1704276000000,2258210.29999999
8232,1704279600000,2324259.9
8233,1704283200000,2349856.5
8234,1704286800000,1892944.5
8235,1704290400000,1829806.3
8236,1704294000000,1791777.7
8237,1704297600000,1757998.4
8238,1704301200000,1726712.4
8239,1704304800000,1713049.0
8240,1704308400000,1710214.5
8241,1704312000000,1715814.2
8242,1704315600000,1724109.2
8243,1704319200000,1719542.9
8244,1704322800000,1699061.8
8245,1704326400000,1700969.4
8246,1704330000000,1694405.5
8247,1704333600000,1676825.8
8248,1704337200000,1681759.5
8249,1704340800000,1681498.2
8250,1704344400000,1679673.2
8251,1704348000000,1680389.4
8252,1704351600000,1689075.4
8253,1704355200000,1696223.4
8254,1704358800000,1690804.0
8255,1704362400000,1703330.8
8256,1704366000000,1690160.1
8257,1704369600000,1690234.8
8258,1704373200000,1671238.4
8259,1704376800000,1669205.3
8260,1704380400000,1682723.9
8261,1704384000000,1677701.4
8262,1704387600000,1685425.9
8263,1704391200000,1676672.9
8264,1704394800000,1685248.4
8265,1704398400000,1675845.3
8266,1704402000000,1671719.8
8267,1704405600000,1650811.1
8268,1704409200000,1630663.1
8269,1704412800000,1639616.1
8270,1704416400000,1662370.1
8271,1704420000000,1621909.4
8272,1704423600000,1632884.9
8273,1704427200000,1666897.2
8274,1704430800000,1640057.4
8275,1704434400000,1644112.4
8276,1704438000000,1648866.9
8277,1704441600000,1644479.0
8278,1704445200000,1652981.1
8279,1704448800000,1672872.2
8280,1704452400000,1650671.1
8281,1704456000000,1648195.7
8282,1704459600000,1661711.3
8283,1704463200000,1678349.5
8284,1704466800000,1668646.6
8285,1704470400000,1680113.9
8286,1704474000000,1678996.8
8287,1704477600000,1687291.2
8288,1704481200000,1689558.3
8289,1704484800000,1689705.4
8290,1704488400000,1680198.4
8291,1704492000000,1677964.0
8292,1704495600000,1665107.6
8293,1704499200000,1645057.6
8294,1704502800000,1644967.8
8295,1704506400000,1647967.5
8296,1704510000000,1643143.2
8297,1704513600000,1639251.2
8298,1704517200000,1639454.3
8299,1704520800000,1627539.0
8300,1704524400000,1628348.5
8301,1704528000000,1640162.3
8302,1704531600000,1651558.1
8303,1704535200000,1650489.3
8304,1704538800000,1649158.8
8305,1704542400000,1654797.4
8306,1704546000000,1655896.3
8307,1704549600000,1662383.4
8308,1704553200000,1651283.0
8309,1704556800000,1634431.7
8310,1704560400000,1630836.1
8311,1704564000000,1631374.8
8312,1704567600000,1624709.9
8313,1704571200000,1614323.4
8314,1704574800000,1611574.6
8315,1704578400000,1628120.9
8316,1704582000000,1630222.1
8317,1704585600000,1652448.1
8318,1704589200000,1642199.1
8319,1704592800000,1659354.8
8320,1704596400000,1647771.8
8321,1704600000000,1643994.2
8322,1704603600000,1643111.1
8323,1704607200000,1639915.6
8324,1704610800000,1642123.3
8325,1704614400000,1642322.0
8326,1704618000000,1639200.4
8327,1704621600000,1637049.7
8328,1704625200000,1647966.0
8329,1704628800000,1645463.0
8330,1704632400000,1649444.6
8331,1704636000000,1614583.7
8332,1704639600000,1633779.5
8333,1704643200000,1615659.8
8334,1704646800000,1632074.7
8335,1704650400000,1628015.8
8336,1704654000000,1607549.6
8337,1704657600000,1604349.4
8338,1704661200000,1606342.3
8339,1704664800000,1595800.5
8340,1704668400000,1590123.4
8341,1704672000000,1581103.6
8342,1704675600000,1601181.1
8343,1704679200000,1604874.8
8344,1704682800000,1584085.1
8345,1704686400000,1574430.4
8346,1704690000000,1561097.7
8347,1704693600000,1559588.1
8348,1704697200000,1545825.1
8349,1704700800000,1543918.5
8350,1704704400000,1533776.7
8351,1704708000000,1544003.5
8352,1704711600000,1558563.2
8353,1704715200000,1560823.1
8354,1704718800000,1546214.5
8355,1704722400000,1578664.6
8356,1704726000000,1571617.3
8357,1704729600000,1577317.1
8358,1704733200000,1590643.5
8359,1704736800000,1582775.1
8360,1704740400000,1584488.7
8361,1704744000000,1560701.1
8362,1704747600000,1566686.4
8363,1704751200000,1564286.3
8364,1704754800000,1558385.9
8365,1704758400000,1563843.0
8366,1704762000000,1551949.8
8367,1704765600000,1559642.7
8368,1704769200000,1543389.5
8369,1704772800000,1551729.8
8370,1704776400000,1550902.8
8371,1704780000000,1553711.8
8372,1704783600000,1552948.7
8373,1704787200000,1566540.2
8374,1704790800000,1602892.1
8375,1704794400000,1601119.8
8376,1704798000000,1598116.9
8377,1704801600000,1608456.4
8378,1704805200000,1557964.8
8379,1704808800000,1573167.1
8380,1704812400000,1574265.8
8381,1704816000000,1587076.3
8382,1704819600000,1582808.3
8383,1704823200000,1587125.2
8384,1704826800000,1579917.9
8385,1704830400000,1574361.2
8386,1704834000000,1541087.7
8387,1704837600000,1517395.3
8388,1704841200000,1510144.2
8389,1704844800000,1506747.2
8390,1704848400000,1532472.9
8391,1704852000000,1540334.5
8392,1704855600000,1537844.2
8393,1704859200000,1542967.1
8394,1704862800000,1538726.6
8395,1704866400000,1545808.3
8396,1704870000000,1537299.0
8397,1704873600000,1550141.4
8398,1704877200000,1534066.7
8399,1704880800000,1541708.8
8400,1704884400000,1557517.3
8401,1704888000000,1544850.3
8402,1704891600000,1547888.4
8403,1704895200000,1543712.8
8404,1704898800000,1547981.8
8405,1704902400000,1527671.5
8406,1704906000000,1522378.4
8407,1704909600000,1525648.5
8408,1704913200000,1519873.8
8409,1704916800000,1520501.4
8410,1704920400000,1512719.5
8411,1704924000000,1532129.0
8412,1704927600000,1538922.1
8413,1704931200000,1503465.8
8414,1704934800000,1515417.1
8415,1704938400000,1512084.6
8416,1704942000000,1518219.1
8417,1704945600000,1536891.2
8418,1704949200000,1572651.2
8419,1704952800000,1575934.4
8420,1704956400000,1577389.3
8421,1704960000000,1590208.5
8422,1704963600000,1589866.2
8423,1704967200000,1587951.9
8424,1704970800000,1594634.5
8425,1704974400000,1609118.9
8426,1704978000000,1642482.6
8427,1704981600000,1634562.6
8428,1704985200000,1604363.2
8429,1704988800000,1584393.9
8430,1704992400000,1567763.8
8431,1704996000000,1577179.7
8432,1704999600000,1576933.8
8433,1705003200000,1568442.6
8434,1705006800000,1559803.6
8435,1705010400000,1565376.6
8436,1705014000000,1563169.7
8437,1705017600000,1572472.3
8438,1705021200000,1557325.7
8439,1705024800000,1553304.7
8440,1705028400000,1551126.4
8441,1705032000000,1549611.5
8442,1705035600000,1557370.2
8443,1705039200000,1539602.3
8444,1705042800000,1547417.0
8445,1705046400000,1562335.4
8446,1705050000000,1594205.7
8447,1705053600000,1595110.1
8448,1705057200000,1595050.5
8449,1705060800000,1599620.0
8450,1705064400000,1605700.6
8451,1705068000000,1597924.0
8452,1705071600000,1601981.0
8453,1705075200000,1602427.1
8454,1705078800000,1582860.4
8455,1705082400000,1590296.5
8456,1705086000000,1588390.7
8457,1705089600000,1589208.8
8458,1705093200000,1590922.9
8459,1705096800000,1570985.6
8460,1705100400000,1572749.0
8461,1705104000000,1570226.3
8462,1705107600000,1561671.6
8463,1705111200000,1576050.9
8464,1705114800000,1578216.0
8465,1705118400000,1571367.7
8466,1705122000000,1558140.6
8467,1705125600000,1565356.5
8468,1705129200000,1564323.7
8469,1705132800000,1590922.9
8470,1705136400000,1588338.5
8471,1705140000000,1603730.0
8472,1705143600000,1592594.9
8473,1705147200000,1591678.3
8474,1705150800000,1589160.3
8475,1705154400000,1591378.7
8476,1705158000000,1595652.0
8477,1705161600000,1596847.0
8478,1705165200000,1616766.9
8479,1705168800000,1618191.8
8480,1705172400000,1611825.6
8481,1705176000000,1615705.5
8482,1705179600000,1611286.1
8483,1705183200000,1624997.5
8484,1705186800000,1620195.2
8485,1705190400000,1644385.6
8486,1705194000000,1619077.4
8487,1705197600000,1625557.7
8488,1705201200000,1627827.0
8489,1705204800000,1622354.2
8490,1705208400000,1642210.1
8491,1705212000000,1643765.2
8492,1705215600000,1682398.6
8493,1705219200000,1684507.5
8494,1705222800000,1699599.4
8495,1705226400000,1693651.9
8496,1705230000000,1698573.5
8497,1705233600000,1695541.1
8498,1705237200000,1684825.5
8499,1705240800000,1696810.1
8500,1705244400000,1691535.7
8501,1705248000000,1723005.4
8502,1705251600000,1724494.5
8503,1705255200000,1727318.2
8504,1705258800000,1716461.2
8505,1705262400000,1690391.6
8506,1705266000000,1688986.1
8507,1705269600000,1676393.8
8508,1705273200000,1659227.0
8509,1705276800000,1646289.0
8510,1705280400000,1652780.1
8511,1705284000000,1650149.2
8512,1705287600000,1651769.8
8513,1705291200000,1627025.1
8514,1705294800000,1631649.0
8515,1705298400000,1637957.4
8516,1705302000000,1643709.4
8517,1705305600000,1656486.6
8518,1705309200000,1642002.2
8519,1705312800000,1636762.3
8520,1705316400000,1644581.9
8521,1705320000000,1634654.3
8522,1705323600000,1638111.1
8523,1705327200000,1645579.4
8524,1705330800000,1623492.6
8525,1705334400000,1651072.4
8526,1705338000000,1644596.1
8527,1705341600000,1633006.8
8528,1705345200000,1628788.2
8529,1705348800000,1635376.2
8530,1705352400000,1630536.6
8531,1705356000000,1629825.4
8532,1705359600000,1628809.0
8533,1705363200000,1636653.9
8534,1705366800000,1644323.4
8535,1705370400000,1638076.7
8536,1705374000000,1639576.9
8537,1705377600000,1645634.8
8538,1705381200000,1654021.2
8539,1705384800000,1644816.4
8540,1705388400000,1653333.3
8541,1705392000000,1672285.4
8542,1705395600000,1666722.3
8543,1705399200000,1686070.9
8544,1705402800000,1678539.2
8545,1705406400000,1685007.8
8546,1705410000000,1695403.9
8547,1705413600000,1717622.0
8548,1705417200000,1711045.2
8549,1705420800000,1699956.0
8550,1705424400000,1712633.3
8551,1705428000000,1727919.2
8552,1705431600000,1721107.1
8553,1705435200000,1721073.3
8554,1705438800000,1728297.1
8555,1705442400000,1742260.9
8556,1705446000000,1726744.1
8557,1705449600000,1720162.8
8558,1705453200000,1733549.0
8559,1705456800000,1728733.4
8560,1705460400000,1721250.3
8561,1705464000000,1735977.0
8562,1705467600000,1749171.2
8563,1705471200000,1752697.8
8564,1705474800000,1767633.3
8565,1705478400000,1759498.0
8566,1705482000000,1759080.3
8567,1705485600000,1755979.5
8568,1705489200000,1763459.1
8569,1705492800000,1751565.9
8570,1705496400000,1759620.8
8571,1705500000000,1756614.8
8572,1705503600000,1773460.9
8573,1705507200000,1762663.2
8574,1705510800000,1771447.2
8575,1705514400000,1778358.5
8576,1705518000000,1789699.2
8577,1705521600000,1792580.0
8578,1705525200000,1817439.5
8579,1705528800000,1812447.6
8580,1705532400000,1795002.0
8581,1705536000000,1795118.6
8582,1705539600000,1791947.4
8583,1705543200000,1783092.4
8584,1705546800000,1784427.6
8585,1705550400000,1786695.8
8586,1705554000000,1795032.3
8587,1705557600000,1803317.6
8588,1705561200000,1792395.0
8589,1705564800000,1784510.9
8590,1705568400000,1783378.0
8591,1705572000000,1810214.3
8592,1705575600000,1817243.8
8593,1705579200000,1827117.4
8594,1705582800000,1847458.5
8595,1705586400000,1847583.4
8596,1705590000000,1846190.3
8597,1705593600000,1841796.7
8598,1705597200000,1833718.1
8599,1705600800000,1851688.3
8600,1705604400000,1809413.6
8601,1705608000000,1809190.1
8602,1705611600000,1786838.2
8603,1705615200000,1793518.4
8604,1705618800000,1783477.1
8605,1705622400000,1789757.9
8606,1705626000000,1780688.7
8607,1705629600000,1758000.9
8608,1705633200000,1752884.0
8609,1705636800000,1727553.0
8610,1705640400000,1722029.7
8611,1705644000000,1727116.4
8612,1705647600000,1737718.0
8613,1705651200000,1734206.4
8614,1705654800000,1736921.9
8615,1705658400000,1741229.1
8616,1705662000000,1746054.0
8617,1705665600000,1744430.4
8618,1705669200000,1772519.6
8619,1705672800000,1785742.2
8620,1705676400000,1784649.2
8621,1705680000000,1785122.4
8622,1705683600000,1764175.3
8623,1705687200000,1753896.5
8624,1705690800000,1729430.7
8625,1705694400000,1725893.4
8626,1705698000000,1724585.8
8627,1705701600000,1709846.1
8628,1705705200000,1712669.0
8629,1705708800000,1712742.7
8630,1705712400000,1703496.6
8631,1705716000000,1694551.9
8632,1705719600000,1696622.0
8633,1705723200000,1698098.3
8634,1705726800000,1695565.5
8635,1705730400000,1689304.1
8636,1705734000000,1694065.8
8637,1705737600000,1702718.7
8638,1705741200000,1709941.7
8639,1705744800000,1706615.6
8640,1705748400000,1724532.5
8641,1705752000000,1724188.5
8642,1705755600000,1719044.9
8643,1705759200000,1738266.4
8644,1705762800000,1748146.1
8645,1705766400000,1747489.3
8646,1705770000000,1755582.2
8647,1705773600000,1751505.4
8648,1705777200000,1746689.9
8649,1705780800000,1742928.5
8650,1705784400000,1743275.6
8651,1705788000000,1742483.8
8652,1705791600000,1743095.2
8653,1705795200000,1753782.5
8654,1705798800000,1761555.5
8655,1705802400000,1755452.1
8656,1705806000000,1755685.9
8657,1705809600000,1750399.3
8658,1705813200000,1752662.8
8659,1705816800000,1758087.7
8660,1705820400000,1761379.7
8661,1705824000000,1769561.5
8662,1705827600000,1760126.6
8663,1705831200000,1760663.3
8664,1705834800000,1777630.8
8665,1705838400000,1775209.6
8666,1705842000000,1777372.0
8667,1705845600000,1774796.6
8668,1705849200000,1773315.2
8669,1705852800000,1782084.3
8670,1705856400000,1760901.5
8671,1705860000000,1778563.8
8672,1705863600000,1775930.2
8673,1705867200000,1783775.2
8674,1705870800000,1777118.6
8675,1705874400000,1767562.4
8676,1705878000000,1761378.8
8677,1705881600000,1790798.4
8678,1705885200000,1790228.9
8679,1705888800000,1794405.3
8680,1705892400000,1766682.4
8681,1705896000000,1769058.1
8682,1705899600000,1801907.3
8683,1705903200000,1792799.2
8684,1705906800000,1801345.6
8685,1705910400000,1797643.2
8686,1705914000000,1808065.1
8687,1705917600000,1817628.7
8688,1705921200000,1835867.1
8689,1705924800000,1833935.1
8690,1705928400000,1848331.0
8691,1705932000000,1825167.5
8692,1705935600000,1849002.6
8693,1705939200000,1872700.5
8694,1705942800000,2077474.7
8695,1705946400000,2092940.3
8696,1705950000000,2090851.1
8697,1705953600000,2063722.2
8698,1705957200000,2011293.2
8699,1705960800000,2029302.8
8700,1705964400000,2047889.0
8701,1705968000000,2062822.8
8702,1705971600000,2070035.2
8703,1705975200000,2066094.2
8704,1705978800000,2018549.3
8705,1705982400000,2020010.5
8706,1705986000000,2016178.4
8707,1705989600000,2003373.0
8708,1705993200000,2018608.9
8709,1705996800000,2013195.8
8710,1706000400000,2058453.7
8711,1706004000000,2038908.0
8712,1706007600000,2035404.4
8713,1706011200000,2027091.0
8714,1706014800000,1992748.2
8715,1706018400000,1997736.7
8716,1706022000000,1971397.7
8717,1706025600000,1885797.6
8718,1706029200000,1865001.6
8719,1706032800000,1834674.2
8720,1706036400000,1840605.5
8721,1706040000000,1860844.0
8722,1706043600000,1829513.2
8723,1706047200000,1821678.7
8724,1706050800000,1785982.9
8725,1706054400000,1788761.1
8726,1706058000000,1760446.8
8727,1706061600000,1782178.2
8728,1706065200000,1788991.7
8729,1706068800000,1775660.5
8730,1706072400000,1782204.0
8731,1706076000000,1794194.9
8732,1706079600000,1790289.5
8733,1706083200000,1765348.0
8734,1706086800000,1775755.4
8735,1706090400000,1755794.4
8736,1706094000000,1742585.2
8737,1706097600000,1776352.6
8738,1706101200000,1776582.4
8739,1706104800000,1775665.9
8740,1706108400000,1756578.4
8741,1706112000000,1750967.7
8742,1706115600000,1748693.4
8743,1706119200000,1741438.7
8744,1706122800000,1743580.0
8745,1706126400000,1754813.5
8746,1706130000000,1734137.9
8747,1706133600000,1731679.1
8748,1706137200000,1732059.9
8749,1706140800000,1728988.0
8750,1706144400000,1719314.5
8751,1706148000000,1716415.7
8752,1706151600000,1720713.4
8753,1706155200000,1720144.4
8754,1706158800000,1723064.0
8755,1706162400000,1717980.2
8756,1706166000000,1697981.1
8757,1706169600000,1712193.4
8758,1706173200000,1715891.6
8759,1706176800000,1718079.9
8760,1706180400000,1712271.2
8761,1706184000000,1702766.7
8762,1706187600000,1708937.9
8763,1706191200000,1722026.4
8764,1706194800000,1726772.8
8765,1706198400000,1738903.1
8766,1706202000000,1762608.0
8767,1706205600000,1767875.9
8768,1706209200000,1727573.2
8769,1706212800000,1727469.3
8770,1706216400000,1751005.9
8771,1706220000000,1744111.2
8772,1706223600000,1748823.7
8773,1706227200000,1738088.8
8774,1706230800000,1745040.6
8775,1706234400000,1730869.1
8776,1706238000000,1747147.6
8777,1706241600000,1738585.0
8778,1706245200000,1735540.2
8779,1706248800000,1741490.6
8780,1706252400000,1745223.3
8781,1706256000000,1718364.2
8782,1706259600000,1709604.8
8783,1706263200000,1691286.6
8784,1706266800000,1719321.5
8785,1706270400000,1714947.0
8786,1706274000000,1680545.1
8787,1706277600000,1686958.6
8788,1706281200000,1691312.2
8789,1706284800000,1708273.2
8790,1706288400000,1652816.2
8791,1706292000000,1658410.8
8792,1706295600000,1650442.8
8793,1706299200000,1662518.9
8794,1706302800000,1663896.1
8795,1706306400000,1651986.7
8796,1706310000000,1652512.1
8797,1706313600000,1655781.1
8798,1706317200000,1634594.6
8799,1706320800000,1628497.2
8800,1706324400000,1637100.4
8801,1706328000000,1628387.3
8802,1706331600000,1623101.6
8803,1706335200000,1630888.0
8804,1706338800000,1634816.8
8805,1706342400000,1625452.3
8806,1706346000000,1626550.6
8807,1706349600000,1636436.1
8808,1706353200000,1641109.7
8809,1706356800000,1643376.5
8810,1706360400000,1649772.9
8811,1706364000000,1652482.2
8812,1706367600000,1636722.5
8813,1706371200000,1675130.5
8814,1706374800000,1677650.7
8815,1706378400000,1683547.2
8816,1706382000000,1680020.6
8817,1706385600000,1683992.3
8818,1706389200000,1684299.2
8819,1706392800000,1682275.5
8820,1706396400000,1703417.8
8821,1706400000000,1705051.9
8822,1706403600000,1701084.6
8823,1706407200000,1696093.5
8824,1706410800000,1680256.7
8825,1706414400000,1647390.0
8826,1706418000000,1647504.1
8827,1706421600000,1645072.2
8828,1706425200000,1649384.4
8829,1706428800000,1665089.1
8830,1706432400000,1696746.7
8831,1706436000000,1697848.8
8832,1706439600000,1764176.9
8833,1706443200000,1728212.6
8834,1706446800000,1758852.3
8835,1706450400000,1788691.1
8836,1706454000000,1808704.4
8837,1706457600000,1819511.2
8838,1706461200000,1842527.5
8839,1706464800000,1806922.1
8840,1706468400000,1827285.1
8841,1706472000000,1804147.3
8842,1706475600000,1787864.5
8843,1706479200000,1778014.3
8844,1706482800000,1770480.9
8845,1706486400000,1743983.0
8846,1706490000000,1750558.7
8847,1706493600000,1793845.7
8848,1706497200000,1881345.8
8849,1706500800000,1905126.3
8850,1706504400000,1905343.1
8851,1706508000000,1900415.7
8852,1706511600000,1901661.7
8853,1706515200000,1898089.9
8854,1706518800000,1889610.9
8855,1706522400000,1881154.5
8856,1706526000000,1889354.1
8857,1706529600000,1892634.1
8858,1706533200000,1885254.8
8859,1706536800000,1856911.3
8860,1706540400000,1838387.7
8861,1706544000000,1814419.6
8862,1706547600000,1800174.3
8863,1706551200000,1816658.7
8864,1706554800000,1814895.8
8865,1706558400000,1806781.8
8866,1706562000000,1817562.2
8867,1706565600000,1810752.2
8868,1706569200000,1828621.6
8869,1706572800000,1841800.7
8870,1706576400000,1800406.0
8871,1706580000000,1783642.0
8872,1706583600000,1782829.8
8873,1706587200000,1775844.2
8874,1706590800000,1783001.3
8875,1706594400000,1793609.7
8876,1706598000000,1794934.4
8877,1706601600000,1794171.9
8878,1706605200000,1826263.0
8879,1706608800000,1904887.0
8880,1706612400000,1909089.9
8881,1706616000000,1947045.6
8882,1706619600000,1902423.2
8883,1706623200000,1841689.1
8884,1706626800000,1864599.5
8885,1706630400000,1877256.0
8886,1706634000000,1838730.4
8887,1706637600000,1781168.5
8888,1706641200000,1761823.4
8889,1706644800000,1811721.5
8890,1706648400000,1769003.9
8891,1706652000000,1766643.8
8892,1706655600000,1772298.4
8893,1706659200000,1722365.8
8894,1706662800000,1711485.1
8895,1706666400000,1707401.1
8896,1706670000000,1710991.7
8897,1706673600000,1705609.8
8898,1706677200000,1693405.0
8899,1706680800000,1726168.1
8900,1706684400000,1718581.3
8901,1706688000000,1746484.5
8902,1706691600000,1750609.1
8903,1706695200000,1742525.5
8904,1706698800000,1723995.9
8905,1706702400000,1726444.4
8906,1706706000000,1729491.6
8907,1706709600000,1729929.0
8908,1706713200000,1736059.6
8909,1706716800000,1743552.4
8910,1706720400000,1733527.0
8911,1706724000000,1732916.9
8912,1706727600000,1722875.5
8913,1706731200000,1691051.3
8914,1706734800000,1710895.9
8915,1706738400000,1661297.8
8916,1706742000000,1663275.7
8917,1706745600000,1688038.3
8918,1706749200000,1689501.0
8919,1706752800000,1686860.1
8920,1706756400000,1689706.7
8921,1706760000000,1701223.0
8922,1706763600000,1747151.1
8923,1706767200000,1734259.5
8924,1706770800000,1739298.7
8925,1706774400000,1725928.7
8926,1706778000000,1711631.5
8927,1706781600000,1720143.3
8928,1706785200000,1724890.5
8929,1706788800000,1736649.6
8930,1706792400000,1746441.2
8931,1706796000000,1719465.8
8932,1706799600000,1719222.6
8933,1706803200000,1703418.8
8934,1706806800000,1693105.7
8935,1706810400000,1683120.7
8936,1706814000000,1689409.1
8937,1706817600000,1683733.9
8938,1706821200000,1687127.9
8939,1706824800000,1660480.3
8940,1706828400000,1648006.5
8941,1706832000000,1653128.5
8942,1706835600000,1645836.9
8943,1706839200000,1647597.8
8944,1706842800000,1666570.1
8945,1706846400000,1671203.5
8946,1706850000000,1660234.6
8947,1706853600000,1666717.2
8948,1706857200000,1661782.6
8949,1706860800000,1701467.2
8950,1706864400000,1756921.8
8951,1706868000000,1757637.1
8952,1706871600000,1797308.9
8953,1706875200000,1815777.2
8954,1706878800000,1794607.7
8955,1706882400000,1788949.2
8956,1706886000000,1812957.9
8957,1706889600000,1834463.0
8958,1706893200000,1831858.7
8959,1706896800000,1846128.4
8960,1706900400000,1857295.0
8961,1706904000000,1848609.9
8962,1706907600000,1869659.9
8963,1706911200000,1870577.1
8964,1706914800000,1881399.0
8965,1706918400000,1909101.0
8966,1706922000000,1904130.6
8967,1706925600000,1924072.6
8968,1706929200000,1887065.7
8969,1706932800000,1870902.3
8970,1706936400000,1872591.8
8971,1706940000000,1875034.9
8972,1706943600000,1888814.6
8973,1706947200000,1890015.7
8974,1706950800000,1896409.6
8975,1706954400000,1915661.1
8976,1706958000000,1919904.5
8977,1706961600000,1933135.6
8978,1706965200000,1927692.7
8979,1706968800000,1957802.8
8980,1706972400000,1944208.1
8981,1706976000000,1925374.9
8982,1706979600000,1926267.3
8983,1706983200000,1922199.5
8984,1706986800000,1927064.9
8985,1706990400000,1934541.9
8986,1706994000000,1922071.3
8987,1706997600000,1930050.5
8988,1707001200000,1919762.6
8989,1707004800000,1921346.6
8990,1707008400000,1906335.9
8991,1707012000000,1910894.1
8992,1707015600000,1915757.4
8993,1707019200000,1918569.5
8994,1707022800000,1919104.4
8995,1707026400000,1917810.8
8996,1707030000000,1908768.0
8997,1707033600000,1912213.0
8998,1707037200000,1909376.5
8999,1707040800000,1913094.4
9000,1707044400000,1911348.6
9001,1707048000000,1904296.7
9002,1707051600000,1907947.3
9003,1707055200000,1904672.0
9004,1707058800000,1910143.9
9005,1707062400000,1904768.0
9006,1707066000000,1892889.0
9007,1707069600000,1895546.5
9008,1707073200000,1897677.9
9009,1707076800000,1898304.9
9010,1707080400000,1909120.6
9011,1707084000000,1914760.6
9012,1707087600000,1884462.3
9013,1707091200000,1897996.1
9014,1707094800000,1907772.9
9015,1707098400000,1880697.7
9016,1707102000000,1892347.2
9017,1707105600000,1895642.1
9018,1707109200000,1890618.9
9019,1707112800000,1838602.9
9020,1707116400000,1847199.0
9021,1707120000000,1840394.5
9022,1707123600000,1830498.9
9023,1707127200000,1835875.3
9024,1707130800000,1829155.5
9025,1707134400000,1851787.0
9026,1707138000000,1853870.0
9027,1707141600000,1839768.1
9028,1707145200000,1850573.2
9029,1707148800000,1813834.3
9030,1707152400000,1793387.9
9031,1707156000000,1802410.0
9032,1707159600000,1803647.3
9033,1707163200000,1809007.7
9034,1707166800000,1833965.9
9035,1707170400000,1820051.5
9036,1707174000000,1825998.4
9037,1707177600000,1831927.1
9038,1707181200000,1837605.4
9039,1707184800000,1833876.7
9040,1707188400000,1816573.4
9041,1707192000000,1827725.4
9042,1707195600000,1828047.9
9043,1707199200000,1818314.0
9044,1707202800000,1822559.0
9045,1707206400000,1821309.4
9046,1707210000000,1818551.0
9047,1707213600000,1828271.3
9048,1707217200000,1809956.6
9049,1707220800000,1810133.6
9050,1707224400000,1808706.3
9051,1707228000000,1817984.7
9052,1707231600000,1811923.9
9053,1707235200000,1822557.0
9054,1707238800000,1811585.3
9055,1707242400000,1813238.6
9056,1707246000000,1811082.6
9057,1707249600000,1823883.1
9058,1707253200000,1828353.4
9059,1707256800000,1832879.3
9060,1707260400000,1832475.5
9061,1707264000000,1837972.3
9062,1707267600000,1832409.0
9063,1707271200000,1830556.7
9064,1707274800000,1834781.1
9065,1707278400000,1835835.3
9066,1707282000000,1807987.9
9067,1707285600000,1791676.0
9068,1707289200000,1796861.2
9069,1707292800000,1795688.3
9070,1707296400000,1797228.1
9071,1707300000000,1805380.4
9072,1707303600000,1771370.2
9073,1707307200000,1779913.6
9074,1707310800000,1785528.5
9075,1707314400000,1799560.7
9076,1707318000000,1794359.6
9077,1707321600000,1814757.3
9078,1707325200000,1846815.0
9079,1707328800000,1803295.3
9080,1707332400000,1809359.8
9081,1707336000000,1800369.7
9082,1707339600000,1784793.4
9083,1707343200000,1765816.7
9084,1707346800000,1769423.5
9085,1707350400000,1777320.8
9086,1707354000000,1784095.4
9087,1707357600000,1783054.1
9088,1707361200000,1784312.7
9089,1707364800000,1782408.6
9090,1707368400000,1779350.3
9091,1707372000000,1773313.3
9092,1707375600000,1764355.4
9093,1707379200000,1766387.0
9094,1707382800000,1769164.0
9095,1707386400000,1769729.4
9096,1707390000000,1780619.7
9097,1707393600000,1781079.5
9098,1707397200000,1771588.9
9099,1707400800000,1776370.4
9100,1707404400000,1754201.7
9101,1707408000000,1776760.4
9102,1707411600000,1740931.6
9103,1707415200000,1748531.6
9104,1707418800000,1745262.4
9105,1707422400000,1739764.2
9106,1707426000000,1737863.9
9107,1707429600000,1737614.5
9108,1707433200000,1742411.1
9109,1707436800000,1746631.8
9110,1707440400000,1735234.1
9111,1707444000000,1749858.8
9112,1707447600000,1732254.9
9113,1707451200000,1727262.5
9114,1707454800000,1746287.2
9115,1707458400000,1750108.7
9116,1707462000000,1743844.7
9117,1707465600000,1747152.3
9118,1707469200000,1751635.2
9119,1707472800000,1760113.6
9120,1707476400000,1761085.8
9121,1707480000000,1784496.3
9122,1707483600000,1817096.5
9123,1707487200000,1850763.8
9124,1707490800000,1832604.5
9125,1707494400000,1836398.1
9126,1707498000000,1829052.3
9127,1707501600000,1847288.7
9128,1707505200000,1881953.6
9129,1707508800000,1881235.3
9130,1707512400000,1882369.7
9131,1707516000000,1889664.5
9132,1707519600000,1904176.2
9133,1707523200000,1922971.0
9134,1707526800000,1967004.4
9135,1707530400000,1986150.9
9136,1707534000000,1979986.5
9137,1707537600000,1985555.6
9138,1707541200000,1984324.1
9139,1707544800000,2008241.0
9140,1707548400000,2003036.5
9141,1707552000000,2013981.4
9142,1707555600000,2028213.8
9143,1707559200000,2054434.4
9144,1707562800000,2034242.4
9145,1707566400000,2051492.0
9146,1707570000000,2028118.2
9147,1707573600000,2040660.3
9148,1707577200000,2053601.3
9149,1707580800000,2059413.9
9150,1707584400000,2052944.8
9151,1707588000000,2045165.6
9152,1707591600000,2045809.2
9153,1707595200000,2042373.1
9154,1707598800000,2035829.5
9155,1707602400000,2123390.79999999
9156,1707606000000,2144840.2
9157,1707609600000,2095562.3
9158,1707613200000,2126019.0
9159,1707616800000,2120335.29999999
9160,1707620400000,2124649.4
9161,1707624000000,2155137.4
9162,1707627600000,2131713.79999999
9163,1707631200000,2105557.79999999
9164,1707634800000,2125514.0
9165,1707638400000,2224824.4
9166,1707642000000,2257787.79999999
9167,1707645600000,2255881.5
9168,1707649200000,2245340.79999999
9169,1707652800000,2257800.2
9170,1707656400000,2278743.79999999
9171,1707660000000,2225869.9
9172,1707663600000,2237229.7
9173,1707667200000,2245602.6
9174,1707670800000,2233822.1
9175,1707674400000,2231508.7
9176,1707678000000,2244020.5
9177,1707681600000,2243726.1
9178,1707685200000,2212174.5
9179,1707688800000,2206458.7
9180,1707692400000,2196935.1
9181,1707696000000,2184662.6
9182,1707699600000,2208992.2
9183,1707703200000,2200458.79999999
9184,1707706800000,2152961.2
9185,1707710400000,2168266.2
9186,1707714000000,2112032.1
9187,1707717600000,2095450.0
9188,1707721200000,2076163.1
9189,1707724800000,2083206.3
9190,1707728400000,2069944.2
9191,1707732000000,2071130.6
9192,1707735600000,2074356.7
9193,1707739200000,2085170.3
9194,1707742800000,2091378.4
9195,1707746400000,2097420.1
9196,1707750000000,2091140.6
9197,1707753600000,2024945.9
9198,1707757200000,2046780.0
9199,1707760800000,2150229.5
9200,1707764400000,2148814.7
9201,1707768000000,2182186.0
9202,1707771600000,2155135.4
9203,1707775200000,2160705.79999999
9204,1707778800000,2112339.79999999
9205,1707782400000,2117607.29999999
9206,1707786000000,2152257.6
9207,1707789600000,2141069.29999999
9208,1707793200000,2127915.5
9209,1707796800000,2068261.7
9210,1707800400000,2072800.8
9211,1707804000000,2074786.4
9212,1707807600000,2097027.7
9213,1707811200000,2083376.4
9214,1707814800000,2089415.8
9215,1707818400000,2110825.29999999
9216,1707822000000,2091086.3
9217,1707825600000,2111296.5
9218,1707829200000,2115503.9
9219,1707832800000,2084789.7
9220,1707836400000,2104311.7
9221,1707840000000,2140923.7
9222,1707843600000,2139024.29999999
9223,1707847200000,2132492.1
9224,1707850800000,2128242.29999999
9225,1707854400000,2129765.1
9226,1707858000000,2109512.29999999
9227,1707861600000,2102723.0
9228,1707865200000,2096005.4
9229,1707868800000,2090915.3
9230,1707872400000,2083286.5
9231,1707876000000,2080207.2
9232,1707879600000,2069080.1
9233,1707883200000,2072070.1
9234,1707886800000,2070859.9
9235,1707890400000,2098263.5
9236,1707894000000,2105484.79999999
9237,1707897600000,2100205.9
9238,1707901200000,2095971.1
9239,1707904800000,2391783.1
9240,1707908400000,2361071.79999999
9241,1707912000000,2422732.29999999
9242,1707915600000,2399890.0
9243,1707919200000,2391623.7
9244,1707922800000,2491465.4
9245,1707926400000,2457111.7
9246,1707930000000,2465299.29999999
9247,1707933600000,2444416.5
9248,1707937200000,2443801.79999999
9249,1707940800000,2539477.6
9250,1707944400000,2559432.2
9251,1707948000000,2578540.6
9252,1707951600000,2638960.1
9253,1707955200000,2646973.2
9254,1707958800000,2678352.2
9255,1707962400000,2629602.2
9256,1707966000000,2664547.29999999
9257,1707969600000,2694629.9
9258,1707973200000,2642441.29999999
9259,1707976800000,2548310.9
9260,1707980400000,2555870.6
9261,1707984000000,2713563.4
9262,1707987600000,2807377.0
9263,1707991200000,2899530.2
9264,1707994800000,2871312.4
9265,1707998400000,2852413.9
9266,1708002000000,2773304.0
9267,1708005600000,2784620.1
9268,1708009200000,2817508.3
9269,1708012800000,2618905.1
9270,1708016400000,2622588.79999999
9271,1708020000000,2585402.7
9272,1708023600000,2513732.7
9273,1708027200000,2445854.1
9274,1708030800000,2434534.5
9275,1708034400000,2358843.1
9276,1708038000000,2354994.29999999
9277,1708041600000,2364973.1
9278,1708045200000,2350119.1
9279,1708048800000,2361656.6
9280,1708052400000,2366953.2
9281,1708056000000,2359674.0
9282,1708059600000,2373780.5
9283,1708063200000,2374766.79999999
9284,1708066800000,2375618.7
9285,1708070400000,2366530.4
9286,1708074000000,2367158.9
9287,1708077600000,2361090.0
9288,1708081200000,2371588.0
9289,1708084800000,2363678.0
9290,1708088400000,2389152.2
9291,1708092000000,2364378.29999999
9292,1708095600000,2289588.0
9293,1708099200000,2295308.0
9294,1708102800000,2276746.5
9295,1708106400000,2269322.2
9296,1708110000000,2270825.0
9297,1708113600000,2277903.79999999
9298,1708117200000,2243174.1
9299,1708120800000,2243617.7
9300,1708124400000,2234235.79999999
9301,1708128000000,2226054.9
9302,1708131600000,2240223.9
9303,1708135200000,2219946.6
9304,1708138800000,2223488.2
9305,1708142400000,2225218.5
9306,1708146000000,2253207.0
9307,1708149600000,2244762.4
9308,1708153200000,2246452.6
9309,1708156800000,2244984.1
9310,1708160400000,2223405.79999999
9311,1708164000000,2185555.0
9312,1708167600000,2162388.2
9313,1708171200000,2167122.9
9314,1708174800000,2180428.6
9315,1708178400000,2129331.9
9316,1708182000000,2090917.1
9317,1708185600000,2079125.1
9318,1708189200000,2072487.5
9319,1708192800000,2064595.0
9320,1708196400000,2058522.8
9321,1708200000000,2060154.7
9322,1708203600000,2061619.5
9323,1708207200000,2048505.3
9324,1708210800000,2048874.1
9325,1708214400000,2046046.7
9326,1708218000000,2074958.7
9327,1708221600000,2068567.6
9328,1708225200000,2062853.4
9329,1708228800000,2064199.3
9330,1708232400000,2062931.1
9331,1708236000000,2048865.4
9332,1708239600000,2053115.2
9333,1708243200000,2055909.4
9334,1708246800000,2053130.0
9335,1708250400000,2052245.6
9336,1708254000000,2089583.3
9337,1708257600000,2089819.1
9338,1708261200000,2090850.9
9339,1708264800000,2111682.29999999
9340,1708268400000,2107930.0
9341,1708272000000,2110388.29999999
9342,1708275600000,2106217.5
9343,1708279200000,2106877.1
9344,1708282800000,2095170.2
9345,1708286400000,2110843.1
9346,1708290000000,2110554.1
9347,1708293600000,2112286.9
9348,1708297200000,2088810.2
9349,1708300800000,2091881.7
9350,1708304400000,2101791.6
9351,1708308000000,2090893.2
9352,1708311600000,2094629.5
9353,1708315200000,2100158.9
9354,1708318800000,2097091.7
9355,1708322400000,2080183.3
9356,1708326000000,2091863.5
9357,1708329600000,2080298.0
9358,1708333200000,2121266.6
9359,1708336800000,2139804.5
9360,1708340400000,2153531.29999999
9361,1708344000000,2153634.7
9362,1708347600000,2156932.0
9363,1708351200000,2162706.1
9364,1708354800000,2159976.7
9365,1708358400000,2188031.6
9366,1708362000000,2182348.5
9367,1708365600000,2205484.2
9368,1708369200000,2199167.9
9369,1708372800000,2203638.2
9370,1708376400000,2213866.6
9371,1708380000000,2232490.4
9372,1708383600000,2218721.9
9373,1708387200000,2205377.5
9374,1708390800000,2188757.6
9375,1708394400000,2160384.79999999
9376,1708398000000,2178129.1
9377,1708401600000,2176508.2
9378,1708405200000,2179590.1
9379,1708408800000,2179873.2
9380,1708412400000,2197710.7
9381,1708416000000,2216868.4
9382,1708419600000,2206273.9
9383,1708423200000,2210048.9
9384,1708426800000,2232965.6
9385,1708430400000,2261243.7
9386,1708434000000,2282427.1
9387,1708437600000,2287277.7
9388,1708441200000,2206418.4
9389,1708444800000,2149954.9
9390,1708448400000,2128020.1
9391,1708452000000,2114901.4
9392,1708455600000,2125701.6
9393,1708459200000,2147017.29999999
9394,1708462800000,2134637.0
9395,1708466400000,2119789.6
9396,1708470000000,2138801.0
9397,1708473600000,2134581.0
9398,1708477200000,2120598.5
9399,1708480800000,2115882.79999999
9400,1708484400000,2115918.0
9401,1708488000000,2128901.5
9402,1708491600000,2133273.0
9403,1708495200000,2150230.6
9404,1708498800000,2157058.5
9405,1708502400000,2156576.7
9406,1708506000000,2173950.6
9407,1708509600000,2164325.6
9408,1708513200000,2238076.6
9409,1708516800000,2236001.5
9410,1708520400000,2243397.1
9411,1708524000000,2215604.4
9412,1708527600000,2211499.79999999
9413,1708531200000,2234051.7
9414,1708534800000,2215577.9
9415,1708538400000,2205739.6
9416,1708542000000,2185811.1
9417,1708545600000,2259598.6
9418,1708549200000,2254943.5
9419,1708552800000,2234677.1
9420,1708556400000,2227886.9
9421,1708560000000,2226454.1
9422,1708563600000,2220371.6
9423,1708567200000,2186238.5
9424,1708570800000,2187788.6
9425,1708574400000,2184004.1
9426,1708578000000,2181667.2
9427,1708581600000,2188035.1
9428,1708585200000,2193003.6
9429,1708588800000,2160999.5
9430,1708592400000,2181385.79999999
9431,1708596000000,2170568.5
9432,1708599600000,2144821.9
9433,1708603200000,2151485.1
9434,1708606800000,2152473.2
9435,1708610400000,2165191.0
9436,1708614000000,2162410.9
9437,1708617600000,2174380.5
9438,1708621200000,2213276.4
9439,1708624800000,2219620.0
9440,1708628400000,2216275.5
9441,1708632000000,2248539.4
9442,1708635600000,2212619.0
9443,1708639200000,2167223.79999999
9444,1708642800000,2176801.0
9445,1708646400000,2174912.4
9446,1708650000000,2192453.2
9447,1708653600000,2187982.29999999
9448,1708657200000,2156935.4
9449,1708660800000,2183986.2
9450,1708664400000,2155013.7
9451,1708668000000,2157315.29999999
9452,1708671600000,2156043.79999999
9453,1708675200000,2166966.79999999
9454,1708678800000,2163550.0
9455,1708682400000,2164512.1
9456,1708686000000,2169939.1
9457,1708689600000,2183582.0
9458,1708693200000,2287358.7
9459,1708696800000,2307709.29999999
9460,1708700400000,2258228.6
9461,1708704000000,2262802.5
9462,1708707600000,2254723.29999999
9463,1708711200000,2249862.79999999
9464,1708714800000,2257614.7
9465,1708718400000,2246263.7
9466,1708722000000,2238266.5
9467,1708725600000,2223287.1
9468,1708729200000,2234232.29999999
9469,1708732800000,2233595.5
9470,1708736400000,2253445.1
9471,1708740000000,2229774.5
9472,1708743600000,2228777.5
9473,1708747200000,2234747.0
9474,1708750800000,2250699.5
9475,1708754400000,2261326.29999999
9476,1708758000000,2262911.6
9477,1708761600000,2265876.7
9478,1708765200000,2245177.0
9479,1708768800000,2256098.1
9480,1708772400000,2268857.4
9481,1708776000000,2278724.7
9482,1708779600000,2274625.7
9483,1708783200000,2254674.6
9484,1708786800000,2235452.4
9485,1708790400000,2236430.79999999
9486,1708794000000,2238826.0
9487,1708797600000,2245789.7
9488,1708801200000,2244865.4
9489,1708804800000,2267123.2
9490,1708808400000,2260600.4
9491,1708812000000,2258999.1
9492,1708815600000,2259345.29999999
9493,1708819200000,2288904.7
9494,1708822800000,2285293.79999999
9495,1708826400000,2281247.29999999
9496,1708830000000,2309621.79999999
9497,1708833600000,2297862.79999999
9498,1708837200000,2292286.9
9499,1708840800000,2299508.7
9500,1708844400000,2294829.79999999
9501,1708848000000,2299717.6
9502,1708851600000,2291198.1
9503,1708855200000,2281954.9
9504,1708858800000,2275696.6
9505,1708862400000,2287354.0
9506,1708866000000,2283476.29999999
9507,1708869600000,2281844.4
9508,1708873200000,2281826.2
9509,1708876800000,2299561.4
9510,1708880400000,2314465.4
9511,1708884000000,2318525.9
9512,1708887600000,2319809.6
9513,1708891200000,2306184.2
9514,1708894800000,2290118.79999999
9515,1708898400000,2295996.9
9516,1708902000000,2290348.1
9517,1708905600000,2283471.7
9518,1708909200000,2283958.9
9519,1708912800000,2270916.1
9520,1708916400000,2257820.79999999
9521,1708920000000,2265295.4
9522,1708923600000,2277709.1
9523,1708927200000,2273786.4
9524,1708930800000,2275454.6
9525,1708934400000,2259447.0
9526,1708938000000,2272436.1
9527,1708941600000,2213544.1
9528,1708945200000,2201164.0
9529,1708948800000,2214826.7
9530,1708952400000,2220945.79999999
9531,1708956000000,2235182.0
9532,1708959600000,2237079.5
9533,1708963200000,2185332.5
9534,1708966800000,2165173.29999999
9535,1708970400000,2154551.0
9536,1708974000000,2144958.7
9537,1708977600000,2138350.1
9538,1708981200000,2143690.29999999
9539,1708984800000,2144688.6
9540,1708988400000,2142386.9
9541,1708992000000,2144531.6
9542,1708995600000,2139394.6
9543,1708999200000,2149736.6
9544,1709002800000,2158236.0
9545,1709006400000,2125780.7
9546,1709010000000,2138905.2
9547,1709013600000,2148600.79999999
9548,1709017200000,2160180.1
9549,1709020800000,2159788.0
9550,1709024400000,2157357.7
9551,1709028000000,2152476.1
9552,1709031600000,2151454.79999999
9553,1709035200000,2150868.1
9554,1709038800000,2132089.6
9555,1709042400000,2143287.5
9556,1709046000000,2147471.79999999
9557,1709049600000,2121331.0
9558,1709053200000,2102322.1
9559,1709056800000,2114768.6
9560,1709060400000,2095954.7
9561,1709064000000,2094171.4
9562,1709067600000,2104058.79999999
9563,1709071200000,2106566.6
9564,1709074800000,2096080.8
9565,1709078400000,2100001.4
9566,1709082000000,2099856.29999999
9567,1709085600000,2109706.29999999
9568,1709089200000,2110615.2
9569,1709092800000,2085907.3
9570,1709096400000,2088981.9
9571,1709100000000,2087023.3
9572,1709103600000,2087984.1
9573,1709107200000,2091085.1
9574,1709110800000,2093065.6
9575,1709114400000,2090834.4
9576,1709118000000,2103467.9
9577,1709121600000,2063999.5
9578,1709125200000,2107761.9
9579,1709128800000,2119030.4
9580,1709132400000,2118543.6
9581,1709136000000,2146832.5
9582,1709139600000,2099512.79999999
9583,1709143200000,1965636.6
9584,1709146800000,1942340.0
9585,1709150400000,1938221.6
9586,1709154000000,1951708.3
9587,1709157600000,1987959.5
9588,1709161200000,2040553.9
9589,1709164800000,2050411.1
9590,1709168400000,2124710.29999999
9591,1709172000000,2138136.79999999
9592,1709175600000,2143709.2
9593,1709179200000,2130262.6
9594,1709182800000,2113033.2
9595,1709186400000,2129095.4
9596,1709190000000,2142841.79999999
9597,1709193600000,2132640.6
9598,1709197200000,2220597.9
9599,1709200800000,2239017.29999999
9600,1709204400000,2237928.0
9601,1709208000000,2226856.29999999
9602,1709211600000,2211886.0
9603,1709215200000,2307682.1
9604,1709218800000,2269559.79999999
9605,1709222400000,2297416.0
9606,1709226000000,2182722.29999999
9607,1709229600000,2194296.5
9608,1709233200000,2183969.4
9609,1709236800000,2193952.1
9610,1709240400000,2206125.0
9611,1709244000000,2123286.79999999
9612,1709247600000,2048771.0
9613,1709251200000,2070844.5
9614,1709254800000,2122474.5
9615,1709258400000,2156657.0
9616,1709262000000,2153134.6
9617,1709265600000,2179015.0
9618,1709269200000,2207507.5
9619,1709272800000,2187098.2
9620,1709276400000,2196176.2
9621,1709280000000,2183669.5
9622,1709283600000,2184356.1
9623,1709287200000,2195476.29999999
9624,1709290800000,2196922.2
9625,1709294400000,2206825.2
9626,1709298000000,2203834.7
9627,1709301600000,2212226.7
9628,1709305200000,2191685.0
9629,1709308800000,2165795.29999999
9630,1709312400000,2190866.2
9631,1709316000000,2178789.29999999
9632,1709319600000,2169675.6
9633,1709323200000,2166798.2
9634,1709326800000,2165888.5
9635,1709330400000,2159219.4
9636,1709334000000,2187185.9
9637,1709337600000,2200269.79999999
9638,1709341200000,2240411.0
9639,1709344800000,2229434.1
9640,1709348400000,2263500.4
9641,1709352000000,2261248.7
9642,1709355600000,2267773.7
9643,1709359200000,2280347.29999999
9644,1709362800000,2280093.1
9645,1709366400000,2241003.4
9646,1709370000000,2235114.5
9647,1709373600000,2225869.5
9648,1709377200000,2220659.4
9649,1709380800000,2220083.7
9650,1709384400000,2231912.4
9651,1709388000000,2217006.6
9652,1709391600000,2210416.5
9653,1709395200000,2200359.1
9654,1709398800000,2203175.29999999
9655,1709402400000,2181288.79999999
9656,1709406000000,2174355.79999999
9657,1709409600000,2179649.29999999
9658,1709413200000,2182098.79999999
9659,1709416800000,2186305.79999999
9660,1709420400000,2171797.7
9661,1709424000000,2216673.29999999
9662,1709427600000,2207337.79999999
9663,1709431200000,2193680.5
9664,1709434800000,2176522.7
9665,1709438400000,2166746.79999999
9666,1709442000000,2160696.2
9667,1709445600000,2160347.9
9668,1709449200000,2168507.79999999
9669,1709452800000,2143216.0
9670,1709456400000,2123730.1
9671,1709460000000,2114505.2
9672,1709463600000,2097830.9
9673,1709467200000,2099462.29999999
9674,1709470800000,2124818.2
9675,1709474400000,2142333.6
9676,1709478000000,2179916.2
9677,1709481600000,2180343.1
9678,1709485200000,2163207.9
9679,1709488800000,2145551.5
9680,1709492400000,2141901.0
9681,1709496000000,2139182.29999999
9682,1709499600000,2127101.4
9683,1709503200000,2165007.0
9684,1709506800000,2163409.0
9685,1709510400000,2153646.7
9686,1709514000000,2123509.29999999
9687,1709517600000,2133689.7
9688,1709521200000,2147275.9
9689,1709524800000,2159466.1
9690,1709528400000,2162940.79999999
9691,1709532000000,2151243.0
9692,1709535600000,2164693.9
9693,1709539200000,2178231.7
9694,1709542800000,2217970.5
9695,1709546400000,2237900.6
9696,1709550000000,2212766.9
9697,1709553600000,2207090.6
9698,1709557200000,2220715.79999999
9699,1709560800000,2254184.4
9700,1709564400000,2229388.9
9701,1709568000000,2240567.1
9702,1709571600000,2198153.1
9703,1709575200000,2156350.6
9704,1709578800000,2159678.29999999
9705,1709582400000,2184585.29999999
9706,1709586000000,2182365.29999999
9707,1709589600000,2163230.7
9708,1709593200000,2151836.0
9709,1709596800000,2186766.0
9710,1709600400000,2180509.79999999
9711,1709604000000,2175551.1
9712,1709607600000,2169824.1
9713,1709611200000,2184438.6
9714,1709614800000,2176149.9
9715,1709618400000,2200144.6
9716,1709622000000,2242332.29999999
9717,1709625600000,2223838.29999999
9718,1709629200000,2277835.29999999
9719,1709632800000,2295714.5
9720,1709636400000,2313776.4
9721,1709640000000,2302488.4
9722,1709643600000,2315316.6
9723,1709647200000,2301292.29999999
9724,1709650800000,2305238.5
9725,1709654400000,2411623.4
9726,1709658000000,2372178.5
9727,1709661600000,2347594.4
9728,1709665200000,2290446.6
9729,1709668800000,2138044.4
9730,1709672400000,2046507.1
9731,1709676000000,2031785.4
9732,1709679600000,2020669.9
9733,1709683200000,2016763.7
9734,1709686800000,2017550.7
9735,1709690400000,2015153.7
9736,1709694000000,2012810.7
9737,1709697600000,2013664.7
9738,1709701200000,2016835.0
9739,1709704800000,2005661.7
9740,1709708400000,2010570.3
9741,1709712000000,2016603.2
9742,1709715600000,2026261.5
9743,1709719200000,2030443.8
9744,1709722800000,2030396.0
9745,1709726400000,2022766.8
9746,1709730000000,2017978.9
9747,1709733600000,2017228.6
9748,1709737200000,2015017.2
9749,1709740800000,2010785.3
9750,1709744400000,2039436.2
9751,1709748000000,2024119.8
9752,1709751600000,2017265.7
9753,1709755200000,2021660.6
9754,1709758800000,2041661.3
9755,1709762400000,2037916.9
9756,1709766000000,2003424.1
9757,1709769600000,2007870.6
9758,1709773200000,2048039.9
9759,1709776800000,2119320.6
9760,1709780400000,2141951.6
9761,1709784000000,2141609.6
9762,1709787600000,2157273.2
9763,1709791200000,2140851.79999999
9764,1709794800000,2128147.9
9765,1709798400000,2139539.7
9766,1709802000000,2146704.79999999
9767,1709805600000,2158164.1
9768,1709809200000,2155296.9
9769,1709812800000,2179231.5
9770,1709816400000,2149671.2
9771,1709820000000,2239132.1
9772,1709823600000,2259834.4
9773,1709827200000,2259607.0
9774,1709830800000,2254706.79999999
9775,1709834400000,2251757.4
9776,1709838000000,2259813.5
9777,1709841600000,2249209.7
9778,1709845200000,2262173.4
9779,1709848800000,2239484.29999999
9780,1709852400000,2233826.79999999
9781,1709856000000,2205570.1
9782,1709859600000,2209908.0
9783,1709863200000,2197272.5
9784,1709866800000,2179536.79999999
9785,1709870400000,2175027.1
9786,1709874000000,2184031.7
9787,1709877600000,2186868.4
9788,1709881200000,2218054.7
9789,1709884800000,2221142.5
9790,1709888400000,2216778.9
9791,1709892000000,2218915.1
9792,1709895600000,2236265.4
9793,1709899200000,2245970.29999999
9794,1709902800000,2242647.29999999
9795,1709906400000,2262356.2
9796,1709910000000,2266734.29999999
9797,1709913600000,2197426.29999999
9798,1709917200000,2185011.0
9799,1709920800000,2195887.6
9800,1709924400000,2194495.4
9801,1709928000000,2212770.0
9802,1709931600000,2209483.5
9803,1709935200000,2207695.4
9804,1709938800000,2222390.7
9805,1709942400000,2218633.7
9806,1709946000000,2246970.4
9807,1709949600000,2267630.79999999
9808,1709953200000,2276974.1
9809,1709956800000,2282120.29999999
9810,1709960400000,2286010.9
9811,1709964000000,2301011.0
9812,1709967600000,2303673.29999999
9813,1709971200000,2302810.9
9814,1709974800000,2307225.1
9815,1709978400000,2326130.0
9816,1709982000000,2311328.7
9817,1709985600000,2322599.7
9818,1709989200000,2319434.29999999
9819,1709992800000,2318535.2
9820,1709996400000,2318913.4
9821,1710000000000,2322909.9
9822,1710003600000,2327039.29999999
9823,1710007200000,2401437.5
9824,1710010800000,2370080.2
9825,1710014400000,2366163.4
9826,1710018000000,2369357.79999999
9827,1710021600000,2374059.79999999
9828,1710025200000,2369505.2
9829,1710028800000,2369296.6
9830,1710032400000,2363292.0
9831,1710036000000,2370079.5
9832,1710039600000,2372520.4
9833,1710043200000,2373135.6
9834,1710046800000,2373795.4
9835,1710050400000,2379789.29999999
9836,1710054000000,2385078.79999999
9837,1710057600000,2404453.6
9838,1710061200000,2387947.29999999
9839,1710064800000,2366324.6
9840,1710068400000,2359785.79999999
9841,1710072000000,2355360.29999999
9842,1710075600000,2353691.79999999
9843,1710079200000,2326270.7
9844,1710082800000,2328582.6
9845,1710086400000,2338156.7
9846,1710090000000,2335479.9
9847,1710093600000,2329272.2
9848,1710097200000,2310001.2
9849,1710100800000,2316743.1
9850,1710104400000,2333996.5
9851,1710108000000,2331225.0
9852,1710111600000,2305167.2
9853,1710115200000,2311690.6
9854,1710118800000,2293966.2
9855,1710122400000,2282672.2
9856,1710126000000,2282289.79999999
9857,1710129600000,2246944.7
9858,1710133200000,2235323.29999999
9859,1710136800000,2233918.2
9860,1710140400000,2238971.29999999
9861,1710144000000,2184978.0
9862,1710147600000,2202349.2
9863,1710151200000,2239255.4
9864,1710154800000,2329891.7
9865,1710158400000,2362679.6
9866,1710162000000,2391598.6
9867,1710165600000,2386218.79999999
9868,1710169200000,2406481.6
9869,1710172800000,2394713.6
9870,1710176400000,2401093.2
9871,1710180000000,2420516.5
9872,1710183600000,2637701.1
9873,1710187200000,2657898.1
9874,1710190800000,2869859.1
9875,1710194400000,2904236.1
9876,1710198000000,2913440.0
9877,1710201600000,2858636.3
9878,1710205200000,2844047.2
9879,1710208800000,2834054.7
9880,1710212400000,2920660.6
9881,1710216000000,2738588.1
9882,1710219600000,2821954.6
9883,1710223200000,2821259.3
9884,1710226800000,2791516.6
9885,1710230400000,2780394.29999999
9886,1710234000000,2742994.4
9887,1710237600000,2740943.6
9888,1710241200000,2727808.7
9889,1710244800000,2734891.5
9890,1710248400000,2724539.1
9891,1710252000000,2773878.79999999
9892,1710255600000,2778127.9
9893,1710259200000,2983718.0
9894,1710262800000,2870864.0
9895,1710266400000,2947764.2
9896,1710270000000,3022857.3
9897,1710273600000,3021543.6
9898,1710277200000,2969646.1
9899,1710280800000,2950439.4
9900,1710284400000,2944710.0
9901,1710288000000,2947769.8
9902,1710291600000,2940942.4
9903,1710295200000,2972722.7
9904,1710298800000,2974967.8
9905,1710302400000,2902115.5
9906,1710306000000,2869152.2
9907,1710309600000,2876223.8
9908,1710313200000,2845527.5
9909,1710316800000,2867340.0
9910,1710320400000,2911453.9
9911,1710324000000,2897115.6
9912,1710327600000,2883667.6
9913,1710331200000,2883608.7
9914,1710334800000,2862225.7
9915,1710338400000,2839874.8
9916,1710342000000,2774652.2
9917,1710345600000,2740971.6
9918,1710349200000,2715572.1
9919,1710352800000,2764268.2
9920,1710356400000,2804580.0
9921,1710360000000,2743572.4
9922,1710363600000,2696494.79999999
9923,1710367200000,2690503.5
9924,1710370800000,2702875.6
9925,1710374400000,2712435.9
9926,1710378000000,2749825.5
9927,1710381600000,2758430.0
9928,1710385200000,2768417.6
9929,1710388800000,2797805.79999999
9930,1710392400000,2737589.2
9931,1710396000000,2754900.79999999
9932,1710399600000,2803311.29999999
9933,1710403200000,2796066.2
9934,1710406800000,2810204.6
9935,1710410400000,2722039.7
9936,1710414000000,2696947.5
9937,1710417600000,2659177.4
9938,1710421200000,2645219.79999999
9939,1710424800000,2611127.7
9940,1710428400000,2577735.1
9941,1710432000000,2591643.9
9942,1710435600000,2591691.79999999
9943,1710439200000,2570091.5
9944,1710442800000,2571668.6
9945,1710446400000,2648570.9
9946,1710450000000,2673411.2
9947,1710453600000,2685027.0
9948,1710457200000,2699653.4
9949,1710460800000,2705383.1
9950,1710464400000,2710125.7
9951,1710468000000,2668101.29999999
9952,1710471600000,2636169.4
9953,1710475200000,2601105.4
9954,1710478800000,2597220.79999999
9955,1710482400000,2590454.79999999
9956,1710486000000,2552414.2
9957,1710489600000,2545858.0
9958,1710493200000,2485152.79999999
9959,1710496800000,2517739.4
9960,1710500400000,2465977.6
9961,1710504000000,2453973.1
9962,1710507600000,2462938.7
9963,1710511200000,2495493.7
9964,1710514800000,2503172.6
9965,1710518400000,2564956.29999999
9966,1710522000000,2586443.29999999
9967,1710525600000,2622869.29999999
9968,1710529200000,2589101.1
9969,1710532800000,2590221.2
9970,1710536400000,2539836.6
9971,1710540000000,2542000.0
9972,1710543600000,2551707.1
9973,1710547200000,2572635.6
9974,1710550800000,2601048.79999999
9975,1710554400000,2624850.4
9976,1710558000000,2619857.29999999
9977,1710561600000,2620747.1
9978,1710565200000,2613530.9
9979,1710568800000,2643616.6
9980,1710572400000,2718770.79999999
9981,1710576000000,2700890.6
9982,1710579600000,2739898.79999999
9983,1710583200000,2738257.29999999
9984,1710586800000,2770601.6
9985,1710590400000,2697915.5
9986,1710594000000,2729558.0
9987,1710597600000,2693922.0
9988,1710601200000,2611244.2
9989,1710604800000,2605190.7
9990,1710608400000,2587685.7
9991,1710612000000,2540695.2
9992,1710615600000,2567030.4
9993,1710619200000,2543401.1
9994,1710622800000,2495609.7
9995,1710626400000,2476971.29999999
9996,1710630000000,2484751.2
9997,1710633600000,2515654.5
9998,1710637200000,2480031.79999999
9999,1710640800000,2490188.1
10000,1710644400000,2489558.4
10001,1710648000000,2490805.29999999
10002,1710651600000,2473911.7
10003,1710655200000,2467761.9
10004,1710658800000,2416941.5
10005,1710662400000,2395558.79999999
10006,1710666000000,2363390.2
10007,1710669600000,2358478.6
10008,1710673200000,2356363.6
10009,1710676800000,2341413.79999999
10010,1710680400000,2360562.29999999
10011,1710684000000,2333962.2
10012,1710687600000,2346018.0
10013,1710691200000,2346787.6
10014,1710694800000,2332950.4
10015,1710698400000,2324148.6
10016,1710702000000,2315244.7
10017,1710705600000,2331348.7
10018,1710709200000,2326771.2
10019,1710712800000,2333743.2
10020,1710716400000,2336942.6
10021,1710720000000,2342299.0
10022,1710723600000,2329539.79999999
10023,1710727200000,2319807.79999999
10024,1710730800000,2410191.0
10025,1710734400000,2517224.5
10026,1710738000000,2425257.5
10027,1710741600000,2399980.2
10028,1710745200000,2417886.2
10029,1710748800000,2430430.79999999
10030,1710752400000,2452179.1
10031,1710756000000,2463032.2
10032,1710759600000,2453096.6
10033,1710763200000,2487715.6
10034,1710766800000,2496717.2
10035,1710770400000,2482470.29999999
10036,1710774000000,2433000.7
10037,1710777600000,2454036.29999999
10038,1710781200000,2467606.7
10039,1710784800000,2435213.5
10040,1710788400000,2422411.29999999
10041,1710792000000,2432317.79999999
10042,1710795600000,2401763.1
10043,1710799200000,2403476.6
10044,1710802800000,2410964.9
10045,1710806400000,2372433.1
10046,1710810000000,2287430.29999999
10047,1710813600000,2255873.1
10048,1710817200000,2244608.2
10049,1710820800000,2266228.4
10050,1710824400000,2276116.5
10051,1710828000000,2253097.1
10052,1710831600000,2259385.7
10053,1710835200000,2257481.0
10054,1710838800000,2256551.1
10055,1710842400000,2309545.4
10056,1710846000000,2268887.7
10057,1710849600000,2245267.1
10058,1710853200000,2252139.1
10059,1710856800000,2229253.5
10060,1710860400000,2177807.5
10061,1710864000000,2197776.7
10062,1710867600000,2214018.79999999
10063,1710871200000,2234050.0
10064,1710874800000,2203748.9
10065,1710878400000,2166119.29999999
10066,1710882000000,2170411.0
10067,1710885600000,2145978.1
10068,1710889200000,2134512.7
10069,1710892800000,2220905.0
10070,1710896400000,2246446.9
10071,1710900000000,2161716.79999999
10072,1710903600000,2210032.7
10073,1710907200000,2269484.4
10074,1710910800000,2267029.79999999
10075,1710914400000,2219572.6
10076,1710918000000,2261049.4
10077,1710921600000,2249563.5
10078,1710925200000,2194487.7
10079,1710928800000,2216504.4
10080,1710932400000,2191737.4
10081,1710936000000,2258359.2
10082,1710939600000,2239704.1
10083,1710943200000,2226596.7
10084,1710946800000,2203429.1
10085,1710950400000,2152978.79999999
10086,1710954000000,2116608.9
10087,1710957600000,2122972.29999999
10088,1710961200000,2180086.1
10089,1710964800000,2194162.29999999
10090,1710968400000,2205381.0
10091,1710972000000,2220666.5
10092,1710975600000,2195806.0
10093,1710979200000,2175694.6
10094,1710982800000,2146483.2
10095,1710986400000,2154765.9
10096,1710990000000,2126595.4
10097,1710993600000,2101351.5
10098,1710997200000,2091596.0
10099,1711000800000,2073577.8
10100,1711004400000,2055905.5
10101,1711008000000,2079068.7
10102,1711011600000,2082573.9
10103,1711015200000,2076649.4
10104,1711018800000,2082711.1
10105,1711022400000,2118958.7
10106,1711026000000,2152953.0
10107,1711029600000,2109916.9
10108,1711033200000,2108204.1
10109,1711036800000,2117423.0
10110,1711040400000,2126567.0
10111,1711044000000,2074320.9
10112,1711047600000,2042204.3
10113,1711051200000,2024202.4
10114,1711054800000,2002218.7
10115,1711058400000,1981323.7
10116,1711062000000,1986233.3
10117,1711065600000,1989826.5
10118,1711069200000,1967423.5
10119,1711072800000,1973475.1
10120,1711076400000,1961322.5
10121,1711080000000,1955841.4
10122,1711083600000,1992942.6
10123,1711087200000,1992960.7
10124,1711090800000,1992709.9
10125,1711094400000,1987960.1
10126,1711098000000,1992952.4
10127,1711101600000,1996468.5
10128,1711105200000,1982662.6
10129,1711108800000,1991635.7
10130,1711112400000,2029745.0
10131,1711116000000,1975061.4
10132,1711119600000,1963892.6
10133,1711123200000,1989961.9
10134,1711126800000,1976654.4
10135,1711130400000,1959195.8
10136,1711134000000,1962457.2
10137,1711137600000,1949886.6
10138,1711141200000,1922228.6
10139,1711144800000,1943440.5
10140,1711148400000,1948577.9
10141,1711152000000,1942453.5
10142,1711155600000,1945601.9
10143,1711159200000,1937603.3
10144,1711162800000,1925543.7
10145,1711166400000,1942817.3
10146,1711170000000,1957994.0
10147,1711173600000,1956744.6
10148,1711177200000,1958370.4
10149,1711180800000,2020561.3
10150,1711184400000,1972956.7
10151,1711188000000,1958981.8
10152,1711191600000,1954273.7
10153,1711195200000,1950519.3
10154,1711198800000,1923303.1
10155,1711202400000,1908893.9
10156,1711206000000,1916763.4
10157,1711209600000,1905770.2
10158,1711213200000,1925283.0
10159,1711216800000,1898392.1
10160,1711220400000,1908889.8
10161,1711224000000,1906262.7
10162,1711227600000,1906071.0
10163,1711231200000,1923387.3
10164,1711234800000,1935902.2
10165,1711238400000,1932207.9
10166,1711242000000,1930818.9
10167,1711245600000,1929433.2
10168,1711249200000,1929742.9
10169,1711252800000,1934628.7
10170,1711256400000,1935114.2
10171,1711260000000,1938255.0
10172,1711263600000,1928714.6
10173,1711267200000,1934106.8
10174,1711270800000,1937907.7
10175,1711274400000,1933234.8
10176,1711278000000,1934626.5
10177,1711281600000,1932877.6
10178,1711285200000,1936063.1
10179,1711288800000,1942330.8
10180,1711292400000,1930464.9
10181,1711296000000,1934294.4
10182,1711299600000,1927594.4
10183,1711303200000,1947880.2
10184,1711306800000,1942130.3
10185,1711310400000,1937521.6
10186,1711314000000,1944085.7
10187,1711317600000,1930028.3
10188,1711321200000,1925859.1
10189,1711324800000,1933589.4
10190,1711328400000,1932317.7
10191,1711332000000,1943425.5
10192,1711335600000,1946569.1
10193,1711339200000,1948371.0
10194,1711342800000,1939205.5
10195,1711346400000,1937794.9
10196,1711350000000,1935193.4
10197,1711353600000,1935015.7
10198,1711357200000,1940695.5
10199,1711360800000,1946798.9
10200,1711364400000,1996153.4
10201,1711368000000,1964447.4
10202,1711371600000,1956742.2
10203,1711375200000,1957295.2
10204,1711378800000,2014545.2
10205,1711382400000,1974678.8
10206,1711386000000,1989931.1
10207,1711389600000,1981476.8
10208,1711393200000,1979376.0
10209,1711396800000,1970928.1
10210,1711400400000,1953892.1
10211,1711404000000,1935798.1
10212,1711407600000,1950959.3
10213,1711411200000,1928687.6
10214,1711414800000,1925346.9
10215,1711418400000,1934639.4
10216,1711422000000,1924915.1
10217,1711425600000,1931187.6
10218,1711429200000,1936832.6
10219,1711432800000,1933771.0
10220,1711436400000,1943410.6
10221,1711440000000,1924397.8
10222,1711443600000,1935302.9
10223,1711447200000,1946965.3
10224,1711450800000,1991522.8
10225,1711454400000,1995117.4
10226,1711458000000,2002110.2
10227,1711461600000,1989542.0
10228,1711465200000,1987476.1
10229,1711468800000,2016850.9
10230,1711472400000,2007186.3
10231,1711476000000,2039532.5
10232,1711479600000,2048965.4
10233,1711483200000,2055979.5
10234,1711486800000,2056812.3
10235,1711490400000,2079858.1
10236,1711494000000,2089928.8
10237,1711497600000,2113815.6
10238,1711501200000,2140802.2
10239,1711504800000,2135757.6
10240,1711508400000,2144880.4
10241,1711512000000,2160329.29999999
10242,1711515600000,2131152.0
10243,1711519200000,2127349.5
10244,1711522800000,2131306.0
10245,1711526400000,2114536.5
10246,1711530000000,2123588.7
10247,1711533600000,2124454.2
10248,1711537200000,2127059.79999999
10249,1711540800000,2146707.29999999
10250,1711544400000,2200169.7
10251,1711548000000,2210406.1
10252,1711551600000,2265563.2
10253,1711555200000,2255981.4
10254,1711558800000,2218146.7
10255,1711562400000,2214987.2
10256,1711566000000,2207082.7
10257,1711569600000,2194208.6
10258,1711573200000,2206622.29999999
10259,1711576800000,2200438.29999999
10260,1711580400000,2202697.5
10261,1711584000000,2201579.0
10262,1711587600000,2199721.2
10263,1711591200000,2189659.79999999
10264,1711594800000,2206216.29999999
10265,1711598400000,2201179.9
10266,1711602000000,2188394.2
10267,1711605600000,2198717.1
10268,1711609200000,2194938.5
10269,1711612800000,2200567.79999999
10270,1711616400000,2206282.9
10271,1711620000000,2218290.4
10272,1711623600000,2226878.29999999
10273,1711627200000,2230060.29999999
10274,1711630800000,2212089.6
10275,1711634400000,2220952.4
10276,1711638000000,2231747.9
10277,1711641600000,2248996.5
10278,1711645200000,2251051.2
10279,1711648800000,2247245.7
10280,1711652400000,2247173.4
10281,1711656000000,2244112.0
10282,1711659600000,2233200.7
10283,1711663200000,2233951.6
10284,1711666800000,2230712.79999999
10285,1711670400000,2217592.0
10286,1711674000000,2222916.5
10287,1711677600000,2213957.1
10288,1711681200000,2217268.6
10289,1711684800000,2221938.0
10290,1711688400000,2222283.9
10291,1711692000000,2221777.7
10292,1711695600000,2224016.79999999
10293,1711699200000,2206201.2
10294,1711702800000,2212059.79999999
10295,1711706400000,2215987.29999999
10296,1711710000000,2214397.29999999
10297,1711713600000,2212962.4
10298,1711717200000,2225249.0
10299,1711720800000,2235568.4
10300,1711724400000,2242280.4
10301,1711728000000,2247246.1
10302,1711731600000,2243134.6
10303,1711735200000,2246277.9
10304,1711738800000,2244551.6
10305,1711742400000,2240749.5
10306,1711746000000,2238323.7
10307,1711749600000,2229836.29999999
10308,1711753200000,2229598.7
10309,1711756800000,2224945.7
10310,1711760400000,2235669.79999999
10311,1711764000000,2234696.5
10312,1711767600000,2237844.5
10313,1711771200000,2232108.7
10314,1711774800000,2243949.7
10315,1711778400000,2288619.79999999
10316,1711782000000,2282013.1
10317,1711785600000,2285552.9
10318,1711789200000,2294798.7
10319,1711792800000,2298919.0
10320,1711796400000,2311314.0
10321,1711800000000,2319430.9
10322,1711803600000,2333742.9
10323,1711807200000,2303892.1
10324,1711810800000,2309193.2
10325,1711814400000,2321035.4
10326,1711818000000,2322240.7
10327,1711821600000,2321108.1
10328,1711825200000,2320866.2
10329,1711828800000,2322790.6
10330,1711832400000,2322095.6
10331,1711836000000,2316375.79999999
10332,1711839600000,2318146.1
10333,1711843200000,2308317.4
10334,1711846800000,2307772.4
10335,1711850400000,2312156.29999999
10336,1711854000000,2313003.0
10337,1711857600000,2319916.7
10338,1711861200000,2317062.29999999
10339,1711864800000,2306067.29999999
10340,1711868400000,2313436.5
10341,1711872000000,2310361.4
10342,1711875600000,2306083.2
10343,1711879200000,2301887.6
10344,1711882800000,2303319.5
10345,1711886400000,2302655.29999999
10346,1711890000000,2305252.4
10347,1711893600000,2319463.5
10348,1711897200000,2324276.1
10349,1711900800000,2328170.29999999
10350,1711904400000,2333811.1
10351,1711908000000,2336444.7
10352,1711911600000,2333030.2
10353,1711915200000,2361368.7
10354,1711918800000,2351217.4
10355,1711922400000,2380012.9
10356,1711926000000,2394414.29999999
10357,1711929600000,2415923.5
10358,1711933200000,2423569.9
10359,1711936800000,2437090.79999999
10360,1711940400000,2434449.79999999
10361,1711944000000,2437877.1
10362,1711947600000,2428001.7
10363,1711951200000,2416675.6
10364,1711954800000,2454263.1
10365,1711958400000,2455915.0
10366,1711962000000,2463334.7
10367,1711965600000,2464308.79999999
10368,1711969200000,2476669.6
10369,1711972800000,2525739.7
10370,1711976400000,2565819.5
10371,1711980000000,2541361.9
10372,1711983600000,2510418.2
10373,1711987200000,2483555.6
10374,1711990800000,2435104.79999999
10375,1711994400000,2435011.4
10376,1711998000000,2417153.1
10377,1712001600000,2420738.1
10378,1712005200000,2415569.5
10379,1712008800000,2418289.7
10380,1712012400000,2425729.6
10381,1712016000000,2427630.7
10382,1712019600000,2412392.1
10383,1712023200000,2432089.6
10384,1712026800000,2328210.5
10385,1712030400000,2349942.0
10386,1712034000000,2340345.9
10387,1712037600000,2332878.9
10388,1712041200000,2297066.6
10389,1712044800000,2289538.79999999
10390,1712048400000,2287615.5
10391,1712052000000,2272661.7
10392,1712055600000,2273699.2
10393,1712059200000,2257248.79999999
10394,1712062800000,2257698.9
10395,1712066400000,2243324.5
10396,1712070000000,2228016.4
10397,1712073600000,2202438.6
10398,1712077200000,2192754.79999999
10399,1712080800000,2197317.5
10400,1712084400000,2188452.0
10401,1712088000000,2176446.0
10402,1712091600000,2159082.5
10403,1712095200000,2158809.5
10404,1712098800000,2178264.79999999
10405,1712102400000,2180029.6
10406,1712106000000,2164876.5
10407,1712109600000,2182340.1
10408,1712113200000,2190659.7
10409,1712116800000,2197652.4
10410,1712120400000,2203208.79999999
10411,1712124000000,2209521.79999999
10412,1712127600000,2243013.0
10413,1712131200000,2239825.9
10414,1712134800000,2244924.4
10415,1712138400000,2277280.79999999
10416,1712142000000,2262575.2
10417,1712145600000,2279633.6
10418,1712149200000,2253520.9
10419,1712152800000,2271627.0
10420,1712156400000,2307334.9
10421,1712160000000,2292962.5
10422,1712163600000,2286517.6
10423,1712167200000,2269236.29999999
10424,1712170800000,2264902.79999999
10425,1712174400000,2267848.79999999
10426,1712178000000,2238420.7
10427,1712181600000,2251753.1
10428,1712185200000,2247984.0
10429,1712188800000,2279593.6
10430,1712192400000,2331442.5
10431,1712196000000,2311314.2
10432,1712199600000,2270596.5
10433,1712203200000,2262221.4
10434,1712206800000,2310378.0
10435,1712210400000,2307918.9
10436,1712214000000,2322086.1
10437,1712217600000,2345075.7
10438,1712221200000,2360294.7
10439,1712224800000,2350044.5
10440,1712228400000,2312334.1
10441,1712232000000,2283054.2
10442,1712235600000,2282329.2
10443,1712239200000,2255050.29999999
10444,1712242800000,2249157.0
10445,1712246400000,2248897.2
10446,1712250000000,2236891.9
10447,1712253600000,2241148.5
10448,1712257200000,2245182.79999999
10449,1712260800000,2216198.6
10450,1712264400000,2159737.4
10451,1712268000000,2155833.79999999
10452,1712271600000,2157087.6
10453,1712275200000,2164871.9
10454,1712278800000,2163725.7
10455,1712282400000,2158100.4
10456,1712286000000,2150058.29999999
10457,1712289600000,2147669.79999999
10458,1712293200000,2144079.6
10459,1712296800000,2179411.2
10460,1712300400000,2185715.4
10461,1712304000000,2187781.6
10462,1712307600000,2197041.4
10463,1712311200000,2195627.9
10464,1712314800000,2199562.5
10465,1712318400000,2207003.2
10466,1712322000000,2140488.6
10467,1712325600000,2144467.2
10468,1712329200000,2131242.0
10469,1712332800000,2140116.1
10470,1712336400000,2147247.6
10471,1712340000000,2150634.5
10472,1712343600000,2156595.0
10473,1712347200000,2153174.0
10474,1712350800000,2161387.4
10475,1712354400000,2156325.1
10476,1712358000000,2152553.5
10477,1712361600000,2160913.7
10478,1712365200000,2371776.0
10479,1712368800000,2391213.4
10480,1712372400000,2397038.4
10481,1712376000000,2425385.1
10482,1712379600000,2457615.5
10483,1712383200000,2508746.5
10484,1712386800000,2527672.4
10485,1712390400000,2546154.29999999
10486,1712394000000,2579210.7
10487,1712397600000,2518905.2
10488,1712401200000,2487741.7
10489,1712404800000,2476768.1
10490,1712408400000,2465071.29999999
10491,1712412000000,2488009.29999999
10492,1712415600000,2544371.29999999
10493,1712419200000,2542467.2
10494,1712422800000,2523384.4
10495,1712426400000,2499091.6
10496,1712430000000,2492790.6
10497,1712433600000,2445822.4
10498,1712437200000,2435703.5
10499,1712440800000,2415921.7
10500,1712444400000,2419210.6
10501,1712448000000,2400331.5
10502,1712451600000,2404669.29999999
10503,1712455200000,2411592.1
10504,1712458800000,2421697.29999999
10505,1712462400000,2415008.6
10506,1712466000000,2405350.29999999
10507,1712469600000,2402866.29999999
10508,1712473200000,2374374.0
10509,1712476800000,2362511.2
10510,1712480400000,2375985.2
10511,1712484000000,2364937.7
10512,1712487600000,2372622.29999999
10513,1712491200000,2377397.5
10514,1712494800000,2373124.29999999
10515,1712498400000,2370713.0
10516,1712502000000,2370685.4
10517,1712505600000,2352647.4
10518,1712509200000,2356891.6
10519,1712512800000,2332059.7
10520,1712516400000,2318738.2
10521,1712520000000,2310023.5
10522,1712523600000,2296820.7
10523,1712527200000,2302359.7
10524,1712530800000,2304822.79999999
10525,1712534400000,2340562.0
10526,1712538000000,2340507.29999999
10527,1712541600000,2333757.2
10528,1712545200000,2330226.7
10529,1712548800000,2327751.2
10530,1712552400000,2341358.9
10531,1712556000000,2339664.6
10532,1712559600000,2339818.7
10533,1712563200000,2312359.79999999
10534,1712566800000,2266624.4
10535,1712570400000,2290387.0
10536,1712574000000,2328692.1
10537,1712577600000,2327731.9
10538,1712581200000,2306408.4
10539,1712584800000,2323521.29999999
10540,1712588400000,2311962.2
10541,1712592000000,2321187.4
10542,1712595600000,2333115.79999999
10543,1712599200000,2336008.4
10544,1712602800000,2357916.7
10545,1712606400000,2368351.29999999
10546,1712610000000,2367761.9
10547,1712613600000,2364545.2
10548,1712617200000,2362932.9
10549,1712620800000,2334488.4
10550,1712624400000,2316235.1
10551,1712628000000,2317571.1
10552,1712631600000,2325868.9
10553,1712635200000,2311232.7
10554,1712638800000,2298917.4
10555,1712642400000,2300473.5
10556,1712646000000,2305462.6
10557,1712649600000,2303266.79999999
10558,1712653200000,2273324.9
10559,1712656800000,2282561.29999999
10560,1712660400000,2302518.6
10561,1712664000000,2311989.5
10562,1712667600000,2310390.29999999
10563,1712671200000,2308489.79999999
10564,1712674800000,2270338.6
10565,1712678400000,2276190.1
10566,1712682000000,2317290.9
10567,1712685600000,2326445.0
10568,1712689200000,2328012.79999999
10569,1712692800000,2324842.9
10570,1712696400000,2324395.0
10571,1712700000000,2323464.6
10572,1712703600000,2317254.79999999
10573,1712707200000,2289378.7
10574,1712710800000,2237000.9
10575,1712714400000,2228873.7
10576,1712718000000,2230307.1
10577,1712721600000,2224108.79999999
10578,1712725200000,2192731.1
10579,1712728800000,2187327.79999999
10580,1712732400000,2226691.79999999
10581,1712736000000,2219053.9
10582,1712739600000,2190346.5
10583,1712743200000,2208742.7
10584,1712746800000,2269324.5
10585,1712750400000,2331048.79999999
10586,1712754000000,2194197.7
10587,1712757600000,2195529.6
10588,1712761200000,2193797.9
10589,1712764800000,2189625.29999999
10590,1712768400000,2179876.9
10591,1712772000000,2169886.7
10592,1712775600000,2164605.5
10593,1712779200000,2170162.29999999
10594,1712782800000,2193625.4
10595,1712786400000,2224435.6
10596,1712790000000,2233272.7
10597,1712793600000,2206687.1
10598,1712797200000,2195863.9
10599,1712800800000,2189236.79999999
10600,1712804400000,2190689.4
10601,1712808000000,2199627.6
10602,1712811600000,2196054.0
10603,1712815200000,2199703.1
10604,1712818800000,2227424.7
10605,1712822400000,2223723.5
10606,1712826000000,2229663.6
10607,1712829600000,2234523.5
10608,1712833200000,2209958.1
10609,1712836800000,2187398.79999999
10610,1712840400000,2200922.29999999
10611,1712844000000,2200704.29999999
10612,1712847600000,2200395.7
10613,1712851200000,2187491.0
10614,1712854800000,2185121.4
10615,1712858400000,2200233.6
10616,1712862000000,2202948.79999999
10617,1712865600000,2205515.79999999
10618,1712869200000,2203664.9
10619,1712872800000,2165224.29999999
10620,1712876400000,2160322.6
10621,1712880000000,2154678.2
10622,1712883600000,2155477.79999999
10623,1712887200000,2153537.79999999
10624,1712890800000,2186796.29999999
10625,1712894400000,2195915.6
10626,1712898000000,2205780.7
10627,1712901600000,2224957.0
10628,1712905200000,2221124.9
10629,1712908800000,2214577.5
10630,1712912400000,2219548.5
10631,1712916000000,2201676.2
10632,1712919600000,2199758.79999999
10633,1712923200000,2204800.7
10634,1712926800000,2178583.9
10635,1712930400000,2172896.1
10636,1712934000000,2160586.4
10637,1712937600000,2169318.7
10638,1712941200000,2144097.29999999
10639,1712944800000,2100789.6
10640,1712948400000,2005478.0
10641,1712952000000,1930268.7
10642,1712955600000,1923470.3
10643,1712959200000,1888247.7
10644,1712962800000,1874135.6
10645,1712966400000,1870769.7
10646,1712970000000,1864567.6
10647,1712973600000,1863136.1
10648,1712977200000,1848176.5
10649,1712980800000,1843356.5
10650,1712984400000,1834902.5
10651,1712988000000,1841257.5
10652,1712991600000,1841952.8
10653,1712995200000,1827082.8
10654,1712998800000,1920771.6
10655,1713002400000,1904333.9
10656,1713006000000,1887493.9
10657,1713009600000,1880835.7
10658,1713013200000,1881166.6
10659,1713016800000,1884627.3
10660,1713020400000,1881629.1
10661,1713024000000,1878239.2
10662,1713027600000,1867198.3
10663,1713031200000,1806601.1
10664,1713034800000,1785222.6
10665,1713038400000,1776341.0
10666,1713042000000,1654901.8
10667,1713045600000,1591280.7
10668,1713049200000,1532093.6
10669,1713052800000,1473125.9
10670,1713056400000,1463798.9
10671,1713060000000,1451488.4
10672,1713063600000,1439496.4
10673,1713067200000,1422999.9
10674,1713070800000,1431373.7
10675,1713074400000,1416044.4
10676,1713078000000,1404609.1
10677,1713081600000,1402271.39999999
10678,1713085200000,1409210.1
10679,1713088800000,1417250.1
10680,1713092400000,1418289.5
10681,1713096000000,1416559.4
10682,1713099600000,1418080.1
10683,1713103200000,1407468.0
10684,1713106800000,1420075.6
10685,1713110400000,1425345.2
10686,1713114000000,1436013.6
10687,1713117600000,1387932.0
10688,1713121200000,1411683.0
10689,1713124800000,1415522.8
10690,1713128400000,1410470.3
10691,1713132000000,1408105.0
10692,1713135600000,1394243.1
10693,1713139200000,1394204.5
10694,1713142800000,1374728.5
10695,1713146400000,1378904.89999999
10696,1713150000000,1367154.7
10697,1713153600000,1369257.89999999
10698,1713157200000,1372266.1
10699,1713160800000,1386289.89999999
10700,1713164400000,1383490.0
10701,1713168000000,1430017.7
10702,1713171600000,1438441.6
10703,1713175200000,1454532.1
10704,1713178800000,1478022.2
10705,1713182400000,1430113.0
10706,1713186000000,1447533.7
10707,1713189600000,1440427.2
10708,1713193200000,1411338.9
10709,1713196800000,1398132.0
10710,1713200400000,1371764.39999999
10711,1713204000000,1355840.0
10712,1713207600000,1389190.6
10713,1713211200000,1364910.7
10714,1713214800000,1375751.89999999
10715,1713218400000,1371353.5
10716,1713222000000,1394398.8
10717,1713225600000,1399097.5
10718,1713229200000,1466023.9
10719,1713232800000,1457283.9
10720,1713236400000,1453131.8
10721,1713240000000,1444797.9
10722,1713243600000,1415753.8
10723,1713247200000,1436658.6
10724,1713250800000,1438576.3
10725,1713254400000,1447203.4
10726,1713258000000,1459528.2
10727,1713261600000,1454493.2
10728,1713265200000,1426564.5
10729,1713268800000,1412553.2
10730,1713272400000,1417988.2
10731,1713276000000,1432368.5
10732,1713279600000,1434972.1
10733,1713283200000,1421817.7
10734,1713286800000,1423620.4
10735,1713290400000,1421938.3
10736,1713294000000,1401327.3
10737,1713297600000,1417210.0
10738,1713301200000,1406536.0
10739,1713304800000,1392544.5
10740,1713308400000,1390131.3
10741,1713312000000,1396528.7
10742,1713315600000,1416226.2
10743,1713319200000,1407527.3
10744,1713322800000,1426288.5
10745,1713326400000,1438129.1
10746,1713330000000,1423084.8
10747,1713333600000,1430859.9
10748,1713337200000,1440912.4
10749,1713340800000,1433324.9
10750,1713344400000,1418560.6
10751,1713348000000,1420764.4
10752,1713351600000,1420204.0
10753,1713355200000,1408903.8
10754,1713358800000,1417533.7
10755,1713362400000,1414924.3
10756,1713366000000,1435828.7
10757,1713369600000,1500868.4
10758,1713373200000,1418176.3
10759,1713376800000,1396385.0
10760,1713380400000,1368128.7
10761,1713384000000,1366019.89999999
10762,1713387600000,1368504.0
10763,1713391200000,1371322.39999999
10764,1713394800000,1377454.5
10765,1713398400000,1388570.1
10766,1713402000000,1383835.0
10767,1713405600000,1338475.1
10768,1713409200000,1335877.89999999
10769,1713412800000,1325926.5
10770,1713416400000,1327728.0
10771,1713420000000,1323917.89999999
10772,1713423600000,1317005.1
10773,1713427200000,1334402.0
10774,1713430800000,1349278.6
10775,1713434400000,1326059.7
10776,1713438000000,1318957.3
10777,1713441600000,1347637.2
10778,1713445200000,1337767.6
10779,1713448800000,1335747.5
10780,1713452400000,1321629.89999999
10781,1713456000000,1326204.39999999
10782,1713459600000,1326887.0
10783,1713463200000,1318132.5
10784,1713466800000,1332183.1
10785,1713470400000,1343225.89999999
10786,1713474000000,1342796.6
10787,1713477600000,1378269.5
10788,1713481200000,1380341.8
10789,1713484800000,1370631.39999999
10790,1713488400000,1338547.3
10791,1713492000000,1336084.3
10792,1713495600000,1346572.3
10793,1713499200000,1336332.0
10794,1713502800000,1336789.1
10795,1713506400000,1333850.0
10796,1713510000000,1328858.3
10797,1713513600000,1326719.0
10798,1713517200000,1333339.1
10799,1713520800000,1327021.7
10800,1713524400000,1343807.6
10801,1713528000000,1356419.5
10802,1713531600000,1366479.2
10803,1713535200000,1361098.39999999
10804,1713538800000,1360720.5
10805,1713542400000,1362437.1
10806,1713546000000,1345269.7
10807,1713549600000,1346944.2
10808,1713553200000,1348435.1
10809,1713556800000,1341154.3
10810,1713560400000,1331149.7
10811,1713564000000,1323849.39999999
10812,1713567600000,1321917.6
10813,1713571200000,1304264.39999999
10814,1713574800000,1316198.39999999
10815,1713578400000,1307884.2
10816,1713582000000,1305643.89999999
10817,1713585600000,1305237.89999999
10818,1713589200000,1299091.89999999
10819,1713592800000,1301737.7
10820,1713596400000,1302944.39999999
10821,1713600000000,1312103.39999999
10822,1713603600000,1317547.1
10823,1713607200000,1311642.89999999
10824,1713610800000,1307350.5
10825,1713614400000,1331143.1
10826,1713618000000,1331625.7
10827,1713621600000,1332373.89999999
10828,1713625200000,1321635.5
10829,1713628800000,1303787.39999999
10830,1713632400000,1285463.5
10831,1713636000000,1296281.8
10832,1713639600000,1277593.5
10833,1713643200000,1284418.3
10834,1713646800000,1300477.39999999
10835,1713650400000,1286954.6
10836,1713654000000,1299771.6
10837,1713657600000,1310486.5
10838,1713661200000,1283911.8
10839,1713664800000,1286591.0
10840,1713668400000,1290968.0
10841,1713672000000,1308108.3
10842,1713675600000,1309867.0
10843,1713679200000,1309922.8
10844,1713682800000,1308175.7
10845,1713686400000,1303266.5
10846,1713690000000,1319448.0
10847,1713693600000,1315244.8
10848,1713697200000,1304659.89999999
10849,1713700800000,1299454.5
10850,1713704400000,1303113.6
10851,1713708000000,1302744.8
10852,1713711600000,1312118.3
10853,1713715200000,1315466.7
10854,1713718800000,1299459.0
10855,1713722400000,1299315.7
10856,1713726000000,1303059.6
10857,1713729600000,1312077.3
10858,1713733200000,1310726.89999999
10859,1713736800000,1314228.1
10860,1713740400000,1318416.8
10861,1713744000000,1319329.0
10862,1713747600000,1315633.39999999
10863,1713751200000,1314322.7
10864,1713754800000,1312832.3
10865,1713758400000,1296481.8
10866,1713762000000,1304082.2
10867,1713765600000,1304393.0
10868,1713769200000,1317022.7
10869,1713772800000,1315398.7
10870,1713776400000,1382137.3
10871,1713780000000,1391970.2
10872,1713783600000,1386961.8
10873,1713787200000,1319452.39999999
10874,1713790800000,1324482.6
10875,1713794400000,1311067.6
10876,1713798000000,1312172.1
10877,1713801600000,1305695.1
10878,1713805200000,1307450.7
10879,1713808800000,1300147.5
10880,1713812400000,1306940.2
10881,1713816000000,1312959.6
10882,1713819600000,1307948.7
10883,1713823200000,1309873.39999999
10884,1713826800000,1317348.3
10885,1713830400000,1316524.39999999
10886,1713834000000,1309607.2
10887,1713837600000,1309102.3
10888,1713841200000,1312804.89999999
10889,1713844800000,1302854.8
10890,1713848400000,1304466.39999999
10891,1713852000000,1300482.3
10892,1713855600000,1305775.0
10893,1713859200000,1284972.8
10894,1713862800000,1279485.3
10895,1713866400000,1287445.1
10896,1713870000000,1288582.39999999
10897,1713873600000,1286841.5
10898,1713877200000,1290377.89999999
10899,1713880800000,1295239.39999999
10900,1713884400000,1296874.0
10901,1713888000000,1299190.5
10902,1713891600000,1304107.8
10903,1713895200000,1299262.6
10904,1713898800000,1295791.8
10905,1713902400000,1296111.7
10906,1713906000000,1289650.7
10907,1713909600000,1287142.7
10908,1713913200000,1285549.8
10909,1713916800000,1279484.0
10910,1713920400000,1270686.1
10911,1713924000000,1350599.8
10912,1713927600000,1345914.7
10913,1713931200000,1351903.0
10914,1713934800000,1364252.7
10915,1713938400000,1356429.5
10916,1713942000000,1365247.5
10917,1713945600000,1362168.39999999
10918,1713949200000,1365021.3
10919,1713952800000,1364518.89999999
10920,1713956400000,1360055.39999999
10921,1713960000000,1370654.7
10922,1713963600000,1392881.39999999
10923,1713967200000,1384417.0
10924,1713970800000,1433356.1
10925,1713974400000,1378674.7
10926,1713978000000,1391878.6
10927,1713981600000,1396587.1
10928,1713985200000,1390950.5
10929,1713988800000,1397539.39999999
10930,1713992400000,1399907.89999999
10931,1713996000000,1399393.5
10932,1713999600000,1412003.6
10933,1714003200000,1405017.2
10934,1714006800000,1400777.8
10935,1714010400000,1407890.3
10936,1714014000000,1409420.9
10937,1714017600000,1404248.0
10938,1714021200000,1404817.89999999
10939,1714024800000,1430061.9
10940,1714028400000,1434748.1
10941,1714032000000,1438047.1
10942,1714035600000,1426091.4
10943,1714039200000,1425417.8
10944,1714042800000,1444607.3
10945,1714046400000,1438933.7
10946,1714050000000,1440055.1
10947,1714053600000,1450952.9
10948,1714057200000,1428878.6
10949,1714060800000,1431811.5
10950,1714064400000,1427861.1
10951,1714068000000,1416610.8
10952,1714071600000,1416743.4
10953,1714075200000,1419460.0
10954,1714078800000,1420126.6
10955,1714082400000,1421689.6
10956,1714086000000,1431209.0
10957,1714089600000,1428144.0
10958,1714093200000,1407014.5
10959,1714096800000,1413889.6
10960,1714100400000,1408978.6
10961,1714104000000,1414252.2
10962,1714107600000,1411986.9
10963,1714111200000,1408402.9
10964,1714114800000,1410076.7
10965,1714118400000,1412537.3
10966,1714122000000,1398985.5
10967,1714125600000,1402555.7
10968,1714129200000,1403897.39999999
10969,1714132800000,1413200.9
10970,1714136400000,1416763.6
10971,1714140000000,1409027.5
10972,1714143600000,1409583.2
10973,1714147200000,1403841.0
10974,1714150800000,1411490.9
10975,1714154400000,1415085.6
10976,1714158000000,1417815.3
10977,1714161600000,1422791.1
10978,1714165200000,1415388.2
10979,1714168800000,1409940.6
10980,1714172400000,1407294.8
10981,1714176000000,1418616.2
10982,1714179600000,1414834.2
10983,1714183200000,1432145.9
10984,1714186800000,1426357.5
10985,1714190400000,1420594.0
10986,1714194000000,1424781.2
10987,1714197600000,1431805.1
10988,1714201200000,1424201.0
10989,1714204800000,1428575.3
10990,1714208400000,1423041.8
10991,1714212000000,1419297.9
10992,1714215600000,1418173.4
10993,1714219200000,1416691.9
10994,1714222800000,1413995.6
10995,1714226400000,1439108.1
10996,1714230000000,1420210.0
10997,1714233600000,1423997.5
10998,1714237200000,1424790.3
10999,1714240800000,1415097.1
11000,1714244400000,1396120.39999999
11001,1714248000000,1406105.7
11002,1714251600000,1421604.9
11003,1714255200000,1423528.5
11004,1714258800000,1424848.5
11005,1714262400000,1421548.1
11006,1714266000000,1419905.5
11007,1714269600000,1423094.4
11008,1714273200000,1413829.0
11009,1714276800000,1425543.9
11010,1714280400000,1418706.1
11011,1714284000000,1416491.1
11012,1714287600000,1428655.0
11013,1714291200000,1426778.0
11014,1714294800000,1421362.3
11015,1714298400000,1431716.4
11016,1714302000000,1431841.3
11017,1714305600000,1438018.0
11018,1714309200000,1438177.6
11019,1714312800000,1441646.7
11020,1714316400000,1435201.3
11021,1714320000000,1437017.3
11022,1714323600000,1450933.7
11023,1714327200000,1454122.9
11024,1714330800000,1444271.6
11025,1714334400000,1446686.9
11026,1714338000000,1444940.6
11027,1714341600000,1441627.9
11028,1714345200000,1434925.4
11029,1714348800000,1432162.4
11030,1714352400000,1428084.5
11031,1714356000000,1427603.7
11032,1714359600000,1420417.8
11033,1714363200000,1424502.2
11034,1714366800000,1431487.2
11035,1714370400000,1430152.4
11036,1714374000000,1423605.2
11037,1714377600000,1422870.8
11038,1714381200000,1430932.8
11039,1714384800000,1439780.4
11040,1714388400000,1438657.8
11041,1714392000000,1436776.2
11042,1714395600000,1450623.8
11043,1714399200000,1584571.8
11044,1714402800000,1562008.0
11045,1714406400000,1553107.5
11046,1714410000000,1550330.5
11047,1714413600000,1555470.6
11048,1714417200000,1560011.6
11049,1714420800000,1560263.9
11050,1714424400000,1554780.0
11051,1714428000000,1552682.5
11052,1714431600000,1617300.9
11053,1714435200000,1649660.2
11054,1714438800000,1671474.1
11055,1714442400000,1660268.9
11056,1714446000000,1669190.0
11057,1714449600000,1667212.5
11058,1714453200000,1670259.7
11059,1714456800000,1664329.7
11060,1714460400000,1664290.6
11061,1714464000000,1667875.3
11062,1714467600000,1650160.4
11063,1714471200000,1673768.5
11064,1714474800000,1687274.2
11065,1714478400000,1694624.8
11066,1714482000000,1711137.4
11067,1714485600000,1707713.2
11068,1714489200000,1722284.3
11069,1714492800000,1724169.0
11070,1714496400000,1731818.2
11071,1714500000000,1710907.5
11072,1714503600000,1711735.9
11073,1714507200000,1730204.4
11074,1714510800000,1688530.0
11075,1714514400000,1693042.1
11076,1714518000000,1743169.3
11077,1714521600000,1747391.0
11078,1714525200000,1734858.1
11079,1714528800000,1738913.5
11080,1714532400000,1723855.2
11081,1714536000000,1728552.2
11082,1714539600000,1720380.4
11083,1714543200000,1730650.0
11084,1714546800000,1716845.3
11085,1714550400000,1707660.1
11086,1714554000000,1713265.3
11087,1714557600000,1706856.9
11088,1714561200000,1709332.8
11089,1714564800000,1710852.3
11090,1714568400000,1706037.2
11091,1714572000000,1761880.6
11092,1714575600000,1762943.8
11093,1714579200000,1758303.0
11094,1714582800000,1717495.7
11095,1714586400000,1704865.6
11096,1714590000000,1650369.6
11097,1714593600000,1656475.8
11098,1714597200000,1656907.5
11099,1714600800000,1659385.6
11100,1714604400000,1659309.5
11101,1714608000000,1650073.2
11102,1714611600000,1665034.5
11103,1714615200000,1659685.6
11104,1714618800000,1661820.7
11105,1714622400000,1664192.1
11106,1714626000000,1660952.9
11107,1714629600000,1664301.5
11108,1714633200000,1666626.9
11109,1714636800000,1676211.9
11110,1714640400000,1688350.1
11111,1714644000000,1686545.6
11112,1714647600000,1691938.8
11113,1714651200000,1692466.8
11114,1714654800000,1709433.0
11115,1714658400000,1693732.2
11116,1714662000000,1697262.2
11117,1714665600000,1707734.4
11118,1714669200000,1696463.2
11119,1714672800000,1707703.9
11120,1714676400000,1706265.9
11121,1714680000000,1711080.1
11122,1714683600000,1704605.0
11123,1714687200000,1708478.8
11124,1714690800000,1714688.1
11125,1714694400000,1702777.1
11126,1714698000000,1698373.6
11127,1714701600000,1708855.0
11128,1714705200000,1699870.1
11129,1714708800000,1703014.0
11130,1714712400000,1706070.7
11131,1714716000000,1704475.6
11132,1714719600000,1698434.9
11133,1714723200000,1694327.4
11134,1714726800000,1700182.4
11135,1714730400000,1700674.2
11136,1714734000000,1693634.5
11137,1714737600000,1693413.0
11138,1714741200000,1673817.6
11139,1714744800000,1673562.9
11140,1714748400000,1677493.1
11141,1714752000000,1683394.0
11142,1714755600000,1675828.6
11143,1714759200000,1677482.1
11144,1714762800000,1675819.9
11145,1714766400000,1691977.3
11146,1714770000000,1708836.5
11147,1714773600000,1694012.0
11148,1714777200000,1711868.2
11149,1714780800000,1708431.3
11150,1714784400000,1709002.4
11151,1714788000000,1709685.1
11152,1714791600000,1707754.4
11153,1714795200000,1705655.0
11154,1714798800000,1712769.2
11155,1714802400000,1714444.3
11156,1714806000000,1710441.0
11157,1714809600000,1711188.1
11158,1714813200000,1715043.7
11159,1714816800000,1728374.2
11160,1714820400000,1718710.9
11161,1714824000000,1735181.7
11162,1714827600000,1744926.0
11163,1714831200000,1737127.0
11164,1714834800000,1728445.4
11165,1714838400000,1727004.0
11166,1714842000000,1725234.1
11167,1714845600000,1735719.6
11168,1714849200000,1754609.4
11169,1714852800000,1782599.2
11170,1714856400000,1794526.3
11171,1714860000000,1741092.8
11172,1714863600000,1737134.6
11173,1714867200000,1742605.7
11174,1714870800000,1741448.2
11175,1714874400000,1747565.7
11176,1714878000000,1757969.6
11177,1714881600000,1775003.3
11178,1714885200000,1758433.5
11179,1714888800000,1759376.1
11180,1714892400000,1762593.8
11181,1714896000000,1766493.6
11182,1714899600000,1773802.0
11183,1714903200000,1767123.7
11184,1714906800000,1780527.0
11185,1714910400000,1784589.5
11186,1714914000000,1775800.4
11187,1714917600000,1763403.2
11188,1714921200000,1749702.4
11189,1714924800000,1746242.5
11190,1714928400000,1737477.0
11191,1714932000000,1745902.3
11192,1714935600000,1730655.1
11193,1714939200000,1731374.2
11194,1714942800000,1723447.3
11195,1714946400000,1726119.7
11196,1714950000000,1727895.9
11197,1714953600000,1729813.9
11198,1714957200000,1746641.2
11199,1714960800000,1743169.6
11200,1714964400000,1753083.0
11201,1714968000000,1751948.4
11202,1714971600000,1745581.1
11203,1714975200000,1758279.1
11204,1714978800000,1777875.7
11205,1714982400000,1777272.7
11206,1714986000000,1791550.0
11207,1714989600000,1804902.2
11208,1714993200000,1768626.8
11209,1714996800000,1762570.2
11210,1715000400000,1750284.9
11211,1715004000000,1744305.0
11212,1715007600000,1744896.6
11213,1715011200000,1747419.8
11214,1715014800000,1774526.4
11215,1715018400000,1776857.3
11216,1715022000000,1774614.1
11217,1715025600000,1779926.3
11218,1715029200000,1763098.8
11219,1715032800000,1748110.2
11220,1715036400000,1750528.5
11221,1715040000000,1767103.3
11222,1715043600000,1766176.5
11223,1715047200000,1768695.0
11224,1715050800000,1774776.7
11225,1715054400000,1770641.0
11226,1715058000000,1755470.9
11227,1715061600000,1760707.0
11228,1715065200000,1757159.6
11229,1715068800000,1765907.2
11230,1715072400000,1785611.7
11231,1715076000000,1774715.2
11232,1715079600000,1767147.3
11233,1715083200000,1761770.7
11234,1715086800000,1779800.0
11235,1715090400000,1774804.7
11236,1715094000000,1788927.1
11237,1715097600000,1799340.1
11238,1715101200000,1796532.8
11239,1715104800000,1798258.3
11240,1715108400000,1795250.5
11241,1715112000000,1802565.8
11242,1715115600000,1803314.2
11243,1715119200000,1792672.6
11244,1715122800000,1779848.4
11245,1715126400000,1813978.3
11246,1715130000000,1802464.9
11247,1715133600000,1802371.2
11248,1715137200000,1804733.4
11249,1715140800000,1798520.0
11250,1715144400000,1795972.2
11251,1715148000000,1801170.3
11252,1715151600000,1783137.7
11253,1715155200000,1775635.1
11254,1715158800000,1770587.7
11255,1715162400000,1791754.0
11256,1715166000000,1792507.1
11257,1715169600000,1782479.1
11258,1715173200000,1785489.0
11259,1715176800000,1798894.2
11260,1715180400000,1802919.0
11261,1715184000000,1796224.7
11262,1715187600000,1808916.9
11263,1715191200000,1804756.8
11264,1715194800000,1815557.7
11265,1715198400000,1824910.1
11266,1715202000000,1832711.8
11267,1715205600000,1823186.5
11268,1715209200000,1836353.6
11269,1715212800000,1860113.8
11270,1715216400000,1834820.3
11271,1715220000000,1828003.8
11272,1715223600000,1812827.3
11273,1715227200000,1823951.5
11274,1715230800000,1817969.3
11275,1715234400000,1815190.8
11276,1715238000000,1812171.8
11277,1715241600000,1801631.5
11278,1715245200000,1803054.0
11279,1715248800000,1800076.7
11280,1715252400000,1800353.1
11281,1715256000000,1822960.5
11282,1715259600000,1833841.7
11283,1715263200000,1828027.5
11284,1715266800000,1835339.9
11285,1715270400000,1840524.9
11286,1715274000000,1829187.2
11287,1715277600000,1836308.9
11288,1715281200000,1841292.1
11289,1715284800000,1827996.2
11290,1715288400000,1825434.6
11291,1715292000000,1837627.1
11292,1715295600000,1895556.0
11293,1715299200000,1907702.8
11294,1715302800000,1899553.9
11295,1715306400000,1936634.3
11296,1715310000000,1912018.3
11297,1715313600000,1913363.7
11298,1715317200000,1900297.1
11299,1715320800000,1889513.6
11300,1715324400000,1897074.4
11301,1715328000000,1900322.7
11302,1715331600000,1892945.1
11303,1715335200000,1902851.5
11304,1715338800000,1903313.1
11305,1715342400000,1916994.0
11306,1715346000000,1917284.3
11307,1715349600000,1906892.7
11308,1715353200000,1832967.7
11309,1715356800000,1829778.8
11310,1715360400000,1813377.4
11311,1715364000000,1812041.7
11312,1715367600000,1815080.5
11313,1715371200000,1803767.7
11314,1715374800000,1801548.6
11315,1715378400000,1798554.0
11316,1715382000000,1801437.1
11317,1715385600000,1791832.9
11318,1715389200000,1795669.9
11319,1715392800000,1809375.7
11320,1715396400000,1808110.6
11321,1715400000000,1815619.3
11322,1715403600000,1863842.2
11323,1715407200000,1866742.9
11324,1715410800000,1865894.8
11325,1715414400000,1880091.3
11326,1715418000000,1877575.2
11327,1715421600000,1893543.7
11328,1715425200000,1893520.7
11329,1715428800000,1899483.5
11330,1715432400000,1877428.7
11331,1715436000000,1879969.5
11332,1715439600000,1882369.7
11333,1715443200000,1881600.9
11334,1715446800000,1886917.6
11335,1715450400000,1891721.9
11336,1715454000000,1902521.3
11337,1715457600000,1905744.1
11338,1715461200000,1904218.1
11339,1715464800000,1903174.0
11340,1715468400000,1899069.9
11341,1715472000000,1899802.5
11342,1715475600000,1901305.7
11343,1715479200000,1902483.4
11344,1715482800000,1897177.5
11345,1715486400000,1897881.6
11346,1715490000000,1892883.1
11347,1715493600000,1882608.8
11348,1715497200000,1877313.4
11349,1715500800000,1874816.5
11350,1715504400000,1873422.9
11351,1715508000000,1883129.1
11352,1715511600000,1879085.2
11353,1715515200000,1884976.4
11354,1715518800000,1889052.3
11355,1715522400000,1889312.1
11356,1715526000000,1883813.8
11357,1715529600000,1883021.4
11358,1715533200000,1882205.2
11359,1715536800000,1883987.3
11360,1715540400000,1889444.8
11361,1715544000000,1884331.8
11362,1715547600000,1884602.8
11363,1715551200000,1852242.8
11364,1715554800000,1880869.7
11365,1715558400000,1883987.8
11366,1715562000000,1881032.2
11367,1715565600000,1861310.4
11368,1715569200000,1844740.2
11369,1715572800000,1854604.4
11370,1715576400000,1845933.4
11371,1715580000000,1843038.0
11372,1715583600000,1834080.2
11373,1715587200000,1801863.5
11374,1715590800000,1807733.2
11375,1715594400000,1834137.1
11376,1715598000000,1842753.7
11377,1715601600000,1846706.6
11378,1715605200000,1855913.7
11379,1715608800000,1865555.8
11380,1715612400000,1874214.0
11381,1715616000000,1880055.4
11382,1715619600000,1908512.7
11383,1715623200000,1901595.2
11384,1715626800000,1901101.6
11385,1715630400000,1892625.9
11386,1715634000000,1890010.1
11387,1715637600000,1879891.6
11388,1715641200000,1889604.1
11389,1715644800000,1894234.9
11390,1715648400000,1905592.9
11391,1715652000000,1899873.7
11392,1715655600000,1897058.2
11393,1715659200000,1899454.4
11394,1715662800000,1899513.0
11395,1715666400000,1903970.5
11396,1715670000000,1896438.1
11397,1715673600000,1913618.0
11398,1715677200000,1956546.2
11399,1715680800000,1949006.6
11400,1715684400000,1951316.5
11401,1715688000000,1955525.9
11402,1715691600000,1934816.0
11403,1715695200000,1924660.6
11404,1715698800000,1901646.9
11405,1715702400000,1899292.1
11406,1715706000000,1893329.8
11407,1715709600000,1896755.8
11408,1715713200000,1898033.7
11409,1715716800000,1918109.0
11410,1715720400000,1900517.5
11411,1715724000000,1902713.4
11412,1715727600000,1902139.6
11413,1715731200000,1898618.5
11414,1715734800000,1892712.4
11415,1715738400000,1882831.7
11416,1715742000000,1871185.6
11417,1715745600000,1833309.3
11418,1715749200000,1823608.4
11419,1715752800000,1820758.9
11420,1715756400000,1815353.6
11421,1715760000000,1810407.2
11422,1715763600000,1820047.2
11423,1715767200000,1810893.8
11424,1715770800000,1814215.7
11425,1715774400000,1833858.4
11426,1715778000000,1857448.4
11427,1715781600000,1893046.1
11428,1715785200000,1896828.3
11429,1715788800000,1895655.1
11430,1715792400000,1898951.9
11431,1715796000000,1900161.1
11432,1715799600000,1897855.3
11433,1715803200000,1919495.8
11434,1715806800000,1898783.0
11435,1715810400000,1893113.3
11436,1715814000000,1892812.2
11437,1715817600000,1894008.5
11438,1715821200000,1909129.8
11439,1715824800000,1896036.8
11440,1715828400000,1900184.6
11441,1715832000000,1900943.1
11442,1715835600000,1888936.8
11443,1715839200000,1899347.1
11444,1715842800000,1908531.7
11445,1715846400000,1908099.8
11446,1715850000000,1915963.4
11447,1715853600000,1921808.2
11448,1715857200000,1919366.0
11449,1715860800000,1932477.6
11450,1715864400000,1899966.7
11451,1715868000000,1905839.1
11452,1715871600000,1893398.1
11453,1715875200000,1886479.8
11454,1715878800000,1890305.4
11455,1715882400000,1884664.0
11456,1715886000000,1886889.4
11457,1715889600000,1882596.2
11458,1715893200000,1884122.9
11459,1715896800000,1886787.1
11460,1715900400000,1888720.6
11461,1715904000000,1910349.7
11462,1715907600000,1892308.1
11463,1715911200000,1898885.8
11464,1715914800000,1898530.3
11465,1715918400000,1897676.7
11466,1715922000000,1907382.6
11467,1715925600000,1908774.7
11468,1715929200000,1994409.8
11469,1715932800000,2028192.2
11470,1715936400000,1964618.3
11471,1715940000000,1909588.6
11472,1715943600000,1907356.8
11473,1715947200000,1895745.7
11474,1715950800000,1915513.3
11475,1715954400000,1916437.3
11476,1715958000000,1908702.7
11477,1715961600000,1925559.1
11478,1715965200000,1898230.6
11479,1715968800000,1878165.0
11480,1715972400000,1894939.3
11481,1715976000000,1881834.4
11482,1715979600000,1883064.6
11483,1715983200000,1893304.0
11484,1715986800000,1892860.6
11485,1715990400000,1904128.3
11486,1715994000000,1972969.3
11487,1715997600000,1981365.8
11488,1716001200000,2022691.7
11489,1716004800000,2026423.7
11490,1716008400000,2030453.5
11491,1716012000000,2019783.5
11492,1716015600000,2020980.3
11493,1716019200000,2014295.3
11494,1716022800000,2007869.0
11495,1716026400000,2026771.8
11496,1716030000000,2039257.3
11497,1716033600000,2041698.1
11498,1716037200000,1968576.9
11499,1716040800000,1948398.3
11500,1716044400000,1919683.2
11501,1716048000000,1912645.5
11502,1716051600000,1908879.8
11503,1716055200000,1902457.8
11504,1716058800000,1901402.8
11505,1716062400000,1904289.8
11506,1716066000000,1924953.1
11507,1716069600000,1916752.9
11508,1716073200000,1919586.5
11509,1716076800000,1921842.3
11510,1716080400000,1925112.1
11511,1716084000000,1923865.4
11512,1716087600000,1926301.0
11513,1716091200000,1923689.8
11514,1716094800000,1925230.8
11515,1716098400000,1922657.5
11516,1716102000000,1932821.1
11517,1716105600000,1926763.6
11518,1716109200000,1931851.2
11519,1716112800000,1935270.9
11520,1716116400000,1951209.9
11521,1716120000000,1953379.8
11522,1716123600000,1936073.3
11523,1716127200000,1933312.5
11524,1716130800000,1944046.0
11525,1716134400000,1937166.3
11526,1716138000000,1927794.3
11527,1716141600000,1940887.2
11528,1716145200000,1938402.4
11529,1716148800000,1942277.4
11530,1716152400000,1961390.4
11531,1716156000000,1956449.7
11532,1716159600000,1968892.6
11533,1716163200000,1962957.3
11534,1716166800000,1950563.2
11535,1716170400000,1934964.4
11536,1716174000000,1948664.9
11537,1716177600000,1954565.9
11538,1716181200000,1951499.0
11539,1716184800000,1958757.8
11540,1716188400000,1933048.0
11541,1716192000000,1957344.3
11542,1716195600000,1959340.6
11543,1716199200000,1958537.8
11544,1716202800000,1962167.2
11545,1716206400000,1971223.7
11546,1716210000000,1965081.4
11547,1716213600000,1978267.4
11548,1716217200000,1983980.3
11549,1716220800000,2018887.1
11550,1716224400000,2004977.5
11551,1716228000000,2008933.8
11552,1716231600000,1988535.1
11553,1716235200000,1981889.5
11554,1716238800000,1936284.5
11555,1716242400000,1941774.5
11556,1716246000000,2000292.6
11557,1716249600000,2063758.0
11558,1716253200000,2062842.7
11559,1716256800000,2069226.7
11560,1716260400000,2086837.5
11561,1716264000000,2087910.3
11562,1716267600000,2100091.5
11563,1716271200000,2105141.6
11564,1716274800000,2119914.29999999
11565,1716278400000,2156646.0
11566,1716282000000,2149532.7
11567,1716285600000,2159619.2
11568,1716289200000,2162928.79999999
11569,1716292800000,2178416.0
11570,1716296400000,2183845.5
11571,1716300000000,2124059.4
11572,1716303600000,2095741.4
11573,1716307200000,2061286.6
11574,1716310800000,2086485.3
11575,1716314400000,2089206.5
11576,1716318000000,2096585.1
11577,1716321600000,2082591.7
11578,1716325200000,2090905.9
11579,1716328800000,2070817.2
11580,1716332400000,2083723.6
11581,1716336000000,2093986.1
11582,1716339600000,2082105.9
11583,1716343200000,2082537.2
11584,1716346800000,2096476.0
11585,1716350400000,2081721.5
11586,1716354000000,2077528.2
11587,1716357600000,2074581.6
11588,1716361200000,2081800.2
11589,1716364800000,2091002.0
11590,1716368400000,2087908.6
11591,1716372000000,2097605.9
11592,1716375600000,2099128.6
11593,1716379200000,2090750.1
11594,1716382800000,1983883.4
11595,1716386400000,2020459.0
11596,1716390000000,2017569.7
11597,1716393600000,2022222.5
11598,1716397200000,2013042.6
11599,1716400800000,2017046.9
11600,1716404400000,1991031.2
11601,1716408000000,1986438.4
11602,1716411600000,1968208.6
11603,1716415200000,1974818.7
11604,1716418800000,1971583.1
11605,1716422400000,1968896.2
11606,1716426000000,1964595.0
11607,1716429600000,1966833.7
11608,1716433200000,1972820.4
11609,1716436800000,1988250.5
11610,1716440400000,2013200.7
11611,1716444000000,2011280.3
11612,1716447600000,2006692.0
11613,1716451200000,2043982.0
11614,1716454800000,2044649.2
11615,1716458400000,2096372.3
11616,1716462000000,2082733.9
11617,1716465600000,2073334.9
11618,1716469200000,2036991.2
11619,1716472800000,1982962.6
11620,1716476400000,1970801.7
11621,1716480000000,1959934.4
11622,1716483600000,1961822.7
11623,1716487200000,1956657.0
11624,1716490800000,1922271.1
11625,1716494400000,1945003.1
11626,1716498000000,1879504.3
11627,1716501600000,1876970.3
11628,1716505200000,1871214.8
11629,1716508800000,1863943.2
11630,1716512400000,1866054.9
11631,1716516000000,1866102.4
11632,1716519600000,1865729.9
11633,1716523200000,1864448.7
11634,1716526800000,1861385.0
11635,1716530400000,1850844.0
11636,1716534000000,1865308.8
11637,1716537600000,1837008.7
11638,1716541200000,1828220.7
11639,1716544800000,1851090.4
11640,1716548400000,1858294.1
11641,1716552000000,1874437.1
11642,1716555600000,1858364.8
11643,1716559200000,1850829.6
11644,1716562800000,1865392.2
11645,1716566400000,1862223.1
11646,1716570000000,1852926.9
11647,1716573600000,1860162.8
11648,1716577200000,1872221.6
11649,1716580800000,1866159.9
11650,1716584400000,1865302.5
11651,1716588000000,1848702.0
11652,1716591600000,1850943.7
11653,1716595200000,1854745.9
11654,1716598800000,1869275.3
11655,1716602400000,1865435.2
11656,1716606000000,1865010.0
11657,1716609600000,1865026.8
11658,1716613200000,1886527.7
11659,1716616800000,1879322.9
11660,1716620400000,1871525.0
11661,1716624000000,1887314.3
11662,1716627600000,1881093.9
11663,1716631200000,1882351.4
11664,1716634800000,1858674.0
11665,1716638400000,1859707.5
11666,1716642000000,1860840.9
11667,1716645600000,1865498.7
11668,1716649200000,1864268.3
11669,1716652800000,1866775.2
11670,1716656400000,1880704.5
11671,1716660000000,1902744.7
11672,1716663600000,1904731.4
11673,1716667200000,1900436.4
11674,1716670800000,1896882.6
11675,1716674400000,1897386.8
11676,1716678000000,1895169.2
11677,1716681600000,1895868.1
11678,1716685200000,1892503.9
11679,1716688800000,1897096.1
11680,1716692400000,1904530.0
11681,1716696000000,1898880.0
11682,1716699600000,1895130.0
11683,1716703200000,1895218.8
11684,1716706800000,1891935.3
11685,1716710400000,1881582.1
11686,1716714000000,1885966.0
11687,1716717600000,1892357.6
11688,1716721200000,1912024.2
11689,1716724800000,1925864.2
11690,1716728400000,1909991.3
11691,1716732000000,1910511.7
11692,1716735600000,1907501.1
11693,1716739200000,1911650.7
11694,1716742800000,1911177.3
11695,1716746400000,1909371.2
11696,1716750000000,1901819.3
11697,1716753600000,1896465.6
11698,1716757200000,1895687.6
11699,1716760800000,1874187.0
11700,1716764400000,1874925.5
11701,1716768000000,1879643.4
11702,1716771600000,1882434.9
11703,1716775200000,1878268.1
11704,1716778800000,1899821.5
11705,1716782400000,1902850.1
11706,1716786000000,1905879.0
11707,1716789600000,1913189.9
11708,1716793200000,1905772.4
11709,1716796800000,1914457.2
11710,1716800400000,1912212.1
11711,1716804000000,1914351.9
11712,1716807600000,1916314.8
11713,1716811200000,1914536.6
11714,1716814800000,1921151.4
11715,1716818400000,1927064.8
11716,1716822000000,1935570.4
11717,1716825600000,1956941.3
11718,1716829200000,1997582.2
11719,1716832800000,1957332.2
11720,1716836400000,1955009.4
11721,1716840000000,1903422.1
11722,1716843600000,1901016.8
11723,1716847200000,1891464.0
11724,1716850800000,1907026.4
11725,1716854400000,1907083.3
11726,1716858000000,1901311.2
11727,1716861600000,1890441.2
11728,1716865200000,1879089.1
11729,1716868800000,1877256.7
11730,1716872400000,1870579.4
11731,1716876000000,1879035.1
11732,1716879600000,1886337.7
11733,1716883200000,1883833.0
11734,1716886800000,1895940.0
11735,1716890400000,1908656.9
11736,1716894000000,1935971.0
11737,1716897600000,1944049.2
11738,1716901200000,2018159.8
11739,1716904800000,1995345.1
11740,1716908400000,2004699.7
11741,1716912000000,2013026.0
11742,1716915600000,2013899.4
11743,1716919200000,2013808.8
11744,1716922800000,2018302.4
11745,1716926400000,2003778.2
11746,1716930000000,2000245.6
11747,1716933600000,1995030.4
11748,1716937200000,1989451.9
11749,1716940800000,1987129.7
11750,1716944400000,1990998.3
11751,1716948000000,1990178.0
11752,1716951600000,1990075.5
11753,1716955200000,2036874.9
11754,1716958800000,2045754.0
11755,1716962400000,2041399.6
11756,1716966000000,2054047.0
11757,1716969600000,2032025.5
11758,1716973200000,2025311.9
11759,1716976800000,2033097.9
11760,1716980400000,2037946.6
11761,1716984000000,2040287.6
11762,1716987600000,2052582.2
11763,1716991200000,2053247.8
11764,1716994800000,2055724.0
11765,1716998400000,2055339.5
11766,1717002000000,2053967.7
11767,1717005600000,2053449.8
11768,1717009200000,2052878.7
11769,1717012800000,2044272.8
11770,1717016400000,2049193.4
11771,1717020000000,2053555.7
11772,1717023600000,2054907.4
11773,1717027200000,2046248.9
11774,1717030800000,2048931.5
11775,1717034400000,2052113.6
11776,1717038000000,2005614.3
11777,1717041600000,1964712.5
11778,1717045200000,1964474.3
11779,1717048800000,1974511.3
11780,1717052400000,1989760.2
11781,1717056000000,2001302.6
11782,1717059600000,1990292.8
11783,1717063200000,2015625.7
11784,1717066800000,2008575.1
11785,1717070400000,2017270.2
11786,1717074000000,2010287.7
11787,1717077600000,1997656.0
11788,1717081200000,1998577.6
11789,1717084800000,1992983.8
11790,1717088400000,1992127.7
11791,1717092000000,1999890.0
11792,1717095600000,1998350.0
11793,1717099200000,1996852.2
11794,1717102800000,1985256.4
11795,1717106400000,1990075.2
11796,1717110000000,1992840.7
11797,1717113600000,1994976.9
11798,1717117200000,2053349.2
11799,1717120800000,2055023.7
11800,1717124400000,2059683.6
11801,1717128000000,2062052.2
11802,1717131600000,2067587.6
11803,1717135200000,2066716.2
11804,1717138800000,2066980.6
11805,1717142400000,2067333.6
11806,1717146000000,2064909.2
11807,1717149600000,2065168.6
11808,1717153200000,2065529.5
11809,1717156800000,2070166.8
11810,1717160400000,2058138.8
11811,1717164000000,2049115.9
11812,1717167600000,2056755.7
11813,1717171200000,2045116.2
11814,1717174800000,2042220.7
11815,1717178400000,2043107.6
11816,1717182000000,2043141.6
11817,1717185600000,2041622.7
11818,1717189200000,2042679.5
11819,1717192800000,2038017.9
11820,1717196400000,2034617.5
11821,1717200000000,2035617.0
11822,1717203600000,2032670.5
11823,1717207200000,2032296.3
11824,1717210800000,2033048.2
11825,1717214400000,2031273.3
11826,1717218000000,2035333.1
11827,1717221600000,2029342.2
11828,1717225200000,2033753.4
11829,1717228800000,2031881.4
11830,1717232400000,2031102.3
11831,1717236000000,2034226.1
11832,1717239600000,2030399.1
11833,1717243200000,2027228.3
11834,1717246800000,2029954.8
11835,1717250400000,2034670.3
11836,1717254000000,2051850.0
11837,1717257600000,2056835.7
11838,1717261200000,2048574.5
11839,1717264800000,2051163.5
11840,1717268400000,2048094.1
11841,1717272000000,2051183.0
11842,1717275600000,2053880.6
11843,1717279200000,2057935.3
11844,1717282800000,2057766.9
11845,1717286400000,2060443.9
11846,1717290000000,2063044.0
11847,1717293600000,2057129.8
11848,1717297200000,2057175.9
11849,1717300800000,2059088.2
11850,1717304400000,2061147.3
11851,1717308000000,2060456.6
11852,1717311600000,2058477.2
11853,1717315200000,2065032.8
11854,1717318800000,2071856.3
11855,1717322400000,2072371.6
11856,1717326000000,2066178.8
11857,1717329600000,2063259.7
11858,1717333200000,2062553.4
11859,1717336800000,2063790.9
11860,1717340400000,2066318.5
11861,1717344000000,2068937.7
11862,1717347600000,2078614.3
11863,1717351200000,2087381.1
11864,1717354800000,2066705.3
11865,1717358400000,2079911.5
11866,1717362000000,2078126.5
11867,1717365600000,2080046.4
11868,1717369200000,2083523.2
11869,1717372800000,2083193.4
11870,1717376400000,2071145.8
11871,1717380000000,2080579.1
11872,1717383600000,2090488.7
11873,1717387200000,2088522.0
11874,1717390800000,2084787.3
11875,1717394400000,2092671.5
11876,1717398000000,2099112.29999999
11877,1717401600000,2097591.7
11878,1717405200000,2100726.29999999
11879,1717408800000,2095712.6
11880,1717412400000,2104547.4
11881,1717416000000,2117873.79999999
11882,1717419600000,2143142.7
11883,1717423200000,2137477.9
11884,1717426800000,2107232.9
11885,1717430400000,2137714.6
11886,1717434000000,2145150.29999999
11887,1717437600000,2199440.2
11888,1717441200000,2209217.9
11889,1717444800000,2216708.7
11890,1717448400000,2217951.7
11891,1717452000000,2187330.79999999
11892,1717455600000,2173332.29999999
11893,1717459200000,2160120.29999999
11894,1717462800000,2177167.7
11895,1717466400000,2182447.7
11896,1717470000000,2193439.9
11897,1717473600000,2205009.4
11898,1717477200000,2208538.6
11899,1717480800000,2207663.79999999
11900,1717484400000,2215468.2
11901,1717488000000,2225059.1
11902,1717491600000,2234035.79999999
11903,1717495200000,2216070.4
11904,1717498800000,2216990.6
11905,1717502400000,2217444.4
11906,1717506000000,2232580.6
11907,1717509600000,2211528.9
11908,1717513200000,2196682.7
11909,1717516800000,2188375.2
11910,1717520400000,2199328.1
11911,1717524000000,2207463.6
11912,1717527600000,2191373.6
11913,1717531200000,2190137.9
11914,1717534800000,2189135.79999999
11915,1717538400000,2184803.4
11916,1717542000000,2199965.29999999
11917,1717545600000,2198872.5
11918,1717549200000,2194910.0
11919,1717552800000,2175716.7
11920,1717556400000,2165975.0
11921,1717560000000,2169499.2
11922,1717563600000,2168409.9
11923,1717567200000,2162235.9
11924,1717570800000,2162117.79999999
11925,1717574400000,2161537.79999999
11926,1717578000000,2160363.4
11927,1717581600000,2168617.1
11928,1717585200000,2199680.5
11929,1717588800000,2209152.4
11930,1717592400000,2203528.6
11931,1717596000000,2201255.1
11932,1717599600000,2195234.9
11933,1717603200000,2196775.79999999
11934,1717606800000,2206899.2
11935,1717610400000,2217365.0
11936,1717614000000,2205903.5
11937,1717617600000,2201225.2
11938,1717621200000,2198544.1
11939,1717624800000,2189537.2
11940,1717628400000,2181637.5
11941,1717632000000,2182424.4
11942,1717635600000,2176724.2
11943,1717639200000,2178024.7
11944,1717642800000,2176199.4
11945,1717646400000,2175986.5
11946,1717650000000,2176693.6
11947,1717653600000,2175254.0
11948,1717657200000,2171267.1
11949,1717660800000,2167920.7
11950,1717664400000,2176856.79999999
11951,1717668000000,2182159.7
11952,1717671600000,2182275.4
11953,1717675200000,2178269.1
11954,1717678800000,2178142.29999999
11955,1717682400000,2184468.1
11956,1717686000000,2180448.4
11957,1717689600000,2202565.29999999
11958,1717693200000,2180050.0
11959,1717696800000,2171209.29999999
11960,1717700400000,2167797.6
11961,1717704000000,2146265.6
11962,1717707600000,2139698.4
11963,1717711200000,2137327.1
11964,1717714800000,2136148.2
11965,1717718400000,2139495.4
11966,1717722000000,2139807.4
11967,1717725600000,2139100.79999999
11968,1717729200000,2134433.2
11969,1717732800000,2129491.0
11970,1717736400000,2188087.0
11971,1717740000000,2192342.29999999
11972,1717743600000,2191203.4
11973,1717747200000,2184019.6
11974,1717750800000,2196323.0
11975,1717754400000,2191474.29999999
11976,1717758000000,2193895.5
11977,1717761600000,2187682.79999999
11978,1717765200000,2137824.79999999
11979,1717768800000,2150249.6
11980,1717772400000,2164491.9
11981,1717776000000,2169969.5
11982,1717779600000,2164045.1
11983,1717783200000,2145019.29999999
11984,1717786800000,2005956.9
11985,1717790400000,1965576.2
11986,1717794000000,1963816.9
11987,1717797600000,1964646.6
11988,1717801200000,1962660.8
11989,1717804800000,1947924.6
11990,1717808400000,1953982.3
11991,1717812000000,1942810.3
11992,1717815600000,1943116.1
11993,1717819200000,1939295.7
11994,1717822800000,1934649.6
11995,1717826400000,1934127.6
11996,1717830000000,1938781.2
11997,1717833600000,1943379.9
11998,1717837200000,1936710.3
11999,1717840800000,1943829.6
12000,1717844400000,1945712.7
12001,1717848000000,1935454.0
12002,1717851600000,1978804.9
12003,1717855200000,1973226.0
12004,1717858800000,1982743.9
12005,1717862400000,1987981.6
12006,1717866000000,2008285.1
12007,1717869600000,2000219.5
12008,1717873200000,1997573.2
12009,1717876800000,1991496.5
12010,1717880400000,1987258.8
12011,1717884000000,1988111.8
12012,1717887600000,1984820.5
12013,1717891200000,1983017.1
12014,1717894800000,1993640.2
12015,1717898400000,1980249.5
12016,1717902000000,1982603.0
12017,1717905600000,1985925.1
12018,1717909200000,1989152.6
12019,1717912800000,1994110.7
12020,1717916400000,1993094.7
12021,1717920000000,1991033.4
12022,1717923600000,1991335.5
12023,1717927200000,1996349.3
12024,1717930800000,1995754.1
12025,1717934400000,1999955.0
12026,1717938000000,1994211.0
12027,1717941600000,1989836.6
12028,1717945200000,1986812.6
12029,1717948800000,1985755.5
12030,1717952400000,1986073.0
12031,1717956000000,1994781.5
12032,1717959600000,1985762.0
12033,1717963200000,1984136.4
12034,1717966800000,1984849.8
12035,1717970400000,1994732.5
12036,1717974000000,1987201.7
12037,1717977600000,1993395.2
12038,1717981200000,1983057.8
12039,1717984800000,1983833.3
12040,1717988400000,1993588.4
12041,1717992000000,1980967.1
12042,1717995600000,1987132.8
12043,1717999200000,1988936.8
12044,1718002800000,1980610.2
12045,1718006400000,2000841.7
12046,1718010000000,1997665.2
12047,1718013600000,1978503.6
12048,1718017200000,1980082.0
12049,1718020800000,1979633.6
12050,1718024400000,1991806.5
12051,1718028000000,1992793.9
12052,1718031600000,2002416.4
12053,1718035200000,2003545.6
12054,1718038800000,1994670.8
12055,1718042400000,1990105.9
12056,1718046000000,1991175.5
12057,1718049600000,2001099.9
12058,1718053200000,2001710.8
12059,1718056800000,2000872.6
12060,1718060400000,2006752.4
12061,1718064000000,2006309.4
12062,1718067600000,2011893.0
12063,1718071200000,2024532.5
12064,1718074800000,2030169.6
12065,1718078400000,2036749.1
12066,1718082000000,2045027.7
12067,1718085600000,2047120.8
12068,1718089200000,2033770.1
12069,1718092800000,2035121.4
12070,1718096400000,2042312.7
12071,1718100000000,2041652.9
12072,1718103600000,2041913.2
12073,1718107200000,2052565.1
12074,1718110800000,2053994.7
12075,1718114400000,2053000.9
12076,1718118000000,2052255.5
12077,1718121600000,2063073.9
12078,1718125200000,2055038.2
12079,1718128800000,2058328.4
12080,1718132400000,2057272.4
12081,1718136000000,2059632.4
12082,1718139600000,2057907.3
12083,1718143200000,2053151.7
12084,1718146800000,2046516.2
12085,1718150400000,2048787.3
12086,1718154000000,2044747.1
12087,1718157600000,2047528.6
12088,1718161200000,2001516.5
12089,1718164800000,2009813.4
12090,1718168400000,1999547.5
12091,1718172000000,1998478.6
12092,1718175600000,2003149.0
12093,1718179200000,2001468.5
12094,1718182800000,2007119.8
12095,1718186400000,2009074.3
12096,1718190000000,2011004.6
12097,1718193600000,2010980.7
12098,1718197200000,1997145.0
12099,1718200800000,1996997.6
12100,1718204400000,2005291.4
12101,1718208000000,2008296.2
12102,1718211600000,2005173.9
12103,1718215200000,2003626.1
12104,1718218800000,2007144.3
12105,1718222400000,1981890.7
12106,1718226000000,1969124.0
12107,1718229600000,1968318.0
12108,1718233200000,1970664.8
12109,1718236800000,1966131.4
12110,1718240400000,1964515.7
12111,1718244000000,1956352.5
12112,1718247600000,1962262.6
12113,1718251200000,1955640.0
12114,1718254800000,1951580.0
12115,1718258400000,1951780.5
12116,1718262000000,1950790.9
12117,1718265600000,1952952.5
12118,1718269200000,2022734.0
12119,1718272800000,2023833.7
12120,1718276400000,2018434.6
12121,1718280000000,2019574.7
12122,1718283600000,2011238.5
12123,1718287200000,2009240.7
12124,1718290800000,2011561.2
12125,1718294400000,2027824.9
12126,1718298000000,2021394.8
12127,1718301600000,2020569.5
12128,1718305200000,2018039.8
12129,1718308800000,2014185.7
12130,1718312400000,2014608.5
12131,1718316000000,2101067.7
12132,1718319600000,2106297.7
12133,1718323200000,2102750.2
12134,1718326800000,2041829.4
12135,1718330400000,2037043.5
12136,1718334000000,2029506.7
12137,1718337600000,2030865.6
12138,1718341200000,2055188.6
12139,1718344800000,2008619.5
12140,1718348400000,1998010.9
12141,1718352000000,2003080.4
12142,1718355600000,2014030.2
12143,1718359200000,2020794.5
12144,1718362800000,2020732.9
12145,1718366400000,2018317.0
12146,1718370000000,1993254.2
12147,1718373600000,2002502.7
12148,1718377200000,2071249.9
12149,1718380800000,2064303.4
12150,1718384400000,2058895.8
12151,1718388000000,2071292.5
12152,1718391600000,2061802.4
12153,1718395200000,2060427.7
12154,1718398800000,2056277.8
12155,1718402400000,2029375.7
12156,1718406000000,2022614.0
12157,1718409600000,2013356.2
12158,1718413200000,2016250.5
12159,1718416800000,2017268.6
12160,1718420400000,2018823.1
12161,1718424000000,2019427.9
12162,1718427600000,2023104.7
12163,1718431200000,2020910.0
12164,1718434800000,2015751.2
12165,1718438400000,2014737.3
12166,1718442000000,2001903.2
12167,1718445600000,2002695.1
12168,1718449200000,2024780.2
12169,1718452800000,2022201.5
12170,1718456400000,2079092.3
12171,1718460000000,2069450.7
12172,1718463600000,2062881.6
12173,1718467200000,2055947.1
12174,1718470800000,2056950.1
12175,1718474400000,2062513.2
12176,1718478000000,2063578.3
12177,1718481600000,2074649.3
12178,1718485200000,2074115.5
12179,1718488800000,2082228.1
12180,1718492400000,2081910.5
12181,1718496000000,2087039.8
12182,1718499600000,2085984.8
12183,1718503200000,2092092.7
12184,1718506800000,2086515.4
12185,1718510400000,2092875.6
12186,1718514000000,2093819.7
12187,1718517600000,2095210.8
12188,1718521200000,2096437.5
12189,1718524800000,2096718.1
12190,1718528400000,2101396.4
12191,1718532000000,2111366.1
12192,1718535600000,2093380.4
12193,1718539200000,2092877.9
12194,1718542800000,2115649.5
12195,1718546400000,2111246.9
12196,1718550000000,2102435.4
12197,1718553600000,2107235.0
12198,1718557200000,2110077.1
12199,1718560800000,2116697.0
12200,1718564400000,2127140.1
12201,1718568000000,2132523.4
12202,1718571600000,2129151.29999999
12203,1718575200000,2124788.2
12204,1718578800000,2089041.4
12205,1718582400000,2086706.2
12206,1718586000000,2072858.5
12207,1718589600000,2070205.4
12208,1718593200000,2065441.6
12209,1718596800000,2070189.4
12210,1718600400000,2071138.0
12211,1718604000000,2072892.5
12212,1718607600000,2084979.5
12213,1718611200000,2079720.3
12214,1718614800000,2084785.8
12215,1718618400000,2112509.0
12216,1718622000000,2105078.79999999
12217,1718625600000,2127992.9
12218,1718629200000,2138797.79999999
12219,1718632800000,2153528.0
12220,1718636400000,2163998.0
12221,1718640000000,2207046.6
12222,1718643600000,2184391.1
12223,1718647200000,2162878.0
12224,1718650800000,2131843.2
12225,1718654400000,2119404.7
12226,1718658000000,2173750.0
12227,1718661600000,2155087.29999999
12228,1718665200000,2155659.7
12229,1718668800000,2157870.7
12230,1718672400000,2231684.9
12231,1718676000000,2074302.2
12232,1718679600000,2029037.8
12233,1718683200000,2034004.6
12234,1718686800000,2040196.7
12235,1718690400000,2059778.8
12236,1718694000000,2049450.8
12237,1718697600000,2043766.3
12238,1718701200000,2100041.6
12239,1718704800000,2127923.4
12240,1718708400000,2107756.1
12241,1718712000000,2061505.8
12242,1718715600000,2103857.5
12243,1718719200000,2079720.8
12244,1718722800000,2041569.0
12245,1718726400000,2018229.7
12246,1718730000000,2013136.9
12247,1718733600000,2014826.5
12248,1718737200000,2003458.0
12249,1718740800000,2011131.2
12250,1718744400000,2010050.0
12251,1718748000000,2000103.2
12252,1718751600000,1991998.5
12253,1718755200000,1989697.4
12254,1718758800000,1990986.3
12255,1718762400000,1960036.1
12256,1718766000000,1957366.8
12257,1718769600000,1951686.4
12258,1718773200000,1953471.8
12259,1718776800000,1957219.0
12260,1718780400000,1953041.6
12261,1718784000000,1955210.2
12262,1718787600000,1958102.3
12263,1718791200000,1964337.0
12264,1718794800000,1959778.1
12265,1718798400000,1973535.4
12266,1718802000000,1977197.3
12267,1718805600000,1983372.3
12268,1718809200000,1984180.4
12269,1718812800000,2006425.0
12270,1718816400000,1977475.3
12271,1718820000000,1962328.0
12272,1718823600000,1962168.9
12273,1718827200000,1965433.0
12274,1718830800000,1979795.8
12275,1718834400000,1976016.6
12276,1718838000000,1976033.6
12277,1718841600000,1982875.7
12278,1718845200000,1988802.0
12279,1718848800000,1965401.5
12280,1718852400000,1960387.4
12281,1718856000000,1945817.9
12282,1718859600000,1847292.3
12283,1718863200000,1822162.2
12284,1718866800000,1799987.3
12285,1718870400000,1792371.6
12286,1718874000000,1794560.6
12287,1718877600000,1793987.8
12288,1718881200000,1794874.9
12289,1718884800000,1770629.1
12290,1718888400000,1763141.4
12291,1718892000000,1761328.5
12292,1718895600000,1754552.8
12293,1718899200000,1754495.6
12294,1718902800000,1728122.0
12295,1718906400000,1729990.8
12296,1718910000000,1734066.2
12297,1718913600000,1730954.0
12298,1718917200000,1729705.1
12299,1718920800000,1727069.0
12300,1718924400000,1725591.2
12301,1718928000000,1723542.3
12302,1718931600000,1737037.3
12303,1718935200000,1729928.0
12304,1718938800000,1727779.9
12305,1718942400000,1725821.2
12306,1718946000000,1725868.0
12307,1718949600000,1732406.2
12308,1718953200000,1726875.6
12309,1718956800000,1719815.1
12310,1718960400000,1775175.9
12311,1718964000000,1783366.8
12312,1718967600000,1811806.9
12313,1718971200000,1806738.6
12314,1718974800000,1804362.7
12315,1718978400000,1781215.6
12316,1718982000000,1741393.1
12317,1718985600000,1768588.1
12318,1718989200000,1769227.8
12319,1718992800000,1776922.4
12320,1718996400000,1779592.4
12321,1719000000000,1778676.3
12322,1719003600000,1773245.9
12323,1719007200000,1741258.2
12324,1719010800000,1735326.2
12325,1719014400000,1734698.7
12326,1719018000000,1735931.0
12327,1719021600000,1734858.4
12328,1719025200000,1741733.2
12329,1719028800000,1819065.6
12330,1719032400000,1879536.4
12331,1719036000000,2081345.7
12332,1719039600000,2218743.2
12333,1719043200000,2262593.4
12334,1719046800000,2303708.29999999
12335,1719050400000,2377073.7
12336,1719054000000,2403827.1
12337,1719057600000,2389375.6
12338,1719061200000,2374249.1
12339,1719064800000,2367836.79999999
12340,1719068400000,2302380.9
12341,1719072000000,2288507.5
12342,1719075600000,2284349.9
12343,1719079200000,2273428.4
12344,1719082800000,2267222.0
12345,1719086400000,2268556.5
12346,1719090000000,2278646.79999999
12347,1719093600000,2258669.2
12348,1719097200000,2244630.79999999
12349,1719100800000,2247023.6
12350,1719104400000,2236155.4
12351,1719108000000,2253038.9
12352,1719111600000,2267402.6
12353,1719115200000,2272897.9
12354,1719118800000,2269045.79999999
12355,1719122400000,2288782.5
12356,1719126000000,2294262.7
12357,1719129600000,2277194.7
12358,1719133200000,2284633.6
12359,1719136800000,2295592.29999999
12360,1719140400000,2187156.5
12361,1719144000000,2203043.1
12362,1719147600000,2219176.79999999
12363,1719151200000,2680942.5
12364,1719154800000,2682116.79999999
12365,1719158400000,2679087.4
12366,1719162000000,2662155.6
12367,1719165600000,2667769.4
12368,1719169200000,2480120.29999999
12369,1719172800000,2454536.9
12370,1719176400000,2405354.4
12371,1719180000000,2363302.2
12372,1719183600000,2384587.1
12373,1719187200000,2370422.7
12374,1719190800000,2360364.2
12375,1719194400000,2344581.5
12376,1719198000000,2338313.0
12377,1719201600000,2337228.5
12378,1719205200000,2342233.2
12379,1719208800000,2349885.9
12380,1719212400000,2347826.7
12381,1719216000000,2366741.7
12382,1719219600000,2429816.0
12383,1719223200000,2383787.5
12384,1719226800000,2387632.1
12385,1719230400000,2415496.5
12386,1719234000000,2417955.5
12387,1719237600000,2398789.5
12388,1719241200000,2393341.6
12389,1719244800000,2353115.79999999
12390,1719248400000,2328957.79999999
12391,1719252000000,2373852.1
12392,1719255600000,2356716.29999999
12393,1719259200000,2341472.5
12394,1719262800000,2336386.6
12395,1719266400000,2339180.4
12396,1719270000000,2314415.1
12397,1719273600000,2276563.79999999
12398,1719277200000,2261615.4
12399,1719280800000,2246254.2
12400,1719284400000,2233630.0
12401,1719288000000,2214527.4
12402,1719291600000,2240197.9
12403,1719295200000,2245831.5
12404,1719298800000,2238185.1
12405,1719302400000,2244927.0
12406,1719306000000,2274990.4
12407,1719309600000,2253854.7
12408,1719313200000,2271058.9
12409,1719316800000,2275809.79999999
12410,1719320400000,2283371.2
12411,1719324000000,2293429.79999999
12412,1719327600000,2314504.1
12413,1719331200000,2312494.79999999
12414,1719334800000,2314181.79999999
12415,1719338400000,2314527.0
12416,1719342000000,2305555.0
12417,1719345600000,2318132.2
12418,1719349200000,2311709.2
12419,1719352800000,2312308.1
12420,1719356400000,2317251.4
12421,1719360000000,2314970.0
12422,1719363600000,2309432.4
12423,1719367200000,2314467.4
12424,1719370800000,2322537.5
12425,1719374400000,2324005.2
12426,1719378000000,2315054.1
12427,1719381600000,2333448.1
12428,1719385200000,2337449.29999999
12429,1719388800000,2313118.79999999
12430,1719392400000,2303257.29999999
12431,1719396000000,2334931.1
12432,1719399600000,2329419.5
12433,1719403200000,2331155.2
12434,1719406800000,2326787.0
12435,1719410400000,2320811.0
12436,1719414000000,2309149.6
12437,1719417600000,2308655.5
12438,1719421200000,2325081.79999999
12439,1719424800000,2311354.7
12440,1719428400000,2303916.7
12441,1719432000000,2279595.29999999
12442,1719435600000,2247074.7
12443,1719439200000,2234617.29999999
12444,1719442800000,2245739.4
12445,1719446400000,2220485.6
12446,1719450000000,2227261.6
12447,1719453600000,2201225.79999999
12448,1719457200000,2219135.6
12449,1719460800000,2233891.5
12450,1719464400000,2237953.6
12451,1719468000000,2227391.5
12452,1719471600000,2219093.4
12453,1719475200000,2236560.4
12454,1719478800000,2226706.7
12455,1719482400000,2178761.5
12456,1719486000000,2182628.4
12457,1719489600000,2168209.29999999
12458,1719493200000,2031853.7
12459,1719496800000,1986496.6
12460,1719500400000,1970320.2
12461,1719504000000,1955533.5
12462,1719507600000,1954024.1
12463,1719511200000,1950002.2
12464,1719514800000,1946729.7
12465,1719518400000,1930933.4
12466,1719522000000,1927833.5
12467,1719525600000,1928840.4
12468,1719529200000,1924079.1
12469,1719532800000,1913844.4
12470,1719536400000,1921571.2
12471,1719540000000,1910273.8
12472,1719543600000,1899486.4
12473,1719547200000,1899380.9
12474,1719550800000,1899455.9
12475,1719554400000,1906303.4
12476,1719558000000,1903404.9
12477,1719561600000,1920928.8
12478,1719565200000,1930991.9
12479,1719568800000,1998317.1
12480,1719572400000,2026548.8
12481,1719576000000,2021258.5
12482,1719579600000,2036039.5
12483,1719583200000,2001754.6
12484,1719586800000,1991401.6
12485,1719590400000,2023704.7
12486,1719594000000,2013878.7
12487,1719597600000,2038336.7
12488,1719601200000,2030752.0
12489,1719604800000,2013443.6
12490,1719608400000,1998358.8
12491,1719612000000,1982802.7
12492,1719615600000,1982691.0
12493,1719619200000,1987172.3
12494,1719622800000,2001349.1
12495,1719626400000,1996640.7
12496,1719630000000,1991674.2
12497,1719633600000,1995410.5
12498,1719637200000,1995698.0
12499,1719640800000,1987590.2
12500,1719644400000,1999635.9
12501,1719648000000,1996593.8
12502,1719651600000,1997818.4
12503,1719655200000,1990265.1
12504,1719658800000,2112593.6
12505,1719662400000,2114594.1
12506,1719666000000,2112979.4
12507,1719669600000,2105478.0
12508,1719673200000,2125544.7
12509,1719676800000,2038630.0
12510,1719680400000,2036196.7
12511,1719684000000,2023941.5
12512,1719687600000,2023243.7
12513,1719691200000,2025522.5
12514,1719694800000,2023312.5
12515,1719698400000,2018133.3
12516,1719702000000,2013896.8
12517,1719705600000,2012683.6
12518,1719709200000,2014191.4
12519,1719712800000,2013738.9
12520,1719716400000,2012800.7
12521,1719720000000,2011395.9
12522,1719723600000,2028673.9
12523,1719727200000,2030200.1
12524,1719730800000,2024649.2
12525,1719734400000,2028634.7
12526,1719738000000,2025584.6
12527,1719741600000,2028607.5
12528,1719745200000,2033059.7
12529,1719748800000,2042337.1
12530,1719752400000,2035324.1
12531,1719756000000,2046272.9
12532,1719759600000,2038027.1
12533,1719763200000,2042507.3
12534,1719766800000,2029702.7
12535,1719770400000,2026765.9
12536,1719774000000,2048041.2
12537,1719777600000,2026706.3
12538,1719781200000,2046870.9
12539,1719784800000,2051216.4
12540,1719788400000,2118719.9
12541,1719792000000,2121383.5
12542,1719795600000,2105475.4
12543,1719799200000,2089189.4
12544,1719802800000,2074761.7
12545,1719806400000,2084198.0
12546,1719810000000,2077283.8
12547,1719813600000,2080185.3
12548,1719817200000,2077944.9
12549,1719820800000,2078053.9
12550,1719824400000,2087877.9
12551,1719828000000,2102591.29999999
12552,1719831600000,2131833.7
12553,1719835200000,2089479.3
12554,1719838800000,2085070.4
12555,1719842400000,2054323.5
12556,1719846000000,2063516.2
12557,1719849600000,2083026.4
12558,1719853200000,2110069.9
12559,1719856800000,2117599.1
12560,1719860400000,2136701.1
12561,1719864000000,2151726.5
12562,1719867600000,2143375.0
12563,1719871200000,2096892.8
12564,1719874800000,2084233.2
12565,1719878400000,2083135.2
12566,1719882000000,2079701.3
12567,1719885600000,2084725.9
12568,1719889200000,2075558.9
12569,1719892800000,2081118.1
12570,1719896400000,2089673.3
12571,1719900000000,2060491.3
12572,1719903600000,2043374.5
12573,1719907200000,2041256.8
12574,1719910800000,2053214.2
12575,1719914400000,2050581.1
12576,1719918000000,2060605.4
12577,1719921600000,2069526.9
12578,1719925200000,2107597.7
12579,1719928800000,2088225.3
12580,1719932400000,2093999.9
12581,1719936000000,2102436.9
12582,1719939600000,2093116.3
12583,1719943200000,2100533.5
12584,1719946800000,2127880.29999999
12585,1719950400000,2113305.6
12586,1719954000000,2113310.9
12587,1719957600000,2110439.6
12588,1719961200000,2098538.4
12589,1719964800000,2098013.6
12590,1719968400000,2095737.7
12591,1719972000000,2082034.6
12592,1719975600000,2069164.7
12593,1719979200000,2037397.7
12594,1719982800000,2036887.7
12595,1719986400000,2046155.8
12596,1719990000000,2046968.6
12597,1719993600000,2026640.0
12598,1719997200000,2000391.2
12599,1720000800000,2009255.5
12600,1720004400000,1996623.4
12601,1720008000000,2008254.0
12602,1720011600000,1994377.8
12603,1720015200000,1988701.9
12604,1720018800000,1975659.9
12605,1720022400000,2007788.5
12606,1720026000000,1998997.7
12607,1720029600000,1988760.3
12608,1720033200000,2007384.6
12609,1720036800000,1989904.8
12610,1720040400000,1994892.9
12611,1720044000000,1964542.6
12612,1720047600000,1973388.9
12613,1720051200000,1969605.8
12614,1720054800000,1988126.0
12615,1720058400000,1985458.1
12616,1720062000000,1971754.5
12617,1720065600000,1962382.0
12618,1720069200000,2083912.9
12619,1720072800000,2089195.5
12620,1720076400000,2082760.2
12621,1720080000000,2091630.2
12622,1720083600000,2108181.2
12623,1720087200000,2117945.9
12624,1720090800000,2119107.79999999
12625,1720094400000,2122504.4
12626,1720098000000,2094353.7
12627,1720101600000,2121663.0
12628,1720105200000,2123846.2
12629,1720108800000,2121179.29999999
12630,1720112400000,2132154.2
12631,1720116000000,2124210.9
12632,1720119600000,2112413.29999999
12633,1720123200000,2099505.0
12634,1720126800000,2085298.6
12635,1720130400000,2077300.6
12636,1720134000000,2066018.4
12637,1720137600000,2072637.4
12638,1720141200000,2070366.5
12639,1720144800000,2061633.1
12640,1720148400000,2053347.2
12641,1720152000000,1997410.3
12642,1720155600000,2023953.9
12643,1720159200000,2003698.7
12644,1720162800000,2018124.0
12645,1720166400000,2017531.2
12646,1720170000000,1990181.0
12647,1720173600000,2004832.6
12648,1720177200000,1994616.4
12649,1720180800000,2023605.1
12650,1720184400000,1999108.8
12651,1720188000000,1958405.7
12652,1720191600000,1956132.5
12653,1720195200000,1964821.8
12654,1720198800000,1966019.3
12655,1720202400000,1965565.9
12656,1720206000000,1960801.1
12657,1720209600000,1952879.4
12658,1720213200000,1939619.7
12659,1720216800000,1956062.6
12660,1720220400000,1955296.1
12661,1720224000000,1950360.2
12662,1720227600000,1935730.4
12663,1720231200000,1923643.7
12664,1720234800000,1927528.9
12665,1720238400000,1929556.5
12666,1720242000000,1926009.8
12667,1720245600000,1922983.6
12668,1720249200000,1930829.6
12669,1720252800000,1936397.9
12670,1720256400000,1974557.1
12671,1720260000000,1979391.1
12672,1720263600000,1986924.1
12673,1720267200000,1982441.6
12674,1720270800000,1984824.1
12675,1720274400000,1971662.2
12676,1720278000000,1954318.2
12677,1720281600000,1980238.7
12678,1720285200000,1981006.9
12679,1720288800000,1982833.9
12680,1720292400000,1985413.2
12681,1720296000000,1976771.2
12682,1720299600000,1977331.7
12683,1720303200000,1986667.6
12684,1720306800000,1986368.7
12685,1720310400000,1996413.1
12686,1720314000000,1995879.0
12687,1720317600000,2012744.1
12688,1720321200000,2008930.5
12689,1720324800000,1975622.6
12690,1720328400000,1960037.2
12691,1720332000000,1954505.2
12692,1720335600000,1962908.1
12693,1720339200000,1922750.6
12694,1720342800000,1925033.8
12695,1720346400000,1920177.0
12696,1720350000000,1919867.0
12697,1720353600000,1924685.5
12698,1720357200000,1919374.5
12699,1720360800000,1929803.9
12700,1720364400000,1928639.9
12701,1720368000000,1933477.5
12702,1720371600000,1928102.1
12703,1720375200000,1933635.5
12704,1720378800000,1933741.0
12705,1720382400000,1933397.1
12706,1720386000000,1942254.0
12707,1720389600000,1930445.7
12708,1720393200000,1929845.0
12709,1720396800000,1921513.6
12710,1720400400000,1907315.1
12711,1720404000000,1921029.5
12712,1720407600000,1899266.6
12713,1720411200000,1890154.4
12714,1720414800000,1907087.4
12715,1720418400000,1885506.3
12716,1720422000000,1901197.1
12717,1720425600000,1938472.9
12718,1720429200000,1875744.9
12719,1720432800000,1849997.3
12720,1720436400000,1847703.8
12721,1720440000000,1890968.0
12722,1720443600000,1868197.3
12723,1720447200000,1864326.6
12724,1720450800000,1834575.6
12725,1720454400000,1827642.3
12726,1720458000000,1845087.6
12727,1720461600000,1846893.6
12728,1720465200000,1837892.3
12729,1720468800000,1827958.3
12730,1720472400000,1818892.6
12731,1720476000000,1817484.8
12732,1720479600000,1819151.9
12733,1720483200000,1811829.8
12734,1720486800000,1830473.6
12735,1720490400000,1844138.5
12736,1720494000000,1794870.3
12737,1720497600000,1793533.6
12738,1720501200000,1811375.4
12739,1720504800000,1822004.6
12740,1720508400000,1825381.2
12741,1720512000000,1802953.8
12742,1720515600000,1770477.6
12743,1720519200000,1765976.1
12744,1720522800000,1771671.4
12745,1720526400000,1778575.7
12746,1720530000000,1776491.0
12747,1720533600000,1774264.5
12748,1720537200000,1778636.0
12749,1720540800000,1780319.4
12750,1720544400000,1739883.5
12751,1720548000000,1723428.1
12752,1720551600000,1726701.8
12753,1720555200000,1711477.2
12754,1720558800000,1710770.2
12755,1720562400000,1705232.9
12756,1720566000000,1697006.2
12757,1720569600000,1694829.1
12758,1720573200000,1705252.0
12759,1720576800000,1710087.3
12760,1720580400000,1724719.0
12761,1720584000000,1727803.4
12762,1720587600000,1749441.8
12763,1720591200000,1732052.0
12764,1720594800000,1731698.1
12765,1720598400000,1731188.8
12766,1720602000000,1761602.3
12767,1720605600000,1753515.2
12768,1720609200000,1772746.9
12769,1720612800000,1774352.1
12770,1720616400000,1766658.2
12771,1720620000000,1750180.2
12772,1720623600000,1757824.5
12773,1720627200000,1769529.2
12774,1720630800000,1762181.7
12775,1720634400000,1742475.3
12776,1720638000000,1748825.5
12777,1720641600000,1748559.4
12778,1720645200000,1746615.5
12779,1720648800000,1737730.2
12780,1720652400000,1742727.6
12781,1720656000000,1749348.6
12782,1720659600000,1751445.0
12783,1720663200000,1759168.7
12784,1720666800000,1766837.2
12785,1720670400000,1759562.0
12786,1720674000000,1760886.6
12787,1720677600000,1768753.1
12788,1720681200000,1772275.4
12789,1720684800000,1779427.8
12790,1720688400000,1780326.2
12791,1720692000000,1792023.2
12792,1720695600000,1792310.4
12793,1720699200000,1798182.6
12794,1720702800000,1771294.7
12795,1720706400000,1742763.6
12796,1720710000000,1734780.8
12797,1720713600000,1871784.2
12798,1720717200000,1866781.4
12799,1720720800000,1872614.8
12800,1720724400000,1854273.1
12801,1720728000000,1848539.4
12802,1720731600000,1854902.2
12803,1720735200000,1851569.3
12804,1720738800000,1852540.6
12805,1720742400000,1858365.1
12806,1720746000000,1858984.7
12807,1720749600000,1858091.4
12808,1720753200000,1854452.2
12809,1720756800000,1852455.5
12810,1720760400000,1864210.8
12811,1720764000000,1856025.8
12812,1720767600000,1877241.4
12813,1720771200000,1875899.8
12814,1720774800000,1870053.8
12815,1720778400000,1854527.8
12816,1720782000000,1857394.1
12817,1720785600000,1865520.5
12818,1720789200000,1850520.6
12819,1720792800000,1864638.1
12820,1720796400000,1872816.9
12821,1720800000000,1875351.8
12822,1720803600000,1882960.1
12823,1720807200000,1887283.9
12824,1720810800000,1961015.4
12825,1720814400000,1980496.9
12826,1720818000000,1969677.1
12827,1720821600000,1938417.1
12828,1720825200000,1847494.4
12829,1720828800000,1842073.7
12830,1720832400000,1834574.8
12831,1720836000000,1836913.3
12832,1720839600000,1833269.4
12833,1720843200000,1842212.5
12834,1720846800000,1835885.5
12835,1720850400000,1844504.8
12836,1720854000000,1847778.4
12837,1720857600000,1859959.0
12838,1720861200000,1995530.9
12839,1720864800000,2005459.0
12840,1720868400000,1964366.8
12841,1720872000000,1954535.1
12842,1720875600000,2016539.4
12843,1720879200000,2072041.9
12844,1720882800000,2063278.2
12845,1720886400000,2055468.3
12846,1720890000000,2034015.6
12847,1720893600000,2044605.1
12848,1720897200000,2037568.4
12849,1720900800000,2069054.3
12850,1720904400000,2078442.8
12851,1720908000000,2067332.1
12852,1720911600000,2036082.1
12853,1720915200000,1962271.4
12854,1720918800000,1958564.9
12855,1720922400000,1954653.7
12856,1720926000000,1939561.3
12857,1720929600000,1937836.8
12858,1720933200000,1929870.7
12859,1720936800000,1937618.1
12860,1720940400000,1939533.0
12861,1720944000000,1941365.7
12862,1720947600000,1981877.1
12863,1720951200000,2014712.0
12864,1720954800000,1965109.9
12865,1720958400000,1986057.8
12866,1720962000000,1999029.6
12867,1720965600000,2006206.9
12868,1720969200000,2050301.9
12869,1720972800000,2043524.4
12870,1720976400000,2047286.7
12871,1720980000000,2050464.9
12872,1720983600000,2050639.1
12873,1720987200000,2064076.1
12874,1720990800000,2069413.5
12875,1720994400000,2033006.3
12876,1720998000000,2041530.9
12877,1721001600000,1976149.8
12878,1721005200000,1997078.8
12879,1721008800000,1966720.5
12880,1721012400000,1950187.8
12881,1721016000000,1944630.4
12882,1721019600000,1925643.3
12883,1721023200000,1961436.8
12884,1721026800000,1948501.8
12885,1721030400000,1991481.8
12886,1721034000000,1998100.7
12887,1721037600000,1977791.5
12888,1721041200000,1966611.5
12889,1721044800000,1968456.4
12890,1721048400000,1972815.1
12891,1721052000000,2038192.2
12892,1721055600000,2032202.6
12893,1721059200000,2032371.7
12894,1721062800000,2084505.5
12895,1721066400000,2086151.9
12896,1721070000000,2086931.0
12897,1721073600000,2100383.6
12898,1721077200000,2152017.5
12899,1721080800000,2164314.29999999
12900,1721084400000,2180296.4
12901,1721088000000,2194270.5
12902,1721091600000,2179400.5
12903,1721095200000,2203686.0
12904,1721098800000,2178503.7
12905,1721102400000,2203300.5
12906,1721106000000,2179450.6
12907,1721109600000,2137836.0
12908,1721113200000,2126274.4
12909,1721116800000,2129409.79999999
12910,1721120400000,2110750.7
12911,1721124000000,2108948.6
12912,1721127600000,2103367.79999999
12913,1721131200000,2114288.2
12914,1721134800000,2052626.4
12915,1721138400000,2150343.1
12916,1721142000000,2118168.1
12917,1721145600000,2121881.0
12918,1721149200000,2125395.7
12919,1721152800000,2109529.0
12920,1721156400000,2124426.7
12921,1721160000000,2204716.79999999
12922,1721163600000,2186550.4
12923,1721167200000,2158263.5
12924,1721170800000,2157694.29999999
12925,1721174400000,2153366.1
12926,1721178000000,2187123.6
12927,1721181600000,2203813.79999999
12928,1721185200000,2189960.79999999
12929,1721188800000,2224201.9
12930,1721192400000,2233522.4
12931,1721196000000,2237611.29999999
12932,1721199600000,2242250.0
12933,1721203200000,2240654.4
12934,1721206800000,2227042.6
12935,1721210400000,2334608.29999999
12936,1721214000000,2367859.2
12937,1721217600000,2406327.5
12938,1721221200000,2427114.6
12939,1721224800000,2439299.5
12940,1721228400000,2447071.7
12941,1721232000000,2427259.0
12942,1721235600000,2401390.7
12943,1721239200000,2410921.6
12944,1721242800000,2430781.6
12945,1721246400000,2434010.4
12946,1721250000000,2415237.1
12947,1721253600000,2392957.2
12948,1721257200000,2353459.5
12949,1721260800000,2365332.1
12950,1721264400000,2363338.9
12951,1721268000000,2361579.1
12952,1721271600000,2240171.2
12953,1721275200000,2237390.1
12954,1721278800000,2233297.2
12955,1721282400000,2239097.4
12956,1721286000000,2256635.6
12957,1721289600000,2258527.79999999
12958,1721293200000,2271910.6
12959,1721296800000,2274989.5
12960,1721300400000,2275700.7
12961,1721304000000,2286576.7
12962,1721307600000,2297113.29999999
12963,1721311200000,2290808.4
12964,1721314800000,2275071.29999999
12965,1721318400000,2280083.29999999
12966,1721322000000,2304725.1
12967,1721325600000,2304411.0
12968,1721329200000,2302618.1
12969,1721332800000,2262184.1
12970,1721336400000,2270916.1
12971,1721340000000,2260023.7
12972,1721343600000,2252036.9
12973,1721347200000,2247732.9
12974,1721350800000,2243350.6
12975,1721354400000,2235106.79999999
12976,1721358000000,2233909.29999999
12977,1721361600000,2244627.0
12978,1721365200000,2244310.5
12979,1721368800000,2246022.5
12980,1721372400000,2252789.6
12981,1721376000000,2244781.29999999
12982,1721379600000,2245623.6
12983,1721383200000,2271338.9
12984,1721386800000,2259581.9
12985,1721390400000,2255563.79999999
12986,1721394000000,2264482.4
12987,1721397600000,2256342.6
12988,1721401200000,2246181.2
12989,1721404800000,2269216.29999999
12990,1721408400000,2294589.4
12991,1721412000000,2330975.2
12992,1721415600000,2338538.2
12993,1721419200000,2350884.79999999
12994,1721422800000,2349473.4
12995,1721426400000,2354056.2
12996,1721430000000,2380590.1
12997,1721433600000,2406491.0
12998,1721437200000,2408897.2
12999,1721440800000,2437659.7
13000,1721444400000,2435003.2
13001,1721448000000,2442774.79999999
13002,1721451600000,2455677.5
13003,1721455200000,2418619.5
13004,1721458800000,2422943.4
13005,1721462400000,2404782.0
13006,1721466000000,2406773.7
13007,1721469600000,2407573.0
13008,1721473200000,2420614.79999999
13009,1721476800000,2427141.4
13010,1721480400000,2442508.5
13011,1721484000000,2430792.4
13012,1721487600000,2452171.79999999
13013,1721491200000,2482787.0
13014,1721494800000,2477561.79999999
13015,1721498400000,2445268.9
13016,1721502000000,2446983.29999999
13017,1721505600000,2450724.9
13018,1721509200000,2448238.4
13019,1721512800000,2438607.79999999
13020,1721516400000,2476657.9
13021,1721520000000,2506335.79999999
13022,1721523600000,2480537.4
13023,1721527200000,2472267.9
13024,1721530800000,2477214.0
13025,1721534400000,2470352.4
13026,1721538000000,2464930.4
13027,1721541600000,2468936.6
13028,1721545200000,2458631.9
13029,1721548800000,2445881.4
13030,1721552400000,2452007.6
13031,1721556000000,2481072.2
13032,1721559600000,2489390.79999999
13033,1721563200000,2514834.7
13034,1721566800000,2523257.5
13035,1721570400000,2633617.1
13036,1721574000000,2898043.2
13037,1721577600000,2944009.4
13038,1721581200000,2953382.1
13039,1721584800000,2923446.8
13040,1721588400000,2865034.4
13041,1721592000000,2914469.1
13042,1721595600000,2957153.0
13043,1721599200000,2996931.4
13044,1721602800000,2962954.2
13045,1721606400000,2976310.3
13046,1721610000000,2986492.2
13047,1721613600000,2979729.3
13048,1721617200000,2980028.3
13049,1721620800000,2935243.3
13050,1721624400000,3054833.9
13051,1721628000000,3048005.7
13052,1721631600000,3073861.3
13053,1721635200000,3063307.4
13054,1721638800000,3045134.2
13055,1721642400000,3036817.8
13056,1721646000000,3028179.7
13057,1721649600000,3026967.5
13058,1721653200000,3042631.0
13059,1721656800000,2924783.7
13060,1721660400000,2881834.5
13061,1721664000000,2872895.2
13062,1721667600000,2860015.7
13063,1721671200000,2849904.9
13064,1721674800000,2833293.0
13065,1721678400000,2837914.9
13066,1721682000000,2866946.5
13067,1721685600000,2840929.8
13068,1721689200000,2820841.3
13069,1721692800000,2715657.29999999
13070,1721696400000,2703404.2
13071,1721700000000,2723509.6
13072,1721703600000,2714605.7
13073,1721707200000,2722853.6
13074,1721710800000,2636939.1
13075,1721714400000,2585381.4
13076,1721718000000,2576820.6
13077,1721721600000,2603747.0
13078,1721725200000,2612642.4
13079,1721728800000,2593297.5
13080,1721732400000,2596766.79999999
13081,1721736000000,2529915.9
13082,1721739600000,2527460.29999999
13083,1721743200000,2510332.29999999
13084,1721746800000,2523968.79999999
13085,1721750400000,2519451.6
13086,1721754000000,2464452.5
13087,1721757600000,2473280.9
13088,1721761200000,2427543.2
13089,1721764800000,2420739.6
13090,1721768400000,2409441.29999999
13091,1721772000000,2402501.7
13092,1721775600000,2403826.7
13093,1721779200000,2409657.5
13094,1721782800000,2428988.2
13095,1721786400000,2406997.5
13096,1721790000000,2449937.7
13097,1721793600000,2538203.0
13098,1721797200000,2571476.7
13099,1721800800000,2567576.4
13100,1721804400000,2575588.5
13101,1721808000000,2698294.79999999
13102,1721811600000,2748649.6
13103,1721815200000,2859700.1
13104,1721818800000,2994274.8
13105,1721822400000,2989275.3
13106,1721826000000,2918477.3
13107,1721829600000,2943905.9
13108,1721833200000,2913519.4
13109,1721836800000,2715716.1
13110,1721840400000,2679455.29999999
13111,1721844000000,2636147.29999999
13112,1721847600000,2598074.1
13113,1721851200000,2600276.4
13114,1721854800000,2598659.6
13115,1721858400000,2627250.6
13116,1721862000000,2638182.5
13117,1721865600000,2598253.0
13118,1721869200000,2603644.0
13119,1721872800000,2520802.29999999
13120,1721876400000,2515861.29999999
13121,1721880000000,2510467.7
13122,1721883600000,2470827.79999999
13123,1721887200000,2527634.29999999
13124,1721890800000,2510142.5
13125,1721894400000,2523404.4
13126,1721898000000,2524186.9
13127,1721901600000,2519541.6
13128,1721905200000,2510852.9
13129,1721908800000,2512118.0
13130,1721912400000,2466580.79999999
13131,1721916000000,2478392.9
13132,1721919600000,2449558.1
13133,1721923200000,2454812.4
13134,1721926800000,2453494.2
13135,1721930400000,2451891.6
13136,1721934000000,2448679.2
13137,1721937600000,2420401.1
13138,1721941200000,2413358.6
13139,1721944800000,2379235.6
13140,1721948400000,2483885.1
13141,1721952000000,2465003.0
13142,1721955600000,2426805.6
13143,1721959200000,2425296.79999999
13144,1721962800000,2443569.5
13145,1721966400000,2525635.79999999
13146,1721970000000,2534257.7
13147,1721973600000,2559147.0
13148,1721977200000,2551881.79999999
13149,1721980800000,2537767.79999999
13150,1721984400000,2535892.4
13151,1721988000000,2547821.6
13152,1721991600000,2544947.6
13153,1721995200000,2557777.7
13154,1721998800000,2567112.6
13155,1722002400000,2574663.1
13156,1722006000000,2577229.5
13157,1722009600000,2592714.0
13158,1722013200000,2585078.29999999
13159,1722016800000,2512734.9
13160,1722020400000,2502242.9
13161,1722024000000,2509337.7
13162,1722027600000,2501326.9
13163,1722031200000,2523739.6
13164,1722034800000,2526698.2
13165,1722038400000,2549323.0
13166,1722042000000,2552360.79999999
13167,1722045600000,2551887.5
13168,1722049200000,2555942.0
13169,1722052800000,2558538.9
13170,1722056400000,2557619.9
13171,1722060000000,2557252.6
13172,1722063600000,2558964.0
13173,1722067200000,2564922.1
13174,1722070800000,2560032.9
13175,1722074400000,2573738.29999999
13176,1722078000000,2576246.4
13177,1722081600000,2578050.29999999
13178,1722085200000,2734898.0
13179,1722088800000,2710466.79999999
13180,1722092400000,2637933.1
13181,1722096000000,2617093.5
13182,1722099600000,2489265.7
13183,1722103200000,2483306.5
13184,1722106800000,2471171.0
13185,1722110400000,2413133.4
13186,1722114000000,2393118.4
13187,1722117600000,2391224.29999999
13188,1722121200000,2387855.2
13189,1722124800000,2392567.4
13190,1722128400000,2390125.29999999
13191,1722132000000,2410261.0
13192,1722135600000,2418145.1
13193,1722139200000,2412050.5
13194,1722142800000,2419767.9
13195,1722146400000,2440915.7
13196,1722150000000,2427438.2
13197,1722153600000,2432067.7
13198,1722157200000,2438002.1
13199,1722160800000,2460955.5
13200,1722164400000,2453783.6
13201,1722168000000,2454013.1
13202,1722171600000,2462342.79999999
13203,1722175200000,2463950.9
13204,1722178800000,2440206.9
13205,1722182400000,2414457.9
13206,1722186000000,2432034.7
13207,1722189600000,2445706.7
13208,1722193200000,2451839.1
13209,1722196800000,2448984.4
13210,1722200400000,2447664.5
13211,1722204000000,2397022.6
13212,1722207600000,2400356.1
13213,1722211200000,2407526.0
13214,1722214800000,2405145.9
13215,1722218400000,2416059.29999999
13216,1722222000000,2452973.5
13217,1722225600000,2493757.2
13218,1722229200000,2479119.6
13219,1722232800000,2479744.7
13220,1722236400000,2545258.0
13221,1722240000000,2555884.7
13222,1722243600000,2545191.2
13223,1722247200000,2547223.5
13224,1722250800000,2544349.7
13225,1722254400000,2537096.2
13226,1722258000000,2502838.4
13227,1722261600000,2459931.5
13228,1722265200000,2473242.0
13229,1722268800000,2455301.1
13230,1722272400000,2449228.79999999
13231,1722276000000,2451025.1
13232,1722279600000,2452649.1
13233,1722283200000,2402848.0
13234,1722286800000,2387576.7
13235,1722290400000,2383051.79999999
13236,1722294000000,2367336.5
13237,1722297600000,2379297.29999999
13238,1722301200000,2374411.9
13239,1722304800000,2346664.1
13240,1722308400000,2326109.1
13241,1722312000000,2323671.7
13242,1722315600000,2311250.2
13243,1722319200000,2291998.4
13244,1722322800000,2300617.6
13245,1722326400000,2313720.2
13246,1722330000000,2311850.6
13247,1722333600000,2315421.5
13248,1722337200000,2328603.2
13249,1722340800000,2329333.1
13250,1722344400000,2355709.29999999
13251,1722348000000,2374221.5
13252,1722351600000,2401177.9
13253,1722355200000,2407256.29999999
13254,1722358800000,2411230.29999999
13255,1722362400000,2397144.6
13256,1722366000000,2388083.9
13257,1722369600000,2368732.9
13258,1722373200000,2374409.79999999
13259,1722376800000,2371160.9
13260,1722380400000,2384293.0
13261,1722384000000,2384022.5
13262,1722387600000,2373526.29999999
13263,1722391200000,2378293.4
13264,1722394800000,2393340.7
13265,1722398400000,2404338.29999999
13266,1722402000000,2404451.7
13267,1722405600000,2444111.1
13268,1722409200000,2463772.7
13269,1722412800000,2480433.2
13270,1722416400000,2455330.4
13271,1722420000000,2466183.29999999
13272,1722423600000,2480513.0
13273,1722427200000,2500941.4
13274,1722430800000,2486227.0
13275,1722434400000,2522253.7
13276,1722438000000,2523377.1
13277,1722441600000,2509514.4
13278,1722445200000,2523071.5
13279,1722448800000,2513597.9
13280,1722452400000,2509096.1
13281,1722456000000,2470913.1
13282,1722459600000,2399702.1
13283,1722463200000,2372031.4
13284,1722466800000,2371816.5
13285,1722470400000,2379446.4
13286,1722474000000,2376080.79999999
13287,1722477600000,2382999.9
13288,1722481200000,2366670.6
13289,1722484800000,2349812.6
13290,1722488400000,2340678.29999999
13291,1722492000000,2290802.2
13292,1722495600000,2326911.4
13293,1722499200000,2325045.6
13294,1722502800000,2334614.5
13295,1722506400000,2331358.1
13296,1722510000000,2332636.1
13297,1722513600000,2326662.29999999
13298,1722517200000,2327397.6
13299,1722520800000,2330719.4
13300,1722524400000,2304104.5
13301,1722528000000,2313006.9
13302,1722531600000,2272094.79999999
13303,1722535200000,2321396.0
13304,1722538800000,2326212.9
13305,1722542400000,2324827.1
13306,1722546000000,2297776.29999999
13307,1722549600000,2302889.79999999
13308,1722553200000,2331982.29999999
13309,1722556800000,2334460.1
13310,1722560400000,2325871.5
13311,1722564000000,2293678.29999999
13312,1722567600000,2261829.0
13313,1722571200000,2259733.6
13314,1722574800000,2258483.29999999
13315,1722578400000,2249265.1
13316,1722582000000,2242642.79999999
13317,1722585600000,2246845.6
13318,1722589200000,2242573.2
13319,1722592800000,2260390.2
13320,1722596400000,2267895.9
13321,1722600000000,2263183.29999999
13322,1722603600000,2268671.5
13323,1722607200000,2277180.5
13324,1722610800000,2260214.7
13325,1722614400000,2258037.5
13326,1722618000000,2247976.79999999
13327,1722621600000,2240670.0
13328,1722625200000,2231995.5
13329,1722628800000,2225935.5
13330,1722632400000,2224607.7
13331,1722636000000,2228457.9
13332,1722639600000,2228415.1
13333,1722643200000,2232088.6
13334,1722646800000,2207566.79999999
13335,1722650400000,2201174.1
13336,1722654000000,2155750.2
13337,1722657600000,2166743.2
13338,1722661200000,2163348.4
13339,1722664800000,2153463.29999999
13340,1722668400000,2194276.6
13341,1722672000000,2191800.7
13342,1722675600000,2160972.4
13343,1722679200000,2155470.9
13344,1722682800000,2160659.7
13345,1722686400000,2190196.79999999
13346,1722690000000,2179230.0
13347,1722693600000,2195497.29999999
13348,1722697200000,2176907.9
13349,1722700800000,2195729.0
13350,1722704400000,2030848.4
13351,1722708000000,2007770.5
13352,1722711600000,1998926.0
13353,1722715200000,2007403.5
13354,1722718800000,2023841.8
13355,1722722400000,2072142.1
13356,1722726000000,2088347.7
13357,1722729600000,2081103.3
13358,1722733200000,2091112.5
13359,1722736800000,2094639.4
13360,1722740400000,2117944.6
13361,1722744000000,2124453.5
13362,1722747600000,2120588.5
13363,1722751200000,2133738.0
13364,1722754800000,2124042.2
13365,1722758400000,2097569.7
13366,1722762000000,2194048.79999999
13367,1722765600000,2200774.7
13368,1722769200000,2197257.6
13369,1722772800000,2201603.2
13370,1722776400000,2209001.6
13371,1722780000000,2142080.5
13372,1722783600000,2099663.5
13373,1722787200000,2100039.9
13374,1722790800000,2087439.2
13375,1722794400000,2088501.8
13376,1722798000000,2087376.4
13377,1722801600000,2084774.7
13378,1722805200000,2086778.7
13379,1722808800000,2080430.6
13380,1722812400000,2086987.3
13381,1722816000000,2112444.4
13382,1722819600000,2098804.29999999
13383,1722823200000,1990956.5
13384,1722826800000,1992392.0
13385,1722830400000,1943253.8
13386,1722834000000,1963652.4
13387,1722837600000,2006350.6
13388,1722841200000,1989245.1
13389,1722844800000,1998503.5
13390,1722848400000,2002395.6
13391,1722852000000,2020486.6
13392,1722855600000,2044852.7
13393,1722859200000,2046040.8
13394,1722862800000,2089691.7
13395,1722866400000,2025850.4
13396,1722870000000,1966902.5
13397,1722873600000,1965729.7
13398,1722877200000,1958599.0
13399,1722880800000,1970635.4
13400,1722884400000,1975315.4
13401,1722888000000,1964921.0
13402,1722891600000,1960042.0
13403,1722895200000,1963686.0
13404,1722898800000,1979726.3
13405,1722902400000,1974668.9
13406,1722906000000,1962027.2
13407,1722909600000,1935674.7
13408,1722913200000,1949593.1
13409,1722916800000,1931592.5
13410,1722920400000,1973398.0
13411,1722924000000,1996915.1
13412,1722927600000,1977106.2
13413,1722931200000,1952295.3
13414,1722934800000,1930938.6
13415,1722938400000,1939190.6
13416,1722942000000,1936524.8
13417,1722945600000,1939015.6
13418,1722949200000,1928957.8
13419,1722952800000,1918879.9
13420,1722956400000,1939271.7
13421,1722960000000,1946892.8
13422,1722963600000,1969286.0
13423,1722967200000,1958419.4
13424,1722970800000,2004213.5
13425,1722974400000,2009644.1
13426,1722978000000,2001712.0
13427,1722981600000,1998300.1
13428,1722985200000,2013499.0
13429,1722988800000,2011311.2
13430,1722992400000,2010187.0
13431,1722996000000,2022729.6
13432,1722999600000,2012653.5
13433,1723003200000,2033093.6
13434,1723006800000,2028137.0
13435,1723010400000,2028946.4
13436,1723014000000,2017954.9
13437,1723017600000,2021307.6
13438,1723021200000,2035405.0
13439,1723024800000,2032965.4
13440,1723028400000,2036569.6
13441,1723032000000,2057416.5
13442,1723035600000,2053374.1
13443,1723039200000,2022420.3
13444,1723042800000,1968242.7
13445,1723046400000,1986908.0
13446,1723050000000,1984289.2
13447,1723053600000,2020597.3
13448,1723057200000,2016707.0
13449,1723060800000,2007854.2
13450,1723064400000,1989924.0
13451,1723068000000,1985735.9
13452,1723071600000,1991120.4
13453,1723075200000,1993685.3
13454,1723078800000,1988755.2
13455,1723082400000,1996134.4
13456,1723086000000,1979273.7
13457,1723089600000,1981684.8
13458,1723093200000,1976846.6
13459,1723096800000,1978415.6
13460,1723100400000,1990709.8
13461,1723104000000,1997459.7
13462,1723107600000,1987952.1
13463,1723111200000,2010777.7
13464,1723114800000,2020419.4
13465,1723118400000,2037459.4
13466,1723122000000,2059219.6
13467,1723125600000,2060688.6
13468,1723129200000,2062110.9
13469,1723132800000,2048310.6
13470,1723136400000,2053625.6
13471,1723140000000,2095757.5
13472,1723143600000,2043653.9
13473,1723147200000,2049090.7
13474,1723150800000,2038631.9
13475,1723154400000,2044516.4
13476,1723158000000,2048831.8
13477,1723161600000,2031201.7
13478,1723165200000,2020972.3
13479,1723168800000,2026412.6
13480,1723172400000,1993625.0
13481,1723176000000,1993372.4
13482,1723179600000,1999438.3
13483,1723183200000,2047148.0
13484,1723186800000,2062160.1
13485,1723190400000,2045194.7
13486,1723194000000,2099640.79999999
13487,1723197600000,2090236.6
13488,1723201200000,2100397.7
13489,1723204800000,2098179.9
13490,1723208400000,2093998.1
13491,1723212000000,2107600.1
13492,1723215600000,2074532.8
13493,1723219200000,2054353.8
13494,1723222800000,2064413.1
13495,1723226400000,2049265.4
13496,1723230000000,2040743.4
13497,1723233600000,2049328.4
13498,1723237200000,2038335.7
13499,1723240800000,2023936.7
13500,1723244400000,2028834.2
13501,1723248000000,2054774.2
13502,1723251600000,2004939.8
13503,1723255200000,2134843.2
13504,1723258800000,2128743.29999999
13505,1723262400000,2128009.1
13506,1723266000000,2131841.4
13507,1723269600000,2162681.5
13508,1723273200000,2167556.2
13509,1723276800000,2165373.7
13510,1723280400000,2176158.9
13511,1723284000000,2175947.79999999
13512,1723287600000,2162528.5
13513,1723291200000,2170116.2
13514,1723294800000,2172846.7
13515,1723298400000,2175960.5
13516,1723302000000,2185906.7
13517,1723305600000,2187779.4
13518,1723309200000,2175856.29999999
13519,1723312800000,2170568.29999999
13520,1723316400000,2168184.9
13521,1723320000000,2179674.1
13522,1723323600000,2161871.1
13523,1723327200000,2157102.79999999
13524,1723330800000,2156837.29999999
13525,1723334400000,2163547.9
13526,1723338000000,2156074.7
13527,1723341600000,2171184.1
13528,1723345200000,2167079.9
13529,1723348800000,2222323.2
13530,1723352400000,2192872.29999999
13531,1723356000000,2176710.4
13532,1723359600000,2185979.0
13533,1723363200000,2183842.5
13534,1723366800000,2196660.29999999
13535,1723370400000,2172275.2
13536,1723374000000,2176478.29999999
13537,1723377600000,2165290.29999999
13538,1723381200000,2155031.2
13539,1723384800000,2163303.5
13540,1723388400000,2149484.6
13541,1723392000000,2155441.79999999
13542,1723395600000,2187244.29999999
13543,1723399200000,2181672.9
13544,1723402800000,2178899.79999999
13545,1723406400000,2161498.5
13546,1723410000000,2116455.29999999
13547,1723413600000,2134188.2
13548,1723417200000,2113689.6
13549,1723420800000,2111805.7
13550,1723424400000,2104735.29999999
13551,1723428000000,2092734.4
13552,1723431600000,2088242.3
13553,1723435200000,2088892.2
13554,1723438800000,2105389.2
13555,1723442400000,2099699.29999999
13556,1723446000000,2095808.6
13557,1723449600000,2097505.2
13558,1723453200000,2115958.2
13559,1723456800000,2109665.29999999
13560,1723460400000,2113034.1
13561,1723464000000,2124710.7
13562,1723467600000,2125208.79999999
13563,1723471200000,2122406.7
13564,1723474800000,2122883.7
13565,1723478400000,2126516.29999999
13566,1723482000000,2145458.5
13567,1723485600000,2146506.6
13568,1723489200000,2139808.6
13569,1723492800000,2124642.79999999
13570,1723496400000,2119834.1
13571,1723500000000,2134462.7
13572,1723503600000,2129132.7
13573,1723507200000,2111827.29999999
13574,1723510800000,2123091.2
13575,1723514400000,2118791.29999999
13576,1723518000000,2104960.4
13577,1723521600000,2109010.6
13578,1723525200000,2108854.2
13579,1723528800000,2140718.7
13580,1723532400000,2120549.7
13581,1723536000000,2117743.6
13582,1723539600000,2122426.7
13583,1723543200000,2159912.9
13584,1723546800000,2161147.9
13585,1723550400000,2149593.5
13586,1723554000000,2155481.79999999
13587,1723557600000,2178309.0
13588,1723561200000,2180420.5
13589,1723564800000,2173521.4
13590,1723568400000,2186797.1
13591,1723572000000,2183607.29999999
13592,1723575600000,2186084.7
13593,1723579200000,2166469.0
13594,1723582800000,2157567.0
13595,1723586400000,2157232.4
13596,1723590000000,2155587.0
13597,1723593600000,2155879.5
13598,1723597200000,2166237.2
13599,1723600800000,2155140.29999999
13600,1723604400000,2155468.1
13601,1723608000000,2166897.1
13602,1723611600000,2177110.7
13603,1723615200000,2182777.6
13604,1723618800000,2178605.9
13605,1723622400000,2189260.29999999
13606,1723626000000,2184445.7
13607,1723629600000,2196799.0
13608,1723633200000,2212281.4
13609,1723636800000,2216136.9
13610,1723640400000,2201725.6
13611,1723644000000,2143146.5
13612,1723647600000,2150128.6
13613,1723651200000,2125265.1
13614,1723654800000,2159695.1
13615,1723658400000,2173469.9
13616,1723662000000,2169903.2
13617,1723665600000,2186768.1
13618,1723669200000,2185775.4
13619,1723672800000,2172708.79999999
13620,1723676400000,2148941.4
13621,1723680000000,2153747.79999999
13622,1723683600000,2123073.7
13623,1723687200000,2143978.9
13624,1723690800000,2148463.0
13625,1723694400000,2149010.0
13626,1723698000000,2149355.7
13627,1723701600000,2161494.6
13628,1723705200000,2172035.6
13629,1723708800000,2167857.29999999
13630,1723712400000,2177263.2
13631,1723716000000,2161125.9
13632,1723719600000,2165443.1
13633,1723723200000,2169148.7
13634,1723726800000,2198742.79999999
13635,1723730400000,2200364.2
13636,1723734000000,2224045.5
13637,1723737600000,2219610.29999999
13638,1723741200000,2272654.29999999
13639,1723744800000,2269286.79999999
13640,1723748400000,2266342.79999999
13641,1723752000000,2255125.1
13642,1723755600000,2216416.2
13643,1723759200000,2215444.29999999
13644,1723762800000,2238844.7
13645,1723766400000,2252953.2
13646,1723770000000,2254201.4
13647,1723773600000,2258504.5
13648,1723777200000,2262837.1
13649,1723780800000,2269906.1
13650,1723784400000,2276227.9
13651,1723788000000,2280437.29999999
13652,1723791600000,2286714.2
13653,1723795200000,2293001.5
13654,1723798800000,2305810.79999999
13655,1723802400000,2299184.4
13656,1723806000000,2300721.4
13657,1723809600000,2286263.2
13658,1723813200000,2315468.9
13659,1723816800000,2322279.1
13660,1723820400000,2296549.1
13661,1723824000000,2306030.6
13662,1723827600000,2379515.29999999
13663,1723831200000,2373369.6
13664,1723834800000,2368686.79999999
13665,1723838400000,2361087.29999999
13666,1723842000000,2365407.1
13667,1723845600000,2345419.7
13668,1723849200000,2340438.79999999
13669,1723852800000,2324292.9
13670,1723856400000,2322131.7
13671,1723860000000,2312580.4
13672,1723863600000,2309817.2
13673,1723867200000,2309796.4
13674,1723870800000,2312524.6
13675,1723874400000,2315404.79999999
13676,1723878000000,2321350.4
13677,1723881600000,2331137.2
13678,1723885200000,2325558.7
13679,1723888800000,2324877.4
13680,1723892400000,2324263.2
13681,1723896000000,2325978.5
13682,1723899600000,2347457.29999999
13683,1723903200000,2334252.2
13684,1723906800000,2335234.79999999
13685,1723910400000,2333635.1
13686,1723914000000,2337708.79999999
13687,1723917600000,2359877.1
13688,1723921200000,2352413.9
13689,1723924800000,2348456.29999999
13690,1723928400000,2364554.9
13691,1723932000000,2333007.5
13692,1723935600000,2330278.9
13693,1723939200000,2319334.7
13694,1723942800000,2309450.4
13695,1723946400000,2303609.1
13696,1723950000000,2307504.5
13697,1723953600000,2313649.9
13698,1723957200000,2314241.5
13699,1723960800000,2323615.5
13700,1723964400000,2286286.9
13701,1723968000000,2312404.7
13702,1723971600000,2318529.6
13703,1723975200000,2311110.7
13704,1723978800000,2311167.1
13705,1723982400000,2336446.5
13706,1723986000000,2343228.2
13707,1723989600000,2320308.1
13708,1723993200000,2339207.79999999
13709,1723996800000,2340724.0
13710,1724000400000,2339362.29999999
13711,1724004000000,2324888.29999999
13712,1724007600000,2322522.79999999
13713,1724011200000,2329096.5
13714,1724014800000,2328178.79999999
13715,1724018400000,2313295.5
13716,1724022000000,2307035.4
13717,1724025600000,2221145.5
13718,1724029200000,2211777.1
13719,1724032800000,2210449.7
13720,1724036400000,2208138.1
13721,1724040000000,2209323.4
13722,1724043600000,2209459.0
13723,1724047200000,2211542.29999999
13724,1724050800000,2151133.29999999
13725,1724054400000,2146710.7
13726,1724058000000,2147537.4
13727,1724061600000,2145937.79999999
13728,1724065200000,2137680.2
13729,1724068800000,2141003.79999999
13730,1724072400000,2292926.7
13731,1724076000000,2287719.7
13732,1724079600000,2283335.1
13733,1724083200000,2278627.6
13734,1724086800000,2273378.29999999
13735,1724090400000,2233987.79999999
13736,1724094000000,2235801.5
13737,1724097600000,2241882.0
13738,1724101200000,2237372.7
13739,1724104800000,2236893.9
13740,1724108400000,2236931.1
13741,1724112000000,2230702.6
13742,1724115600000,2210353.2
13743,1724119200000,2311654.6
13744,1724122800000,2309237.1
13745,1724126400000,2322019.79999999
13746,1724130000000,2303574.0
13747,1724133600000,2298257.9
13748,1724137200000,2312122.4
13749,1724140800000,2338610.6
13750,1724144400000,2325877.9
13751,1724148000000,2347669.2
13752,1724151600000,2359544.2
13753,1724155200000,2356090.9
13754,1724158800000,2401743.1
13755,1724162400000,2436872.1
13756,1724166000000,2435441.1
13757,1724169600000,2391058.7
13758,1724173200000,2377608.79999999
13759,1724176800000,2378329.2
13760,1724180400000,2342507.9
13761,1724184000000,2362647.6
13762,1724187600000,2380779.6
13763,1724191200000,2373456.7
13764,1724194800000,2396604.2
13765,1724198400000,2399410.29999999
13766,1724202000000,2395277.2
13767,1724205600000,2399777.29999999
13768,1724209200000,2437768.2
13769,1724212800000,2444219.7
13770,1724216400000,2437543.29999999
13771,1724220000000,2433151.0
13772,1724223600000,2411853.2
13773,1724227200000,2444503.6
13774,1724230800000,2440081.5
13775,1724234400000,2433595.7
13776,1724238000000,2445524.6
13777,1724241600000,2444503.1
13778,1724245200000,2463967.7
13779,1724248800000,2463452.7
13780,1724252400000,2442770.0
13781,1724256000000,2462951.29999999
13782,1724259600000,2459186.9
13783,1724263200000,2481049.4
13784,1724266800000,2496696.5
13785,1724270400000,2518465.9
13786,1724274000000,2541435.4
13787,1724277600000,2544061.2
13788,1724281200000,2529869.29999999
13789,1724284800000,2533888.79999999
13790,1724288400000,2544026.6
13791,1724292000000,2540794.5
13792,1724295600000,2456876.4
13793,1724299200000,2440335.0
13794,1724302800000,2442742.4
13795,1724306400000,2442046.9
13796,1724310000000,2436238.4
13797,1724313600000,2439286.1
13798,1724317200000,2442261.2
13799,1724320800000,2453980.4
13800,1724324400000,2448019.6
13801,1724328000000,2463497.5
13802,1724331600000,2453410.4
13803,1724335200000,2487402.29999999
13804,1724338800000,2533935.9
13805,1724342400000,2527649.29999999
13806,1724346000000,2551543.29999999
13807,1724349600000,2510916.5
13808,1724353200000,2459063.4
13809,1724356800000,2446341.2
13810,1724360400000,2432739.2
13811,1724364000000,2427740.79999999
13812,1724367600000,2412880.79999999
13813,1724371200000,2414567.0
13814,1724374800000,2379402.0
13815,1724378400000,2391162.29999999
13816,1724382000000,2389386.2
13817,1724385600000,2370769.2
13818,1724389200000,2357941.79999999
13819,1724392800000,2365936.7
13820,1724396400000,2426395.29999999
13821,1724400000000,2466504.1
13822,1724403600000,2516945.6
13823,1724407200000,2536219.7
13824,1724410800000,2525904.0
13825,1724414400000,2478329.6
13826,1724418000000,2521456.0
13827,1724421600000,2491053.2
13828,1724425200000,2442037.6
13829,1724428800000,2490543.9
13830,1724432400000,2495664.9
13831,1724436000000,2525561.4
13832,1724439600000,2523050.29999999
13833,1724443200000,2519244.9
13834,1724446800000,2532495.1
13835,1724450400000,2503580.0
13836,1724454000000,2489256.5
13837,1724457600000,2471539.5
13838,1724461200000,2456162.29999999
13839,1724464800000,2465553.7
13840,1724468400000,2458960.4
13841,1724472000000,2470096.0
13842,1724475600000,2446862.6
13843,1724479200000,2452709.9
13844,1724482800000,2475604.5
13845,1724486400000,2468551.0
13846,1724490000000,2459482.5
13847,1724493600000,2450979.29999999
13848,1724497200000,2458128.2
13849,1724500800000,2483117.0
13850,1724504400000,2538760.9
13851,1724508000000,2540651.29999999
13852,1724511600000,2547581.5
13853,1724515200000,2577843.79999999
13854,1724518800000,2619981.29999999
13855,1724522400000,2577464.1
13856,1724526000000,2563937.2
13857,1724529600000,2564571.1
13858,1724533200000,2531088.0
13859,1724536800000,2459691.0
13860,1724540400000,2472132.4
13861,1724544000000,2470674.9
13862,1724547600000,2468582.0
13863,1724551200000,2454397.5
13864,1724554800000,2466822.5
13865,1724558400000,2450226.7
13866,1724562000000,2460487.1
13867,1724565600000,2457249.6
13868,1724569200000,2472526.1
13869,1724572800000,2403334.5
13870,1724576400000,2392265.6
13871,1724580000000,2402856.29999999
13872,1724583600000,2405231.79999999
13873,1724587200000,2440688.7
13874,1724590800000,2413938.7
13875,1724594400000,2426655.9
13876,1724598000000,2436214.6
13877,1724601600000,2425580.6
13878,1724605200000,2392518.2
13879,1724608800000,2414927.5
13880,1724612400000,2410649.4
13881,1724616000000,2407034.2
13882,1724619600000,2401983.6
13883,1724623200000,2370525.7
13884,1724626800000,2362210.2
13885,1724630400000,2348504.79999999
13886,1724634000000,2338509.4
13887,1724637600000,2301103.0
13888,1724641200000,2290819.1
13889,1724644800000,2291132.79999999
13890,1724648400000,2287922.79999999
13891,1724652000000,2290948.29999999
13892,1724655600000,2289487.2
13893,1724659200000,2282850.5
13894,1724662800000,2291683.4
13895,1724666400000,2301680.29999999
13896,1724670000000,2295673.0
13897,1724673600000,2294373.29999999
13898,1724677200000,2293116.29999999
13899,1724680800000,2286863.79999999
13900,1724684400000,2273671.4
13901,1724688000000,2260711.6
13902,1724691600000,2272623.6
13903,1724695200000,2285665.5
13904,1724698800000,2283431.2
13905,1724702400000,2285330.9
13906,1724706000000,2271344.7
13907,1724709600000,2256390.29999999
13908,1724713200000,2247661.5
13909,1724716800000,2254093.5
13910,1724720400000,2244405.5
13911,1724724000000,2233040.0
13912,1724727600000,2230411.2
13913,1724731200000,2245436.7
13914,1724734800000,2239057.29999999
13915,1724738400000,2213710.1
13916,1724742000000,2197817.5
13917,1724745600000,2203467.5
13918,1724749200000,2216681.7
13919,1724752800000,2212694.2
13920,1724756400000,2198637.2
13921,1724760000000,2295763.7
13922,1724763600000,2287122.0
13923,1724767200000,2298207.7
13924,1724770800000,2295883.6
13925,1724774400000,2289265.5
13926,1724778000000,2335007.5
13927,1724781600000,2345509.9
13928,1724785200000,2336539.1
13929,1724788800000,2341108.79999999
13930,1724792400000,2338495.4
13931,1724796000000,2348451.79999999
13932,1724799600000,2346321.6
13933,1724803200000,2318682.1
13934,1724806800000,2303821.6
13935,1724810400000,2294697.7
13936,1724814000000,2294475.7
13937,1724817600000,2309487.4
13938,1724821200000,2295103.4
13939,1724824800000,2288224.4
13940,1724828400000,2284320.4
13941,1724832000000,2273771.5
13942,1724835600000,2355926.6
13943,1724839200000,2383460.7
13944,1724842800000,2389729.2
13945,1724846400000,2428272.0
13946,1724850000000,2444337.4
13947,1724853600000,2315620.4
13948,1724857200000,2272158.6
13949,1724860800000,2279253.0
13950,1724864400000,2260021.1
13951,1724868000000,2251076.0
13952,1724871600000,2240277.1
13953,1724875200000,2244772.7
13954,1724878800000,2260479.7
13955,1724882400000,2251047.29999999
13956,1724886000000,2276868.6
13957,1724889600000,2277690.4
13958,1724893200000,2284514.2
13959,1724896800000,2287320.4
13960,1724900400000,2384912.1
13961,1724904000000,2376894.1
13962,1724907600000,2376407.4
13963,1724911200000,2378046.5
13964,1724914800000,2374263.9
13965,1724918400000,2376210.7
13966,1724922000000,2306501.5
13967,1724925600000,2318496.79999999
13968,1724929200000,2335674.2
13969,1724932800000,2355046.4
13970,1724936400000,2374311.1
13971,1724940000000,2364746.7
13972,1724943600000,2352849.4
13973,1724947200000,2342729.5
13974,1724950800000,2309588.4
13975,1724954400000,2327445.7
13976,1724958000000,2259713.6
13977,1724961600000,2297540.0
13978,1724965200000,2294496.5
13979,1724968800000,2308781.4
13980,1724972400000,2297982.79999999
13981,1724976000000,2287995.4
13982,1724979600000,2271363.6
13983,1724983200000,2261389.5
13984,1724986800000,2249228.7
13985,1724990400000,2243034.0
13986,1724994000000,2246606.2
13987,1724997600000,2251172.29999999
13988,1725001200000,2243382.6
13989,1725004800000,2248818.5
13990,1725008400000,2249006.79999999
13991,1725012000000,2252265.5
13992,1725015600000,2273940.5
13993,1725019200000,2272460.6
13994,1725022800000,2277800.4
13995,1725026400000,2291359.5
13996,1725030000000,2319608.6
13997,1725033600000,2299259.7
13998,1725037200000,2280488.6
13999,1725040800000,2278475.5
14000,1725044400000,2282165.0
14001,1725048000000,2289470.1
14002,1725051600000,2287188.5
14003,1725055200000,2284941.1
14004,1725058800000,2289742.9
14005,1725062400000,2296826.0
14006,1725066000000,2309585.0
14007,1725069600000,2305183.9
14008,1725073200000,2302254.29999999
14009,1725076800000,2304392.29999999
14010,1725080400000,2315529.79999999
14011,1725084000000,2314693.7
14012,1725087600000,2319264.1
14013,1725091200000,2338770.9
14014,1725094800000,2330944.6
14015,1725098400000,2340748.4
14016,1725102000000,2337090.6
14017,1725105600000,2355101.1
14018,1725109200000,2380351.9
14019,1725112800000,2382084.7
14020,1725116400000,2382361.4
14021,1725120000000,2399530.4
14022,1725123600000,2387719.79999999
14023,1725127200000,2411584.79999999
14024,1725130800000,2408634.2
14025,1725134400000,2421501.5
14026,1725138000000,2425648.79999999
14027,1725141600000,2430057.9
14028,1725145200000,2436307.29999999
14029,1725148800000,2440876.29999999
14030,1725152400000,2451555.1
14031,1725156000000,2465647.4
14032,1725159600000,2527777.1
14033,1725163200000,2524013.5
14034,1725166800000,2531412.2
14035,1725170400000,2536761.6
14036,1725174000000,2521531.29999999
14037,1725177600000,2525000.5
14038,1725181200000,2527081.29999999
14039,1725184800000,2521632.29999999
14040,1725188400000,2512873.79999999
14041,1725192000000,2519991.2
14042,1725195600000,2507660.4
14043,1725199200000,2501559.79999999
14044,1725202800000,2495829.0
14045,1725206400000,2511175.6
14046,1725210000000,2533286.2
14047,1725213600000,2606288.7
14048,1725217200000,2613921.7
14049,1725220800000,2635983.0
14050,1725224400000,2655740.9
14051,1725228000000,2647412.79999999
14052,1725231600000,2657605.79999999
14053,1725235200000,2642146.2
14054,1725238800000,2643382.4
14055,1725242400000,2633584.5
14056,1725246000000,2632904.79999999
14057,1725249600000,2629032.79999999
14058,1725253200000,2623215.7
14059,1725256800000,2626472.9
14060,1725260400000,2629778.6
14061,1725264000000,2636611.6
14062,1725267600000,2646713.7
14063,1725271200000,2674233.7
14064,1725274800000,2659474.1
14065,1725278400000,2643915.79999999
14066,1725282000000,2655453.4
14067,1725285600000,2645372.5
14068,1725289200000,2630859.7
14069,1725292800000,2630325.6
14070,1725296400000,2622641.79999999
14071,1725300000000,2619924.5
14072,1725303600000,2620105.7
14073,1725307200000,2619536.6
14074,1725310800000,2586808.6
14075,1725314400000,2574167.29999999
14076,1725318000000,2569506.0
14077,1725321600000,2566284.7
14078,1725325200000,2559180.9
14079,1725328800000,2552461.29999999
14080,1725332400000,2547753.9
14081,1725336000000,2551274.0
14082,1725339600000,2556451.29999999
14083,1725343200000,2559308.2
14084,1725346800000,2553701.9
14085,1725350400000,2572088.29999999
14086,1725354000000,2566215.7
14087,1725357600000,2558933.5
14088,1725361200000,2579020.7
14089,1725364800000,2591126.6
14090,1725368400000,2618508.7
14091,1725372000000,2595737.1
14092,1725375600000,2595335.6
14093,1725379200000,2609700.5
14094,1725382800000,2609869.9
14095,1725386400000,2610976.4
14096,1725390000000,2608063.1
14097,1725393600000,2617060.7
14098,1725397200000,2661939.6
14099,1725400800000,2659262.1
14100,1725404400000,2665047.7
14101,1725408000000,2664436.0
14102,1725411600000,2640666.1
14103,1725415200000,2549352.79999999
14104,1725418800000,2510942.1
14105,1725422400000,2492576.9
14106,1725426000000,2478964.79999999
14107,1725429600000,2487143.4
14108,1725433200000,2480652.9
14109,1725436800000,2490612.5
14110,1725440400000,2488003.7
14111,1725444000000,2494943.1
14112,1725447600000,2519926.79999999
14113,1725451200000,2520745.6
14114,1725454800000,2519531.4
14115,1725458400000,2527892.1
14116,1725462000000,2484796.6
14117,1725465600000,2489046.9
14118,1725469200000,2475991.0
14119,1725472800000,2495465.7
14120,1725476400000,2503388.0
14121,1725480000000,2497496.1
14122,1725483600000,2507303.29999999
14123,1725487200000,2510989.29999999
14124,1725490800000,2525058.79999999
14125,1725494400000,2520354.5
14126,1725498000000,2521853.4
14127,1725501600000,2516046.1
14128,1725505200000,2515379.9
14129,1725508800000,2507565.1
14130,1725512400000,2512959.5
14131,1725516000000,2502541.1
14132,1725519600000,2490338.4
14133,1725523200000,2473415.0
14134,1725526800000,2475793.29999999
14135,1725530400000,2492323.4
14136,1725534000000,2504327.4
14137,1725537600000,2508399.7
14138,1725541200000,2512473.6
14139,1725544800000,2513822.9
14140,1725548400000,2543690.4
14141,1725552000000,2561339.9
14142,1725555600000,2578339.1
14143,1725559200000,2563927.79999999
14144,1725562800000,2556132.9
14145,1725566400000,2555668.5
14146,1725570000000,2536003.5
14147,1725573600000,2518686.29999999
14148,1725577200000,2573580.79999999
14149,1725580800000,2574447.5
14150,1725584400000,2565722.9
14151,1725588000000,2573164.2
14152,1725591600000,2560857.6
14153,1725595200000,2558478.1
14154,1725598800000,2550394.0
14155,1725602400000,2552757.7
14156,1725606000000,2554639.2
14157,1725609600000,2550087.6
14158,1725613200000,2528172.1
14159,1725616800000,2581257.4
14160,1725620400000,2579532.79999999
14161,1725624000000,2571101.79999999
14162,1725627600000,2557485.7
14163,1725631200000,2575147.2
14164,1725634800000,2544963.0
14165,1725638400000,2514541.7
14166,1725642000000,2514454.7
14167,1725645600000,2535211.7
14168,1725649200000,2527646.9
14169,1725652800000,2523815.4
14170,1725656400000,2525855.9
14171,1725660000000,2496672.7
14172,1725663600000,2506354.9
14173,1725667200000,2501042.29999999
14174,1725670800000,2504419.0
14175,1725674400000,2506985.79999999
14176,1725678000000,2500662.29999999
14177,1725681600000,2493714.5
14178,1725685200000,2492644.2
14179,1725688800000,2480101.9
14180,1725692400000,2471190.1
14181,1725696000000,2472323.79999999
14182,1725699600000,2470523.9
14183,1725703200000,2467988.0
14184,1725706800000,2466820.4
14185,1725710400000,2462528.7
14186,1725714000000,2464325.0
14187,1725717600000,2467041.2
14188,1725721200000,2457505.6
14189,1725724800000,2455235.5
14190,1725728400000,2461594.7
14191,1725732000000,2467005.5
14192,1725735600000,2466041.7
14193,1725739200000,2462152.5
14194,1725742800000,2461299.79999999
14195,1725746400000,2461577.5
14196,1725750000000,2463902.4
14197,1725753600000,2470966.6
14198,1725757200000,2470876.4
14199,1725760800000,2474175.4
14200,1725764400000,2507824.6
14201,1725768000000,2527170.2
14202,1725771600000,2525531.0
14203,1725775200000,2533345.29999999
14204,1725778800000,2534359.5
14205,1725782400000,2548906.79999999
14206,1725786000000,2565940.4
14207,1725789600000,2563756.2
14208,1725793200000,2587016.4
14209,1725796800000,2599689.5
14210,1725800400000,2581625.6
14211,1725804000000,2584745.2
14212,1725807600000,2587637.1
14213,1725811200000,2579076.1
14214,1725814800000,2589229.29999999
14215,1725818400000,2593529.1
14216,1725822000000,2597433.79999999
14217,1725825600000,2599230.0
14218,1725829200000,2600207.0
14219,1725832800000,2587917.4
14220,1725836400000,2586464.6
14221,1725840000000,2570802.5
14222,1725843600000,2551537.2
14223,1725847200000,2562132.79999999
14224,1725850800000,2571042.4
14225,1725854400000,2579795.0
14226,1725858000000,2601169.2
14227,1725861600000,2589637.5
14228,1725865200000,2597935.1
14229,1725868800000,2599732.4
14230,1725872400000,2631984.6
14231,1725876000000,2603464.7
14232,1725879600000,2608904.1
14233,1725883200000,2613087.7
14234,1725886800000,2610522.5
14235,1725890400000,2631863.1
14236,1725894000000,2619292.6
14237,1725897600000,2622335.1
14238,1725901200000,2646194.4
14239,1725904800000,2630863.4
14240,1725908400000,2623179.5
14241,1725912000000,2631364.5
14242,1725915600000,2640023.9
14243,1725919200000,2650739.1
14244,1725922800000,2613042.7
14245,1725926400000,2609807.1
14246,1725930000000,2617742.2
14247,1725933600000,2606121.9
14248,1725937200000,2565856.9
14249,1725940800000,2565732.6
14250,1725944400000,2573087.7
14251,1725948000000,2575182.6
14252,1725951600000,2579781.5
14253,1725955200000,2556246.0
14254,1725958800000,2581546.4
14255,1725962400000,2577533.5
14256,1725966000000,2584388.29999999
14257,1725969600000,2572267.2
14258,1725973200000,2566767.29999999
14259,1725976800000,2552781.9
14260,1725980400000,2545173.2
14261,1725984000000,2547361.9
14262,1725987600000,2557360.5
14263,1725991200000,2554527.5
14264,1725994800000,2537220.5
14265,1725998400000,2520563.0
14266,1726002000000,2523468.2
14267,1726005600000,2533844.0
14268,1726009200000,2523258.2
14269,1726012800000,2528190.29999999
14270,1726016400000,2526959.0
14271,1726020000000,2515325.7
14272,1726023600000,2524604.7
14273,1726027200000,2524770.79999999
14274,1726030800000,2516566.0
14275,1726034400000,2490231.5
14276,1726038000000,2513846.29999999
14277,1726041600000,2506601.6
14278,1726045200000,2502632.79999999
14279,1726048800000,2503605.79999999
14280,1726052400000,2502016.1
14281,1726056000000,2518571.5
14282,1726059600000,2548554.4
14283,1726063200000,2533624.0
14284,1726066800000,2532513.9
14285,1726070400000,2541816.5
14286,1726074000000,2526127.6
14287,1726077600000,2534442.2
14288,1726081200000,2535106.79999999
14289,1726084800000,2541015.9
14290,1726088400000,2546596.4
14291,1726092000000,2552564.2
14292,1726095600000,2565815.7
14293,1726099200000,2567439.29999999
14294,1726102800000,2565039.2
14295,1726106400000,2576337.29999999
14296,1726110000000,2568099.0
14297,1726113600000,2581913.5
14298,1726117200000,2589523.79999999
14299,1726120800000,2588076.6
14300,1726124400000,2571577.5
14301,1726128000000,2568501.5
14302,1726131600000,2580073.9
14303,1726135200000,2583455.79999999
14304,1726138800000,2575044.2
14305,1726142400000,2570409.29999999
14306,1726146000000,2544434.29999999
14307,1726149600000,2560860.4
14308,1726153200000,2560689.2
14309,1726156800000,2562023.0
14310,1726160400000,2551968.9
14311,1726164000000,2547181.2
14312,1726167600000,2570629.1
14313,1726171200000,2582109.4
14314,1726174800000,2554637.4
14315,1726178400000,2549643.79999999
14316,1726182000000,2644940.5
14317,1726185600000,2637059.79999999
14318,1726189200000,2627447.9
14319,1726192800000,2609749.4
14320,1726196400000,2621952.7
14321,1726200000000,2618164.7
14322,1726203600000,2620018.1
14323,1726207200000,2617318.9
14324,1726210800000,2609554.6
14325,1726214400000,2621211.5
14326,1726218000000,2606825.9
14327,1726221600000,2615641.5
14328,1726225200000,2638319.2
14329,1726228800000,2639884.9
14330,1726232400000,2615231.2
14331,1726236000000,2608805.0
14332,1726239600000,2790350.7
14333,1726243200000,2768001.4
14334,1726246800000,2755301.6
14335,1726250400000,2750902.0
14336,1726254000000,2761563.9
14337,1726257600000,2756809.7
14338,1726261200000,2757008.4
14339,1726264800000,2765326.9
14340,1726268400000,2759827.0
14341,1726272000000,2737514.7
14342,1726275600000,2727638.5
14343,1726279200000,2732013.7
14344,1726282800000,2734353.9
14345,1726286400000,2773169.0
14346,1726290000000,2776043.2
14347,1726293600000,2788967.0
14348,1726297200000,2776345.4
14349,1726300800000,2783264.1
14350,1726304400000,2769003.0
14351,1726308000000,2806232.0
14352,1726311600000,2792436.1
14353,1726315200000,2787350.4
14354,1726318800000,2798592.29999999
14355,1726322400000,2828014.6
14356,1726326000000,2877215.9
14357,1726329600000,2967613.8
14358,1726333200000,2966976.5
14359,1726336800000,2947313.0
14360,1726340400000,2924140.2
14361,1726344000000,2933426.7
14362,1726347600000,2945429.4
14363,1726351200000,2939430.8
14364,1726354800000,2916997.8
14365,1726358400000,2905255.7
14366,1726362000000,2893057.9
14367,1726365600000,2896522.2
14368,1726369200000,2882406.1
14369,1726372800000,2881281.4
14370,1726376400000,2886037.3
14371,1726380000000,2886136.8
14372,1726383600000,2899172.5
14373,1726387200000,2829540.8
14374,1726390800000,2805845.1
14375,1726394400000,2807555.0
14376,1726398000000,2769935.29999999
14377,1726401600000,2777161.79999999
14378,1726405200000,2781203.2
14379,1726408800000,2797475.2
14380,1726412400000,2765615.1
14381,1726416000000,2796235.79999999
14382,1726419600000,2767659.1
14383,1726423200000,2760281.1
14384,1726426800000,2756590.2
14385,1726430400000,2758400.4
14386,1726434000000,2741686.0
14387,1726437600000,2710138.6
14388,1726441200000,2821873.4
14389,1726444800000,2781517.79999999
14390,1726448400000,2769943.7
14391,1726452000000,2762165.79999999
14392,1726455600000,2793721.79999999
14393,1726459200000,2788495.29999999
14394,1726462800000,2811480.79999999
14395,1726466400000,2840774.9
14396,1726470000000,2846746.9
14397,1726473600000,2847760.8
14398,1726477200000,2838066.9
14399,1726480800000,2786801.5
14400,1726484400000,2809291.29999999
14401,1726488000000,2805660.29999999
14402,1726491600000,2811781.0
14403,1726495200000,2798707.7
14404,1726498800000,2799757.79999999
14405,1726502400000,2812496.4
14406,1726506000000,2812499.5
14407,1726509600000,2813148.6
14408,1726513200000,2810422.1
14409,1726516800000,2815688.4
14410,1726520400000,2819423.6
14411,1726524000000,2812728.1
14412,1726527600000,2817789.4
14413,1726531200000,2822425.6
14414,1726534800000,2824757.3
14415,1726538400000,2818523.3
14416,1726542000000,2828312.7
14417,1726545600000,2816825.7
14418,1726549200000,2820808.0
14419,1726552800000,2887681.0
14420,1726556400000,2883979.7
14421,1726560000000,2890290.2
14422,1726563600000,2897413.8
14423,1726567200000,2907862.0
14424,1726570800000,2921185.5
14425,1726574400000,2895627.4
14426,1726578000000,2919201.4
14427,1726581600000,2893393.0
14428,1726585200000,2870656.1
14429,1726588800000,2849108.4
14430,1726592400000,2837673.0
14431,1726596000000,2865241.2
14432,1726599600000,2864095.0
14433,1726603200000,2868846.2
14434,1726606800000,2850817.3
14435,1726610400000,2853327.0
14436,1726614000000,2850645.6
14437,1726617600000,2838140.1
14438,1726621200000,2804804.2
14439,1726624800000,2803951.5
14440,1726628400000,2801644.9
14441,1726632000000,2796773.0
14442,1726635600000,2800692.79999999
14443,1726639200000,2815494.0
14444,1726642800000,2832727.1
14445,1726646400000,2834420.9
14446,1726650000000,2830769.9
14447,1726653600000,2815522.4
14448,1726657200000,2796649.7
14449,1726660800000,2804237.29999999
14450,1726664400000,2811532.1
14451,1726668000000,2801515.9
14452,1726671600000,2796270.6
14453,1726675200000,2789084.9
14454,1726678800000,2771540.5
14455,1726682400000,2771332.9
14456,1726686000000,2771233.4
14457,1726689600000,2767214.1
14458,1726693200000,2767443.29999999
14459,1726696800000,2765845.29999999
14460,1726700400000,2777512.1
14461,1726704000000,2786059.7
14462,1726707600000,2756630.6
14463,1726711200000,2707630.7
14464,1726714800000,2696865.0
14465,1726718400000,2686420.5
14466,1726722000000,2678811.4
14467,1726725600000,2701589.29999999
14468,1726729200000,2705816.79999999
14469,1726732800000,2687321.4
14470,1726736400000,2703818.4
14471,1726740000000,2720024.4
14472,1726743600000,2720280.79999999
14473,1726747200000,2737914.1
14474,1726750800000,2749433.5
14475,1726754400000,2761344.79999999
14476,1726758000000,2783266.7
14477,1726761600000,2799783.5
14478,1726765200000,2821187.2
14479,1726768800000,2816059.6
14480,1726772400000,2814831.3
14481,1726776000000,2800808.7
14482,1726779600000,2832133.3
14483,1726783200000,2799947.2
14484,1726786800000,2794146.4
14485,1726790400000,2783971.79999999
14486,1726794000000,2790058.7
14487,1726797600000,2768768.0
14488,1726801200000,2777480.0
14489,1726804800000,2798928.0
14490,1726808400000,2789655.1
14491,1726812000000,2819181.1
14492,1726815600000,2832016.0
14493,1726819200000,2828417.9
14494,1726822800000,2876096.0
14495,1726826400000,2880372.2
14496,1726830000000,2901209.4
14497,1726833600000,2912447.2
14498,1726837200000,2928701.4
14499,1726840800000,2878593.7
14500,1726844400000,2891714.9
14501,1726848000000,2866602.2
14502,1726851600000,2873128.5
14503,1726855200000,2854400.2
14504,1726858800000,2870760.7
14505,1726862400000,2852331.7
14506,1726866000000,2855151.1
14507,1726869600000,2848167.7
14508,1726873200000,2832517.0
14509,1726876800000,2831698.5
14510,1726880400000,2833751.2
14511,1726884000000,2823997.0
14512,1726887600000,2854539.1
14513,1726891200000,2790154.1
14514,1726894800000,2807942.0
14515,1726898400000,2784751.4
14516,1726902000000,2775660.1
14517,1726905600000,2776929.7
14518,1726909200000,2767721.1
14519,1726912800000,2761480.1
14520,1726916400000,2759161.7
14521,1726920000000,2730809.79999999
14522,1726923600000,2731317.7
14523,1726927200000,2727058.9
14524,1726930800000,2680338.1
14525,1726934400000,2661662.4
14526,1726938000000,2682349.1
14527,1726941600000,2695097.9
14528,1726945200000,2687622.6
14529,1726948800000,2692628.2
14530,1726952400000,2694573.79999999
14531,1726956000000,2684130.2
14532,1726959600000,2693544.79999999
14533,1726963200000,2684983.9
14534,1726966800000,2707064.4
14535,1726970400000,2666289.4
14536,1726974000000,2691971.2
14537,1726977600000,2688757.5
14538,1726981200000,2698361.5
14539,1726984800000,2705194.4
14540,1726988400000,2714186.5
14541,1726992000000,2696272.1
14542,1726995600000,2677116.29999999
14543,1726999200000,2672932.6
14544,1727002800000,2662568.4
14545,1727006400000,2663303.9
14546,1727010000000,2647491.0
14547,1727013600000,2649558.4
14548,1727017200000,2680935.5
14549,1727020800000,2675246.4
14550,1727024400000,2672014.29999999
14551,1727028000000,2629523.0
14552,1727031600000,2629197.4
14553,1727035200000,2648007.1
14554,1727038800000,2614747.9
14555,1727042400000,2620521.5
14556,1727046000000,2627562.7
14557,1727049600000,2638799.4
14558,1727053200000,2635241.6
14559,1727056800000,2642751.29999999
14560,1727060400000,2667123.9
14561,1727064000000,2656511.5
14562,1727067600000,2672436.7
14563,1727071200000,2675880.29999999
14564,1727074800000,2680304.6
14565,1727078400000,2656505.1
14566,1727082000000,2645136.29999999
14567,1727085600000,2648243.6
14568,1727089200000,2650930.2
14569,1727092800000,2655428.9
14570,1727096400000,2722218.29999999
14571,1727100000000,2706078.7
14572,1727103600000,2715795.2
14573,1727107200000,2762313.9
14574,1727110800000,2752913.5
14575,1727114400000,2762053.1
14576,1727118000000,2750289.2
14577,1727121600000,2761703.6
14578,1727125200000,2757433.5
14579,1727128800000,2750865.1
14580,1727132400000,2748842.2
14581,1727136000000,2746913.0
14582,1727139600000,2750853.7
14583,1727143200000,2711383.5
14584,1727146800000,2700564.0
14585,1727150400000,2691704.79999999
14586,1727154000000,2705088.29999999
14587,1727157600000,2712099.7
14588,1727161200000,2704246.7
14589,1727164800000,2678960.9
14590,1727168400000,2696194.79999999
14591,1727172000000,2699372.2
14592,1727175600000,2704707.9
14593,1727179200000,2708763.6
14594,1727182800000,2691900.29999999
14595,1727186400000,2679698.9
14596,1727190000000,2669711.9
14597,1727193600000,2663155.6
14598,1727197200000,2665903.5
14599,1727200800000,2647123.7
14600,1727204400000,2642424.1
14601,1727208000000,2658853.7
14602,1727211600000,2644543.79999999
14603,1727215200000,2662156.4
14604,1727218800000,2669000.2
14605,1727222400000,2697670.79999999
14606,1727226000000,2698143.29999999
14607,1727229600000,2673456.9
14608,1727233200000,2698417.6
14609,1727236800000,2678484.1
14610,1727240400000,2658877.0
14611,1727244000000,2667716.29999999
14612,1727247600000,2668914.4
14613,1727251200000,2685338.0
14614,1727254800000,2684682.29999999
14615,1727258400000,2682236.2
14616,1727262000000,2687488.1
14617,1727265600000,2702718.6
14618,1727269200000,2695132.2
14619,1727272800000,2675737.6
14620,1727276400000,2693513.5
14621,1727280000000,2684786.5
14622,1727283600000,2752063.6
14623,1727287200000,2757876.1
14624,1727290800000,2754327.0
14625,1727294400000,2754594.7
14626,1727298000000,2755231.2
14627,1727301600000,2746410.4
14628,1727305200000,2740716.2
14629,1727308800000,2754278.7
14630,1727312400000,2785615.79999999
14631,1727316000000,2767010.7
14632,1727319600000,2769459.5
14633,1727323200000,2757289.4
14634,1727326800000,2754284.4
14635,1727330400000,2738866.29999999
14636,1727334000000,2733474.79999999
14637,1727337600000,2730965.2
14638,1727341200000,2715129.4
14639,1727344800000,2713914.2
14640,1727348400000,2728330.4
14641,1727352000000,2751861.7
14642,1727355600000,2737881.2
14643,1727359200000,2731672.7
14644,1727362800000,2699289.7
14645,1727366400000,2746917.5
14646,1727370000000,2757838.7
14647,1727373600000,2750472.9
14648,1727377200000,2742371.6
14649,1727380800000,2753074.5
14650,1727384400000,2747793.7
14651,1727388000000,2743634.1
14652,1727391600000,2761886.4
14653,1727395200000,2771351.6
14654,1727398800000,2775986.6
14655,1727402400000,2757596.6
14656,1727406000000,2777003.0
14657,1727409600000,2792082.5
14658,1727413200000,2799401.79999999
14659,1727416800000,2779465.2
14660,1727420400000,2764717.2
14661,1727424000000,2763529.29999999
14662,1727427600000,2735738.6
14663,1727431200000,2725569.4
14664,1727434800000,2684519.7
14665,1727438400000,2701753.0
14666,1727442000000,2698888.79999999
14667,1727445600000,2701796.6
14668,1727449200000,2731448.0
14669,1727452800000,2736906.0
14670,1727456400000,2732986.7
14671,1727460000000,2745816.1
14672,1727463600000,2742587.29999999
14673,1727467200000,2760596.0
14674,1727470800000,2755276.0
14675,1727474400000,2757098.0
14676,1727478000000,2739232.1
14677,1727481600000,2742515.0
14678,1727485200000,2719655.9
14679,1727488800000,2725304.6
14680,1727492400000,2717289.4
14681,1727496000000,2703266.5
14682,1727499600000,2690431.6
14683,1727503200000,2682850.4
14684,1727506800000,2684997.0
14685,1727510400000,2671504.29999999
14686,1727514000000,2667862.4
14687,1727517600000,2688863.79999999
14688,1727521200000,2703554.5
14689,1727524800000,2698686.6
14690,1727528400000,2699556.7
14691,1727532000000,2660275.9
14692,1727535600000,2658225.7
14693,1727539200000,2656642.2
14694,1727542800000,2691512.4
14695,1727546400000,2693970.0
14696,1727550000000,2745969.29999999
14697,1727553600000,2741104.29999999
14698,1727557200000,2741470.5
14699,1727560800000,2737202.5
14700,1727564400000,2736066.4
14701,1727568000000,2735298.29999999
14702,1727571600000,2737207.0
14703,1727575200000,2762913.9
14704,1727578800000,2745576.0
14705,1727582400000,2751544.4
14706,1727586000000,2718099.79999999
14707,1727589600000,2712296.29999999
14708,1727593200000,2738988.9
14709,1727596800000,2750861.2
14710,1727600400000,2757726.4
14711,1727604000000,2757837.79999999
14712,1727607600000,2761895.1
14713,1727611200000,2764054.9
14714,1727614800000,2743134.4
14715,1727618400000,2752097.7
14716,1727622000000,2730920.9
14717,1727625600000,2772741.0
14718,1727629200000,2747964.0
14719,1727632800000,2799870.2
14720,1727636400000,2795057.6
14721,1727640000000,2797440.4
14722,1727643600000,2796456.0
14723,1727647200000,2790326.0
14724,1727650800000,2762008.4
14725,1727654400000,2748460.1
14726,1727658000000,2752158.9
14727,1727661600000,2719475.5
14728,1727665200000,2718655.7
14729,1727668800000,2707397.6
14730,1727672400000,2702913.5
14731,1727676000000,2772263.79999999
14732,1727679600000,2760658.7
14733,1727683200000,2844770.1
14734,1727686800000,2822670.1
14735,1727690400000,2820749.9
14736,1727694000000,2789728.7
14737,1727697600000,2801299.0
14738,1727701200000,2789244.0
14739,1727704800000,2775909.5
14740,1727708400000,2770027.2
14741,1727712000000,2741383.1
14742,1727715600000,2740607.79999999
14743,1727719200000,2758672.9
14744,1727722800000,2752319.29999999
14745,1727726400000,2777540.6
14746,1727730000000,2805306.9
14747,1727733600000,2788149.9
14748,1727737200000,2790505.1
14749,1727740800000,2741675.7
14750,1727744400000,2737455.6
14751,1727748000000,2730166.7
14752,1727751600000,2720473.1
14753,1727755200000,2722852.5
14754,1727758800000,2713345.9
14755,1727762400000,2721046.5
14756,1727766000000,2735513.7
14757,1727769600000,2710178.0
14758,1727773200000,2710806.2
14759,1727776800000,2716161.9
14760,1727780400000,2744529.5
14761,1727784000000,2737892.29999999
14762,1727787600000,2742344.5
14763,1727791200000,2736458.4
14764,1727794800000,2682151.6
14765,1727798400000,2684349.4
14766,1727802000000,2658973.2
14767,1727805600000,2698590.9
14768,1727809200000,2690335.0
14769,1727812800000,2698391.79999999
14770,1727816400000,2722433.9
14771,1727820000000,2739539.4
14772,1727823600000,2747971.9
14773,1727827200000,2733270.79999999
14774,1727830800000,2742795.79999999
14775,1727834400000,2743407.7
14776,1727838000000,2749635.6
14777,1727841600000,2757355.7
14778,1727845200000,2751268.4
14779,1727848800000,2740033.79999999
14780,1727852400000,2755133.7
14781,1727856000000,2779646.9
14782,1727859600000,2783476.1
14783,1727863200000,2781373.9
14784,1727866800000,2792873.1
14785,1727870400000,2818624.4
14786,1727874000000,2817855.4
14787,1727877600000,2730323.6
14788,1727881200000,2727479.29999999
14789,1727884800000,2744946.0
14790,1727888400000,2722251.0
14791,1727892000000,2732024.29999999
14792,1727895600000,2718544.7
14793,1727899200000,2738608.5
14794,1727902800000,2736245.79999999
14795,1727906400000,2727847.4
14796,1727910000000,2738799.1
14797,1727913600000,2744752.5
14798,1727917200000,2713289.1
14799,1727920800000,2725818.2
14800,1727924400000,2722925.79999999
14801,1727928000000,2725083.9
14802,1727931600000,2739485.7
14803,1727935200000,2743211.5
14804,1727938800000,2746744.7
14805,1727942400000,2748908.5
14806,1727946000000,2707642.2
14807,1727949600000,2605619.9
14808,1727953200000,2560069.1
14809,1727956800000,2546240.29999999
14810,1727960400000,2567744.4
14811,1727964000000,2565153.7
14812,1727967600000,2593405.2
14813,1727971200000,2575558.1
14814,1727974800000,2586262.29999999
14815,1727978400000,2564270.0
14816,1727982000000,2565490.7
14817,1727985600000,2558049.4
14818,1727989200000,2563587.7
14819,1727992800000,2547151.2
14820,1727996400000,2559571.9
14821,1728000000000,2566410.5
14822,1728003600000,2673557.9
14823,1728007200000,2711633.79999999
14824,1728010800000,2668377.5
14825,1728014400000,2659243.7
14826,1728018000000,2661061.79999999
14827,1728021600000,2656132.79999999
14828,1728025200000,2639566.4
14829,1728028800000,2655649.0
14830,1728032400000,2648091.79999999
14831,1728036000000,2667998.6
14832,1728039600000,2662491.29999999
14833,1728043200000,2663753.5
14834,1728046800000,2696817.2
14835,1728050400000,2665542.4
14836,1728054000000,2658776.6
14837,1728057600000,2671361.2
14838,1728061200000,2673211.7
14839,1728064800000,2676790.1
14840,1728068400000,2652400.6
14841,1728072000000,2640621.7
14842,1728075600000,2620678.29999999
14843,1728079200000,2606671.29999999
14844,1728082800000,2592888.4
14845,1728086400000,2591980.9
14846,1728090000000,2609004.7
14847,1728093600000,2597603.79999999
14848,1728097200000,2551210.2
14849,1728100800000,2607885.79999999
14850,1728104400000,2595496.6
14851,1728108000000,2590648.79999999
14852,1728111600000,2584644.6
14853,1728115200000,2534748.29999999
14854,1728118800000,2529950.29999999
14855,1728122400000,2537006.0
14856,1728126000000,2507628.79999999
14857,1728129600000,2493102.5
14858,1728133200000,2489866.7
14859,1728136800000,2484353.29999999
14860,1728140400000,2486745.7
14861,1728144000000,2492045.29999999
14862,1728147600000,2490197.2
14863,1728151200000,2485527.6
14864,1728154800000,2486888.2
14865,1728158400000,2485474.79999999
14866,1728162000000,2482746.29999999
14867,1728165600000,2464289.1
14868,1728169200000,2478110.4
14869,1728172800000,2610066.79999999
14870,1728176400000,2589605.6
14871,1728180000000,2574815.1
14872,1728183600000,2567633.6
14873,1728187200000,2570357.7
14874,1728190800000,2584759.0
14875,1728194400000,2564644.4
14876,1728198000000,2560842.5
14877,1728201600000,2596340.9
14878,1728205200000,2595024.6
14879,1728208800000,2552560.2
14880,1728212400000,2552037.2
14881,1728216000000,2587804.0
14882,1728219600000,2589435.79999999
14883,1728223200000,2600245.29999999
14884,1728226800000,2577474.5
14885,1728230400000,2601606.79999999
14886,1728234000000,2594835.2
14887,1728237600000,2600288.6
14888,1728241200000,2610758.5
14889,1728244800000,2617714.4
14890,1728248400000,2611725.6
14891,1728252000000,2601167.4
14892,1728255600000,2605906.5
14893,1728259200000,2608981.29999999
14894,1728262800000,2592083.79999999
14895,1728266400000,2588615.5
14896,1728270000000,2583586.7
14897,1728273600000,2577101.5
14898,1728277200000,2564100.79999999
14899,1728280800000,2561390.9
14900,1728284400000,2565367.1
14901,1728288000000,2537094.1
14902,1728291600000,2509035.2
14903,1728295200000,2506193.6
14904,1728298800000,2509847.1
14905,1728302400000,2537019.79999999
14906,1728306000000,2547374.5
14907,1728309600000,2532528.5
14908,1728313200000,2501961.7
14909,1728316800000,2495854.7
14910,1728320400000,2485044.9
14911,1728324000000,2492661.79999999
14912,1728327600000,2478627.4
14913,1728331200000,2478500.5
14914,1728334800000,2462029.4
14915,1728338400000,2450119.5
14916,1728342000000,2441601.5
14917,1728345600000,2425244.9
14918,1728349200000,2419636.0
14919,1728352800000,2416167.29999999
14920,1728356400000,2422462.1
14921,1728360000000,2418164.0
14922,1728363600000,2426966.29999999
14923,1728367200000,2424912.79999999
14924,1728370800000,2411292.7
14925,1728374400000,2412542.79999999
14926,1728378000000,2422075.2
14927,1728381600000,2407629.4
14928,1728385200000,2426822.5
14929,1728388800000,2438500.9
14930,1728392400000,2432270.7
14931,1728396000000,2432472.9
14932,1728399600000,2438620.7
14933,1728403200000,2425227.0
14934,1728406800000,2446169.29999999
14935,1728410400000,2436346.9
14936,1728414000000,2428730.0
14937,1728417600000,2444194.4
14938,1728421200000,2453351.4
14939,1728424800000,2452132.6
14940,1728428400000,2459384.9
14941,1728432000000,2456647.4
14942,1728435600000,2446756.79999999
14943,1728439200000,2439854.5
14944,1728442800000,2439897.5
14945,1728446400000,2437043.5
14946,1728450000000,2444496.1
14947,1728453600000,2448870.0
14948,1728457200000,2455816.0
14949,1728460800000,2457025.6
14950,1728464400000,2459432.0
14951,1728468000000,2459668.2
14952,1728471600000,2459672.79999999
14953,1728475200000,2458780.5
14954,1728478800000,2469681.4
14955,1728482400000,2542686.5
14956,1728486000000,2538210.4
14957,1728489600000,2535893.7
14958,1728493200000,2507648.2
14959,1728496800000,2500547.5
14960,1728500400000,2522089.6
14961,1728504000000,2524095.4
14962,1728507600000,2490465.5
14963,1728511200000,2490395.29999999
14964,1728514800000,2494310.1
14965,1728518400000,2497125.79999999
14966,1728522000000,2470668.79999999
14967,1728525600000,2469345.7
14968,1728529200000,2471290.5
14969,1728532800000,2478167.29999999
14970,1728536400000,2470296.7
14971,1728540000000,2474528.6
14972,1728543600000,2482923.7
14973,1728547200000,2473930.0
14974,1728550800000,2460917.4
14975,1728554400000,2480119.2
14976,1728558000000,2507367.4
14977,1728561600000,2508044.2
14978,1728565200000,2499731.7
14979,1728568800000,2518932.2
14980,1728572400000,2523471.9
14981,1728576000000,2526847.5
14982,1728579600000,2536761.79999999
14983,1728583200000,2509796.4
14984,1728586800000,2475345.4
14985,1728590400000,2483955.2
14986,1728594000000,2484833.5
14987,1728597600000,2460128.5
14988,1728601200000,2461553.9
14989,1728604800000,2485368.0
14990,1728608400000,2481783.7
14991,1728612000000,2493885.1
14992,1728615600000,2499800.4
14993,1728619200000,2505145.4
14994,1728622800000,2508021.9
14995,1728626400000,2480921.4
14996,1728630000000,2473541.6
14997,1728633600000,2474182.79999999
14998,1728637200000,2518827.79999999
14999,1728640800000,2498727.6
15000,1728644400000,2481073.2
15001,1728648000000,2482948.5
15002,1728651600000,2473609.4
15003,1728655200000,2470831.1
15004,1728658800000,2477887.4
15005,1728662400000,2460616.7
15006,1728666000000,2478599.1
15007,1728669600000,2478837.5
15008,1728673200000,2494156.2
15009,1728676800000,2509913.29999999
15010,1728680400000,2504173.2
15011,1728684000000,2514669.9
15012,1728687600000,2550231.79999999
15013,1728691200000,2549297.1
15014,1728694800000,2513368.2
15015,1728698400000,2696631.4
15016,1728702000000,2705109.79999999
15017,1728705600000,2709137.7
15018,1728709200000,2723683.1
15019,1728712800000,2693118.6
15020,1728716400000,2687791.9
15021,1728720000000,2676267.1
15022,1728723600000,2684834.6
15023,1728727200000,2694830.7
15024,1728730800000,2709037.79999999
15025,1728734400000,2709423.6
15026,1728738000000,2748352.6
15027,1728741600000,2807185.5
15028,1728745200000,2808309.79999999
15029,1728748800000,2783347.7
15030,1728752400000,2808595.9
15031,1728756000000,2819785.8
15032,1728759600000,2825076.5
15033,1728763200000,2845770.2
15034,1728766800000,2835403.5
15035,1728770400000,2815851.3
15036,1728774000000,2780507.9
15037,1728777600000,2774821.4
15038,1728781200000,2705628.4
15039,1728784800000,2707687.7
15040,1728788400000,2726134.2
15041,1728792000000,2730155.29999999
15042,1728795600000,2710312.5
15043,1728799200000,2730816.5
15044,1728802800000,2729579.9
15045,1728806400000,2728345.1
15046,1728810000000,2744357.9
15047,1728813600000,2757663.1
15048,1728817200000,2892785.1
15049,1728820800000,2866820.3
15050,1728824400000,2863416.2
15051,1728828000000,2855549.9
15052,1728831600000,2823093.7
15053,1728835200000,2822459.7
15054,1728838800000,2811745.7
15055,1728842400000,2822005.7
15056,1728846000000,2819063.5
15057,1728849600000,2821448.3
15058,1728853200000,2831435.8
15059,1728856800000,2841198.5
15060,1728860400000,2838633.3
15061,1728864000000,2861214.4
15062,1728867600000,2867083.4
15063,1728871200000,2872405.1
15064,1728874800000,2792634.6
15065,1728878400000,2762432.0
15066,1728882000000,2778339.2
15067,1728885600000,2766980.6
15068,1728889200000,2783530.6
15069,1728892800000,2761949.29999999
15070,1728896400000,2756141.1
15071,1728900000000,2745054.7
15072,1728903600000,2759408.7
15073,1728907200000,2748804.79999999
15074,1728910800000,2732100.5
15075,1728914400000,2700046.1
15076,1728918000000,2734031.0
15077,1728921600000,2774391.29999999
15078,1728925200000,2780631.4
15079,1728928800000,2770204.2
15080,1728932400000,2802223.7
15081,1728936000000,2820853.0
15082,1728939600000,2816532.3
15083,1728943200000,2757531.2
15084,1728946800000,2756079.5
15085,1728950400000,2775089.79999999
15086,1728954000000,2754255.7
15087,1728957600000,2769055.7
15088,1728961200000,2770253.79999999
15089,1728964800000,2752732.5
15090,1728968400000,2767966.9
15091,1728972000000,2750838.7
15092,1728975600000,2795585.9
15093,1728979200000,2794201.79999999
15094,1728982800000,2808193.5
15095,1728986400000,2807695.1
15096,1728990000000,2821000.1
15097,1728993600000,2782578.2
15098,1728997200000,2760007.1
15099,1729000800000,2732585.1
15100,1729004400000,2643470.5
15101,1729008000000,2659033.2
15102,1729011600000,2691670.1
15103,1729015200000,2700465.1
15104,1729018800000,2678285.1
15105,1729022400000,2645753.4
15106,1729026000000,2682868.4
15107,1729029600000,2654727.4
15108,1729033200000,2668102.9
15109,1729036800000,2672244.79999999
15110,1729040400000,2664726.1
15111,1729044000000,2664840.79999999
15112,1729047600000,2646651.1
15113,1729051200000,2663978.29999999
15114,1729054800000,2682213.2
15115,1729058400000,2706618.5
15116,1729062000000,2686875.1
15117,1729065600000,2682931.4
15118,1729069200000,2703978.5
15119,1729072800000,2706794.6
15120,1729076400000,2725606.9
15121,1729080000000,2760161.7
15122,1729083600000,2789047.0
15123,1729087200000,2850339.8
15124,1729090800000,2819183.6
15125,1729094400000,2819449.8
15126,1729098000000,2810857.7
15127,1729101600000,2828655.8
15128,1729105200000,2824769.5
15129,1729108800000,2810254.29999999
15130,1729112400000,2799962.79999999
15131,1729116000000,2776129.1
15132,1729119600000,2779010.4
15133,1729123200000,2783719.0
15134,1729126800000,2790917.4
15135,1729130400000,2789412.6
15136,1729134000000,2786301.5
15137,1729137600000,2788920.9
15138,1729141200000,2743221.4
15139,1729144800000,2747166.79999999
15140,1729148400000,2764448.0
15141,1729152000000,2764504.5
15142,1729155600000,2853059.6
15143,1729159200000,2850148.4
15144,1729162800000,2792398.79999999
15145,1729166400000,2782654.1
15146,1729170000000,2795032.7
15147,1729173600000,2798712.79999999
15148,1729177200000,2810545.0
15149,1729180800000,2793300.7
15150,1729184400000,2777607.7
15151,1729188000000,2704901.0
15152,1729191600000,2685486.2
15153,1729195200000,2670224.29999999
15154,1729198800000,2684361.9
15155,1729202400000,2680289.79999999
15156,1729206000000,2684932.7
15157,1729209600000,2681071.79999999
15158,1729213200000,2696525.29999999
15159,1729216800000,2693284.9
15160,1729220400000,2691944.79999999
15161,1729224000000,2707705.9
15162,1729227600000,2711482.79999999
15163,1729231200000,2704629.6
15164,1729234800000,2731347.6
15165,1729238400000,2727141.9
15166,1729242000000,2728636.2
15167,1729245600000,2733550.9
15168,1729249200000,2750475.4
15169,1729252800000,2762308.79999999
15170,1729256400000,2754485.2
15171,1729260000000,2766634.5
15172,1729263600000,2763564.7
15173,1729267200000,2766418.6
15174,1729270800000,2756253.29999999
15175,1729274400000,2760653.2
15176,1729278000000,2777824.6
15177,1729281600000,2782161.4
15178,1729285200000,2777582.1
15179,1729288800000,2763151.0
15180,1729292400000,2766360.9
15181,1729296000000,2768908.9
15182,1729299600000,2838627.5
15183,1729303200000,2814109.2
15184,1729306800000,2828826.2
15185,1729310400000,2832693.6
15186,1729314000000,2815173.9
15187,1729317600000,2817457.0
15188,1729321200000,2816881.4
15189,1729324800000,2811414.5
15190,1729328400000,2820186.0
15191,1729332000000,2814098.9
15192,1729335600000,2811157.7
15193,1729339200000,2811189.79999999
15194,1729342800000,2811167.0
15195,1729346400000,2819180.3
15196,1729350000000,2851491.2
15197,1729353600000,2822094.5
15198,1729357200000,2811338.7
15199,1729360800000,2830007.7
15200,1729364400000,2825061.6
15201,1729368000000,2823640.4
15202,1729371600000,2819650.7
15203,1729375200000,2809285.2
15204,1729378800000,2813415.5
15205,1729382400000,2831696.7
15206,1729386000000,2842949.8
15207,1729389600000,2841911.7
15208,1729393200000,2841376.6
15209,1729396800000,2837201.0
15210,1729400400000,2848472.0
15211,1729404000000,2848377.3
15212,1729407600000,2847615.2
15213,1729411200000,2842780.2
15214,1729414800000,2847604.3
15215,1729418400000,2853169.3
15216,1729422000000,2863940.8
15217,1729425600000,2868036.0
15218,1729429200000,2883941.5
15219,1729432800000,2898675.3
15220,1729436400000,2921352.3
15221,1729440000000,2937837.9
15222,1729443600000,2930485.3
15223,1729447200000,2928882.8
15224,1729450800000,2938360.5
15225,1729454400000,2950054.3
15226,1729458000000,2943740.8
15227,1729461600000,2940824.2
15228,1729465200000,2960803.9
15229,1729468800000,2937820.2
15230,1729472400000,2953009.3
15231,1729476000000,2919556.0
15232,1729479600000,2920639.6
15233,1729483200000,2916263.9
15234,1729486800000,2914481.8
15235,1729490400000,2915676.6
15236,1729494000000,2887518.2
15237,1729497600000,2873472.4
15238,1729501200000,2860870.5
15239,1729504800000,2846880.5
15240,1729508400000,2860158.0
15241,1729512000000,2876453.3
15242,1729515600000,2878236.3
15243,1729519200000,2786665.29999999
15244,1729522800000,2779485.79999999
15245,1729526400000,2773546.7
15246,1729530000000,2765057.4
15247,1729533600000,2754967.1
15248,1729537200000,2761491.79999999
15249,1729540800000,2777954.5
15250,1729544400000,2799826.5
15251,1729548000000,2775112.9
15252,1729551600000,2773329.5
15253,1729555200000,2766014.1
15254,1729558800000,2753264.7
15255,1729562400000,2751443.7
15256,1729566000000,2740559.5
15257,1729569600000,2744418.1
15258,1729573200000,2771419.9
15259,1729576800000,2774540.7
15260,1729580400000,2749714.4
15261,1729584000000,2754447.9
15262,1729587600000,2746127.79999999
15263,1729591200000,2710446.2
15264,1729594800000,2729019.1
15265,1729598400000,2721778.6
15266,1729602000000,2743769.6
15267,1729605600000,2744042.2
15268,1729609200000,2785129.29999999
15269,1729612800000,2803198.29999999
15270,1729616400000,2821269.0
15271,1729620000000,2837258.5
15272,1729623600000,2836955.2
15273,1729627200000,2854268.8
15274,1729630800000,2863706.2
15275,1729634400000,2856045.3
15276,1729638000000,2870424.7
15277,1729641600000,2860424.3
15278,1729645200000,2845761.2
15279,1729648800000,2864261.5
15280,1729652400000,2863578.7
15281,1729656000000,2850716.7
15282,1729659600000,2842053.8
15283,1729663200000,2848895.6
15284,1729666800000,2850731.3
15285,1729670400000,2832643.2
15286,1729674000000,2854403.2
15287,1729677600000,2844180.9
15288,1729681200000,2844625.9
15289,1729684800000,2823022.4
15290,1729688400000,2826740.3
15291,1729692000000,2832224.1
15292,1729695600000,2824751.6
15293,1729699200000,2802375.29999999
15294,1729702800000,2848629.0
15295,1729706400000,2825901.1
15296,1729710000000,2746450.4
15297,1729713600000,2746281.29999999
15298,1729717200000,2733228.79999999
15299,1729720800000,2716677.2
15300,1729724400000,2718403.5
15301,1729728000000,2720937.7
15302,1729731600000,2745138.5
15303,1729735200000,2732826.7
15304,1729738800000,2730067.6
15305,1729742400000,2720905.9
15306,1729746000000,2713049.0
15307,1729749600000,2712832.7
15308,1729753200000,2715395.9
15309,1729756800000,2716639.1
15310,1729760400000,2715778.0
15311,1729764000000,2746254.29999999
15312,1729767600000,2753050.6
15313,1729771200000,2771629.4
15314,1729774800000,2813364.7
15315,1729778400000,2796102.6
15316,1729782000000,2794311.0
15317,1729785600000,2809001.4
15318,1729789200000,2811093.79999999
15319,1729792800000,2806394.79999999
15320,1729796400000,2808713.6
15321,1729800000000,2796728.2
15322,1729803600000,2790953.5
15323,1729807200000,2771673.9
15324,1729810800000,2773032.29999999
15325,1729814400000,2786857.7
15326,1729818000000,2777445.5
15327,1729821600000,2766751.79999999
15328,1729825200000,2845462.7
15329,1729828800000,2843555.4
15330,1729832400000,2842671.3
15331,1729836000000,2857124.7
15332,1729839600000,2870468.5
15333,1729843200000,2858507.2
15334,1729846800000,2858790.5
15335,1729850400000,2841373.5
15336,1729854000000,2839421.4
15337,1729857600000,2855594.7
15338,1729861200000,2849380.2
15339,1729864800000,2884332.6
15340,1729868400000,2921762.7
15341,1729872000000,2901741.3
15342,1729875600000,2907105.8
15343,1729879200000,2898846.3
15344,1729882800000,2879394.7
15345,1729886400000,2873019.7
15346,1729890000000,2864950.0
15347,1729893600000,2858873.4
15348,1729897200000,2856920.7
15349,1729900800000,2750442.4
15350,1729904400000,2746445.5
15351,1729908000000,2740718.9
15352,1729911600000,2742251.29999999
15353,1729915200000,2737360.0
15354,1729918800000,2736217.0
15355,1729922400000,2732002.2
15356,1729926000000,2726833.2
15357,1729929600000,2718100.6
15358,1729933200000,2732243.5
15359,1729936800000,2732975.2
15360,1729940400000,2724830.4
15361,1729944000000,2730504.7
15362,1729947600000,2729463.1
15363,1729951200000,2733917.6
15364,1729954800000,2710155.2
15365,1729958400000,2711800.4
15366,1729962000000,2720072.0
15367,1729965600000,2716846.5
15368,1729969200000,2717871.79999999
15369,1729972800000,2714702.0
15370,1729976400000,2719155.2
15371,1729980000000,2715228.79999999
15372,1729983600000,2737257.6
15373,1729987200000,2741988.2
15374,1729990800000,2740602.6
15375,1729994400000,2736523.29999999
15376,1729998000000,2737746.9
15377,1730001600000,2732324.9
15378,1730005200000,2736084.4
15379,1730008800000,2737103.4
15380,1730012400000,2738489.29999999
15381,1730016000000,2742781.7
15382,1730019600000,2743983.6
15383,1730023200000,2750382.2
15384,1730026800000,2751087.7
15385,1730030400000,2748729.7
15386,1730034000000,2759794.9
15387,1730037600000,2746892.7
15388,1730041200000,2739793.6
15389,1730044800000,2734329.4
15390,1730048400000,2729727.1
15391,1730052000000,2731543.5
15392,1730055600000,2729752.79999999
15393,1730059200000,2733178.5
15394,1730062800000,2736822.1
15395,1730066400000,2731506.0
15396,1730070000000,2730053.79999999
15397,1730073600000,2723241.9
15398,1730077200000,2726220.1
15399,1730080800000,2721219.9
15400,1730084400000,2729262.29999999
15401,1730088000000,2730361.6
15402,1730091600000,2735754.4
15403,1730095200000,2741454.6
15404,1730098800000,2744475.7
15405,1730102400000,2746289.1
15406,1730106000000,2737349.2
15407,1730109600000,2720313.29999999
15408,1730113200000,2724124.4
15409,1730116800000,2748649.29999999
15410,1730120400000,2741870.7
15411,1730124000000,2741063.4
15412,1730127600000,2719513.0
15413,1730131200000,2720020.1
15414,1730134800000,2713597.4
15415,1730138400000,2700485.0
15416,1730142000000,2703317.5
15417,1730145600000,2696117.1
15418,1730149200000,2703476.6
15419,1730152800000,2707879.5
15420,1730156400000,2698017.0
15421,1730160000000,2698305.7
15422,1730163600000,2708702.79999999
15423,1730167200000,2710968.0
15424,1730170800000,2703796.4
15425,1730174400000,2712192.7
15426,1730178000000,2725980.1
15427,1730181600000,2713535.79999999
15428,1730185200000,2718428.1
15429,1730188800000,2734458.4
15430,1730192400000,2724940.4
15431,1730196000000,2749757.79999999
15432,1730199600000,2754902.0
15433,1730203200000,2757963.0
15434,1730206800000,2763751.29999999
15435,1730210400000,2768519.7
15436,1730214000000,2772469.29999999
15437,1730217600000,2770650.2
15438,1730221200000,2780510.1
15439,1730224800000,2801831.0
15440,1730228400000,2793029.29999999
15441,1730232000000,2760732.7
15442,1730235600000,2765808.7
15443,1730239200000,2747360.2
15444,1730242800000,2757691.7
15445,1730246400000,2757711.6
15446,1730250000000,2782523.29999999
15447,1730253600000,2778317.5
15448,1730257200000,2779183.9
15449,1730260800000,2779671.1
15450,1730264400000,2797466.4
15451,1730268000000,2830191.8
15452,1730271600000,2823016.3
15453,1730275200000,2840509.5
15454,1730278800000,2859005.1
15455,1730282400000,2854363.3
15456,1730286000000,2856618.9
15457,1730289600000,2846340.4
15458,1730293200000,2826747.8
15459,1730296800000,2856756.7
15460,1730300400000,2850939.1
15461,1730304000000,2854544.6
15462,1730307600000,2848088.2
15463,1730311200000,2850170.6
15464,1730314800000,2847242.2
15465,1730318400000,2851513.9
15466,1730322000000,2840583.7
15467,1730325600000,2849783.7
15468,1730329200000,2845570.2
15469,1730332800000,2839915.2
15470,1730336400000,2852837.2
15471,1730340000000,2854894.0
15472,1730343600000,2863519.2
15473,1730347200000,2863116.3
15474,1730350800000,2864728.1
15475,1730354400000,2868941.7
15476,1730358000000,2874414.8
15477,1730361600000,2875720.0
15478,1730365200000,2873397.5
15479,1730368800000,2882496.9
15480,1730372400000,2887946.6
15481,1730376000000,2884778.2
15482,1730379600000,2884265.6
15483,1730383200000,2882516.2
15484,1730386800000,2847249.0
15485,1730390400000,2846029.0
15486,1730394000000,2856400.9
15487,1730397600000,2858618.5
15488,1730401200000,2787203.5
15489,1730404800000,2793017.6
15490,1730408400000,2730353.6
15491,1730412000000,2727735.5
15492,1730415600000,2724214.2
15493,1730419200000,2741727.4
15494,1730422800000,2717470.6
15495,1730426400000,2689065.5
15496,1730430000000,2696049.9
15497,1730433600000,2717827.5
15498,1730437200000,2744301.6
15499,1730440800000,2743727.7
15500,1730444400000,2716040.9
15501,1730448000000,2720673.6
15502,1730451600000,2715639.7
15503,1730455200000,2768150.29999999
15504,1730458800000,2758255.0
15505,1730462400000,2774263.0
15506,1730466000000,2770848.7
15507,1730469600000,2772351.29999999
15508,1730473200000,2724907.7
15509,1730476800000,2729723.2
15510,1730480400000,2694144.79999999
15511,1730484000000,2695537.4
15512,1730487600000,2699985.9
15513,1730491200000,2701067.4
15514,1730494800000,2827378.5
15515,1730498400000,2780665.29999999
15516,1730502000000,2777261.4
15517,1730505600000,2788265.4
15518,1730509200000,2789248.1
15519,1730512800000,2793252.9
15520,1730516400000,2795891.29999999
15521,1730520000000,2801442.79999999
15522,1730523600000,2820991.9
15523,1730527200000,2851752.7
15524,1730530800000,2847070.7
15525,1730534400000,2842360.9
15526,1730538000000,2788416.9
15527,1730541600000,2783977.29999999
15528,1730545200000,2793140.2
15529,1730548800000,2800904.5
15530,1730552400000,2851860.5
15531,1730556000000,2844635.1
15532,1730559600000,2845048.0
15533,1730563200000,2847770.2
15534,1730566800000,2836089.9
15535,1730570400000,2832642.7
15536,1730574000000,2817216.7
15537,1730577600000,2819606.6
15538,1730581200000,2803189.4
15539,1730584800000,2800378.6
15540,1730588400000,2806673.6
15541,1730592000000,2821772.2
15542,1730595600000,2799381.79999999
15543,1730599200000,2805147.6
15544,1730602800000,2812270.5
15545,1730606400000,2807020.6
15546,1730610000000,2792864.5
15547,1730613600000,2790418.5
15548,1730617200000,2794363.6
15549,1730620800000,2801864.79999999
15550,1730624400000,2801922.1
15551,1730628000000,2820464.4
15552,1730631600000,2820263.7
15553,1730635200000,2836183.4
15554,1730638800000,2824913.1
15555,1730642400000,2837739.0
15556,1730646000000,2869002.1
15557,1730649600000,2797114.2
15558,1730653200000,2762991.1
15559,1730656800000,2739873.0
15560,1730660400000,2717634.7
15561,1730664000000,2719237.6
15562,1730667600000,2720125.4
15563,1730671200000,2726756.7
15564,1730674800000,2703735.1
15565,1730678400000,2693934.7
15566,1730682000000,2680189.4
15567,1730685600000,2669091.1
15568,1730689200000,2672903.7
15569,1730692800000,2672069.5
15570,1730696400000,2671916.7
15571,1730700000000,2680436.79999999
15572,1730703600000,2676850.2
15573,1730707200000,2683290.1
15574,1730710800000,2720208.5
15575,1730714400000,2720775.0
15576,1730718000000,2727436.4
15577,1730721600000,2730277.7
15578,1730725200000,2738623.2
15579,1730728800000,2730821.7
15580,1730732400000,2768238.0
15581,1730736000000,2736715.5
15582,1730739600000,2752916.29999999
15583,1730743200000,2754270.29999999
15584,1730746800000,2744170.6
15585,1730750400000,2751872.5
15586,1730754000000,2803933.9
15587,1730757600000,2745556.29999999
15588,1730761200000,2740332.0
15589,1730764800000,2767783.29999999
15590,1730768400000,2779985.9
15591,1730772000000,2763820.79999999
15592,1730775600000,2764305.1
15593,1730779200000,2765836.6
15594,1730782800000,2766624.2
15595,1730786400000,2763882.2
15596,1730790000000,2758340.79999999
15597,1730793600000,2758811.0
15598,1730797200000,2750568.79999999
15599,1730800800000,2743360.2
15600,1730804400000,2743148.29999999
15601,1730808000000,2741114.79999999
15602,1730811600000,2744672.7
15603,1730815200000,2751909.6
15604,1730818800000,2713701.2
15605,1730822400000,2700480.79999999
15606,1730826000000,2680101.6
15607,1730829600000,2675125.0
15608,1730833200000,2681360.2
15609,1730836800000,2690254.29999999
15610,1730840400000,2669333.9
15611,1730844000000,2664602.5
15612,1730847600000,2645539.29999999
15613,1730851200000,2661865.5
15614,1730854800000,2690834.4
15615,1730858400000,2744764.0
15616,1730862000000,2674611.6
15617,1730865600000,2704403.7
15618,1730869200000,2672407.9
15619,1730872800000,2664975.6
15620,1730876400000,2676150.4
15621,1730880000000,2682365.6
15622,1730883600000,2706842.0
15623,1730887200000,2708946.79999999
15624,1730890800000,2718264.1
15625,1730894400000,2728328.6
15626,1730898000000,2762529.79999999
15627,1730901600000,2754661.4
15628,1730905200000,2712148.79999999
15629,1730908800000,2694698.9
15630,1730912400000,2682187.79999999
15631,1730916000000,2688984.5
15632,1730919600000,2681616.7
15633,1730923200000,2704471.79999999
15634,1730926800000,2688297.79999999
15635,1730930400000,2721899.4
15636,1730934000000,2796077.5
15637,1730937600000,2824951.6
15638,1730941200000,2839140.2
15639,1730944800000,2862244.0
15640,1730948400000,2871233.8
15641,1730952000000,2891885.6
15642,1730955600000,2863620.6
15643,1730959200000,2908920.4
15644,1730962800000,2899175.1
15645,1730966400000,2902576.9
15646,1730970000000,2889647.5
15647,1730973600000,2911081.7
15648,1730977200000,2897427.5
15649,1730980800000,2899555.5
15650,1730984400000,2890026.8
15651,1730988000000,2897266.6
15652,1730991600000,2895991.6
15653,1730995200000,2913174.4
15654,1730998800000,2887600.4
15655,1731002400000,2880891.5
15656,1731006000000,2917955.9
15657,1731009600000,2934732.8
15658,1731013200000,2923041.7
15659,1731016800000,2912543.0
15660,1731020400000,2892305.7
15661,1731024000000,2938822.7
15662,1731027600000,2978487.8
15663,1731031200000,3045844.8
15664,1731034800000,3036725.1
15665,1731038400000,3024556.1
15666,1731042000000,3041515.2
15667,1731045600000,3048300.2
15668,1731049200000,3038689.8
15669,1731052800000,3013711.7
15670,1731056400000,3028646.2
15671,1731060000000,3040085.3
15672,1731063600000,3072066.9
15673,1731067200000,3030562.6
15674,1731070800000,3014430.1
15675,1731074400000,3028061.2
15676,1731078000000,3000747.1
15677,1731081600000,2989497.1
15678,1731085200000,2979319.1
15679,1731088800000,2959273.8
15680,1731092400000,2955131.5
15681,1731096000000,2979743.9
15682,1731099600000,2973792.8
15683,1731103200000,3020608.6
15684,1731106800000,3027417.2
15685,1731110400000,3043919.4
15686,1731114000000,3103522.4
15687,1731117600000,3020069.3
15688,1731121200000,3026114.3
15689,1731124800000,3060888.7
15690,1731128400000,3259155.6
15691,1731132000000,3248799.2
15692,1731135600000,3373595.0
15693,1731139200000,3410003.8
15694,1731142800000,3420043.0
15695,1731146400000,3429924.8
15696,1731150000000,3451630.6
15697,1731153600000,3463623.0
15698,1731157200000,3416215.1
15699,1731160800000,3297960.2
15700,1731164400000,3259102.4
15701,1731168000000,3261842.4
15702,1731171600000,3240048.9
15703,1731175200000,3241482.7
15704,1731178800000,3253708.8
15705,1731182400000,3253531.5
15706,1731186000000,3315869.6
15707,1731189600000,3321533.2
15708,1731193200000,3343061.2
15709,1731196800000,3649607.5
15710,1731200400000,3574858.5
15711,1731204000000,3574327.4
15712,1731207600000,3698017.7
15713,1731211200000,3681208.6
15714,1731214800000,3648329.7
15715,1731218400000,3601888.5
15716,1731222000000,3614988.6
15717,1731225600000,3613462.7
15718,1731229200000,3590433.6
15719,1731232800000,3588949.0
15720,1731236400000,3626066.4
15721,1731240000000,3623878.6
15722,1731243600000,3528027.2
15723,1731247200000,3545610.2
15724,1731250800000,3369456.9
15725,1731254400000,3476214.6
15726,1731258000000,3477293.2
15727,1731261600000,3484146.1
15728,1731265200000,3468676.2
15729,1731268800000,3413738.4
15730,1731272400000,3329956.1
15731,1731276000000,3318785.2
15732,1731279600000,3334099.6
15733,1731283200000,3351306.2
15734,1731286800000,3310140.3
15735,1731290400000,3321540.2
15736,1731294000000,3330155.1
15737,1731297600000,3346333.6
15738,1731301200000,3332884.1
15739,1731304800000,3246805.3
15740,1731308400000,3257960.2
15741,1731312000000,3258371.2
15742,1731315600000,3255441.1
15743,1731319200000,3258814.3
15744,1731322800000,3299580.8
15745,1731326400000,3368741.2
15746,1731330000000,3427706.1
15747,1731333600000,3394363.3
15748,1731337200000,3362272.0
15749,1731340800000,3367627.9
15750,1731344400000,3625018.8
15751,1731348000000,3785005.1
15752,1731351600000,3728058.0
15753,1731355200000,3675604.3
15754,1731358800000,3605153.8
15755,1731362400000,3572078.4
15756,1731366000000,3614605.5
15757,1731369600000,3638633.2
15758,1731373200000,3531482.4
15759,1731376800000,3536319.4
15760,1731380400000,3513683.6
15761,1731384000000,3518999.5
15762,1731387600000,3572832.0
15763,1731391200000,3572355.3
15764,1731394800000,3610029.0
15765,1731398400000,3650614.2
15766,1731402000000,3761792.6
15767,1731405600000,3619642.2
15768,1731409200000,3562439.6
15769,1731412800000,3650209.7
15770,1731416400000,3648710.9
15771,1731420000000,3693400.5
15772,1731423600000,3766156.9
15773,1731427200000,3754183.1
15774,1731430800000,3640753.6
15775,1731434400000,3642336.4
15776,1731438000000,3670008.9
15777,1731441600000,3672404.3
15778,1731445200000,3664144.0
15779,1731448800000,3658000.2
15780,1731452400000,3656246.8
15781,1731456000000,3637912.1
15782,1731459600000,3603986.7
15783,1731463200000,3593940.5
15784,1731466800000,3563289.9
15785,1731470400000,3560917.0
15786,1731474000000,3503049.1
15787,1731477600000,3508928.3
15788,1731481200000,3498308.8
15789,1731484800000,3523112.5
15790,1731488400000,3524457.1
15791,1731492000000,3510726.6
15792,1731495600000,3540462.2
15793,1731499200000,3531640.9
15794,1731502800000,3508124.5
15795,1731506400000,3523312.7
15796,1731510000000,3588125.7
15797,1731513600000,3500079.2
15798,1731517200000,3495623.0
15799,1731520800000,3488869.2
15800,1731524400000,3499487.8
15801,1731528000000,3366599.0
15802,1731531600000,3383940.8
15803,1731535200000,3388276.9
15804,1731538800000,3392696.2
15805,1731542400000,3385676.8
15806,1731546000000,3388945.3
15807,1731549600000,3391156.2
15808,1731553200000,3385091.0
15809,1731556800000,3375216.6
15810,1731560400000,3383862.9
15811,1731564000000,3386518.0
15812,1731567600000,3431108.7
15813,1731571200000,3358765.5
15814,1731574800000,3367174.6
15815,1731578400000,3394054.7
15816,1731582000000,3381466.5
15817,1731585600000,3381935.0
15818,1731589200000,3364824.8
15819,1731592800000,3347966.5
15820,1731596400000,3356313.1
15821,1731600000000,3316844.3
15822,1731603600000,3323258.0
15823,1731607200000,3305323.2
15824,1731610800000,3295695.1
15825,1731614400000,3295735.2
15826,1731618000000,3290737.7
15827,1731621600000,3340792.3
15828,1731625200000,3328113.3
15829,1731628800000,3292455.2
15830,1731632400000,3287030.0
15831,1731636000000,3305517.1
15832,1731639600000,3294164.0
15833,1731643200000,3295084.7
15834,1731646800000,3300873.3
15835,1731650400000,3282229.8
15836,1731654000000,3290486.0
15837,1731657600000,3314405.1
15838,1731661200000,3270336.5
15839,1731664800000,3247490.2
15840,1731668400000,3253672.4
15841,1731672000000,3280901.5
15842,1731675600000,3241288.4
15843,1731679200000,3287457.6
15844,1731682800000,3266744.1
15845,1731686400000,3266331.1
15846,1731690000000,3288595.2
15847,1731693600000,3308027.4
15848,1731697200000,3304266.3
15849,1731700800000,3255475.1
15850,1731704400000,3300268.5
15851,1731708000000,3326143.6
15852,1731711600000,3291741.6
15853,1731715200000,3349341.4
15854,1731718800000,3316899.0
15855,1731722400000,3332073.7
15856,1731726000000,3389335.8
15857,1731729600000,3410006.9
15858,1731733200000,3400226.2
15859,1731736800000,3396256.4
15860,1731740400000,3405078.6
15861,1731744000000,3386727.6
15862,1731747600000,3393188.4
15863,1731751200000,3422656.2
15864,1731754800000,3563364.9
15865,1731758400000,3507756.7
15866,1731762000000,3518751.5
15867,1731765600000,3517639.9
15868,1731769200000,3521750.4
15869,1731772800000,3500809.3
15870,1731776400000,3496071.3
15871,1731780000000,3523625.7
15872,1731783600000,3517598.8
15873,1731787200000,3506203.5
15874,1731790800000,3495240.0
15875,1731794400000,3500563.8
15876,1731798000000,3482847.3
15877,1731801600000,3474594.1
15878,1731805200000,3500789.5
15879,1731808800000,3469217.3
15880,1731812400000,3419023.4
15881,1731816000000,3420087.4
15882,1731819600000,3479056.9
15883,1731823200000,3495975.5
15884,1731826800000,3512780.9
15885,1731830400000,3481544.9
15886,1731834000000,3515679.5
15887,1731837600000,3513281.1
15888,1731841200000,3555854.6
15889,1731844800000,3533295.6
15890,1731848400000,3537781.4
15891,1731852000000,3556783.2
15892,1731855600000,3537606.4
15893,1731859200000,3523040.2
15894,1731862800000,3539445.4
15895,1731866400000,3560335.5
15896,1731870000000,3545674.4
15897,1731873600000,3574806.1
15898,1731877200000,3482257.1
15899,1731880800000,3464315.7
15900,1731884400000,3403514.3
15901,1731888000000,3396568.3
15902,1731891600000,3387449.3
15903,1731895200000,3375453.8
15904,1731898800000,3337823.0
15905,1731902400000,3358627.2
15906,1731906000000,3352038.1
15907,1731909600000,3354510.3
15908,1731913200000,3366160.2
15909,1731916800000,3320965.1
15910,1731920400000,3304088.9
15911,1731924000000,3298654.0
15912,1731927600000,3321681.0
15913,1731931200000,3277325.8
15914,1731934800000,3280428.0
15915,1731938400000,3294026.6
15916,1731942000000,3274362.8
15917,1731945600000,3266786.3
15918,1731949200000,3327471.6
15919,1731952800000,3341518.4
15920,1731956400000,3340011.3
15921,1731960000000,3334511.4
15922,1731963600000,3340280.5
15923,1731967200000,3352005.6
15924,1731970800000,3353196.2
15925,1731974400000,3360989.1
15926,1731978000000,3391529.5
15927,1731981600000,3382246.1
15928,1731985200000,3371695.8
15929,1731988800000,3364491.0
15930,1731992400000,3341630.6
15931,1731996000000,3364783.8
15932,1731999600000,3373708.2
15933,1732003200000,3327629.8
15934,1732006800000,3289672.2
15935,1732010400000,3313086.4
15936,1732014000000,3320295.1
15937,1732017600000,3339797.3
15938,1732021200000,3379942.5
15939,1732024800000,3380958.2
15940,1732028400000,3437133.3
15941,1732032000000,3437755.4
15942,1732035600000,3413559.4
15943,1732039200000,3367673.4
15944,1732042800000,3347776.9
15945,1732046400000,3345235.9
15946,1732050000000,3323153.0
15947,1732053600000,3307550.1
15948,1732057200000,3285540.1
15949,1732060800000,3295760.7
15950,1732064400000,3292440.1
15951,1732068000000,3319221.1
15952,1732071600000,3350560.7
15953,1732075200000,3294159.9
15954,1732078800000,3286567.5
15955,1732082400000,3275736.9
15956,1732086000000,3275048.7
15957,1732089600000,3278692.2
15958,1732093200000,3326671.3
15959,1732096800000,3353906.1
15960,1732100400000,3341777.5
15961,1732104000000,3335895.9
15962,1732107600000,3311107.9
15963,1732111200000,3321995.9
15964,1732114800000,3344407.0
15965,1732118400000,3351573.8
15966,1732122000000,3282725.0
15967,1732125600000,3280472.5
15968,1732129200000,3276043.9
15969,1732132800000,3272050.6
15970,1732136400000,3269298.0
15971,1732140000000,3242995.4
15972,1732143600000,3239158.1
15973,1732147200000,3236468.7
15974,1732150800000,3241740.4
15975,1732154400000,3239100.5
15976,1732158000000,3278965.0
15977,1732161600000,3259540.9
15978,1732165200000,3216910.4
15979,1732168800000,3221706.0
15980,1732172400000,3233757.3
15981,1732176000000,3234470.5
15982,1732179600000,3243046.7
15983,1732183200000,3242362.2
15984,1732186800000,3231572.4
15985,1732190400000,3255231.1
15986,1732194000000,3296723.5
15987,1732197600000,3344855.8
15988,1732201200000,3337762.0
15989,1732204800000,3350611.1
15990,1732208400000,3363458.3
15991,1732212000000,3378453.5
15992,1732215600000,3395794.5
15993,1732219200000,3532472.6
15994,1732222800000,3578987.7
15995,1732226400000,3593123.8
15996,1732230000000,3600269.3
15997,1732233600000,3592904.6
15998,1732237200000,3567620.8
15999,1732240800000,3556618.1
16000,1732244400000,3578895.8
16001,1732248000000,3587254.9
16002,1732251600000,3596985.2
16003,1732255200000,3580695.0
16004,1732258800000,3573707.9
16005,1732262400000,3567651.8
16006,1732266000000,3591160.6
16007,1732269600000,3606407.7
16008,1732273200000,3702866.6
16009,1732276800000,3739093.1
16010,1732280400000,3809160.4
16011,1732284000000,3790811.9
16012,1732287600000,3775134.2
16013,1732291200000,3745875.6
16014,1732294800000,3777510.7
16015,1732298400000,3780024.7
16016,1732302000000,3693998.5
16017,1732305600000,3660594.9
16018,1732309200000,3641135.3
16019,1732312800000,3722686.6
16020,1732316400000,3808036.8
16021,1732320000000,3848412.2
16022,1732323600000,3880275.0
16023,1732327200000,4024584.0
16024,1732330800000,3831958.7
16025,1732334400000,3829231.2
16026,1732338000000,3817575.2
16027,1732341600000,3843901.1
16028,1732345200000,3842019.9
16029,1732348800000,3857951.9
16030,1732352400000,3875823.2
16031,1732356000000,3879057.3
16032,1732359600000,3887627.1
16033,1732363200000,3922123.1
16034,1732366800000,3973662.0
16035,1732370400000,3995412.2
16036,1732374000000,3962568.3
16037,1732377600000,3976783.3
16038,1732381200000,3989749.8
16039,1732384800000,4076367.1
16040,1732388400000,4062471.3
16041,1732392000000,4056032.4
16042,1732395600000,4068489.5
16043,1732399200000,4051586.9
16044,1732402800000,4049080.2
16045,1732406400000,4050354.2
16046,1732410000000,4054859.2
16047,1732413600000,4000028.2
16048,1732417200000,3987248.4
16049,1732420800000,3995330.5
16050,1732424400000,3982402.4
16051,1732428000000,4008417.1
16052,1732431600000,4022874.1
16053,1732435200000,4011775.5
16054,1732438800000,4011874.7
16055,1732442400000,3996422.0
16056,1732446000000,3977715.1
16057,1732449600000,3897913.7
16058,1732453200000,3869809.0
16059,1732456800000,3863129.1
16060,1732460400000,3792990.3
16061,1732464000000,3773049.6
16062,1732467600000,3788937.7
16063,1732471200000,3731601.9
16064,1732474800000,3787318.4
16065,1732478400000,3770283.1
16066,1732482000000,3797693.4
16067,1732485600000,3772328.2
16068,1732489200000,3746329.2
16069,1732492800000,3757105.1
16070,1732496400000,3769671.6
16071,1732500000000,3604093.4
16072,1732503600000,3598183.2
16073,1732507200000,3654684.1
16074,1732510800000,3661554.0
16075,1732514400000,3716960.7
16076,1732518000000,3728277.8
16077,1732521600000,3908795.5
16078,1732525200000,3948557.8
16079,1732528800000,3824015.2
16080,1732532400000,3810496.9
16081,1732536000000,3780913.5
16082,1732539600000,3780084.8
16083,1732543200000,3784901.2
16084,1732546800000,3862361.3
16085,1732550400000,3928531.8
16086,1732554000000,4009377.7
16087,1732557600000,4116805.3
16088,1732561200000,4110363.8
16089,1732564800000,4087583.3
16090,1732568400000,4035747.4
16091,1732572000000,4023368.6
16092,1732575600000,4005834.0
16093,1732579200000,4009451.2
16094,1732582800000,4017926.2
16095,1732586400000,4036564.6
16096,1732590000000,4102738.0
16097,1732593600000,4039123.3
16098,1732597200000,4035773.6
16099,1732600800000,4030293.0
16100,1732604400000,4028220.2
16101,1732608000000,4015073.8
16102,1732611600000,4003253.1
16103,1732615200000,3986301.3
16104,1732618800000,3928424.5
16105,1732622400000,3904573.1
16106,1732626000000,3897861.5
16107,1732629600000,3901878.5
16108,1732633200000,3893119.3
16109,1732636800000,3866163.9
16110,1732640400000,3797160.1
16111,1732644000000,3768680.0
16112,1732647600000,3740626.9
16113,1732651200000,3736083.6
16114,1732654800000,3743922.7
16115,1732658400000,3763617.0
16116,1732662000000,3746830.2
16117,1732665600000,3736556.2
16118,1732669200000,3812827.3
16119,1732672800000,3821293.6
16120,1732676400000,3811384.5
16121,1732680000000,3816276.5
16122,1732683600000,3861228.5
16123,1732687200000,3869846.2
16124,1732690800000,3866713.7
16125,1732694400000,3867247.2
16126,1732698000000,3875448.0
16127,1732701600000,3833153.8
16128,1732705200000,3822212.7
16129,1732708800000,3837699.2
16130,1732712400000,3848091.9
16131,1732716000000,3851532.7
16132,1732719600000,3824450.6
16133,1732723200000,3835848.3
16134,1732726800000,3840328.8
16135,1732730400000,3679120.3
16136,1732734000000,3637496.5
16137,1732737600000,3614279.5
16138,1732741200000,3587178.2
16139,1732744800000,3575431.4
16140,1732748400000,3579164.9
16141,1732752000000,3598703.8
16142,1732755600000,3577325.5
16143,1732759200000,3586129.6
16144,1732762800000,3588441.4
16145,1732766400000,3552347.5
16146,1732770000000,3543662.4
16147,1732773600000,3586066.3
16148,1732777200000,3600501.4
16149,1732780800000,3607486.7
16150,1732784400000,3614666.8
16151,1732788000000,3616050.1
16152,1732791600000,3620594.9
16153,1732795200000,3598407.6
16154,1732798800000,3613117.0
16155,1732802400000,3597491.9
16156,1732806000000,3595087.5
16157,1732809600000,3572236.3
16158,1732813200000,3588262.1
16159,1732816800000,3583892.7
16160,1732820400000,3579004.0
16161,1732824000000,3573820.9
16162,1732827600000,3572620.0
16163,1732831200000,3549341.4
16164,1732834800000,3503525.6
16165,1732838400000,3497979.0
16166,1732842000000,3490563.5
16167,1732845600000,3490225.0
16168,1732849200000,3437992.1
16169,1732852800000,3434808.8
16170,1732856400000,3428226.9
16171,1732860000000,3437563.2
16172,1732863600000,3427402.2
16173,1732867200000,3423134.6
16174,1732870800000,3413038.6
16175,1732874400000,3417169.5
16176,1732878000000,3449029.1
16177,1732881600000,3483799.9
16178,1732885200000,3458637.3
16179,1732888800000,3456282.3
16180,1732892400000,3499987.3
16181,1732896000000,3483594.4
16182,1732899600000,3478358.9
16183,1732903200000,3473245.8
16184,1732906800000,3469805.6
16185,1732910400000,3460962.0
16186,1732914000000,3440035.9
16187,1732917600000,3423841.1
16188,1732921200000,3448202.6
16189,1732924800000,3458065.4
16190,1732928400000,3484572.7
16191,1732932000000,3480262.1
16192,1732935600000,3462293.9
16193,1732939200000,3454857.6
16194,1732942800000,3459196.5
16195,1732946400000,3461749.4
16196,1732950000000,3476445.0
16197,1732953600000,3488019.4
16198,1732957200000,3490695.8
16199,1732960800000,3564776.0
16200,1732964400000,3529491.4
16201,1732968000000,3535005.4
16202,1732971600000,3551718.1
16203,1732975200000,3573985.3
16204,1732978800000,3626441.1
16205,1732982400000,3626242.8
16206,1732986000000,3622631.8
16207,1732989600000,3631478.1
16208,1732993200000,3622044.8
16209,1732996800000,3612733.4
16210,1733000400000,3617955.7
16211,1733004000000,3611269.2
16212,1733007600000,3590463.1
16213,1733011200000,3587716.1
16214,1733014800000,3572083.9
16215,1733018400000,3556888.7
16216,1733022000000,3579841.8
16217,1733025600000,3579566.8
16218,1733029200000,3565437.0
16219,1733032800000,3564073.1
16220,1733036400000,3566193.8
16221,1733040000000,3605335.2
16222,1733043600000,3595431.7
16223,1733047200000,3595009.3
16224,1733050800000,3599113.6
16225,1733054400000,3592756.3
16226,1733058000000,3574786.7
16227,1733061600000,3574487.0
16228,1733065200000,3567257.9
16229,1733068800000,3568814.1
16230,1733072400000,3576675.5
16231,1733076000000,3573622.5
16232,1733079600000,3577801.7
16233,1733083200000,3566093.8
16234,1733086800000,3514741.2
16235,1733090400000,3469301.8
16236,1733094000000,3467569.2
16237,1733097600000,3462854.9
16238,1733101200000,3480043.7
16239,1733104800000,3490914.2
16240,1733108400000,3458596.1
16241,1733112000000,3455960.2
16242,1733115600000,3566677.8
16243,1733119200000,3571533.1
16244,1733122800000,3559280.1
16245,1733126400000,3621478.6
16246,1733130000000,3508690.4
16247,1733133600000,3468556.4
16248,1733137200000,3449528.4
16249,1733140800000,3416376.1
16250,1733144400000,3478131.4
16251,1733148000000,3546218.8
16252,1733151600000,3505499.8
16253,1733155200000,3558735.0
16254,1733158800000,3554411.0
16255,1733162400000,3503048.0
16256,1733166000000,3487339.0
16257,1733169600000,3471787.9
16258,1733173200000,3542392.0
16259,1733176800000,3599302.2
16260,1733180400000,3657651.3
16261,1733184000000,3709807.4
16262,1733187600000,3684729.9
16263,1733191200000,3703462.9
16264,1733194800000,3685086.1
16265,1733198400000,3710982.2
16266,1733202000000,3710978.1
16267,1733205600000,3752318.2
16268,1733209200000,3733388.9
16269,1733212800000,3692326.4
16270,1733216400000,3696569.3
16271,1733220000000,3716169.2
16272,1733223600000,3745688.9
16273,1733227200000,3762283.5
16274,1733230800000,3776995.6
16275,1733234400000,3649919.2
16276,1733238000000,3748490.2
16277,1733241600000,3672702.6
16278,1733245200000,3697341.3
16279,1733248800000,3688911.7
16280,1733252400000,3680722.0
16281,1733256000000,3680950.6
16282,1733259600000,3734057.4
16283,1733263200000,3765083.6
16284,1733266800000,3735631.7
16285,1733270400000,3734781.3
16286,1733274000000,3743142.4
16287,1733277600000,3755600.7
16288,1733281200000,3737541.8
16289,1733284800000,3735780.9
16290,1733288400000,3745497.6
16291,1733292000000,3758305.1
16292,1733295600000,3788804.1
16293,1733299200000,3797381.5
16294,1733302800000,3784214.3
16295,1733306400000,3804468.8
16296,1733310000000,3775850.7
16297,1733313600000,3777116.8
16298,1733317200000,3725502.4
16299,1733320800000,3724656.2
16300,1733324400000,3688875.0
16301,1733328000000,3679911.4
16302,1733331600000,3548212.3
16303,1733335200000,3556806.6
16304,1733338800000,3565473.5
16305,1733342400000,3625156.6
16306,1733346000000,3602799.7
16307,1733349600000,3635659.3
16308,1733353200000,3638732.7
16309,1733356800000,3612363.6
16310,1733360400000,3610970.5
16311,1733364000000,3538361.9
16312,1733367600000,3514023.3
16313,1733371200000,3505602.6
16314,1733374800000,3503083.4
16315,1733378400000,3534107.4
16316,1733382000000,3537642.2
16317,1733385600000,3541886.3
16318,1733389200000,3556260.0
16319,1733392800000,3559264.8
16320,1733396400000,3545344.6
16321,1733400000000,3560850.2
16322,1733403600000,3558622.6
16323,1733407200000,3556858.8
16324,1733410800000,3562556.2
16325,1733414400000,3571092.0
16326,1733418000000,3557363.4
16327,1733421600000,3601389.7
16328,1733425200000,3603371.4
16329,1733428800000,3582354.4
16330,1733432400000,3571014.6
16331,1733436000000,3576753.4
16332,1733439600000,3606879.5
16333,1733443200000,3573130.6
16334,1733446800000,3565047.8
16335,1733450400000,3550944.0
16336,1733454000000,3535157.4
16337,1733457600000,3540660.4
16338,1733461200000,3549080.8
16339,1733464800000,3547544.6
16340,1733468400000,3694154.3
16341,1733472000000,3673577.9
16342,1733475600000,3647745.5
16343,1733479200000,3670193.2
16344,1733482800000,3659865.0
16345,1733486400000,3678417.5
16346,1733490000000,3679009.2
16347,1733493600000,3666032.2
16348,1733497200000,3675786.8
16349,1733500800000,3636258.8
16350,1733504400000,3632926.3
16351,1733508000000,3625764.9
16352,1733511600000,3627756.3
16353,1733515200000,3621497.4
16354,1733518800000,3620533.2
16355,1733522400000,3614670.5
16356,1733526000000,3610509.9
16357,1733529600000,3602823.5
16358,1733533200000,3604948.7
16359,1733536800000,3598793.0
16360,1733540400000,3595328.3
16361,1733544000000,3592820.7
16362,1733547600000,3600913.9
16363,1733551200000,3607487.7
16364,1733554800000,3622255.8
16365,1733558400000,3595869.0
16366,1733562000000,3598918.1
16367,1733565600000,3605143.1
16368,1733569200000,3610797.0
16369,1733572800000,3612512.6
16370,1733576400000,3619536.4
16371,1733580000000,3625754.6
16372,1733583600000,3636282.7
16373,1733587200000,3648859.9
16374,1733590800000,3654352.0
16375,1733594400000,3633390.9
16376,1733598000000,3663734.4
16377,1733601600000,3679341.6
16378,1733605200000,3681811.9
16379,1733608800000,3701113.7
16380,1733612400000,3678005.8
16381,1733616000000,3666678.2
16382,1733619600000,3664745.2
16383,1733623200000,3657868.4
16384,1733626800000,3656107.0
16385,1733630400000,3653280.8
16386,1733634000000,3632688.8
16387,1733637600000,3688770.1
16388,1733641200000,3674010.0
16389,1733644800000,3669979.0
16390,1733648400000,3685664.8
16391,1733652000000,3695926.3
16392,1733655600000,3710654.5
16393,1733659200000,3709475.3
16394,1733662800000,3690061.3
16395,1733666400000,3706521.3
16396,1733670000000,3699836.1
16397,1733673600000,3727218.3
16398,1733677200000,3789801.0
16399,1733680800000,3960316.2
16400,1733684400000,3993468.4
16401,1733688000000,3999615.5
16402,1733691600000,4015205.6
16403,1733695200000,4038071.5
16404,1733698800000,4042252.1
16405,1733702400000,4054494.3
16406,1733706000000,4009667.9
16407,1733709600000,3989623.5
16408,1733713200000,3966698.3
16409,1733716800000,3962806.3
16410,1733720400000,3939561.9
16411,1733724000000,3938130.7
16412,1733727600000,3913800.7
16413,1733731200000,3932551.0
16414,1733734800000,3939888.6
16415,1733738400000,4006796.5
16416,1733742000000,4018545.6
16417,1733745600000,3997752.3
16418,1733749200000,4018702.1
16419,1733752800000,4016086.3
16420,1733756400000,4020336.3
16421,1733760000000,4020360.9
16422,1733763600000,4025018.7
16423,1733767200000,4025564.8
16424,1733770800000,4041307.9
16425,1733774400000,4020860.6
16426,1733778000000,3973610.1
16427,1733781600000,3754256.8
16428,1733785200000,3745661.5
16429,1733788800000,3733485.8
16430,1733792400000,3706856.7
16431,1733796000000,3690627.5
16432,1733799600000,3679366.0
16433,1733803200000,3664942.0
16434,1733806800000,3679198.8
16435,1733810400000,3680245.0
16436,1733814000000,3721214.9
16437,1733817600000,3698820.5
16438,1733821200000,3701959.5
16439,1733824800000,3733105.5
16440,1733828400000,3700784.0
16441,1733832000000,3667583.7
16442,1733835600000,3606133.9
16443,1733839200000,3648563.4
16444,1733842800000,3615485.5
16445,1733846400000,3598230.2
16446,1733850000000,3577365.9
16447,1733853600000,3581177.5
16448,1733857200000,3544626.8
16449,1733860800000,3536559.5
16450,1733864400000,3479562.8
16451,1733868000000,3466438.3
16452,1733871600000,3488604.9
16453,1733875200000,3491529.8
16454,1733878800000,3474024.2
16455,1733882400000,3471093.9
16456,1733886000000,3441491.0
16457,1733889600000,3434745.4
16458,1733893200000,3444629.9
16459,1733896800000,3462609.2
16460,1733900400000,3469717.1
16461,1733904000000,3460791.9
16462,1733907600000,3483857.3
16463,1733911200000,3458020.2
16464,1733914800000,3477854.4
16465,1733918400000,3506464.2
16466,1733922000000,3502248.8
16467,1733925600000,3487517.0
16468,1733929200000,3506093.4
16469,1733932800000,3498182.3
16470,1733936400000,3495264.1
16471,1733940000000,3465852.4
16472,1733943600000,3453127.3
16473,1733947200000,3462082.7
16474,1733950800000,3465672.5
16475,1733954400000,3457184.1
16476,1733958000000,3461368.2
16477,1733961600000,3502506.1
16478,1733965200000,3546778.6
16479,1733968800000,3519641.9
16480,1733972400000,3556085.8
16481,1733976000000,3531172.1
16482,1733979600000,3525494.0
16483,1733983200000,3544800.2
16484,1733986800000,3514813.1
16485,1733990400000,3520066.8
16486,1733994000000,3564285.0
16487,1733997600000,3545635.5
16488,1734001200000,3511973.6
16489,1734004800000,3504565.0
16490,1734008400000,3504590.0
16491,1734012000000,3599403.6
16492,1734015600000,3673451.0
16493,1734019200000,3669141.0
16494,1734022800000,3672571.0
16495,1734026400000,3572858.3
16496,1734030000000,3555105.0
16497,1734033600000,3513965.5
16498,1734037200000,3500539.8
16499,1734040800000,3486972.6
16500,1734044400000,3507892.5
16501,1734048000000,3502942.9
16502,1734051600000,3523560.2
16503,1734055200000,3496176.5
16504,1734058800000,3500886.1
16505,1734062400000,3525300.3
16506,1734066000000,3526801.7
16507,1734069600000,3552801.2
16508,1734073200000,3578027.7
16509,1734076800000,3581116.5
16510,1734080400000,3598105.4
16511,1734084000000,3595690.6
16512,1734087600000,3594446.5
16513,1734091200000,3587092.2
16514,1734094800000,3586087.6
16515,1734098400000,3596685.4
16516,1734102000000,3579933.9
16517,1734105600000,3543882.5
16518,1734109200000,3534679.3
16519,1734112800000,3520584.9
16520,1734116400000,3509105.9
16521,1734120000000,3533543.1
16522,1734123600000,3550544.4
16523,1734127200000,3548060.5
16524,1734130800000,3565956.4
16525,1734134400000,3592599.6
16526,1734138000000,3598842.5
16527,1734141600000,3638944.4
16528,1734145200000,3625105.5
16529,1734148800000,3618883.7
16530,1734152400000,3632506.7
16531,1734156000000,3639989.5
16532,1734159600000,3607182.5
16533,1734163200000,3595915.4
16534,1734166800000,3592138.6
16535,1734170400000,3565413.6
16536,1734174000000,3578964.5
16537,1734177600000,3587108.4
16538,1734181200000,3611262.7
16539,1734184800000,3614020.7
16540,1734188400000,3610441.4
16541,1734192000000,3621006.6
16542,1734195600000,3597919.5
16543,1734199200000,3548321.8
16544,1734202800000,3514185.7
16545,1734206400000,3529765.9
16546,1734210000000,3498079.6
16547,1734213600000,3473681.7
16548,1734217200000,3460962.0
16549,1734220800000,3518309.0
16550,1734224400000,3472184.7
16551,1734228000000,3478902.8
16552,1734231600000,3464614.6
16553,1734235200000,3469583.7
16554,1734238800000,3465378.5
16555,1734242400000,3465893.9
16556,1734246000000,3448614.7
16557,1734249600000,3442255.3
16558,1734253200000,3443088.3
16559,1734256800000,3429988.1
16560,1734260400000,3421129.4
16561,1734264000000,3417622.9
16562,1734267600000,3421719.0
16563,1734271200000,3413740.7
16564,1734274800000,3419806.1
16565,1734278400000,3416541.3
16566,1734282000000,3422638.5
16567,1734285600000,3425626.2
16568,1734289200000,3426804.4
16569,1734292800000,3454756.9
16570,1734296400000,3456708.7
16571,1734300000000,3464669.2
16572,1734303600000,3499634.8
16573,1734307200000,3527440.6
16574,1734310800000,3540120.8
16575,1734314400000,3495604.4
16576,1734318000000,3468068.7
16577,1734321600000,3438333.0
16578,1734325200000,3427213.5
16579,1734328800000,3423331.4
16580,1734332400000,3399955.3
16581,1734336000000,3409669.2
16582,1734339600000,3422150.9
16583,1734343200000,3439274.3
16584,1734346800000,3461507.8
16585,1734350400000,3452244.5
16586,1734354000000,3478383.5
16587,1734357600000,3504929.4
16588,1734361200000,3505314.4
16589,1734364800000,3504329.9
16590,1734368400000,3500389.8
16591,1734372000000,3499895.8
16592,1734375600000,3531244.9
16593,1734379200000,3520654.7
16594,1734382800000,3515197.9
16595,1734386400000,3537689.8
16596,1734390000000,3523346.9
16597,1734393600000,3507161.6
16598,1734397200000,3489188.0
16599,1734400800000,3488199.1
16600,1734404400000,3496304.9
16601,1734408000000,3511255.9
16602,1734411600000,3499553.6
16603,1734415200000,3491943.5
16604,1734418800000,3533882.8
16605,1734422400000,3519254.1
16606,1734426000000,3524240.8
16607,1734429600000,3525039.1
16608,1734433200000,3543067.9
16609,1734436800000,3555692.6
16610,1734440400000,3559686.3
16611,1734444000000,3579675.2
16612,1734447600000,3552023.5
16613,1734451200000,3571128.0
16614,1734454800000,3570036.9
16615,1734458400000,3556547.4
16616,1734462000000,3546793.1
16617,1734465600000,3561540.8
16618,1734469200000,3565416.4
16619,1734472800000,3573449.7
16620,1734476400000,3520338.9
16621,1734480000000,3519908.8
16622,1734483600000,3494689.9
16623,1734487200000,3485202.3
16624,1734490800000,3508671.8
16625,1734494400000,3522365.9
16626,1734498000000,3479718.4
16627,1734501600000,3483768.5
16628,1734505200000,3481819.7
16629,1734508800000,3493648.1
16630,1734512400000,3496061.6
16631,1734516000000,3519079.7
16632,1734519600000,3519348.2
16633,1734523200000,3528168.6
16634,1734526800000,3532859.9
16635,1734530400000,3534497.3
16636,1734534000000,3527442.6
16637,1734537600000,3512730.3
16638,1734541200000,3505034.8
16639,1734544800000,3514592.9
16640,1734548400000,3504820.4
16641,1734552000000,3477811.9
16642,1734555600000,3382985.1
16643,1734559200000,3360632.5
16644,1734562800000,3383582.2
16645,1734566400000,3357794.6
16646,1734570000000,3348940.9
16647,1734573600000,3366584.5
16648,1734577200000,3335987.5
16649,1734580800000,3337916.8
16650,1734584400000,3328851.0
16651,1734588000000,3347372.9
16652,1734591600000,3350091.5
16653,1734595200000,3366245.8
16654,1734598800000,3342802.1
16655,1734602400000,3360937.3
16656,1734606000000,3361975.0
16657,1734609600000,3366177.3
16658,1734613200000,3371080.3
16659,1734616800000,3356554.2
16660,1734620400000,3342522.4
16661,1734624000000,3347742.5
16662,1734627600000,3363409.0
16663,1734631200000,3352504.1
16664,1734634800000,3301070.7
16665,1734638400000,3297063.5
16666,1734642000000,3277722.6
16667,1734645600000,3293312.0
16668,1734649200000,3313986.6
16669,1734652800000,3316802.8
16670,1734656400000,3285978.4
16671,1734660000000,3264181.9
16672,1734663600000,3224126.1
16673,1734667200000,3203969.2
16674,1734670800000,3208891.5
16675,1734674400000,3217054.2
16676,1734678000000,3173478.4
16677,1734681600000,3170140.6
16678,1734685200000,3157566.3
16679,1734688800000,3142063.2
16680,1734692400000,3121326.5
16681,1734696000000,3081996.4
16682,1734699600000,3125595.4
16683,1734703200000,3109237.5
16684,1734706800000,3068224.6
16685,1734710400000,3080237.3
16686,1734714000000,3067559.6
16687,1734717600000,3049183.7
16688,1734721200000,3037558.5
16689,1734724800000,3030182.8
16690,1734728400000,3002770.9
16691,1734732000000,2989453.2
16692,1734735600000,2984257.7
16693,1734739200000,3002119.9
16694,1734742800000,2986212.0
16695,1734746400000,2994959.0
16696,1734750000000,2987481.8
16697,1734753600000,2988528.3
16698,1734757200000,2979729.8
16699,1734760800000,3003020.8
16700,1734764400000,3019172.6
16701,1734768000000,3032056.3
16702,1734771600000,2982437.1
16703,1734775200000,3013080.8
16704,1734778800000,2998330.9
16705,1734782400000,2999645.5
16706,1734786000000,3023225.0
16707,1734789600000,3056637.5
16708,1734793200000,3031832.8
16709,1734796800000,3018892.5
16710,1734800400000,2990793.0
16711,1734804000000,3008785.7
16712,1734807600000,3041426.1
16713,1734811200000,3016958.7
16714,1734814800000,3014859.2
16715,1734818400000,2997551.8
16716,1734822000000,2970835.8
16717,1734825600000,2959639.0
16718,1734829200000,2974491.8
16719,1734832800000,2978553.8
16720,1734836400000,2976847.2
16721,1734840000000,2980989.1
16722,1734843600000,2967335.4
16723,1734847200000,2971155.6
16724,1734850800000,2974182.6
16725,1734854400000,2979266.9
16726,1734858000000,2980458.1
16727,1734861600000,2984153.9
16728,1734865200000,2993354.7
16729,1734868800000,2998697.0
16730,1734872400000,2994052.5
16731,1734876000000,2992313.0
16732,1734879600000,3014610.4
16733,1734883200000,3030106.9
16734,1734886800000,3023632.6
16735,1734890400000,3022894.0
16736,1734894000000,3049247.9
16737,1734897600000,3040538.9
16738,1734901200000,3024021.6
16739,1734904800000,3028679.0
16740,1734908400000,3030225.8
16741,1734912000000,3018523.7
16742,1734915600000,3026997.5
16743,1734919200000,3032629.9
16744,1734922800000,3032343.9
16745,1734926400000,3050579.6
16746,1734930000000,3033761.5
16747,1734933600000,3026874.3
16748,1734937200000,3044344.4
16749,1734940800000,3061635.9
16750,1734944400000,3071517.1
16751,1734948000000,3073738.7
16752,1734951600000,3055737.5
16753,1734955200000,3067937.3
16754,1734958800000,3073540.5
16755,1734962400000,3108908.2
16756,1734966000000,3127156.5
16757,1734969600000,3150713.1
16758,1734973200000,3183915.9
16759,1734976800000,3158018.1
16760,1734980400000,3164263.9
16761,1734984000000,3195148.8
16762,1734987600000,3172234.6
16763,1734991200000,3160259.1
16764,1734994800000,3173877.5
16765,1734998400000,3180036.5
16766,1735002000000,3179566.7
16767,1735005600000,3165871.6
16768,1735009200000,3182602.1
16769,1735012800000,3160093.4
16770,1735016400000,3197216.1
16771,1735020000000,3188013.7
16772,1735023600000,3164444.6
16773,1735027200000,3157280.6
16774,1735030800000,3152195.7
16775,1735034400000,3144882.0
16776,1735038000000,3136875.8
16777,1735041600000,3161996.3
16778,1735045200000,3182713.6
16779,1735048800000,3175165.5
16780,1735052400000,3145206.7
16781,1735056000000,3154452.8
16782,1735059600000,3121761.0
16783,1735063200000,3103255.0
16784,1735066800000,3097437.5
16785,1735070400000,3116773.1
16786,1735074000000,3077411.7
16787,1735077600000,3093702.3
16788,1735081200000,3066587.3
16789,1735084800000,3065345.8
16790,1735088400000,3062697.6
16791,1735092000000,3065207.9
16792,1735095600000,3088291.0
16793,1735099200000,3084791.0
16794,1735102800000,3102731.1
16795,1735106400000,3140328.7
16796,1735110000000,3142081.0
16797,1735113600000,3135787.3
16798,1735117200000,3134611.6
16799,1735120800000,3132683.3
16800,1735124400000,3127630.0
16801,1735128000000,3103718.4
16802,1735131600000,3104831.6
16803,1735135200000,3109037.6
16804,1735138800000,3119436.3
16805,1735142400000,3120327.6
16806,1735146000000,3164920.8
16807,1735149600000,3171294.8
16808,1735153200000,3181876.7
16809,1735156800000,3180440.2
16810,1735160400000,3173404.4
16811,1735164000000,3155140.0
16812,1735167600000,3134173.8
16813,1735171200000,3141705.0
16814,1735174800000,3154852.7
16815,1735178400000,3119503.9
16816,1735182000000,3073198.1
16817,1735185600000,3070874.5
16818,1735189200000,3051712.2
16819,1735192800000,3049545.9
16820,1735196400000,3072433.7
16821,1735200000000,3071632.9
16822,1735203600000,3110073.6
16823,1735207200000,3141821.2
16824,1735210800000,3144276.2
16825,1735214400000,3130269.1
16826,1735218000000,3153690.8
16827,1735221600000,3157113.4
16828,1735225200000,3160396.0
16829,1735228800000,3172935.7
16830,1735232400000,3200582.7
16831,1735236000000,3130981.8
16832,1735239600000,3133707.6
16833,1735243200000,3130614.4
16834,1735246800000,3145924.8
16835,1735250400000,3138177.8
16836,1735254000000,3137263.3
16837,1735257600000,3132753.5
16838,1735261200000,3134542.4
16839,1735264800000,3134386.0
16840,1735268400000,3137863.5
16841,1735272000000,3128719.9
16842,1735275600000,3132814.0
16843,1735279200000,3126710.6
16844,1735282800000,3138631.6
16845,1735286400000,3117460.6
16846,1735290000000,3134187.7
16847,1735293600000,3134475.3
16848,1735297200000,3178545.1
16849,1735300800000,3174002.3
16850,1735304400000,3175580.7
16851,1735308000000,3166980.9
16852,1735311600000,3152171.9
16853,1735315200000,3181609.0
16854,1735318800000,3204835.9
16855,1735322400000,3260357.3
16856,1735326000000,3266730.4
16857,1735329600000,3264694.8
16858,1735333200000,3266457.7
16859,1735336800000,3244514.3
16860,1735340400000,3233570.7
16861,1735344000000,3247415.5
16862,1735347600000,3248054.2
16863,1735351200000,3242478.8
16864,1735354800000,3223203.3
16865,1735358400000,3218776.7
16866,1735362000000,3204215.3
16867,1735365600000,3198979.1
16868,1735369200000,3193852.9
16869,1735372800000,3187020.0
16870,1735376400000,3187364.3
16871,1735380000000,3192228.1
16872,1735383600000,3188923.7
16873,1735387200000,3200397.0
16874,1735390800000,3188827.5
16875,1735394400000,3197958.6
16876,1735398000000,3189728.8
16877,1735401600000,3191921.5
16878,1735405200000,3192148.6
16879,1735408800000,3198083.4
16880,1735412400000,3186199.8
16881,1735416000000,3197636.5
16882,1735419600000,3221851.9
16883,1735423200000,3216673.2
16884,1735426800000,3178985.0
16885,1735430400000,3181926.7
16886,1735434000000,3161300.7
16887,1735437600000,3151723.2
16888,1735441200000,3150412.5
16889,1735444800000,3150560.2
16890,1735448400000,3155593.9
16891,1735452000000,3157173.0
16892,1735455600000,3157114.0
16893,1735459200000,3167320.8
16894,1735462800000,3167266.6
16895,1735466400000,3178133.4
16896,1735470000000,3183567.4
16897,1735473600000,3183341.7
16898,1735477200000,3182342.5
16899,1735480800000,3186563.1
16900,1735484400000,3190463.3
16901,1735488000000,3196291.7
16902,1735491600000,3203752.7
16903,1735495200000,3207602.5
16904,1735498800000,3209742.8
16905,1735502400000,3213516.5
16906,1735506000000,3232236.0
16907,1735509600000,3242455.9
16908,1735513200000,3234779.0
16909,1735516800000,3238969.7
16910,1735520400000,3243259.0
16911,1735524000000,3248498.8
16912,1735527600000,3257096.5
16913,1735531200000,3269892.0
16914,1735534800000,3277768.8
16915,1735538400000,3258435.7
16916,1735542000000,3184835.6
16917,1735545600000,3185763.4
16918,1735549200000,3181800.3
16919,1735552800000,3179200.8
16920,1735556400000,3174186.6
16921,1735560000000,3183089.6
16922,1735563600000,3189408.5
16923,1735567200000,3228204.7
16924,1735570800000,3226511.5
16925,1735574400000,3245421.0
16926,1735578000000,3197182.3
16927,1735581600000,3136000.5
16928,1735585200000,3148584.1
16929,1735588800000,3175889.9
16930,1735592400000,3141732.6
16931,1735596000000,3179195.1
16932,1735599600000,3171732.7
16933,1735603200000,3175435.7
16934,1735606800000,3175972.4
16935,1735610400000,3189334.1
16936,1735614000000,3184026.1
16937,1735617600000,3183413.5
16938,1735621200000,3178577.2
16939,1735624800000,3181458.9
16940,1735628400000,3169313.2
16941,1735632000000,3172272.0
16942,1735635600000,3140182.2
16943,1735639200000,3141738.9
16944,1735642800000,3158645.0
16945,1735646400000,3170645.1
16946,1735650000000,3177747.5
16947,1735653600000,3183807.9
16948,1735657200000,3184416.1
16949,1735660800000,3210102.2
16950,1735664400000,3228216.6
16951,1735668000000,3251439.7
16952,1735671600000,3247868.9
16953,1735675200000,3249427.8
16954,1735678800000,3269222.9
16955,1735682400000,3256698.9
16956,1735686000000,3242970.8
16957,1735689600000,3241822.5
16958,1735693200000,3227460.6
16959,1735696800000,3217864.5
16960,1735700400000,3227460.5
16961,1735704000000,3227947.0
16962,1735707600000,3228990.2
16963,1735711200000,3229076.8
16964,1735714800000,3226577.1
16965,1735718400000,3225777.3
16966,1735722000000,3229499.0
16967,1735725600000,3238705.7
16968,1735729200000,3244022.1
16969,1735732800000,3249277.3
16970,1735736400000,3257811.9
16971,1735740000000,3268890.9
16972,1735743600000,3222917.1
16973,1735747200000,3218430.0
16974,1735750800000,3201416.6
16975,1735754400000,3241445.6
16976,1735758000000,3225988.7
16977,1735761600000,3207008.4
16978,1735765200000,3193188.7
16979,1735768800000,3190117.7
16980,1735772400000,3178730.9
16981,1735776000000,3188272.1
16982,1735779600000,3155296.4
16983,1735783200000,3134295.5
16984,1735786800000,3125477.0
16985,1735790400000,3128860.6
16986,1735794000000,3131931.4
16987,1735797600000,3129760.2
16988,1735801200000,3127036.8
16989,1735804800000,3139293.6
16990,1735808400000,3144699.8
16991,1735812000000,3143928.0
16992,1735815600000,3152867.5
16993,1735819200000,3169309.6
16994,1735822800000,3157056.1
16995,1735826400000,3149989.1
16996,1735830000000,3143364.2
16997,1735833600000,3128293.6
16998,1735837200000,3139719.8
16999,1735840800000,3134932.7
17000,1735844400000,3177952.9
17001,1735848000000,3222044.7
17002,1735851600000,3215400.2
17003,1735855200000,3216771.5
17004,1735858800000,3271635.1
17005,1735862400000,3272549.5
17006,1735866000000,3276296.9
17007,1735869600000,3241437.9
17008,1735873200000,3271600.7
17009,1735876800000,3273386.5
17010,1735880400000,3285013.4
17011,1735884000000,3282762.4
17012,1735887600000,3280770.5
17013,1735891200000,3279998.9
17014,1735894800000,3267552.4
17015,1735898400000,3252653.9
17016,1735902000000,3285061.4
17017,1735905600000,3287670.6
17018,1735909200000,3293620.2
17019,1735912800000,3229486.0
17020,1735916400000,3197426.8
17021,1735920000000,3254010.4
17022,1735923600000,3265574.5
17023,1735927200000,3274352.5
17024,1735930800000,3267256.5
17025,1735934400000,3282298.1
17026,1735938000000,3249301.7
17027,1735941600000,3248239.4
17028,1735945200000,3246948.7
17029,1735948800000,3247234.8
17030,1735952400000,3224970.3
17031,1735956000000,3200904.1
17032,1735959600000,3222213.9
17033,1735963200000,3218509.6
17034,1735966800000,3196693.1
17035,1735970400000,3194579.5
17036,1735974000000,3194671.1
17037,1735977600000,3195360.4
17038,1735981200000,3186438.3
17039,1735984800000,3198699.3
17040,1735988400000,3184084.7
17041,1735992000000,3191364.9
17042,1735995600000,3199652.4
17043,1735999200000,3214621.8
17044,1736002800000,3206984.7
17045,1736006400000,3188732.2
17046,1736010000000,3186633.6
17047,1736013600000,3186215.1
17048,1736017200000,3189366.2
17049,1736020800000,3190322.5
17050,1736024400000,3220676.8
17051,1736028000000,3194842.5
17052,1736031600000,3179015.2
17053,1736035200000,3202791.7
17054,1736038800000,3198930.9
17055,1736042400000,3185458.2
17056,1736046000000,3210071.4
17057,1736049600000,3216275.0
17058,1736053200000,3221278.6
17059,1736056800000,3206365.3
17060,1736060400000,3223430.0
17061,1736064000000,3210346.3
17062,1736067600000,3211612.5
17063,1736071200000,3195735.1
17064,1736074800000,3193669.0
17065,1736078400000,3190874.2
17066,1736082000000,3185331.9
17067,1736085600000,3172141.5
17068,1736089200000,3170206.1
17069,1736092800000,3175306.6
17070,1736096400000,3172554.3
17071,1736100000000,3168839.2
17072,1736103600000,3162800.7
17073,1736107200000,3164174.4
17074,1736110800000,3166009.3
17075,1736114400000,3171389.1
17076,1736118000000,3171020.7
17077,1736121600000,3175527.0
17078,1736125200000,3175950.9
17079,1736128800000,3182665.5
17080,1736132400000,3205366.1
17081,1736136000000,3222372.0
17082,1736139600000,3241835.0
17083,1736143200000,3249248.4
17084,1736146800000,3245914.6
17085,1736150400000,3237659.1
17086,1736154000000,3248337.1
17087,1736157600000,3248352.8
17088,1736161200000,3262663.0
17089,1736164800000,3277792.7
17090,1736168400000,3281238.7
17091,1736172000000,3274691.2
17092,1736175600000,3272291.5
17093,1736179200000,3295102.9
17094,1736182800000,3320737.3
17095,1736186400000,3321050.1
17096,1736190000000,3301016.1
17097,1736193600000,3297814.3
17098,1736197200000,3283753.2
17099,1736200800000,3284517.6
17100,1736204400000,3280128.8
17101,1736208000000,3300643.2
17102,1736211600000,3285451.6
17103,1736215200000,3287802.5
17104,1736218800000,3296317.9
17105,1736222400000,3295505.4
17106,1736226000000,3297760.4
17107,1736229600000,3292651.6
17108,1736233200000,3295667.0
17109,1736236800000,3324511.1
17110,1736240400000,3325171.1
17111,1736244000000,3327067.3
17112,1736247600000,3323101.4
17113,1736251200000,3269601.4
17114,1736254800000,3275609.6
17115,1736258400000,3266344.4
17116,1736262000000,3232654.2
17117,1736265600000,3246754.7
17118,1736269200000,3255481.3
17119,1736272800000,3219496.3
17120,1736276400000,3227341.2
17121,1736280000000,3217985.4
17122,1736283600000,3253301.6
17123,1736287200000,3278130.8
17124,1736290800000,3287634.8
17125,1736294400000,3290451.0
17126,1736298000000,3307367.1
17127,1736301600000,3302957.6
17128,1736305200000,3289833.4
17129,1736308800000,3348765.0
17130,1736312400000,3372833.3
17131,1736316000000,3371407.8
17132,1736319600000,3312947.6
17133,1736323200000,3353523.8
17134,1736326800000,3353150.9
17135,1736330400000,3337431.9
17136,1736334000000,3331410.9
17137,1736337600000,3326825.3
17138,1736341200000,3339077.3
17139,1736344800000,3319499.1
17140,1736348400000,3288107.4
17141,1736352000000,3264724.6
17142,1736355600000,3274251.8
17143,1736359200000,3304989.9
17144,1736362800000,3275668.0
17145,1736366400000,3268986.0
17146,1736370000000,3259153.8
17147,1736373600000,3256677.5
17148,1736377200000,3268474.4
17149,1736380800000,3270935.1
17150,1736384400000,3270456.2
17151,1736388000000,3278682.4
17152,1736391600000,3280314.5
17153,1736395200000,3263201.7
17154,1736398800000,3267970.3
17155,1736402400000,3265778.4
17156,1736406000000,3267819.3
17157,1736409600000,3286935.2
17158,1736413200000,3315887.3
17159,1736416800000,3330372.3
17160,1736420400000,3317231.2
17161,1736424000000,3319870.7
17162,1736427600000,3310541.2
17163,1736431200000,3357695.5
17164,1736434800000,3378572.2
17165,1736438400000,3347846.4
17166,1736442000000,3339345.6
17167,1736445600000,3312933.6
17168,1736449200000,3323711.1
17169,1736452800000,3312984.5
17170,1736456400000,3345117.0
17171,1736460000000,3349450.2
17172,1736463600000,3316714.1
17173,1736467200000,3321115.0
17174,1736470800000,3314404.8
17175,1736474400000,3321360.4
17176,1736478000000,3340328.7
17177,1736481600000,3340330.6
17178,1736485200000,3339754.8
17179,1736488800000,3339657.0
17180,1736492400000,3336703.5
17181,1736496000000,3318905.1
17182,1736499600000,3326993.4
17183,1736503200000,3313941.3
17184,1736506800000,3313411.5
17185,1736510400000,3323592.4
17186,1736514000000,3322193.9
17187,1736517600000,3310003.3
17188,1736521200000,3287822.8
17189,1736524800000,3299230.8
17190,1736528400000,3320723.9
17191,1736532000000,3296662.2
17192,1736535600000,3299870.2
17193,1736539200000,3310803.1
17194,1736542800000,3309907.1
17195,1736546400000,3303067.3
17196,1736550000000,3301717.1
17197,1736553600000,3307274.8
17198,1736557200000,3307186.9
17199,1736560800000,3291580.8
17200,1736564400000,3294727.8
17201,1736568000000,3295735.8
17202,1736571600000,3305507.7
17203,1736575200000,3313248.3
17204,1736578800000,3317234.0
17205,1736582400000,3321464.0
17206,1736586000000,3324080.2
17207,1736589600000,3328694.5
17208,1736593200000,3329999.5
17209,1736596800000,3333873.3
17210,1736600400000,3324650.4
17211,1736604000000,3326073.8
17212,1736607600000,3330049.8
17213,1736611200000,3331409.4
17214,1736614800000,3331769.9
17215,1736618400000,3326325.9
17216,1736622000000,3336923.2
17217,1736625600000,3347811.7
17218,1736629200000,3345483.9
17219,1736632800000,3333284.0
17220,1736636400000,3333058.4
17221,1736640000000,3325926.3
17222,1736643600000,3333865.9
17223,1736647200000,3385260.2
17224,1736650800000,3388995.4
17225,1736654400000,3388461.4
17226,1736658000000,3384887.0
17227,1736661600000,3383661.2
17228,1736665200000,3362742.6
17229,1736668800000,3370336.5
17230,1736672400000,3358073.2
17231,1736676000000,3364962.5
17232,1736679600000,3367736.8
17233,1736683200000,3373464.5
17234,1736686800000,3386656.7
17235,1736690400000,3386391.3
17236,1736694000000,3367967.9
17237,1736697600000,3363025.1
17238,1736701200000,3337336.1
17239,1736704800000,3338078.7
17240,1736708400000,3326487.5
17241,1736712000000,3326865.1
17242,1736715600000,3325287.1
17243,1736719200000,3321552.9
17244,1736722800000,3333874.3
17245,1736726400000,3338433.2
17246,1736730000000,3333230.1
17247,1736733600000,3330685.7
17248,1736737200000,3343510.6
17249,1736740800000,3370613.7
17250,1736744400000,3360869.0
17251,1736748000000,3359221.3
17252,1736751600000,3382064.3
17253,1736755200000,3392983.6
17254,1736758800000,3375810.9
17255,1736762400000,3373003.2
17256,1736766000000,3384083.0
17257,1736769600000,3385627.4
17258,1736773200000,3385360.4
17259,1736776800000,3366207.8
17260,1736780400000,3351681.5
17261,1736784000000,3344428.5
17262,1736787600000,3331277.8
17263,1736791200000,3342966.7
17264,1736794800000,3338896.2
17265,1736798400000,3339242.8
17266,1736802000000,3337528.5
17267,1736805600000,3358442.6
17268,1736809200000,3359116.5
17269,1736812800000,3331665.3
17270,1736816400000,3324376.2
17271,1736820000000,3302866.7
17272,1736823600000,3297961.4
17273,1736827200000,3294037.1
17274,1736830800000,3319821.5
17275,1736834400000,3362834.2
17276,1736838000000,3359680.4
17277,1736841600000,3372824.0
17278,1736845200000,3363633.4
17279,1736848800000,3375486.2
17280,1736852400000,3358305.3
17281,1736856000000,3360158.6
17282,1736859600000,3362307.0
17283,1736863200000,3378789.7
17284,1736866800000,3378595.7
17285,1736870400000,3373127.0
17286,1736874000000,3362999.3
17287,1736877600000,3365070.9
17288,1736881200000,3355731.1
17289,1736884800000,3356306.8
17290,1736888400000,3349826.8
17291,1736892000000,3352613.4
17292,1736895600000,3339674.7
17293,1736899200000,3342550.7
17294,1736902800000,3343332.8
17295,1736906400000,3346398.7
17296,1736910000000,3351930.9
17297,1736913600000,3348126.7
17298,1736917200000,3347676.6
17299,1736920800000,3345945.0
17300,1736924400000,3346133.7
17301,1736928000000,3350077.8
17302,1736931600000,3352615.9
17303,1736935200000,3327312.0
17304,1736938800000,3335340.9
17305,1736942400000,3322294.7
17306,1736946000000,3342107.1
17307,1736949600000,3305970.5
17308,1736953200000,3342388.1
17309,1736956800000,3309366.4
17310,1736960400000,3304665.3
17311,1736964000000,3294555.1
17312,1736967600000,3307021.5
17313,1736971200000,3308637.6
17314,1736974800000,3298931.8
17315,1736978400000,3246306.7
17316,1736982000000,3214293.2
17317,1736985600000,3242573.6
17318,1736989200000,3222102.6
17319,1736992800000,3225557.4
17320,1736996400000,3218438.7
17321,1737000000000,3215396.1
17322,1737003600000,3200136.1
17323,1737007200000,3228735.1
17324,1737010800000,3259341.1
17325,1737014400000,3278375.0
17326,1737018000000,3302469.2
17327,1737021600000,3304076.7
17328,1737025200000,3317068.3
17329,1737028800000,3351756.5
17330,1737032400000,3419027.7
17331,1737036000000,3443527.6
17332,1737039600000,3340890.3
17333,1737043200000,3317460.7
17334,1737046800000,3348870.7
17335,1737050400000,3356298.5
17336,1737054000000,3353317.3
17337,1737057600000,3366959.1
17338,1737061200000,3361542.3
17339,1737064800000,3304638.6
17340,1737068400000,3285156.2
17341,1737072000000,3282088.9
17342,1737075600000,3278809.2
17343,1737079200000,3298865.6
17344,1737082800000,3277699.6
17345,1737086400000,3268027.9
17346,1737090000000,3266926.2
17347,1737093600000,3304927.0
17348,1737097200000,3316099.2
17349,1737100800000,3342951.1
17350,1737104400000,3291436.4
17351,1737108000000,3305100.5
17352,1737111600000,3298910.3
17353,1737115200000,3299157.8
17354,1737118800000,3294008.4
17355,1737122400000,3294930.5
17356,1737126000000,3302308.2
17357,1737129600000,3298093.4
17358,1737133200000,3353004.6
17359,1737136800000,3285680.7
17360,1737140400000,3278879.3
17361,1737144000000,3286819.2
17362,1737147600000,3254152.3
17363,1737151200000,3239476.0
17364,1737154800000,3230165.3
17365,1737158400000,3241703.8
17366,1737162000000,3242952.3
17367,1737165600000,3240897.1
17368,1737169200000,3249831.0
17369,1737172800000,3272001.8
17370,1737176400000,3270382.1
17371,1737180000000,3299733.1
17372,1737183600000,3314813.4
17373,1737187200000,3322034.7
17374,1737190800000,3359980.0
17375,1737194400000,3351033.7
17376,1737198000000,3349690.6
17377,1737201600000,3364269.2
17378,1737205200000,3375763.4
17379,1737208800000,3413111.7
17380,1737212400000,3381833.7
17381,1737216000000,3352337.8
17382,1737219600000,3352135.3
17383,1737223200000,3339704.2
17384,1737226800000,3342003.3
17385,1737230400000,3333479.9
17386,1737234000000,3330938.4
17387,1737237600000,3333160.5
17388,1737241200000,3331279.2
17389,1737244800000,3343835.0
17390,1737248400000,3321766.3
17391,1737252000000,3325972.3
17392,1737255600000,3316063.7
17393,1737259200000,3297961.2
17394,1737262800000,3299541.4
17395,1737266400000,3276729.9
17396,1737270000000,3290910.1
17397,1737273600000,3291293.2
17398,1737277200000,3287264.5
17399,1737280800000,3313859.1
17400,1737284400000,3309998.9
17401,1737288000000,3323932.9
17402,1737291600000,3347692.4
17403,1737295200000,3368228.7
17404,1737298800000,3348729.9
17405,1737302400000,3329723.1
17406,1737306000000,3344685.1
17407,1737309600000,3372988.3
17408,1737313200000,3374643.6
17409,1737316800000,3378574.2
17410,1737320400000,3441585.4
17411,1737324000000,3435805.2
17412,1737327600000,3380889.3
17413,1737331200000,3361616.3
17414,1737334800000,3377686.3
17415,1737338400000,3382986.2
17416,1737342000000,3378565.8
17417,1737345600000,3403092.2
17418,1737349200000,3383898.6
17419,1737352800000,3385147.5
17420,1737356400000,3379888.9
17421,1737360000000,3369666.5
17422,1737363600000,3335967.7
17423,1737367200000,3321988.8
17424,1737370800000,3309032.7
17425,1737374400000,3322793.7
17426,1737378000000,3296621.5
17427,1737381600000,3292875.2
17428,1737385200000,3271339.3
17429,1737388800000,3269943.5
17430,1737392400000,3279971.7
17431,1737396000000,3286867.0
17432,1737399600000,3264078.7
17433,1737403200000,3260739.8
17434,1737406800000,3262619.1
17435,1737410400000,3263817.1
17436,1737414000000,3256636.7
17437,1737417600000,3248257.0
17438,1737421200000,3258256.3
17439,1737424800000,3263094.5
17440,1737428400000,3277267.4
17441,1737432000000,3268560.1
17442,1737435600000,3276483.3
17443,1737439200000,3285734.1
17444,1737442800000,3285918.2
17445,1737446400000,3304168.6
17446,1737450000000,3306456.4
17447,1737453600000,3281158.1
17448,1737457200000,3279243.4
17449,1737460800000,3292973.4
17450,1737464400000,3280751.6
17451,1737468000000,3298483.9
17452,1737471600000,3312371.0
17453,1737475200000,3315312.0
17454,1737478800000,3305704.3
17455,1737482400000,3315888.9
17456,1737486000000,3336393.4
17457,1737489600000,3294077.9
17458,1737493200000,3280279.6
17459,1737496800000,3295139.4
17460,1737500400000,3318118.9
17461,1737504000000,3320530.6
17462,1737507600000,3303691.6
17463,1737511200000,3310592.0
17464,1737514800000,3304486.5
17465,1737518400000,3316085.5
17466,1737522000000,3316850.0
17467,1737525600000,3340336.9
17468,1737529200000,3344129.6
17469,1737532800000,3369763.5
17470,1737536400000,3368916.1
17471,1737540000000,3379482.4
17472,1737543600000,3389267.1
17473,1737547200000,3391877.7
17474,1737550800000,3400732.8
17475,1737554400000,3409300.8
17476,1737558000000,3388688.2
17477,1737561600000,3382940.9
17478,1737565200000,3378232.9
17479,1737568800000,3377480.6
17480,1737572400000,3379526.1
17481,1737576000000,3379519.7
17482,1737579600000,3394488.2
17483,1737583200000,3367551.4
17484,1737586800000,3357912.6
17485,1737590400000,3363046.0
17486,1737594000000,3375578.5
17487,1737597600000,3380659.8
17488,1737601200000,3375779.0
17489,1737604800000,3381043.5
17490,1737608400000,3383692.8
17491,1737612000000,3382740.6
17492,1737615600000,3392787.2
17493,1737619200000,3399007.7
17494,1737622800000,3424803.5
17495,1737626400000,3421816.2
17496,1737630000000,3431213.8
17497,1737633600000,3441046.6
17498,1737637200000,3445130.1
17499,1737640800000,3420569.2
17500,1737644400000,3382933.9
17501,1737648000000,3351531.7
17502,1737651600000,3379199.9
17503,1737655200000,3419352.6
17504,1737658800000,3400738.3
17505,1737662400000,3416032.4
17506,1737666000000,3390935.4
17507,1737669600000,3387138.3
17508,1737673200000,3362243.1
17509,1737676800000,3360094.3
17510,1737680400000,3372148.2
17511,1737684000000,3362808.6
17512,1737687600000,3376328.2
17513,1737691200000,3386716.2
17514,1737694800000,3388329.4
17515,1737698400000,3358875.8
17516,1737702000000,3370129.3
17517,1737705600000,3359226.6
17518,1737709200000,3381063.2
17519,1737712800000,3387242.0
17520,1737716400000,3395485.4
17521,1737720000000,3400284.9
17522,1737723600000,3389339.4
17523,1737727200000,3373879.9
17524,1737730800000,3385654.7
17525,1737734400000,3411446.1
17526,1737738000000,3447138.9
17527,1737741600000,3476674.9
17528,1737745200000,3513609.4
17529,1737748800000,3542205.1
17530,1737752400000,3547423.7
17531,1737756000000,3572491.9
17532,1737759600000,3588934.5
17533,1737763200000,3621557.6
17534,1737766800000,3638755.7
17535,1737770400000,3659704.3
17536,1737774000000,3661504.6
17537,1737777600000,3689660.5
17538,1737781200000,3683226.5
17539,1737784800000,3633182.8
17540,1737788400000,3625039.1
17541,1737792000000,3635989.8
17542,1737795600000,3637366.6
17543,1737799200000,3643803.5
17544,1737802800000,3655234.7
17545,1737806400000,3644970.6
17546,1737810000000,3645508.6
17547,1737813600000,3641586.1
17548,1737817200000,3642881.1
17549,1737820800000,3654922.2
17550,1737824400000,3642381.0
17551,1737828000000,3647397.6
17552,1737831600000,3663632.9
17553,1737835200000,3655745.1
17554,1737838800000,3675575.2
17555,1737842400000,3656854.9
17556,1737846000000,3641794.3
17557,1737849600000,3616156.0
17558,1737853200000,3637839.6
17559,1737856800000,3634466.0
17560,1737860400000,3636705.3
17561,1737864000000,3631220.9
17562,1737867600000,3626071.5
17563,1737871200000,3617956.7
17564,1737874800000,3620407.2
17565,1737878400000,3624619.3
17566,1737882000000,3631603.2
17567,1737885600000,3623374.9
17568,1737889200000,3627794.0
17569,1737892800000,3645666.6
17570,1737896400000,3632888.9
17571,1737900000000,3634760.0
17572,1737903600000,3646151.8
17573,1737907200000,3653385.0
17574,1737910800000,3642642.2
17575,1737914400000,3648334.3
17576,1737918000000,3670949.1
17577,1737921600000,3658195.0
17578,1737925200000,3644978.8
17579,1737928800000,3611278.8
17580,1737932400000,3625951.0
17581,1737936000000,3621352.6
17582,1737939600000,3603642.2
17583,1737943200000,3576199.3
17584,1737946800000,3581801.4
17585,1737950400000,3600601.7
17586,1737954000000,3609765.2
17587,1737957600000,3621300.2
17588,1737961200000,3596202.0
17589,1737964800000,3606317.4
17590,1737968400000,3648037.8
17591,1737972000000,3635866.5
17592,1737975600000,3648142.8
17593,1737979200000,3657249.4
17594,1737982800000,3626301.7
17595,1737986400000,3601489.1
17596,1737990000000,3607167.8
17597,1737993600000,3622141.5
17598,1737997200000,3681595.7
17599,1738000800000,3693861.1
17600,1738004400000,3714063.8
17601,1738008000000,3721788.8
17602,1738011600000,3693491.2
17603,1738015200000,3650249.3
17604,1738018800000,3634324.0
17605,1738022400000,3649933.1
17606,1738026000000,3636416.1
17607,1738029600000,3634628.8
17608,1738033200000,3640017.5
17609,1738036800000,3640103.0
17610,1738040400000,3657620.1
17611,1738044000000,3666273.3
17612,1738047600000,3669170.6
17613,1738051200000,3701130.5
17614,1738054800000,3705267.9
17615,1738058400000,3701226.3
17616,1738062000000,3722031.7
17617,1738065600000,3735501.2
17618,1738069200000,3779673.3
17619,1738072800000,3756426.4
17620,1738076400000,3749132.2
17621,1738080000000,3705570.0
17622,1738083600000,3724027.1
17623,1738087200000,3718821.9
17624,1738090800000,3799997.7
17625,1738094400000,3794137.3
17626,1738098000000,3798020.1
17627,1738101600000,3767444.2
17628,1738105200000,3776732.7
17629,1738108800000,3777234.6
17630,1738112400000,3768904.3
17631,1738116000000,3763351.5
17632,1738119600000,3754448.4
17633,1738123200000,3739671.2
17634,1738126800000,3742309.5
17635,1738130400000,3734426.6
17636,1738134000000,3689485.0
17637,1738137600000,3692795.8
17638,1738141200000,3682380.6
17639,1738144800000,3695754.8
17640,1738148400000,3665722.7
17641,1738152000000,3663992.9
17642,1738155600000,3668979.6
17643,1738159200000,3699684.1
17644,1738162800000,3726152.9
17645,1738166400000,3728093.1
17646,1738170000000,3723823.7
17647,1738173600000,3720444.3
17648,1738177200000,3710089.5
17649,1738180800000,3723790.0
17650,1738184400000,3692561.2
17651,1738188000000,3696441.6
17652,1738191600000,3699798.8
17653,1738195200000,3701298.2
17654,1738198800000,3697141.7
17655,1738202400000,3687139.5
17656,1738206000000,3688877.0
17657,1738209600000,3680424.3
17658,1738213200000,3685960.9
17659,1738216800000,3695451.6
17660,1738220400000,3689348.6
17661,1738224000000,3690110.8
17662,1738227600000,3689914.2
17663,1738231200000,3688343.3
17664,1738234800000,3647373.4
17665,1738238400000,3652484.3
17666,1738242000000,3654789.6
17667,1738245600000,3641526.4
17668,1738249200000,3656115.9
17669,1738252800000,3669933.9
17670,1738256400000,3673832.3
17671,1738260000000,3685643.2
17672,1738263600000,3696713.2
17673,1738267200000,3696732.9
17674,1738270800000,3694061.4
17675,1738274400000,3679482.9
17676,1738278000000,3676448.7
17677,1738281600000,3677218.3
17678,1738285200000,3667995.2
17679,1738288800000,3653989.5
17680,1738292400000,3656139.7
17681,1738296000000,3650232.7
17682,1738299600000,3663167.7
17683,1738303200000,3663152.5
17684,1738306800000,3665642.8
17685,1738310400000,3709110.0
17686,1738314000000,3713440.9
17687,1738317600000,3719884.0
17688,1738321200000,3716797.1
17689,1738324800000,3719272.4
17690,1738328400000,3731661.3
17691,1738332000000,3820506.4
17692,1738335600000,3802619.7
17693,1738339200000,3799726.7
17694,1738342800000,3776783.4
17695,1738346400000,3768695.1
17696,1738350000000,3735386.4
17697,1738353600000,3749186.5
17698,1738357200000,3723152.0
17699,1738360800000,3719032.3
17700,1738364400000,3718454.4
17701,1738368000000,3721003.3
17702,1738371600000,3721736.6
17703,1738375200000,3718439.8
17704,1738378800000,3710370.5
17705,1738382400000,3747127.0
17706,1738386000000,3754972.0
17707,1738389600000,3760269.8
17708,1738393200000,3752194.4
17709,1738396800000,3740412.7
17710,1738400400000,3708547.6
17711,1738404000000,3708812.9
17712,1738407600000,3702168.2
17713,1738411200000,3702828.0
17714,1738414800000,3709155.3
17715,1738418400000,3714801.3
17716,1738422000000,3700512.5
17717,1738425600000,3684923.6
17718,1738429200000,3668492.3
17719,1738432800000,3680273.8
17720,1738436400000,3673299.5
17721,1738440000000,3662067.3
17722,1738443600000,3677162.7
17723,1738447200000,3679289.4
17724,1738450800000,3676323.3
17725,1738454400000,3646444.2
17726,1738458000000,3622880.0
17727,1738461600000,3630170.7
17728,1738465200000,3641743.5
17729,1738468800000,3673563.0
17730,1738472400000,3657925.6
17731,1738476000000,3643261.6
17732,1738479600000,3614283.6
17733,1738483200000,3604846.2
17734,1738486800000,3600814.0
17735,1738490400000,3584195.1
17736,1738494000000,3615845.4
17737,1738497600000,3633594.2
17738,1738501200000,3648734.1
17739,1738504800000,3656390.5
17740,1738508400000,3645534.1
17741,1738512000000,3653439.3
17742,1738515600000,3692134.7
17743,1738519200000,3746185.1
17744,1738522800000,3713851.3
17745,1738526400000,3701213.6
17746,1738530000000,3681948.2
17747,1738533600000,3678940.8
17748,1738537200000,3641292.8
17749,1738540800000,3571747.0
17750,1738544400000,3591824.4
17751,1738548000000,3613588.1
17752,1738551600000,3489736.8
17753,1738555200000,3427963.1
17754,1738558800000,3464378.5
17755,1738562400000,3395537.0
17756,1738566000000,3353513.1
17757,1738569600000,3361050.9
17758,1738573200000,3389000.0
17759,1738576800000,3336789.3
17760,1738580400000,3363615.9
17761,1738584000000,3348418.7
17762,1738587600000,3357533.9
17763,1738591200000,3364303.0
17764,1738594800000,3375519.5
17765,1738598400000,3490629.6
17766,1738602000000,3492769.0
17767,1738605600000,3490230.6
17768,1738609200000,3498189.0
17769,1738612800000,3538344.7
17770,1738616400000,3517105.2
17771,1738620000000,3520029.0
17772,1738623600000,3514250.7
17773,1738627200000,3515719.6
17774,1738630800000,3526214.5
17775,1738634400000,3523404.8
17776,1738638000000,3520335.1
17777,1738641600000,3506052.2
17778,1738645200000,3518136.8
17779,1738648800000,3500373.4
17780,1738652400000,3515664.8
17781,1738656000000,3522818.0
17782,1738659600000,3481356.8
17783,1738663200000,3472962.4
17784,1738666800000,3461548.5
17785,1738670400000,3478076.2
17786,1738674000000,3467641.9
17787,1738677600000,3467457.9
17788,1738681200000,3476165.0
17789,1738684800000,3464211.6
17790,1738688400000,3459017.4
17791,1738692000000,3462464.9
17792,1738695600000,3459641.1
17793,1738699200000,3447127.6
17794,1738702800000,3471632.8
17795,1738706400000,3436348.0
17796,1738710000000,3440505.8
17797,1738713600000,3450445.3
17798,1738717200000,3443995.3
17799,1738720800000,3432659.6
17800,1738724400000,3440887.6
17801,1738728000000,3453610.9
17802,1738731600000,3450015.5
17803,1738735200000,3443337.4
17804,1738738800000,3455106.2
17805,1738742400000,3433029.1
17806,1738746000000,3437725.9
17807,1738749600000,3465055.6
17808,1738753200000,3457656.2
17809,1738756800000,3459706.5
17810,1738760400000,3464249.9
17811,1738764000000,3474002.9
17812,1738767600000,3490178.5
17813,1738771200000,3488171.7
17814,1738774800000,3504594.8
17815,1738778400000,3516928.1
17816,1738782000000,3491871.9
17817,1738785600000,3505125.4
17818,1738789200000,3480528.8
17819,1738792800000,3487467.6
17820,1738796400000,3455993.5
17821,1738800000000,3476878.4
17822,1738803600000,3468886.2
17823,1738807200000,3468007.5
17824,1738810800000,3482726.0
17825,1738814400000,3478009.2
17826,1738818000000,3499980.7
17827,1738821600000,3512158.0
17828,1738825200000,3490751.4
17829,1738828800000,3501327.4
17830,1738832400000,3508576.6
17831,1738836000000,3505289.7
17832,1738839600000,3511926.3
17833,1738843200000,3523528.4
17834,1738846800000,3528230.8
17835,1738850400000,3498386.3
17836,1738854000000,3392977.1
17837,1738857600000,3405067.1
17838,1738861200000,3431183.5
17839,1738864800000,3453234.1
17840,1738868400000,3450503.9
17841,1738872000000,3451892.3
17842,1738875600000,3451544.4
17843,1738879200000,3434837.0
17844,1738882800000,3428753.7
17845,1738886400000,3441364.8
17846,1738890000000,3432482.4
17847,1738893600000,3428925.0
17848,1738897200000,3437602.2
17849,1738900800000,3440312.5
17850,1738904400000,3432245.8
17851,1738908000000,3394649.2
17852,1738911600000,3391139.4
17853,1738915200000,3391596.7
17854,1738918800000,3374816.1
17855,1738922400000,3343285.4
17856,1738926000000,3333440.9
17857,1738929600000,3336776.6
17858,1738933200000,3338922.2
17859,1738936800000,3310853.8
17860,1738940400000,3410396.4
17861,1738944000000,3390788.0
17862,1738947600000,3380301.1
17863,1738951200000,3406919.9
17864,1738954800000,3389394.4
17865,1738958400000,3385204.7
17866,1738962000000,3383531.0
17867,1738965600000,3387099.2
17868,1738969200000,3370370.8
17869,1738972800000,3360462.8
17870,1738976400000,3343471.4
17871,1738980000000,3354852.4
17872,1738983600000,3358651.6
17873,1738987200000,3358384.1
17874,1738990800000,3352002.7
17875,1738994400000,3371696.1
17876,1738998000000,3390801.1
17877,1739001600000,3398000.3
17878,1739005200000,3418361.7
17879,1739008800000,3419379.4
17880,1739012400000,3424112.3
17881,1739016000000,3430483.3
17882,1739019600000,3441871.3
17883,1739023200000,3408996.0
17884,1739026800000,3411421.9
17885,1739030400000,3385857.4
17886,1739034000000,3389259.2
17887,1739037600000,3377576.5
17888,1739041200000,3356204.8
17889,1739044800000,3342786.6
17890,1739048400000,3359080.4
17891,1739052000000,3362663.3
17892,1739055600000,3355133.8
17893,1739059200000,3359592.2
17894,1739062800000,3366662.5
17895,1739066400000,3385950.0
17896,1739070000000,3403443.6
17897,1739073600000,3378475.6
17898,1739077200000,3386948.6
17899,1739080800000,3407932.3
17900,1739084400000,3405815.6
17901,1739088000000,3414498.7
17902,1739091600000,3435463.4
17903,1739095200000,3393782.6
17904,1739098800000,3400614.5
17905,1739102400000,3419173.4
17906,1739106000000,3434741.8
17907,1739109600000,3432007.0
17908,1739113200000,3453083.0
17909,1739116800000,3450452.5
17910,1739120400000,3440996.7
17911,1739124000000,3435155.9
17912,1739127600000,3443128.4
17913,1739131200000,3443795.4
17914,1739134800000,3440109.5
17915,1739138400000,3471518.2
17916,1739142000000,3454501.9
17917,1739145600000,3442328.5
17918,1739149200000,3448789.0
17919,1739152800000,3461813.2
17920,1739156400000,3485044.6
17921,1739160000000,3447027.2
17922,1739163600000,3437420.4
17923,1739167200000,3410430.2
17924,1739170800000,3406851.2
17925,1739174400000,3416657.9
17926,1739178000000,3425012.4
17927,1739181600000,3419193.5
17928,1739185200000,3412397.2
17929,1739188800000,3386959.6
17930,1739192400000,3387039.5
17931,1739196000000,3393699.8
17932,1739199600000,3384044.7
17933,1739203200000,3407974.1
17934,1739206800000,3410753.6
17935,1739210400000,3405280.1
17936,1739214000000,3373503.4
17937,1739217600000,3376514.9
17938,1739221200000,3380118.5
17939,1739224800000,3376373.5
17940,1739228400000,3385294.0
17941,1739232000000,3381164.4
17942,1739235600000,3401174.8
17943,1739239200000,3410384.8
17944,1739242800000,3394877.8
17945,1739246400000,3394794.5
17946,1739250000000,3424302.0
17947,1739253600000,3409360.0
17948,1739257200000,3415110.8
17949,1739260800000,3410455.3
17950,1739264400000,3418480.0
17951,1739268000000,3418323.7
17952,1739271600000,3399608.2
17953,1739275200000,3407976.1
17954,1739278800000,3408863.2
17955,1739282400000,3434112.1
17956,1739286000000,3419468.7
17957,1739289600000,3405395.2
17958,1739293200000,3433939.6
17959,1739296800000,3416167.2
17960,1739300400000,3407982.6
17961,1739304000000,3414668.1
17962,1739307600000,3425107.0
17963,1739311200000,3399076.6
17964,1739314800000,3370237.3
17965,1739318400000,3364802.8
17966,1739322000000,3370810.2
17967,1739325600000,3379667.1
17968,1739329200000,3389101.2
17969,1739332800000,3388246.0
17970,1739336400000,3409751.7
17971,1739340000000,3405157.6
17972,1739343600000,3430643.0
17973,1739347200000,3392105.2
17974,1739350800000,3397897.0
17975,1739354400000,3390690.2
17976,1739358000000,3381152.5
17977,1739361600000,3363230.3
17978,1739365200000,3358487.2
17979,1739368800000,3375268.7
17980,1739372400000,3370890.9
17981,1739376000000,3362245.5
17982,1739379600000,3339972.2
17983,1739383200000,3342716.3
17984,1739386800000,3332116.9
17985,1739390400000,3330289.4
17986,1739394000000,3333791.6
17987,1739397600000,3337500.7
17988,1739401200000,3347453.0
17989,1739404800000,3348497.2
17990,1739408400000,3343554.8
17991,1739412000000,3341070.3
17992,1739415600000,3357045.5
17993,1739419200000,3341444.1
17994,1739422800000,3319131.5
17995,1739426400000,3313473.7
17996,1739430000000,3319692.2
17997,1739433600000,3322303.7
17998,1739437200000,3330288.9
17999,1739440800000,3332351.0
18000,1739444400000,3316736.9
18001,1739448000000,3327215.1
18002,1739451600000,3320648.8
18003,1739455200000,3314626.6
18004,1739458800000,3311470.1
18005,1739462400000,3348302.3
18006,1739466000000,3388945.1
18007,1739469600000,3414875.2
18008,1739473200000,3415765.0
18009,1739476800000,3412954.3
18010,1739480400000,3451475.9
18011,1739484000000,3435169.5
18012,1739487600000,3424580.2
18013,1739491200000,3433155.8
18014,1739494800000,3434079.9
18015,1739498400000,3446884.9
18016,1739502000000,3444744.7
18017,1739505600000,3407874.2
18018,1739509200000,3390340.4
18019,1739512800000,3381738.6
18020,1739516400000,3380561.5
18021,1739520000000,3390724.1
18022,1739523600000,3370246.8
18023,1739527200000,3375669.4
18024,1739530800000,3366463.3
18025,1739534400000,3350015.2
18026,1739538000000,3327459.6
18027,1739541600000,3340412.2
18028,1739545200000,3353321.0
18029,1739548800000,3370614.1
18030,1739552400000,3375385.4
18031,1739556000000,3358948.6
18032,1739559600000,3326826.2
18033,1739563200000,3330681.7
18034,1739566800000,3325228.2
18035,1739570400000,3324752.6
18036,1739574000000,3292318.9
18037,1739577600000,3286771.7
18038,1739581200000,3288807.1
18039,1739584800000,3290929.5
18040,1739588400000,3313894.5
18041,1739592000000,3322773.6
18042,1739595600000,3318287.8
18043,1739599200000,3318470.4
18044,1739602800000,3308693.9
18045,1739606400000,3305984.7
18046,1739610000000,3313948.9
18047,1739613600000,3316934.2
18048,1739617200000,3315247.1
18049,1739620800000,3319330.3
18050,1739624400000,3330089.4
18051,1739628000000,3335771.8
18052,1739631600000,3336913.3
18053,1739635200000,3342223.5
18054,1739638800000,3354400.6
18055,1739642400000,3354485.3
18056,1739646000000,3358158.4
18057,1739649600000,3366807.3
18058,1739653200000,3348640.0
18059,1739656800000,3350532.1
18060,1739660400000,3345909.2
18061,1739664000000,3357868.0
18062,1739667600000,3380153.8
18063,1739671200000,3377821.0
18064,1739674800000,3381120.0
18065,1739678400000,3367654.7
18066,1739682000000,3363743.6
18067,1739685600000,3361524.0
18068,1739689200000,3371148.1
18069,1739692800000,3386482.1
18070,1739696400000,3385226.6
18071,1739700000000,3376341.1
18072,1739703600000,3380724.5
18073,1739707200000,3389335.1
18074,1739710800000,3392874.3
18075,1739714400000,3401191.4
18076,1739718000000,3386280.1
18077,1739721600000,3390729.5
18078,1739725200000,3385799.7
18079,1739728800000,3381886.4
18080,1739732400000,3383359.2
18081,1739736000000,3391219.4
18082,1739739600000,3397229.4
18083,1739743200000,3389255.7
18084,1739746800000,3380367.4
18085,1739750400000,3389570.5
18086,1739754000000,3423826.7
18087,1739757600000,3422691.2
18088,1739761200000,3438115.6
18089,1739764800000,3439279.2
18090,1739768400000,3430252.7
18091,1739772000000,3418965.1
18092,1739775600000,3439137.4
18093,1739779200000,3456435.4
18094,1739782800000,3451526.6
18095,1739786400000,3468148.8
18096,1739790000000,3462169.0
18097,1739793600000,3467304.0
18098,1739797200000,3483815.8
18099,1739800800000,3486354.7
18100,1739804400000,3463904.4
18101,1739808000000,3466596.8
18102,1739811600000,3455719.4
18103,1739815200000,3417378.0
18104,1739818800000,3381977.6
18105,1739822400000,3374734.4
18106,1739826000000,3390703.6
18107,1739829600000,3383341.7
18108,1739833200000,3349327.7
18109,1739836800000,3365685.3
18110,1739840400000,3352253.5
18111,1739844000000,3358823.0
18112,1739847600000,3346947.1
18113,1739851200000,3342366.0
18114,1739854800000,3344575.8
18115,1739858400000,3336559.4
18116,1739862000000,3349690.6
18117,1739865600000,3361710.1
18118,1739869200000,3369753.1
18119,1739872800000,3371669.1
18120,1739876400000,3373349.4
18121,1739880000000,3367479.2
18122,1739883600000,3390140.8
18123,1739887200000,3389980.7
18124,1739890800000,3399823.7
18125,1739894400000,3400824.1
18126,1739898000000,3368965.1
18127,1739901600000,3355998.9
18128,1739905200000,3371200.4
18129,1739908800000,3356758.0
18130,1739912400000,3341957.0
18131,1739916000000,3323361.9
18132,1739919600000,3307764.8
18133,1739923200000,3317118.8
18134,1739926800000,3330238.6
18135,1739930400000,3312250.0
18136,1739934000000,3320525.8
18137,1739937600000,3330730.7
18138,1739941200000,3338770.8
18139,1739944800000,3336083.8
18140,1739948400000,3321977.9
18141,1739952000000,3415544.8
18142,1739955600000,3420402.2
18143,1739959200000,3452489.7
18144,1739962800000,3439659.6
18145,1739966400000,3452164.0
18146,1739970000000,3459072.9
18147,1739973600000,3466568.6
18148,1739977200000,3469732.6
18149,1739980800000,3459110.7
18150,1739984400000,3456143.2
18151,1739988000000,3451682.9
18152,1739991600000,3449219.0
18153,1739995200000,3450241.4
18154,1739998800000,3452520.0
18155,1740002400000,3456376.3
18156,1740006000000,3422667.8
18157,1740009600000,3425398.7
18158,1740013200000,3468846.7
18159,1740016800000,3452682.3
18160,1740020400000,3426713.5
18161,1740024000000,3397369.6
18162,1740027600000,3415307.4
18163,1740031200000,3396836.1
18164,1740034800000,3399372.8
18165,1740038400000,3410481.4
18166,1740042000000,3408343.3
18167,1740045600000,3406842.3
18168,1740049200000,3442990.7
18169,1740052800000,3450519.7
18170,1740056400000,3463391.3
18171,1740060000000,3469456.1
18172,1740063600000,3444421.9
18173,1740067200000,3435688.0
18174,1740070800000,3445433.3
18175,1740074400000,3448700.4
18176,1740078000000,3455014.7
18177,1740081600000,3421635.5
18178,1740085200000,3419224.6
18179,1740088800000,3312853.0
18180,1740092400000,3315913.9
18181,1740096000000,3317103.9
18182,1740099600000,3312104.4
18183,1740103200000,3299243.8
18184,1740106800000,3312705.1
18185,1740110400000,3317480.5
18186,1740114000000,3320489.2
18187,1740117600000,3326176.2
18188,1740121200000,3320170.1
18189,1740124800000,3327125.9
18190,1740128400000,3316988.5
18191,1740132000000,3322887.9
18192,1740135600000,3313182.1
18193,1740139200000,3350316.3
18194,1740142800000,3452515.1
18195,1740146400000,3529533.3
18196,1740150000000,3483449.0
18197,1740153600000,3240474.6
18198,1740157200000,2901932.3
18199,1740160800000,2511383.7
18200,1740164400000,2402782.7
18201,1740168000000,2260821.4
18202,1740171600000,2171546.6
18203,1740175200000,2194211.0
18204,1740178800000,2288644.4
18205,1740182400000,2293091.5
18206,1740186000000,2288219.4
18207,1740189600000,2315765.29999999
18208,1740193200000,2256904.4
18209,1740196800000,2252448.1
18210,1740200400000,2259887.6
18211,1740204000000,2247258.4
18212,1740207600000,2249271.79999999
18213,1740211200000,2211635.79999999
18214,1740214800000,2192483.4
18215,1740218400000,2202275.79999999
18216,1740222000000,2214642.6
18217,1740225600000,2206660.29999999
18218,1740229200000,2198252.5
18219,1740232800000,2216780.4
18220,1740236400000,2209891.2
18221,1740240000000,2227925.6
18222,1740243600000,2246715.1
18223,1740247200000,2304103.0
18224,1740250800000,2315649.79999999
18225,1740254400000,2318172.6
18226,1740258000000,2300310.1
18227,1740261600000,2298037.6
18228,1740265200000,2296493.1
18229,1740268800000,2304743.9
18230,1740272400000,2305479.7
18231,1740276000000,2264292.9
18232,1740279600000,2275820.5
18233,1740283200000,2264037.7
18234,1740286800000,2255855.1
18235,1740290400000,2259998.2
18236,1740294000000,2249324.29999999
18237,1740297600000,2244510.2
18238,1740301200000,2235576.29999999
18239,1740304800000,2223657.5
18240,1740308400000,2231687.79999999
18241,1740312000000,2210855.6
18242,1740315600000,2220589.2
18243,1740319200000,2218332.7
18244,1740322800000,2215127.5
18245,1740326400000,2201520.9
18246,1740330000000,2229460.4
18247,1740333600000,2260687.0
18248,1740337200000,2259638.0
18249,1740340800000,2256042.7
18250,1740344400000,2265761.2
18251,1740348000000,2282045.2
18252,1740351600000,2284914.2
18253,1740355200000,2292433.5
18254,1740358800000,2281572.5
18255,1740362400000,2289205.4
18256,1740366000000,2304206.29999999
18257,1740369600000,2299371.7
18258,1740373200000,2300511.1
18259,1740376800000,2293596.5
18260,1740380400000,2300049.0
18261,1740384000000,2295409.0
18262,1740387600000,2289678.6
18263,1740391200000,2304415.5
18264,1740394800000,2316463.6
18265,1740398400000,2331826.2
18266,1740402000000,2349730.5
18267,1740405600000,2355442.6
18268,1740409200000,2338344.5
18269,1740412800000,2346262.9
18270,1740416400000,2374233.4
18271,1740420000000,2409725.5
18272,1740423600000,2407950.7
18273,1740427200000,2362254.5
18274,1740430800000,2362989.29999999
18275,1740434400000,2377295.29999999
18276,1740438000000,2323185.79999999
18277,1740441600000,2316433.9
18278,1740445200000,2308769.0
18279,1740448800000,2297238.5
18280,1740452400000,2291771.6
18281,1740456000000,2286022.7
18282,1740459600000,2284151.1
18283,1740463200000,2274022.1
18284,1740466800000,2234872.1
18285,1740470400000,2207372.29999999
18286,1740474000000,2259472.0
18287,1740477600000,2252711.2
18288,1740481200000,2267148.79999999
18289,1740484800000,2253567.2
18290,1740488400000,2263332.29999999
18291,1740492000000,2270448.9
18292,1740495600000,2277388.0
18293,1740499200000,2337405.7
18294,1740502800000,2296971.0
18295,1740506400000,2264240.6
18296,1740510000000,2239512.79999999
18297,1740513600000,2237163.7
18298,1740517200000,2276354.79999999
18299,1740520800000,2284763.7
18300,1740524400000,2291435.29999999
18301,1740528000000,2297324.79999999
18302,1740531600000,2265017.1
18303,1740535200000,2271495.79999999
18304,1740538800000,2280624.0
18305,1740542400000,2292228.0
18306,1740546000000,2293605.0
18307,1740549600000,2310416.9
18308,1740553200000,2314918.5
18309,1740556800000,2324675.79999999
18310,1740560400000,2309305.0
18311,1740564000000,2300198.1
18312,1740567600000,2294237.4
18313,1740571200000,2313387.4
18314,1740574800000,2325115.6
18315,1740578400000,2321061.5
18316,1740582000000,2295582.1
18317,1740585600000,2305964.2
18318,1740589200000,2302874.2
18319,1740592800000,2282593.9
18320,1740596400000,2283748.6
18321,1740600000000,2316091.5
18322,1740603600000,2327288.2
18323,1740607200000,2330908.0
18324,1740610800000,2340561.2
18325,1740614400000,2358330.1
18326,1740618000000,2346496.9
18327,1740621600000,2394907.79999999
18328,1740625200000,2391537.4
18329,1740628800000,2387311.4
18330,1740632400000,2417689.9
18331,1740636000000,2437860.79999999
18332,1740639600000,2494780.29999999
18333,1740643200000,2540336.9
18334,1740646800000,2562183.7
18335,1740650400000,2570312.79999999
18336,1740654000000,2545703.4
18337,1740657600000,2537634.79999999
18338,1740661200000,2497216.2
18339,1740664800000,2505416.29999999
18340,1740668400000,2512179.79999999
18341,1740672000000,2464653.1
18342,1740675600000,2442767.9
18343,1740679200000,2453473.0
18344,1740682800000,2458434.1
18345,1740686400000,2490547.7
18346,1740690000000,2483157.79999999
18347,1740693600000,2461672.4
18348,1740697200000,2454008.6
18349,1740700800000,2450040.5
18350,1740704400000,2491632.2
18351,1740708000000,2522599.5
18352,1740711600000,2525680.7
18353,1740715200000,2527994.0
18354,1740718800000,2535716.5
18355,1740722400000,2529082.5
18356,1740726000000,2563888.79999999
18357,1740729600000,2573249.6
18358,1740733200000,2601860.29999999
18359,1740736800000,2653557.9
18360,1740740400000,2610483.2
18361,1740744000000,2637265.1
18362,1740747600000,2619979.1
18363,1740751200000,2624401.6
18364,1740754800000,2628727.0
18365,1740758400000,2639312.29999999
18366,1740762000000,2619191.9
18367,1740765600000,2665149.4
18368,1740769200000,2692502.2
18369,1740772800000,2696438.7
18370,1740776400000,2695358.2
18371,1740780000000,2687240.5
18372,1740783600000,2680564.0
18373,1740787200000,2725203.4
18374,1740790800000,2718074.4
18375,1740794400000,2735960.0
18376,1740798000000,2754176.29999999
18377,1740801600000,2749065.79999999
18378,1740805200000,2731826.7
18379,1740808800000,2742574.0
18380,1740812400000,2733131.7
18381,1740816000000,2706149.29999999
18382,1740819600000,2708513.29999999
18383,1740823200000,2711355.79999999
18384,1740826800000,2718991.7
18385,1740830400000,2731559.9
18386,1740834000000,2749186.2
18387,1740837600000,2755583.2
18388,1740841200000,2784726.9
18389,1740844800000,2781817.79999999
18390,1740848400000,2772900.9
18391,1740852000000,2772044.2
18392,1740855600000,2774972.2
18393,1740859200000,2767635.5
18394,1740862800000,2781520.9
18395,1740866400000,2795686.4
18396,1740870000000,2797406.9
18397,1740873600000,2785475.5
18398,1740877200000,2791478.6
18399,1740880800000,2794012.6
18400,1740884400000,2792622.4
18401,1740888000000,2804650.7
18402,1740891600000,2798248.6
18403,1740895200000,2802281.4
18404,1740898800000,2804171.2
18405,1740902400000,2811691.4
18406,1740906000000,2790666.0
18407,1740909600000,2806920.9
18408,1740913200000,2784591.4
18409,1740916800000,2783484.5
18410,1740920400000,2774405.4
18411,1740924000000,2754786.29999999
18412,1740927600000,2760070.5
18413,1740931200000,2770974.2
18414,1740934800000,2761275.79999999
18415,1740938400000,2724060.5
18416,1740942000000,2707029.6
18417,1740945600000,2727178.0
18418,1740949200000,2727366.79999999
18419,1740952800000,2740632.6
18420,1740956400000,2732958.6
18421,1740960000000,2714917.7
18422,1740963600000,2719007.79999999
18423,1740967200000,2734028.29999999
18424,1740970800000,2748179.5
18425,1740974400000,2763736.6
18426,1740978000000,2756121.79999999
18427,1740981600000,2762063.0
18428,1740985200000,2759854.4
18429,1740988800000,2771822.7
18430,1740992400000,2842427.1
18431,1740996000000,2849940.8
18432,1740999600000,2837008.1
18433,1741003200000,2843716.8
18434,1741006800000,2842486.4
18435,1741010400000,2852224.5
18436,1741014000000,2861084.2
18437,1741017600000,2884026.3
18438,1741021200000,2879600.9
18439,1741024800000,2856486.6
18440,1741028400000,2925424.1
18441,1741032000000,2754410.1
18442,1741035600000,2763397.1
18443,1741039200000,2724147.7
18444,1741042800000,2708133.6
18445,1741046400000,2707240.29999999
18446,1741050000000,2670147.7
18447,1741053600000,2694959.79999999
18448,1741057200000,2714437.4
18449,1741060800000,2687421.79999999
18450,1741064400000,2673006.7
18451,1741068000000,2660922.2
18452,1741071600000,2653883.9
18453,1741075200000,2649711.4
18454,1741078800000,2628630.7
18455,1741082400000,2614670.29999999
18456,1741086000000,2586026.1
18457,1741089600000,2571039.2
18458,1741093200000,2565133.7
18459,1741096800000,2554696.9
18460,1741100400000,2508233.5
18461,1741104000000,2518008.0
18462,1741107600000,2485969.79999999
18463,1741111200000,2426063.2
18464,1741114800000,2422746.6
18465,1741118400000,2400010.6
18466,1741122000000,2402804.5
18467,1741125600000,2456286.29999999
18468,1741129200000,2432124.29999999
18469,1741132800000,2435020.29999999
18470,1741136400000,2439069.5
18471,1741140000000,2422441.79999999
18472,1741143600000,2454216.29999999
18473,1741147200000,2431369.7
18474,1741150800000,2433934.5
18475,1741154400000,2427570.29999999
18476,1741158000000,2418698.79999999
18477,1741161600000,2456588.5
18478,1741165200000,2488383.5
18479,1741168800000,2490262.6
18480,1741172400000,2620444.5
18481,1741176000000,2630478.0
18482,1741179600000,2665595.0
18483,1741183200000,2660383.2
18484,1741186800000,2641751.0
18485,1741190400000,2688712.2
18486,1741194000000,2667025.1
18487,1741197600000,2733161.4
18488,1741201200000,2681420.0
18489,1741204800000,2718030.0
18490,1741208400000,2831403.9
18491,1741212000000,2881135.9
18492,1741215600000,2838657.4
18493,1741219200000,2807975.2
18494,1741222800000,2789527.2
18495,1741226400000,2771791.79999999
18496,1741230000000,2762653.1
18497,1741233600000,2800616.6
18498,1741237200000,2824421.2
18499,1741240800000,2786245.7
18500,1741244400000,2798861.0
18501,1741248000000,2814707.6
18502,1741251600000,2834068.9
18503,1741255200000,2841744.4
18504,1741258800000,2847261.4
18505,1741262400000,2871794.4
18506,1741266000000,2901456.8
18507,1741269600000,2901716.5
18508,1741273200000,2920382.7
18509,1741276800000,2968187.4
18510,1741280400000,2961749.9
18511,1741284000000,2909734.0
18512,1741287600000,2953704.4
18513,1741291200000,2967581.0
18514,1741294800000,2957669.5
18515,1741298400000,2955554.9
18516,1741302000000,2952913.1
18517,1741305600000,2967611.4
18518,1741309200000,2969630.7
18519,1741312800000,2966114.1
18520,1741316400000,2922226.9
18521,1741320000000,2915120.0
18522,1741323600000,2907808.8
18523,1741327200000,2924233.9
18524,1741330800000,2916922.8
18525,1741334400000,2918513.6
18526,1741338000000,2894039.6
18527,1741341600000,2891045.0
18528,1741345200000,2890401.0
18529,1741348800000,2889843.4
18530,1741352400000,2905226.1
18531,1741356000000,2904629.5
18532,1741359600000,2904158.5
18533,1741363200000,2884023.4
18534,1741366800000,2895706.7
18535,1741370400000,2879255.6
18536,1741374000000,2883532.6
18537,1741377600000,2915635.2
18538,1741381200000,2903866.8
18539,1741384800000,2883140.4
18540,1741388400000,2872998.4
18541,1741392000000,2891047.9
18542,1741395600000,2911859.0
18543,1741399200000,2820253.7
18544,1741402800000,2808676.29999999
18545,1741406400000,2802209.79999999
18546,1741410000000,2791392.4
18547,1741413600000,2789480.6
18548,1741417200000,2781087.79999999
18549,1741420800000,2764049.0
18550,1741424400000,2764404.5
18551,1741428000000,2755505.4
18552,1741431600000,2776992.2
18553,1741435200000,2784982.29999999
18554,1741438800000,2802576.4
18555,1741442400000,2816529.9
18556,1741446000000,2821033.2
18557,1741449600000,2782896.0
18558,1741453200000,2763800.2
18559,1741456800000,2751127.5
18560,1741460400000,2758274.4
18561,1741464000000,2769292.5
18562,1741467600000,2760439.6
18563,1741471200000,2748937.79999999
18564,1741474800000,2732482.0
18565,1741478400000,2737068.5
18566,1741482000000,2726945.6
18567,1741485600000,2714229.5
18568,1741489200000,2704594.6
18569,1741492800000,2701184.6
18570,1741496400000,2685165.9
18571,1741500000000,2680065.7
18572,1741503600000,2683991.1
18573,1741507200000,2680734.79999999
18574,1741510800000,2672533.7
18575,1741514400000,2686572.4
18576,1741518000000,2710294.2
18577,1741521600000,2732538.1
18578,1741525200000,2750220.7
18579,1741528800000,2773705.4
18580,1741532400000,2774034.79999999
18581,1741536000000,2805566.79999999
18582,1741539600000,2790583.5
18583,1741543200000,2790255.1
18584,1741546800000,2783594.9
18585,1741550400000,2776633.5
18586,1741554000000,2760119.5
18587,1741557600000,2755883.5
18588,1741561200000,2731620.6
18589,1741564800000,2735534.4
18590,1741568400000,2692767.2
18591,1741572000000,2692860.9
18592,1741575600000,2700707.9
18593,1741579200000,2687736.79999999
18594,1741582800000,2681177.5
18595,1741586400000,2685386.9
18596,1741590000000,2682712.0
18597,1741593600000,2683444.4
18598,1741597200000,2698939.6
18599,1741600800000,2585497.9
18600,1741604400000,2570419.4
18601,1741608000000,2595688.4
18602,1741611600000,2580264.2
18603,1741615200000,2554760.1
18604,1741618800000,2577643.7
18605,1741622400000,2559294.4
18606,1741626000000,2570758.1
18607,1741629600000,2553278.79999999
18608,1741633200000,2542597.79999999
18609,1741636800000,2665056.9
18610,1741640400000,2746450.79999999
18611,1741644000000,2708220.7
18612,1741647600000,2689002.0
18613,1741651200000,2697163.29999999
18614,1741654800000,2786549.79999999
18615,1741658400000,2687621.2
18616,1741662000000,2686918.4
18617,1741665600000,2742498.29999999
18618,1741669200000,2689573.5
18619,1741672800000,2696094.9
18620,1741676400000,2665589.9
18621,1741680000000,2649679.1
18622,1741683600000,2648755.5
18623,1741687200000,2649634.1
18624,1741690800000,2660567.79999999
18625,1741694400000,2635203.7
18626,1741698000000,2601930.2
18627,1741701600000,2624039.5
18628,1741705200000,2665801.4
18629,1741708800000,2674799.1
18630,1741712400000,2630096.5
18631,1741716000000,2623618.0
18632,1741719600000,2610682.29999999
18633,1741723200000,2590337.29999999
18634,1741726800000,2577577.9
18635,1741730400000,2558754.4
18636,1741734000000,2554744.5
18637,1741737600000,2551650.6
18638,1741741200000,2569551.1
18639,1741744800000,2561717.6
18640,1741748400000,2573302.1
18641,1741752000000,2530044.7
18642,1741755600000,2555878.5
18643,1741759200000,2544268.4
18644,1741762800000,2543179.29999999
18645,1741766400000,2557741.5
18646,1741770000000,2523646.5
18647,1741773600000,2509584.2
18648,1741777200000,2515887.1
18649,1741780800000,2512314.4
18650,1741784400000,2537960.7
18651,1741788000000,2520164.1
18652,1741791600000,2520123.2
18653,1741795200000,2515695.9
18654,1741798800000,2496722.6
18655,1741802400000,2485418.4
18656,1741806000000,2529244.7
18657,1741809600000,2538026.79999999
18658,1741813200000,2529495.7
18659,1741816800000,2492266.4
18660,1741820400000,2499705.1
18661,1741824000000,2503026.2
18662,1741827600000,2494933.79999999
18663,1741831200000,2492646.29999999
18664,1741834800000,2513456.2
18665,1741838400000,2516657.2
18666,1741842000000,2550385.5
18667,1741845600000,2577554.4
18668,1741849200000,2548902.9
18669,1741852800000,2572637.9
18670,1741856400000,2578275.6
18671,1741860000000,2508891.9
18672,1741863600000,2529679.79999999
18673,1741867200000,2520645.79999999
18674,1741870800000,2534753.1
18675,1741874400000,2626976.9
18676,1741878000000,2623161.7
18677,1741881600000,2605351.2
18678,1741885200000,2581450.4
18679,1741888800000,2598335.9
18680,1741892400000,2555700.5
18681,1741896000000,2542188.29999999
18682,1741899600000,2321773.5
18683,1741903200000,2286105.0
18684,1741906800000,2542467.6
18685,1741910400000,2521877.5
18686,1741914000000,2543823.2
18687,1741917600000,2564449.79999999
18688,1741921200000,2585585.0
18689,1741924800000,2593146.0
18690,1741928400000,2590691.2
18691,1741932000000,2575104.29999999
18692,1741935600000,2560312.79999999
18693,1741939200000,2564873.6
18694,1741942800000,2576753.5
18695,1741946400000,2578493.4
18696,1741950000000,2599968.9
18697,1741953600000,2613298.4
18698,1741957200000,2605740.29999999
18699,1741960800000,2605041.29999999
18700,1741964400000,2636032.5
18701,1741968000000,2626403.7
18702,1741971600000,2645938.0
18703,1741975200000,2667506.4
18704,1741978800000,2649934.9
18705,1741982400000,2719693.5
18706,1741986000000,2578185.7
18707,1741989600000,2513335.5
18708,1741993200000,2514376.0
18709,1741996800000,2458157.5
18710,1742000400000,2440653.4
18711,1742004000000,2476128.6
18712,1742007600000,2473023.79999999
18713,1742011200000,2453258.9
18714,1742014800000,2450167.4
18715,1742018400000,2456211.1
18716,1742022000000,2474132.2
18717,1742025600000,2523347.29999999
18718,1742029200000,2526423.7
18719,1742032800000,2527785.4
18720,1742036400000,2532515.1
18721,1742040000000,2543433.9
18722,1742043600000,2546828.79999999
18723,1742047200000,2560862.5
18724,1742050800000,2575798.29999999
18725,1742054400000,2582468.9
18726,1742058000000,2612249.29999999
18727,1742061600000,2616958.9
18728,1742065200000,2596198.4
18729,1742068800000,2579898.79999999
18730,1742072400000,2879404.2
18731,1742076000000,2838656.8
18732,1742079600000,2848237.5
18733,1742083200000,2847314.3
18734,1742086800000,2821215.0
18735,1742090400000,2793608.1
18736,1742094000000,2763562.2
18737,1742097600000,2814085.6
18738,1742101200000,2808634.1
18739,1742104800000,2741615.1
18740,1742108400000,2729151.0
18741,1742112000000,2736188.9
18742,1742115600000,2745955.1
18743,1742119200000,2722652.9
18744,1742122800000,2743682.4
18745,1742126400000,2815140.9
18746,1742130000000,2815554.5
18747,1742133600000,2769400.7
18748,1742137200000,2778019.5
18749,1742140800000,2799728.1
18750,1742144400000,2736942.9
18751,1742148000000,2714634.9
18752,1742151600000,2731936.6
18753,1742155200000,2716416.79999999
18754,1742158800000,2708122.1
18755,1742162400000,2696245.9
18756,1742166000000,2702688.2
18757,1742169600000,2710323.7
18758,1742173200000,2716962.5
18759,1742176800000,2726366.4
18760,1742180400000,2728597.4
18761,1742184000000,2721440.29999999
18762,1742187600000,2714596.79999999
18763,1742191200000,2710303.6
18764,1742194800000,2708757.1
18765,1742198400000,2702777.9
18766,1742202000000,2682803.1
18767,1742205600000,2686888.0
18768,1742209200000,2702137.29999999
18769,1742212800000,2714658.7
18770,1742216400000,2715561.29999999
18771,1742220000000,2745940.0
18772,1742223600000,2782137.9
18773,1742227200000,2783260.29999999
18774,1742230800000,2788591.0
18775,1742234400000,2752159.2
18776,1742238000000,2734002.0
18777,1742241600000,2715677.79999999
18778,1742245200000,2702910.1
18779,1742248800000,2706679.7
18780,1742252400000,2700734.9
18781,1742256000000,2703930.4
18782,1742259600000,2716719.4
18783,1742263200000,2702104.2
18784,1742266800000,2681065.6
18785,1742270400000,2691495.29999999
18786,1742274000000,2682298.29999999
18787,1742277600000,2667634.29999999
18788,1742281200000,2630939.1
18789,1742284800000,2631587.1
18790,1742288400000,2679753.7
18791,1742292000000,2689263.1
18792,1742295600000,2693515.6
18793,1742299200000,2672479.6
18794,1742302800000,2632783.4
18795,1742306400000,2639743.79999999
18796,1742310000000,2615577.6
18797,1742313600000,2631591.1
18798,1742317200000,2628913.2
18799,1742320800000,2634160.29999999
18800,1742324400000,2633282.9
18801,1742328000000,2616754.2
18802,1742331600000,2592603.7
18803,1742335200000,2628730.0
18804,1742338800000,2616589.1
18805,1742342400000,2591326.79999999
18806,1742346000000,2618571.5
18807,1742349600000,2637563.79999999
18808,1742353200000,2620465.0
18809,1742356800000,2618343.29999999
18810,1742360400000,2634500.5
18811,1742364000000,2681139.7
18812,1742367600000,2696443.4
18813,1742371200000,2748884.29999999
18814,1742374800000,2725397.2
18815,1742378400000,2715149.29999999
18816,1742382000000,2735153.1
18817,1742385600000,2738938.29999999
18818,1742389200000,2748567.1
18819,1742392800000,2770505.6
18820,1742396400000,2842769.4
18821,1742400000000,2819553.3
18822,1742403600000,2790799.5
18823,1742407200000,2744711.7
18824,1742410800000,2715221.0
18825,1742414400000,2714483.0
18826,1742418000000,2719418.29999999
18827,1742421600000,2722765.4
18828,1742425200000,2744068.4
18829,1742428800000,2747294.9
18830,1742432400000,2742688.4
18831,1742436000000,2757541.9
18832,1742439600000,2756734.9
18833,1742443200000,2754915.29999999
18834,1742446800000,2723462.0
18835,1742450400000,2728823.5
18836,1742454000000,2735259.5
18837,1742457600000,2741903.0
18838,1742461200000,2754362.29999999
18839,1742464800000,2763176.1
18840,1742468400000,2716753.1
18841,1742472000000,2731310.7
18842,1742475600000,2770284.2
18843,1742479200000,2786909.1
18844,1742482800000,2813029.1
18845,1742486400000,2795737.4
18846,1742490000000,2779247.79999999
18847,1742493600000,2779304.0
18848,1742497200000,2773686.0
18849,1742500800000,2771495.0
18850,1742504400000,2765848.7
18851,1742508000000,2754094.0
18852,1742511600000,2750060.6
18853,1742515200000,2752023.0
18854,1742518800000,2761084.1
18855,1742522400000,2769572.7
18856,1742526000000,2763454.4
18857,1742529600000,2757076.7
18858,1742533200000,2760586.0
18859,1742536800000,2769944.7
18860,1742540400000,2764305.1
18861,1742544000000,2759441.79999999
18862,1742547600000,2766895.1
18863,1742551200000,2763322.4
18864,1742554800000,2756691.79999999
18865,1742558400000,2838843.4
18866,1742562000000,2874743.5
18867,1742565600000,2879600.9
18868,1742569200000,2915472.5
18869,1742572800000,2910175.4
18870,1742576400000,2946886.8
18871,1742580000000,2906799.5
18872,1742583600000,2954742.5
18873,1742587200000,2875929.4
18874,1742590800000,2840472.6
18875,1742594400000,2753164.5
18876,1742598000000,2738030.1
18877,1742601600000,2743173.5
18878,1742605200000,2723683.9
18879,1742608800000,2731509.79999999
18880,1742612400000,2732821.2
18881,1742616000000,2729379.1
18882,1742619600000,2744961.7
18883,1742623200000,2765656.79999999
18884,1742626800000,2758725.29999999
18885,1742630400000,2762048.29999999
18886,1742634000000,2768075.5
18887,1742637600000,2719165.4
18888,1742641200000,2713490.9
18889,1742644800000,2716652.2
18890,1742648400000,2714575.1
18891,1742652000000,2708379.5
18892,1742655600000,2711105.6
18893,1742659200000,2724188.9
18894,1742662800000,2744828.79999999
18895,1742666400000,2747245.7
18896,1742670000000,2809968.5
18897,1742673600000,2874309.5
18898,1742677200000,2962519.1
18899,1742680800000,3018386.0
18900,1742684400000,3024709.3
18901,1742688000000,2997301.8
18902,1742691600000,2988752.7
18903,1742695200000,2974680.4
18904,1742698800000,2982234.6
18905,1742702400000,2983021.8
18906,1742706000000,2982821.4
18907,1742709600000,2994084.5
18908,1742713200000,2998295.5
18909,1742716800000,3014960.2
18910,1742720400000,3010289.4
18911,1742724000000,3014712.2
18912,1742727600000,3024052.9
18913,1742731200000,3083795.8
18914,1742734800000,3079704.6
18915,1742738400000,3073169.6
18916,1742742000000,3066984.7
18917,1742745600000,3093363.7
18918,1742749200000,3075317.1
18919,1742752800000,3035625.0
18920,1742756400000,3013996.1
18921,1742760000000,3004445.5
18922,1742763600000,3009171.5
18923,1742767200000,2994967.1
18924,1742770800000,3002364.0
18925,1742774400000,3057878.7
18926,1742778000000,3042301.5
18927,1742781600000,3096080.2
18928,1742785200000,3230612.8
18929,1742788800000,3350296.0
18930,1742792400000,3404218.7
18931,1742796000000,3451676.9
18932,1742799600000,3495406.4
18933,1742803200000,3518001.6
18934,1742806800000,3526270.6
18935,1742810400000,3618134.2
18936,1742814000000,3628988.6
18937,1742817600000,3663501.1
18938,1742821200000,3652903.7
18939,1742824800000,3664323.8
18940,1742828400000,3414794.3
18941,1742832000000,3351749.7
18942,1742835600000,3338743.4
18943,1742839200000,3312280.9
18944,1742842800000,3288866.9
18945,1742846400000,3271827.4
18946,1742850000000,3263492.8
18947,1742853600000,3242808.2
18948,1742857200000,3246844.2
18949,1742860800000,3248537.2
18950,1742864400000,3331183.9
18951,1742868000000,3241001.5
18952,1742871600000,3232100.1
18953,1742875200000,3238963.7
18954,1742878800000,3271303.4
18955,1742882400000,3345487.8
18956,1742886000000,3407048.7
18957,1742889600000,3365574.2
18958,1742893200000,3407318.6
18959,1742896800000,3417075.4
18960,1742900400000,3420147.2
18961,1742904000000,3539913.8
18962,1742907600000,3573370.9
18963,1742911200000,3570266.7
18964,1742914800000,3658528.7
18965,1742918400000,3689732.7
18966,1742922000000,3710745.3
18967,1742925600000,3701879.3
18968,1742929200000,3747639.3
18969,1742932800000,3762331.9
18970,1742936400000,3820853.4
18971,1742940000000,3788079.9
18972,1742943600000,3767899.0
18973,1742947200000,3767098.6
18974,1742950800000,3799255.7
18975,1742954400000,3795488.5
18976,1742958000000,3791175.0
18977,1742961600000,3722218.3
18978,1742965200000,3703999.3
18979,1742968800000,3688274.3
18980,1742972400000,3688998.7
18981,1742976000000,3680436.0
18982,1742979600000,3697938.1
18983,1742983200000,3693226.1
18984,1742986800000,3690712.2
18985,1742990400000,3698665.7
18986,1742994000000,3600018.2
18987,1742997600000,3456420.8
18988,1743001200000,3455057.6
18989,1743004800000,3419023.2
18990,1743008400000,3373513.4
18991,1743012000000,3390768.9
18992,1743015600000,3330426.4
18993,1743019200000,3357542.3
18994,1743022800000,3338280.7
18995,1743026400000,3308565.4
18996,1743030000000,3312833.5
18997,1743033600000,3305194.2
18998,1743037200000,3307983.2
18999,1743040800000,3304909.8
19000,1743044400000,3316810.2
19001,1743048000000,3345878.6
19002,1743051600000,3360057.3
19003,1743055200000,3361680.8
19004,1743058800000,3347561.4
19005,1743062400000,3339508.7
19006,1743066000000,3352185.9
19007,1743069600000,3330007.7
19008,1743073200000,3353914.2
19009,1743076800000,3330687.3
19010,1743080400000,3344975.8
19011,1743084000000,3408746.6
19012,1743087600000,3387770.1
19013,1743091200000,3405305.1
19014,1743094800000,3393744.2
19015,1743098400000,3384336.9
19016,1743102000000,3389210.4
19017,1743105600000,3395432.4
19018,1743109200000,3396500.8
19019,1743112800000,3394812.6
19020,1743116400000,3406296.7
19021,1743120000000,3407427.3
19022,1743123600000,3411363.7
19023,1743127200000,3400780.9
19024,1743130800000,3385278.5
19025,1743134400000,3372148.9
19026,1743138000000,3361910.6
19027,1743141600000,3375548.9
19028,1743145200000,3356908.9
19029,1743148800000,3184993.1
19030,1743152400000,3166678.9
19031,1743156000000,3169889.8
19032,1743159600000,3161467.3
19033,1743163200000,3172016.1
19034,1743166800000,3168121.7
19035,1743170400000,3154999.6
19036,1743174000000,3173737.3
19037,1743177600000,3158099.6
19038,1743181200000,3154854.4
19039,1743184800000,3162652.4
19040,1743188400000,3175606.9
19041,1743192000000,3173230.5
19042,1743195600000,3182110.3
19043,1743199200000,3187416.3
19044,1743202800000,3174013.7
19045,1743206400000,3182187.8
19046,1743210000000,3152476.2
19047,1743213600000,3150268.2
19048,1743217200000,3144711.1
19049,1743220800000,3129019.1
19050,1743224400000,3136868.7
19051,1743228000000,3123587.6
19052,1743231600000,3136657.4
19053,1743235200000,3148829.0
19054,1743238800000,3129646.4
19055,1743242400000,3176655.0
19056,1743246000000,3165323.3
19057,1743249600000,3182067.2
19058,1743253200000,3193273.1
19059,1743256800000,3194089.7
19060,1743260400000,3262568.7
19061,1743264000000,3234759.2
19062,1743267600000,3203448.1
19063,1743271200000,3179440.0
19064,1743274800000,3178565.6
19065,1743278400000,3153552.8
19066,1743282000000,3171768.7
19067,1743285600000,3183624.8
19068,1743289200000,3189777.0
19069,1743292800000,3204418.5
19070,1743296400000,3183563.5
19071,1743300000000,3178683.8
19072,1743303600000,3163095.9
19073,1743307200000,3151092.5
19074,1743310800000,3137248.3
19075,1743314400000,3120435.1
19076,1743318000000,3132326.3
19077,1743321600000,3142922.2
19078,1743325200000,3137002.1
19079,1743328800000,3173397.9
19080,1743332400000,3193111.5
19081,1743336000000,3222087.6
19082,1743339600000,3204142.3
19083,1743343200000,3172367.7
19084,1743346800000,3175707.7
19085,1743350400000,3232886.3
19086,1743354000000,3214649.2
19087,1743357600000,3235148.6
19088,1743361200000,3213156.0
19089,1743364800000,3225460.9
19090,1743368400000,3222596.6
19091,1743372000000,3181395.9
19092,1743375600000,3117362.5
19093,1743379200000,3129184.1
19094,1743382800000,3100595.0
19095,1743386400000,3058148.1
19096,1743390000000,3083203.1
19097,1743393600000,3079753.2
19098,1743397200000,3057879.2
19099,1743400800000,3120259.8
19100,1743404400000,3130695.5
19101,1743408000000,3112457.4
19102,1743411600000,3145864.6
19103,1743415200000,3134523.0
19104,1743418800000,3136862.3
19105,1743422400000,3105247.8
19106,1743426000000,3095432.6
19107,1743429600000,3106009.0
19108,1743433200000,3081229.2
19109,1743436800000,3068213.7
19110,1743440400000,3074497.4
19111,1743444000000,3079133.3
19112,1743447600000,3064737.0
19113,1743451200000,3062766.1
19114,1743454800000,3042222.2
19115,1743458400000,3029175.3
19116,1743462000000,3031211.0
19117,1743465600000,3029457.3
19118,1743469200000,3025676.9
19119,1743472800000,3027611.9
19120,1743476400000,3020743.0
19121,1743480000000,3014087.7
19122,1743483600000,3031800.2
19123,1743487200000,3026539.6
19124,1743490800000,3040757.2
19125,1743494400000,3063786.6
19126,1743498000000,3020580.8
19127,1743501600000,2992775.1
19128,1743505200000,3010367.9
19129,1743508800000,3029776.5
19130,1743512400000,3037658.5
19131,1743516000000,3028974.8
19132,1743519600000,2982026.1
19133,1743523200000,2835196.2
19134,1743526800000,2850901.7
19135,1743530400000,2841755.7
19136,1743534000000,2839082.6
19137,1743537600000,2867393.6
19138,1743541200000,2859853.3
19139,1743544800000,2853155.3
19140,1743548400000,2848186.7
19141,1743552000000,2990226.3
19142,1743555600000,2906831.9
19143,1743559200000,2875869.6
19144,1743562800000,2835076.8
19145,1743566400000,2835586.0
19146,1743570000000,2822489.1
19147,1743573600000,2899430.7
19148,1743577200000,2884681.1
19149,1743580800000,2889857.2
19150,1743584400000,2887349.0
19151,1743588000000,2888003.7
19152,1743591600000,2886661.2
19153,1743595200000,2891435.4
19154,1743598800000,2895952.2
19155,1743602400000,2901149.1
19156,1743606000000,2910514.6
19157,1743609600000,2886888.1
19158,1743613200000,2846236.2
19159,1743616800000,2830734.1
19160,1743620400000,2835920.4
19161,1743624000000,2863882.9
19162,1743627600000,2802932.7
19163,1743631200000,2781012.5
19164,1743634800000,2796432.1
19165,1743638400000,2751426.7
19166,1743642000000,2689730.0
19167,1743645600000,2675827.29999999
19168,1743649200000,2651500.1
19169,1743652800000,2651229.7
19170,1743656400000,2677237.2
19171,1743660000000,2649680.29999999
19172,1743663600000,2617215.5
19173,1743667200000,2606361.7
19174,1743670800000,2620711.5
19175,1743674400000,2666600.5
19176,1743678000000,2689027.2
19177,1743681600000,2729549.0
19178,1743685200000,2739437.0
19179,1743688800000,2725914.79999999
19180,1743692400000,2742633.6
19181,1743696000000,2748105.5
19182,1743699600000,2736988.5
19183,1743703200000,2721231.0
19184,1743706800000,2721197.5
19185,1743710400000,2719849.7
19186,1743714000000,2712188.79999999
19187,1743717600000,2693061.79999999
19188,1743721200000,2677102.29999999
19189,1743724800000,2676645.9
19190,1743728400000,2685976.6
19191,1743732000000,2695339.1
19192,1743735600000,2674990.6
19193,1743739200000,2676843.1
19194,1743742800000,2685190.6
19195,1743746400000,2705406.1
19196,1743750000000,2696825.9
19197,1743753600000,2707393.4
19198,1743757200000,2753755.0
19199,1743760800000,2775754.0
19200,1743764400000,2738822.9
19201,1743768000000,2772866.79999999
19202,1743771600000,2777263.6
19203,1743775200000,2843640.5
19204,1743778800000,2853408.0
19205,1743782400000,2826050.0
19206,1743786000000,2912228.2
19207,1743789600000,2926892.4
19208,1743793200000,2908544.5
19209,1743796800000,2891833.6
19210,1743800400000,2890808.9
19211,1743804000000,2846310.7
19212,1743807600000,2846571.9
19213,1743811200000,2849065.7
19214,1743814800000,2852080.1
19215,1743818400000,2884085.1
19216,1743822000000,2886708.3
19217,1743825600000,2893394.2
19218,1743829200000,2892796.8
19219,1743832800000,2873789.7
19220,1743836400000,2868948.7
19221,1743840000000,2863282.2
19222,1743843600000,2859925.5
19223,1743847200000,2841398.7
19224,1743850800000,2818666.8
19225,1743854400000,2808389.9
19226,1743858000000,2823537.9
19227,1743861600000,2823041.4
19228,1743865200000,2836668.2
19229,1743868800000,2855275.8
19230,1743872400000,2864949.4
19231,1743876000000,2872685.0
19232,1743879600000,2874152.6
19233,1743883200000,2879179.8
19234,1743886800000,2863002.8
19235,1743890400000,2833391.9
19236,1743894000000,2840150.7
19237,1743897600000,2823969.5
19238,1743901200000,2842092.6
19239,1743904800000,2869651.0
19240,1743908400000,2857272.0
19241,1743912000000,2852585.8
19242,1743915600000,2862902.0
19243,1743919200000,2870785.2
19244,1743922800000,2886743.2
19245,1743926400000,2921612.9
19246,1743930000000,2896838.8
19247,1743933600000,2889619.0
19248,1743937200000,2909425.9
19249,1743940800000,2926988.6
19250,1743944400000,2940368.7
19251,1743948000000,2933979.4
19252,1743951600000,2994029.9
19253,1743955200000,2969226.3
19254,1743958800000,2965476.0
19255,1743962400000,2887476.9
19256,1743966000000,2845528.0
19257,1743969600000,2871630.1
19258,1743973200000,2929114.9
19259,1743976800000,2916571.2
19260,1743980400000,2896548.8
19261,1743984000000,2914111.4
19262,1743987600000,2923310.7
19263,1743991200000,2894109.1
19264,1743994800000,2898576.2
19265,1743998400000,2900837.3
19266,1744002000000,2891993.6
19267,1744005600000,2889837.9
19268,1744009200000,2951974.1
19269,1744012800000,2989720.7
19270,1744016400000,2987105.7
19271,1744020000000,2960887.5
19272,1744023600000,2948574.8
19273,1744027200000,2944930.9
19274,1744030800000,2935264.5
19275,1744034400000,2904084.6
19276,1744038000000,2810475.0
19277,1744041600000,2865272.0
19278,1744045200000,2853723.3
19279,1744048800000,2851848.0
19280,1744052400000,2809951.9
19281,1744056000000,2823589.8
19282,1744059600000,2810574.79999999
19283,1744063200000,2822063.6
19284,1744066800000,2836735.5
19285,1744070400000,2853072.8
19286,1744074000000,2837678.2
19287,1744077600000,2815415.5
19288,1744081200000,2811091.9
19289,1744084800000,2817032.0
19290,1744088400000,2827075.6
19291,1744092000000,2871541.6
19292,1744095600000,2888368.3
19293,1744099200000,2941211.3
19294,1744102800000,2967104.3
19295,1744106400000,2987895.8
19296,1744110000000,2984496.0
19297,1744113600000,2949548.1
19298,1744117200000,2925736.4
19299,1744120800000,2928722.9
19300,1744124400000,2936456.5
19301,1744128000000,2958388.1
19302,1744131600000,2933401.4
19303,1744135200000,2900011.5
19304,1744138800000,2910886.6
19305,1744142400000,2956668.2
19306,1744146000000,2949588.6
19307,1744149600000,2943553.7
19308,1744153200000,2963534.4
19309,1744156800000,2982739.0
19310,1744160400000,2965610.0
19311,1744164000000,2944574.8
19312,1744167600000,2905997.8
19313,1744171200000,2908381.3
19314,1744174800000,2932440.8
19315,1744178400000,2921822.7
19316,1744182000000,2924681.8
19317,1744185600000,2970121.0
19318,1744189200000,2942490.2
19319,1744192800000,2927072.5
19320,1744196400000,2967584.8
19321,1744200000000,2937266.6
19322,1744203600000,2949406.5
19323,1744207200000,2971402.3
19324,1744210800000,3058598.8
19325,1744214400000,3074264.2
19326,1744218000000,3177794.2
19327,1744221600000,3104524.6
19328,1744225200000,3050504.1
19329,1744228800000,3002490.0
19330,1744232400000,2943481.3
19331,1744236000000,2912208.1
19332,1744239600000,2849263.5
19333,1744243200000,2933688.6
19334,1744246800000,2941151.6
19335,1744250400000,2934469.8
19336,1744254000000,2921302.6
19337,1744257600000,2904479.8
19338,1744261200000,2946085.9
19339,1744264800000,2932346.1
19340,1744268400000,2902225.2
19341,1744272000000,2865614.3
19342,1744275600000,2854762.9
19343,1744279200000,2871382.0
19344,1744282800000,2857673.3
19345,1744286400000,2864965.4
19346,1744290000000,2839243.8
19347,1744293600000,2835781.0
19348,1744297200000,2826634.7
19349,1744300800000,2850644.7
19350,1744304400000,2882116.5
19351,1744308000000,2892887.0
19352,1744311600000,2885604.6
19353,1744315200000,2907837.6
19354,1744318800000,2915839.3
19355,1744322400000,2932338.3
19356,1744326000000,2930269.0
19357,1744329600000,2916498.0
19358,1744333200000,3065863.1
19359,1744336800000,3092988.7
19360,1744340400000,3112624.4
19361,1744344000000,3135305.8
19362,1744347600000,3113372.7
19363,1744351200000,3090900.2
19364,1744354800000,3092216.1
19365,1744358400000,3090258.3
19366,1744362000000,3049823.5
19367,1744365600000,3039380.2
19368,1744369200000,3142274.6
19369,1744372800000,3117873.1
19370,1744376400000,3150396.7
19371,1744380000000,3213144.9
19372,1744383600000,3204885.0
19373,1744387200000,3212258.4
19374,1744390800000,3173843.1
19375,1744394400000,3150124.2
19376,1744398000000,3162132.2
19377,1744401600000,3160099.2
19378,1744405200000,3164190.5
19379,1744408800000,3142764.4
19380,1744412400000,3134203.5
19381,1744416000000,3121797.7
19382,1744419600000,3106789.8
19383,1744423200000,3105627.4
19384,1744426800000,3127519.3
19385,1744430400000,3122314.7
19386,1744434000000,3110878.1
19387,1744437600000,3116085.6
19388,1744441200000,3136533.9
19389,1744444800000,3124895.1
19390,1744448400000,3127560.0
19391,1744452000000,3123544.8
19392,1744455600000,3124979.6
19393,1744459200000,3112456.1
19394,1744462800000,3133509.5
19395,1744466400000,3190448.6
19396,1744470000000,3223896.8
19397,1744473600000,3279472.1
19398,1744477200000,3205551.9
19399,1744480800000,3204369.3
19400,1744484400000,3215666.7
19401,1744488000000,3195618.1
19402,1744491600000,3204325.2
19403,1744495200000,3183620.6
19404,1744498800000,3179698.7
19405,1744502400000,3155741.5
19406,1744506000000,3147440.6
19407,1744509600000,3098218.1
19408,1744513200000,2963649.7
19409,1744516800000,2890400.2
19410,1744520400000,2884913.3
19411,1744524000000,2855147.9
19412,1744527600000,2827974.7
19413,1744531200000,2814424.5
19414,1744534800000,2801027.9
19415,1744538400000,2802642.9
19416,1744542000000,2814833.2
19417,1744545600000,2796015.2
19418,1744549200000,2836039.1
19419,1744552800000,2841591.3
19420,1744556400000,2850189.2
19421,1744560000000,2840948.6
19422,1744563600000,2845010.7
19423,1744567200000,2846489.4
19424,1744570800000,2860811.0
19425,1744574400000,2859793.0
19426,1744578000000,2839725.4
19427,1744581600000,2805661.29999999
19428,1744585200000,2812587.29999999
19429,1744588800000,2823338.2
19430,1744592400000,2829123.3
19431,1744596000000,2830990.8
19432,1744599600000,2815072.4
19433,1744603200000,2816900.3
19434,1744606800000,2811888.7
19435,1744610400000,2873764.6
19436,1744614000000,2881490.5
19437,1744617600000,2892112.0
19438,1744621200000,2876011.0
19439,1744624800000,2879212.9
19440,1744628400000,2933093.7
19441,1744632000000,3009935.0
19442,1744635600000,3055863.1
19443,1744639200000,2999898.7
19444,1744642800000,2981693.4
19445,1744646400000,2955369.4
19446,1744650000000,2887277.8
19447,1744653600000,2893270.7
19448,1744657200000,3026324.4
19449,1744660800000,3014903.8
19450,1744664400000,3006330.4
19451,1744668000000,2981192.3
19452,1744671600000,2967089.7
19453,1744675200000,2961211.0
19454,1744678800000,2963676.3
19455,1744682400000,2980127.5
19456,1744686000000,2979879.5
19457,1744689600000,2988102.6
19458,1744693200000,2998871.1
19459,1744696800000,3021259.5
19460,1744700400000,3017897.8
19461,1744704000000,3027594.9
19462,1744707600000,3037029.4
19463,1744711200000,3079705.4
19464,1744714800000,3103871.4
19465,1744718400000,3131339.5
19466,1744722000000,3136893.0
19467,1744725600000,3138372.6
19468,1744729200000,3100633.6
19469,1744732800000,3111918.5
19470,1744736400000,3102244.5
19471,1744740000000,3100507.6
19472,1744743600000,3088669.1
19473,1744747200000,3091732.1
19474,1744750800000,3083659.6
19475,1744754400000,3101514.8
19476,1744758000000,3119673.6
19477,1744761600000,3122331.4
19478,1744765200000,3123201.3
19479,1744768800000,3143011.3
19480,1744772400000,3148933.4
19481,1744776000000,3145002.6
19482,1744779600000,3175353.7
19483,1744783200000,3174735.6
19484,1744786800000,3182014.1
19485,1744790400000,3193271.0
19486,1744794000000,3188058.9
19487,1744797600000,3165881.7
19488,1744801200000,3181667.4
19489,1744804800000,3235396.0
19490,1744808400000,3240262.4
19491,1744812000000,3229047.4
19492,1744815600000,3234679.6
19493,1744819200000,3193081.8
19494,1744822800000,3188198.6
19495,1744826400000,3209514.5
19496,1744830000000,3226759.7
19497,1744833600000,3198178.4
19498,1744837200000,3164971.9
19499,1744840800000,3135072.8
19500,1744844400000,3108332.2
19501,1744848000000,3097097.6
19502,1744851600000,3111212.9
19503,1744855200000,3103283.5
19504,1744858800000,3108587.9
19505,1744862400000,3105129.5
19506,1744866000000,3097616.6
19507,1744869600000,3094451.5
19508,1744873200000,3036477.9
19509,1744876800000,3043419.1
19510,1744880400000,3017246.9
19511,1744884000000,3025934.2
19512,1744887600000,3044537.3
19513,1744891200000,3056267.6
19514,1744894800000,3064737.1
19515,1744898400000,3050084.6
19516,1744902000000,3012111.4
19517,1744905600000,3077668.7
19518,1744909200000,3089802.6
19519,1744912800000,3104738.2
19520,1744916400000,3065652.0
19521,1744920000000,3040240.7
19522,1744923600000,3035894.2
19523,1744927200000,3010741.1
19524,1744930800000,2995173.3
19525,1744934400000,2994715.7
19526,1744938000000,3013885.8
19527,1744941600000,3039393.0
19528,1744945200000,3043768.2
19529,1744948800000,3050894.1
19530,1744952400000,3057252.9
19531,1744956000000,3063261.2
19532,1744959600000,3063205.7
19533,1744963200000,3069020.4
19534,1744966800000,3052379.4
19535,1744970400000,3145739.6
19536,1744974000000,3148606.0
19537,1744977600000,3157936.4
19538,1744981200000,3171095.8
19539,1744984800000,3189685.1
19540,1744988400000,3191547.5
19541,1744992000000,3210778.8
19542,1744995600000,3295813.2
19543,1744999200000,3298030.2
19544,1745002800000,3283065.3
19545,1745006400000,3279805.6
19546,1745010000000,3271475.9
19547,1745013600000,3257082.8
19548,1745017200000,3243630.7
19549,1745020800000,3241287.1
19550,1745024400000,3239284.0
19551,1745028000000,3244967.4
19552,1745031600000,3245726.9
19553,1745035200000,3240068.9
19554,1745038800000,3225622.9
19555,1745042400000,3234871.5
19556,1745046000000,3243925.1
19557,1745049600000,3130347.6
19558,1745053200000,3138090.7
19559,1745056800000,3090375.7
19560,1745060400000,3067386.7
19561,1745064000000,3074187.8
19562,1745067600000,3070846.1
19563,1745071200000,3070568.3
19564,1745074800000,3082957.4
19565,1745078400000,3079419.6
19566,1745082000000,3070274.9
19567,1745085600000,3047829.1
19568,1745089200000,3010746.0
19569,1745092800000,3018057.5
19570,1745096400000,2999667.6
19571,1745100000000,2980030.5
19572,1745103600000,2981702.8
19573,1745107200000,2967374.1
19574,1745110800000,2983489.7
19575,1745114400000,2981348.9
19576,1745118000000,2968606.6
19577,1745121600000,2966888.2
19578,1745125200000,2962246.2
19579,1745128800000,2990873.9
19580,1745132400000,2981634.5
19581,1745136000000,2984069.7
19582,1745139600000,2956217.9
19583,1745143200000,2987530.4
19584,1745146800000,2927954.4
19585,1745150400000,2940028.3
19586,1745154000000,2948711.8
19587,1745157600000,2958535.5
19588,1745161200000,2961230.2
19589,1745164800000,2950656.0
19590,1745168400000,3025131.6
19591,1745172000000,3047335.2
19592,1745175600000,3070080.5
19593,1745179200000,3111435.2
19594,1745182800000,3104029.1
19595,1745186400000,3085425.9
19596,1745190000000,3090024.5
19597,1745193600000,3084645.6
19598,1745197200000,2999315.2
19599,1745200800000,2970464.2
19600,1745204400000,2944090.7
19601,1745208000000,2931546.3
19602,1745211600000,2907919.8
19603,1745215200000,2951442.2
19604,1745218800000,2904271.2
19605,1745222400000,2884509.5
19606,1745226000000,2927319.5
19607,1745229600000,2924782.2
19608,1745233200000,2900513.3
19609,1745236800000,2914570.3
19610,1745240400000,2886794.2
19611,1745244000000,2883579.0
19612,1745247600000,2901107.2
19613,1745251200000,2927944.2
19614,1745254800000,2950792.8
19615,1745258400000,2982189.7
19616,1745262000000,3004848.6
19617,1745265600000,2975004.1
19618,1745269200000,2959948.8
19619,1745272800000,2955800.4
19620,1745276400000,2934743.1
19621,1745280000000,2933595.7
19622,1745283600000,2921015.0
19623,1745287200000,2933238.8
19624,1745290800000,2918212.4
19625,1745294400000,2925094.8
19626,1745298000000,2918181.5
19627,1745301600000,2937226.9
19628,1745305200000,2955611.1
19629,1745308800000,2963253.0
19630,1745312400000,2964501.0
19631,1745316000000,2963372.0
19632,1745319600000,3058612.7
19633,1745323200000,3029157.1
19634,1745326800000,3040838.0
19635,1745330400000,3052455.0
19636,1745334000000,3028410.8
19637,1745337600000,2984822.0
19638,1745341200000,3030461.4
19639,1745344800000,3040090.5
19640,1745348400000,3033645.6
19641,1745352000000,3021877.0
19642,1745355600000,3033450.9
19643,1745359200000,2999595.0
19644,1745362800000,3027309.2
19645,1745366400000,3022566.0
19646,1745370000000,3012035.4
19647,1745373600000,3063049.1
19648,1745377200000,3050386.2
19649,1745380800000,3036930.2
19650,1745384400000,3023253.3
19651,1745388000000,3027380.7
19652,1745391600000,3027999.2
19653,1745395200000,3012081.3
19654,1745398800000,3036458.7
19655,1745402400000,3083948.6
19656,1745406000000,3071824.7
19657,1745409600000,3039127.7
19658,1745413200000,3041118.9
19659,1745416800000,3057501.1
19660,1745420400000,3037359.5
19661,1745424000000,3015241.9
19662,1745427600000,3008766.9
19663,1745431200000,2985866.5
19664,1745434800000,2984334.5
19665,1745438400000,2989451.8
19666,1745442000000,2963701.5
19667,1745445600000,2966767.1
19668,1745449200000,3019298.4
19669,1745452800000,3044591.7
19670,1745456400000,3027878.0
19671,1745460000000,3017755.7
19672,1745463600000,2994944.1
19673,1745467200000,2993609.0
19674,1745470800000,2989006.2
19675,1745474400000,3003315.9
19676,1745478000000,2999664.0
19677,1745481600000,3029677.1
19678,1745485200000,3044088.2
19679,1745488800000,3064520.3
19680,1745492400000,3094140.4
19681,1745496000000,3098645.2
19682,1745499600000,3107353.2
19683,1745503200000,3099907.0
19684,1745506800000,3099169.7
19685,1745510400000,3167395.2
19686,1745514000000,3180900.8
19687,1745517600000,3184744.4
19688,1745521200000,3192882.8
19689,1745524800000,3188794.3
19690,1745528400000,3199662.9
19691,1745532000000,3177727.5
19692,1745535600000,3190601.9
19693,1745539200000,3156342.5
19694,1745542800000,3165998.7
19695,1745546400000,3158541.9
19696,1745550000000,3181407.0
19697,1745553600000,3200663.6
19698,1745557200000,3205765.3
19699,1745560800000,3232707.5
19700,1745564400000,3237903.7
19701,1745568000000,3249260.3
19702,1745571600000,3273008.3
19703,1745575200000,3257948.2
19704,1745578800000,3245289.0
19705,1745582400000,3231501.1
19706,1745586000000,3238806.1
19707,1745589600000,3262499.7
19708,1745593200000,3218749.6
19709,1745596800000,3250433.9
19710,1745600400000,3277835.7
19711,1745604000000,3247661.6
19712,1745607600000,3245888.2
19713,1745611200000,3248861.4
19714,1745614800000,3244432.1
19715,1745618400000,3249157.6
19716,1745622000000,3242539.1
19717,1745625600000,3243467.7
19718,1745629200000,3246987.0
19719,1745632800000,3225886.3
19720,1745636400000,3199214.8
19721,1745640000000,3207252.8
19722,1745643600000,3232749.5
19723,1745647200000,3252106.8
19724,1745650800000,3261439.9
19725,1745654400000,3344572.3
19726,1745658000000,3388049.5
19727,1745661600000,3399580.3
19728,1745665200000,3426426.4
19729,1745668800000,3468337.8
19730,1745672400000,3475314.6
19731,1745676000000,3481246.4
19732,1745679600000,3472426.5
19733,1745683200000,3499488.9
19734,1745686800000,3510747.8
19735,1745690400000,3530195.8
19736,1745694000000,3533180.4
19737,1745697600000,3517858.0
19738,1745701200000,3527697.9
19739,1745704800000,3517136.7
19740,1745708400000,3501275.0
19741,1745712000000,3503424.8
19742,1745715600000,3480630.5
19743,1745719200000,3476178.9
19744,1745722800000,3480506.3
19745,1745726400000,3441949.9
19746,1745730000000,3425434.0
19747,1745733600000,3410860.5
19748,1745737200000,3422105.7
19749,1745740800000,3435407.0
19750,1745744400000,3439054.9
19751,1745748000000,3437702.8
19752,1745751600000,3459619.4
19753,1745755200000,3391357.0
19754,1745758800000,3327066.7
19755,1745762400000,3337719.7
19756,1745766000000,3331831.4
19757,1745769600000,3390225.7
19758,1745773200000,3405240.7
19759,1745776800000,3418841.5
19760,1745780400000,3436266.2
19761,1745784000000,3436291.0
19762,1745787600000,3421162.3
19763,1745791200000,3418753.2
19764,1745794800000,3432159.3
19765,1745798400000,3435041.7
19766,1745802000000,3383939.3
19767,1745805600000,3353993.6
19768,1745809200000,3383632.7
19769,1745812800000,3366735.4
19770,1745816400000,3351186.0
19771,1745820000000,3433762.4
19772,1745823600000,3457860.2
19773,1745827200000,3473488.8
19774,1745830800000,3421970.7
19775,1745834400000,3366102.0
19776,1745838000000,3358310.3
19777,1745841600000,3359034.9
19778,1745845200000,3326443.9
19779,1745848800000,3439228.5
19780,1745852400000,3459232.9
19781,1745856000000,3344747.5
19782,1745859600000,3281678.7
19783,1745863200000,3278631.2
19784,1745866800000,3289699.9
19785,1745870400000,3262607.4
19786,1745874000000,3231151.1
19787,1745877600000,3212016.2
19788,1745881200000,3200219.1
19789,1745884800000,3205819.9
19790,1745888400000,3202386.7
19791,1745892000000,3200151.2
19792,1745895600000,3208134.3
19793,1745899200000,3226590.6
19794,1745902800000,3228602.8
19795,1745906400000,3229915.9
19796,1745910000000,3216015.8
19797,1745913600000,3226261.6
19798,1745917200000,3197231.1
19799,1745920800000,3153845.0
19800,1745924400000,3145011.7
19801,1745928000000,3146682.0
19802,1745931600000,3119535.6
19803,1745935200000,3139012.9
19804,1745938800000,3195905.6
19805,1745942400000,3190638.0
19806,1745946000000,3184986.0
19807,1745949600000,3163172.3
19808,1745953200000,3163912.6
19809,1745956800000,3185368.5
19810,1745960400000,3166386.7
19811,1745964000000,3161169.9
19812,1745967600000,3155485.9
19813,1745971200000,3150445.0
19814,1745974800000,3156235.0
19815,1745978400000,3167864.0
19816,1745982000000,3157465.4
19817,1745985600000,3153932.2
19818,1745989200000,3158746.2
19819,1745992800000,3160076.5
19820,1745996400000,3171563.1
19821,1746000000000,3181279.6
19822,1746003600000,3182246.5
19823,1746007200000,3209292.5
19824,1746010800000,3234236.3
19825,1746014400000,3230359.3
19826,1746018000000,3239362.8
19827,1746021600000,3173383.6
19828,1746025200000,3174641.3
19829,1746028800000,3169061.4
19830,1746032400000,3170513.1
19831,1746036000000,3160030.4
19832,1746039600000,3109973.9
19833,1746043200000,3070647.7
19834,1746046800000,3018802.4
19835,1746050400000,3019550.9
19836,1746054000000,2983371.7
19837,1746057600000,2996524.6
19838,1746061200000,3017965.0
19839,1746064800000,3017086.0
19840,1746068400000,3023777.6
19841,1746072000000,3056631.9
19842,1746075600000,3052501.6
19843,1746079200000,3041921.2
19844,1746082800000,3065383.4
19845,1746086400000,3121804.4
19846,1746090000000,3123911.2
19847,1746093600000,3132774.8
19848,1746097200000,3073969.2
19849,1746100800000,3067878.2
19850,1746104400000,3077105.5
19851,1746108000000,3098670.5
19852,1746111600000,3130835.1
19853,1746115200000,3063701.1
19854,1746118800000,3063582.0
19855,1746122400000,3071866.5
19856,1746126000000,3097215.0
19857,1746129600000,3076769.5
19858,1746133200000,3090686.0
19859,1746136800000,3078018.8
19860,1746140400000,3078736.6
19861,1746144000000,3089101.5
19862,1746147600000,3147806.0
19863,1746151200000,3153276.2
19864,1746154800000,3150724.6
19865,1746158400000,3160373.0
19866,1746162000000,3176190.8
19867,1746165600000,3162448.7
19868,1746169200000,3154299.7
19869,1746172800000,3166626.0
19870,1746176400000,3178217.4
19871,1746180000000,3174512.1
19872,1746183600000,3192113.4
19873,1746187200000,3178785.8
19874,1746190800000,3168614.1
19875,1746194400000,3149763.3
19876,1746198000000,3149784.7
19877,1746201600000,3109731.6
19878,1746205200000,3093157.4
19879,1746208800000,3077752.3
19880,1746212400000,3097230.3
19881,1746216000000,3111505.9
19882,1746219600000,3134457.5
19883,1746223200000,3137544.5
19884,1746226800000,3152547.7
19885,1746230400000,3168033.8
19886,1746234000000,3171975.3
19887,1746237600000,3161092.2
19888,1746241200000,3167073.1
19889,1746244800000,3175255.4
19890,1746248400000,3178821.1
19891,1746252000000,3189165.5
19892,1746255600000,3167979.5
19893,1746259200000,3180535.0
19894,1746262800000,3201134.4
19895,1746266400000,3229937.7
19896,1746270000000,3265663.4
19897,1746273600000,3227491.7
19898,1746277200000,3252748.9
19899,1746280800000,3228671.1
19900,1746284400000,3260294.1
19901,1746288000000,3254290.7
19902,1746291600000,3275013.3
19903,1746295200000,3243528.1
19904,1746298800000,3253632.9
19905,1746302400000,3233729.9
19906,1746306000000,3232097.1
19907,1746309600000,3212756.8
19908,1746313200000,3216953.3
19909,1746316800000,3218701.3
19910,1746320400000,3204506.5
19911,1746324000000,3188205.8
19912,1746327600000,3191085.4
19913,1746331200000,3192931.7
19914,1746334800000,3204002.0
19915,1746338400000,3206865.2
19916,1746342000000,3199155.3
19917,1746345600000,3206650.6
19918,1746349200000,3216024.1
19919,1746352800000,3211613.6
19920,1746356400000,3223888.0
19921,1746360000000,3248227.2
19922,1746363600000,3243163.6
19923,1746367200000,3220841.4
19924,1746370800000,3217851.0
19925,1746374400000,3214010.3
19926,1746378000000,3234687.1
19927,1746381600000,3221812.4
19928,1746385200000,3228647.6
19929,1746388800000,3239452.0
19930,1746392400000,3229301.1
19931,1746396000000,3230015.0
19932,1746399600000,3228891.3
19933,1746403200000,3205634.5
19934,1746406800000,3197883.2
19935,1746410400000,3164712.5
19936,1746414000000,3177145.6
19937,1746417600000,3175398.8
19938,1746421200000,3171265.5
19939,1746424800000,3177857.2
19940,1746428400000,3176647.2
19941,1746432000000,3162102.1
19942,1746435600000,3173348.2
19943,1746439200000,3179478.2
19944,1746442800000,3159544.6
19945,1746446400000,3186748.0
19946,1746450000000,3191351.7
19947,1746453600000,3197795.7
19948,1746457200000,3200472.1
19949,1746460800000,3150699.5
19950,1746464400000,3141626.8
19951,1746468000000,3136833.9
19952,1746471600000,3121759.1
19953,1746475200000,3100717.9
19954,1746478800000,3092360.8
19955,1746482400000,3084300.2
19956,1746486000000,3084689.8
19957,1746489600000,3081485.3
19958,1746493200000,3096353.8
19959,1746496800000,3097619.2
19960,1746500400000,3104779.3
19961,1746504000000,3082958.4
19962,1746507600000,3090732.7
19963,1746511200000,3086555.8
19964,1746514800000,3061890.0
19965,1746518400000,3047712.0
19966,1746522000000,3057920.8
19967,1746525600000,3061685.6
19968,1746529200000,3026202.2
19969,1746532800000,3016447.8
19970,1746536400000,3050095.8
19971,1746540000000,3058050.2
19972,1746543600000,3073057.8
19973,1746547200000,3099486.6
19974,1746550800000,3068939.3
19975,1746554400000,3088705.5
19976,1746558000000,3096624.8
19977,1746561600000,3095422.8
19978,1746565200000,3108948.0
19979,1746568800000,3079085.9
19980,1746572400000,3040120.5
19981,1746576000000,3006883.6
19982,1746579600000,3009771.9
19983,1746583200000,2989604.4
19984,1746586800000,2979554.7
19985,1746590400000,2968737.9
19986,1746594000000,2949026.6
19987,1746597600000,2949384.1
19988,1746601200000,2954165.9
19989,1746604800000,2952620.8
19990,1746608400000,2966936.6
19991,1746612000000,3005787.1
19992,1746615600000,3005470.6
19993,1746619200000,3021068.1
19994,1746622800000,3043980.0
19995,1746626400000,3067126.8
19996,1746630000000,3065583.4
19997,1746633600000,3077488.6
19998,1746637200000,3066782.4
19999,1746640800000,3023341.0
20000,1746644400000,3083769.5
20001,1746648000000,3103122.3
20002,1746651600000,3142111.6
20003,1746655200000,3123797.5
20004,1746658800000,3070504.4
20005,1746662400000,3023552.1
20006,1746666000000,3017119.5
20007,1746669600000,2976710.7
20008,1746673200000,2982661.8
20009,1746676800000,2942616.2
20010,1746680400000,2917900.0
20011,1746684000000,2911374.0
20012,1746687600000,2912063.3
20013,1746691200000,2922169.3
20014,1746694800000,2976244.8
20015,1746698400000,2938610.6
20016,1746702000000,2915896.4
20017,1746705600000,2887012.8
20018,1746709200000,2891941.7
20019,1746712800000,2868600.1
20020,1746716400000,2911030.1
20021,1746720000000,2910381.1
20022,1746723600000,2930088.1
20023,1746727200000,2948165.9
20024,1746730800000,2967919.8
20025,1746734400000,2979400.2
20026,1746738000000,3053428.4
20027,1746741600000,2955488.5
20028,1746745200000,2898676.8
20029,1746748800000,2900603.2
20030,1746752400000,2945088.6
20031,1746756000000,2990503.3
20032,1746759600000,3002603.4
20033,1746763200000,2989878.6
20034,1746766800000,2970862.7
20035,1746770400000,2951149.3
20036,1746774000000,2967849.2
20037,1746777600000,2989777.0
20038,1746781200000,2910356.5
20039,1746784800000,2826270.4
20040,1746788400000,2847023.5
20041,1746792000000,2846813.1
20042,1746795600000,2807146.2
20043,1746799200000,2797452.9
20044,1746802800000,2779877.4
20045,1746806400000,2749892.29999999
20046,1746810000000,2762788.6
20047,1746813600000,2815880.7
20048,1746817200000,2809223.0
20049,1746820800000,2814563.2
20050,1746824400000,2808682.1
20051,1746828000000,2789263.2
20052,1746831600000,2785172.2
20053,1746835200000,2782868.29999999
20054,1746838800000,2807534.29999999
20055,1746842400000,2804384.5
20056,1746846000000,2844333.7
20057,1746849600000,2859256.8
20058,1746853200000,2872859.9
20059,1746856800000,2876776.4
20060,1746860400000,2916220.9
20061,1746864000000,2928432.6
20062,1746867600000,2892459.5
20063,1746871200000,2877564.1
20064,1746874800000,2835492.2
20065,1746878400000,2820311.5
20066,1746882000000,2807626.1
20067,1746885600000,2858116.7
20068,1746889200000,2858256.2
20069,1746892800000,2844273.2
20070,1746896400000,2830518.0
20071,1746900000000,2826644.6
20072,1746903600000,2850925.0
20073,1746907200000,2874949.9
20074,1746910800000,2900952.6
20075,1746914400000,2889083.5
20076,1746918000000,2918744.4
20077,1746921600000,2936020.8
20078,1746925200000,2920010.2
20079,1746928800000,2932344.0
20080,1746932400000,2999689.7
20081,1746936000000,3019022.9
20082,1746939600000,3021606.2
20083,1746943200000,3028346.5
20084,1746946800000,2944432.8
20085,1746950400000,2857377.0
20086,1746954000000,2854018.1
20087,1746957600000,2845837.2
20088,1746961200000,2867176.2
20089,1746964800000,2857843.7
20090,1746968400000,2846587.5
20091,1746972000000,2864468.4
20092,1746975600000,2867937.2
20093,1746979200000,2837285.3
20094,1746982800000,2851708.2
20095,1746986400000,2845641.3
20096,1746990000000,2851924.0
20097,1746993600000,2865838.3
20098,1746997200000,2862284.4
20099,1747000800000,2886556.3
20100,1747004400000,2885202.5
20101,1747008000000,2884529.5
20102,1747011600000,2910642.9
20103,1747015200000,2855613.0
20104,1747018800000,2851613.3
20105,1747022400000,2842696.2
20106,1747026000000,2837181.0
20107,1747029600000,2840241.0
20108,1747033200000,2819980.7
20109,1747036800000,2873357.0
20110,1747040400000,2930857.5
20111,1747044000000,2897820.1
20112,1747047600000,2889868.3
20113,1747051200000,2865954.3
20114,1747054800000,2865336.8
20115,1747058400000,2859458.6
20116,1747062000000,2870823.3
20117,1747065600000,2848890.9
20118,1747069200000,2823239.4
20119,1747072800000,2831635.7
20120,1747076400000,2752627.0
20121,1747080000000,2789100.7
20122,1747083600000,2763792.0
20123,1747087200000,2739134.0
20124,1747090800000,2747760.2
20125,1747094400000,2759714.2
20126,1747098000000,2734092.6
20127,1747101600000,2705522.2
20128,1747105200000,2681603.1
20129,1747108800000,2664058.2
20130,1747112400000,2666151.4
20131,1747116000000,2675858.9
20132,1747119600000,2664608.2
20133,1747123200000,2655839.5
20134,1747126800000,2630428.6
20135,1747130400000,2640423.1
20136,1747134000000,2641357.7
20137,1747137600000,2663583.4
20138,1747141200000,2676156.29999999
20139,1747144800000,2682506.5
20140,1747148400000,2673381.2
20141,1747152000000,2664896.2
20142,1747155600000,2659312.4
20143,1747159200000,2665495.1
20144,1747162800000,2676181.4
20145,1747166400000,2648914.0
20146,1747170000000,2661250.29999999
20147,1747173600000,2650896.9
20148,1747177200000,2652129.29999999
20149,1747180800000,2654659.7
20150,1747184400000,2640767.7
20151,1747188000000,2627387.9
20152,1747191600000,2734018.2
20153,1747195200000,2736722.5
20154,1747198800000,2782515.29999999
20155,1747202400000,2803916.4
20156,1747206000000,2805335.0
20157,1747209600000,2808097.5
20158,1747213200000,2822008.9
20159,1747216800000,2822396.6
20160,1747220400000,2824783.4
20161,1747224000000,2855559.7
20162,1747227600000,2840998.5
20163,1747231200000,2851072.6
20164,1747234800000,2868959.6
20165,1747238400000,2851890.7
20166,1747242000000,2932755.5
20167,1747245600000,2908393.3
20168,1747249200000,2935528.0
20169,1747252800000,2943457.3
20170,1747256400000,2943309.2
20171,1747260000000,2917165.7
20172,1747263600000,2919963.5
20173,1747267200000,2906480.1
20174,1747270800000,2980611.8
20175,1747274400000,2955958.2
20176,1747278000000,2993169.1
20177,1747281600000,2999347.8
20178,1747285200000,3008797.4
20179,1747288800000,3011309.1
20180,1747292400000,3020883.0
20181,1747296000000,3002990.8
20182,1747299600000,3097141.0
20183,1747303200000,3030143.2
20184,1747306800000,3023012.5
20185,1747310400000,3111900.6
20186,1747314000000,3107136.5
20187,1747317600000,3075434.0
20188,1747321200000,3070443.3
20189,1747324800000,3156558.5
20190,1747328400000,3119269.7
20191,1747332000000,3107065.8
20192,1747335600000,3071754.6
20193,1747339200000,3050872.3
20194,1747342800000,3057295.3
20195,1747346400000,3019372.5
20196,1747350000000,2998290.8
20197,1747353600000,3102900.3
20198,1747357200000,3069427.7
20199,1747360800000,3076922.6
20200,1747364400000,3055262.9
20201,1747368000000,3071192.8
20202,1747371600000,3086625.2
20203,1747375200000,3087757.0
20204,1747378800000,3100730.7
20205,1747382400000,3110099.0
20206,1747386000000,3089659.3
20207,1747389600000,3096933.2
20208,1747393200000,3108611.2
20209,1747396800000,3134455.1
20210,1747400400000,3109690.2
20211,1747404000000,3123842.7
20212,1747407600000,3138680.3
20213,1747411200000,3198738.2
20214,1747414800000,3168806.1
20215,1747418400000,3115507.8
20216,1747422000000,3111035.3
20217,1747425600000,3103274.7
20218,1747429200000,3122546.9
20219,1747432800000,3087243.8
20220,1747436400000,3121808.7
20221,1747440000000,3113899.3
20222,1747443600000,3057272.1
20223,1747447200000,3040741.3
20224,1747450800000,3101065.5
20225,1747454400000,3077533.6
20226,1747458000000,3058337.2
20227,1747461600000,3047014.2
20228,1747465200000,3049308.5
20229,1747468800000,3038999.1
20230,1747472400000,3051256.9
20231,1747476000000,3053660.3
20232,1747479600000,3063714.3
20233,1747483200000,3069315.8
20234,1747486800000,3033389.8
20235,1747490400000,3029940.8
20236,1747494000000,3036480.6
20237,1747497600000,3028642.1
20238,1747501200000,3024571.1
20239,1747504800000,3027622.5
20240,1747508400000,3035662.6
20241,1747512000000,3045018.4
20242,1747515600000,3055251.5
20243,1747519200000,3028242.7
20244,1747522800000,3013479.8
20245,1747526400000,3015406.0
20246,1747530000000,3029269.5
20247,1747533600000,3016703.7
20248,1747537200000,3023377.2
20249,1747540800000,3029515.8
20250,1747544400000,3023988.4
20251,1747548000000,3038260.4
20252,1747551600000,3036260.3
20253,1747555200000,3029685.4
20254,1747558800000,3037962.4
20255,1747562400000,3027510.4
20256,1747566000000,3031978.6
20257,1747569600000,3049135.3
20258,1747573200000,3053773.4
20259,1747576800000,3056026.5
20260,1747580400000,3083284.1
20261,1747584000000,3050203.9
20262,1747587600000,3039876.8
20263,1747591200000,2997738.9
20264,1747594800000,2956203.1
20265,1747598400000,2949668.8
20266,1747602000000,2934030.8
20267,1747605600000,2937782.3
20268,1747609200000,2924518.3
20269,1747612800000,2959513.3
20270,1747616400000,2942287.1
20271,1747620000000,2925526.9
20272,1747623600000,2941348.7
20273,1747627200000,2933271.1
20274,1747630800000,2927745.4
20275,1747634400000,2921670.9
20276,1747638000000,2941742.8
20277,1747641600000,2946097.7
20278,1747645200000,2950425.4
20279,1747648800000,2948678.3
20280,1747652400000,2953049.9
20281,1747656000000,2949038.7
20282,1747659600000,2954318.7
20283,1747663200000,2954651.9
20284,1747666800000,2974442.4
20285,1747670400000,2968546.6
20286,1747674000000,2990584.4
20287,1747677600000,2940414.8
20288,1747681200000,2928338.7
20289,1747684800000,2927128.3
20290,1747688400000,2933490.6
20291,1747692000000,2920783.3
20292,1747695600000,2917401.5
20293,1747699200000,2915121.2
20294,1747702800000,2935478.3
20295,1747706400000,2965482.5
20296,1747710000000,2959559.5
20297,1747713600000,2952967.1
20298,1747717200000,2954876.7
20299,1747720800000,2973525.0
20300,1747724400000,2973073.9
20301,1747728000000,2955796.2
20302,1747731600000,2958808.1
20303,1747735200000,2966436.1
20304,1747738800000,2984925.6
20305,1747742400000,2987575.5
20306,1747746000000,3014415.6
20307,1747749600000,3008041.6
20308,1747753200000,3015673.1
20309,1747756800000,3019824.7
20310,1747760400000,3017453.1
20311,1747764000000,3032386.4
20312,1747767600000,3036380.7
20313,1747771200000,3027040.0
20314,1747774800000,3023918.4
20315,1747778400000,3064747.0
20316,1747782000000,3065455.8
20317,1747785600000,3048819.3
20318,1747789200000,3039563.7
20319,1747792800000,3037005.6
20320,1747796400000,3010327.4
20321,1747800000000,3029820.2
20322,1747803600000,3011921.8
20323,1747807200000,2996485.0
20324,1747810800000,2997895.4
20325,1747814400000,3012339.1
20326,1747818000000,3021461.4
20327,1747821600000,3020511.8
20328,1747825200000,3014840.2
20329,1747828800000,3020530.0
20330,1747832400000,3015269.4
20331,1747836000000,2997651.2
20332,1747839600000,2989899.2
20333,1747843200000,3076163.6
20334,1747846800000,3027878.4
20335,1747850400000,3008245.6
20336,1747854000000,2975127.6
20337,1747857600000,2956779.6
20338,1747861200000,2958154.1
20339,1747864800000,2959962.0
20340,1747868400000,2997143.9
20341,1747872000000,2985757.7
20342,1747875600000,2991160.2
20343,1747879200000,2979429.6
20344,1747882800000,2961800.1
20345,1747886400000,2951286.3
20346,1747890000000,2951324.7
20347,1747893600000,2960092.4
20348,1747897200000,2973811.9
20349,1747900800000,2934474.8
20350,1747904400000,2942957.0
20351,1747908000000,2956422.4
20352,1747911600000,3008619.1
20353,1747915200000,3001873.3
20354,1747918800000,3002033.1
20355,1747922400000,2949646.8
20356,1747926000000,3007023.3
20357,1747929600000,2992168.7
20358,1747933200000,2979551.8
20359,1747936800000,3003735.8
20360,1747940400000,2986468.9
20361,1747944000000,2940205.7
20362,1747947600000,2954750.9
20363,1747951200000,2933019.9
20364,1747954800000,2934027.7
20365,1747958400000,2916544.2
20366,1747962000000,2885510.7
20367,1747965600000,2861574.3
20368,1747969200000,2864969.6
20369,1747972800000,2878524.0
20370,1747976400000,2879612.7
20371,1747980000000,2871971.7
20372,1747983600000,2843250.7
20373,1747987200000,2822271.6
20374,1747990800000,2830425.2
20375,1747994400000,2863969.3
20376,1747998000000,2847026.0
20377,1748001600000,2845854.8
20378,1748005200000,2878356.2
20379,1748008800000,2875674.7
20380,1748012400000,2869722.7
20381,1748016000000,2825025.4
20382,1748019600000,2900924.1
20383,1748023200000,2885717.7
20384,1748026800000,2894563.6
20385,1748030400000,2866141.1
20386,1748034000000,2870586.7
20387,1748037600000,2859099.1
20388,1748041200000,2883462.7
20389,1748044800000,2884148.7
20390,1748048400000,2897712.5
20391,1748052000000,2897793.9
20392,1748055600000,2914581.2
20393,1748059200000,2923275.6
20394,1748062800000,2926949.9
20395,1748066400000,2920046.3
20396,1748070000000,2916495.1
20397,1748073600000,2916855.1
20398,1748077200000,2924152.2
20399,1748080800000,2924395.9
20400,1748084400000,2922211.6
20401,1748088000000,2941833.7
20402,1748091600000,2934830.5
20403,1748095200000,2942130.6
20404,1748098800000,2938230.6
20405,1748102400000,2963996.3
20406,1748106000000,2948312.8
20407,1748109600000,2959816.9
20408,1748113200000,2939257.3
20409,1748116800000,2932212.7
20410,1748120400000,2933552.0
20411,1748124000000,2917732.7
20412,1748127600000,2912435.9
20413,1748131200000,2919593.1
20414,1748134800000,2916757.8
20415,1748138400000,2924737.3
20416,1748142000000,2936634.9
20417,1748145600000,2947241.4
20418,1748149200000,2952380.0
20419,1748152800000,2953166.3
20420,1748156400000,2956441.7
20421,1748160000000,2946763.6
20422,1748163600000,2963199.4
20423,1748167200000,2984349.3
20424,1748170800000,3001688.4
20425,1748174400000,2963709.2
20426,1748178000000,3002904.4
20427,1748181600000,3006504.3
20428,1748185200000,3014094.8
20429,1748188800000,3010916.0
20430,1748192400000,3022842.6
20431,1748196000000,3027275.4
20432,1748199600000,3027494.7
20433,1748203200000,3080097.7
20434,1748206800000,3068810.7
20435,1748210400000,3056820.1
20436,1748214000000,3086469.4
20437,1748217600000,3027946.8
20438,1748221200000,3030654.7
20439,1748224800000,3029863.8
20440,1748228400000,3020079.7
20441,1748232000000,3000859.4
20442,1748235600000,3031512.0
20443,1748239200000,3042571.6
20444,1748242800000,3036278.4
20445,1748246400000,3061855.7
20446,1748250000000,3064113.9
20447,1748253600000,3027695.5
20448,1748257200000,3044413.9
20449,1748260800000,3036522.6
20450,1748264400000,3025263.0
20451,1748268000000,3016194.3
20452,1748271600000,3003062.0
20453,1748275200000,3013087.2
20454,1748278800000,3005851.6
20455,1748282400000,2997644.1
20456,1748286000000,2994213.9
20457,1748289600000,2967827.3
20458,1748293200000,2966968.6
20459,1748296800000,2966218.0
20460,1748300400000,2960293.8
20461,1748304000000,2963011.8
20462,1748307600000,2962412.1
20463,1748311200000,2958809.6
20464,1748314800000,2944947.6
20465,1748318400000,2936601.5
20466,1748322000000,2951794.8
20467,1748325600000,2956778.7
20468,1748329200000,2953379.8
20469,1748332800000,2947801.5
20470,1748336400000,2957112.0
20471,1748340000000,2962823.4
20472,1748343600000,2977017.9
20473,1748347200000,2988036.9
20474,1748350800000,3000276.3
20475,1748354400000,2994512.0
20476,1748358000000,3027973.5
20477,1748361600000,3011309.6
20478,1748365200000,3046813.7
20479,1748368800000,3062153.8
20480,1748372400000,3055259.9
20481,1748376000000,3050363.4
20482,1748379600000,3054855.1
20483,1748383200000,3042123.5
20484,1748386800000,3034836.6
20485,1748390400000,3029923.3
20486,1748394000000,3043153.9
20487,1748397600000,3005068.1
20488,1748401200000,3003843.0
20489,1748404800000,3008428.9
20490,1748408400000,2987757.5
20491,1748412000000,2984562.6
20492,1748415600000,2973354.1
20493,1748419200000,2981972.0
20494,1748422800000,2987118.7
20495,1748426400000,2988780.2
20496,1748430000000,3063575.9
20497,1748433600000,3031719.6
20498,1748437200000,3057899.9
20499,1748440800000,3009882.2
20500,1748444400000,2976150.2
20501,1748448000000,3018626.2
20502,1748451600000,3012908.2
20503,1748455200000,3017471.4
20504,1748458800000,3025242.1
20505,1748462400000,3024466.5
20506,1748466000000,3051471.0
20507,1748469600000,3037685.8
20508,1748473200000,3027100.6
20509,1748476800000,2997527.3
20510,1748480400000,3055058.8
20511,1748484000000,3013405.3
20512,1748487600000,2980417.5
20513,1748491200000,2979064.1
20514,1748494800000,2964505.1
20515,1748498400000,2971418.8
20516,1748502000000,2962786.3
20517,1748505600000,2958229.0
20518,1748509200000,2987817.0
20519,1748512800000,3024214.9
20520,1748516400000,3023941.3
20521,1748520000000,3044358.7
20522,1748523600000,3048813.7
20523,1748527200000,3062546.5
20524,1748530800000,3080132.1
20525,1748534400000,3118800.8
20526,1748538000000,3141472.4
20527,1748541600000,3222337.4
20528,1748545200000,3170790.0
20529,1748548800000,3194215.1
20530,1748552400000,3209078.0
20531,1748556000000,3190777.1
20532,1748559600000,3200416.1
20533,1748563200000,3183658.7
20534,1748566800000,3137006.7
20535,1748570400000,3130381.7
20536,1748574000000,3144160.9
20537,1748577600000,3131180.6
20538,1748581200000,3126456.3
20539,1748584800000,3137515.4
20540,1748588400000,3106845.8
20541,1748592000000,3095613.2
20542,1748595600000,3093133.7
20543,1748599200000,3080492.7
20544,1748602800000,3083684.1
20545,1748606400000,3086344.3
20546,1748610000000,3054758.6
20547,1748613600000,3045087.8
20548,1748617200000,3054785.0
20549,1748620800000,3068586.4
20550,1748624400000,2986664.5
20551,1748628000000,3020891.0
20552,1748631600000,3038076.0
20553,1748635200000,3016673.4
20554,1748638800000,3023096.8
20555,1748642400000,2994477.8
20556,1748646000000,3005019.2
20557,1748649600000,3009140.6
20558,1748653200000,2980876.2
20559,1748656800000,2957133.8
20560,1748660400000,2953022.3
20561,1748664000000,2928450.5
20562,1748667600000,2938083.4
20563,1748671200000,2938147.7
20564,1748674800000,2937858.3
20565,1748678400000,2936826.8
20566,1748682000000,2929495.4
20567,1748685600000,2929795.6
20568,1748689200000,2921507.5
20569,1748692800000,2924096.6
20570,1748696400000,2923510.5
20571,1748700000000,2909844.0
20572,1748703600000,2903991.3
20573,1748707200000,2903139.0
20574,1748710800000,2925224.8
20575,1748714400000,2896141.7
20576,1748718000000,2894754.0
20577,1748721600000,2897592.3
20578,1748725200000,2938904.1
20579,1748728800000,2936663.2
20580,1748732400000,2927406.9
20581,1748736000000,2921835.3
20582,1748739600000,2902619.9
20583,1748743200000,2922172.0
20584,1748746800000,2806335.5
20585,1748750400000,2810421.4
20586,1748754000000,2829895.2
20587,1748757600000,2842954.0
20588,1748761200000,2851850.0
20589,1748764800000,2840123.3
20590,1748768400000,2852350.3
20591,1748772000000,2864959.5
20592,1748775600000,2875154.8
20593,1748779200000,2860572.9
20594,1748782800000,2879939.6
20595,1748786400000,2892945.4
20596,1748790000000,2897079.7
20597,1748793600000,2907585.1
20598,1748797200000,2926151.7
20599,1748800800000,2909946.3
20600,1748804400000,2907111.7
20601,1748808000000,2899148.9
20602,1748811600000,2898747.5
20603,1748815200000,2896966.9
20604,1748818800000,2893976.1
20605,1748822400000,2896735.4
20606,1748826000000,2917884.9
20607,1748829600000,2913363.4
20608,1748833200000,2916663.4
20609,1748836800000,2907928.9
20610,1748840400000,2919161.0
20611,1748844000000,2917808.5
20612,1748847600000,2924972.2
20613,1748851200000,2916394.3
20614,1748854800000,2943497.4
20615,1748858400000,2942663.2
20616,1748862000000,2937552.1
20617,1748865600000,2947038.3
20618,1748869200000,2957298.8
20619,1748872800000,2945237.7
20620,1748876400000,2948834.7
20621,1748880000000,2923790.0
20622,1748883600000,2925986.8
20623,1748887200000,2925977.7
20624,1748890800000,2931750.2
20625,1748894400000,2929990.4
20626,1748898000000,2895713.3
20627,1748901600000,2874670.8
20628,1748905200000,2849584.0
20629,1748908800000,2865126.5
20630,1748912400000,2870295.9
20631,1748916000000,2833611.1
20632,1748919600000,2836875.4
20633,1748923200000,2843893.1
20634,1748926800000,2846268.1
20635,1748930400000,2869088.3
20636,1748934000000,2870959.1
20637,1748937600000,2869249.6
20638,1748941200000,2859356.3
20639,1748944800000,2865193.2
20640,1748948400000,2866685.7
20641,1748952000000,2856860.2
20642,1748955600000,2869276.4
20643,1748959200000,2878081.9
20644,1748962800000,2884272.7
20645,1748966400000,2907545.8
20646,1748970000000,2915201.7
20647,1748973600000,2913385.3
20648,1748977200000,2937496.0
20649,1748980800000,2923830.4
20650,1748984400000,2914517.8
20651,1748988000000,2945328.5
20652,1748991600000,2932380.4
20653,1748995200000,2933816.4
20654,1748998800000,2945797.1
20655,1749002400000,2925833.9
20656,1749006000000,2893747.7
20657,1749009600000,2897539.7
20658,1749013200000,2895351.4
20659,1749016800000,2895888.3
20660,1749020400000,2898579.4
20661,1749024000000,2900072.0
20662,1749027600000,2900655.4
20663,1749031200000,2915679.4
20664,1749034800000,2913394.2
20665,1749038400000,2931440.5
20666,1749042000000,2936199.5
20667,1749045600000,2962505.5
20668,1749049200000,2955852.2
20669,1749052800000,2953455.9
20670,1749056400000,2961840.5
20671,1749060000000,2956050.5
20672,1749063600000,2951358.0
20673,1749067200000,2954689.5
20674,1749070800000,2986366.6
20675,1749074400000,2894389.4
20676,1749078000000,2890275.5
20677,1749081600000,2883738.4
20678,1749085200000,2872337.7
20679,1749088800000,2882971.4
20680,1749092400000,2873302.2
20681,1749096000000,2880728.5
20682,1749099600000,2872385.5
20683,1749103200000,2849874.9
20684,1749106800000,2866510.1
20685,1749110400000,2840408.0
20686,1749114000000,2842149.1
20687,1749117600000,2845192.0
20688,1749121200000,2846021.3
20689,1749124800000,2848908.8
20690,1749128400000,2819833.9
20691,1749132000000,2803828.5
20692,1749135600000,2822098.9
20693,1749139200000,2865970.6
20694,1749142800000,2834568.1
20695,1749146400000,2836117.6
20696,1749150000000,2864798.0
20697,1749153600000,2782307.4
20698,1749157200000,2818659.4
20699,1749160800000,2864962.5
20700,1749164400000,2828087.3
20701,1749168000000,2850366.4
20702,1749171600000,2832111.2
20703,1749175200000,2832034.7
20704,1749178800000,2807288.0
20705,1749182400000,2810905.4
20706,1749186000000,2793104.9
20707,1749189600000,2813546.4
20708,1749193200000,2794085.6
20709,1749196800000,2795144.6
20710,1749200400000,2783560.79999999
20711,1749204000000,2791388.9
20712,1749207600000,2784019.0
20713,1749211200000,2805708.4
20714,1749214800000,2816740.1
20715,1749218400000,2823942.6
20716,1749222000000,2816993.2
20717,1749225600000,2814342.0
20718,1749229200000,2806836.7
20719,1749232800000,2828881.3
20720,1749236400000,2850555.1
20721,1749240000000,2843368.9
20722,1749243600000,2836470.0
20723,1749247200000,2819263.7
20724,1749250800000,2848725.3
20725,1749254400000,2854346.0
20726,1749258000000,2847888.3
20727,1749261600000,2841653.2
20728,1749265200000,2836913.8
20729,1749268800000,2833197.8
20730,1749272400000,2841256.9
20731,1749276000000,2847364.3
20732,1749279600000,2866492.5
20733,1749283200000,2930810.6
20734,1749286800000,2957363.4
20735,1749290400000,2979023.9
20736,1749294000000,3007386.0
20737,1749297600000,3059632.8
20738,1749301200000,3064378.1
20739,1749304800000,3056063.3
20740,1749308400000,3146110.7
20741,1749312000000,3112291.8
20742,1749315600000,3087929.7
20743,1749319200000,3084364.8
20744,1749322800000,3046365.3
20745,1749326400000,3053637.9
20746,1749330000000,3049140.0
20747,1749333600000,3018339.4
20748,1749337200000,3043088.1
20749,1749340800000,2986441.2
20750,1749344400000,2902892.0
20751,1749348000000,2906091.8
20752,1749351600000,2908226.4
20753,1749355200000,2920391.7
20754,1749358800000,2930138.7
20755,1749362400000,2917777.2
20756,1749366000000,2941134.2
20757,1749369600000,2929302.1
20758,1749373200000,2937172.6
20759,1749376800000,2945475.7
20760,1749380400000,2927636.1
20761,1749384000000,2911605.4
20762,1749387600000,2898009.8
20763,1749391200000,2911033.5
20764,1749394800000,2906330.0
20765,1749398400000,2900802.8
20766,1749402000000,3046311.7
20767,1749405600000,3037419.0
20768,1749409200000,3034839.4
20769,1749412800000,3059247.6
20770,1749416400000,3075543.0
20771,1749420000000,3074952.7
20772,1749423600000,3053783.2
20773,1749427200000,3037276.8
20774,1749430800000,3020039.0
20775,1749434400000,3018900.3
20776,1749438000000,2986580.5
20777,1749441600000,2950999.0
20778,1749445200000,2933280.1
20779,1749448800000,2940509.8
20780,1749452400000,3030091.6
20781,1749456000000,3039257.1
20782,1749459600000,3031772.7
20783,1749463200000,3063479.4
20784,1749466800000,3061821.8
20785,1749470400000,3118641.2
20786,1749474000000,3109640.5
20787,1749477600000,3118172.0
20788,1749481200000,3082087.3
20789,1749484800000,3071643.7
20790,1749488400000,3034497.3
20791,1749492000000,3050267.7
20792,1749495600000,3055034.1
20793,1749499200000,3043544.9
20794,1749502800000,3017360.5
20795,1749506400000,2944063.4
20796,1749510000000,2961237.3
20797,1749513600000,2955299.6
20798,1749517200000,2947663.1
20799,1749520800000,2934633.8
20800,1749524400000,2914448.8
20801,1749528000000,2892166.0
20802,1749531600000,2879159.5
20803,1749535200000,2850167.5
20804,1749538800000,2852963.4
20805,1749542400000,2857709.0
20806,1749546000000,2868679.3
20807,1749549600000,2877652.6
20808,1749553200000,2882726.2
20809,1749556800000,2868487.3
20810,1749560400000,2902068.6
20811,1749564000000,2906015.2
20812,1749567600000,2913842.9
20813,1749571200000,2954209.4
20814,1749574800000,2940493.9
20815,1749578400000,2938422.9
20816,1749582000000,2947451.1
20817,1749585600000,2932332.1
20818,1749589200000,2928924.5
20819,1749592800000,2928595.8
20820,1749596400000,2968735.2
20821,1749600000000,2975185.8
20822,1749603600000,2967888.6
20823,1749607200000,2969356.9
20824,1749610800000,2978375.3
20825,1749614400000,2974954.9
20826,1749618000000,2975561.6
20827,1749621600000,2983057.8
20828,1749625200000,2988381.0
20829,1749628800000,2977003.5
20830,1749632400000,2982285.2
20831,1749636000000,2952884.8
20832,1749639600000,2957274.0
20833,1749643200000,2974968.0
20834,1749646800000,2995443.8
20835,1749650400000,2982300.0
20836,1749654000000,2978202.0
20837,1749657600000,2977503.0
20838,1749661200000,2986650.8
20839,1749664800000,2981645.5
20840,1749668400000,3111035.7
20841,1749672000000,3111087.3
20842,1749675600000,3069371.7
20843,1749679200000,3046863.5
20844,1749682800000,3030472.6
20845,1749686400000,3033069.3
20846,1749690000000,3049514.9
20847,1749693600000,3062869.8
20848,1749697200000,3058574.3
20849,1749700800000,3037038.0
20850,1749704400000,3021220.3
20851,1749708000000,3020644.0
20852,1749711600000,3022468.8
20853,1749715200000,3023702.1
20854,1749718800000,3041852.7
20855,1749722400000,3069452.9
20856,1749726000000,3069986.4
20857,1749729600000,3083689.9
20858,1749733200000,3113177.9
20859,1749736800000,3123238.9
20860,1749740400000,3109972.5
20861,1749744000000,3112408.8
20862,1749747600000,3164555.0
20863,1749751200000,3164818.0
20864,1749754800000,3150758.4
20865,1749758400000,3139647.4
20866,1749762000000,3203105.5
20867,1749765600000,3197528.7
20868,1749769200000,3196920.0
20869,1749772800000,3171346.2
20870,1749776400000,3111594.9
20871,1749780000000,3165033.7
20872,1749783600000,3174701.7
20873,1749787200000,3141858.6
20874,1749790800000,3150143.6
20875,1749794400000,3152393.1
20876,1749798000000,3231736.2
20877,1749801600000,3271868.2
20878,1749805200000,3243913.1
20879,1749808800000,3189152.7
20880,1749812400000,3191750.5
20881,1749816000000,3214396.6
20882,1749819600000,3226047.5
20883,1749823200000,3208760.5
20884,1749826800000,3211521.9
20885,1749830400000,3222024.4
20886,1749834000000,3214868.5
20887,1749837600000,3251487.9
20888,1749841200000,3166168.6
20889,1749844800000,3164619.9
20890,1749848400000,3089420.7
20891,1749852000000,3081841.7
20892,1749855600000,3088796.2
20893,1749859200000,3097899.2
20894,1749862800000,3103589.9
20895,1749866400000,3100535.0
20896,1749870000000,3094309.8
20897,1749873600000,3090734.4
20898,1749877200000,3100740.3
20899,1749880800000,3126323.0
20900,1749884400000,3125646.6
20901,1749888000000,3134499.0
20902,1749891600000,3132849.3
20903,1749895200000,3146455.5
20904,1749898800000,3146733.4
20905,1749902400000,3148121.2
20906,1749906000000,3138747.3
20907,1749909600000,3142181.2
20908,1749913200000,3148250.0
20909,1749916800000,3159728.0
20910,1749920400000,3150629.7
20911,1749924000000,3167252.7
20912,1749927600000,3149090.7
20913,1749931200000,3136179.2
20914,1749934800000,3138198.1
20915,1749938400000,3124501.1
20916,1749942000000,3112126.2
20917,1749945600000,3109847.3
20918,1749949200000,3114273.4
20919,1749952800000,3099164.6
20920,1749956400000,3104297.5
20921,1749960000000,3108258.9
20922,1749963600000,3122160.6
20923,1749967200000,3126327.4
20924,1749970800000,3122817.8
20925,1749974400000,3137216.3
20926,1749978000000,3121951.0
20927,1749981600000,3122113.7
20928,1749985200000,3197591.6
20929,1749988800000,3207377.3
20930,1749992400000,3210366.2
20931,1749996000000,3214085.2
20932,1749999600000,3211181.3
20933,1750003200000,3222951.3
20934,1750006800000,3216166.7
20935,1750010400000,3228990.9
20936,1750014000000,3230224.3
20937,1750017600000,3229042.9
20938,1750021200000,3221458.2
20939,1750024800000,3218795.8
20940,1750028400000,3214262.1
20941,1750032000000,3202097.1
20942,1750035600000,3203242.9
20943,1750039200000,3202720.5
20944,1750042800000,3201640.9
20945,1750046400000,3192348.7
20946,1750050000000,3197083.4
20947,1750053600000,3206570.9
20948,1750057200000,3201845.2
20949,1750060800000,3157593.5
20950,1750064400000,3160180.9
20951,1750068000000,3164423.9
20952,1750071600000,3123883.0
20953,1750075200000,3143427.6
20954,1750078800000,3144903.9
20955,1750082400000,3144838.2
20956,1750086000000,3131482.4
20957,1750089600000,3153348.3
20958,1750093200000,3154938.2
20959,1750096800000,3167595.9
20960,1750100400000,3190044.0
20961,1750104000000,3207905.2
20962,1750107600000,3233293.1
20963,1750111200000,3206726.2
20964,1750114800000,3159663.6
20965,1750118400000,3117416.1
20966,1750122000000,3087396.2
20967,1750125600000,3088143.5
20968,1750129200000,3047211.7
20969,1750132800000,3035895.0
20970,1750136400000,3039626.6
20971,1750140000000,3040032.8
20972,1750143600000,3059520.3
20973,1750147200000,3068740.9
20974,1750150800000,3059801.2
20975,1750154400000,3084469.9
20976,1750158000000,3099136.2
20977,1750161600000,3116336.6
20978,1750165200000,3116101.0
20979,1750168800000,3113011.6
20980,1750172400000,3101627.6
20981,1750176000000,3138109.4
20982,1750179600000,3131476.8
20983,1750183200000,3192817.3
20984,1750186800000,3246942.9
20985,1750190400000,3183375.9
20986,1750194000000,3175396.2
20987,1750197600000,3185087.1
20988,1750201200000,3171248.2
20989,1750204800000,3176147.4
20990,1750208400000,3179135.5
20991,1750212000000,3168790.8
20992,1750215600000,3177127.1
20993,1750219200000,3173715.3
20994,1750222800000,3184527.4
20995,1750226400000,3178189.0
20996,1750230000000,3157690.0
20997,1750233600000,3158363.5
20998,1750237200000,3168275.3
20999,1750240800000,3179284.1
21000,1750244400000,3207380.9
21001,1750248000000,3219308.9
21002,1750251600000,3238998.7
21003,1750255200000,3270389.1
21004,1750258800000,3261727.7
21005,1750262400000,3251421.3
21006,1750266000000,3266278.2
21007,1750269600000,3263931.4
21008,1750273200000,3267536.3
21009,1750276800000,3279937.8
21010,1750280400000,3276991.2
21011,1750284000000,3266589.6
21012,1750287600000,3268327.2
21013,1750291200000,3288334.9
21014,1750294800000,3295345.2
21015,1750298400000,3292618.9
21016,1750302000000,3350363.4
21017,1750305600000,3370211.9
21018,1750309200000,3374890.4
21019,1750312800000,3377375.3
21020,1750316400000,3373713.3
21021,1750320000000,3375120.8
21022,1750323600000,3365306.9
21023,1750327200000,3359077.5
21024,1750330800000,3368587.1
21025,1750334400000,3396538.5
21026,1750338000000,3406606.1
21027,1750341600000,3376151.9
21028,1750345200000,3359024.5
21029,1750348800000,3379440.3
21030,1750352400000,3359735.2
21031,1750356000000,3374722.5
21032,1750359600000,3367008.5
21033,1750363200000,3391285.9
21034,1750366800000,3403332.8
21035,1750370400000,3413601.8
21036,1750374000000,3432287.8
21037,1750377600000,3431572.1
21038,1750381200000,3429191.8
21039,1750384800000,3414323.6
21040,1750388400000,3413419.8
21041,1750392000000,3399988.2
21042,1750395600000,3375423.9
21043,1750399200000,3371009.1
21044,1750402800000,3345331.5
21045,1750406400000,3365338.2
21046,1750410000000,3332153.3
21047,1750413600000,3379452.7
21048,1750417200000,3411055.1
21049,1750420800000,3406287.4
21050,1750424400000,3415773.0
21051,1750428000000,3436427.9
21052,1750431600000,3415342.6
21053,1750435200000,3428746.0
21054,1750438800000,3395396.0
21055,1750442400000,3457670.7
21056,1750446000000,3399468.3
21057,1750449600000,3419697.0
21058,1750453200000,3390249.8
21059,1750456800000,3388132.0
21060,1750460400000,3405940.6
21061,1750464000000,3415929.8
21062,1750467600000,3450677.7
21063,1750471200000,3483251.0
21064,1750474800000,3499404.4
21065,1750478400000,3501212.9
21066,1750482000000,3528421.1
21067,1750485600000,3526684.9
21068,1750489200000,3538382.3
21069,1750492800000,3549055.1
21070,1750496400000,3532505.1
21071,1750500000000,3543527.0
21072,1750503600000,3548091.1
21073,1750507200000,3577561.5
21074,1750510800000,3617990.8
21075,1750514400000,3615386.1
21076,1750518000000,3665135.4
21077,1750521600000,3643401.8
21078,1750525200000,3650783.4
21079,1750528800000,3661940.8
21080,1750532400000,3709872.9
21081,1750536000000,3587656.5
21082,1750539600000,3612892.1
21083,1750543200000,3531026.5
21084,1750546800000,3514215.2
21085,1750550400000,3498382.5
21086,1750554000000,3463104.1
21087,1750557600000,3492015.5
21088,1750561200000,3485410.1
21089,1750564800000,3475132.8
21090,1750568400000,3474100.7
21091,1750572000000,3485456.9
21092,1750575600000,3480471.8
21093,1750579200000,3474539.7
21094,1750582800000,3482415.7
21095,1750586400000,3469283.7
21096,1750590000000,3471644.1
21097,1750593600000,3450132.4
21098,1750597200000,3450074.1
21099,1750600800000,3408887.5
21100,1750604400000,3473099.1
21101,1750608000000,3510659.4
21102,1750611600000,3534343.2
21103,1750615200000,3546103.1
21104,1750618800000,3407038.6
21105,1750622400000,3403469.0
21106,1750626000000,3337907.6
21107,1750629600000,3325157.3
21108,1750633200000,3356001.3
21109,1750636800000,3330455.2
21110,1750640400000,3313099.2
21111,1750644000000,3320796.6
21112,1750647600000,3326547.5
21113,1750651200000,3335326.2
21114,1750654800000,3333455.6
21115,1750658400000,3302749.0
21116,1750662000000,3305039.4
21117,1750665600000,3283226.7
21118,1750669200000,3300835.4
21119,1750672800000,3278354.7
21120,1750676400000,3273858.0
21121,1750680000000,3281805.1
21122,1750683600000,3278634.5
21123,1750687200000,3301760.5
21124,1750690800000,3269852.3
21125,1750694400000,3249103.1
21126,1750698000000,3270794.7
21127,1750701600000,3265332.2
21128,1750705200000,3276916.3
21129,1750708800000,3266394.9
21130,1750712400000,3214128.1
21131,1750716000000,3207410.6
21132,1750719600000,3248857.5
21133,1750723200000,3225237.4
21134,1750726800000,3231551.6
21135,1750730400000,3231162.0
21136,1750734000000,3211488.4
21137,1750737600000,3213213.1
21138,1750741200000,3217858.8
21139,1750744800000,3226038.3
21140,1750748400000,3239992.9
21141,1750752000000,3184076.0
21142,1750755600000,3164508.2
21143,1750759200000,3146128.7
21144,1750762800000,3207149.4
21145,1750766400000,3205401.7
21146,1750770000000,3191692.5
21147,1750773600000,3199974.4
21148,1750777200000,3204135.2
21149,1750780800000,3245079.5
21150,1750784400000,3262236.6
21151,1750788000000,3276859.4
21152,1750791600000,3263778.0
21153,1750795200000,3257618.2
21154,1750798800000,3242013.5
21155,1750802400000,3213529.5
21156,1750806000000,3212756.2
21157,1750809600000,3202007.3
21158,1750813200000,3197298.9
21159,1750816800000,3225714.1
21160,1750820400000,3217693.9
21161,1750824000000,3209407.0
21162,1750827600000,3210727.3
21163,1750831200000,3207123.9
21164,1750834800000,3214790.6
21165,1750838400000,3214215.9
21166,1750842000000,3240230.1
21167,1750845600000,3251377.4
21168,1750849200000,3265136.4
21169,1750852800000,3314820.5
21170,1750856400000,3299738.5
21171,1750860000000,3246794.2
21172,1750863600000,3229774.8
21173,1750867200000,3220010.4
21174,1750870800000,3221040.0
21175,1750874400000,3233721.1
21176,1750878000000,3238700.9
21177,1750881600000,3264909.4
21178,1750885200000,3256677.8
21179,1750888800000,3239175.6
21180,1750892400000,3227525.6
21181,1750896000000,3241904.8
21182,1750899600000,3225933.6
21183,1750903200000,3194654.9
21184,1750906800000,3220060.7
21185,1750910400000,3220084.6
21186,1750914000000,3244710.8
21187,1750917600000,3251250.5
21188,1750921200000,3248027.3
21189,1750924800000,3266862.0
21190,1750928400000,3295269.4
21191,1750932000000,3310856.7
21192,1750935600000,3348394.3
21193,1750939200000,3339136.9
21194,1750942800000,3362724.8
21195,1750946400000,3342201.5
21196,1750950000000,3330705.0
21197,1750953600000,3334365.8
21198,1750957200000,3337954.8
21199,1750960800000,3335728.2
21200,1750964400000,3345071.2
21201,1750968000000,3341531.0
21202,1750971600000,3315251.2
21203,1750975200000,3297841.2
21204,1750978800000,3291275.5
21205,1750982400000,3292427.2
21206,1750986000000,3317445.0
21207,1750989600000,3301146.2
21208,1750993200000,3312167.3
21209,1750996800000,3321467.6
21210,1751000400000,3322488.0
21211,1751004000000,3309109.8
21212,1751007600000,3320608.6
21213,1751011200000,3328288.2
21214,1751014800000,3331636.7
21215,1751018400000,3334824.7
21216,1751022000000,3339198.5
21217,1751025600000,3345278.7
21218,1751029200000,3351890.5
21219,1751032800000,3362615.0
21220,1751036400000,3379301.8
21221,1751040000000,3398687.2
21222,1751043600000,3424462.1
21223,1751047200000,3430447.9
21224,1751050800000,3439491.0
21225,1751054400000,3431270.7
21226,1751058000000,3450560.1
21227,1751061600000,3432870.4
21228,1751065200000,3414331.0
21229,1751068800000,3409087.9
21230,1751072400000,3404442.3
21231,1751076000000,3409223.4
21232,1751079600000,3406319.5
21233,1751083200000,3412996.6
21234,1751086800000,3419667.8
21235,1751090400000,3432172.8
21236,1751094000000,3434063.7
21237,1751097600000,3444048.0
21238,1751101200000,3449300.7
21239,1751104800000,3448458.8
21240,1751108400000,3479086.9
21241,1751112000000,3457211.6
21242,1751115600000,3462599.9
21243,1751119200000,3479641.9
21244,1751122800000,3494595.2
21245,1751126400000,3496349.7
21246,1751130000000,3502835.9
21247,1751133600000,3515660.4
21248,1751137200000,3506221.9
21249,1751140800000,3475617.7
21250,1751144400000,3454234.2
21251,1751148000000,3434775.5
21252,1751151600000,3471618.6
21253,1751155200000,3459742.3
21254,1751158800000,3461515.6
21255,1751162400000,3468530.2
21256,1751166000000,3467359.7
21257,1751169600000,3462084.6
21258,1751173200000,3463469.0
21259,1751176800000,3470189.6
21260,1751180400000,3466280.3
21261,1751184000000,3459459.9
21262,1751187600000,3513784.2
21263,1751191200000,3506731.9
21264,1751194800000,3487962.3
21265,1751198400000,3487748.0
21266,1751202000000,3499159.2
21267,1751205600000,3509087.3
21268,1751209200000,3516761.7
21269,1751212800000,3491301.1
21270,1751216400000,3493324.5
21271,1751220000000,3491971.4
21272,1751223600000,3483298.0
21273,1751227200000,3476075.4
21274,1751230800000,3476692.0
21275,1751234400000,3494390.2
21276,1751238000000,3490072.7
21277,1751241600000,3507421.2
21278,1751245200000,3521606.2
21279,1751248800000,3536678.8
21280,1751252400000,3563794.7
21281,1751256000000,3573568.8
21282,1751259600000,3549722.2
21283,1751263200000,3545075.2
21284,1751266800000,3532364.4
21285,1751270400000,3524670.3
21286,1751274000000,3514597.6
21287,1751277600000,3521736.4
21288,1751281200000,3521260.8
21289,1751284800000,3518934.1
21290,1751288400000,3519518.2
21291,1751292000000,3523844.9
21292,1751295600000,3555774.2
21293,1751299200000,3529648.6
21294,1751302800000,3550231.3
21295,1751306400000,3599424.4
21296,1751310000000,3612407.4
21297,1751313600000,3650715.0
21298,1751317200000,3718178.9
21299,1751320800000,3690140.1
21300,1751324400000,3694831.5
21301,1751328000000,3719164.7
21302,1751331600000,3714783.5
21303,1751335200000,3721336.4
21304,1751338800000,3707131.6
21305,1751342400000,3714731.4
21306,1751346000000,3688933.3
21307,1751349600000,3636788.9
21308,1751353200000,3647003.3
21309,1751356800000,3649896.2
21310,1751360400000,3653249.4
21311,1751364000000,3663738.9
21312,1751367600000,3660401.1
21313,1751371200000,3677952.1
21314,1751374800000,3683490.4
21315,1751378400000,3666390.9
21316,1751382000000,3699442.7
21317,1751385600000,3677928.0
21318,1751389200000,3687548.0
21319,1751392800000,3691661.3
21320,1751396400000,3693505.7
21321,1751400000000,3694763.3
21322,1751403600000,3691356.4
21323,1751407200000,3679483.8
21324,1751410800000,3672148.1
21325,1751414400000,3677641.3
21326,1751418000000,3693150.9
21327,1751421600000,3725111.4
21328,1751425200000,3750067.8
21329,1751428800000,3770793.4
21330,1751432400000,3771443.6
21331,1751436000000,3783847.2
21332,1751439600000,3777458.0
21333,1751443200000,3760111.4
21334,1751446800000,3762865.9
21335,1751450400000,3765303.1
21336,1751454000000,3760822.9
21337,1751457600000,3783656.7
21338,1751461200000,3782452.2
21339,1751464800000,3782156.5
21340,1751468400000,3787634.5
21341,1751472000000,3745132.1
21342,1751475600000,3759913.2
21343,1751479200000,3722207.7
21344,1751482800000,3717594.6
21345,1751486400000,3732941.8
21346,1751490000000,3760089.7
21347,1751493600000,3740663.2
21348,1751497200000,3765812.6
21349,1751500800000,3779331.3
21350,1751504400000,3791885.5
21351,1751508000000,3796209.6
21352,1751511600000,3791487.8
21353,1751515200000,3802893.1
21354,1751518800000,3818272.6
21355,1751522400000,3825669.8
21356,1751526000000,3858257.0
21357,1751529600000,3799465.6
21358,1751533200000,3777952.0
21359,1751536800000,3793584.4
21360,1751540400000,3772919.0
21361,1751544000000,3792846.2
21362,1751547600000,3815111.2
21363,1751551200000,3852865.8
21364,1751554800000,3831224.3
21365,1751558400000,3841756.4
21366,1751562000000,3816581.2
21367,1751565600000,3806402.6
21368,1751569200000,3813673.6
21369,1751572800000,3809740.4
21370,1751576400000,3811556.5
21371,1751580000000,3816387.7
21372,1751583600000,3821103.5
21373,1751587200000,3829449.4
21374,1751590800000,3841764.2
21375,1751594400000,3862319.3
21376,1751598000000,3876237.8
21377,1751601600000,3880939.4
21378,1751605200000,3897074.1
21379,1751608800000,3878326.5
21380,1751612400000,3862692.0
21381,1751616000000,3787479.3
21382,1751619600000,3765647.8
21383,1751623200000,3794935.5
21384,1751626800000,3802854.5
21385,1751630400000,3806825.9
21386,1751634000000,3797016.8
21387,1751637600000,3803778.5
21388,1751641200000,3787358.8
21389,1751644800000,3792769.6
21390,1751648400000,3809017.2
21391,1751652000000,3814793.4
21392,1751655600000,3856726.9
21393,1751659200000,3834305.4
21394,1751662800000,3839677.5
21395,1751666400000,3826530.4
21396,1751670000000,3867598.8
21397,1751673600000,3862885.4
21398,1751677200000,3865756.3
21399,1751680800000,3864673.7
21400,1751684400000,3862106.0
21401,1751688000000,3864059.8
21402,1751691600000,3858153.8
21403,1751695200000,3890297.7
21404,1751698800000,3908067.5
21405,1751702400000,3906479.5
21406,1751706000000,3900617.3
21407,1751709600000,3910731.7
21408,1751713200000,3902332.7
21409,1751716800000,3888796.3
21410,1751720400000,3910897.1
21411,1751724000000,3891353.8
21412,1751727600000,3881421.1
21413,1751731200000,3878405.9
21414,1751734800000,3872855.1
21415,1751738400000,3886663.4
21416,1751742000000,3901022.5
21417,1751745600000,3897756.6
21418,1751749200000,3896307.3
21419,1751752800000,3884398.2
21420,1751756400000,3893828.6
21421,1751760000000,3895921.0
21422,1751763600000,3885669.0
21423,1751767200000,3887129.6
21424,1751770800000,3881033.6
21425,1751774400000,3872893.6
21426,1751778000000,3873841.4
21427,1751781600000,3871960.0
21428,1751785200000,3862094.8
21429,1751788800000,3860840.7
21430,1751792400000,3862689.1
21431,1751796000000,3864833.9
21432,1751799600000,3864393.0
21433,1751803200000,3880157.7
21434,1751806800000,3884403.8
21435,1751810400000,3885362.6
21436,1751814000000,3868682.3
21437,1751817600000,3879337.7
21438,1751821200000,3874523.4
21439,1751824800000,3863674.2
21440,1751828400000,3874640.9
21441,1751832000000,3883108.9
21442,1751835600000,3880695.9
21443,1751839200000,3871709.8
21444,1751842800000,3901631.4
21445,1751846400000,3878671.4
21446,1751850000000,3896097.4
21447,1751853600000,3878453.7
21448,1751857200000,3886200.7
21449,1751860800000,3874245.6
21450,1751864400000,3878434.4
21451,1751868000000,3886044.3
21452,1751871600000,3901455.4
21453,1751875200000,3909423.1
21454,1751878800000,3947115.2
21455,1751882400000,3966907.5
21456,1751886000000,3977741.1
21457,1751889600000,3960538.4
21458,1751893200000,3954851.3
21459,1751896800000,3932892.5
21460,1751900400000,3921893.2
21461,1751904000000,3920172.3
21462,1751907600000,3877105.7
21463,1751911200000,3878200.8
21464,1751914800000,3869691.9
21465,1751918400000,3851423.3
21466,1751922000000,3833887.0
21467,1751925600000,3821868.4
21468,1751929200000,3829387.1
21469,1751932800000,3826975.9
21470,1751936400000,3879299.1
21471,1751940000000,3868154.5
21472,1751943600000,3850407.7
21473,1751947200000,3857660.8
21474,1751950800000,3893850.3
21475,1751954400000,3897394.3
21476,1751958000000,3887148.7
21477,1751961600000,3883912.2
21478,1751965200000,3896527.8
21479,1751968800000,3826583.9
21480,1751972400000,3841662.6
21481,1751976000000,3807955.0
21482,1751979600000,3824371.9
21483,1751983200000,3802646.0
21484,1751986800000,3828232.2
21485,1751990400000,3814359.3
21486,1751994000000,3802150.7
21487,1751997600000,3808451.5
21488,1752001200000,3833169.2
21489,1752004800000,3823406.9
21490,1752008400000,3813100.3
21491,1752012000000,3813523.7
21492,1752015600000,3829974.3
21493,1752019200000,3838246.5
21494,1752022800000,3840715.8
21495,1752026400000,3835864.9
21496,1752030000000,3837351.6
21497,1752033600000,3845468.1
21498,1752037200000,3848743.2
21499,1752040800000,3854136.6
21500,1752044400000,3869271.1
21501,1752048000000,3859987.1
21502,1752051600000,3871777.5
21503,1752055200000,3872405.6
21504,1752058800000,3885297.0
21505,1752062400000,3910707.3
21506,1752066000000,3938667.0
21507,1752069600000,3924614.2
21508,1752073200000,3940735.9
21509,1752076800000,3925781.1
21510,1752080400000,3936201.6
21511,1752084000000,3951841.1
21512,1752087600000,3964485.9
21513,1752091200000,3945159.2
21514,1752094800000,3932038.9
21515,1752098400000,3933861.3
21516,1752102000000,3931173.8
21517,1752105600000,3925979.8
21518,1752109200000,3917770.1
21519,1752112800000,3914557.2
21520,1752116400000,3896169.8
21521,1752120000000,3892107.9
21522,1752123600000,3883703.3
21523,1752127200000,3877456.7
21524,1752130800000,3867298.7
21525,1752134400000,3882401.7
21526,1752138000000,3897600.8
21527,1752141600000,3891891.1
21528,1752145200000,3907840.3
21529,1752148800000,3901758.1
21530,1752152400000,3921354.4
21531,1752156000000,3927668.1
21532,1752159600000,3928040.9
21533,1752163200000,3950545.5
21534,1752166800000,3927117.6
21535,1752170400000,3991512.5
21536,1752174000000,4004271.4
21537,1752177600000,4049932.9
21538,1752181200000,4130003.6
21539,1752184800000,4141604.1
21540,1752188400000,4114512.9
21541,1752192000000,4130695.1
21542,1752195600000,4116882.4
21543,1752199200000,4120003.1
21544,1752202800000,4137353.1
21545,1752206400000,4134319.8
21546,1752210000000,4160781.6
21547,1752213600000,4146256.5
21548,1752217200000,4079618.8
21549,1752220800000,4081128.4
21550,1752224400000,4083455.9
21551,1752228000000,4097457.5
21552,1752231600000,4124698.7
21553,1752235200000,4127790.0
21554,1752238800000,4138864.3
21555,1752242400000,4139259.3
21556,1752246000000,4135852.1
21557,1752249600000,4152474.7
21558,1752253200000,4138043.6
21559,1752256800000,4145079.3
21560,1752260400000,4161318.2
21561,1752264000000,4158791.7
21562,1752267600000,4142399.7
21563,1752271200000,4122556.4
21564,1752274800000,4207494.3
21565,1752278400000,4189778.2
21566,1752282000000,4178063.3
21567,1752285600000,4169011.5
21568,1752289200000,4139675.3
21569,1752292800000,4086347.2
21570,1752296400000,4126814.2
21571,1752300000000,4135874.9
21572,1752303600000,4132086.8
21573,1752307200000,4146641.2
21574,1752310800000,4141538.5
21575,1752314400000,4150360.0
21576,1752318000000,4163838.2
21577,1752321600000,4124563.8
21578,1752325200000,4008314.1
21579,1752328800000,3957282.7
21580,1752332400000,3916805.4
21581,1752336000000,3937969.1
21582,1752339600000,3938278.8
21583,1752343200000,3949349.6
21584,1752346800000,3948462.9
21585,1752350400000,3948373.6
21586,1752354000000,3932337.3
21587,1752357600000,3927411.1
21588,1752361200000,3939015.8
21589,1752364800000,3964786.1
21590,1752368400000,3963455.2
21591,1752372000000,3959042.8
21592,1752375600000,3942835.0
21593,1752379200000,3927859.4
21594,1752382800000,3945738.2
21595,1752386400000,3949410.6
21596,1752390000000,3976026.9
21597,1752393600000,3996761.7
21598,1752397200000,3953285.8
21599,1752400800000,3986177.3
21600,1752404400000,3963964.7
21601,1752408000000,4023342.7
21602,1752411600000,3990059.5
21603,1752415200000,3949595.6
21604,1752418800000,3865290.5
21605,1752422400000,3825889.1
21606,1752426000000,3840832.8
21607,1752429600000,3845472.1
21608,1752433200000,3853326.4
21609,1752436800000,3787554.0
21610,1752440400000,3761918.8
21611,1752444000000,3697323.4
21612,1752447600000,3762331.0
21613,1752451200000,3732592.2
21614,1752454800000,3728518.7
21615,1752458400000,3728490.9
21616,1752462000000,3724458.6
21617,1752465600000,3751388.7
21618,1752469200000,3759096.6
21619,1752472800000,3736241.7
21620,1752476400000,3674000.9
21621,1752480000000,3669078.4
21622,1752483600000,3666751.4
21623,1752487200000,3675083.0
21624,1752490800000,3660535.8
21625,1752494400000,3730694.6
21626,1752498000000,3731850.2
21627,1752501600000,3734025.9
21628,1752505200000,3729053.1
21629,1752508800000,3705188.5
21630,1752512400000,3716750.3
21631,1752516000000,3711471.1
21632,1752519600000,3724614.7
21633,1752523200000,3738445.3
21634,1752526800000,3710424.3
21635,1752530400000,3695795.8
21636,1752534000000,3691483.1
21637,1752537600000,3695099.4
21638,1752541200000,3699609.5
21639,1752544800000,3678299.1
21640,1752548400000,3663361.0
21641,1752552000000,3620897.6
21642,1752555600000,3607902.7
21643,1752559200000,3626535.6
21644,1752562800000,3635648.2
21645,1752566400000,3630911.4
21646,1752570000000,3575737.9
21647,1752573600000,3585253.1
21648,1752577200000,3533056.8
21649,1752580800000,3503902.5
21650,1752584400000,3529176.9
21651,1752588000000,3571282.7
21652,1752591600000,3542530.7
21653,1752595200000,3548868.6
21654,1752598800000,3557513.3
21655,1752602400000,3567280.2
21656,1752606000000,3451788.3
21657,1752609600000,3432104.5
21658,1752613200000,3432917.5
21659,1752616800000,3418296.9
21660,1752620400000,3416677.4
21661,1752624000000,3460301.7
21662,1752627600000,3456034.4
21663,1752631200000,3428651.3
21664,1752634800000,3472988.7
21665,1752638400000,3442749.8
21666,1752642000000,3421873.6
21667,1752645600000,3423215.5
21668,1752649200000,3453207.2
21669,1752652800000,3456968.5
21670,1752656400000,3455759.3
21671,1752660000000,3506344.7
21672,1752663600000,3521428.9
21673,1752667200000,3519204.0
21674,1752670800000,3535959.4
21675,1752674400000,3558209.9
21676,1752678000000,3641491.6
21677,1752681600000,3617103.8
21678,1752685200000,3628229.3
21679,1752688800000,3602547.4
21680,1752692400000,3604658.0
21681,1752696000000,3606009.2
21682,1752699600000,3617916.6
21683,1752703200000,3649319.0
21684,1752706800000,3656250.6
21685,1752710400000,3634526.4
21686,1752714000000,3645164.6
21687,1752717600000,3555556.4
21688,1752721200000,3569234.1
21689,1752724800000,3567428.6
21690,1752728400000,3584237.3
21691,1752732000000,3619538.5
21692,1752735600000,3610797.0
21693,1752739200000,3630282.5
21694,1752742800000,3637801.9
21695,1752746400000,3701168.9
21696,1752750000000,3682068.0
21697,1752753600000,3674123.2
21698,1752757200000,3697400.4
21699,1752760800000,3651706.0
21700,1752764400000,3675857.4
21701,1752768000000,3681721.2
21702,1752771600000,3685062.5
21703,1752775200000,3672548.1
21704,1752778800000,3691524.6
21705,1752782400000,3674573.3
21706,1752786000000,3623183.2
21707,1752789600000,3588924.0
21708,1752793200000,3681569.5
21709,1752796800000,3667017.5
21710,1752800400000,3739915.3
21711,1752804000000,3794633.5
21712,1752807600000,3708804.7
21713,1752811200000,3732001.3
21714,1752814800000,3809608.8
21715,1752818400000,3865997.8
21716,1752822000000,3887725.2
21717,1752825600000,3809909.9
21718,1752829200000,3816350.5
21719,1752832800000,3817986.8
21720,1752836400000,3809605.0
21721,1752840000000,3793194.5
21722,1752843600000,3854363.4
21723,1752847200000,3835996.1
21724,1752850800000,3760853.2
21725,1752854400000,3730413.7
21726,1752858000000,3727170.0
21727,1752861600000,3737766.3
21728,1752865200000,3735114.5
21729,1752868800000,3649630.1
21730,1752872400000,3616037.4
21731,1752876000000,3618512.4
21732,1752879600000,3641736.8
21733,1752883200000,3648064.7
21734,1752886800000,3669195.7
21735,1752890400000,3673527.3
21736,1752894000000,3665858.9
21737,1752897600000,3682321.6
21738,1752901200000,3673767.4
21739,1752904800000,3662888.2
21740,1752908400000,3678628.5
21741,1752912000000,3657237.7
21742,1752915600000,3676103.5
21743,1752919200000,3683585.2
21744,1752922800000,3689384.9
21745,1752926400000,3774788.6
21746,1752930000000,3850494.1
21747,1752933600000,3840878.0
21748,1752937200000,3829923.0
21749,1752940800000,3835548.8
21750,1752944400000,3847067.8
21751,1752948000000,3829593.8
21752,1752951600000,4147867.6
21753,1752955200000,4246226.59999999
21754,1752958800000,4199582.4
21755,1752962400000,4153250.4
21756,1752966000000,4108595.3
21757,1752969600000,4087509.2
21758,1752973200000,4082564.4
21759,1752976800000,4099606.2
21760,1752980400000,4103730.0
21761,1752984000000,4113321.8
21762,1752987600000,4126984.8
21763,1752991200000,4155792.1
21764,1752994800000,4175197.0
21765,1752998400000,4206799.0
21766,1753002000000,4241043.59999999
21767,1753005600000,4255709.59999999
21768,1753009200000,4289743.7
21769,1753012800000,4438517.7
21770,1753016400000,4487074.2
21771,1753020000000,4568112.09999999
21772,1753023600000,4560468.4
21773,1753027200000,4591951.5
21774,1753030800000,4613794.5
21775,1753034400000,4614424.5
21776,1753038000000,4574179.3
21777,1753041600000,4600925.8
21778,1753045200000,4565993.7
21779,1753048800000,4537779.2
21780,1753052400000,4469256.9
21781,1753056000000,4476651.59999999
21782,1753059600000,4476145.4
21783,1753063200000,4504203.5
21784,1753066800000,4526674.59999999
21785,1753070400000,4564809.2
21786,1753074000000,4676911.7
21787,1753077600000,4757902.09999999
21788,1753081200000,4805500.0
21789,1753084800000,4961496.09999999
21790,1753088400000,4986608.59999999
21791,1753092000000,5025257.2
21792,1753095600000,5006965.3
21793,1753099200000,5096183.3
21794,1753102800000,5038890.8
21795,1753106400000,5044274.7
21796,1753110000000,5016138.7
21797,1753113600000,5014803.59999999
21798,1753117200000,4966773.59999999
21799,1753120800000,4975189.5
21800,1753124400000,4923365.3
21801,1753128000000,4940218.4
21802,1753131600000,4956426.2
21803,1753135200000,5051738.59999999
21804,1753138800000,5060666.59999999
21805,1753142400000,5077288.9
21806,1753146000000,5050744.8
21807,1753149600000,4969321.59999999
21808,1753153200000,5035190.59999999
21809,1753156800000,5012560.5
21810,1753160400000,4925073.4
21811,1753164000000,4941508.59999999
21812,1753167600000,4945917.0
21813,1753171200000,4988015.8
21814,1753174800000,4936046.8
21815,1753178400000,4861028.8
21816,1753182000000,4919738.2
21817,1753185600000,4953092.0
21818,1753189200000,4941404.4
21819,1753192800000,4899533.09999999
21820,1753196400000,4982479.8
21821,1753200000000,5078049.3
21822,1753203600000,5117642.9
21823,1753207200000,5080231.9
21824,1753210800000,5103788.5
21825,1753214400000,5111015.2
21826,1753218000000,5127840.3
21827,1753221600000,5136455.5
21828,1753225200000,5150152.4
21829,1753228800000,5180653.8
21830,1753232400000,5148058.7
21831,1753236000000,5159614.59999999
21832,1753239600000,5185237.0
21833,1753243200000,5187362.2
21834,1753246800000,5194998.0
21835,1753250400000,5227915.5
21836,1753254000000,5228612.0
21837,1753257600000,5225622.59999999
21838,1753261200000,5243105.3
21839,1753264800000,5302476.59999999
21840,1753268400000,5255773.4
21841,1753272000000,5251488.59999999
21842,1753275600000,5159236.59999999
21843,1753279200000,4811990.59999999
21844,1753282800000,4794075.8
21845,1753286400000,4799594.4
21846,1753290000000,4705522.4
21847,1753293600000,4623270.8
21848,1753297200000,4606933.8
21849,1753300800000,4615119.8
21850,1753304400000,4562053.4
21851,1753308000000,4553923.9
21852,1753311600000,4550880.8
21853,1753315200000,4584244.09999999
21854,1753318800000,4574094.8
21855,1753322400000,4583619.7
21856,1753326000000,4586730.2
21857,1753329600000,4621367.4
21858,1753333200000,4630470.8
21859,1753336800000,4607534.9
21860,1753340400000,4554947.5
21861,1753344000000,4501673.5
21862,1753347600000,4509918.0
21863,1753351200000,4502954.09999999
21864,1753354800000,4437383.4
21865,1753358400000,4441457.59999999
21866,1753362000000,4444078.4
21867,1753365600000,4432828.09999999
21868,1753369200000,4438124.2
21869,1753372800000,4425313.5
21870,1753376400000,4372324.09999999
21871,1753380000000,4396381.8
21872,1753383600000,4404542.0
21873,1753387200000,4414547.9
21874,1753390800000,4412494.7
21875,1753394400000,4386863.0
21876,1753398000000,4371936.5
21877,1753401600000,4351930.59999999
21878,1753405200000,4381412.8
21879,1753408800000,4406758.4
21880,1753412400000,4392196.4
21881,1753416000000,4407466.0
21882,1753419600000,4379739.59999999
21883,1753423200000,4307989.2
21884,1753426800000,4304913.7
21885,1753430400000,4322789.0
21886,1753434000000,4301781.2
21887,1753437600000,4345538.2
21888,1753441200000,4348575.7
21889,1753444800000,4340502.8
21890,1753448400000,4341139.59999999
21891,1753452000000,4333597.3
21892,1753455600000,4239799.0
21893,1753459200000,4220023.4
21894,1753462800000,4209882.09999999
21895,1753466400000,4198254.8
21896,1753470000000,4183980.5
21897,1753473600000,4191289.9
21898,1753477200000,4277588.9
21899,1753480800000,4283575.8
21900,1753484400000,4281766.59999999
21901,1753488000000,4283446.8
21902,1753491600000,4283374.8
21903,1753495200000,4284113.8
21904,1753498800000,4313640.8
21905,1753502400000,4333124.5
21906,1753506000000,4336284.2
21907,1753509600000,4345910.59999999
21908,1753513200000,4330659.59999999
21909,1753516800000,4363811.8
21910,1753520400000,4375116.0
21911,1753524000000,4395783.59999999
21912,1753527600000,4395055.4
21913,1753531200000,4404562.2
21914,1753534800000,4405327.8
21915,1753538400000,4408447.8
21916,1753542000000,4431088.5
21917,1753545600000,4413997.4
21918,1753549200000,4422034.8
21919,1753552800000,4404780.59999999
21920,1753556400000,4540833.9
21921,1753560000000,4493970.3
21922,1753563600000,4472611.0
21923,1753567200000,4460829.59999999
21924,1753570800000,4443320.59999999
21925,1753574400000,4446456.5
21926,1753578000000,4457180.59999999
21927,1753581600000,4455342.0
21928,1753585200000,4486709.59999999
21929,1753588800000,4439151.8
21930,1753592400000,4437718.0
21931,1753596000000,4445073.0
21932,1753599600000,4457864.4
21933,1753603200000,4439798.2
21934,1753606800000,4429531.0
21935,1753610400000,4387544.0
21936,1753614000000,4389167.09999999
21937,1753617600000,4390583.8
21938,1753621200000,4406928.2
21939,1753624800000,4326580.3
21940,1753628400000,4254718.8
21941,1753632000000,4247818.9
21942,1753635600000,4260919.0
21943,1753639200000,4248951.59999999
21944,1753642800000,4253873.59999999
21945,1753646400000,4246903.8
21946,1753650000000,4252334.0
21947,1753653600000,4263497.4
21948,1753657200000,4312022.0
21949,1753660800000,4275014.8
21950,1753664400000,4286586.9
21951,1753668000000,4266576.2
21952,1753671600000,4294379.0
21953,1753675200000,4288931.7
21954,1753678800000,4313085.5
21955,1753682400000,4315295.7
21956,1753686000000,4317127.9
21957,1753689600000,4348744.09999999
21958,1753693200000,4369334.8
21959,1753696800000,4404774.8
21960,1753700400000,4413033.7
21961,1753704000000,4440543.59999999
21962,1753707600000,4474561.09999999
21963,1753711200000,4456637.8
21964,1753714800000,4565974.4
21965,1753718400000,4551790.5
21966,1753722000000,4567536.3
21967,1753725600000,4500855.7
21968,1753729200000,4533747.2
21969,1753732800000,4513052.09999999
21970,1753736400000,4479978.5
21971,1753740000000,4449916.59999999
21972,1753743600000,4425870.0
21973,1753747200000,4386386.2
21974,1753750800000,4364433.59999999
21975,1753754400000,4321826.59999999
21976,1753758000000,4313694.8
21977,1753761600000,4290777.0
21978,1753765200000,4288496.0
21979,1753768800000,4300007.0
21980,1753772400000,4300633.2
21981,1753776000000,4320636.2
21982,1753779600000,4294561.2
21983,1753783200000,4314378.0
21984,1753786800000,4278101.59999999
21985,1753790400000,4295173.7
21986,1753794000000,4279519.0
21987,1753797600000,4267477.59999999
21988,1753801200000,4259518.5
21989,1753804800000,4308453.2
21990,1753808400000,4312237.09999999
21991,1753812000000,4332873.09999999
21992,1753815600000,4370801.59999999
21993,1753819200000,4415531.2
21994,1753822800000,4408099.4
21995,1753826400000,4412753.3
21996,1753830000000,4391049.8
21997,1753833600000,4372858.0
21998,1753837200000,4360671.59999999
21999,1753840800000,4335034.0
22000,1753844400000,4327506.2
22001,1753848000000,4327341.4
22002,1753851600000,4324973.0
22003,1753855200000,4326833.5
22004,1753858800000,4320605.09999999
22005,1753862400000,4327933.0
22006,1753866000000,4323790.0
22007,1753869600000,4308893.09999999
22008,1753873200000,4341588.2
22009,1753876800000,4363327.5
22010,1753880400000,4336044.2
22011,1753884000000,4349335.0
22012,1753887600000,4355374.7
22013,1753891200000,4353062.9
22014,1753894800000,4382447.9
22015,1753898400000,4349107.7
22016,1753902000000,4421519.0
22017,1753905600000,4294263.59999999
22018,1753909200000,4334779.09999999
22019,1753912800000,4316282.5
22020,1753916400000,4322281.4
22021,1753920000000,4324036.4
22022,1753923600000,4357359.2
22023,1753927200000,4357235.0
22024,1753930800000,4366106.09999999
22025,1753934400000,4395025.09999999
22026,1753938000000,4371253.8
22027,1753941600000,4352611.0
22028,1753945200000,4362354.4
22029,1753948800000,4369084.59999999
22030,1753952400000,4369324.59999999
22031,1753956000000,4360703.4
22032,1753959600000,4357858.4
22033,1753963200000,4370212.5
22034,1753966800000,4349053.09999999
22035,1753970400000,4421814.2
22036,1753974000000,4405743.3
22037,1753977600000,4403213.59999999
22038,1753981200000,4435193.5
22039,1753984800000,4420558.4
22040,1753988400000,4442810.0
22041,1753992000000,4452144.3
22042,1753995600000,4476994.3
22043,1753999200000,4453879.8
22044,1754002800000,4487580.8
22045,1754006400000,4515494.4
22046,1754010000000,4431243.0
22047,1754013600000,4368371.2
22048,1754017200000,4399196.5
22049,1754020800000,4388026.7
22050,1754024400000,4381270.0
22051,1754028000000,4381156.2
22052,1754031600000,4371756.09999999
22053,1754035200000,4367742.59999999
22054,1754038800000,4369330.0
22055,1754042400000,4362270.4
22056,1754046000000,4383442.0
22057,1754049600000,4395028.8
22058,1754053200000,4343690.0
22059,1754056800000,4301222.8
22060,1754060400000,4345926.2
22061,1754064000000,4331137.0
22062,1754067600000,4311630.09999999
22063,1754071200000,4287372.0
22064,1754074800000,4270367.0
22065,1754078400000,4251903.8
22066,1754082000000,4231979.09999999
22067,1754085600000,4244971.09999999
22068,1754089200000,4193731.6
22069,1754092800000,4209030.4
22070,1754096400000,4209335.3
22071,1754100000000,4212195.8
22072,1754103600000,4208310.7
22073,1754107200000,4220984.09999999
22074,1754110800000,4219884.59999999
22075,1754114400000,4219979.2
22076,1754118000000,4203240.8
22077,1754121600000,4181208.5
22078,1754125200000,4205484.8
22079,1754128800000,4195757.4
22080,1754132400000,4198706.59999999
22081,1754136000000,4202425.2
22082,1754139600000,4194459.59999999
22083,1754143200000,4182092.2
22084,1754146800000,4169008.5
22085,1754150400000,4168478.2
22086,1754154000000,4177953.7
22087,1754157600000,4157085.2
22088,1754161200000,4244863.59999999
22089,1754164800000,4234252.2
22090,1754168400000,4212833.59999999
22091,1754172000000,4209792.0
22092,1754175600000,4199010.2
22093,1754179200000,4181490.2
22094,1754182800000,4161772.9
22095,1754186400000,4177286.4
22096,1754190000000,4178478.4
22097,1754193600000,4177282.8
22098,1754197200000,4175554.0
22099,1754200800000,4173360.3
22100,1754204400000,4177760.6
22101,1754208000000,4189824.3
22102,1754211600000,4202279.59999999
22103,1754215200000,4196994.5
22104,1754218800000,4193195.2
22105,1754222400000,4197650.0
22106,1754226000000,4204872.59999999
22107,1754229600000,4204924.7
22108,1754233200000,4213444.5
22109,1754236800000,4208524.0
22110,1754240400000,4215767.59999999
22111,1754244000000,4210670.8
22112,1754247600000,4231051.0
22113,1754251200000,4237872.8
22114,1754254800000,4249054.0
22115,1754258400000,4238299.4
22116,1754262000000,4227926.0
22117,1754265600000,4233923.59999999
22118,1754269200000,4221250.9
22119,1754272800000,4228914.0
22120,1754276400000,4213452.2
22121,1754280000000,4183762.0
22122,1754283600000,4194700.59999999
22123,1754287200000,4176246.6
22124,1754290800000,4170839.7
22125,1754294400000,4174183.7
22126,1754298000000,4177028.4
22127,1754301600000,4172616.4
22128,1754305200000,4207864.0
22129,1754308800000,4213376.59999999
22130,1754312400000,4192604.3
22131,1754316000000,4256769.3
22132,1754319600000,4200206.0
22133,1754323200000,4213430.9
22134,1754326800000,4198404.2
22135,1754330400000,4161105.2
22136,1754334000000,4147827.6
22137,1754337600000,4145571.2
22138,1754341200000,4147946.6
22139,1754344800000,4143411.5
22140,1754348400000,4117031.2
22141,1754352000000,4144605.8
22142,1754355600000,4158411.3
22143,1754359200000,4138437.7
22144,1754362800000,4109530.3
22145,1754366400000,4106629.4
22146,1754370000000,4103973.6
22147,1754373600000,4104009.0
22148,1754377200000,4072916.0
22149,1754380800000,4020317.0
22150,1754384400000,4019850.4
22151,1754388000000,4013516.8
22152,1754391600000,3993557.9
22153,1754395200000,4005457.6
22154,1754398800000,4012505.0
22155,1754402400000,4028196.5
22156,1754406000000,4046554.8
22157,1754409600000,4034961.6
22158,1754413200000,4035043.2
22159,1754416800000,4039755.1
22160,1754420400000,4053191.4
22161,1754424000000,4042346.5
22162,1754427600000,4048069.2
22163,1754431200000,4048728.2
22164,1754434800000,4068010.2
22165,1754438400000,4065149.4
22166,1754442000000,4046114.6
22167,1754445600000,4033444.8
22168,1754449200000,4016109.8
22169,1754452800000,4021536.2
22170,1754456400000,4010302.2
22171,1754460000000,3993953.9
22172,1754463600000,3996628.0
22173,1754467200000,3989327.2
22174,1754470800000,3977641.9
22175,1754474400000,3965696.8
22176,1754478000000,3974276.4
22177,1754481600000,3993553.8
22178,1754485200000,3981738.1
22179,1754488800000,3969952.8
22180,1754492400000,3974646.0
22181,1754496000000,3984899.6
22182,1754499600000,3991360.3
22183,1754503200000,3996810.2
22184,1754506800000,3975746.3
22185,1754510400000,3979189.9
22186,1754514000000,3967053.9
22187,1754517600000,3953082.9
22188,1754521200000,3950678.3
22189,1754524800000,3949044.9
22190,1754528400000,3963483.5
22191,1754532000000,3968480.1
22192,1754535600000,3983728.6
22193,1754539200000,3968613.8
22194,1754542800000,3983808.2
22195,1754546400000,3980980.8
22196,1754550000000,3969175.4
22197,1754553600000,3967639.8
22198,1754557200000,3957777.4
22199,1754560800000,3960877.6
22200,1754564400000,3960416.2
22201,1754568000000,3931725.2
22202,1754571600000,3957822.4
22203,1754575200000,3970316.1
22204,1754578800000,3972335.3
22205,1754582400000,3978302.9
22206,1754586000000,3932805.7
22207,1754589600000,3979778.0
22208,1754593200000,3976756.0
22209,1754596800000,3963227.1
22210,1754600400000,4002208.6
22211,1754604000000,4008567.6
22212,1754607600000,4009285.2
22213,1754611200000,4008461.4
22214,1754614800000,3993524.0
22215,1754618400000,4038592.6
22216,1754622000000,4036381.2
22217,1754625600000,4035507.5
22218,1754629200000,4041377.5
22219,1754632800000,4045809.6
22220,1754636400000,4066452.5
22221,1754640000000,4089167.7
22222,1754643600000,4089175.4
22223,1754647200000,4096564.0
22224,1754650800000,4105062.6
22225,1754654400000,4137803.2
22226,1754658000000,4104174.7
22227,1754661600000,4163496.2
22228,1754665200000,4186243.4
22229,1754668800000,4205070.3
22230,1754672400000,4281649.0
22231,1754676000000,4307086.2
22232,1754679600000,4313021.09999999
22233,1754683200000,4338931.2
22234,1754686800000,4357315.8
22235,1754690400000,4352511.4
22236,1754694000000,4355020.0
22237,1754697600000,4346348.7
22238,1754701200000,4349431.4
22239,1754704800000,4390547.59999999
22240,1754708400000,4407173.2
22241,1754712000000,4412901.0
22242,1754715600000,4405562.4
22243,1754719200000,4459776.59999999
22244,1754722800000,4415722.2
22245,1754726400000,4443815.4
22246,1754730000000,4452055.2
22247,1754733600000,4443343.09999999
22248,1754737200000,4504546.2
22249,1754740800000,4483736.4
22250,1754744400000,4498848.5
22251,1754748000000,4486821.59999999
22252,1754751600000,4512819.59999999
22253,1754755200000,4513376.2
22254,1754758800000,4519927.8
22255,1754762400000,4510313.59999999
22256,1754766000000,4509637.59999999
22257,1754769600000,4566348.59999999
22258,1754773200000,4615997.3
22259,1754776800000,4624611.0
22260,1754780400000,4656900.2
22261,1754784000000,4707938.8
22262,1754787600000,4731759.59999999
22263,1754791200000,4767873.2
22264,1754794800000,4729817.2
22265,1754798400000,4761185.2
22266,1754802000000,4788008.7
22267,1754805600000,4770507.59999999
22268,1754809200000,4726175.0
22269,1754812800000,4725607.3
22270,1754816400000,4769519.3
22271,1754820000000,4749044.3
22272,1754823600000,4778131.2
22273,1754827200000,4835443.4
22274,1754830800000,4808063.4
22275,1754834400000,4806438.7
22276,1754838000000,4744422.3
22277,1754841600000,4722240.09999999
22278,1754845200000,4744458.2
22279,1754848800000,4759857.09999999
22280,1754852400000,4764657.2
22281,1754856000000,4764238.4
22282,1754859600000,4743296.0
22283,1754863200000,4728679.2
22284,1754866800000,4716303.9
22285,1754870400000,4705461.8
22286,1754874000000,4729815.3
22287,1754877600000,4776201.59999999
22288,1754881200000,4778196.2
22289,1754884800000,4750496.2
22290,1754888400000,4749568.8
22291,1754892000000,4769307.3
22292,1754895600000,4778370.8
22293,1754899200000,4762092.8
22294,1754902800000,4734585.2
22295,1754906400000,4761147.8
22296,1754910000000,4744506.4
22297,1754913600000,4741509.59999999
22298,1754917200000,4687315.2
22299,1754920800000,4712134.59999999
22300,1754924400000,4680697.59999999
22301,1754928000000,4699538.59999999
22302,1754931600000,4651561.3
22303,1754935200000,4635279.2
22304,1754938800000,4656481.8
22305,1754942400000,4654912.5
22306,1754946000000,4708879.59999999
22307,1754949600000,4661580.4
22308,1754953200000,4634449.5
22309,1754956800000,4626480.09999999
22310,1754960400000,4655386.7
22311,1754964000000,4679682.59999999
22312,1754967600000,4640298.59999999
22313,1754971200000,4621015.59999999
22314,1754974800000,4623751.4
22315,1754978400000,4632150.5
22316,1754982000000,4649357.4
22317,1754985600000,4654780.7
22318,1754989200000,4644452.2
22319,1754992800000,4662019.4
22320,1754996400000,4647120.59999999
22321,1755000000000,4659236.09999999
22322,1755003600000,4609035.0
22323,1755007200000,4600468.8
22324,1755010800000,4592847.3
22325,1755014400000,4562750.3
22326,1755018000000,4663566.4
22327,1755021600000,4689972.2
22328,1755025200000,4681375.8
22329,1755028800000,4733371.8
22330,1755032400000,4820719.09999999
22331,1755036000000,4805593.59999999
22332,1755039600000,4831450.3
22333,1755043200000,4873732.3
22334,1755046800000,4857351.59999999
22335,1755050400000,4849789.09999999
22336,1755054000000,4877357.9
22337,1755057600000,4917465.3
22338,1755061200000,4906804.4
22339,1755064800000,4918077.2
22340,1755068400000,4945986.8
22341,1755072000000,4999636.2
22342,1755075600000,5035592.5
22343,1755079200000,5057393.0
22344,1755082800000,5056835.5
22345,1755086400000,5005782.4
22346,1755090000000,5018441.9
22347,1755093600000,4987530.9
22348,1755097200000,4926234.8
22349,1755100800000,4904392.8
22350,1755104400000,5073879.3
22351,1755108000000,5096256.4
22352,1755111600000,4976872.7
22353,1755115200000,5149976.2
22354,1755118800000,5134490.8
22355,1755122400000,4981615.2
22356,1755126000000,5080084.0
22357,1755129600000,5133998.4
22358,1755133200000,5140393.0
22359,1755136800000,5177208.59999999
22360,1755140400000,5251552.7
22361,1755144000000,5278329.8
22362,1755147600000,5057209.3
22363,1755151200000,5064603.2
22364,1755154800000,5111192.0
22365,1755158400000,5095313.09999999
22366,1755162000000,5074862.2
22367,1755165600000,5078395.9
22368,1755169200000,5071617.4
22369,1755172800000,5116816.4
22370,1755176400000,5158344.4
22371,1755180000000,5192647.09999999
22372,1755183600000,5103312.0
22373,1755187200000,5095762.2
22374,1755190800000,5057521.7
22375,1755194400000,4952225.2
22376,1755198000000,4940910.4
22377,1755201600000,4901572.3
22378,1755205200000,4879796.4
22379,1755208800000,4831364.59999999
22380,1755212400000,4840814.3
22381,1755216000000,4814366.3
22382,1755219600000,4792570.0
22383,1755223200000,4780450.8
22384,1755226800000,4827363.09999999
22385,1755230400000,4808939.59999999
22386,1755234000000,4810397.0
22387,1755237600000,4781460.5
22388,1755241200000,4891583.09999999
22389,1755244800000,4776034.7
22390,1755248400000,4754222.4
22391,1755252000000,4752805.4
22392,1755255600000,4726548.2
22393,1755259200000,4679693.7
22394,1755262800000,4659502.8
22395,1755266400000,4609389.59999999
22396,1755270000000,4559560.59999999
22397,1755273600000,4491896.9
22398,1755277200000,4400021.8
22399,1755280800000,4477897.4
22400,1755284400000,4434239.2
22401,1755288000000,4385609.0
22402,1755291600000,4383631.4
22403,1755295200000,4369491.4
22404,1755298800000,4442293.2
22405,1755302400000,4436212.9
22406,1755306000000,4464574.8
22407,1755309600000,4506890.7
22408,1755313200000,4493488.2
22409,1755316800000,4500121.09999999
22410,1755320400000,4471041.0
22411,1755324000000,4462371.7
22412,1755327600000,4497928.59999999
22413,1755331200000,4530449.0
22414,1755334800000,4539109.59999999
22415,1755338400000,4498062.0
22416,1755342000000,4489283.2
22417,1755345600000,4493695.4
22418,1755349200000,4469903.8
22419,1755352800000,4479644.0
22420,1755356400000,4539529.09999999
22421,1755360000000,4616013.2
22422,1755363600000,4605943.8
22423,1755367200000,4616645.2
22424,1755370800000,4618729.59999999
22425,1755374400000,4623057.5
22426,1755378000000,4649235.59999999
22427,1755381600000,4639291.8
22428,1755385200000,4645021.4
22429,1755388800000,4654134.3
22430,1755392400000,4626977.0
22431,1755396000000,4619716.3
22432,1755399600000,4634480.4
22433,1755403200000,4615160.9
22434,1755406800000,4628330.09999999
22435,1755410400000,4605166.4
22436,1755414000000,4602751.2
22437,1755417600000,4590078.2
22438,1755421200000,4634567.2
22439,1755424800000,4662722.0
22440,1755428400000,4693326.4
22441,1755432000000,4731422.59999999
22442,1755435600000,4686761.5
22443,1755439200000,4690869.7
22444,1755442800000,4683402.2
22445,1755446400000,4713998.9
22446,1755450000000,4670756.2
22447,1755453600000,4760197.59999999
22448,1755457200000,4728239.59999999
22449,1755460800000,4729186.59999999
22450,1755464400000,4768202.4
22451,1755468000000,4750756.0
22452,1755471600000,4828439.59999999
22453,1755475200000,4797068.2
22454,1755478800000,4894566.8
22455,1755482400000,4739023.8
22456,1755486000000,4698111.09999999
22457,1755489600000,4645122.2
22458,1755493200000,4633344.3
22459,1755496800000,4578673.0
22460,1755500400000,4556750.3
22461,1755504000000,4532772.4
22462,1755507600000,4554254.3
22463,1755511200000,4618590.09999999
22464,1755514800000,4622016.2
22465,1755518400000,4589805.2
22466,1755522000000,4635339.7
22467,1755525600000,4673563.59999999
22468,1755529200000,4657210.2
22469,1755532800000,4653737.59999999
22470,1755536400000,4559518.4
22471,1755540000000,4516038.2
22472,1755543600000,4524182.09999999
22473,1755547200000,4535620.2
22474,1755550800000,4542143.5
22475,1755554400000,4548364.59999999
22476,1755558000000,4543999.59999999
22477,1755561600000,4547304.0
22478,1755565200000,4592364.9
22479,1755568800000,4519862.59999999
22480,1755572400000,4530025.8
22481,1755576000000,4542546.5
22482,1755579600000,4494946.09999999
22483,1755583200000,4453035.2
22484,1755586800000,4485989.8
22485,1755590400000,4470245.0
22486,1755594000000,4452160.3
22487,1755597600000,4474887.59999999
22488,1755601200000,4456820.7
22489,1755604800000,4500381.2
22490,1755608400000,4480033.5
22491,1755612000000,4456313.09999999
22492,1755615600000,4528293.59999999
22493,1755619200000,4503358.5
22494,1755622800000,4502577.59999999
22495,1755626400000,4489392.59999999
22496,1755630000000,4491407.59999999
22497,1755633600000,4491259.7
22498,1755637200000,4484399.0
22499,1755640800000,4477919.0
22500,1755644400000,4474557.0
22501,1755648000000,4468983.09999999
22502,1755651600000,4464594.0
22503,1755655200000,4393787.0
22504,1755658800000,4382409.4
22505,1755662400000,4382928.4
22506,1755666000000,4369855.4
22507,1755669600000,4377557.2
22508,1755673200000,4376696.09999999
22509,1755676800000,4362600.3
22510,1755680400000,4414546.5
22511,1755684000000,4388311.2
22512,1755687600000,4381637.3
22513,1755691200000,4343238.8
22514,1755694800000,4345213.2
22515,1755698400000,4351531.7
22516,1755702000000,4408641.4
22517,1755705600000,4338844.9
22518,1755709200000,4364882.59999999
22519,1755712800000,4368095.59999999
22520,1755716400000,4379788.8
22521,1755720000000,4426959.59999999
22522,1755723600000,4424799.59999999
22523,1755727200000,4408375.0
22524,1755730800000,4408877.4
22525,1755734400000,4384959.59999999
22526,1755738000000,4384818.4
22527,1755741600000,4398983.0
22528,1755745200000,4408527.8
22529,1755748800000,4426923.4
22530,1755752400000,4421830.2
22531,1755756000000,4430541.4
22532,1755759600000,4463622.8
22533,1755763200000,4471478.3
22534,1755766800000,4454068.4
22535,1755770400000,4468937.09999999
22536,1755774000000,4440037.2
22537,1755777600000,4442988.4
22538,1755781200000,4448734.8
22539,1755784800000,4435655.3
22540,1755788400000,4458153.5
22541,1755792000000,4459634.59999999
22542,1755795600000,4550161.9
22543,1755799200000,4513376.8
22544,1755802800000,4525128.2
22545,1755806400000,4497791.4
22546,1755810000000,4485009.9
22547,1755813600000,4481101.9
22548,1755817200000,4486128.4
22549,1755820800000,4490850.0
22550,1755824400000,4497065.59999999
22551,1755828000000,4518429.8
22552,1755831600000,4495650.2
22553,1755835200000,4472997.9
22554,1755838800000,4470901.9
22555,1755842400000,4493130.5
22556,1755846000000,4500751.59999999
22557,1755849600000,4482453.59999999
22558,1755853200000,4494119.5
22559,1755856800000,4500602.8
22560,1755860400000,4498323.4
22561,1755864000000,4495383.2
22562,1755867600000,4485488.59999999
22563,1755871200000,4477346.0
22564,1755874800000,4504747.09999999
22565,1755878400000,4569199.09999999
22566,1755882000000,4649366.09999999
22567,1755885600000,4772212.2
22568,1755889200000,4797956.4
22569,1755892800000,4845327.09999999
22570,1755896400000,4956420.9
22571,1755900000000,4935341.59999999
22572,1755903600000,5057301.59999999
22573,1755907200000,5111477.4
22574,1755910800000,5123682.4
22575,1755914400000,5131136.0
22576,1755918000000,5043252.3
22577,1755921600000,5094530.3
22578,1755925200000,5131107.9
22579,1755928800000,5145566.09999999
22580,1755932400000,5162996.8
22581,1755936000000,5171055.8
22582,1755939600000,5175462.59999999
22583,1755943200000,5320067.09999999
22584,1755946800000,5381190.0
22585,1755950400000,5440166.09999999
22586,1755954000000,5560845.8
22587,1755957600000,5699706.3
22588,1755961200000,5674602.4
22589,1755964800000,5522323.3
22590,1755968400000,5597554.3
22591,1755972000000,5702141.7
22592,1755975600000,5680465.6
22593,1755979200000,5750757.4
22594,1755982800000,5768871.8
22595,1755986400000,5763125.6
22596,1755990000000,5772389.8
22597,1755993600000,5803372.7
22598,1755997200000,5802255.5
22599,1756000800000,5800805.2
22600,1756004400000,5800808.9
22601,1756008000000,5770574.6
22602,1756011600000,5775932.9
22603,1756015200000,5724854.0
22604,1756018800000,5703633.0
22605,1756022400000,5671181.8
22606,1756026000000,5653064.2
22607,1756029600000,5649617.4
22608,1756033200000,5602395.2
22609,1756036800000,5614158.59999999
22610,1756040400000,5614437.0
22611,1756044000000,5655199.0
22612,1756047600000,5676155.4
22613,1756051200000,5693030.9
22614,1756054800000,5669661.4
22615,1756058400000,5667631.7
22616,1756062000000,5690729.2
22617,1756065600000,5620389.8
22618,1756069200000,5624703.3
22619,1756072800000,5609700.2
22620,1756076400000,5601460.3
22621,1756080000000,5668779.6
22622,1756083600000,5564528.2
22623,1756087200000,5553786.0
22624,1756090800000,5590073.4
22625,1756094400000,5567159.8
22626,1756098000000,5544751.59999999
22627,1756101600000,5515864.2
22628,1756105200000,5405009.7
22629,1756108800000,5301006.8
22630,1756112400000,5318224.7
22631,1756116000000,5283528.59999999
22632,1756119600000,5183894.8
22633,1756123200000,5183140.0
22634,1756126800000,5288745.4
22635,1756130400000,5181092.2
22636,1756134000000,5163097.8
22637,1756137600000,5154620.4
22638,1756141200000,5121001.4
22639,1756144800000,5049151.9
22640,1756148400000,5003666.2
22641,1756152000000,4907523.9
22642,1756155600000,4855003.3
22643,1756159200000,4825889.2
22644,1756162800000,4818721.09999999
22645,1756166400000,4811940.2
22646,1756170000000,4787103.2
22647,1756173600000,4759917.0
22648,1756177200000,4761898.8
22649,1756180800000,4763714.59999999
22650,1756184400000,4760664.59999999
22651,1756188000000,4764314.7
22652,1756191600000,4776296.59999999
22653,1756195200000,4712937.0
22654,1756198800000,4710518.0
22655,1756202400000,4714086.59999999
22656,1756206000000,4720593.0
22657,1756209600000,4709185.0
22658,1756213200000,4658465.9
22659,1756216800000,4631397.0
22660,1756220400000,4619938.59999999
22661,1756224000000,4605661.59999999
22662,1756227600000,4610529.4
22663,1756231200000,4598611.4
22664,1756234800000,4582419.4
22665,1756238400000,4579044.0
22666,1756242000000,4600731.0
22667,1756245600000,4552345.8
22668,1756249200000,4543690.9
22669,1756252800000,4524344.0
22670,1756256400000,4506984.59999999
22671,1756260000000,4506188.2
22672,1756263600000,4508085.09999999
22673,1756267200000,4497468.0
22674,1756270800000,4490077.0
22675,1756274400000,4517234.2
22676,1756278000000,4486890.8
22677,1756281600000,4514821.5
22678,1756285200000,4522247.0
22679,1756288800000,4548749.3
22680,1756292400000,4548710.8
22681,1756296000000,4567644.0
22682,1756299600000,4614166.09999999
22683,1756303200000,4606417.59999999
22684,1756306800000,4694422.59999999
22685,1756310400000,4637585.8
22686,1756314000000,4648420.2
22687,1756317600000,4656925.59999999
22688,1756321200000,4643391.09999999
22689,1756324800000,4651142.4
22690,1756328400000,4661933.2
22691,1756332000000,4623002.59999999
22692,1756335600000,4609146.59999999
22693,1756339200000,4612093.59999999
22694,1756342800000,4608345.2
22695,1756346400000,4622053.4
22696,1756350000000,4610857.4
22697,1756353600000,4617604.5
22698,1756357200000,4641254.3
22699,1756360800000,4642092.5
22700,1756364400000,4622689.8
22701,1756368000000,4632156.2
22702,1756371600000,4642122.3
22703,1756375200000,4676822.59999999
22704,1756378800000,4687616.0
22705,1756382400000,4726421.0
22706,1756386000000,4770539.4
22707,1756389600000,4795334.59999999
22708,1756393200000,4824061.9
22709,1756396800000,4794245.2
22710,1756400400000,4761172.7
22711,1756404000000,4751442.7
22712,1756407600000,4783395.4
22713,1756411200000,4750200.3
22714,1756414800000,4733361.3
22715,1756418400000,4725127.0
22716,1756422000000,4740371.8
22717,1756425600000,4700400.3
22718,1756429200000,4696862.8
22719,1756432800000,4718404.4
22720,1756436400000,4762310.2
22721,1756440000000,4773086.3
22722,1756443600000,4756046.0
22723,1756447200000,4785162.8
22724,1756450800000,4793617.4
22725,1756454400000,4740903.4
22726,1756458000000,4705317.09999999
22727,1756461600000,4685839.8
22728,1756465200000,4767443.8
22729,1756468800000,4817013.0
22730,1756472400000,4786588.4
22731,1756476000000,4781472.4
22732,1756479600000,4734119.3
22733,1756483200000,4733148.59999999
22734,1756486800000,4707657.0
22735,1756490400000,4721010.09999999
22736,1756494000000,4694906.5
22737,1756497600000,4668939.0
22738,1756501200000,4637639.5
22739,1756504800000,4624767.0
22740,1756508400000,4615812.9
22741,1756512000000,4640889.59999999
22742,1756515600000,4629870.59999999
22743,1756519200000,4614862.5
22744,1756522800000,4597763.8
22745,1756526400000,4594169.2
22746,1756530000000,4572273.0
22747,1756533600000,4587328.2
22748,1756537200000,4573891.59999999
22749,1756540800000,4559555.0
22750,1756544400000,4538761.2
22751,1756548000000,4559222.7
22752,1756551600000,4587434.2
22753,1756555200000,4568405.2
22754,1756558800000,4526740.0
22755,1756562400000,4528541.59999999
22756,1756566000000,4542645.59999999
22757,1756569600000,4523931.59999999
22758,1756573200000,4521654.0
22759,1756576800000,4512968.59999999
22760,1756580400000,4516825.8
22761,1756584000000,4518804.2
22762,1756587600000,4527075.0
22763,1756591200000,4540983.4
22764,1756594800000,4540150.0
22765,1756598400000,4538433.4
22766,1756602000000,4549099.7
22767,1756605600000,4553667.8
22768,1756609200000,4550661.0
22769,1756612800000,4557480.59999999
22770,1756616400000,4560276.0
22771,1756620000000,4575536.8
22772,1756623600000,4570685.59999999
22773,1756627200000,4571954.9
22774,1756630800000,4557003.59999999
22775,1756634400000,4526200.8
22776,1756638000000,4497388.8
22777,1756641600000,4497912.8
22778,1756645200000,4502055.59999999
22779,1756648800000,4498129.4
22780,1756652400000,4511316.4
22781,1756656000000,4511194.09999999
22782,1756659600000,4505029.7
22783,1756663200000,4492605.4
22784,1756666800000,4494808.5
22785,1756670400000,4497103.0
22786,1756674000000,4495964.2
22787,1756677600000,4491648.2
22788,1756681200000,4473978.4
22789,1756684800000,4451505.59999999
22790,1756688400000,4523099.4
22791,1756692000000,4504413.2
22792,1756695600000,4497021.2
22793,1756699200000,4489567.8
22794,1756702800000,4464701.59999999
22795,1756706400000,4470491.0
22796,1756710000000,4459310.2
22797,1756713600000,4407717.3
22798,1756717200000,4419655.4
22799,1756720800000,4487177.0
22800,1756724400000,4520749.09999999
22801,1756728000000,4521174.09999999
22802,1756731600000,4540797.2
22803,1756735200000,4560790.0
22804,1756738800000,4543134.59999999
22805,1756742400000,4519346.3
22806,1756746000000,4479463.0
22807,1756749600000,4469687.4
22808,1756753200000,4466390.8
22809,1756756800000,4468298.4
22810,1756760400000,4448681.4
22811,1756764000000,4462913.59999999
22812,1756767600000,4423828.2
22813,1756771200000,4412493.2
22814,1756774800000,4388303.4
22815,1756778400000,4372007.4
22816,1756782000000,4384357.3
22817,1756785600000,4346942.8
22818,1756789200000,4357012.3
22819,1756792800000,4346452.3
22820,1756796400000,4340811.8
22821,1756800000000,4363895.8
22822,1756803600000,4404383.9
22823,1756807200000,4400758.0
22824,1756810800000,4441601.09999999
22825,1756814400000,4463683.7
22826,1756818000000,4427033.5
22827,1756821600000,4493950.0
22828,1756825200000,4536687.2
22829,1756828800000,4503077.09999999
22830,1756832400000,4476851.8
22831,1756836000000,4451920.5
22832,1756839600000,4414184.3
22833,1756843200000,4467427.3
22834,1756846800000,4536996.09999999
22835,1756850400000,4534590.9
22836,1756854000000,4586564.0
22837,1756857600000,4597953.5
22838,1756861200000,4614619.4
22839,1756864800000,4608760.3
22840,1756868400000,4648664.5
22841,1756872000000,4665172.3
22842,1756875600000,4668751.2
22843,1756879200000,4665071.5
22844,1756882800000,4730811.5
22845,1756886400000,4773874.5
22846,1756890000000,4865009.4
22847,1756893600000,4901620.09999999
22848,1756897200000,4891805.9
22849,1756900800000,4894485.59999999
22850,1756904400000,4901267.9
22851,1756908000000,4929825.2
22852,1756911600000,4914138.7
22853,1756915200000,4932920.3
22854,1756918800000,4940185.9
22855,1756922400000,4984733.59999999
22856,1756926000000,5018354.7
22857,1756929600000,4997538.8
22858,1756933200000,4997616.5
22859,1756936800000,5002153.7
22860,1756940400000,5003281.0
22861,1756944000000,5001807.2
22862,1756947600000,5028065.9
22863,1756951200000,4999482.09999999
22864,1756954800000,5002431.59999999
22865,1756958400000,5004353.3
22866,1756962000000,4995472.7
22867,1756965600000,4982016.9
22868,1756969200000,4968516.2
22869,1756972800000,4960907.09999999
22870,1756976400000,4955965.4
22871,1756980000000,4965063.4
22872,1756983600000,4947102.4
22873,1756987200000,4946603.59999999
22874,1756990800000,4978563.2
22875,1756994400000,4980331.8
22876,1756998000000,4989616.7
22877,1757001600000,5011272.0
22878,1757005200000,5013815.4
22879,1757008800000,4938228.2
22880,1757012400000,4908403.3
22881,1757016000000,4871543.59999999
22882,1757019600000,4890725.8
22883,1757023200000,4864695.7
22884,1757026800000,4844957.5
22885,1757030400000,4803184.0
22886,1757034000000,4810058.59999999
22887,1757037600000,4791773.2
22888,1757041200000,4768610.5
22889,1757044800000,4741690.0
22890,1757048400000,4740956.4
22891,1757052000000,4751844.8
22892,1757055600000,4750992.2
22893,1757059200000,4730250.8
22894,1757062800000,4783375.5
22895,1757066400000,4780342.2
22896,1757070000000,4832756.0
22897,1757073600000,4820069.3
22898,1757077200000,4821517.4
22899,1757080800000,4832429.5
22900,1757084400000,4820899.59999999
22901,1757088000000,4818538.5
22902,1757091600000,4783989.0
22903,1757095200000,4791787.0
22904,1757098800000,4767428.2
22905,1757102400000,4762730.2
22906,1757106000000,4772154.8
22907,1757109600000,4745520.0
22908,1757113200000,4761931.59999999
22909,1757116800000,4762251.8
22910,1757120400000,4767786.4
22911,1757124000000,4773557.59999999
22912,1757127600000,4773112.8
22913,1757131200000,4767095.59999999
22914,1757134800000,4774972.8
22915,1757138400000,4776047.4
22916,1757142000000,4775804.0
22917,1757145600000,4787880.59999999
22918,1757149200000,4794925.59999999
22919,1757152800000,4794444.0
22920,1757156400000,4821039.59999999
22921,1757160000000,4825251.2
22922,1757163600000,4838495.2
22923,1757167200000,4841498.09999999
22924,1757170800000,4850496.8
22925,1757174400000,4855787.7
22926,1757178000000,4824833.9
22927,1757181600000,4822749.4
22928,1757185200000,4817582.9
22929,1757188800000,4790180.9
22930,1757192400000,4784204.0
22931,1757196000000,4773257.0
22932,1757199600000,4772378.2
22933,1757203200000,4770361.0
22934,1757206800000,4760321.8
22935,1757210400000,4762981.4
22936,1757214000000,4760975.0
22937,1757217600000,4817805.0
22938,1757221200000,4791060.2
22939,1757224800000,4795600.59999999
22940,1757228400000,4769488.4
22941,1757232000000,4758722.59999999
22942,1757235600000,4797932.8
22943,1757239200000,4781661.4
22944,1757242800000,4792661.0
22945,1757246400000,4832885.4
22946,1757250000000,4831011.8
22947,1757253600000,4826844.0
22948,1757257200000,4900579.0
22949,1757260800000,4946014.0
22950,1757264400000,4926598.8
22951,1757268000000,4889262.0
22952,1757271600000,4910866.59999999
22953,1757275200000,4888296.0
22954,1757278800000,4913217.8
22955,1757282400000,4915965.2
22956,1757286000000,4936929.8
22957,1757289600000,4947532.0
22958,1757293200000,4980766.4
22959,1757296800000,4973643.9
22960,1757300400000,4986622.4
22961,1757304000000,4998865.4
22962,1757307600000,5047420.4
22963,1757311200000,5059302.0
22964,1757314800000,5070164.4
22965,1757318400000,5069799.59999999
22966,1757322000000,5072844.2
22967,1757325600000,5112377.2
22968,1757329200000,5072950.59999999
22969,1757332800000,5047870.0
22970,1757336400000,5082175.09999999
22971,1757340000000,5054287.59999999
22972,1757343600000,5074673.7
22973,1757347200000,5083467.0
22974,1757350800000,5022801.2
22975,1757354400000,5146001.0
22976,1757358000000,5181844.8
22977,1757361600000,5112135.4
22978,1757365200000,5093449.5
22979,1757368800000,5117124.2
22980,1757372400000,5128925.4
22981,1757376000000,5139293.8
22982,1757379600000,5127916.2
22983,1757383200000,5140146.0
22984,1757386800000,5100591.59999999
22985,1757390400000,5107287.2
22986,1757394000000,5116672.0
22987,1757397600000,5118854.4
22988,1757401200000,5224465.4
22989,1757404800000,5249722.09999999
22990,1757408400000,5282948.5
22991,1757412000000,5301768.59999999
22992,1757415600000,5329541.2
22993,1757419200000,5385344.4
22994,1757422800000,5426002.59999999
22995,1757426400000,5411286.4
22996,1757430000000,5382208.7
22997,1757433600000,5486296.0
22998,1757437200000,5550102.4
22999,1757440800000,5627176.7
23000,1757444400000,5628178.5
23001,1757448000000,5582792.5
23002,1757451600000,5605456.9
23003,1757455200000,5599229.8
23004,1757458800000,5602107.59999999
23005,1757462400000,5536334.8
23006,1757466000000,5508607.4
23007,1757469600000,5542823.0
23008,1757473200000,5600376.0
23009,1757476800000,5596304.8
23010,1757480400000,5612462.0
23011,1757484000000,5626580.0
23012,1757487600000,5696238.0
23013,1757491200000,5767710.6
23014,1757494800000,5812658.2
23015,1757498400000,5873596.8
23016,1757502000000,5813047.6
23017,1757505600000,5832602.7
23018,1757509200000,5878130.3
23019,1757512800000,5931556.7
23020,1757516400000,5895025.4
23021,1757520000000,5850809.4
23022,1757523600000,5939807.1
23023,1757527200000,5937741.7
23024,1757530800000,5921764.4
23025,1757534400000,5924649.8
23026,1757538000000,5987211.0
23027,1757541600000,6042011.4
23028,1757545200000,6048353.4
23029,1757548800000,6105040.6
23030,1757552400000,6069377.8
23031,1757556000000,6115922.6
23032,1757559600000,6060196.9
23033,1757563200000,6105242.0
23034,1757566800000,6143854.8
23035,1757570400000,6258497.9
23036,1757574000000,6292948.7
23037,1757577600000,6297143.2
23038,1757581200000,6296367.2
23039,1757584800000,6248138.4
23040,1757588400000,6233748.7
23041,1757592000000,6231082.2
23042,1757595600000,6164648.8
23043,1757599200000,6197998.3
23044,1757602800000,6173156.5
23045,1757606400000,6268335.5
23046,1757610000000,6269778.0
23047,1757613600000,6229403.9
23048,1757617200000,6204456.1
23049,1757620800000,6216131.5
23050,1757624400000,6205882.8
23051,1757628000000,6189695.6
23052,1757631600000,6321135.6
23053,1757635200000,6388368.7
23054,1757638800000,6401129.1
23055,1757642400000,6408435.7
23056,1757646000000,6442985.3
23057,1757649600000,6362400.9
23058,1757653200000,6354146.9
23059,1757656800000,6385759.5
23060,1757660400000,6378589.3
23061,1757664000000,6381402.6
23062,1757667600000,6372209.0
23063,1757671200000,6376103.9
23064,1757674800000,6370218.7
23065,1757678400000,6366032.6
23066,1757682000000,6347555.3
23067,1757685600000,6329456.8
23068,1757689200000,6324623.1
23069,1757692800000,6250708.7
23070,1757696400000,6245884.7
23071,1757700000000,6240042.3
23072,1757703600000,6222884.7
23073,1757707200000,6228421.9
23074,1757710800000,6225800.7
23075,1757714400000,6209908.9
23076,1757718000000,6150086.8
23077,1757721600000,6311662.3
23078,1757725200000,6286526.9
23079,1757728800000,6288426.3
23080,1757732400000,6493508.2
23081,1757736000000,6512977.2
23082,1757739600000,6543269.2
23083,1757743200000,6553046.7
23084,1757746800000,6542195.1
23085,1757750400000,6550034.0
23086,1757754000000,6529125.5
23087,1757757600000,6647032.0
23088,1757761200000,6638784.3
23089,1757764800000,6682561.2
23090,1757768400000,6674215.9
23091,1757772000000,6497060.9
23092,1757775600000,6534033.9
23093,1757779200000,6531841.5
23094,1757782800000,6488365.2
23095,1757786400000,6474499.9
23096,1757790000000,6485031.0
23097,1757793600000,6502658.3
23098,1757797200000,6566284.8
23099,1757800800000,6587712.7
23100,1757804400000,6581566.1
23101,1757808000000,6571361.3
23102,1757811600000,6602262.4
23103,1757815200000,6560389.6
23104,1757818800000,6552438.6
23105,1757822400000,6516362.3
23106,1757826000000,6437747.1
23107,1757829600000,6420531.4
23108,1757833200000,6368205.3
23109,1757836800000,6349516.5
23110,1757840400000,6337846.7
23111,1757844000000,6318702.7
23112,1757847600000,6320415.7
23113,1757851200000,6278845.7
23114,1757854800000,6259056.7
23115,1757858400000,6238932.0
23116,1757862000000,6105616.2
23117,1757865600000,6098060.6
23118,1757869200000,6082511.9
23119,1757872800000,6101399.5
23120,1757876400000,6073060.9
23121,1757880000000,6096209.9
23122,1757883600000,6123259.7
23123,1757887200000,6119152.1
23124,1757890800000,6096164.2
23125,1757894400000,6065564.5
23126,1757898000000,6059158.1
23127,1757901600000,6050081.7
23128,1757905200000,6063988.5
23129,1757908800000,6057307.1
23130,1757912400000,6096296.7
23131,1757916000000,6083093.1
23132,1757919600000,6150719.6
23133,1757923200000,6127330.3
23134,1757926800000,5956067.3
23135,1757930400000,5975091.9
23136,1757934000000,5995623.6
23137,1757937600000,6068315.9
23138,1757941200000,6080951.3
23139,1757944800000,6064469.7
23140,1757948400000,6130086.8
23141,1757952000000,6067178.8
23142,1757955600000,6014688.3
23143,1757959200000,6024132.4
23144,1757962800000,6022045.7
23145,1757966400000,6258318.8
23146,1757970000000,6248790.9
23147,1757973600000,6167120.2
23148,1757977200000,6153060.9
23149,1757980800000,6144871.1
23150,1757984400000,6114067.3
23151,1757988000000,6107946.1
23152,1757991600000,6094548.0
23153,1757995200000,6110182.0
23154,1757998800000,6093788.3
23155,1758002400000,6091221.3
23156,1758006000000,6071747.3
23157,1758009600000,6156028.2
23158,1758013200000,6330175.4
23159,1758016800000,6394124.2
23160,1758020400000,6420240.1
23161,1758024000000,6431432.2
23162,1758027600000,6410932.8
23163,1758031200000,6417372.3
23164,1758034800000,6280849.7
23165,1758038400000,6246317.3
23166,1758042000000,6182142.1
23167,1758045600000,6238771.9
23168,1758049200000,6184450.3
23169,1758052800000,6213916.3
23170,1758056400000,6205656.7
23171,1758060000000,6233431.5
23172,1758063600000,6236643.6
23173,1758067200000,6201548.7
23174,1758070800000,6191448.5
23175,1758074400000,6183312.6
23176,1758078000000,6203159.9
23177,1758081600000,6202912.7
23178,1758085200000,6191927.1
23179,1758088800000,6175110.9
23180,1758092400000,6090898.4
23181,1758096000000,6077931.0
23182,1758099600000,6058862.7
23183,1758103200000,6047597.7
23184,1758106800000,6046141.1
23185,1758110400000,6040591.7
23186,1758114000000,6053833.1
23187,1758117600000,6086003.3
23188,1758121200000,6064727.5
23189,1758124800000,6069201.2
23190,1758128400000,6061882.3
23191,1758132000000,6017545.7
23192,1758135600000,5864056.3
23193,1758139200000,5934111.6
23194,1758142800000,6127607.1
23195,1758146400000,6099515.0
23196,1758150000000,6190381.8
23197,1758153600000,6297703.9
23198,1758157200000,6496158.1
23199,1758160800000,6565664.6
23200,1758164400000,6618884.2
23201,1758168000000,6562917.0
23202,1758171600000,6560729.1
23203,1758175200000,6557453.8
23204,1758178800000,6581064.1
23205,1758182400000,6634930.1
23206,1758186000000,6672303.0
23207,1758189600000,6673417.4
23208,1758193200000,6686540.3
23209,1758196800000,6724277.0
23210,1758200400000,6761883.8
23211,1758204000000,6802909.4
23212,1758207600000,6814376.6
23213,1758211200000,6876766.0
23214,1758214800000,6934868.3
23215,1758218400000,7294401.7
23216,1758222000000,7567960.6
23217,1758225600000,7440918.0
23218,1758229200000,7484160.6
23219,1758232800000,7413682.7
23220,1758236400000,7463362.0
23221,1758240000000,7457276.2
23222,1758243600000,7496898.9
23223,1758247200000,7522208.0
23224,1758250800000,7570486.8
23225,1758254400000,7422093.1
23226,1758258000000,7465468.2
23227,1758261600000,7480089.8
23228,1758265200000,7530823.3
23229,1758268800000,7659275.4
23230,1758272400000,7670391.6
23231,1758276000000,7623399.4
23232,1758279600000,7587725.8
23233,1758283200000,7536775.8
23234,1758286800000,7515580.3
23235,1758290400000,7602628.5
23236,1758294000000,7531768.1
23237,1758297600000,7589333.5
23238,1758301200000,7661156.7
23239,1758304800000,7731738.4
23240,1758308400000,7765017.2
23241,1758312000000,7701741.4
23242,1758315600000,7672573.2
23243,1758319200000,7636839.8
23244,1758322800000,7612565.0
23245,1758326400000,7511640.4
23246,1758330000000,7532206.0
23247,1758333600000,7520225.3
23248,1758337200000,7528232.8
23249,1758340800000,7511485.1
23250,1758344400000,7532215.6
23251,1758348000000,7532943.4
23252,1758351600000,7512234.2
23253,1758355200000,7485688.3
23254,1758358800000,7489575.9
23255,1758362400000,7480185.2
23256,1758366000000,7412446.1
23257,1758369600000,7333816.3
23258,1758373200000,7258338.6
23259,1758376800000,7247804.8
23260,1758380400000,7338417.2
23261,1758384000000,7354306.1
23262,1758387600000,7334712.0
23263,1758391200000,7303326.6
23264,1758394800000,7237903.4
23265,1758398400000,7228768.4
23266,1758402000000,7216938.2
23267,1758405600000,7172081.7
23268,1758409200000,7157238.0
23269,1758412800000,7141877.2
23270,1758416400000,7172748.0
23271,1758420000000,7167310.2
23272,1758423600000,7161881.3
23273,1758427200000,7101463.4
23274,1758430800000,7120865.4
23275,1758434400000,7124842.8
23276,1758438000000,7136931.3
23277,1758441600000,7146151.8
23278,1758445200000,7129813.3
23279,1758448800000,7105883.4
23280,1758452400000,7032463.5
23281,1758456000000,7004402.6
23282,1758459600000,7053179.7
23283,1758463200000,7026117.8
23284,1758466800000,7012760.3
23285,1758470400000,7008622.5
23286,1758474000000,6964289.1
23287,1758477600000,6910701.6
23288,1758481200000,7003263.7
23289,1758484800000,7174499.8
23290,1758488400000,7258644.0
23291,1758492000000,7256347.4
23292,1758495600000,7268072.2
23293,1758499200000,7265789.1
23294,1758502800000,7047561.2
23295,1758506400000,7072032.3
23296,1758510000000,7197808.8
23297,1758513600000,7073995.4
23298,1758517200000,7065275.8
23299,1758520800000,7042261.3
23300,1758524400000,7078013.2
23301,1758528000000,7078065.2
23302,1758531600000,7156395.3
23303,1758535200000,7097987.9
23304,1758538800000,7093348.0
23305,1758542400000,7146168.4
23306,1758546000000,7161762.6
23307,1758549600000,7168518.3
23308,1758553200000,7003913.1
23309,1758556800000,7129822.4
23310,1758560400000,7342151.2
23311,1758564000000,7353701.7
23312,1758567600000,7355410.0
23313,1758571200000,7313171.6
23314,1758574800000,7459850.2
23315,1758578400000,7573738.3
23316,1758582000000,7507349.2
23317,1758585600000,7628463.6
23318,1758589200000,7639998.2
23319,1758592800000,7598963.1
23320,1758596400000,7689304.5
23321,1758600000000,7747446.5
23322,1758603600000,7870407.2
23323,1758607200000,7991241.6
23324,1758610800000,8038090.8
23325,1758614400000,7984080.8
23326,1758618000000,8101138.9
23327,1758621600000,8056936.0
23328,1758625200000,8092026.2
23329,1758628800000,8050547.6
23330,1758632400000,7993911.9
23331,1758636000000,7975536.0
23332,1758639600000,8035159.5
23333,1758643200000,8003743.4
23334,1758646800000,7953992.9
23335,1758650400000,7922941.3
23336,1758654000000,7831720.6
23337,1758657600000,7792894.3
23338,1758661200000,7737671.4
23339,1758664800000,7697908.4
23340,1758668400000,7694557.9
23341,1758672000000,7714093.2
23342,1758675600000,7744743.5
23343,1758679200000,7773358.0
23344,1758682800000,7658822.0
23345,1758686400000,7540994.0
23346,1758690000000,7542762.6
23347,1758693600000,7576103.8
23348,1758697200000,7560121.6
23349,1758700800000,7571344.7
23350,1758704400000,7583632.1
23351,1758708000000,7612039.6
23352,1758711600000,7608362.9
23353,1758715200000,7614223.9
23354,1758718800000,7656024.2
23355,1758722400000,7666651.6
23356,1758726000000,7723313.3
23357,1758729600000,7697159.8
23358,1758733200000,7679098.8
23359,1758736800000,7692323.6
23360,1758740400000,7685804.8
23361,1758744000000,7616301.2
23362,1758747600000,7494675.1
23363,1758751200000,7446544.4
23364,1758754800000,7352425.6
23365,1758758400000,7304396.6
23366,1758762000000,7308890.0
23367,1758765600000,7342047.2
23368,1758769200000,7332645.6
23369,1758772800000,7254147.5
23370,1758776400000,7197168.1
23371,1758780000000,7169993.4
23372,1758783600000,7140204.4
23373,1758787200000,7136783.4
23374,1758790800000,7108836.4
23375,1758794400000,7071533.9
23376,1758798000000,7105105.2
23377,1758801600000,6874076.4
23378,1758805200000,6843964.4
23379,1758808800000,6884026.8
23380,1758812400000,6901061.8
23381,1758816000000,6901343.5
23382,1758819600000,6857390.2
23383,1758823200000,6720852.0
23384,1758826800000,6777539.3
23385,1758830400000,6812257.6
23386,1758834000000,6703875.2
23387,1758837600000,6661671.4
23388,1758841200000,6657367.7
23389,1758844800000,6630882.9
23390,1758848400000,6633991.4
23391,1758852000000,6565000.1
23392,1758855600000,6610885.2
23393,1758859200000,6618861.7
23394,1758862800000,6629167.0
23395,1758866400000,6599395.5
23396,1758870000000,6646981.8
23397,1758873600000,6611995.4
23398,1758877200000,6619321.2
23399,1758880800000,6564572.6
23400,1758884400000,6566476.6
23401,1758888000000,6561162.5
23402,1758891600000,6568669.4
23403,1758895200000,6556620.7
23404,1758898800000,6558102.8
23405,1758902400000,6547814.3
23406,1758906000000,6555064.3
23407,1758909600000,6457160.8
23408,1758913200000,6369853.2
23409,1758916800000,6307388.8
23410,1758920400000,6273739.3
23411,1758924000000,6267491.5
23412,1758927600000,6192701.8
23413,1758931200000,6185189.0
23414,1758934800000,6170607.3
23415,1758938400000,6176233.0
23416,1758942000000,6171109.0
23417,1758945600000,6159939.4
23418,1758949200000,6159488.7
23419,1758952800000,6150296.2
23420,1758956400000,6190722.4
23421,1758960000000,6171459.6
23422,1758963600000,6073652.4
23423,1758967200000,6059862.0
23424,1758970800000,6108064.2
23425,1758974400000,6121787.2
23426,1758978000000,6177344.4
23427,1758981600000,6213107.2
23428,1758985200000,6242672.1
23429,1758988800000,6269964.4
23430,1758992400000,6253371.1
23431,1758996000000,6230337.8
23432,1758999600000,6236294.8
23433,1759003200000,6224437.8
23434,1759006800000,6198304.4
23435,1759010400000,6196588.6
23436,1759014000000,6187748.0
23437,1759017600000,6176250.3
23438,1759021200000,6206562.3
23439,1759024800000,6189469.8
23440,1759028400000,6174652.8
23441,1759032000000,6191256.2
23442,1759035600000,6173657.8
23443,1759039200000,6170796.6
23444,1759042800000,6153606.5
23445,1759046400000,6177053.0
23446,1759050000000,6199135.3
23447,1759053600000,6216526.0
23448,1759057200000,6207267.2
23449,1759060800000,6168135.8
23450,1759064400000,6124331.0
23451,1759068000000,6078921.7
23452,1759071600000,6070283.5
23453,1759075200000,6039603.1
23454,1759078800000,6056107.5
23455,1759082400000,6055643.9
23456,1759086000000,6050172.7
23457,1759089600000,6055828.6
23458,1759093200000,6082053.8
23459,1759096800000,6045449.8
23460,1759100400000,6098303.2
23461,1759104000000,6129167.2
23462,1759107600000,6119675.7
23463,1759111200000,6098957.3
23464,1759114800000,6129188.1
23465,1759118400000,6124454.4
23466,1759122000000,6125946.0
23467,1759125600000,6079132.6
23468,1759129200000,6073113.6
23469,1759132800000,6101585.3
23470,1759136400000,6161207.4
23471,1759140000000,6179339.6
23472,1759143600000,6129614.9
23473,1759147200000,6114146.2
23474,1759150800000,6067690.4
23475,1759154400000,6105021.2
23476,1759158000000,6096592.0
23477,1759161600000,6077702.9
23478,1759165200000,6105246.0
23479,1759168800000,6102955.0
23480,1759172400000,6107240.2
23481,1759176000000,6136734.6
23482,1759179600000,6200460.5
23483,1759183200000,6186999.4
23484,1759186800000,6191215.6
23485,1759190400000,6197927.0
23486,1759194000000,6215596.0
23487,1759197600000,6186017.7
23488,1759201200000,6177818.0
23489,1759204800000,6165870.4
23490,1759208400000,6140871.8
23491,1759212000000,6129320.0
23492,1759215600000,6114024.4
23493,1759219200000,6078683.2
23494,1759222800000,6081616.8
23495,1759226400000,6062163.7
23496,1759230000000,6048772.4
23497,1759233600000,6049030.2
23498,1759237200000,6061635.2
23499,1759240800000,6114893.1
23500,1759244400000,6106804.8
23501,1759248000000,6087362.6
23502,1759251600000,6070142.7
23503,1759255200000,6064027.0
23504,1759258800000,6088380.4
23505,1759262400000,6080351.4
23506,1759266000000,6131665.9
23507,1759269600000,6032908.8
23508,1759273200000,6038193.6
23509,1759276800000,6020008.5
23510,1759280400000,6002093.9
23511,1759284000000,6002479.6
23512,1759287600000,6008788.6
23513,1759291200000,5979444.4
23514,1759294800000,5980252.0
23515,1759298400000,6027454.2
23516,1759302000000,6041491.0
23517,1759305600000,6057912.1
23518,1759309200000,6059876.9
23519,1759312800000,6123237.4
23520,1759316400000,6076596.2
23521,1759320000000,6081078.6
23522,1759323600000,6083420.6
23523,1759327200000,6080355.7
23524,1759330800000,6056495.4
23525,1759334400000,6122060.9
23526,1759338000000,6164285.8
23527,1759341600000,6252708.7
23528,1759345200000,6295445.4
23529,1759348800000,6362329.6
23530,1759352400000,6329859.6
23531,1759356000000,6324071.6
23532,1759359600000,6341254.0
23533,1759363200000,6347868.5
23534,1759366800000,6282789.6
23535,1759370400000,6340601.4
23536,1759374000000,6338924.4
23537,1759377600000,6234826.8
23538,1759381200000,6262422.4
23539,1759384800000,6299179.6
23540,1759388400000,6321527.6
23541,1759392000000,6335968.8
23542,1759395600000,6419531.8
23543,1759399200000,6407973.8
23544,1759402800000,6424989.6
23545,1759406400000,6445396.3
23546,1759410000000,6460737.8
23547,1759413600000,6334302.8
23548,1759417200000,6208138.2
23549,1759420800000,6204422.4
23550,1759424400000,6232749.5
23551,1759428000000,6249779.2
23552,1759431600000,6255535.5
23553,1759435200000,6267438.8
23554,1759438800000,6219630.6
23555,1759442400000,6202239.0
23556,1759446000000,6208751.5
23557,1759449600000,6212667.4
23558,1759453200000,6150123.6
23559,1759456800000,6109066.6
23560,1759460400000,6068064.1
23561,1759464000000,6046133.6
23562,1759467600000,6052376.0
23563,1759471200000,6049927.4
23564,1759474800000,6039846.8
23565,1759478400000,6041078.8
23566,1759482000000,6067532.3
23567,1759485600000,6066107.0
23568,1759489200000,6098060.4
23569,1759492800000,6056891.7
23570,1759496400000,6064958.3
23571,1759500000000,6032368.6
23572,1759503600000,6079889.6
23573,1759507200000,6082764.9
23574,1759510800000,6020055.3
23575,1759514400000,5927603.3
23576,1759518000000,5964379.0
23577,1759521600000,5975894.0
23578,1759525200000,5988359.3
23579,1759528800000,6006012.7
23580,1759532400000,6016110.4
23581,1759536000000,6018923.6
23582,1759539600000,6032711.4
23583,1759543200000,6060150.8
23584,1759546800000,6054422.6
23585,1759550400000,6059955.2
23586,1759554000000,6085340.8
23587,1759557600000,6055059.0
23588,1759561200000,6046762.4
23589,1759564800000,6017663.8
23590,1759568400000,5995426.5
23591,1759572000000,5984332.8
23592,1759575600000,5984200.2
23593,1759579200000,6006802.0
23594,1759582800000,6002520.0
23595,1759586400000,6025623.1
23596,1759590000000,6034857.2
23597,1759593600000,6047941.8
23598,1759597200000,6058844.8
23599,1759600800000,6049094.7
23600,1759604400000,6040738.5
23601,1759608000000,6072943.1
23602,1759611600000,6085104.2
23603,1759615200000,6073623.8
23604,1759618800000,6056380.6
23605,1759622400000,6074996.2
23606,1759626000000,6048486.2
23607,1759629600000,6055250.6
23608,1759633200000,6066004.2
23609,1759636800000,6043074.1
23610,1759640400000,6009083.7
23611,1759644000000,6020477.9
23612,1759647600000,6004559.4
23613,1759651200000,6039693.1
23614,1759654800000,6016083.4
23615,1759658400000,6029554.0
23616,1759662000000,6024601.6
23617,1759665600000,6045095.0
23618,1759669200000,6028878.0
23619,1759672800000,6022094.4
23620,1759676400000,6101922.8
23621,1759680000000,6078072.6
23622,1759683600000,6075411.0
23623,1759687200000,6112905.4
23624,1759690800000,6087006.8
23625,1759694400000,6075400.5
23626,1759698000000,6088470.2
23627,1759701600000,6075399.6
23628,1759705200000,6097990.2
23629,1759708800000,6152505.4
23630,1759712400000,6134750.7
23631,1759716000000,6122518.5
23632,1759719600000,6112881.0
23633,1759723200000,6095857.2
23634,1759726800000,6089540.8
23635,1759730400000,6101405.3
23636,1759734000000,6126215.8
23637,1759737600000,6134695.0
23638,1759741200000,6146366.6
23639,1759744800000,6124915.5
23640,1759748400000,6153851.7
23641,1759752000000,6191613.4
23642,1759755600000,6232524.9
23643,1759759200000,6209285.1
23644,1759762800000,6214297.1
23645,1759766400000,6201195.5
23646,1759770000000,6231708.3
23647,1759773600000,6239476.9
23648,1759777200000,6244430.4
23649,1759780800000,6255704.7
23650,1759784400000,6246218.5
23651,1759788000000,6198642.8
23652,1759791600000,6225107.3
23653,1759795200000,6230614.9
23654,1759798800000,6227370.5
23655,1759802400000,6223181.7
23656,1759806000000,6234453.9
23657,1759809600000,6217849.5
23658,1759813200000,6182192.1
23659,1759816800000,6162771.0
23660,1759820400000,6166371.5
23661,1759824000000,6165245.9
23662,1759827600000,6144713.7
23663,1759831200000,6100981.5
23664,1759834800000,6173749.9
23665,1759838400000,6154365.5
23666,1759842000000,6184565.7
23667,1759845600000,6153589.1
23668,1759849200000,6143123.9
23669,1759852800000,6191580.9
23670,1759856400000,6282362.1
23671,1759860000000,6238619.0
23672,1759863600000,6233834.7
23673,1759867200000,6290611.9
23674,1759870800000,6319197.5
23675,1759874400000,6278248.0
23676,1759878000000,6282825.5
23677,1759881600000,6246799.1
23678,1759885200000,6308295.9
23679,1759888800000,6333845.7
23680,1759892400000,6305321.9
23681,1759896000000,6329399.5
23682,1759899600000,6312201.1
23683,1759903200000,6296586.5
23684,1759906800000,6290151.9
23685,1759910400000,6329778.9
23686,1759914000000,6365033.0
23687,1759917600000,6351460.5
23688,1759921200000,6369807.5
23689,1759924800000,6347065.5
23690,1759928400000,6325601.7
23691,1759932000000,6309773.9
23692,1759935600000,6281486.6
23693,1759939200000,6267337.3
23694,1759942800000,6265865.6
23695,1759946400000,6408259.1
23696,1759950000000,6384598.8
23697,1759953600000,6413450.1
23698,1759957200000,6406872.8
23699,1759960800000,6334236.3
23700,1759964400000,6348678.1
23701,1759968000000,6355662.3
23702,1759971600000,6330167.5
23703,1759975200000,6204523.6
23704,1759978800000,6196075.4
23705,1759982400000,6196575.4
23706,1759986000000,6199055.2
23707,1759989600000,6217628.3
23708,1759993200000,6210532.3
23709,1759996800000,6191986.1
23710,1760000400000,6181873.9
23711,1760004000000,6185078.7
23712,1760007600000,6188030.7
23713,1760011200000,6211688.3
23714,1760014800000,6236629.7
23715,1760018400000,6208568.6
23716,1760022000000,6225461.3
23717,1760025600000,6181253.3
23718,1760029200000,6161627.5
23719,1760032800000,6156989.5
23720,1760036400000,6149349.0
23721,1760040000000,6152566.1
23722,1760043600000,6138543.5
23723,1760047200000,6132681.3
23724,1760050800000,6131939.1
23725,1760054400000,6137994.3
23726,1760058000000,6139244.1
23727,1760061600000,6122924.3
23728,1760065200000,6119307.1
23729,1760068800000,6126837.3
23730,1760072400000,6122098.0
23731,1760076000000,6130997.3
23732,1760079600000,6121368.1
23733,1760083200000,6123306.4
23734,1760086800000,6118482.1
23735,1760090400000,6131095.9
23736,1760094000000,6148658.4
23737,1760097600000,6163488.3
23738,1760101200000,6166262.0
23739,1760104800000,6206876.2
23740,1760108400000,6219566.4
23741,1760112000000,6217738.8
23742,1760115600000,6171271.7
23743,1760119200000,6148146.5
23744,1760122800000,6095961.9
23745,1760126400000,6049161.3
23746,1760130000000,6017579.9
23747,1760133600000,4187673.7
23748,1760137200000,4049610.3
23749,1760140800000,3837788.6
23750,1760144400000,3859047.2
23751,1760148000000,3874246.0
23752,1760151600000,3945927.1
23753,1760155200000,3938903.5
23754,1760158800000,4002767.5
23755,1760162400000,3952757.2
23756,1760166000000,3890968.5
23757,1760169600000,3870695.5
23758,1760173200000,3817601.8
23759,1760176800000,3749756.2
23760,1760180400000,3723246.7
23761,1760184000000,3716053.2
23762,1760187600000,3684386.4
23763,1760191200000,3581999.7
23764,1760194800000,3544810.2
23765,1760198400000,3482787.6
23766,1760202000000,3583780.7
23767,1760205600000,3536874.6
23768,1760209200000,3588383.7
23769,1760212800000,3620426.7
23770,1760216400000,3608847.5
23771,1760220000000,3617988.1
23772,1760223600000,3687928.6
23773,1760227200000,3703946.9
23774,1760230800000,3673092.3
23775,1760234400000,3645406.9
23776,1760238000000,3631595.7
23777,1760241600000,3631472.9
23778,1760245200000,3621085.7
23779,1760248800000,3623156.4
23780,1760252400000,3625359.1
23781,1760256000000,3597814.6
23782,1760259600000,3611181.5
23783,1760263200000,3603290.2
23784,1760266800000,3580649.7
23785,1760270400000,3607981.8
23786,1760274000000,3649493.0
23787,1760277600000,3551291.8
23788,1760281200000,3530428.7
23789,1760284800000,3546009.3
23790,1760288400000,3569856.7
23791,1760292000000,3613792.1
23792,1760295600000,3602509.5
23793,1760299200000,3576127.5
23794,1760302800000,3550705.5
23795,1760306400000,3484862.7
23796,1760310000000,3586788.4
23797,1760313600000,3558466.3
23798,1760317200000,3544684.7
23799,1760320800000,3569620.6
23800,1760324400000,3557626.7
23801,1760328000000,3557046.1
23802,1760331600000,3570399.1
23803,1760335200000,3565765.9
23804,1760338800000,3554161.7
23805,1760342400000,3582253.8
23806,1760346000000,3599456.1
23807,1760349600000,3587788.3
23808,1760353200000,3609286.1
23809,1760356800000,3607059.9
23810,1760360400000,3645683.1
23811,1760364000000,3633850.9
23812,1760367600000,3638620.8
23813,1760371200000,3633019.5
23814,1760374800000,3809314.6
23815,1760378400000,4106796.7
23816,1760382000000,3963208.9
23817,1760385600000,3971164.4
23818,1760389200000,3916913.9
23819,1760392800000,3898223.3
23820,1760396400000,3884818.1
23821,1760400000000,3881240.4
23822,1760403600000,3874019.3
23823,1760407200000,3892285.5
23824,1760410800000,3881317.2
23825,1760414400000,3847204.1
23826,1760418000000,3800708.7
23827,1760421600000,3778908.5
23828,1760425200000,3741805.1
23829,1760428800000,3751734.0
23830,1760432400000,3732654.1
23831,1760436000000,3739834.1
23832,1760439600000,3719449.3
23833,1760443200000,3710903.3
23834,1760446800000,3708096.6
23835,1760450400000,3648139.3
23836,1760454000000,3587382.3
23837,1760457600000,3549621.5
23838,1760461200000,3558915.8
23839,1760464800000,3540614.9
23840,1760468400000,3576775.7
23841,1760472000000,3547461.9
23842,1760475600000,3426599.1
23843,1760479200000,3335130.5
23844,1760482800000,3274532.5
23845,1760486400000,3252289.3
23846,1760490000000,3207890.1
23847,1760493600000,3203856.8
23848,1760497200000,3155962.3
23849,1760500800000,3145482.2
23850,1760504400000,3142916.9
23851,1760508000000,3141821.9
23852,1760511600000,3136912.9
23853,1760515200000,3151287.8
23854,1760518800000,3179048.5
23855,1760522400000,3140643.4
23856,1760526000000,3073978.7
23857,1760529600000,3052097.3
23858,1760533200000,3042238.4
23859,1760536800000,3042961.7
23860,1760540400000,3015213.7
23861,1760544000000,3030550.6
23862,1760547600000,3058277.6
23863,1760551200000,3074241.7
23864,1760554800000,3070519.1
23865,1760558400000,3071202.0
23866,1760562000000,3056203.1
23867,1760565600000,3046620.1
23868,1760569200000,3069533.1
23869,1760572800000,3078362.7
23870,1760576400000,3073530.5
23871,1760580000000,3072734.9
23872,1760583600000,3073515.9
23873,1760587200000,3075867.5
23874,1760590800000,3086434.9
23875,1760594400000,3073130.1
23876,1760598000000,3099467.9
23877,1760601600000,3076172.3
23878,1760605200000,3088951.9
23879,1760608800000,3064609.7
23880,1760612400000,3068927.3
23881,1760616000000,3077253.7
23882,1760619600000,3057909.3
23883,1760623200000,3043905.1
23884,1760626800000,3057078.2
23885,1760630400000,3074085.3
23886,1760634000000,2995704.1
23887,1760637600000,2980116.5
23888,1760641200000,2938606.6
23889,1760644800000,3010561.9
23890,1760648400000,3024909.7
23891,1760652000000,2999064.1
23892,1760655600000,2962668.7
23893,1760659200000,3018590.8
23894,1760662800000,3003591.2
23895,1760666400000,2977883.5
23896,1760670000000,2973730.5
23897,1760673600000,2988754.3
23898,1760677200000,3029464.7
23899,1760680800000,3052161.2
23900,1760684400000,3010798.1
23901,1760688000000,2934981.6
23902,1760691600000,2886964.5
23903,1760695200000,2911755.7
23904,1760698800000,2951602.6
23905,1760702400000,3034944.5
23906,1760706000000,3048297.0
23907,1760709600000,3042651.5
23908,1760713200000,3047008.5
23909,1760716800000,3053920.3
23910,1760720400000,3072854.9
23911,1760724000000,3069524.6
23912,1760727600000,3104624.1
23913,1760731200000,3113341.9
23914,1760734800000,3105895.5
23915,1760738400000,3120075.3
23916,1760742000000,3097427.3
23917,1760745600000,3095617.9
23918,1760749200000,3092275.3
23919,1760752800000,3086418.9
23920,1760756400000,3097050.1
23921,1760760000000,3096611.5
23922,1760763600000,3122040.5
23923,1760767200000,3098740.7
23924,1760770800000,3112340.1
23925,1760774400000,3113133.5
23926,1760778000000,3115665.2
23927,1760781600000,3127074.4
23928,1760785200000,3107454.9
23929,1760788800000,3122955.9
23930,1760792400000,3109961.9
23931,1760796000000,3112518.4
23932,1760799600000,3104827.8
23933,1760803200000,3098490.1
23934,1760806800000,3096541.6
23935,1760810400000,3096225.2
23936,1760814000000,3084614.7
23937,1760817600000,3078383.5
23938,1760821200000,3073735.3
23939,1760824800000,3062422.7
23940,1760828400000,3064787.9
23941,1760832000000,3058874.5
23942,1760835600000,3054732.8
23943,1760839200000,3061561.9
23944,1760842800000,3045758.0
23945,1760846400000,3034231.3
23946,1760850000000,3030198.7
23947,1760853600000,3022324.7
23948,1760857200000,3002857.5
23949,1760860800000,3012500.9
23950,1760864400000,2983012.5
23951,1760868000000,2995987.8
23952,1760871600000,2982980.1
23953,1760875200000,2964690.3
23954,1760878800000,2966724.5
23955,1760882400000,2987085.5
23956,1760886000000,2986037.3
23957,1760889600000,2960455.3
23958,1760893200000,2964936.2
23959,1760896800000,2962373.3
23960,1760900400000,2962157.1
23961,1760904000000,2968383.0
23962,1760907600000,2978825.6
23963,1760911200000,2957455.1
23964,1760914800000,2994278.8
23965,1760918400000,2993510.7
23966,1760922000000,2973873.3
23967,1760925600000,2946622.5
23968,1760929200000,2946524.1
23969,1760932800000,2954998.7
23970,1760936400000,2957955.5
23971,1760940000000,2951226.7
23972,1760943600000,3024979.2
23973,1760947200000,3011092.3
23974,1760950800000,2982433.1
23975,1760954400000,2994530.2
23976,1760958000000,3004806.7
23977,1760961600000,3018218.8
23978,1760965200000,3028001.7
23979,1760968800000,3047892.3
23980,1760972400000,3030308.0
23981,1760976000000,3025524.7
23982,1760979600000,3036543.9
23983,1760983200000,3064696.4
23984,1760986800000,3072765.9
23985,1760990400000,3061469.6
23986,1760994000000,3047748.1
23987,1760997600000,3006513.4
23988,1761001200000,3003984.3
23989,1761004800000,3015811.7
23990,1761008400000,3039552.1
23991,1761012000000,3041382.6
23992,1761015600000,3046200.8
23993,1761019200000,3056210.8
23994,1761022800000,3059256.6
23995,1761026400000,3055333.5
23996,1761030000000,3055682.8
23997,1761033600000,3067845.0
23998,1761037200000,3051791.0
23999,1761040800000,3038476.3
24000,1761044400000,3065111.9
24001,1761048000000,3084992.4
24002,1761051600000,3086421.6
24003,1761055200000,3082631.4
24004,1761058800000,3063488.6
24005,1761062400000,2999720.6
24006,1761066000000,2990302.5
24007,1761069600000,3002892.2
24008,1761073200000,3000519.2
24009,1761076800000,3059535.9
24010,1761080400000,3055489.6
24011,1761084000000,3052412.2
24012,1761087600000,3102802.6
24013,1761091200000,3042569.6
24014,1761094800000,3045578.7
24015,1761098400000,3043054.8
24016,1761102000000,3040969.9
24017,1761105600000,3027281.0
24018,1761109200000,3025895.3
24019,1761112800000,3021409.3
24020,1761116400000,3027909.8
24021,1761120000000,3073014.8
24022,1761123600000,3062161.9
24023,1761127200000,3046924.0
24024,1761130800000,3036167.5
24025,1761134400000,2958465.3
24026,1761138000000,3017565.6
24027,1761141600000,2985082.4
24028,1761145200000,3003438.2
24029,1761148800000,3028121.7
24030,1761152400000,3025208.8
24031,1761156000000,3007497.2
24032,1761159600000,3013648.2
24033,1761163200000,2986907.1
24034,1761166800000,3012104.4
24035,1761170400000,3027931.1
24036,1761174000000,3012821.1
24037,1761177600000,2982844.8
24038,1761181200000,2958720.6
24039,1761184800000,2949396.0
24040,1761188400000,2927396.0
24041,1761192000000,2931926.4
24042,1761195600000,2921189.6
24043,1761199200000,2927559.6
24044,1761202800000,2952126.0
24045,1761206400000,2978867.0
24046,1761210000000,2967029.5
24047,1761213600000,2957953.2
24048,1761217200000,2981127.0
24049,1761220800000,2970409.0
24050,1761224400000,2981810.8
24051,1761228000000,2975957.1
24052,1761231600000,2959257.2
24053,1761235200000,2950020.3
24054,1761238800000,2959285.2
24055,1761242400000,2939311.8
24056,1761246000000,2933377.0
24057,1761249600000,2925052.4
24058,1761253200000,2937741.9
24059,1761256800000,2943225.5
24060,1761260400000,2942868.8
24061,1761264000000,2918469.8
24062,1761267600000,2954157.2
24063,1761271200000,2944859.0
24064,1761274800000,2944403.5
24065,1761278400000,2924864.0
24066,1761282000000,2903699.9
24067,1761285600000,2936195.4
24068,1761289200000,2926552.6
24069,1761292800000,2917738.8
24070,1761296400000,2948048.3
24071,1761300000000,2954368.8
24072,1761303600000,2943646.6
24073,1761307200000,2933534.6
24074,1761310800000,2903639.6
24075,1761314400000,2902645.0
24076,1761318000000,2920419.6
24077,1761321600000,2919199.4
24078,1761325200000,2930089.0
24079,1761328800000,2943153.4
24080,1761332400000,2931838.0
24081,1761336000000,2954488.4
24082,1761339600000,2944164.4
24083,1761343200000,2906190.6
24084,1761346800000,2904741.8
24085,1761350400000,2890783.7
24086,1761354000000,2902479.8
24087,1761357600000,2905023.8
24088,1761361200000,2925488.4
24089,1761364800000,2909873.3
24090,1761368400000,2890077.0
24091,1761372000000,2890060.1
24092,1761375600000,2896364.8
24093,1761379200000,2898405.0
24094,1761382800000,2906410.9
24095,1761386400000,2917150.4
24096,1761390000000,2908192.8
24097,1761393600000,2926611.2
24098,1761397200000,2963486.0
24099,1761400800000,2962662.9
24100,1761404400000,2974491.4
24101,1761408000000,2984726.6
24102,1761411600000,2973821.5
24103,1761415200000,2976575.5
24104,1761418800000,2985907.6
24105,1761422400000,3025843.0
24106,1761426000000,3008053.1
24107,1761429600000,2986364.6
24108,1761433200000,3000377.8
24109,1761436800000,3033805.4
24110,1761440400000,3031038.4
24111,1761444000000,2955022.8
24112,1761447600000,2979114.8
24113,1761451200000,2959715.0
24114,1761454800000,3128386.6
24115,1761458400000,3134775.6
24116,1761462000000,3148024.8
24117,1761465600000,3164617.8
24118,1761469200000,3223151.2
24119,1761472800000,3259171.9
24120,1761476400000,3245967.2
24121,1761480000000,3255445.5
24122,1761483600000,3228727.2
24123,1761487200000,3187761.8
24124,1761490800000,3164519.4
24125,1761494400000,3126718.0
24126,1761498000000,3116628.2
24127,1761501600000,3099062.4
24128,1761505200000,3094984.2
24129,1761508800000,3085100.4
24130,1761512400000,3063702.2
24131,1761516000000,3054060.6
24132,1761519600000,3061730.5
24133,1761523200000,3157446.8
24134,1761526800000,3160277.8
24135,1761530400000,3226782.2
24136,1761534000000,3249177.5
24137,1761537600000,3235794.3
24138,1761541200000,3223999.9
24139,1761544800000,3231306.2
24140,1761548400000,3224744.8
24141,1761552000000,3145252.0
24142,1761555600000,3136317.0
24143,1761559200000,3076679.0
24144,1761562800000,3098000.4
24145,1761566400000,3086513.8
24146,1761570000000,3053644.0
24147,1761573600000,3060839.4
24148,1761577200000,3064677.6
24149,1761580800000,3071486.5
24150,1761584400000,3082258.6
24151,1761588000000,3056498.0
24152,1761591600000,3064517.3
24153,1761595200000,3050670.0
24154,1761598800000,3107062.6
24155,1761602400000,3032156.2
24156,1761606000000,3014272.6
24157,1761609600000,3036429.6
24158,1761613200000,3048233.5
24159,1761616800000,3047826.6
24160,1761620400000,3031174.6
24161,1761624000000,3034606.0
24162,1761627600000,3036022.1
24163,1761631200000,2901967.9
24164,1761634800000,2883627.8
24165,1761638400000,2831298.8
24166,1761642000000,2943435.6
24167,1761645600000,2922582.0
24168,1761649200000,2917439.6
24169,1761652800000,2994200.0
24170,1761656400000,2964698.2
24171,1761660000000,2973176.3
24172,1761663600000,2899084.2
24173,1761667200000,2864664.7
24174,1761670800000,2858498.4
24175,1761674400000,2863880.2
24176,1761678000000,2908224.9
24177,1761681600000,2926203.0
24178,1761685200000,2903614.9
24179,1761688800000,2895064.4
24180,1761692400000,2889352.4
24181,1761696000000,2875923.6
24182,1761699600000,2868415.6
24183,1761703200000,2859152.6
24184,1761706800000,2852736.4
24185,1761710400000,2848033.8
24186,1761714000000,2853585.3
24187,1761717600000,2861382.4
24188,1761721200000,2845107.6
24189,1761724800000,2869492.6
24190,1761728400000,2878542.6
24191,1761732000000,2889450.6
24192,1761735600000,2877430.9
24193,1761739200000,2888655.0
24194,1761742800000,2915731.1
24195,1761746400000,2919555.9
24196,1761750000000,3009394.8
24197,1761753600000,3006989.9
24198,1761757200000,2994934.3
24199,1761760800000,2910511.1
24200,1761764400000,2878752.6
24201,1761768000000,2908944.1
24202,1761771600000,2927361.2
24203,1761775200000,2929619.1
24204,1761778800000,2920729.2
24205,1761782400000,2920413.9
24206,1761786000000,2915437.8
24207,1761789600000,2931344.8
24208,1761793200000,2909240.4
24209,1761796800000,2902479.5
24210,1761800400000,2890278.7
24211,1761804000000,2875728.2
24212,1761807600000,2869677.9
24213,1761811200000,2866308.5
24214,1761814800000,2875188.4
24215,1761818400000,2871004.0
24216,1761822000000,2898315.6
24217,1761825600000,2918660.8
24218,1761829200000,2974085.4
24219,1761832800000,2947628.5
24220,1761836400000,2968082.2
24221,1761840000000,2928169.4
24222,1761843600000,2905644.2
24223,1761847200000,2870140.3
24224,1761850800000,2882138.2
24225,1761854400000,2925663.8
24226,1761858000000,2904785.2
24227,1761861600000,2895383.1
24228,1761865200000,2897714.7
24229,1761868800000,2961049.8
24230,1761872400000,2973965.7
24231,1761876000000,3013851.4
24232,1761879600000,2990679.1
24233,1761883200000,2976940.6
24234,1761886800000,2992884.6
24235,1761890400000,3000352.1
24236,1761894000000,3005875.8
24237,1761897600000,2993220.2
24238,1761901200000,3001249.1
24239,1761904800000,3033030.0
24240,1761908400000,3055497.1
24241,1761912000000,3027553.3
24242,1761915600000,3001574.9
24243,1761919200000,3026743.5
24244,1761922800000,3043358.4
24245,1761926400000,3032127.2
24246,1761930000000,3019538.9
24247,1761933600000,3034229.2
24248,1761937200000,3040122.9
24249,1761940800000,3007019.4
24250,1761944400000,3003713.6
24251,1761948000000,3000926.1
24252,1761951600000,3003531.6
24253,1761955200000,3007855.2
24254,1761958800000,3022071.4
24255,1761962400000,3010329.2
24256,1761966000000,3012948.8
24257,1761969600000,3013375.2
24258,1761973200000,3010912.0
24259,1761976800000,3004805.0
24260,1761980400000,2987291.2
24261,1761984000000,2999426.0
24262,1761987600000,3006859.1
24263,1761991200000,2989020.4
24264,1761994800000,2982372.4
24265,1761998400000,2981190.8
24266,1762002000000,2978050.8
24267,1762005600000,2968287.1
24268,1762009200000,2962160.2
24269,1762012800000,2960049.4
24270,1762016400000,2978055.8
24271,1762020000000,2971210.0
24272,1762023600000,2981240.9
24273,1762027200000,2972733.0
24274,1762030800000,2968546.8
24275,1762034400000,2936696.4
24276,1762038000000,2936699.6
24277,1762041600000,2943917.2
24278,1762045200000,2933929.0
24279,1762048800000,2929315.4
24280,1762052400000,2924462.2
24281,1762056000000,2923937.2
24282,1762059600000,2929445.0
24283,1762063200000,2925651.6
24284,1762066800000,2914655.2
24285,1762070400000,2916864.6
24286,1762074000000,2931539.7
24287,1762077600000,2912458.4
24288,1762081200000,2914810.4
24289,1762084800000,2944656.4
24290,1762088400000,2951051.9
24291,1762092000000,2959114.8
24292,1762095600000,2952807.2
24293,1762099200000,2941697.5
24294,1762102800000,2961675.2
24295,1762106400000,2965091.5
24296,1762110000000,2969464.4
24297,1762113600000,2968923.9
24298,1762117200000,3018398.8
24299,1762120800000,3046811.6
24300,1762124400000,3011599.4
24301,1762128000000,2996722.5
24302,1762131600000,2980187.6
24303,1762135200000,3004066.2
24304,1762138800000,2988932.7
24305,1762142400000,2966891.2
24306,1762146000000,2955902.8
24307,1762149600000,2957003.3
24308,1762153200000,2957046.2
24309,1762156800000,3015434.0
24310,1762160400000,3035543.8
24311,1762164000000,3009920.6
24312,1762167600000,3024684.2
24313,1762171200000,3025401.8
24314,1762174800000,3031013.0
24315,1762178400000,3042862.1
24316,1762182000000,3046025.3
24317,1762185600000,2989407.7
24318,1762189200000,3003818.6
24319,1762192800000,2976253.8
24320,1762196400000,2974003.5
24321,1762200000000,2943857.1
24322,1762203600000,2928031.8
24323,1762207200000,2931758.6
24324,1762210800000,2933738.7
24325,1762214400000,2948777.4
24326,1762218000000,2970115.9
24327,1762221600000,2988481.0
24328,1762225200000,2990331.7
24329,1762228800000,2999442.3
24330,1762232400000,3005256.1
24331,1762236000000,3215937.8
24332,1762239600000,3215714.8
24333,1762243200000,3266623.0
24334,1762246800000,3260938.6
24335,1762250400000,3263971.8
24336,1762254000000,3249587.1
24337,1762257600000,3273053.6
24338,1762261200000,3286102.5
24339,1762264800000,3415780.6
24340,1762268400000,3360761.2
24341,1762272000000,3351435.0
24342,1762275600000,3372136.4
24343,1762279200000,3302603.6
24344,1762282800000,3232712.2
24345,1762286400000,3242940.2
24346,1762290000000,3238911.2
24347,1762293600000,3319015.1
24348,1762297200000,3356034.4
24349,1762300800000,3281213.5
24350,1762304400000,3273359.2
24351,1762308000000,3288843.2
24352,1762311600000,3298276.1
24353,1762315200000,3285184.2
24354,1762318800000,3291378.8
24355,1762322400000,3321178.6
24356,1762326000000,3326205.4
24357,1762329600000,3272888.5
24358,1762333200000,3228200.5
24359,1762336800000,3216238.8
24360,1762340400000,3202354.2
24361,1762344000000,3210681.3
24362,1762347600000,3187367.6
24363,1762351200000,3156216.6
24364,1762354800000,3139793.9
24365,1762358400000,3166906.9
24366,1762362000000,3184669.4
24367,1762365600000,3161744.2
24368,1762369200000,3134326.6
24369,1762372800000,3093230.0
24370,1762376400000,3061451.2
24371,1762380000000,3044974.8
24372,1762383600000,3029486.8
24373,1762387200000,3039493.4
24374,1762390800000,3036880.8
24375,1762394400000,3032048.6
24376,1762398000000,3047201.6
24377,1762401600000,3032716.9
24378,1762405200000,3031320.2
24379,1762408800000,3022866.1
24380,1762412400000,2989935.1
24381,1762416000000,2973613.7
24382,1762419600000,2977943.6
24383,1762423200000,2996022.4
24384,1762426800000,3037737.0
24385,1762430400000,3042455.0
24386,1762434000000,3017388.4
24387,1762437600000,3019530.0
24388,1762441200000,3030039.4
24389,1762444800000,3007144.7
24390,1762448400000,3001869.8
24391,1762452000000,3047630.0
24392,1762455600000,3071674.6
24393,1762459200000,3053733.2
24394,1762462800000,3038032.1
24395,1762466400000,3045464.2
24396,1762470000000,3011000.5
24397,1762473600000,3013690.1
24398,1762477200000,3032752.7
24399,1762480800000,3017335.0
24400,1762484400000,3000141.8
24401,1762488000000,2997848.4
24402,1762491600000,3008401.8
24403,1762495200000,3029111.8
24404,1762498800000,3037514.2
24405,1762502400000,3040001.1
24406,1762506000000,3025477.6
24407,1762509600000,2979664.6
24408,1762513200000,2949364.4
24409,1762516800000,2923711.6
24410,1762520400000,2913987.7
24411,1762524000000,2934784.1
24412,1762527600000,2996781.4
24413,1762531200000,3033150.1
24414,1762534800000,3036932.6
24415,1762538400000,3016821.4
24416,1762542000000,2946933.6
24417,1762545600000,2908013.8
24418,1762549200000,2879041.2
24419,1762552800000,2864001.8
24420,1762556400000,2831672.1
24421,1762560000000,2826408.9
24422,1762563600000,2810825.0
24423,1762567200000,2824645.1
24424,1762570800000,2757765.5
24425,1762574400000,2785562.2
24426,1762578000000,2801828.0
24427,1762581600000,2785908.6
24428,1762585200000,2797381.6
24429,1762588800000,2782636.2
24430,1762592400000,2773992.4
24431,1762596000000,2790576.0
24432,1762599600000,2789290.6
24433,1762603200000,2803786.4
24434,1762606800000,2808387.79999999
24435,1762610400000,2811305.79999999
24436,1762614000000,2859031.0
24437,1762617600000,2868437.4
24438,1762621200000,2926079.2
24439,1762624800000,2880235.8
24440,1762628400000,2868449.4
24441,1762632000000,2849753.4
24442,1762635600000,2835232.0
24443,1762639200000,2839644.0
24444,1762642800000,2839859.0
24445,1762646400000,2843471.6
24446,1762650000000,2855397.6
24447,1762653600000,2855458.5
24448,1762657200000,2836851.1
24449,1762660800000,2848094.4
24450,1762664400000,2830028.5
24451,1762668000000,2829435.0
24452,1762671600000,2803976.2
24453,1762675200000,2786449.2
24454,1762678800000,2788854.79999999
24455,1762682400000,2799209.5
24456,1762686000000,2778436.29999999
24457,1762689600000,2784908.4
24458,1762693200000,2793434.79999999
24459,1762696800000,2774276.4
24460,1762700400000,2739600.9
24461,1762704000000,2759419.9
24462,1762707600000,2760231.6
24463,1762711200000,2759521.79999999
24464,1762714800000,2755603.5
24465,1762718400000,2804139.29999999
24466,1762722000000,2802433.6
24467,1762725600000,2796005.4
24468,1762729200000,2775501.4
24469,1762732800000,2751504.2
24470,1762736400000,2772717.4
24471,1762740000000,2758774.0
24472,1762743600000,2744776.9
24473,1762747200000,2768693.9
24474,1762750800000,2762437.6
24475,1762754400000,2773667.4
24476,1762758000000,2758939.6
24477,1762761600000,2763631.2
24478,1762765200000,2749868.6
24479,1762768800000,2755907.6
24480,1762772400000,2741080.1
24481,1762776000000,2752466.0
24482,1762779600000,2729104.6
24483,1762783200000,2741422.79999999
24484,1762786800000,2752160.4
24485,1762790400000,2771927.7
24486,1762794000000,2756805.9
24487,1762797600000,2771729.4
24488,1762801200000,2766554.4
24489,1762804800000,2809956.1
24490,1762808400000,2770873.79999999
24491,1762812000000,2755887.2
24492,1762815600000,2746610.7
24493,1762819200000,2746033.2
24494,1762822800000,2735514.9
24495,1762826400000,2699780.0
24496,1762830000000,2736778.4
24497,1762833600000,2727473.2
24498,1762837200000,2750218.2
24499,1762840800000,2729024.6
24500,1762844400000,2737628.79999999
24501,1762848000000,2716531.7
24502,1762851600000,2732214.5
24503,1762855200000,2725941.79999999
24504,1762858800000,2724120.0
24505,1762862400000,2719010.79999999
24506,1762866000000,2712558.79999999
24507,1762869600000,2712889.29999999
24508,1762873200000,2709618.6
24509,1762876800000,2727589.5
24510,1762880400000,2746088.5
24511,1762884000000,2743898.4
24512,1762887600000,2730940.6
24513,1762891200000,2727192.29999999
24514,1762894800000,2752249.6
24515,1762898400000,2786286.6
24516,1762902000000,2721157.5
24517,1762905600000,2708234.1
24518,1762909200000,2696487.4
24519,1762912800000,2706141.0
24520,1762916400000,2699262.4
24521,1762920000000,2703201.7
24522,1762923600000,2706447.0
24523,1762927200000,2696435.0
24524,1762930800000,2692978.0
24525,1762934400000,2701696.79999999
24526,1762938000000,2700638.2
24527,1762941600000,2706680.9
24528,1762945200000,2712091.6
24529,1762948800000,2709173.1
24530,1762952400000,2743769.79999999
24531,1762956000000,2742754.4
24532,1762959600000,2789840.29999999
24533,1762963200000,2793842.5
24534,1762966800000,2779607.7
24535,1762970400000,2765976.0
24536,1762974000000,2756307.6
24537,1762977600000,2760737.2
24538,1762981200000,2796752.4
24539,1762984800000,2811298.0
24540,1762988400000,2820049.2
24541,1762992000000,2819455.0
24542,1762995600000,2841656.8
24543,1762999200000,2832355.2
24544,1763002800000,2841113.8
24545,1763006400000,2773053.29999999
24546,1763010000000,2788023.2
24547,1763013600000,2779534.0
24548,1763017200000,2774182.4
24549,1763020800000,2745352.5
24550,1763024400000,2790042.0
24551,1763028000000,2804555.2
24552,1763031600000,2842978.0
24553,1763035200000,2841001.5
24554,1763038800000,2784013.79999999
24555,1763042400000,2760781.4
24556,1763046000000,2783097.1
24557,1763049600000,2871489.9
24558,1763053200000,2917138.8
24559,1763056800000,2897132.9
24560,1763060400000,2931807.7
24561,1763064000000,2921555.8
24562,1763067600000,2958281.8
24563,1763071200000,2955119.9
24564,1763074800000,2975247.2
24565,1763078400000,2991879.8
24566,1763082000000,3003245.3
24567,1763085600000,3026913.2
24568,1763089200000,3038332.2
24569,1763092800000,3003685.2
24570,1763096400000,3013087.8
24571,1763100000000,3037751.6
24572,1763103600000,3056028.4
24573,1763107200000,3069624.2
24574,1763110800000,3066210.9
24575,1763114400000,3066484.6
24576,1763118000000,3072405.1
24577,1763121600000,3104945.4
24578,1763125200000,3117403.8
24579,1763128800000,3171496.3
24580,1763132400000,3206591.7
24581,1763136000000,3295731.0
24582,1763139600000,3363375.6
24583,1763143200000,3372646.2
24584,1763146800000,3408268.0
24585,1763150400000,3453275.0
24586,1763154000000,3412430.1
24587,1763157600000,3403893.9
24588,1763161200000,3357651.1
24589,1763164800000,3558309.0
24590,1763168400000,3558070.8
24591,1763172000000,3555471.8
24592,1763175600000,3566238.4
24593,1763179200000,3565909.0
24594,1763182800000,3565458.4
24595,1763186400000,3571934.8
24596,1763190000000,3567627.8
24597,1763193600000,3583508.0
24598,1763197200000,3567714.1
24599,1763200800000,3571559.0
24600,1763204400000,3600512.6
24601,1763208000000,3611829.2
24602,1763211600000,3619331.0
24603,1763215200000,3618675.8
24604,1763218800000,3615559.0
24605,1763222400000,3624213.8
24606,1763226000000,3632725.8
24607,1763229600000,3660144.8
24608,1763233200000,3624331.4
24609,1763236800000,3565731.4
24610,1763240400000,3529808.4
24611,1763244000000,3517550.6
24612,1763247600000,3519839.2
24613,1763251200000,3517513.7
24614,1763254800000,3516978.6
24615,1763258400000,3506886.4
24616,1763262000000,3513674.0
24617,1763265600000,3543638.4
24618,1763269200000,3537278.2
24619,1763272800000,3531485.4
24620,1763276400000,3537485.6
24621,1763280000000,3536958.2
24622,1763283600000,3522849.7
24623,1763287200000,3551939.4
24624,1763290800000,3552488.6
24625,1763294400000,3554105.4
24626,1763298000000,3568929.3
24627,1763301600000,3542724.9
24628,1763305200000,3551947.6
24629,1763308800000,3564635.1
24630,1763312400000,3589663.6
24631,1763316000000,3617424.3
24632,1763319600000,3626826.6
24633,1763323200000,3625520.8
24634,1763326800000,3641796.6
24635,1763330400000,3698274.0
24636,1763334000000,3760458.9
24637,1763337600000,3767301.8
24638,1763341200000,3741490.6
24639,1763344800000,3740638.4
24640,1763348400000,4081976.1
24641,1763352000000,4191489.5
24642,1763355600000,4181492.0
24643,1763359200000,4177335.4
24644,1763362800000,4185382.4
24645,1763366400000,4179815.6
24646,1763370000000,4200124.0
24647,1763373600000,4210875.59999999
24648,1763377200000,4222006.0
24649,1763380800000,4248753.4
24650,1763384400000,4219593.4
24651,1763388000000,4179546.1
24652,1763391600000,4157994.2
24653,1763395200000,4160319.0
24654,1763398800000,4158659.4
24655,1763402400000,4192860.0
24656,1763406000000,4264556.5
24657,1763409600000,4246994.8
24658,1763413200000,4265806.0
24659,1763416800000,4299473.3
24660,1763420400000,4329601.0
24661,1763424000000,4339530.3
24662,1763427600000,4333180.2
24663,1763431200000,4312273.7
24664,1763434800000,4373875.59999999
24665,1763438400000,4339126.8
24666,1763442000000,4384438.9
24667,1763445600000,4369614.3
24668,1763449200000,4371000.59999999
24669,1763452800000,4369462.8
24670,1763456400000,4351174.59999999
24671,1763460000000,4335586.09999999
24672,1763463600000,4331963.0
24673,1763467200000,4322666.2
24674,1763470800000,4323086.8
24675,1763474400000,4306588.8
24676,1763478000000,4274276.3
24677,1763481600000,4222002.3
24678,1763485200000,4233322.4
24679,1763488800000,4239545.8
24680,1763492400000,4257736.0
24681,1763496000000,4276961.4
24682,1763499600000,4282270.59999999
24683,1763503200000,4274539.8
24684,1763506800000,4296652.8
24685,1763510400000,4300945.59999999
24686,1763514000000,4305318.8
24687,1763517600000,4361239.59999999
24688,1763521200000,4374993.5
24689,1763524800000,4352201.4
24690,1763528400000,4351553.2
24691,1763532000000,4370265.2
24692,1763535600000,4389978.4
24693,1763539200000,4379475.09999999
24694,1763542800000,4346662.2
24695,1763546400000,4324397.3
24696,1763550000000,4309686.7
24697,1763553600000,4297194.4
24698,1763557200000,4290821.8
24699,1763560800000,4241473.0
24700,1763564400000,4238413.8
24701,1763568000000,4243797.3
24702,1763571600000,4233190.2
24703,1763575200000,4199709.2
24704,1763578800000,4189963.4
24705,1763582400000,4196540.0
24706,1763586000000,4167715.8
24707,1763589600000,4145601.6
24708,1763593200000,4137072.0
24709,1763596800000,4148609.4
24710,1763600400000,4149130.0
24711,1763604000000,4160054.0
24712,1763607600000,4171496.6
24713,1763611200000,4169654.6
24714,1763614800000,4172137.0
24715,1763618400000,4139962.0
24716,1763622000000,4125589.4
24717,1763625600000,4146036.8
24718,1763629200000,4144469.2
24719,1763632800000,4140225.9
24720,1763636400000,4143489.4
24721,1763640000000,4141977.4
24722,1763643600000,4150953.6
24723,1763647200000,4122405.6
24724,1763650800000,4108326.9
24725,1763654400000,4074748.0
24726,1763658000000,4025428.9
24727,1763661600000,4115809.2
24728,1763665200000,4144496.6
24729,1763668800000,4157938.4
24730,1763672400000,4178750.5
24731,1763676000000,4190577.4
24732,1763679600000,4164946.8
24733,1763683200000,4168762.4
24734,1763686800000,4147720.0
24735,1763690400000,4131741.2
24736,1763694000000,4170191.2
24737,1763697600000,4162972.3
24738,1763701200000,4141295.0
24739,1763704800000,4121162.9
24740,1763708400000,4148535.0
24741,1763712000000,4334212.3
24742,1763715600000,4242046.4
24743,1763719200000,4277347.0
24744,1763722800000,4251187.09999999
24745,1763726400000,4263775.2
24746,1763730000000,4288269.4
24747,1763733600000,4282519.59999999
24748,1763737200000,4293828.3
24749,1763740800000,4202597.59999999
24750,1763744400000,4181478.2
24751,1763748000000,4183024.1
24752,1763751600000,4238382.59999999
24753,1763755200000,4219462.2
24754,1763758800000,4233887.5
24755,1763762400000,4245093.2
24756,1763766000000,4218132.8
24757,1763769600000,4283278.8
24758,1763773200000,4288744.4
24759,1763776800000,4301945.0
24760,1763780400000,4292795.5
24761,1763784000000,4296440.2
24762,1763787600000,4283118.8
24763,1763791200000,4272365.8
24764,1763794800000,4331846.2
24765,1763798400000,4338284.2
24766,1763802000000,4331190.4
24767,1763805600000,4329179.2
24768,1763809200000,4344844.4
24769,1763812800000,4370587.4
24770,1763816400000,4341765.59999999
24771,1763820000000,4309251.09999999
24772,1763823600000,4332284.4
24773,1763827200000,4344878.2
24774,1763830800000,4343447.8
24775,1763834400000,4339280.59999999
24776,1763838000000,4332124.0
24777,1763841600000,4327153.0
24778,1763845200000,4311134.59999999
24779,1763848800000,4313931.8
24780,1763852400000,4335957.8
24781,1763856000000,4338730.0
24782,1763859600000,4320555.2
24783,1763863200000,4346177.4
24784,1763866800000,4339729.8
24785,1763870400000,4332363.2
24786,1763874000000,4325974.59999999
24787,1763877600000,4317427.59999999
24788,1763881200000,4383868.0
24789,1763884800000,4320245.59999999
24790,1763888400000,4305658.4
24791,1763892000000,4299985.4
24792,1763895600000,4284863.8
24793,1763899200000,4276589.0
24794,1763902800000,4292024.7
24795,1763906400000,4300344.2
24796,1763910000000,4264383.4
24797,1763913600000,4265581.7
24798,1763917200000,4262495.09999999
24799,1763920800000,4292933.59999999
24800,1763924400000,4290824.8
24801,1763928000000,4284372.3
24802,1763931600000,4301475.59999999
24803,1763935200000,4339275.59999999
24804,1763938800000,4387868.59999999
24805,1763942400000,4383520.0
24806,1763946000000,4411473.0
24807,1763949600000,4419396.0
24808,1763953200000,4432728.59999999
24809,1763956800000,4428834.59999999
24810,1763960400000,4412303.8
24811,1763964000000,4435322.59999999
24812,1763967600000,4482394.8
24813,1763971200000,4472841.9
24814,1763974800000,4489213.59999999
24815,1763978400000,4493464.0
24816,1763982000000,4475716.8
24817,1763985600000,4468999.09999999
24818,1763989200000,4459639.8
24819,1763992800000,4480749.4
24820,1763996400000,4448500.5
24821,1764000000000,4407777.2
24822,1764003600000,4402516.4
24823,1764007200000,4426079.7
24824,1764010800000,4404277.0
24825,1764014400000,4404662.8
24826,1764018000000,4429566.8
24827,1764021600000,4447264.0
24828,1764025200000,4416942.7
24829,1764028800000,4422910.59999999
24830,1764032400000,4454627.8
24831,1764036000000,4440167.4
24832,1764039600000,4436562.59999999
24833,1764043200000,4434044.59999999
24834,1764046800000,4435992.4
24835,1764050400000,4426918.0
24836,1764054000000,4463417.7
24837,1764057600000,4432133.4
24838,1764061200000,4422153.8
24839,1764064800000,4391665.3
24840,1764068400000,4391091.2
24841,1764072000000,4384187.8
24842,1764075600000,4386747.4
24843,1764079200000,4369784.0
24844,1764082800000,4363455.0
24845,1764086400000,4364764.8
24846,1764090000000,4390451.59999999
24847,1764093600000,4405947.2
24848,1764097200000,4419671.0
24849,1764100800000,4393902.4
24850,1764104400000,4428216.0
24851,1764108000000,4413799.2
24852,1764111600000,4434622.4
24853,1764115200000,4435156.8
24854,1764118800000,4423057.0
24855,1764122400000,4450955.2
24856,1764126000000,4431660.2
24857,1764129600000,4414412.8
24858,1764133200000,4379757.9
24859,1764136800000,4364314.5
24860,1764140400000,4379342.59999999
24861,1764144000000,4346867.4
24862,1764147600000,4316307.9
24863,1764151200000,4290187.0
24864,1764154800000,4259852.2
24865,1764158400000,4269876.2
24866,1764162000000,4192181.8
24867,1764165600000,4211804.4
24868,1764169200000,4200662.4
24869,1764172800000,4200231.0
24870,1764176400000,4198113.8
24871,1764180000000,4105751.1
24872,1764183600000,4118824.6
24873,1764187200000,4102941.1
24874,1764190800000,4133618.0
24875,1764194400000,4132461.6
24876,1764198000000,4112774.6
24877,1764201600000,4136767.8
24878,1764205200000,4047920.8
24879,1764208800000,4050976.1
24880,1764212400000,4034589.0
24881,1764216000000,4057245.9
24882,1764219600000,4073660.9
24883,1764223200000,4085267.6
24884,1764226800000,4102706.4
24885,1764230400000,4137205.5
24886,1764234000000,4146381.4
24887,1764237600000,4166256.8
24888,1764241200000,4169763.8
24889,1764244800000,4166060.2
24890,1764248400000,4179253.9
24891,1764252000000,4219825.2
24892,1764255600000,4207807.4
24893,1764259200000,4232614.7
24894,1764262800000,4244235.8
24895,1764266400000,4235734.4
24896,1764270000000,4222866.8
24897,1764273600000,4215442.2
24898,1764277200000,4215175.4
24899,1764280800000,4202571.8
24900,1764284400000,4196716.9
24901,1764288000000,4202081.0
24902,1764291600000,4212890.59999999
24903,1764295200000,4203777.8
24904,1764298800000,4235204.59999999
24905,1764302400000,4243867.59999999
24906,1764306000000,4253851.0
24907,1764309600000,4247061.2
24908,1764313200000,4241885.2
24909,1764316800000,4243457.0
24910,1764320400000,4219195.4
24911,1764324000000,4219809.4
24912,1764327600000,4220217.2
24913,1764331200000,4184284.7
24914,1764334800000,4194101.0
24915,1764338400000,4166571.7
24916,1764342000000,4171132.8
24917,1764345600000,4189598.2
24918,1764349200000,4182492.1
24919,1764352800000,4209393.3
24920,1764356400000,4194366.8
24921,1764360000000,4174161.6
24922,1764363600000,4176799.5
24923,1764367200000,4192712.9
24924,1764370800000,4154225.4
24925,1764374400000,4150215.4
24926,1764378000000,4128785.6
24927,1764381600000,4115688.2
24928,1764385200000,4111890.0
24929,1764388800000,4107950.2
24930,1764392400000,4130139.6
24931,1764396000000,4106205.4
24932,1764399600000,4129305.0
24933,1764403200000,4098548.2
24934,1764406800000,4105002.5
24935,1764410400000,4107564.8
24936,1764414000000,4120790.6
24937,1764417600000,4118091.4
24938,1764421200000,4126516.5
24939,1764424800000,4118749.8
24940,1764428400000,4112125.0
24941,1764432000000,4105955.3
24942,1764435600000,4119488.2
24943,1764439200000,4102546.0
24944,1764442800000,4080120.5
24945,1764446400000,4059487.4
24946,1764450000000,4064039.2
24947,1764453600000,4073731.4
24948,1764457200000,4066769.2
24949,1764460800000,4061781.6
24950,1764464400000,4069333.0
24951,1764468000000,4057207.6
24952,1764471600000,4056144.9
24953,1764475200000,4027401.2
24954,1764478800000,4024145.4
24955,1764482400000,4022875.4
24956,1764486000000,4033627.8
24957,1764489600000,4020233.3
24958,1764493200000,4016115.8
24959,1764496800000,4027370.4
24960,1764500400000,4019296.6
24961,1764504000000,4012911.6
24962,1764507600000,4029950.8
24963,1764511200000,4053843.8
24964,1764514800000,4038166.1
24965,1764518400000,4040373.6
24966,1764522000000,4036530.6
24967,1764525600000,4061228.2
24968,1764529200000,4134986.1
24969,1764532800000,4119265.8
24970,1764536400000,4132048.6
24971,1764540000000,4127810.8
24972,1764543600000,4124034.4
24973,1764547200000,4113631.8
24974,1764550800000,4069819.8
24975,1764554400000,4086075.8
24976,1764558000000,4085205.4
24977,1764561600000,4101615.7
24978,1764565200000,4136990.8
24979,1764568800000,4151178.2
24980,1764572400000,4174560.7
24981,1764576000000,4178871.0
24982,1764579600000,4157404.1
24983,1764583200000,4188842.8
24984,1764586800000,4175467.8
24985,1764590400000,4187410.2
24986,1764594000000,4175680.1
24987,1764597600000,4205176.2
24988,1764601200000,4246017.59999999
24989,1764604800000,4192590.6
24990,1764608400000,4133074.2
24991,1764612000000,4175109.1
24992,1764615600000,4180932.6
24993,1764619200000,4188107.4
24994,1764622800000,4201682.09999999
24995,1764626400000,4204232.4
24996,1764630000000,4195453.2
24997,1764633600000,4201051.8
24998,1764637200000,4182899.2
24999,1764640800000,4174981.3
25000,1764644400000,4254829.7
25001,1764648000000,4245675.7
25002,1764651600000,4254317.59999999
25003,1764655200000,4249323.8
25004,1764658800000,4258154.5
25005,1764662400000,4228396.2
25006,1764666000000,4395795.8
25007,1764669600000,4378600.59999999
25008,1764673200000,4368430.09999999
25009,1764676800000,4448338.7
25010,1764680400000,4333805.2
25011,1764684000000,4312040.9
25012,1764687600000,4310146.5
25013,1764691200000,4277902.3
25014,1764694800000,4380643.3
25015,1764698400000,4362726.4
25016,1764702000000,4387350.3
25017,1764705600000,4386666.5
25018,1764709200000,4418699.3
25019,1764712800000,4454680.7
25020,1764716400000,4462741.3
25021,1764720000000,4446825.9
25022,1764723600000,4385314.09999999
25023,1764727200000,4404037.3
25024,1764730800000,4485723.7
25025,1764734400000,4495534.09999999
25026,1764738000000,4472814.2
25027,1764741600000,4466596.09999999
25028,1764745200000,4350929.09999999
25029,1764748800000,4391905.3
25030,1764752400000,4334652.8
25031,1764756000000,4293162.7
25032,1764759600000,4279594.5
25033,1764763200000,4271023.9
25034,1764766800000,4284752.9
25035,1764770400000,4245554.09999999
25036,1764774000000,4238274.3
25037,1764777600000,4195340.9
25038,1764781200000,4233291.2
25039,1764784800000,4202052.9
25040,1764788400000,4165563.9
25041,1764792000000,4170836.3
25042,1764795600000,4160020.1
25043,1764799200000,4129256.4
25044,1764802800000,4160027.1
25045,1764806400000,4202225.7
25046,1764810000000,4306463.3
25047,1764813600000,4207963.09999999
25048,1764817200000,4180671.3
25049,1764820800000,4174184.9
25050,1764824400000,4168812.3
25051,1764828000000,4190632.7
25052,1764831600000,4215685.9
25053,1764835200000,4213996.09999999
25054,1764838800000,4237049.59999999
25055,1764842400000,4250381.3
25056,1764846000000,4247593.5
25057,1764849600000,4259879.09999999
25058,1764853200000,4267599.7
25059,1764856800000,4267534.09999999
25060,1764860400000,4246206.5
25061,1764864000000,4267439.3
25062,1764867600000,4260371.09999999
25063,1764871200000,4150566.5
25064,1764874800000,4121309.9
25065,1764878400000,4009897.2
25066,1764882000000,4014859.2
25067,1764885600000,4002063.8
25068,1764889200000,3939687.1
25069,1764892800000,3939388.5
25070,1764896400000,3931037.1
25071,1764900000000,3933558.6
25072,1764903600000,3933773.9
25073,1764907200000,3926018.3
25074,1764910800000,3948894.3
25075,1764914400000,3942556.9
25076,1764918000000,3969361.1
25077,1764921600000,3969084.5
25078,1764925200000,3980837.0
25079,1764928800000,3958196.1
25080,1764932400000,3938782.3
25081,1764936000000,3892712.5
25082,1764939600000,3864885.6
25083,1764943200000,3859782.9
25084,1764946800000,3826571.1
25085,1764950400000,3826000.8
25086,1764954000000,3853209.0
25087,1764957600000,3819837.8
25088,1764961200000,3809908.1
25089,1764964800000,3851799.7
25090,1764968400000,3837732.7
25091,1764972000000,3850744.6
25092,1764975600000,3805731.9
25093,1764979200000,3818597.2
25094,1764982800000,3846118.3
25095,1764986400000,3863350.2
25096,1764990000000,3859087.5
25097,1764993600000,3872731.1
25098,1764997200000,3872047.6
25099,1765000800000,3887422.3
25100,1765004400000,3896435.9
25101,1765008000000,3897256.3
25102,1765011600000,3914308.3
25103,1765015200000,3917009.3
25104,1765018800000,3913694.7
25105,1765022400000,3931402.1
25106,1765026000000,3968570.5
25107,1765029600000,3994839.3
25108,1765033200000,4010744.6
25109,1765036800000,4005074.3
25110,1765040400000,4013211.7
25111,1765044000000,4014718.1
25112,1765047600000,4032646.9
25113,1765051200000,3971714.4
25114,1765054800000,3969760.9
25115,1765058400000,3980758.7
25116,1765062000000,3967557.7
25117,1765065600000,3987099.9
25118,1765069200000,3975370.5
25119,1765072800000,3998589.3
25120,1765076400000,4000967.3
25121,1765080000000,3976407.0
25122,1765083600000,3964516.1
25123,1765087200000,3993157.9
25124,1765090800000,3986432.1
25125,1765094400000,3976323.4
25126,1765098000000,3962744.3
25127,1765101600000,3956818.3
25128,1765105200000,3999172.3
25129,1765108800000,4006122.3
25130,1765112400000,4012787.3
25131,1765116000000,3995813.5
25132,1765119600000,3926582.9
25133,1765123200000,3939784.5
25134,1765126800000,3965368.1
25135,1765130400000,3968754.1
25136,1765134000000,3988221.3
25137,1765137600000,3975217.7
25138,1765141200000,3975870.1
25139,1765144800000,3969493.8
25140,1765148400000,3917284.8
25141,1765152000000,3884805.8
25142,1765155600000,3838726.9
25143,1765159200000,3869507.5
25144,1765162800000,3879233.7
25145,1765166400000,3887618.9
25146,1765170000000,3919231.7
25147,1765173600000,3926052.3
25148,1765177200000,3928451.8
25149,1765180800000,3910253.5
25150,1765184400000,3926469.6
25151,1765188000000,3933031.5
25152,1765191600000,3933746.5
25153,1765195200000,3928497.7
25154,1765198800000,3937061.5
25155,1765202400000,3944277.3
25156,1765206000000,3949259.5
25157,1765209600000,3950700.5
25158,1765213200000,3997771.1
25159,1765216800000,4025231.2
25160,1765220400000,4030787.3
25161,1765224000000,4049105.7
25162,1765227600000,4129985.7
25163,1765231200000,4108142.6
25164,1765234800000,4047620.1
25165,1765238400000,4028525.5
25166,1765242000000,4015906.7
25167,1765245600000,4012364.9
25168,1765249200000,4016596.6
25169,1765252800000,4012849.3
25170,1765256400000,3978664.7
25171,1765260000000,3982750.6
25172,1765263600000,3959685.5
25173,1765267200000,3971188.5
25174,1765270800000,3963021.7
25175,1765274400000,3955955.3
25176,1765278000000,3969519.3
25177,1765281600000,3977709.9
25178,1765285200000,3965289.9
25179,1765288800000,3966414.5
25180,1765292400000,3949669.1
25181,1765296000000,3877098.6
25182,1765299600000,3741322.6
25183,1765303200000,3720705.2
25184,1765306800000,3713108.5
25185,1765310400000,3707130.5
25186,1765314000000,3736381.3
25187,1765317600000,3724155.0
25188,1765321200000,3726165.5
25189,1765324800000,3725136.1
25190,1765328400000,3720338.9
25191,1765332000000,3719404.8
25192,1765335600000,3709434.3
25193,1765339200000,3686878.7
25194,1765342800000,3679587.1
25195,1765346400000,3650640.1
25196,1765350000000,3634466.5
25197,1765353600000,3623397.1
25198,1765357200000,3626923.5
25199,1765360800000,3616726.1
25200,1765364400000,3598687.0
25201,1765368000000,3579897.7
25202,1765371600000,3633335.7
25203,1765375200000,3601671.5
25204,1765378800000,3595904.3
25205,1765382400000,3587918.2
25206,1765386000000,3586190.9
25207,1765389600000,3565098.4
25208,1765393200000,3537599.9
25209,1765396800000,3501391.7
25210,1765400400000,3558058.4
25211,1765404000000,3551998.9
25212,1765407600000,3520998.3
25213,1765411200000,3499589.3
25214,1765414800000,3510461.0
25215,1765418400000,3490942.1
25216,1765422000000,3508325.3
25217,1765425600000,3419178.9
25218,1765429200000,3430186.5
25219,1765432800000,3417040.3
25220,1765436400000,3400966.4
25221,1765440000000,3407422.0
25222,1765443600000,3395422.0
25223,1765447200000,3402310.6
25224,1765450800000,3393251.2
25225,1765454400000,3416199.2
25226,1765458000000,3446550.4
25227,1765461600000,3461392.4
25228,1765465200000,3431547.2
25229,1765468800000,3479811.4
25230,1765472400000,3475002.5
25231,1765476000000,3493086.6
25232,1765479600000,3508645.3
25233,1765483200000,3532797.9
25234,1765486800000,3518229.4
25235,1765490400000,3500900.1
25236,1765494000000,3470738.5
25237,1765497600000,3490581.3
25238,1765501200000,3476633.0
25239,1765504800000,3486953.0
25240,1765508400000,3531596.7
25241,1765512000000,3518094.2
25242,1765515600000,3516757.0
25243,1765519200000,3511953.0
25244,1765522800000,3502341.0
25245,1765526400000,3512057.5
25246,1765530000000,3510959.4
25247,1765533600000,3511364.8
25248,1765537200000,3519426.6
25249,1765540800000,3534603.6
25250,1765544400000,3551102.0
25251,1765548000000,3545792.2
25252,1765551600000,3550239.1
25253,1765555200000,3536109.8
25254,1765558800000,3549433.6
25255,1765562400000,3509224.1
25256,1765566000000,3506781.8
25257,1765569600000,3505586.8
25258,1765573200000,3506946.4
25259,1765576800000,3517077.8
25260,1765580400000,3514566.1
25261,1765584000000,3526497.7
25262,1765587600000,3531713.6
25263,1765591200000,3550332.4
25264,1765594800000,3530699.2
25265,1765598400000,3522714.2
25266,1765602000000,3512049.8
25267,1765605600000,3507844.8
25268,1765609200000,3529163.5
25269,1765612800000,3508459.6
25270,1765616400000,3501180.4
25271,1765620000000,3481732.8
25272,1765623600000,3482764.6
25273,1765627200000,3485692.8
25274,1765630800000,3470848.2
25275,1765634400000,3481904.4
25276,1765638000000,3468504.6
25277,1765641600000,3459960.8
25278,1765645200000,3463333.0
25279,1765648800000,3482134.8
25280,1765652400000,3523161.2
25281,1765656000000,3506854.4
25282,1765659600000,3501289.8
25283,1765663200000,3475541.1
25284,1765666800000,3662748.2
25285,1765670400000,3759889.4
25286,1765674000000,3742851.2
25287,1765677600000,3728831.6
25288,1765681200000,3704522.8
25289,1765684800000,3703486.8
25290,1765688400000,3701172.5
25291,1765692000000,3689102.0
25292,1765695600000,3680679.0
25293,1765699200000,3682871.6
25294,1765702800000,3679037.3
25295,1765706400000,3674785.2
25296,1765710000000,3693928.9
25297,1765713600000,3712087.3
25298,1765717200000,3724991.6
25299,1765720800000,3721448.4
25300,1765724400000,3738114.8
25301,1765728000000,3717594.6
25302,1765731600000,3750820.4
25303,1765735200000,3744727.8
25304,1765738800000,3766801.5
25305,1765742400000,3761638.1
25306,1765746000000,3745374.6
25307,1765749600000,3749245.2
25308,1765753200000,3735798.8
25309,1765756800000,3716202.6
25310,1765760400000,3720710.8
25311,1765764000000,3730533.6
25312,1765767600000,3699120.4
25313,1765771200000,3702560.1
25314,1765774800000,3703752.2
25315,1765778400000,3708505.0
25316,1765782000000,3707248.7
25317,1765785600000,3721829.2
25318,1765789200000,3727313.0
25319,1765792800000,3724902.0
25320,1765796400000,3776598.0
25321,1765800000000,3763547.8
25322,1765803600000,3734106.6
25323,1765807200000,3712861.1
25324,1765810800000,3691018.7
25325,1765814400000,3732150.4
25326,1765818000000,3750323.0
25327,1765821600000,3756916.5
25328,1765825200000,3735892.4
25329,1765828800000,3721447.2
25330,1765832400000,3756497.2
25331,1765836000000,3762494.0
25332,1765839600000,3769301.9
25333,1765843200000,3774494.6
25334,1765846800000,3760932.0
25335,1765850400000,3768664.6
25336,1765854000000,3779533.4
25337,1765857600000,3785641.8
25338,1765861200000,3800341.4
25339,1765864800000,3787919.4
25340,1765868400000,3801768.6
25341,1765872000000,3792873.6
25342,1765875600000,3763334.2
25343,1765879200000,3772781.4
25344,1765882800000,3818345.2
25345,1765886400000,3810381.4
25346,1765890000000,3797933.8
25347,1765893600000,3787698.8
25348,1765897200000,3804071.7
25349,1765900800000,3765277.5
25350,1765904400000,3769965.0
25351,1765908000000,3766398.8
25352,1765911600000,3749098.8
25353,1765915200000,3771888.2
25354,1765918800000,3796816.8
25355,1765922400000,3799055.6
25356,1765926000000,3756181.2
25357,1765929600000,3754419.6
25358,1765933200000,3777190.8
25359,1765936800000,3780143.6
25360,1765940400000,3759172.2
25361,1765944000000,3762193.3
25362,1765947600000,3755312.4
25363,1765951200000,3751882.2
25364,1765954800000,3745370.6
25365,1765958400000,3734602.2
25366,1765962000000,3748457.8
25367,1765965600000,3766291.8
25368,1765969200000,3753795.2
25369,1765972800000,3747320.7
25370,1765976400000,3754300.2
25371,1765980000000,3754567.0
25372,1765983600000,3789913.1
25373,1765987200000,3751440.3
25374,1765990800000,3754281.9
25375,1765994400000,3757002.9
25376,1765998000000,3743479.6
25377,1766001600000,3764243.6
25378,1766005200000,3720235.7
25379,1766008800000,3714720.2
25380,1766012400000,3714702.8
25381,1766016000000,3713347.8
25382,1766019600000,3746361.6
25383,1766023200000,3742130.2
25384,1766026800000,3733078.0
25385,1766030400000,3743468.6
25386,1766034000000,3733777.6
25387,1766037600000,3731537.4
25388,1766041200000,3750528.5
25389,1766044800000,3731916.4
25390,1766048400000,3736386.6
25391,1766052000000,3742311.4
25392,1766055600000,3754777.2
25393,1766059200000,3760440.2
25394,1766062800000,3747482.0
25395,1766066400000,3652691.2
25396,1766070000000,3657941.8
25397,1766073600000,3655197.8
25398,1766077200000,3657654.3
25399,1766080800000,3659561.8
25400,1766084400000,3652898.8
25401,1766088000000,3667795.5
25402,1766091600000,3639360.2
25403,1766095200000,3649783.4
25404,1766098800000,3625600.0
25405,1766102400000,3608294.8
25406,1766106000000,3621710.8
25407,1766109600000,3632035.2
25408,1766113200000,3650983.6
25409,1766116800000,3641490.6
25410,1766120400000,3687998.0
25411,1766124000000,3645676.6
25412,1766127600000,3603165.4
25413,1766131200000,3588626.4
25414,1766134800000,3575508.0
25415,1766138400000,3587596.6
25416,1766142000000,3596895.4
25417,1766145600000,3613164.8
25418,1766149200000,3636141.5
25419,1766152800000,3654445.6
25420,1766156400000,3646185.8
25421,1766160000000,3622655.7
25422,1766163600000,3621655.1
25423,1766167200000,3625033.4
25424,1766170800000,3610177.0
25425,1766174400000,3605548.6
25426,1766178000000,3603377.3
25427,1766181600000,3590487.6
25428,1766185200000,3569083.0
25429,1766188800000,3592199.0
25430,1766192400000,3582155.3
25431,1766196000000,3576604.0
25432,1766199600000,3575631.0
25433,1766203200000,3575465.4
25434,1766206800000,3573153.1
25435,1766210400000,3575956.1
25436,1766214000000,3576101.8
25437,1766217600000,3586850.8
25438,1766221200000,3598545.2
25439,1766224800000,3596771.0
25440,1766228400000,3588758.8
25441,1766232000000,3576219.5
25442,1766235600000,3574100.8
25443,1766239200000,3566531.2
25444,1766242800000,3583950.0
25445,1766246400000,3625742.2
25446,1766250000000,3614173.7
25447,1766253600000,3617573.4
25448,1766257200000,3608119.2
25449,1766260800000,3614826.4
25450,1766264400000,3605801.2
25451,1766268000000,3600706.4
25452,1766271600000,3568100.2
25453,1766275200000,3662246.6
25454,1766278800000,3652431.1
25455,1766282400000,3641431.8
25456,1766286000000,3638456.0
25457,1766289600000,3633347.6
25458,1766293200000,3631387.2
25459,1766296800000,3637853.1
25460,1766300400000,3636623.8
25461,1766304000000,3644316.0
25462,1766307600000,3655455.3
25463,1766311200000,3648493.4
25464,1766314800000,3636307.6
25465,1766318400000,3647775.8
25466,1766322000000,3647517.1
25467,1766325600000,3636929.2
25468,1766329200000,3649012.4
25469,1766332800000,3666090.2
25470,1766336400000,3676665.6
25471,1766340000000,3669608.0
25472,1766343600000,3654015.8
25473,1766347200000,3647371.4
25474,1766350800000,3641500.4
25475,1766354400000,3640015.4
25476,1766358000000,3654786.3
25477,1766361600000,3675706.2
25478,1766365200000,3688220.4
25479,1766368800000,3670387.0
25480,1766372400000,3619669.2
25481,1766376000000,3658068.0
25482,1766379600000,3651813.6
25483,1766383200000,3635647.8
25484,1766386800000,3637924.7
25485,1766390400000,3649574.5
25486,1766394000000,3619473.5
25487,1766397600000,3630594.0
25488,1766401200000,3644115.1
25489,1766404800000,3714159.2
25490,1766408400000,3731692.0
25491,1766412000000,3711579.6
25492,1766415600000,3714672.9
25493,1766419200000,3717724.4
25494,1766422800000,3718599.4
25495,1766426400000,3736868.6
25496,1766430000000,3725567.7
25497,1766433600000,3627029.0
25498,1766437200000,3588070.2
25499,1766440800000,3571320.0
25500,1766444400000,3522364.0
25501,1766448000000,3562457.6
25502,1766451600000,3685428.4
25503,1766455200000,3985745.2
25504,1766458800000,3943962.4
25505,1766462400000,3875291.7
25506,1766466000000,3864804.8
25507,1766469600000,3854142.4
25508,1766473200000,3841874.4
25509,1766476800000,3870213.2
25510,1766480400000,3850096.4
25511,1766484000000,3850136.6
25512,1766487600000,3849042.2
25513,1766491200000,3859394.3
25514,1766494800000,3866675.0
25515,1766498400000,3856707.8
25516,1766502000000,3789303.1
25517,1766505600000,3804084.4
25518,1766509200000,3804507.8
25519,1766512800000,3812419.4
25520,1766516400000,3778736.8
25521,1766520000000,3807465.3
25522,1766523600000,3873719.8
25523,1766527200000,3867057.8
25524,1766530800000,3734944.6
25525,1766534400000,3727001.7
25526,1766538000000,3780180.0
25527,1766541600000,3778168.8
25528,1766545200000,3755608.8
25529,1766548800000,3745992.8
25530,1766552400000,3750031.6
25531,1766556000000,3838477.8
25532,1766559600000,3847293.6
25533,1766563200000,3864598.0
25534,1766566800000,3863025.6
25535,1766570400000,3874182.6
25536,1766574000000,3875527.7
25537,1766577600000,3871102.4
25538,1766581200000,3888716.4
25539,1766584800000,3886250.0
25540,1766588400000,3899911.5
25541,1766592000000,3884666.8
25542,1766595600000,3906462.2
25543,1766599200000,3942436.9
25544,1766602800000,3923040.0
25545,1766606400000,3923243.0
25546,1766610000000,3918814.2
25547,1766613600000,3915207.6
25548,1766617200000,3898455.8
25549,1766620800000,3889196.6
25550,1766624400000,3891070.4
25551,1766628000000,3894968.0
25552,1766631600000,3950786.4
25553,1766635200000,3883580.6
25554,1766638800000,3879717.0
25555,1766642400000,3880151.6
25556,1766646000000,3881155.0
25557,1766649600000,3857810.2
25558,1766653200000,3861264.2
25559,1766656800000,3869540.0
25560,1766660400000,3786576.4
25561,1766664000000,3784698.0
25562,1766667600000,3788091.2
25563,1766671200000,3785840.4
25564,1766674800000,3767148.4
25565,1766678400000,3782155.6
25566,1766682000000,3824428.2
25567,1766685600000,3824663.4
25568,1766689200000,3841907.0
25569,1766692800000,3805659.2
25570,1766696400000,3810472.4
25571,1766700000000,3816710.8
25572,1766703600000,3775333.0
25573,1766707200000,3733446.1
25574,1766710800000,3745523.7
25575,1766714400000,3738509.0
25576,1766718000000,3759712.2
25577,1766721600000,3807212.8
25578,1766725200000,3837476.4
25579,1766728800000,3841904.4
25580,1766732400000,3818434.5
25581,1766736000000,3785748.5
25582,1766739600000,3794295.8
25583,1766743200000,3815414.6
25584,1766746800000,3801933.0
25585,1766750400000,3789223.0
25586,1766754000000,3797709.6
25587,1766757600000,3814405.4
25588,1766761200000,3758294.4
25589,1766764800000,3768245.4
25590,1766768400000,3765845.8
25591,1766772000000,3644473.1
25592,1766775600000,3637564.0
25593,1766779200000,3634139.0
25594,1766782800000,3621578.4
25595,1766786400000,3620766.8
25596,1766790000000,3570191.6
25597,1766793600000,3563911.8
25598,1766797200000,3561788.8
25599,1766800800000,3548734.6
25600,1766804400000,3551940.6
25601,1766808000000,3561863.8
25602,1766811600000,3558287.7
25603,1766815200000,3556912.1
25604,1766818800000,3559198.8
25605,1766822400000,3554378.0
25606,1766826000000,3548054.0
25607,1766829600000,3540785.4
25608,1766833200000,3544385.0
25609,1766836800000,3542206.6
25610,1766840400000,3531913.4
25611,1766844000000,3564579.2
25612,1766847600000,3583744.4
25613,1766851200000,3582943.6
25614,1766854800000,3586630.0
25615,1766858400000,3577996.0
25616,1766862000000,3567955.8
25617,1766865600000,3565946.4
25618,1766869200000,3566649.8
25619,1766872800000,3565790.8
25620,1766876400000,3555805.5
25621,1766880000000,3600841.5
25622,1766883600000,3610297.8
25623,1766887200000,3587809.0
25624,1766890800000,3565717.0
25625,1766894400000,3578578.4
25626,1766898000000,3573115.0
25627,1766901600000,3568005.5
25628,1766905200000,3578100.4
25629,1766908800000,3579640.2
25630,1766912400000,3584190.6
25631,1766916000000,3584593.6
25632,1766919600000,3592073.2
25633,1766923200000,3590549.4
25634,1766926800000,3630188.9
25635,1766930400000,3621751.6
25636,1766934000000,3608628.2
25637,1766937600000,3606537.0
25638,1766941200000,3605646.6
25639,1766944800000,3609491.8
25640,1766948400000,3546754.2
25641,1766952000000,3541262.9
25642,1766955600000,3534487.8
25643,1766959200000,3528068.9
25644,1766962800000,3530617.6
25645,1766966400000,3507477.8
25646,1766970000000,3508692.3
25647,1766973600000,3519663.0
25648,1766977200000,3525895.7
25649,1766980800000,3495775.8
25650,1766984400000,3508025.2
25651,1766988000000,3547626.9
25652,1766991600000,3537768.2
25653,1766995200000,3546146.4
25654,1766998800000,3534665.2
25655,1767002400000,3470170.4
25656,1767006000000,3488817.0
25657,1767009600000,3481207.6
25658,1767013200000,3478850.4
25659,1767016800000,3472980.4
25660,1767020400000,3511226.8
25661,1767024000000,3579689.3
25662,1767027600000,3528028.6
25663,1767031200000,3535602.6
25664,1767034800000,3534607.8
25665,1767038400000,3485658.2
25666,1767042000000,3409974.0
25667,1767045600000,3409785.6
25668,1767049200000,3403871.6
25669,1767052800000,3392201.4
25670,1767056400000,3365969.6
25671,1767060000000,3362041.3
25672,1767063600000,3382989.2
25673,1767067200000,3366086.4
25674,1767070800000,3385458.9
25675,1767074400000,3339142.2
25676,1767078000000,3371769.4
25677,1767081600000,3392603.0
25678,1767085200000,3416784.8
25679,1767088800000,3434242.8
25680,1767092400000,3458293.6
25681,1767096000000,3480974.4
25682,1767099600000,3487626.4
25683,1767103200000,3491314.8
25684,1767106800000,3439848.4
25685,1767110400000,3472028.0
25686,1767114000000,3459694.7
25687,1767117600000,3456252.4
25688,1767121200000,3462296.3
25689,1767124800000,3458595.8
25690,1767128400000,3485082.6
25691,1767132000000,3487838.8
25692,1767135600000,3486074.0
25693,1767139200000,3514534.4
25694,1767142800000,3597200.0
25695,1767146400000,3570532.2
25696,1767150000000,3557222.6
25697,1767153600000,3552849.2
25698,1767157200000,3539700.4
25699,1767160800000,3534736.6
25700,1767164400000,3539802.2
25701,1767168000000,3562755.6
25702,1767171600000,3553781.8
25703,1767175200000,3570769.5
25704,1767178800000,3572941.0
25705,1767182400000,3587026.0
25706,1767186000000,3595187.4
25707,1767189600000,3594478.8
25708,1767193200000,3596294.9
25709,1767196800000,3586450.8
25710,1767200400000,3522603.0
25711,1767204000000,3538559.2
25712,1767207600000,3566618.0
25713,1767211200000,3576445.6
25714,1767214800000,3555654.0
25715,1767218400000,3570292.5
25716,1767222000000,3551283.4
25717,1767225600000,3555233.0
25718,1767229200000,3561207.4
25719,1767232800000,3586031.4
25720,1767236400000,3579395.6
25721,1767240000000,3563034.0
25722,1767243600000,3554165.4
25723,1767247200000,3554516.6
25724,1767250800000,3556845.2
25725,1767254400000,3562710.3
25726,1767258000000,3585586.8
25727,1767261600000,3556901.3
25728,1767265200000,3549572.0
25729,1767268800000,3580675.6
25730,1767272400000,3601096.2
25731,1767276000000,3616654.2
25732,1767279600000,3603949.8
25733,1767283200000,3610506.0
25734,1767286800000,3591325.4
25735,1767290400000,3657484.1
25736,1767294000000,3793830.5
25737,1767297600000,3809544.5
25738,1767301200000,3936271.3
25739,1767304800000,3941703.2
25740,1767308400000,3961085.7
25741,1767312000000,3981580.8
25742,1767315600000,3989006.9
25743,1767319200000,3973743.0
25744,1767322800000,3934496.0
25745,1767326400000,3933575.2
25746,1767330000000,3943443.6
25747,1767333600000,3965334.8
25748,1767337200000,3952697.8
25749,1767340800000,3942749.6
25750,1767344400000,3931010.4
25751,1767348000000,3889180.4
25752,1767351600000,3879456.4
25753,1767355200000,3865901.9
25754,1767358800000,3850418.0
25755,1767362400000,3829062.2
25756,1767366000000,3807346.4
25757,1767369600000,3799809.3
25758,1767373200000,3778901.8
25759,1767376800000,3766674.4
25760,1767380400000,3804546.2
25761,1767384000000,3761204.5
25762,1767387600000,3760482.6
25763,1767391200000,3854160.4
25764,1767394800000,3885826.6
25765,1767398400000,3864934.0
25766,1767402000000,3870695.2
25767,1767405600000,3863307.6
25768,1767409200000,3843040.0
25769,1767412800000,3955610.8
25770,1767416400000,3945728.2
25771,1767420000000,3883511.5
25772,1767423600000,3852112.6
25773,1767427200000,3846494.6
25774,1767430800000,3850136.2
25775,1767434400000,3860351.0
25776,1767438000000,3859046.0
25777,1767441600000,3868527.7
25778,1767445200000,3902662.9
25779,1767448800000,3848438.2
25780,1767452400000,3832803.2
25781,1767456000000,3818868.6
25782,1767459600000,3790035.4
25783,1767463200000,3792574.3
25784,1767466800000,3810341.4
25785,1767470400000,3801266.8
25786,1767474000000,3773030.6
25787,1767477600000,3773498.6
25788,1767481200000,3774412.6
25789,1767484800000,3773550.0
25790,1767488400000,3798277.6
25791,1767492000000,3808541.4
25792,1767495600000,3801767.0
25793,1767499200000,3828589.0
25794,1767502800000,3819890.8
25795,1767506400000,3824504.4
25796,1767510000000,3801268.7
25797,1767513600000,3806554.0
25798,1767517200000,3798709.2
25799,1767520800000,3782859.8
25800,1767524400000,3830042.8
25801,1767528000000,3853345.4
25802,1767531600000,3842220.4
25803,1767535200000,3826684.3
25804,1767538800000,3843134.4
25805,1767542400000,3841406.4
25806,1767546000000,3834111.2
25807,1767549600000,3860835.2
25808,1767553200000,3850027.6
25809,1767556800000,3794256.2
25810,1767560400000,3794572.4
25811,1767564000000,3749134.0
25812,1767567600000,3730431.2
25813,1767571200000,3726699.4
25814,1767574800000,3751716.8
25815,1767578400000,3750188.2
25816,1767582000000,3738926.2
25817,1767585600000,3721734.0
25818,1767589200000,3706633.2
25819,1767592800000,3666727.4
25820,1767596400000,3692639.4
25821,1767600000000,3666973.2
25822,1767603600000,3664588.4
25823,1767607200000,3687533.4
25824,1767610800000,3702569.4
25825,1767614400000,3708919.4
25826,1767618000000,3714634.6
25827,1767621600000,3733366.0
25828,1767625200000,3726176.6
25829,1767628800000,3716791.2
25830,1767632400000,3683547.2
25831,1767636000000,3656473.0
25832,1767639600000,3581081.2
25833,1767643200000,3565912.0
25834,1767646800000,3523338.4
25835,1767650400000,3504815.6
25836,1767654000000,3480554.2
25837,1767657600000,3471195.2
25838,1767661200000,3469206.1
25839,1767664800000,3439801.0
25840,1767668400000,3464086.8
25841,1767672000000,3466514.4
25842,1767675600000,3455004.4
25843,1767679200000,3462010.2
25844,1767682800000,3469715.6
25845,1767686400000,3473362.2
25846,1767690000000,3477685.0
25847,1767693600000,3487127.4
25848,1767697200000,3449679.4
25849,1767700800000,3448666.0
25850,1767704400000,3528462.0
25851,1767708000000,3497074.4
25852,1767711600000,3496682.2
25853,1767715200000,3497803.3
25854,1767718800000,3461624.4
25855,1767722400000,3484600.0
25856,1767726000000,3475968.5
25857,1767729600000,3476183.6
25858,1767733200000,3459184.7
25859,1767736800000,3410969.9
25860,1767740400000,3375704.3
25861,1767744000000,3391373.6
25862,1767747600000,3398814.8
25863,1767751200000,3434306.2
25864,1767754800000,3446040.0
25865,1767758400000,3438098.0
25866,1767762000000,3436352.4
25867,1767765600000,3419003.5
25868,1767769200000,3408726.2
25869,1767772800000,3423853.6
25870,1767776400000,3420097.6
25871,1767780000000,3443884.0
25872,1767783600000,3446105.0
25873,1767787200000,3477228.2
25874,1767790800000,3452952.1
25875,1767794400000,3466248.0
25876,1767798000000,3454870.4
25877,1767801600000,3435193.4
25878,1767805200000,3457930.7
25879,1767808800000,3445951.6
25880,1767812400000,3444466.2
25881,1767816000000,3438766.0
25882,1767819600000,3445467.8
25883,1767823200000,3446361.2
25884,1767826800000,3436100.0
25885,1767830400000,3421876.8
25886,1767834000000,3426798.2
25887,1767837600000,3437215.8
25888,1767841200000,3416358.2
25889,1767844800000,3445468.4
25890,1767848400000,3442072.4
25891,1767852000000,3446685.7
25892,1767855600000,3411229.2
25893,1767859200000,3444254.8
25894,1767862800000,3464057.3
25895,1767866400000,3465037.8
25896,1767870000000,3466373.5
25897,1767873600000,3476676.4
25898,1767877200000,3462996.8
25899,1767880800000,3465652.2
25900,1767884400000,3434771.4
25901,1767888000000,3433340.2
25902,1767891600000,3410422.6
25903,1767895200000,3395948.0
25904,1767898800000,3387192.6
25905,1767902400000,3389850.4
25906,1767906000000,3375598.5
25907,1767909600000,3382589.8
25908,1767913200000,3360513.0
25909,1767916800000,3346790.8
25910,1767920400000,3346461.9
25911,1767924000000,3344179.2
25912,1767927600000,3335229.6
25913,1767931200000,3331257.0
25914,1767934800000,3335242.4
25915,1767938400000,3329621.0
25916,1767942000000,3325031.0
25917,1767945600000,3320379.4
25918,1767949200000,3347735.7
25919,1767952800000,3372097.2
25920,1767956400000,3369893.4
25921,1767960000000,3380188.8
25922,1767963600000,3371836.8
25923,1767967200000,3486412.9
25924,1767970800000,3440640.1
25925,1767974400000,3412884.4
25926,1767978000000,3414598.4
25927,1767981600000,3442146.0
25928,1767985200000,3420260.0
25929,1767988800000,3416561.9
25930,1767992400000,3423498.8
25931,1767996000000,3434632.8
25932,1767999600000,3423275.2
25933,1768003200000,3420634.6
25934,1768006800000,3420149.4
25935,1768010400000,3428198.6
25936,1768014000000,3435947.4
25937,1768017600000,3436406.4
25938,1768021200000,3429123.2
25939,1768024800000,3425777.2
25940,1768028400000,3423399.0
25941,1768032000000,3426128.6
25942,1768035600000,3439145.4
25943,1768039200000,3431128.7
25944,1768042800000,3439068.2
25945,1768046400000,3440685.2
25946,1768050000000,3428526.0
25947,1768053600000,3421466.8
25948,1768057200000,3425547.4
25949,1768060800000,3418054.4
25950,1768064400000,3409623.0
25951,1768068000000,3423900.6
25952,1768071600000,3415906.4
25953,1768075200000,3417526.0
25954,1768078800000,3415499.4
25955,1768082400000,3407280.8
25956,1768086000000,3366343.6
25957,1768089600000,3390855.6
25958,1768093200000,3378721.2
25959,1768096800000,3396418.4
25960,1768100400000,3395205.0
25961,1768104000000,3398832.8
25962,1768107600000,3396753.6
25963,1768111200000,3402240.2
25964,1768114800000,3412922.4
25965,1768118400000,3447749.2
25966,1768122000000,3452763.8
25967,1768125600000,3470224.8
25968,1768129200000,3471972.2
25969,1768132800000,3458344.0
25970,1768136400000,3463337.2
25971,1768140000000,3462064.2
25972,1768143600000,3462651.4
25973,1768147200000,3451579.8
25974,1768150800000,3470425.5
25975,1768154400000,3474341.6
25976,1768158000000,3489536.0
25977,1768161600000,3532382.9
25978,1768165200000,3514995.6
25979,1768168800000,3515023.6
25980,1768172400000,3521796.1
25981,1768176000000,3486992.8
25982,1768179600000,3479993.1
25983,1768183200000,3447262.0
25984,1768186800000,3425654.4
25985,1768190400000,3431877.8
25986,1768194000000,3435978.2
25987,1768197600000,3431500.8
25988,1768201200000,3423737.8
25989,1768204800000,3407808.2
25990,1768208400000,3420371.0
25991,1768212000000,3441061.8
25992,1768215600000,3450253.2
25993,1768219200000,3464970.6
25994,1768222800000,3454000.4
25995,1768226400000,3456544.2
25996,1768230000000,3439076.0
25997,1768233600000,3420251.4
25998,1768237200000,3431686.9
25999,1768240800000,3409623.0
26000,1768244400000,3427967.0
26001,1768248000000,3432932.8
26002,1768251600000,3426864.4
26003,1768255200000,3453137.8
26004,1768258800000,3464035.1
26005,1768262400000,3471233.5
26006,1768266000000,3535417.5
26007,1768269600000,3541432.4
26008,1768273200000,3548833.9
26009,1768276800000,3556788.7
26010,1768280400000,3560169.7
26011,1768284000000,3567331.1
26012,1768287600000,3571408.5
26013,1768291200000,3580844.9
26014,1768294800000,3594357.5
26015,1768298400000,3585380.1
26016,1768302000000,3594629.3
26017,1768305600000,3603658.3
26018,1768309200000,3592013.3
26019,1768312800000,3593962.3
26020,1768316400000,3635001.0
26021,1768320000000,3649708.5
26022,1768323600000,3769135.3
26023,1768327200000,3798529.4
26024,1768330800000,3770997.6
26025,1768334400000,3766277.6
26026,1768338000000,3779263.2
26027,1768341600000,3800661.4
26028,1768345200000,3807255.2
26029,1768348800000,3801604.2
26030,1768352400000,3844745.2
26031,1768356000000,3844412.4
26032,1768359600000,3845656.4
26033,1768363200000,3848213.6
26034,1768366800000,3861617.6
26035,1768370400000,3870901.4
26036,1768374000000,3876761.6
26037,1768377600000,3875826.6
26038,1768381200000,3883234.2
26039,1768384800000,3898407.2
26040,1768388400000,3938977.4
26041,1768392000000,4007778.0
26042,1768395600000,3982446.2
26043,1768399200000,3881535.4
26044,1768402800000,3799480.4
26045,1768406400000,3788406.0
26046,1768410000000,3797227.8
26047,1768413600000,3803669.6
26048,1768417200000,3812132.2
26049,1768420800000,3806547.9
26050,1768424400000,3810981.8
26051,1768428000000,3803213.7
26052,1768431600000,3757203.8
26053,1768435200000,3736172.6
26054,1768438800000,3711720.2
26055,1768442400000,3713718.2
26056,1768446000000,3685944.7
26057,1768449600000,3671213.2
26058,1768453200000,3709177.6
26059,1768456800000,3704252.6
26060,1768460400000,3700731.5
26061,1768464000000,3700895.0
26062,1768467600000,3693258.4
26063,1768471200000,3711075.2
26064,1768474800000,3711236.2
26065,1768478400000,3699678.9
26066,1768482000000,3719627.3
26067,1768485600000,3756835.0
26068,1768489200000,3733235.6
26069,1768492800000,3715018.6
26070,1768496400000,3770309.9
26071,1768500000000,3762766.8
26072,1768503600000,3812643.8
26073,1768507200000,3795615.9
26074,1768510800000,3793092.6
26075,1768514400000,3790758.6
26076,1768518000000,3777756.8
26077,1768521600000,3770452.3
26078,1768525200000,3762991.4
26079,1768528800000,3739379.2
26080,1768532400000,3754215.8
26081,1768536000000,3754930.0
26082,1768539600000,3778374.0
26083,1768543200000,3766388.8
26084,1768546800000,3769524.8
26085,1768550400000,3768498.0
26086,1768554000000,3788573.4
26087,1768557600000,3781693.8
26088,1768561200000,3794918.4
26089,1768564800000,3796199.0
26090,1768568400000,3818030.0
26091,1768572000000,3826925.4
26092,1768575600000,3810217.2
26093,1768579200000,3786726.5
26094,1768582800000,3848498.0
26095,1768586400000,3850828.9
26096,1768590000000,3823848.7
26097,1768593600000,3832170.6
26098,1768597200000,3827730.4
26099,1768600800000,3828074.2
26100,1768604400000,3810246.4
26101,1768608000000,3808962.0
26102,1768611600000,3836260.3
26103,1768615200000,3843101.8
26104,1768618800000,3842448.8
26105,1768622400000,3836585.1
26106,1768626000000,3838486.6
26107,1768629600000,3843262.6
26108,1768633200000,3850736.0
26109,1768636800000,3858865.8
26110,1768640400000,3868134.8
26111,1768644000000,3889071.0
26112,1768647600000,3886541.9
26113,1768651200000,3899087.0
26114,1768654800000,3916557.4
26115,1768658400000,3923952.4
26116,1768662000000,3899959.6
26117,1768665600000,3891007.4
26118,1768669200000,3858400.2
26119,1768672800000,3856309.6
26120,1768676400000,3863242.2
26121,1768680000000,3854725.4
26122,1768683600000,3864106.8
26123,1768687200000,3827643.6
26124,1768690800000,3822619.6
26125,1768694400000,3809002.6
26126,1768698000000,3803165.2
26127,1768701600000,3786254.4
26128,1768705200000,3805055.6
26129,1768708800000,3785419.0
26130,1768712400000,3780792.4
26131,1768716000000,3772866.0
26132,1768719600000,3772685.6
26133,1768723200000,3776518.8
26134,1768726800000,3785088.7
26135,1768730400000,3794559.2
26136,1768734000000,3790582.6
26137,1768737600000,3798345.9
26138,1768741200000,3804162.3
26139,1768744800000,3821951.6
26140,1768748400000,3803672.4
26141,1768752000000,3791123.1
26142,1768755600000,3819195.0
26143,1768759200000,3817605.6
26144,1768762800000,4166326.4
26145,1768766400000,4165042.4
26146,1768770000000,4171825.0
26147,1768773600000,4153409.8
26148,1768777200000,4117122.0
26149,1768780800000,4079417.2
26150,1768784400000,3906581.5
26151,1768788000000,3894861.4
26152,1768791600000,3873495.6
26153,1768795200000,3865423.4
26154,1768798800000,3882413.8
26155,1768802400000,3883748.6
26156,1768806000000,3879356.4
26157,1768809600000,3880858.2
26158,1768813200000,3877617.4
26159,1768816800000,3876220.2
26160,1768820400000,3882746.6
26161,1768824000000,3892238.5
26162,1768827600000,3896144.0
26163,1768831200000,3898839.3
26164,1768834800000,3896863.0
26165,1768838400000,3908705.0
26166,1768842000000,3904209.0
26167,1768845600000,3935247.2
26168,1768849200000,3899093.2
26169,1768852800000,3897133.8
26170,1768856400000,3897517.0
26171,1768860000000,3891044.6
26172,1768863600000,3842571.1
26173,1768867200000,3838113.3
26174,1768870800000,3834474.2
26175,1768874400000,3854411.4
26176,1768878000000,3855571.6
26177,1768881600000,3858924.2
26178,1768885200000,3854459.2
26179,1768888800000,3874736.4
26180,1768892400000,3857056.6
26181,1768896000000,3887427.4
26182,1768899600000,3916842.8
26183,1768903200000,3921129.4
26184,1768906800000,3983942.2
26185,1768910400000,3963460.0
26186,1768914000000,3949752.4
26187,1768917600000,3889963.2
26188,1768921200000,3875776.8
26189,1768924800000,3891158.8
26190,1768928400000,3853348.0
26191,1768932000000,3663778.7
26192,1768935600000,3638048.4
26193,1768939200000,3633186.8
26194,1768942800000,3641243.2
26195,1768946400000,3618524.0
26196,1768950000000,3517525.4
26197,1768953600000,3528032.8
26198,1768957200000,3546113.0
26199,1768960800000,3547323.0
26200,1768964400000,3542748.2
26201,1768968000000,3544995.6
26202,1768971600000,3539595.1
26203,1768975200000,3527056.5
26204,1768978800000,3534692.0
26205,1768982400000,3522389.7
26206,1768986000000,3516175.8
26207,1768989600000,3529007.1
26208,1768993200000,3527367.2
26209,1768996800000,3511334.2
26210,1769000400000,3502775.6
26211,1769004000000,3493506.5
26212,1769007600000,3495095.5
26213,1769011200000,3509153.0
26214,1769014800000,3492513.3
26215,1769018400000,3489630.8
26216,1769022000000,3488748.4
26217,1769025600000,3493680.5
26218,1769029200000,3496760.2
26219,1769032800000,3482287.2
26220,1769036400000,3490384.5
26221,1769040000000,3480991.6
26222,1769043600000,3505866.2
26223,1769047200000,3508066.4
26224,1769050800000,3503020.2
26225,1769054400000,3484458.8
26226,1769058000000,3490473.8
26227,1769061600000,3494781.2
26228,1769065200000,3497604.2
26229,1769068800000,3494163.4
26230,1769072400000,3506067.8
26231,1769076000000,3578348.0
26232,1769079600000,3587699.0
26233,1769083200000,3587500.8
26234,1769086800000,3616428.4
26235,1769090400000,3606872.8
26236,1769094000000,3621444.4
26237,1769097600000,3663137.9
26238,1769101200000,3682216.2
26239,1769104800000,3715073.5
26240,1769108400000,3725685.2
26241,1769112000000,3727924.8
26242,1769115600000,3749884.8
26243,1769119200000,3720623.2
26244,1769122800000,3694476.3
26245,1769126400000,3674837.2
26246,1769130000000,3665481.0
26247,1769133600000,3648084.3
26248,1769137200000,3660317.6
26249,1769140800000,3677219.6
26250,1769144400000,3732416.8
26251,1769148000000,3762151.0
26252,1769151600000,3754886.8
26253,1769155200000,3681785.0
26254,1769158800000,3665308.6
26255,1769162400000,3675645.1
26256,1769166000000,3680222.8
26257,1769169600000,3699734.4
26258,1769173200000,3725242.3
26259,1769176800000,3764509.0
26260,1769180400000,3743151.8
26261,1769184000000,3832626.8
26262,1769187600000,3825896.4
26263,1769191200000,3769816.6
26264,1769194800000,3757039.2
26265,1769198400000,3744574.6
26266,1769202000000,3755638.7
26267,1769205600000,3754952.2
26268,1769209200000,3740740.8
26269,1769212800000,3734246.4
26270,1769216400000,3759595.0
26271,1769220000000,3764764.6
26272,1769223600000,3769443.2
26273,1769227200000,3792274.0
26274,1769230800000,3798672.0
26275,1769234400000,3797138.4
26276,1769238000000,3804042.0
26277,1769241600000,3810569.1
26278,1769245200000,3816870.8
26279,1769248800000,3814738.4
26280,1769252400000,3807996.6
26281,1769256000000,3815406.8
26282,1769259600000,3816555.2
26283,1769263200000,3808526.6
26284,1769266800000,3788860.0
26285,1769270400000,3823622.5
26286,1769274000000,3832778.6
26287,1769277600000,3846536.9
26288,1769281200000,3847366.2
26289,1769284800000,3848938.5
26290,1769288400000,3840741.2
26291,1769292000000,3844889.2
26292,1769295600000,3820093.0
26293,1769299200000,3826532.0
26294,1769302800000,3827406.2
26295,1769306400000,3840586.9
26296,1769310000000,3844339.6
26297,1769313600000,3838845.0
26298,1769317200000,3835855.4
26299,1769320800000,3852496.4
26300,1769324400000,3843776.0
26301,1769328000000,3843469.6
26302,1769331600000,3863148.0
26303,1769335200000,3885028.7
26304,1769338800000,3929791.2
26305,1769342400000,3929108.6
26306,1769346000000,3949263.8
26307,1769349600000,3952740.6
26308,1769353200000,3937732.0
26309,1769356800000,3935001.2
26310,1769360400000,3862918.8
26311,1769364000000,3867168.6
26312,1769367600000,3856092.9
26313,1769371200000,3774017.7
26314,1769374800000,3773128.4
26315,1769378400000,3774780.4
26316,1769382000000,3768915.2
26317,1769385600000,3791101.1
26318,1769389200000,3787462.2
26319,1769392800000,3780700.6
26320,1769396400000,3783920.0
26321,1769400000000,3770884.9
26322,1769403600000,3773451.4
26323,1769407200000,3792674.8
26324,1769410800000,3774619.4
26325,1769414400000,3778080.0
26326,1769418000000,3809461.0
26327,1769421600000,3813688.8
26328,1769425200000,3809788.6
26329,1769428800000,3861533.8
26330,1769432400000,3878620.2
26331,1769436000000,3873917.0
26332,1769439600000,3842777.4
26333,1769443200000,3803717.4
26334,1769446800000,3779615.4
26335,1769450400000,3799289.4
26336,1769454000000,3806378.6
26337,1769457600000,3797606.8
26338,1769461200000,3813286.2
26339,1769464800000,3814920.8
26340,1769468400000,3800704.0
26341,1769472000000,3800601.0
26342,1769475600000,3816853.0
26343,1769479200000,3816269.2
26344,1769482800000,3830345.5
26345,1769486400000,3824873.1
26346,1769490000000,3841461.0
26347,1769493600000,3839981.6
26348,1769497200000,3842972.2
26349,1769500800000,3823375.8
26350,1769504400000,3824678.8
26351,1769508000000,3829040.8
26352,1769511600000,3830370.4
26353,1769515200000,3834535.2
26354,1769518800000,3850561.0
26355,1769522400000,3838135.4
26356,1769526000000,3807745.0
26357,1769529600000,3814356.0
26358,1769533200000,3791074.1
26359,1769536800000,3781177.2
26360,1769540400000,3762859.4
26361,1769544000000,3748695.0
26362,1769547600000,3733472.2
26363,1769551200000,3744548.8
26364,1769554800000,3730514.3
26365,1769558400000,3729158.0
26366,1769562000000,3693607.6
26367,1769565600000,3689290.2
26368,1769569200000,3705734.4
26369,1769572800000,3704534.4
26370,1769576400000,3710413.5
26371,1769580000000,3712270.0
26372,1769583600000,3738338.6
26373,1769587200000,3729737.2
26374,1769590800000,3725217.0
26375,1769594400000,3713659.4
26376,1769598000000,3723568.9
26377,1769601600000,3709167.2
26378,1769605200000,3710377.7
26379,1769608800000,3707930.2
26380,1769612400000,3700662.6
26381,1769616000000,3709522.6
26382,1769619600000,3705910.4
26383,1769623200000,3702397.5
26384,1769626800000,3704418.9
26385,1769630400000,3695686.5
26386,1769634000000,3693913.8
26387,1769637600000,3696830.9
26388,1769641200000,3706095.2
26389,1769644800000,3709090.8
26390,1769648400000,3712721.4
26391,1769652000000,3713400.2
26392,1769655600000,3684526.5
26393,1769659200000,3679375.2
26394,1769662800000,3674163.8
26395,1769666400000,3672825.6
26396,1769670000000,3672558.4
26397,1769673600000,3683385.4
26398,1769677200000,3677091.2
26399,1769680800000,3684163.4
26400,1769684400000,3683103.2
26401,1769688000000,3671389.7
26402,1769691600000,3661218.2
26403,1769695200000,3657405.2
26404,1769698800000,3767867.7
26405,1769702400000,3882671.9
26406,1769706000000,3906727.0
26407,1769709600000,3891154.1
26408,1769713200000,3896651.2
26409,1769716800000,3913158.7
26410,1769720400000,3943552.5
26411,1769724000000,3949878.4
26412,1769727600000,3944647.6
26413,1769731200000,3948922.4
26414,1769734800000,3997382.5
26415,1769738400000,3929272.6
26416,1769742000000,3938440.2
26417,1769745600000,3943624.4
26418,1769749200000,3992211.0
26419,1769752800000,4005950.0
26420,1769756400000,4017126.0
26421,1769760000000,4037757.2
26422,1769763600000,4030810.0
26423,1769767200000,4048234.6
26424,1769770800000,4047258.4
26425,1769774400000,4058101.9
26426,1769778000000,4039498.0
26427,1769781600000,4043438.5
26428,1769785200000,4037905.8
26429,1769788800000,4050636.3
26430,1769792400000,4046203.8
26431,1769796000000,4074137.0
26432,1769799600000,4059082.0
26433,1769803200000,4075166.2
26434,1769806800000,4081191.5
26435,1769810400000,4075446.8
26436,1769814000000,4066010.2
26437,1769817600000,4095191.4
26438,1769821200000,4090301.8
26439,1769824800000,4091093.4
26440,1769828400000,4095311.6
26441,1769832000000,4089988.0
26442,1769835600000,4085448.4
26443,1769839200000,4070352.7
26444,1769842800000,4063060.0
26445,1769846400000,4053867.7
26446,1769850000000,4038745.4
26447,1769853600000,4032786.0
26448,1769857200000,4040360.2
26449,1769860800000,4035340.4
26450,1769864400000,4041169.8
26451,1769868000000,4042521.8
26452,1769871600000,4043886.8
26453,1769875200000,4029560.2
26454,1769878800000,4023477.0
26455,1769882400000,4080926.0
26456,1769886000000,4029896.5
26457,1769889600000,3962418.0
26458,1769893200000,3948655.8
26459,1769896800000,3965097.2
26460,1769900400000,3952105.2
26461,1769904000000,3955137.0
26462,1769907600000,4004135.3
26463,1769911200000,3984542.8
26464,1769914800000,3996892.6
26465,1769918400000,4001294.0
26466,1769922000000,4010383.4
26467,1769925600000,3985807.0
26468,1769929200000,4022542.0
26469,1769932800000,4018300.8
26470,1769936400000,4023137.1
26471,1769940000000,4011005.6
26472,1769943600000,3989156.3
26473,1769947200000,3979547.8
26474,1769950800000,4025842.8
26475,1769954400000,3999943.2
26476,1769958000000,3985397.6
26477,1769961600000,4001613.0
26478,1769965200000,3989671.8
26479,1769968800000,3998373.2
26480,1769972400000,3989528.4
26481,1769976000000,3996161.4
26482,1769979600000,4001753.2
26483,1769983200000,4011762.6
26484,1769986800000,4024020.2
26485,1769990400000,4065005.4
26486,1769994000000,4054079.3
26487,1769997600000,4010498.4
26488,1770001200000,3996033.5
26489,1770004800000,3989849.1
26490,1770008400000,3972269.6
26491,1770012000000,3965744.3
26492,1770015600000,4018866.7
26493,1770019200000,4039363.8
26494,1770022800000,4034835.4
26495,1770026400000,4086912.8
26496,1770030000000,4116865.4
26497,1770033600000,4192097.8
26498,1770037200000,4176329.6
26499,1770040800000,4171526.9
26500,1770044400000,4164132.7
26501,1770048000000,4190101.8
26502,1770051600000,4179552.1
26503,1770055200000,4170104.0
26504,1770058800000,4165544.0
26505,1770062400000,4166765.5
26506,1770066000000,4153787.9
26507,1770069600000,4178553.6
26508,1770073200000,4160178.0
26509,1770076800000,4155709.6
26510,1770080400000,4141040.2
26511,1770084000000,4146839.4
26512,1770087600000,4122511.9
26513,1770091200000,4124517.2
26514,1770094800000,4124734.2
26515,1770098400000,4140571.2
26516,1770102000000,4148300.1
26517,1770105600000,4154155.4
26518,1770109200000,4210056.7
26519,1770112800000,4181719.6
26520,1770116400000,4177026.8
26521,1770120000000,4173292.6
26522,1770123600000,4183225.1
26523,1770127200000,4199963.8
26524,1770130800000,4211038.8
26525,1770134400000,4167688.0
26526,1770138000000,4199895.3
26527,1770141600000,4190283.0
26528,1770145200000,4221408.2
26529,1770148800000,4209889.9
26530,1770152400000,4220081.9
26531,1770156000000,4204507.4
26532,1770159600000,4200502.59999999
26533,1770163200000,4189720.7
26534,1770166800000,4198519.59999999
26535,1770170400000,4191617.6
26536,1770174000000,4199132.9
26537,1770177600000,4205329.8
26538,1770181200000,4208868.2
26539,1770184800000,4199020.59999999
26540,1770188400000,4190467.6
26541,1770192000000,4226424.09999999
26542,1770195600000,4234072.4
26543,1770199200000,4227456.2
26544,1770202800000,4211697.2
26545,1770206400000,4176447.2
26546,1770210000000,4163727.6
26547,1770213600000,4144059.4
26548,1770217200000,4105734.3
26549,1770220800000,4100694.8
26550,1770224400000,4117405.3
26551,1770228000000,4108994.8
26552,1770231600000,4140523.7
26553,1770235200000,4102183.2
26554,1770238800000,4085133.2
26555,1770242400000,4069954.2
26556,1770246000000,4175386.6
26557,1770249600000,4200206.09999999
26558,1770253200000,4168904.1
26559,1770256800000,4155670.5
26560,1770260400000,4152997.7
26561,1770264000000,4150582.6
26562,1770267600000,4162558.4
26563,1770271200000,4196544.4
26564,1770274800000,4200069.5
26565,1770278400000,4199477.59999999
26566,1770282000000,4191279.4
26567,1770285600000,4205568.8
26568,1770289200000,4191900.0
26569,1770292800000,4224495.2
26570,1770296400000,4274500.7
26571,1770300000000,4286451.2
26572,1770303600000,4268998.09999999
26573,1770307200000,4280095.3
26574,1770310800000,4312399.59999999
26575,1770314400000,4318424.2
26576,1770318000000,4346422.0
26577,1770321600000,4463228.8
26578,1770325200000,4535040.3
26579,1770328800000,4540836.2
26580,1770332400000,4496472.3
26581,1770336000000,4458874.0
26582,1770339600000,4460626.59999999
26583,1770343200000,4433960.3
26584,1770346800000,4413150.8
26585,1770350400000,4460576.4
26586,1770354000000,4486458.09999999
26587,1770357600000,4493366.3
26588,1770361200000,4462678.7
26589,1770364800000,4460951.59999999
26590,1770368400000,4436775.2
26591,1770372000000,4424452.4
26592,1770375600000,4445565.8
26593,1770379200000,4419311.4
26594,1770382800000,4420142.8
26595,1770386400000,4398251.8
26596,1770390000000,4384745.0
26597,1770393600000,4348091.0
26598,1770397200000,4325158.9
26599,1770400800000,4332445.59999999
26600,1770404400000,4321294.0
26601,1770408000000,4340158.4
26602,1770411600000,4365300.4
26603,1770415200000,4359222.59999999
26604,1770418800000,4364102.2
26605,1770422400000,4343670.3
26606,1770426000000,4342092.59999999
26607,1770429600000,4348206.2
26608,1770433200000,4342388.9
26609,1770436800000,4361699.0
26610,1770440400000,4363490.09999999
26611,1770444000000,4364533.4
26612,1770447600000,4391377.09999999
26613,1770451200000,4287724.2
26614,1770454800000,4302410.2
26615,1770458400000,4290819.59999999
26616,1770462000000,4257080.2
26617,1770465600000,4256197.4
26618,1770469200000,4259248.4
26619,1770472800000,4269964.4
26620,1770476400000,4255696.4
26621,1770480000000,4271746.59999999
26622,1770483600000,4270719.4
26623,1770487200000,4262114.8
26624,1770490800000,4267386.59999999
26625,1770494400000,4255552.59999999
26626,1770498000000,4262320.59999999
26627,1770501600000,4253074.59999999
26628,1770505200000,4265487.0
26629,1770508800000,4254466.8
26630,1770512400000,4241459.4
26631,1770516000000,4242838.2
26632,1770519600000,4240171.0
26633,1770523200000,4228088.8
26634,1770526800000,4214517.8
26635,1770530400000,4224616.4
26636,1770534000000,4215044.8
26637,1770537600000,4217437.8
26638,1770541200000,4205811.4
26639,1770544800000,4196681.2
26640,1770548400000,4189462.5
26641,1770552000000,4199058.09999999
26642,1770555600000,4214144.5
26643,1770559200000,4221153.2
26644,1770562800000,4235923.0
26645,1770566400000,4236910.8
26646,1770570000000,4261299.8
26647,1770573600000,4266382.4
26648,1770577200000,4270980.4
26649,1770580800000,4258215.59999999
26650,1770584400000,4248311.2
26651,1770588000000,4264953.4
26652,1770591600000,4248051.0
26653,1770595200000,4237852.2
26654,1770598800000,4244688.9
26655,1770602400000,4250265.8
26656,1770606000000,4240141.59999999
26657,1770609600000,4236794.4
26658,1770613200000,4223663.2
26659,1770616800000,4229689.2
26660,1770620400000,4222129.2
26661,1770624000000,4238037.4
26662,1770627600000,4277413.0
26663,1770631200000,4278927.8
26664,1770634800000,4267073.59999999
26665,1770638400000,4277554.4
26666,1770642000000,4296468.0
26667,1770645600000,4293971.0
26668,1770649200000,4298541.2
26669,1770652800000,4299287.2
26670,1770656400000,4297529.4
26671,1770660000000,4304356.8
26672,1770663600000,4294376.59999999
26673,1770667200000,4298363.4
26674,1770670800000,4311013.9
26675,1770674400000,4288177.2
26676,1770678000000,4297289.0
26677,1770681600000,4301162.8
26678,1770685200000,4299975.09999999
26679,1770688800000,4305130.2
26680,1770692400000,4313844.59999999
26681,1770696000000,4320305.59999999
26682,1770699600000,4331038.59999999
26683,1770703200000,4337034.2
26684,1770706800000,4366874.8
26685,1770710400000,4356392.2
26686,1770714000000,4367411.2
26687,1770717600000,4373139.8
26688,1770721200000,4377697.59999999
26689,1770724800000,4364946.8
26690,1770728400000,4370982.0
26691,1770732000000,4371719.7
26692,1770735600000,4386883.7
26693,1770739200000,4409535.4
26694,1770742800000,4418631.8
26695,1770746400000,4415791.0
26696,1770750000000,4390288.59999999
26697,1770753600000,4404211.0
26698,1770757200000,4416601.7
26699,1770760800000,4408367.4
26700,1770764400000,4400234.0
26701,1770768000000,4394556.2
26702,1770771600000,4396888.8
26703,1770775200000,4398285.59999999
26704,1770778800000,4417967.3
26705,1770782400000,4751029.8
26706,1770786000000,4743229.0
26707,1770789600000,4756373.4
26708,1770793200000,4726335.8
26709,1770796800000,4734603.2
26710,1770800400000,4755260.0
26711,1770804000000,4752603.2
26712,1770807600000,4783011.0
26713,1770811200000,4789519.2
26714,1770814800000,4783895.4
26715,1770818400000,4761015.8
26716,1770822000000,4866678.59999999
26717,1770825600000,4804782.09999999
26718,1770829200000,4774181.3
26719,1770832800000,4801853.7
26720,1770836400000,4775277.59999999
26721,1770840000000,4779234.59999999
26722,1770843600000,4774727.8
26723,1770847200000,4783896.5
26724,1770850800000,4766971.3
26725,1770854400000,4760626.4
26726,1770858000000,4783972.2
26727,1770861600000,4779568.2
26728,1770865200000,4783033.4
26729,1770868800000,4809586.8
26730,1770872400000,4817625.59999999
26731,1770876000000,4823715.4
26732,1770879600000,4828022.0
26733,1770883200000,4830757.0
26734,1770886800000,4844349.8
26735,1770890400000,4850280.0
26736,1770894000000,4858323.2
26737,1770897600000,4847665.59999999
26738,1770901200000,4857741.09999999
26739,1770904800000,4838675.2
26740,1770908400000,4861339.0
26741,1770912000000,4837107.0
26742,1770915600000,4801820.4
26743,1770919200000,4804005.2
26744,1770922800000,4808508.0
26745,1770926400000,4822098.4
26746,1770930000000,4816528.4
26747,1770933600000,4826529.09999999
26748,1770937200000,4845357.59999999
26749,1770940800000,4836243.9
26750,1770944400000,4823927.09999999
26751,1770948000000,4802664.4
26752,1770951600000,4798295.3
26753,1770955200000,4799630.4
26754,1770958800000,4810914.09999999
26755,1770962400000,4793870.0
26756,1770966000000,4790407.3
26757,1770969600000,4810529.59999999
26758,1770973200000,4835566.59999999
26759,1770976800000,4876133.0
26760,1770980400000,4881424.2
26761,1770984000000,4875417.8
26762,1770987600000,4863038.59999999
26763,1770991200000,4834970.0
26764,1770994800000,4817163.5
26765,1770998400000,4903279.9
26766,1771002000000,4912047.4
26767,1771005600000,4917241.8
26768,1771009200000,4917124.8
26769,1771012800000,4902378.0
26770,1771016400000,4910757.7
26771,1771020000000,4888528.4
26772,1771023600000,4885260.59999999
26773,1771027200000,4861453.4
26774,1771030800000,4854241.0
26775,1771034400000,4837464.4
26776,1771038000000,4841002.2
26777,1771041600000,4835696.0
26778,1771045200000,4838257.4
26779,1771048800000,4838047.4
26780,1771052400000,4833977.0
26781,1771056000000,4833662.8
26782,1771059600000,4875733.8
26783,1771063200000,4876855.8
26784,1771066800000,4880416.0
26785,1771070400000,4882513.9
26786,1771074000000,4887708.3
26787,1771077600000,4901310.59999999
26788,1771081200000,4927854.5
26789,1771084800000,4937390.8
26790,1771088400000,4957100.2
26791,1771092000000,4968088.59999999
26792,1771095600000,4972940.09999999
26793,1771099200000,5001870.2
26794,1771102800000,4954484.8
26795,1771106400000,4967829.59999999
26796,1771110000000,4935829.0
26797,1771113600000,4932986.4
26798,1771117200000,4914009.4
26799,1771120800000,4919051.2
26800,1771124400000,4906564.0
26801,1771128000000,4880883.59999999
26802,1771131600000,4913329.59999999
26803,1771135200000,4916068.8
26804,1771138800000,4919645.09999999
26805,1771142400000,4906938.7
26806,1771146000000,4923693.0
26807,1771149600000,4921648.8
26808,1771153200000,4919231.59999999
26809,1771156800000,4923816.0
26810,1771160400000,4856449.0
26811,1771164000000,4856735.4
26812,1771167600000,4864057.0
26813,1771171200000,4861920.59999999
26814,1771174800000,4884607.8
26815,1771178400000,4875637.8
26816,1771182000000,4869126.59999999
26817,1771185600000,4880647.5
26818,1771189200000,4875872.09999999
26819,1771192800000,4875903.2
26820,1771196400000,4888706.4
26821,1771200000000,4897610.59999999
26822,1771203600000,4930016.59999999
26823,1771207200000,4912878.8
26824,1771210800000,4915752.0
26825,1771214400000,4926458.2
26826,1771218000000,4916261.59999999
26827,1771221600000,4918511.0
26828,1771225200000,4919480.8
26829,1771228800000,4909418.4
26830,1771232400000,4937337.8
26831,1771236000000,4927017.8
26832,1771239600000,4969787.8
26833,1771243200000,4945634.0
26834,1771246800000,4949861.3
26835,1771250400000,4914986.59999999
26836,1771254000000,4926231.4
26837,1771257600000,4937453.09999999
26838,1771261200000,4945397.59999999
26839,1771264800000,4960454.9
26840,1771268400000,4978597.4
26841,1771272000000,4958996.4
26842,1771275600000,4963511.59999999
26843,1771279200000,4957744.4
26844,1771282800000,4945541.0
26845,1771286400000,4939818.4
26846,1771290000000,4957545.0
26847,1771293600000,4912117.09999999
26848,1771297200000,4907511.5
26849,1771300800000,4906150.59999999
26850,1771304400000,4902368.4
26851,1771308000000,4894400.2
26852,1771311600000,4898657.4
26853,1771315200000,4909878.0
26854,1771318800000,4917598.2
26855,1771322400000,4930819.4
26856,1771326000000,4936181.0
26857,1771329600000,4946382.4
26858,1771333200000,4959859.59999999
26859,1771336800000,4957781.59999999
26860,1771340400000,4979397.8
26861,1771344000000,4842393.7
26862,1771347600000,4765090.4
26863,1771351200000,4685653.3
26864,1771354800000,4680938.5
26865,1771358400000,4685982.59999999
26866,1771362000000,4680770.4
26867,1771365600000,4678267.09999999
26868,1771369200000,4678489.4
26869,1771372800000,4684146.7
26870,1771376400000,4666525.59999999
26871,1771380000000,4672115.59999999
26872,1771383600000,4662970.8
26873,1771387200000,4654823.8
26874,1771390800000,4611440.0
26875,1771394400000,4608014.59999999
26876,1771398000000,4610309.2
26877,1771401600000,4590977.8
26878,1771405200000,4583120.8
26879,1771408800000,4574683.8
26880,1771412400000,4581811.2
26881,1771416000000,4575047.59999999
26882,1771419600000,4604393.8
26883,1771423200000,4607624.8
26884,1771426800000,4639022.59999999
26885,1771430400000,4619282.8
26886,1771434000000,4603866.4
26887,1771437600000,4635481.2
26888,1771441200000,4614606.2
26889,1771444800000,4611870.2
26890,1771448400000,4637453.2
26891,1771452000000,4621380.5
26892,1771455600000,4618562.8
26893,1771459200000,4626405.0
26894,1771462800000,4690480.0
26895,1771466400000,4695298.8
26896,1771470000000,4698270.09999999
26897,1771473600000,4694928.4
26898,1771477200000,4690002.4
26899,1771480800000,4696864.2
26900,1771484400000,4689314.8
26901,1771488000000,4706255.9
26902,1771491600000,4711935.59999999
26903,1771495200000,4750649.3
26904,1771498800000,4745774.7
26905,1771502400000,4735755.4
26906,1771506000000,4734859.8
26907,1771509600000,4669167.9
26908,1771513200000,4674886.59999999
26909,1771516800000,4693206.8
26910,1771520400000,4990953.59999999
26911,1771524000000,4944054.3
26912,1771527600000,4937282.2
26913,1771531200000,4922308.59999999
26914,1771534800000,4920413.2
26915,1771538400000,4916328.4
26916,1771542000000,4901652.0
26917,1771545600000,4903910.8
26918,1771549200000,4891356.7
26919,1771552800000,4910770.2
26920,1771556400000,4917783.0
26921,1771560000000,4923246.4
26922,1771563600000,4917657.7
26923,1771567200000,4899062.9
26924,1771570800000,4922188.59999999
26925,1771574400000,4977472.7
26926,1771578000000,5003633.8
26927,1771581600000,5028321.2
26928,1771585200000,5014149.0
26929,1771588800000,4962494.2
26930,1771592400000,4954424.0
26931,1771596000000,4943829.0
26932,1771599600000,4937090.4
26933,1771603200000,4929583.0
26934,1771606800000,4949964.2
26935,1771610400000,4943752.4
26936,1771614000000,4936663.59999999
26937,1771617600000,4946813.2
26938,1771621200000,4945714.4
26939,1771624800000,4962301.8
26940,1771628400000,4980259.5
26941,1771632000000,4996137.5
26942,1771635600000,4966228.0
26943,1771639200000,4952810.2
26944,1771642800000,4945728.59999999
26945,1771646400000,4940233.8
26946,1771650000000,4931992.0
26947,1771653600000,4933041.2
26948,1771657200000,4924128.59999999
26949,1771660800000,4906610.8
26950,1771664400000,4909584.59999999
26951,1771668000000,4922768.59999999
26952,1771671600000,4939865.0
26953,1771675200000,4947612.2
26954,1771678800000,4942359.4
26955,1771682400000,4944009.8
26956,1771686000000,4959813.59999999
26957,1771689600000,4995909.2
26958,1771693200000,4991339.8
26959,1771696800000,4994741.0
26960,1771700400000,5011570.0
26961,1771704000000,5011875.4
26962,1771707600000,4900656.4
26963,1771711200000,4830520.4
26964,1771714800000,4818081.7
26965,1771718400000,5176720.2
26966,1771722000000,5123810.2
26967,1771725600000,4902723.8
26968,1771729200000,4866362.8
26969,1771732800000,4808919.59999999
26970,1771736400000,4789748.0
26971,1771740000000,4775854.2
26972,1771743600000,4738753.2
26973,1771747200000,4734180.0
26974,1771750800000,4742472.8
26975,1771754400000,4734515.8
26976,1771758000000,4727799.59999999
26977,1771761600000,4740644.4
26978,1771765200000,4753420.0
26979,1771768800000,4721835.59999999
26980,1771772400000,4716489.4
26981,1771776000000,4734078.0
26982,1771779600000,4740970.2
26983,1771783200000,4766241.09999999
26984,1771786800000,4754912.0
26985,1771790400000,4738482.59999999
26986,1771794000000,4733199.2
26987,1771797600000,4718221.8
26988,1771801200000,4693763.0
26989,1771804800000,4690704.4
26990,1771808400000,4701888.09999999
26991,1771812000000,4685917.3
26992,1771815600000,4678353.8
26993,1771819200000,4771238.8
26994,1771822800000,4764266.59999999
26995,1771826400000,4764636.3
26996,1771830000000,4715539.0
26997,1771833600000,4699756.59999999
26998,1771837200000,4665701.4
26999,1771840800000,4581758.59999999
27000,1771844400000,4602903.0
27001,1771848000000,4624081.2
27002,1771851600000,4643005.2
27003,1771855200000,4635374.8
27004,1771858800000,4635532.4
27005,1771862400000,4627530.9
27006,1771866000000,4640183.4
27007,1771869600000,4593856.2
27008,1771873200000,4614131.8
27009,1771876800000,4629834.8
27010,1771880400000,4696735.9
27011,1771884000000,4713744.2
27012,1771887600000,4719893.59999999
27013,1771891200000,4710215.0
27014,1771894800000,4699755.0
27015,1771898400000,4647216.9
27016,1771902000000,4636582.0
27017,1771905600000,4640069.2
27018,1771909200000,4643688.8
27019,1771912800000,4638965.8
27020,1771916400000,4641166.59999999
27021,1771920000000,4656137.8
27022,1771923600000,4673435.59999999
27023,1771927200000,4658276.59999999
27024,1771930800000,4664081.8
27025,1771934400000,4711285.2
27026,1771938000000,4705837.8
27027,1771941600000,4694810.8
27028,1771945200000,4662592.2
27029,1771948800000,4707244.09999999
27030,1771952400000,4703097.5
27031,1771956000000,4697440.8
27032,1771959600000,4688885.7
27033,1771963200000,4700363.0
27034,1771966800000,4692866.4
27035,1771970400000,4694151.2
27036,1771974000000,4686422.0
27037,1771977600000,4695344.0
27038,1771981200000,4735072.59999999
27039,1771984800000,4633039.7
27040,1771988400000,4588034.5
27041,1771992000000,4589944.2
27042,1771995600000,4597894.0
27043,1771999200000,4592076.09999999
27044,1772002800000,4596975.59999999
27045,1772006400000,4607758.0
27046,1772010000000,4618009.4
27047,1772013600000,4632666.2
27048,1772017200000,4634891.4
27049,1772020800000,4676982.3
27050,1772024400000,5220266.5
27051,1772028000000,5385601.8
27052,1772031600000,5435018.8
27053,1772035200000,5478457.7
27054,1772038800000,5557396.8
27055,1772042400000,5246348.8
27056,1772046000000,5133546.2
27057,1772049600000,5159658.7
27058,1772053200000,5175533.9
27059,1772056800000,5106029.7
27060,1772060400000,5011069.9
27061,1772064000000,5075805.3
27062,1772067600000,5068130.9
27063,1772071200000,5085814.8
27064,1772074800000,5096193.3
27065,1772078400000,5106189.4
27066,1772082000000,5080576.0
27067,1772085600000,5147882.8
27068,1772089200000,5271974.09999999
27069,1772092800000,5248156.2
27070,1772096400000,5268248.4
27071,1772100000000,5337535.8
27072,1772103600000,5310529.8
27073,1772107200000,5372974.2
27074,1772110800000,5337251.3
27075,1772114400000,5347316.0
27076,1772118000000,5283609.0
27077,1772121600000,5210768.0
27078,1772125200000,5195475.5
27079,1772128800000,5234700.0
27080,1772132400000,5214655.8
27081,1772136000000,5201455.8
27082,1772139600000,5227454.59999999
27083,1772143200000,5198630.2
27084,1772146800000,5173660.3
27085,1772150400000,5179132.59999999
27086,1772154000000,5158190.3
27087,1772157600000,5158115.59999999
27088,1772161200000,5307084.4
27089,1772164800000,5313436.59999999
27090,1772168400000,5348887.0
27091,1772172000000,5341175.2
27092,1772175600000,5348602.0
27093,1772179200000,5343771.4
27094,1772182800000,5306415.9
27095,1772186400000,5306759.8
27096,1772190000000,5326608.4
27097,1772193600000,5379279.8
27098,1772197200000,5372477.09999999
27099,1772200800000,5334766.4
27100,1772204400000,5310868.3
27101,1772208000000,5245899.2
27102,1772211600000,5250593.2
27103,1772215200000,5234537.59999999
27104,1772218800000,5251492.4
27105,1772222400000,5215568.8
27106,1772226000000,5243114.59999999
27107,1772229600000,5232483.0
27108,1772233200000,5212677.2
27109,1772236800000,5201371.9
27110,1772240400000,5181347.2
27111,1772244000000,5166749.8
27112,1772247600000,5159836.0
27113,1772251200000,5176930.09999999
27114,1772254800000,5172669.59999999
27115,1772258400000,5181733.0
27116,1772262000000,5154869.7
27117,1772265600000,5074055.7
27118,1772269200000,5084366.0
27119,1772272800000,5101979.4
27120,1772276400000,5084277.2
27121,1772280000000,5069352.2
27122,1772283600000,5074909.0
27123,1772287200000,5018374.2
27124,1772290800000,4990975.0
27125,1772294400000,4978908.59999999
27126,1772298000000,4982512.2
27127,1772301600000,4984697.59999999
27128,1772305200000,4957144.09999999
27129,1772308800000,4916791.9
27130,1772312400000,5326723.2
27131,1772316000000,5292349.7
27132,1772319600000,5263224.4
27133,1772323200000,5326297.4
27134,1772326800000,5346414.4
27135,1772330400000,5358884.9
27136,1772334000000,5294555.9
27137,1772337600000,5309486.0
27138,1772341200000,5348637.2
27139,1772344800000,5354288.4
27140,1772348400000,5379982.59999999
27141,1772352000000,5378802.8
27142,1772355600000,5359315.4
27143,1772359200000,5394130.2
27144,1772362800000,5398890.8
27145,1772366400000,5399759.59999999
27146,1772370000000,5369562.7
27147,1772373600000,5386842.2
27148,1772377200000,5380064.0
27149,1772380800000,5388569.59999999
27150,1772384400000,5364100.5
27151,1772388000000,5356731.5
27152,1772391600000,5340506.8
27153,1772395200000,5312294.8
27154,1772398800000,5276730.2
27155,1772402400000,5270087.3
27156,1772406000000,5266828.4
27157,1772409600000,5265804.59999999
27158,1772413200000,5268808.8
27159,1772416800000,5282343.5
27160,1772420400000,5367150.09999999
27161,1772424000000,5362189.09999999
27162,1772427600000,5359894.9
27163,1772431200000,5353228.3
27164,1772434800000,5325249.0
27165,1772438400000,5319285.4
27166,1772442000000,5311557.59999999
27167,1772445600000,5297890.59999999
27168,1772449200000,5311645.9
27169,1772452800000,5308892.2
27170,1772456400000,5316897.8
27171,1772460000000,5252555.8
27172,1772463600000,5193814.9
27173,1772467200000,5237783.59999999
27174,1772470800000,5323054.2
27175,1772474400000,5315604.2
27176,1772478000000,5320979.4
27177,1772481600000,5346955.2
27178,1772485200000,5350962.2
27179,1772488800000,5334674.59999999
27180,1772492400000,5330586.8
27181,1772496000000,5341609.0
27182,1772499600000,5322084.0
27183,1772503200000,5282640.2
27184,1772506800000,5230404.8
27185,1772510400000,5232792.4
27186,1772514000000,5222352.2
27187,1772517600000,5230873.09999999
27188,1772521200000,5237650.3
27189,1772524800000,5241748.8
27190,1772528400000,5228859.59999999
27191,1772532000000,5197048.5
27192,1772535600000,5213907.7
27193,1772539200000,5230480.59999999
27194,1772542800000,5228468.4
27195,1772546400000,5235610.4
27196,1772550000000,5234184.8
27197,1772553600000,5229898.2
27198,1772557200000,5241315.8
27199,1772560800000,5220552.59999999
27200,1772564400000,5240323.8
27201,1772568000000,5227375.2
27202,1772571600000,5234220.8
27203,1772575200000,5233019.2
27204,1772578800000,5215322.2
27205,1772582400000,5221274.2
27206,1772586000000,5214496.2
27207,1772589600000,5234801.09999999
27208,1772593200000,5235394.4
27209,1772596800000,5215767.3
27210,1772600400000,5121131.9
27211,1772604000000,5113264.4
27212,1772607600000,5084288.4
27213,1772611200000,5073168.0
27214,1772614800000,5114501.4
27215,1772618400000,5117918.4
27216,1772622000000,5152082.59999999
27217,1772625600000,5154198.4
27218,1772629200000,5178286.2
27219,1772632800000,5196508.8
27220,1772636400000,5205977.09999999
27221,1772640000000,5198917.5
27222,1772643600000,5267530.7
27223,1772647200000,5263988.09999999
27224,1772650800000,5263968.4
27225,1772654400000,5355561.4
27226,1772658000000,5352494.3
27227,1772661600000,5331468.09999999
27228,1772665200000,5306013.59999999
27229,1772668800000,5307942.4
27230,1772672400000,5309025.0
27231,1772676000000,5297234.4
27232,1772679600000,5260538.0
27233,1772683200000,5258628.4
27234,1772686800000,5260379.2
27235,1772690400000,5247588.8
27236,1772694000000,5242393.2
27237,1772697600000,5231579.8
27238,1772701200000,5218527.2
27239,1772704800000,5251826.4
27240,1772708400000,5245740.09999999
27241,1772712000000,5254798.3
27242,1772715600000,5257208.59999999
27243,1772719200000,5263501.4
27244,1772722800000,5277219.4
27245,1772726400000,5243254.09999999
27246,1772730000000,5270682.2
27247,1772733600000,5262755.8
27248,1772737200000,5268876.2
27249,1772740800000,5252723.59999999
27250,1772744400000,5265737.5
27251,1772748000000,5274435.59999999
27252,1772751600000,5253567.0
27253,1772755200000,5266286.5
27254,1772758800000,5257908.3
27255,1772762400000,5322709.3
27256,1772766000000,5324318.0
27257,1772769600000,5313648.59999999
27258,1772773200000,5289060.2
27259,1772776800000,5291020.7
27260,1772780400000,5281918.0
27261,1772784000000,5287467.0
27262,1772787600000,5284582.4
27263,1772791200000,5270015.8
27264,1772794800000,5281368.59999999
27265,1772798400000,5283228.8
27266,1772802000000,5234846.8
27267,1772805600000,5172219.0
27268,1772809200000,5119893.0
27269,1772812800000,5136788.2
27270,1772816400000,5163378.9
27271,1772820000000,5165761.8
27272,1772823600000,5201259.59999999
27273,1772827200000,5214265.4
27274,1772830800000,5231888.0
27275,1772834400000,5237287.0
27276,1772838000000,5188290.2
27277,1772841600000,5188663.8
27278,1772845200000,5182219.2
27279,1772848800000,5175217.8
27280,1772852400000,5164793.8
27281,1772856000000,5159188.2
27282,1772859600000,5150804.8
27283,1772863200000,5181819.4
27284,1772866800000,5173156.8
27285,1772870400000,5190382.59999999
27286,1772874000000,5199254.0
27287,1772877600000,5197582.8
27288,1772881200000,5199552.8
27289,1772884800000,5189103.8
27290,1772888400000,5192323.0
27291,1772892000000,5203252.59999999
27292,1772895600000,5208722.4
27293,1772899200000,5220690.09999999
27294,1772902800000,5226630.09999999
27295,1772906400000,5225852.4
27296,1772910000000,5312929.59999999
27297,1772913600000,5300757.2
27298,1772917200000,5300363.2
27299,1772920800000,5288760.4
27300,1772924400000,5257848.8
27301,1772928000000,5263176.2
27302,1772931600000,5252804.0
27303,1772935200000,5255386.8
27304,1772938800000,5243375.0
27305,1772942400000,5249354.4
27306,1772946000000,5247540.4
27307,1772949600000,5250558.8
27308,1772953200000,5259067.4
27309,1772956800000,5253161.3
27310,1772960400000,5248002.59999999
27311,1772964000000,5238598.4
27312,1772967600000,5234160.0
27313,1772971200000,5235094.59999999
27314,1772974800000,5243329.0
27315,1772978400000,5241028.4
27316,1772982000000,5254169.9
27317,1772985600000,5253634.8
27318,1772989200000,5251063.0
27319,1772992800000,5253639.9
27320,1772996400000,5254365.0
27321,1773000000000,5240735.0
27322,1773003600000,5231313.4
27323,1773007200000,5255425.8
27324,1773010800000,5242547.09999999
27325,1773014400000,5238737.7
27326,1773018000000,5209992.0
27327,1773021600000,5209876.3
27328,1773025200000,5206304.0
27329,1773028800000,5198140.8
27330,1773032400000,5214053.8
27331,1773036000000,5211471.59999999
27332,1773039600000,5273423.4
27333,1773043200000,5265881.8
27334,1773046800000,5274931.2
27335,1773050400000,5285168.59999999
27336,1773054000000,5286153.5
27337,1773057600000,5295519.0
27338,1773061200000,5289642.09999999
27339,1773064800000,5263324.3
27340,1773068400000,5304100.0
27341,1773072000000,5304121.4
27342,1773075600000,5302121.09999999
27343,1773079200000,5310572.59999999
27344,1773082800000,5304651.0
27345,1773086400000,5340260.5
27346,1773090000000,5367020.59999999
27347,1773093600000,5358744.7
27348,1773097200000,5349631.4
27349,1773100800000,5339766.8
27350,1773104400000,5326599.0
27351,1773108000000,5336705.7
27352,1773111600000,5341331.4
27353,1773115200000,5331386.59999999
27354,1773118800000,5324384.5
27355,1773122400000,5324836.2
27356,1773126000000,5296323.59999999
27357,1773129600000,5288481.2
27358,1773133200000,5281239.0
27359,1773136800000,5327640.09999999
27360,1773140400000,5347729.8
27361,1773144000000,5509954.8
27362,1773147600000,5494348.59999999
27363,1773151200000,5495691.8
27364,1773154800000,5427904.5
27365,1773158400000,5780033.3
27366,1773162000000,5907823.7
27367,1773165600000,5830334.4
27368,1773169200000,5809592.1
27369,1773172800000,5805990.8
27370,1773176400000,5810014.6
27371,1773180000000,5778593.4
27372,1773183600000,5690735.6
27373,1773187200000,5546193.0
27374,1773190800000,5543525.59999999
27375,1773194400000,5563445.9
27376,1773198000000,5536072.59999999
27377,1773201600000,5530469.0
27378,1773205200000,5521620.0
27379,1773208800000,5552902.8
27380,1773212400000,5577175.0
27381,1773216000000,5594730.2
27382,1773219600000,5624977.8
27383,1773223200000,5625325.8
27384,1773226800000,5603629.4
27385,1773230400000,5613249.8
27386,1773234000000,5552221.0
27387,1773237600000,5532119.9
27388,1773241200000,5511799.0
27389,1773244800000,5478419.0
27390,1773248400000,5479516.0
27391,1773252000000,5496878.8
27392,1773255600000,5528260.09999999
27393,1773259200000,5535787.9
27394,1773262800000,5507713.4
27395,1773266400000,5441186.4
27396,1773270000000,5409023.2
27397,1773273600000,5403307.8
27398,1773277200000,5393566.09999999
27399,1773280800000,5395949.2
27400,1773284400000,5313132.4
27401,1773288000000,5288075.2
27402,1773291600000,5297575.59999999
27403,1773295200000,5293909.8
27404,1773298800000,5294723.3
27405,1773302400000,5293821.2
27406,1773306000000,5313179.2
27407,1773309600000,5332745.0
27408,1773313200000,5345903.0
27409,1773316800000,5356102.3
27410,1773320400000,5371738.59999999
27411,1773324000000,5366738.09999999
27412,1773327600000,5341742.2
27413,1773331200000,5324415.7
27414,1773334800000,5355531.09999999
27415,1773338400000,5360215.4
27416,1773342000000,5363527.59999999
27417,1773345600000,5403868.5
27418,1773349200000,5388048.59999999
27419,1773352800000,5368123.59999999
27420,1773356400000,5377443.8
27421,1773360000000,5482843.4
27422,1773363600000,5499946.0
27423,1773367200000,5468228.0
27424,1773370800000,5463678.0
27425,1773374400000,5531692.8
27426,1773378000000,5534657.2
27427,1773381600000,5547166.8
27428,1773385200000,5523577.2
27429,1773388800000,5495973.4
27430,1773392400000,5520710.8
27431,1773396000000,5537550.0
27432,1773399600000,5554705.8
27433,1773403200000,5601031.59999999
27434,1773406800000,5545675.8
27435,1773410400000,5560566.8
27436,1773414000000,5382268.59999999
27437,1773417600000,5314125.8
27438,1773421200000,5271782.9
27439,1773424800000,5294619.09999999
27440,1773428400000,5295872.2
27441,1773432000000,5272911.09999999
27442,1773435600000,5236285.9
27443,1773439200000,5202344.4
27444,1773442800000,5162671.09999999
27445,1773446400000,5155825.59999999
27446,1773450000000,5148003.5
27447,1773453600000,5129448.4
27448,1773457200000,5125453.3
27449,1773460800000,5111118.4
27450,1773464400000,5142644.59999999
27451,1773468000000,5151647.59999999
27452,1773471600000,5102741.2
27453,1773475200000,5089834.2
27454,1773478800000,5102920.8
27455,1773482400000,5102676.5
27456,1773486000000,5164370.3
27457,1773489600000,5154901.8
27458,1773493200000,5148124.8
27459,1773496800000,5152172.2
27460,1773500400000,5151717.0
27461,1773504000000,5139550.2
27462,1773507600000,5141161.0
27463,1773511200000,5140046.4
27464,1773514800000,5138218.2
27465,1773518400000,5127348.4
27466,1773522000000,5126886.8
27467,1773525600000,5097903.4
27468,1773529200000,5105757.2
27469,1773532800000,5039632.4
27470,1773536400000,5026407.9
27471,1773540000000,5033021.3
27472,1773543600000,5031845.3
27473,1773547200000,5054297.2
27474,1773550800000,5044077.59999999
27475,1773554400000,5039071.3
27476,1773558000000,5060646.0
27477,1773561600000,5072843.4
27478,1773565200000,5055884.2
27479,1773568800000,5064293.3
27480,1773572400000,5087296.2
27481,1773576000000,5068378.2
27482,1773579600000,5092562.2
27483,1773583200000,5055397.4
27484,1773586800000,5066670.59999999
27485,1773590400000,5060099.59999999
27486,1773594000000,5078806.2
27487,1773597600000,5079056.8
27488,1773601200000,5040610.4
27489,1773604800000,5055209.4
27490,1773608400000,5073789.2
27491,1773612000000,5006130.2
27492,1773615600000,4986206.3
27493,1773619200000,4970437.3
27494,1773622800000,5004849.2
27495,1773626400000,5007365.09999999
27496,1773630000000,5003081.09999999
27497,1773633600000,4983930.0
27498,1773637200000,4975132.09999999
27499,1773640800000,4999061.7
27500,1773644400000,5038918.8
27501,1773648000000,4985676.2
27502,1773651600000,4987467.8
27503,1773655200000,4974897.59999999
27504,1773658800000,4972366.59999999
27505,1773662400000,4950787.09999999
27506,1773666000000,4941015.4
27507,1773669600000,4952717.09999999
27508,1773673200000,4943828.3
27509,1773676800000,4955643.5
27510,1773680400000,4942874.2
27511,1773684000000,4952014.0
27512,1773687600000,4944209.5
27513,1773691200000,4942246.8
27514,1773694800000,4932402.59999999
27515,1773698400000,4923449.0
27516,1773702000000,5186382.59999999
27517,1773705600000,5137140.0
27518,1773709200000,5119210.59999999
27519,1773712800000,5111538.8
27520,1773716400000,5116520.3
27521,1773720000000,5102823.0
27522,1773723600000,5103622.9
27523,1773727200000,5098548.7
27524,1773730800000,5094082.5
27525,1773734400000,5070675.4
27526,1773738000000,5082333.0
27527,1773741600000,5094759.4
27528,1773745200000,5099193.0
27529,1773748800000,5116959.59999999
27530,1773752400000,5129664.59999999
27531,1773756000000,5144448.8
27532,1773759600000,5156188.09999999
27533,1773763200000,5130332.4
27534,1773766800000,5130671.8
27535,1773770400000,5132290.2
27536,1773774000000,5136666.59999999
27537,1773777600000,5126773.4
27538,1773781200000,5126328.2
27539,1773784800000,5127249.2
27540,1773788400000,5116320.4
27541,1773792000000,5118725.8
27542,1773795600000,5135408.59999999
27543,1773799200000,5130649.8
27544,1773802800000,5111132.0
27545,1773806400000,5070192.4
27546,1773810000000,5074757.7
27547,1773813600000,5072682.8
27548,1773817200000,5023827.4
27549,1773820800000,5007888.8
27550,1773824400000,5007338.0
27551,1773828000000,4994152.0
27552,1773831600000,5017651.2
27553,1773835200000,4997318.0
27554,1773838800000,5061850.59999999
27555,1773842400000,5060497.0
27556,1773846000000,5139061.2
27557,1773849600000,5162103.09999999
27558,1773853200000,5183814.9
27559,1773856800000,5161113.5
27560,1773860400000,5181744.3
27561,1773864000000,5183485.8
27562,1773867600000,5181613.2
27563,1773871200000,5196932.09999999
27564,1773874800000,5189953.0
27565,1773878400000,5168419.4
27566,1773882000000,5169875.4
27567,1773885600000,5163208.7
27568,1773889200000,5166612.5
27569,1773892800000,5163806.0
27570,1773896400000,5174237.4
27571,1773900000000,5164882.59999999
27572,1773903600000,5166769.59999999
27573,1773907200000,5142534.0
27574,1773910800000,5153791.4
27575,1773914400000,5184319.3
27576,1773918000000,5192131.0
27577,1773921600000,5185030.0
27578,1773925200000,5213284.2
27579,1773928800000,5187040.2
27580,1773932400000,5186568.59999999
27581,1773936000000,5169564.2
27582,1773939600000,5184123.59999999
27583,1773943200000,5179366.4
27584,1773946800000,5174981.8
27585,1773950400000,5180977.0
27586,1773954000000,5171919.8
27587,1773957600000,5142614.0
27588,1773961200000,5141087.0
27589,1773964800000,5156691.8
27590,1773968400000,5117368.59999999
27591,1773972000000,5112246.8
27592,1773975600000,5106183.5
27593,1773979200000,5112866.3
27594,1773982800000,5122413.59999999
27595,1773986400000,5131070.7
27596,1773990000000,5146011.9
27597,1773993600000,5165184.0
27598,1773997200000,5169987.59999999
27599,1774000800000,5151923.2
27600,1774004400000,5154885.0
27601,1774008000000,5154965.8
27602,1774011600000,5153639.0
27603,1774015200000,5160760.5
27604,1774018800000,5161174.59999999
27605,1774022400000,5160145.8
27606,1774026000000,5141286.09999999
27607,1774029600000,5132437.59999999
27608,1774033200000,5145169.8
27609,1774036800000,5146349.8
27610,1774040400000,5153983.59999999
27611,1774044000000,5161134.4
27612,1774047600000,5169142.0
27613,1774051200000,5176891.9
27614,1774054800000,5151207.2
27615,1774058400000,5151072.0
27616,1774062000000,5146981.0
27617,1774065600000,5152695.2
27618,1774069200000,5159740.2
27619,1774072800000,5159289.0
27620,1774076400000,5156927.2
27621,1774080000000,5160321.3
27622,1774083600000,5145958.4
27623,1774087200000,5139026.2
27624,1774090800000,5153656.4
27625,1774094400000,5163867.59999999
27626,1774098000000,5175207.59999999
27627,1774101600000,5181731.0
27628,1774105200000,5163233.4
27629,1774108800000,5169670.2
27630,1774112400000,5191779.2
27631,1774116000000,5210241.8
27632,1774119600000,5205962.8
27633,1774123200000,5201302.8
27634,1774126800000,5198385.8
27635,1774130400000,5170492.2
27636,1774134000000,5232024.8
27637,1774137600000,5225623.4
27638,1774141200000,5242163.59999999
27639,1774144800000,5224399.2
27640,1774148400000,5218674.59999999
27641,1774152000000,5228753.59999999
27642,1774155600000,5225498.4
27643,1774159200000,5230724.2
27644,1774162800000,5240748.09999999
27645,1774166400000,5235604.2
27646,1774170000000,5274564.59999999
27647,1774173600000,5279023.59999999
27648,1774177200000,5260972.8
27649,1774180800000,5215642.0
27650,1774184400000,5240356.59999999
27651,1774188000000,5254218.2
27652,1774191600000,5255030.4
27653,1774195200000,5268725.2
27654,1774198800000,5259351.0
27655,1774202400000,5246838.0
27656,1774206000000,5250304.4
27657,1774209600000,5088073.8
27658,1774213200000,5057713.59999999
27659,1774216800000,5002727.59999999
27660,1774220400000,5079541.59999999
27661,1774224000000,5020400.8
27662,1774227600000,5000427.59999999
27663,1774231200000,5000360.8
27664,1774234800000,4996774.8
27665,1774238400000,5001485.4
27666,1774242000000,5000341.59999999
27667,1774245600000,5000058.59999999
27668,1774249200000,5004855.2
27669,1774252800000,4979255.59999999
27670,1774256400000,5005817.8
27671,1774260000000,5006419.0
27672,1774263600000,5035728.0
27673,1774267200000,5058674.0
27674,1774270800000,5041853.4
27675,1774274400000,5042278.59999999
27676,1774278000000,5058449.4
27677,1774281600000,5088297.8
27678,1774285200000,5057488.4
27679,1774288800000,5071853.4
27680,1774292400000,5047822.2
27681,1774296000000,5029938.59999999
27682,1774299600000,5022892.4
27683,1774303200000,5003679.2
27684,1774306800000,5013158.5
27685,1774310400000,5007797.5
27686,1774314000000,4971318.4
27687,1774317600000,4973483.8
27688,1774321200000,4977874.59999999
27689,1774324800000,4965490.0
27690,1774328400000,4971095.09999999
27691,1774332000000,4954233.7
27692,1774335600000,4957295.4
27693,1774339200000,4983134.2
27694,1774342800000,4958552.0
27695,1774346400000,5013632.8
27696,1774350000000,4996324.4
27697,1774353600000,4973282.59999999
27698,1774357200000,4973452.2
27699,1774360800000,4964564.4
27700,1774364400000,4944609.7
27701,1774368000000,4938817.7
27702,1774371600000,4931814.0
27703,1774375200000,4939516.2
27704,1774378800000,4925170.2
27705,1774382400000,4920746.2
27706,1774386000000,4933585.3
27707,1774389600000,4897869.8
27708,1774393200000,5304574.8
27709,1774396800000,5272488.8
27710,1774400400000,5242082.8
27711,1774404000000,5210094.5
27712,1774407600000,5177094.59999999
27713,1774411200000,5168511.0
27714,1774414800000,5152002.4
27715,1774418400000,5128279.9
27716,1774422000000,5149960.0
27717,1774425600000,5132502.2
27718,1774429200000,5113607.59999999
27719,1774432800000,5136182.4
27720,1774436400000,5129103.0
27721,1774440000000,5099826.0
27722,1774443600000,5096842.3
27723,1774447200000,5107880.2
27724,1774450800000,5093600.2
27725,1774454400000,5090204.9
27726,1774458000000,5072708.8
27727,1774461600000,5072243.59999999
27728,1774465200000,5051701.09999999
27729,1774468800000,5055310.8
27730,1774472400000,5067207.0
27731,1774476000000,5065525.59999999
27732,1774479600000,5071250.9
27733,1774483200000,5056782.8
27734,1774486800000,5052923.2
27735,1774490400000,5053460.0
27736,1774494000000,5056033.59999999
27737,1774497600000,5042969.3
27738,1774501200000,5031055.09999999
27739,1774504800000,5043177.0
27740,1774508400000,4993211.0
27741,1774512000000,5004390.4
27742,1774515600000,5009042.0
27743,1774519200000,5006962.0
27744,1774522800000,5078424.0
27745,1774526400000,5095653.59999999
27746,1774530000000,5135110.2
27747,1774533600000,5118223.9
27748,1774537200000,5132784.4
27749,1774540800000,5119648.09999999
27750,1774544400000,5015243.3
27751,1774548000000,4856395.8
27752,1774551600000,4835718.2
27753,1774555200000,4826847.7
27754,1774558800000,4775304.9
27755,1774562400000,4767066.9
27756,1774566000000,4765340.9
27757,1774569600000,4756392.3
27758,1774573200000,4759704.09999999
27759,1774576800000,4762329.0
27760,1774580400000,4769387.0
27761,1774584000000,4769232.9
27762,1774587600000,4768479.8
27763,1774591200000,4766126.59999999
27764,1774594800000,4772856.59999999
27765,1774598400000,4750556.5
27766,1774602000000,4729297.2
27767,1774605600000,4744520.2
27768,1774609200000,4785119.8
27769,1774612800000,4847288.8
27770,1774616400000,4850895.59999999
27771,1774620000000,4846782.59999999
27772,1774623600000,4836377.0
27773,1774627200000,4829542.59999999
27774,1774630800000,4818949.59999999
27775,1774634400000,4830907.0
27776,1774638000000,4793247.7
27777,1774641600000,4802346.8
27778,1774645200000,4805141.2
27779,1774648800000,4791955.9
27780,1774652400000,4790257.59999999
27781,1774656000000,4791108.59999999
27782,1774659600000,4783692.4
27783,1774663200000,4782034.0
27784,1774666800000,4787521.59999999
27785,1774670400000,4782337.2
27786,1774674000000,4789641.3
27787,1774677600000,4786615.59999999
27788,1774681200000,4798639.4
27789,1774684800000,4785765.8
27790,1774688400000,4807982.59999999
27791,1774692000000,4807006.59999999
27792,1774695600000,4795748.0
27793,1774699200000,4793377.8
27794,1774702800000,4780621.2
27795,1774706400000,4774401.0
27796,1774710000000,4771846.2
27797,1774713600000,4762301.2
27798,1774717200000,4748985.7
27799,1774720800000,4743040.8
27800,1774724400000,4756626.0
27801,1774728000000,4752142.8
27802,1774731600000,4748917.0
27803,1774735200000,4731199.0
27804,1774738800000,4748699.4
27805,1774742400000,4768295.59999999
27806,1774746000000,4762246.9
27807,1774749600000,4764785.0
27808,1774753200000,4769122.5
27809,1774756800000,4775052.0
27810,1774760400000,4750762.4
27811,1774764000000,4746179.8
27812,1774767600000,4749779.2
27813,1774771200000,4748611.8
27814,1774774800000,4745861.8
27815,1774778400000,4759309.0
27816,1774782000000,4749037.2
27817,1774785600000,4754500.0
27818,1774789200000,4755071.2
27819,1774792800000,4800171.4
27820,1774796400000,4785330.8
27821,1774800000000,4769163.7
27822,1774803600000,4765015.4
27823,1774807200000,4759350.4
27824,1774810800000,4766494.59999999
27825,1774814400000,4775086.5
27826,1774818000000,4766654.0
27827,1774821600000,4779112.8
27828,1774825200000,4757366.59999999
27829,1774828800000,4756117.4
27830,1774832400000,4738657.8
27831,1774836000000,4754005.8
27832,1774839600000,4726879.4
27833,1774843200000,4706713.9
27834,1774846800000,4665860.2
27835,1774850400000,4670207.0
27836,1774854000000,4676391.59999999
27837,1774857600000,4688603.3
27838,1774861200000,4721702.8
27839,1774864800000,4708885.4
27840,1774868400000,4755449.59999999
27841,1774872000000,4761395.8
27842,1774875600000,4751682.0
27843,1774879200000,4746049.0
27844,1774882800000,4740254.59999999
27845,1774886400000,4739387.4
27846,1774890000000,4726814.8
27847,1774893600000,4694717.8
27848,1774897200000,4688263.09999999
27849,1774900800000,4678762.8
27850,1774904400000,4692256.2
27851,1774908000000,4691864.8
27852,1774911600000,4686104.0
27853,1774915200000,4682902.4
27854,1774918800000,4701676.0
27855,1774922400000,4672538.59999999
27856,1774926000000,4722835.9
27857,1774929600000,4712361.4
27858,1774933200000,4698682.2
27859,1774936800000,4694928.9
27860,1774940400000,4686055.2
27861,1774944000000,4692473.4
27862,1774947600000,4681267.4
27863,1774951200000,4651895.9
27864,1774954800000,4648547.0
27865,1774958400000,4782678.59999999
27866,1774962000000,4764429.2
27867,1774965600000,4741519.59999999
27868,1774969200000,4702146.0
27869,1774972800000,4688043.0
27870,1774976400000,4682264.09999999
27871,1774980000000,4688950.59999999
27872,1774983600000,4690094.0
27873,1774987200000,4684094.0
27874,1774990800000,4689495.4
27875,1774994400000,4677491.4
27876,1774998000000,4667712.8
27877,1775001600000,4683440.59999999
27878,1775005200000,4672193.8
27879,1775008800000,4665194.0
27880,1775012400000,4662769.2
27881,1775016000000,4649621.2
27882,1775019600000,4635470.2
27883,1775023200000,4644719.0
27884,1775026800000,4654987.59999999
27885,1775030400000,4745469.59999999
27886,1775034000000,4740605.8
27887,1775037600000,4741680.8
27888,1775041200000,4748815.4
27889,1775044800000,4770022.59999999
27890,1775048400000,4783240.4
27891,1775052000000,4773691.0
27892,1775055600000,4787722.2
27893,1775059200000,4798760.8
27894,1775062800000,4797658.2
27895,1775066400000,4773881.59999999
27896,1775070000000,4775716.2
27897,1775073600000,4768048.2
27898,1775077200000,4759878.2
27899,1775080800000,4758403.4
27900,1775084400000,4761954.9
27901,1775088000000,4773572.59999999
27902,1775091600000,4746911.8
27903,1775095200000,4668057.8
27904,1775098800000,4620291.2
27905,1775102400000,4566356.4
27906,1775106000000,4530094.5
27907,1775109600000,4522291.59999999
27908,1775113200000,4491298.59999999
27909,1775116800000,4464073.2
27910,1775120400000,4476463.0
27911,1775124000000,4457298.2
27912,1775127600000,4456331.5
27913,1775131200000,4486620.2
27914,1775134800000,4494151.4
27915,1775138400000,4479963.0
27916,1775142000000,4512437.3
27917,1775145600000,4472229.8
27918,1775149200000,4490042.7
27919,1775152800000,4493140.2
27920,1775156400000,4503085.4
27921,1775160000000,4523910.59999999
27922,1775163600000,4533737.4
27923,1775167200000,4522247.2
27924,1775170800000,4523784.59999999
27925,1775174400000,4532293.0
27926,1775178000000,4565235.8
27927,1775181600000,4544797.4
27928,1775185200000,4573158.8
27929,1775188800000,4577605.59999999
27930,1775192400000,4603628.0
27931,1775196000000,4597404.59999999
27932,1775199600000,4586777.09999999
27933,1775203200000,4576220.0
27934,1775206800000,4589862.59999999
27935,1775210400000,4609271.59999999
27936,1775214000000,4588499.2
27937,1775217600000,4614039.2
27938,1775221200000,4632365.0
27939,1775224800000,4622493.0
27940,1775228400000,4594253.3
27941,1775232000000,4565085.8
27942,1775235600000,4619692.0
27943,1775239200000,4634726.59999999
27944,1775242800000,4641603.2
27945,1775246400000,4633711.59999999
27946,1775250000000,4680895.0
27947,1775253600000,4679414.5
27948,1775257200000,4664145.59999999
27949,1775260800000,4672112.2
27950,1775264400000,4659053.59999999
27951,1775268000000,4663549.2
27952,1775271600000,4651299.59999999
27953,1775275200000,4656348.4
27954,1775278800000,4688927.59999999
27955,1775282400000,4712672.4
27956,1775286000000,4713466.4
27957,1775289600000,4717004.09999999
27958,1775293200000,4722205.3
27959,1775296800000,4708420.8
27960,1775300400000,4712817.0
27961,1775304000000,4726680.4
27962,1775307600000,4740105.09999999
27963,1775311200000,4724547.0
27964,1775314800000,4719988.8
27965,1775318400000,4795354.0
27966,1775322000000,4792286.8
27967,1775325600000,4778730.59999999
27968,1775329200000,4812244.4
27969,1775332800000,4826676.2
27970,1775336400000,4801433.8
27971,1775340000000,4784775.0
27972,1775343600000,4783559.4
27973,1775347200000,4782643.2
27974,1775350800000,4792662.4
27975,1775354400000,4802164.4
27976,1775358000000,4789403.8
27977,1775361600000,4790411.2
27978,1775365200000,4791031.4
27979,1775368800000,4819000.59999999
27980,1775372400000,4768374.59999999
27981,1775376000000,4751136.0
27982,1775379600000,4727822.4
27983,1775383200000,4724690.59999999
27984,1775386800000,4744901.8
27985,1775390400000,4739877.59999999
27986,1775394000000,4720995.0
27987,1775397600000,4716882.8
27988,1775401200000,4726957.2
27989,1775404800000,4725670.09999999
27990,1775408400000,4739335.2
27991,1775412000000,4757025.2
27992,1775415600000,4774463.4
27993,1775419200000,4765992.8
27994,1775422800000,4800700.0
27995,1775426400000,4787717.7
27996,1775430000000,4788453.8
27997,1775433600000,4777896.9
27998,1775437200000,4825561.3
27999,1775440800000,5049601.09999999
28000,1775444400000,5114118.3
28001,1775448000000,5196982.8
28002,1775451600000,5193550.2
28003,1775455200000,5186326.4
28004,1775458800000,5249206.2
28005,1775462400000,5259138.4
28006,1775466000000,5294426.0
28007,1775469600000,5293281.4
28008,1775473200000,5277921.8
28009,1775476800000,5265718.2
28010,1775480400000,5263083.59999999
28011,1775484000000,5261888.2
28012,1775487600000,5307872.2
28013,1775491200000,5335572.0
28014,1775494800000,5288588.8
28015,1775498400000,5266967.4
28016,1775502000000,5365464.59999999
28017,1775505600000,5347146.4
28018,1775509200000,5334221.0
28019,1775512800000,5317737.2
28020,1775516400000,5284388.8
28021,1775520000000,5257873.0
28022,1775523600000,5194435.4
28023,1775527200000,5162188.8
28024,1775530800000,5118695.3
28025,1775534400000,5079130.59999999
28026,1775538000000,5053434.09999999
28027,1775541600000,5024765.8
28028,1775545200000,5113751.4
28029,1775548800000,5149110.5
28030,1775552400000,5089364.5
28031,1775556000000,5109699.0
28032,1775559600000,5064223.0
28033,1775563200000,5013649.0
28034,1775566800000,4972703.4
28035,1775570400000,4975586.4
28036,1775574000000,5010877.4
28037,1775577600000,5063764.2
28038,1775581200000,5079163.59999999
28039,1775584800000,5038219.2
28040,1775588400000,5044672.9
28041,1775592000000,4971320.8
28042,1775595600000,5024040.7
28043,1775599200000,4919742.8
28044,1775602800000,4829287.9
28045,1775606400000,4820057.3
28046,1775610000000,4789625.59999999
28047,1775613600000,4791592.4
28048,1775617200000,4790586.2
28049,1775620800000,4757120.0
28050,1775624400000,4739147.8
28051,1775628000000,4737490.4
28052,1775631600000,4781226.2
28053,1775635200000,4776185.5
28054,1775638800000,4783579.8
28055,1775642400000,4796738.0
28056,1775646000000,4796106.5
28057,1775649600000,4793846.4
28058,1775653200000,4786073.09999999
28059,1775656800000,4754943.3
28060,1775660400000,4764522.8
28061,1775664000000,4740135.4
28062,1775667600000,4734738.9
28063,1775671200000,4726756.59999999
28064,1775674800000,4716789.2
28065,1775678400000,4729746.4
28066,1775682000000,4728452.2
28067,1775685600000,4692715.59999999
28068,1775689200000,4710892.59999999
28069,1775692800000,4707013.2
28070,1775696400000,4680849.59999999
28071,1775700000000,4675231.2
28072,1775703600000,4653492.4
28073,1775707200000,4652467.4
28074,1775710800000,4654699.0
28075,1775714400000,4670639.4
28076,1775718000000,4692710.59999999
28077,1775721600000,4683731.2
28078,1775725200000,4747047.2
28079,1775728800000,4793699.4
28080,1775732400000,4795612.4
28081,1775736000000,4828607.0
28082,1775739600000,4791689.3
28083,1775743200000,4787917.7
28084,1775746800000,4787874.3
28085,1775750400000,4834834.59999999
28086,1775754000000,4846935.8
28087,1775757600000,4863907.8
28088,1775761200000,4879488.2
28089,1775764800000,4890041.0
28090,1775768400000,4831966.2
28091,1775772000000,5194242.8
28092,1775775600000,5201820.9
28093,1775779200000,5216888.8
28094,1775782800000,5238981.4
28095,1775786400000,5225471.4
28096,1775790000000,5230210.8
28097,1775793600000,5209657.59999999
28098,1775797200000,5211722.59999999
28099,1775800800000,5225763.2
28100,1775804400000,5228037.8
28101,1775808000000,5234130.3
28102,1775811600000,5250369.0
28103,1775815200000,5257164.2
28104,1775818800000,5270786.4
28105,1775822400000,5288004.0
28106,1775826000000,5279877.4
28107,1775829600000,5292761.4
28108,1775833200000,5302966.8
28109,1775836800000,5367728.59999999
28110,1775840400000,5346710.4
28111,1775844000000,5349819.09999999
28112,1775847600000,5362665.59999999
28113,1775851200000,5386181.7
28114,1775854800000,5388033.0
28115,1775858400000,5354130.8
28116,1775862000000,5368228.9
28117,1775865600000,5363707.59999999
28118,1775869200000,5373307.0
28119,1775872800000,5372826.2
28120,1775876400000,5372335.8
28121,1775880000000,5374636.0
28122,1775883600000,5380101.2
28123,1775887200000,5392575.59999999
28124,1775890800000,5389508.2
28125,1775894400000,5383359.0
28126,1775898000000,5390835.59999999
28127,1775901600000,5371242.59999999
28128,1775905200000,5370889.2
28129,1775908800000,5383472.0
28130,1775912400000,5432836.2
28131,1775916000000,5401002.59999999
28132,1775919600000,5398993.4
28133,1775923200000,5386567.59999999
28134,1775926800000,5373980.4
28135,1775930400000,5382120.2
28136,1775934000000,5388410.59999999
28137,1775937600000,5398354.2
28138,1775941200000,5362698.0
28139,1775944800000,5360377.09999999
28140,1775948400000,5369194.0
28141,1775952000000,5354155.8
28142,1775955600000,5353452.4
28143,1775959200000,5365086.59999999
28144,1775962800000,5324721.59999999
28145,1775966400000,5323013.09999999
28146,1775970000000,5310373.4
28147,1775973600000,5339946.0
28148,1775977200000,5351227.0
28149,1775980800000,5355356.4
28150,1775984400000,5370959.4
28151,1775988000000,5367243.8
28152,1775991600000,5354199.2
28153,1775995200000,5342036.8
28154,1775998800000,5341205.09999999
28155,1776002400000,5347076.4
28156,1776006000000,5381111.2
28157,1776009600000,5359843.59999999
28158,1776013200000,5393604.8
28159,1776016800000,5343904.2
28160,1776020400000,5364845.0
28161,1776024000000,5327704.2
28162,1776027600000,5340929.09999999
28163,1776031200000,5325316.09999999
28164,1776034800000,5319980.59999999
28165,1776038400000,5319484.9
28166,1776042000000,5331964.5
28167,1776045600000,5327723.3
28168,1776049200000,5318473.5
28169,1776052800000,5304899.9
28170,1776056400000,5307413.9
28171,1776060000000,5354531.3
28172,1776063600000,5358140.0
28173,1776067200000,5336805.8
28174,1776070800000,5341836.5
28175,1776074400000,5347116.5
28176,1776078000000,5345085.3
28177,1776081600000,5366716.09999999
28178,1776085200000,5306996.7
28179,1776088800000,5312864.3
28180,1776092400000,5302425.3
28181,1776096000000,5309175.59999999
28182,1776099600000,5306723.59999999
28183,1776103200000,5312075.8
28184,1776106800000,5292742.59999999
28185,1776110400000,5267573.59999999
28186,1776114000000,5248658.0
28187,1776117600000,5237170.2
28188,1776121200000,5237472.4
28189,1776124800000,5289328.4
28190,1776128400000,5368675.2
28191,1776132000000,5347221.8
28192,1776135600000,5345183.0
28193,1776139200000,5338454.4
28194,1776142800000,5326001.4
28195,1776146400000,5321094.2
28196,1776150000000,5337352.2
28197,1776153600000,5342803.4
28198,1776157200000,5350622.4
28199,1776160800000,5376051.59999999
28200,1776164400000,5396398.4
28201,1776168000000,5421897.8
28202,1776171600000,5434474.09999999
28203,1776175200000,5473869.3
28204,1776178800000,5472773.59999999
28205,1776182400000,5445816.2
28206,1776186000000,5447685.8
28207,1776189600000,5440743.3
28208,1776193200000,5444963.8
28209,1776196800000,5424150.4
28210,1776200400000,5423086.8
28211,1776204000000,5402699.09999999
28212,1776207600000,5394173.59999999
28213,1776211200000,5394173.0
28214,1776214800000,5384826.3
28215,1776218400000,5384749.8
28216,1776222000000,5399982.8
28217,1776225600000,5404047.0
28218,1776229200000,5404994.2
28219,1776232800000,5395675.2
28220,1776236400000,5409898.59999999
28221,1776240000000,5402990.0
28222,1776243600000,5407765.0
28223,1776247200000,5395547.0
28224,1776250800000,5393048.8
28225,1776254400000,5401713.8
28226,1776258000000,5403958.59999999
28227,1776261600000,5390092.4
28228,1776265200000,5389868.2
28229,1776268800000,5401271.59999999
28230,1776272400000,5414948.5
28231,1776276000000,5469807.59999999
28232,1776279600000,5513366.59999999
28233,1776283200000,5542339.2
28234,1776286800000,5547855.59999999
28235,1776290400000,5519249.59999999
28236,1776294000000,5503093.0
28237,1776297600000,5479864.59999999
28238,1776301200000,5467209.9
28239,1776304800000,5450439.4
28240,1776308400000,5435712.0
28241,1776312000000,5422344.59999999
28242,1776315600000,5426717.8
28243,1776319200000,5593907.2
28244,1776322800000,5591552.09999999
28245,1776326400000,5605147.59999999
28246,1776330000000,5674365.6
28247,1776333600000,5683713.0
28248,1776337200000,5660716.4
28249,1776340800000,5658870.8
28250,1776344400000,5660379.8
28251,1776348000000,5613033.5
28252,1776351600000,5622412.0
28253,1776355200000,5647589.8
28254,1776358800000,5706848.2
28255,1776362400000,5691852.4
28256,1776366000000,5592084.4
28257,1776369600000,5560541.59999999
28258,1776373200000,5563699.4
28259,1776376800000,5582214.9
28260,1776380400000,5601809.59999999
28261,1776384000000,5612216.8
28262,1776387600000,5624141.8
28263,1776391200000,5600578.8
28264,1776394800000,5614881.8
28265,1776398400000,5611098.4
28266,1776402000000,5609294.0
28267,1776405600000,5587162.9
28268,1776409200000,5594544.2
28269,1776412800000,5590974.8
28270,1776416400000,5586373.2
28271,1776420000000,5592848.8
28272,1776423600000,5588433.0
28273,1776427200000,5583455.59999999
28274,1776430800000,5593987.4
28275,1776434400000,5598269.8
28276,1776438000000,5552166.9
28277,1776441600000,5577320.4
28278,1776445200000,5551883.3
28279,1776448800000,5604936.2
28280,1776452400000,5595908.59999999
28281,1776456000000,5595824.0
28282,1776459600000,5595930.2
28283,1776463200000,5581894.4
28284,1776466800000,5568007.59999999
28285,1776470400000,5572621.8
28286,1776474000000,5573131.0
28287,1776477600000,5569410.4
28288,1776481200000,5562039.59999999
28289,1776484800000,5558942.8
28290,1776488400000,5632019.8
28291,1776492000000,5636019.2
28292,1776495600000,5631893.5
28293,1776499200000,5654494.6
28294,1776502800000,5595356.8
28295,1776506400000,5582388.5
28296,1776510000000,5569350.2
28297,1776513600000,5547641.4
28298,1776517200000,5578244.4
28299,1776520800000,5560757.0
28300,1776524400000,5567175.0
28301,1776528000000,5576636.0
28302,1776531600000,5589963.59999999
28303,1776535200000,5577976.09999999
28304,1776538800000,5563371.8
28305,1776542400000,5552368.9
28306,1776546000000,5501861.4
28307,1776549600000,5472731.0
28308,1776553200000,5464578.2
28309,1776556800000,5450472.0
28310,1776560400000,5474962.09999999
28311,1776564000000,5447029.3
28312,1776567600000,5476690.7
28313,1776571200000,5486970.5
28314,1776574800000,5489643.7
28315,1776578400000,5495344.9
28316,1776582000000,5495208.5
28317,1776585600000,5480194.9
28318,1776589200000,5514159.5
28319,1776592800000,5569697.5
28320,1776596400000,5544344.5
28321,1776600000000,5525090.3
28322,1776603600000,5509346.4
28323,1776607200000,5485320.5
28324,1776610800000,5480028.7
28325,1776614400000,5453956.09999999
28326,1776618000000,5560738.9
28327,1776621600000,5536186.9
28328,1776625200000,5550526.5
28329,1776628800000,5556147.09999999
28330,1776632400000,5538031.9
28331,1776636000000,5504636.09999999
28332,1776639600000,5536753.5
28333,1776643200000,5617287.5
28334,1776646800000,5597626.7
28335,1776650400000,5603749.7
28336,1776654000000,5605810.3
28337,1776657600000,5603804.3
28338,1776661200000,5585967.5
28339,1776664800000,5573357.09999999
28340,1776668400000,5570929.3
28341,1776672000000,5607657.8
28342,1776675600000,5590877.9
28343,1776679200000,5582225.09999999
28344,1776682800000,5574721.3
28345,1776686400000,5554848.7
28346,1776690000000,5546941.9
28347,1776693600000,5539142.7
28348,1776697200000,5624469.7
28349,1776700800000,5599115.9
28350,1776704400000,5592533.5
28351,1776708000000,5583554.9
28352,1776711600000,5574475.3
28353,1776715200000,5557439.7
28354,1776718800000,5514800.5
28355,1776722400000,5519968.7
28356,1776726000000,5538614.09999999
28357,1776729600000,5535920.09999999
28358,1776733200000,5507306.5
28359,1776736800000,5515699.9
28360,1776740400000,5491606.3
28361,1776744000000,5502653.3
28362,1776747600000,5495111.9
28363,1776751200000,5508289.09999999
28364,1776754800000,5498957.5
28365,1776758400000,5497885.9
28366,1776762000000,5508949.3
28367,1776765600000,5538581.9
28368,1776769200000,5544558.7
28369,1776772800000,5591153.5
28370,1776776400000,5623078.0
28371,1776780000000,5627776.5
28372,1776783600000,5614006.5
28373,1776787200000,5585560.0
28374,1776790800000,5603941.7
28375,1776794400000,5577365.7
28376,1776798000000,5599593.9
28377,1776801600000,5585714.9
28378,1776805200000,5577696.2
28379,1776808800000,5567367.09999999
28380,1776812400000,5577725.09999999
28381,1776816000000,5553655.9
28382,1776819600000,5575274.09999999
28383,1776823200000,5548880.7
28384,1776826800000,5552264.5
28385,1776830400000,5556164.0
28386,1776834000000,5586453.4
28387,1776837600000,5593547.0
28388,1776841200000,5603628.59999999
28389,1776844800000,5598984.0
28390,1776848400000,5609112.3
28391,1776852000000,5606080.2
28392,1776855600000,5656311.4
28393,1776859200000,5656800.6
28394,1776862800000,5666845.8
28395,1776866400000,5674664.6
28396,1776870000000,5698528.0
28397,1776873600000,5725276.4
28398,1776877200000,5689181.0
28399,1776880800000,5713051.4
28400,1776884400000,5734031.4
28401,1776888000000,5699741.6
28402,1776891600000,5702885.8
28403,1776895200000,5689927.2
28404,1776898800000,5682562.8
28405,1776902400000,5674075.9
28406,1776906000000,5649550.3
28407,1776909600000,5631415.1
28408,1776913200000,5619790.5
28409,1776916800000,5618095.9
28410,1776920400000,5610387.3
28411,1776924000000,5608500.5
28412,1776927600000,5624500.9
28413,1776931200000,5637374.2
28414,1776934800000,5606658.09999999
28415,1776938400000,5624653.9
28416,1776942000000,5605525.7
28417,1776945600000,5595628.7
28418,1776949200000,5586246.09999999
28419,1776952800000,5590450.09999999
28420,1776956400000,5573352.7
28421,1776960000000,5578438.5
28422,1776963600000,5585320.09999999
28423,1776967200000,5586428.7
28424,1776970800000,5597874.09999999
28425,1776974400000,5618367.4
28426,1776978000000,5606968.3
28427,1776981600000,5608895.7
28428,1776985200000,5592013.3
28429,1776988800000,5582038.5
28430,1776992400000,5572580.7
28431,1776996000000,5571646.8
28432,1776999600000,5570567.3
28433,1777003200000,5560722.5
28434,1777006800000,5556708.7
28435,1777010400000,5552016.09999999
28436,1777014000000,5566008.5
28437,1777017600000,5575154.09999999
28438,1777021200000,5579057.7
28439,1777024800000,5582117.3
28440,1777028400000,5578439.59999999
28441,1777032000000,5664951.5
28442,1777035600000,5649815.7
28443,1777039200000,5656468.5
28444,1777042800000,5649386.7
28445,1777046400000,5657753.9
28446,1777050000000,5672103.3
28447,1777053600000,5679065.2
28448,1777057200000,5692988.6
28449,1777060800000,5694795.1
28450,1777064400000,5695152.3
28451,1777068000000,5708068.1
28452,1777071600000,5702713.3
28453,1777075200000,5702595.3
28454,1777078800000,5678496.3
28455,1777082400000,5670745.3
28456,1777086000000,5672314.9
28457,1777089600000,5670735.1
28458,1777093200000,5681925.8
28459,1777096800000,5675367.5
28460,1777100400000,5620887.7
28461,1777104000000,5636310.0
28462,1777107600000,5635624.9
28463,1777111200000,5634428.1
28464,1777114800000,5651316.9
28465,1777118400000,5682732.3
28466,1777122000000,5684236.9
28467,1777125600000,5683494.1
28468,1777129200000,5683276.5
28469,1777132800000,5667919.1
28470,1777136400000,5663481.9
28471,1777140000000,5635704.7
28472,1777143600000,5636349.1
28473,1777147200000,5632937.1
28474,1777150800000,5631251.7
28475,1777154400000,5619150.9
28476,1777158000000,5617601.09999999
28477,1777161600000,5616384.5
28478,1777165200000,5648112.3
28479,1777168800000,5648137.3
28480,1777172400000,5654100.7
28481,1777176000000,5650490.4
28482,1777179600000,5657307.9
28483,1777183200000,5643663.3
28484,1777186800000,5651383.1
28485,1777190400000,5639823.1
28486,1777194000000,5631512.1
28487,1777197600000,5632802.9
28488,1777201200000,5643726.7
28489,1777204800000,5661893.8
28490,1777208400000,5689796.2
28491,1777212000000,5713945.1
28492,1777215600000,5693965.4
28493,1777219200000,5684083.6
28494,1777222800000,5702305.8
28495,1777226400000,5735773.6
28496,1777230000000,5782818.1
28497,1777233600000,5782683.6
28498,1777237200000,5791874.8
28499,1777240800000,5767147.0
28500,1777244400000,5798402.4
28501,1777248000000,5798772.6
28502,1777251600000,5799919.2
28503,1777255200000,5799264.0
28504,1777258800000,5786167.0
28505,1777262400000,5749731.4
28506,1777266000000,5748025.2
28507,1777269600000,5719131.2
28508,1777273200000,5716442.8
28509,1777276800000,5682236.3
28510,1777280400000,5682082.2
28511,1777284000000,5671002.0
28512,1777287600000,5677722.4
28513,1777291200000,5682770.6
28514,1777294800000,5712180.2
28515,1777298400000,5654542.8
28516,1777302000000,5659796.8
28517,1777305600000,5576897.0
28518,1777309200000,5604827.59999999
28519,1777312800000,5599704.09999999
28520,1777316400000,5596746.8
28521,1777320000000,5607996.8
28522,1777323600000,5604331.4
28523,1777327200000,5641346.5
28524,1777330800000,5622037.4
28525,1777334400000,5615508.8
28526,1777338000000,5597516.0
28527,1777341600000,5589902.8
28528,1777345200000,5563617.0
28529,1777348800000,5562780.0
28530,1777352400000,5544556.59999999
28531,1777356000000,5567959.2
28532,1777359600000,5558677.8
28533,1777363200000,5558528.4
28534,1777366800000,5603748.4
28535,1777370400000,5598937.9
28536,1777374000000,5588703.0
28537,1777377600000,5586201.0
28538,1777381200000,5574870.7
28539,1777384800000,5583755.09999999
28540,1777388400000,5551764.4
28541,1777392000000,5541799.8
28542,1777395600000,5540390.2
28543,1777399200000,5541799.59999999
28544,1777402800000,5533922.8
28545,1777406400000,5530884.8
28546,1777410000000,5529179.4
28547,1777413600000,5522708.59999999
28548,1777417200000,5516418.4
28549,1777420800000,5511145.8
28550,1777424400000,5534860.59999999
28551,1777428000000,5530152.0
28552,1777431600000,5532542.8
28553,1777435200000,5512253.09999999
28554,1777438800000,5496671.8
28555,1777442400000,5495385.0
28556,1777446000000,5479283.0
28557,1777449600000,5462725.8
28558,1777453200000,5482449.09999999
28559,1777456800000,5476281.59999999
28560,1777460400000,5511935.8
28561,1777464000000,5518448.59999999
28562,1777467600000,5473999.0
28563,1777471200000,5433283.59999999
28564,1777474800000,5423978.2
28565,1777478400000,5437235.0
28566,1777482000000,5445575.2
28567,1777485600000,5449376.09999999
28568,1777489200000,5375479.3
28569,1777492800000,5393168.2
28570,1777496400000,5411503.4
28571,1777500000000,5385526.0
28572,1777503600000,5392825.4
28573,1777507200000,5387899.4
28574,1777510800000,5372300.5
28575,1777514400000,5354545.4
28576,1777518000000,5359743.5
28577,1777521600000,5363488.0
28578,1777525200000,5396533.9
28579,1777528800000,5377916.0
28580,1777532400000,5370847.4
28581,1777536000000,5358875.0
28582,1777539600000,5359865.4
28583,1777543200000,5357626.7
28584,1777546800000,5361116.4
28585,1777550400000,5355319.8
28586,1777554000000,5340619.0
28587,1777557600000,5347971.4
28588,1777561200000,5336011.4
28589,1777564800000,5350991.3
28590,1777568400000,5363383.2
28591,1777572000000,5356376.2
28592,1777575600000,5357105.2
28593,1777579200000,5355589.2
28594,1777582800000,5353430.59999999
28595,1777586400000,5337257.4
28596,1777590000000,5326157.2
28597,1777593600000,5325974.59999999
28598,1777597200000,5391584.59999999
28599,1777600800000,5379817.0
28600,1777604400000,5378645.8
28601,1777608000000,5339618.3
28602,1777611600000,5357146.8
28603,1777615200000,5361602.2
28604,1777618800000,5370795.2
28605,1777622400000,5379118.8
28606,1777626000000,5405537.0
28607,1777629600000,5404174.0
28608,1777633200000,5415228.0
28609,1777636800000,5417552.4
28610,1777640400000,5391635.0
28611,1777644000000,5387114.0
28612,1777647600000,5367939.4
28613,1777651200000,5375085.8
28614,1777654800000,5381999.8
28615,1777658400000,5388281.0
28616,1777662000000,5414022.7
28617,1777665600000,5425971.2
28618,1777669200000,5432458.0
28619,1777672800000,5458733.59999999
28620,1777676400000,5448592.4
28621,1777680000000,5439438.8
28622,1777683600000,5438158.59999999
28623,1777687200000,5434989.2
28624,1777690800000,5426918.2
28625,1777694400000,5436414.8
28626,1777698000000,5458431.7
28627,1777701600000,5447581.59999999
28628,1777705200000,5432389.09999999
28629,1777708800000,5432306.0
28630,1777712400000,5440973.8
28631,1777716000000,5455869.7
28632,1777719600000,5461883.59999999
28633,1777723200000,5573651.8
28634,1777726800000,5583520.59999999
28635,1777730400000,5575842.4
28636,1777734000000,5549944.0
28637,1777737600000,5538992.4
28638,1777741200000,5523563.4
28639,1777744800000,5516935.9
28640,1777748400000,5509835.8
28641,1777752000000,5508919.59999999
28642,1777755600000,5499470.2
28643,1777759200000,5466057.2
28644,1777762800000,5462916.4
28645,1777766400000,5471503.09999999
28646,1777770000000,5463017.4
28647,1777773600000,5483757.4
28648,1777777200000,5490267.2
28649,1777780800000,5501522.4
28650,1777784400000,5531337.2
28651,1777788000000,5535374.0
28652,1777791600000,5575266.5
28653,1777795200000,5576661.0
28654,1777798800000,5569773.2
28655,1777802400000,5820378.4
28656,1777806000000,5804953.4
28657,1777809600000,5784771.0
28658,1777813200000,5765776.2
28659,1777816800000,5750872.6
28660,1777820400000,5725641.0
28661,1777824000000,5699721.4
28662,1777827600000,5681710.8
28663,1777831200000,5665043.2
28664,1777834800000,5650924.2
28665,1777838400000,5622183.8
28666,1777842000000,5584082.2
28667,1777845600000,5552447.8
28668,1777849200000,5557386.8
28669,1777852800000,5549110.8
28670,1777856400000,5549146.3
28671,1777860000000,5556649.2
28672,1777863600000,5550491.8
28673,1777867200000,5539879.4
28674,1777870800000,5580553.2
28675,1777874400000,5569212.59999999
28676,1777878000000,5566974.2
28677,1777881600000,5559016.8
28678,1777885200000,5613583.59999999
28679,1777888800000,5560180.0
28680,1777892400000,5452990.7
28681,1777896000000,5462099.5
28682,1777899600000,5484747.7
28683,1777903200000,5462956.0
28684,1777906800000,5451012.4
28685,1777910400000,5441428.4
28686,1777914000000,5482246.8
28687,1777917600000,5496286.3
28688,1777921200000,5467360.0
28689,1777924800000,5449591.0
28690,1777928400000,5426447.4
28691,1777932000000,5418910.2
28692,1777935600000,5431623.8
28693,1777939200000,5433059.9
28694,1777942800000,5431788.7
28695,1777946400000,5432816.59999999
28696,1777950000000,5414889.8
28697,1777953600000,5410435.0
28698,1777957200000,5451179.8
28699,1777960800000,5437328.8
28700,1777964400000,5444840.59999999
28701,1777968000000,5543854.0
28702,1777971600000,5575488.0
28703,1777975200000,5616799.09999999
28704,1777978800000,5625109.8
28705,1777982400000,5631175.1
28706,1777986000000,5669968.2
28707,1777989600000,5619371.4
28708,1777993200000,5681364.4
28709,1777996800000,5680461.8
28710,1778000400000,5702413.2
28711,1778004000000,5711926.1
28712,1778007600000,5726136.4
28713,1778011200000,5723856.4
28714,1778014800000,5735965.0
28715,1778018400000,5752309.6
28716,1778022000000,5794834.8
28717,1778025600000,5797902.0
28718,1778029200000,5763183.2
28719,1778032800000,5796547.6
28720,1778036400000,5791383.0
28721,1778040000000,5830132.3
28722,1778043600000,5859215.0
28723,1778047200000,5879181.8
28724,1778050800000,5923646.7
28725,1778054400000,5979822.5
28726,1778058000000,5959573.0
28727,1778061600000,5979963.0
28728,1778065200000,5995402.6
28729,1778068800000,6012182.8
28730,1778072400000,6027354.4
28731,1778076000000,6029383.1
28732,1778079600000,6046591.0
28733,1778083200000,6050802.8
28734,1778086800000,6070366.2
28735,1778090400000,6066419.0
28736,1778094000000,6073764.0
28737,1778097600000,6081259.4
28738,1778101200000,6115011.4
28739,1778104800000,6116179.0
28740,1778108400000,6118676.2
28741,1778112000000,6112120.4
28742,1778115600000,6131817.8
28743,1778119200000,6099556.4
28744,1778122800000,6100577.8
28745,1778126400000,6099571.8
28746,1778130000000,6076947.5
28747,1778133600000,6102540.8
28748,1778137200000,6111148.2
28749,1778140800000,6206965.4
28750,1778144400000,6244310.6
28751,1778148000000,6243273.4
28752,1778151600000,6217859.4
28753,1778155200000,6258249.6
28754,1778158800000,6281499.8
28755,1778162400000,6297261.8
28756,1778166000000,6290705.2
28757,1778169600000,6291313.4
28758,1778173200000,6267675.8
28759,1778176800000,6240513.0
28760,1778180400000,6216363.8
28761,1778184000000,6224407.2
28762,1778187600000,6216290.2
28763,1778191200000,6218333.0
28764,1778194800000,6196611.8
28765,1778198400000,6201122.4
28766,1778202000000,6173363.0
28767,1778205600000,6177985.8
28768,1778209200000,6177426.8
28769,1778212800000,6184451.2
28770,1778216400000,6178944.2
28771,1778220000000,6177408.0
28772,1778223600000,6167958.6
28773,1778227200000,6175549.4
28774,1778230800000,6318853.0
28775,1778234400000,6303345.8
28776,1778238000000,6324084.2
28777,1778241600000,6310195.1
28778,1778245200000,6337453.6
28779,1778248800000,6353470.6
28780,1778252400000,6394187.8
28781,1778256000000,6401959.8
28782,1778259600000,6465264.4
28783,1778263200000,6493532.4
28784,1778266800000,6517686.0
28785,1778270400000,6575288.0
28786,1778274000000,6583127.2
28787,1778277600000,6561603.6
28788,1778281200000,6600025.4
28789,1778284800000,6638165.0
28790,1778288400000,6637537.4
28791,1778292000000,6652745.3
28792,1778295600000,6666153.2
28793,1778299200000,6671159.6
28794,1778302800000,6715829.8
28795,1778306400000,6739568.5
28796,1778310000000,6726599.0
28797,1778313600000,6727360.8
28798,1778317200000,6741800.8
28799,1778320800000,6742423.9
28800,1778324400000,6740225.2
28801,1778328000000,6748262.2
28802,1778331600000,6744715.6
28803,1778335200000,6854358.0
28804,1778338800000,6805893.2
28805,1778342400000,6821311.0
28806,1778346000000,6845916.6
28807,1778349600000,6835395.7
28808,1778353200000,6837738.8
28809,1778356800000,6897000.8
28810,1778360400000,6866941.2
28811,1778364000000,6845600.3
28812,1778367600000,6854208.8
28813,1778371200000,6872139.4
28814,1778374800000,6852663.4
28815,1778378400000,6838169.9
28816,1778382000000,6836725.2
28817,1778385600000,6828418.6
28818,1778389200000,6820344.6
28819,1778392800000,6823778.2
28820,1778396400000,6832729.4
28821,1778400000000,6869387.8
28822,1778403600000,6855393.8
28823,1778407200000,6857612.8
28824,1778410800000,6833872.8
28825,1778414400000,6824146.0
28826,1778418000000,6811391.4
28827,1778421600000,6882875.6
28828,1778425200000,6777554.8
28829,1778428800000,6833780.2
28830,1778432400000,6732240.9
28831,1778436000000,6611902.8
28832,1778439600000,6629099.0
28833,1778443200000,6617468.3
28834,1778446800000,6618540.4
28835,1778450400000,6600343.1
28836,1778454000000,6566962.6
28837,1778457600000,6585616.2
28838,1778461200000,6562896.8
28839,1778464800000,6540440.8
28840,1778468400000,6587390.3
28841,1778472000000,6700997.8
28842,1778475600000,6639026.8
28843,1778479200000,6654787.2
28844,1778482800000,6668310.1
28845,1778486400000,6680093.9
28846,1778490000000,6705769.8
28847,1778493600000,6724763.2
28848,1778497200000,6699862.6
28849,1778500800000,6775635.8
28850,1778504400000,6786367.6
28851,1778508000000,6758555.8
28852,1778511600000,6718746.6
28853,1778515200000,6758697.0
28854,1778518800000,6720601.4
28855,1778522400000,6707910.9
28856,1778526000000,6698302.3
28857,1778529600000,6689813.4
28858,1778533200000,6658517.8
28859,1778536800000,6676529.7
28860,1778540400000,6630112.4
28861,1778544000000,6624150.0
28862,1778547600000,6629055.2
28863,1778551200000,6585005.6
28864,1778554800000,6588975.6
28865,1778558400000,6606483.2
28866,1778562000000,6679824.0
28867,1778565600000,6618150.5
28868,1778569200000,6581074.4
28869,1778572800000,6602001.8
28870,1778576400000,6605271.1
28871,1778580000000,6565656.4
28872,1778583600000,6526174.4
28873,1778587200000,6539839.8
28874,1778590800000,6565275.6
28875,1778594400000,6555886.1
28876,1778598000000,6493507.4
28877,1778601600000,6482017.0
28878,1778605200000,6527981.2
28879,1778608800000,6511615.2
28880,1778612400000,6523582.8
28881,1778616000000,6550542.2
28882,1778619600000,6538940.0
28883,1778623200000,6506010.0
28884,1778626800000,6492135.6
28885,1778630400000,6464731.2
28886,1778634000000,6443312.4
28887,1778637600000,6452956.6
28888,1778641200000,6439980.0
28889,1778644800000,6437658.0
28890,1778648400000,6452898.6
28891,1778652000000,6430696.2
28892,1778655600000,6425203.6
28893,1778659200000,6417616.3
28894,1778662800000,6431780.2
28895,1778666400000,6483917.0
28896,1778670000000,6465414.6
28897,1778673600000,6551679.8
28898,1778677200000,6480680.6
28899,1778680800000,6498812.0
28900,1778684400000,6477055.3
28901,1778688000000,6433714.6
28902,1778691600000,6460681.4
28903,1778695200000,6476765.7
28904,1778698800000,6476013.0
28905,1778702400000,6479784.0
28906,1778706000000,6507607.4
28907,1778709600000,6494649.8
28908,1778713200000,6478778.8
28909,1778716800000,6472455.0
28910,1778720400000,6462267.2
28911,1778724000000,6452443.8
28912,1778727600000,6402455.6
28913,1778731200000,6420118.0
28914,1778734800000,6404737.8
28915,1778738400000,6384169.8
28916,1778742000000,6398568.4
28917,1778745600000,6390800.4
28918,1778749200000,6396178.2
28919,1778752800000,6377410.4
28920,1778756400000,6390445.6
28921,1778760000000,6392817.0
28922,1778763600000,6379257.6
28923,1778767200000,6395039.0
28924,1778770800000,6461638.8
28925,1778774400000,6442852.8
28926,1778778000000,6370935.6
28927,1778781600000,6370976.8
28928,1778785200000,6373846.6
28929,1778788800000,6371162.6
28930,1778792400000,6375844.6
28931,1778796000000,6356570.3
28932,1778799600000,6351184.2
28933,1778803200000,6357934.4
28934,1778806800000,6357209.4
28935,1778810400000,6345127.0
28936,1778814000000,6404119.2
28937,1778817600000,6422311.8
28938,1778821200000,6425099.0
28939,1778824800000,6385810.2
28940,1778828400000,6357854.4
28941,1778832000000,6352771.4
28942,1778835600000,6340176.4
28943,1778839200000,6315794.0
28944,1778842800000,6306712.2
28945,1778846400000,6306688.4
28946,1778850000000,6308283.0
28947,1778853600000,6237201.6
28948,1778857200000,6231553.5
28949,1778860800000,6279352.7
28950,1778864400000,6384263.9
28951,1778868000000,6413073.5
28952,1778871600000,6352873.4
28953,1778875200000,6331516.4
28954,1778878800000,6302517.4
28955,1778882400000,6294323.0
28956,1778886000000,6284808.0
28957,1778889600000,6318025.6
28958,1778893200000,6292425.6
28959,1778896800000,6271378.2
28960,1778900400000,6272093.0
28961,1778904000000,6271913.4
28962,1778907600000,6244478.2
28963,1778911200000,6219918.2
28964,1778914800000,6161830.5
28965,1778918400000,6148887.0
28966,1778922000000,6134250.6
28967,1778925600000,6101901.8
28968,1778929200000,6088758.4
28969,1778932800000,6082904.0
28970,1778936400000,6069899.0
28971,1778940000000,6091643.0
28972,1778943600000,6100101.8
28973,1778947200000,6074730.8
28974,1778950800000,6100393.3
28975,1778954400000,6080915.8
28976,1778958000000,6094750.6
28977,1778961600000,6068733.2
28978,1778965200000,6061882.6
28979,1778968800000,6043426.0
28980,1778972400000,6045356.2
28981,1778976000000,6047732.5
28982,1778979600000,6046665.7
28983,1778983200000,6074702.2
28984,1778986800000,6069205.2
28985,1778990400000,6057976.8
28986,1778994000000,6063765.2
28987,1778997600000,6068991.8
28988,1779001200000,6065577.0
28989,1779004800000,6125587.6
28990,1779008400000,6114395.5
28991,1779012000000,6188572.4
28992,1779015600000,6210830.6
28993,1779019200000,6217699.2
28994,1779022800000,6215540.2
28995,1779026400000,6202815.6
28996,1779030000000,6190998.0
28997,1779033600000,6172990.4
28998,1779037200000,6188591.0
28999,1779040800000,6178554.4
29000,1779044400000,6165423.4
29001,1779048000000,6165844.7
29002,1779051600000,6175157.6
29003,1779055200000,6181277.4
29004,1779058800000,6171753.0
29005,1779062400000,6256013.2
29006,1779066000000,6196186.4
29007,1779069600000,6218396.8
29008,1779073200000,6170832.8
29009,1779076800000,6141918.0
29010,1779080400000,6123395.5
29011,1779084000000,6121224.2
29012,1779087600000,6044596.7
29013,1779091200000,6050633.6
29014,1779094800000,6044761.1
29015,1779098400000,6037728.8
29016,1779102000000,6017731.4
29017,1779105600000,6012552.8
29018,1779109200000,6031930.0
29019,1779112800000,6026091.0
29020,1779116400000,6018291.8
29021,1779120000000,6015395.4
29022,1779123600000,6011774.7
29023,1779127200000,6003443.4
29024,1779130800000,5975354.3
29025,1779134400000,5930161.6
29026,1779138000000,5955503.6
29027,1779141600000,5912503.0
29028,1779145200000,5905515.6
29029,1779148800000,5904893.0
29030,1779152400000,5918221.0
29031,1779156000000,5907040.6
29032,1779159600000,5898080.4
29033,1779163200000,5922852.0
29034,1779166800000,5931251.4
29035,1779170400000,5917139.6
29036,1779174000000,5922988.0
29037,1779177600000,5910781.8
29038,1779181200000,5913164.2
29039,1779184800000,5906437.6
29040,1779188400000,5910926.8
29041,1779192000000,5896669.4
29042,1779195600000,5922508.2
29043,1779199200000,5930844.7
29044,1779202800000,5927438.4
29045,1779206400000,5933685.1
29046,1779210000000,5919624.4
29047,1779213600000,5934080.4
29048,1779217200000,6031891.0
29049,1779220800000,6012417.0
29050,1779224400000,6004099.0
29051,1779228000000,5984458.0
29052,1779231600000,5982163.2
29053,1779235200000,5994583.8
29054,1779238800000,6012564.6
29055,1779242400000,5997828.6
29056,1779246000000,6003892.8
29057,1779249600000,6010053.8
29058,1779253200000,6004566.6
29059,1779256800000,5974396.4
29060,1779260400000,5972049.0
29061,1779264000000,5968138.4
29062,1779267600000,5990161.1
29063,1779271200000,5995547.4
29064,1779274800000,5993655.2
29065,1779278400000,6002326.4
29066,1779282000000,6012892.2
29067,1779285600000,6040174.6
29068,1779289200000,6003845.4
29069,1779292800000,6030226.6
29070,1779296400000,6014488.5
29071,1779300000000,6051328.3
29072,1779303600000,6009116.1
29073,1779307200000,6018841.5
29074,1779310800000,6019316.3
29075,1779314400000,5989170.1
29076,1779318000000,5966979.5
29077,1779321600000,5970471.1
29078,1779325200000,5999824.9
29079,1779328800000,5986565.3
29080,1779332400000,6006170.8
29081,1779336000000,6009189.7
29082,1779339600000,6044063.5
29083,1779343200000,6040433.3
29084,1779346800000,6165500.6
29085,1779350400000,6148109.3
29086,1779354000000,6126236.5
29087,1779357600000,6119412.7
29088,1779361200000,6085891.5
29089,1779364800000,6093069.7
29090,1779368400000,6080429.6
29091,1779372000000,6080311.9
29092,1779375600000,6095932.3
29093,1779379200000,6093536.2
29094,1779382800000,6095335.7
29095,1779386400000,6134342.3
29096,1779390000000,6043602.1
29097,1779393600000,6057737.0
29098,1779397200000,6056428.7
29099,1779400800000,6039441.3
29100,1779404400000,6025875.9
29101,1779408000000,6016548.1
29102,1779411600000,6024818.5
29103,1779415200000,6028546.1
29104,1779418800000,6030330.9
29105,1779422400000,6056159.0
29106,1779426000000,6070475.3
29107,1779429600000,6086503.3
29108,1779433200000,6069358.1
29109,1779436800000,6076535.1
29110,1779440400000,6071851.3
29111,1779444000000,6077278.7
29112,1779447600000,6087793.8
29113,1779451200000,6089103.2
29114,1779454800000,6048533.3
29115,1779458400000,6083096.7
29116,1779462000000,6083279.9
29117,1779465600000,6063148.5
29118,1779469200000,6220094.9
29119,1779472800000,6197215.3
29120,1779476400000,6135009.2
29121,1779480000000,6218793.3
29122,1779483600000,6194506.4
29123,1779487200000,6179115.6
29124,1779490800000,6181335.6
29125,1779494400000,6200785.8
29126,1779498000000,6236788.1
29127,1779501600000,6186148.4
29128,1779505200000,6183924.0
29129,1779508800000,6195137.6
29130,1779512400000,6201833.8
29131,1779516000000,6198866.0
29132,1779519600000,6198861.6
29133,1779523200000,6151187.2
29134,1779526800000,6031274.8
29135,1779530400000,5962052.6
29136,1779534000000,5960428.0
29137,1779537600000,5969407.6
29138,1779541200000,5965354.3
29139,1779544800000,5958893.9
29140,1779548400000,5929422.0
29141,1779552000000,5843223.0
29142,1779555600000,5817987.4
29143,1779559200000,5826502.8
29144,1779562800000,5773082.9
29145,1779566400000,5776352.5
29146,1779570000000,5755932.3
29147,1779573600000,5716940.1
29148,1779577200000,5713795.4
29149,1779580800000,5694444.9
29150,1779584400000,5648971.7
29151,1779588000000,5645485.5
29152,1779591600000,5611715.7
29153,1779595200000,5601915.4
29154,1779598800000,5596921.5
29155,1779602400000,5611274.9
29156,1779606000000,5623281.3
29157,1779609600000,5625353.5
29158,1779613200000,5621676.9
29159,1779616800000,5612549.7
29160,1779620400000,5621843.9
29161,1779624000000,5627816.5
29162,1779627600000,5622154.09999999
29163,1779631200000,5618303.7
29164,1779634800000,5631655.3
29165,1779638400000,5640019.3
29166,1779642000000,5635134.8
29167,1779645600000,5627808.7
29168,1779649200000,5646721.1
29169,1779652800000,5631301.1
29170,1779656400000,5624073.5
29171,1779660000000,5631223.7
29172,1779663600000,5703015.3
29173,1779667200000,5725002.3
29174,1779670800000,5691361.1
29175,1779674400000,5733978.7
29176,1779678000000,5720157.7
29177,1779681600000,5715324.7
29178,1779685200000,5660794.7
29179,1779688800000,5626055.3
29180,1779692400000,5636567.1
29181,1779696000000,5632499.5
29182,1779699600000,5622283.5
29183,1779703200000,5619679.9
29184,1779706800000,5731321.7
29185,1779710400000,5714814.7
29186,1779714000000,5813665.2
29187,1779717600000,5800566.9
29188,1779721200000,5751904.7
29189,1779724800000,5675518.5
29190,1779728400000,5674236.7
29191,1779732000000,5657302.6
29192,1779735600000,5657865.5
29193,1779739200000,5654089.7
29194,1779742800000,5669005.7
29195,1779746400000,5663862.3
29196,1779750000000,5671333.1
29197,1779753600000,5693184.5
29198,1779757200000,5635454.7
29199,1779760800000,5669177.5
29200,1779764400000,5652138.1
29201,1779768000000,5625074.5
29202,1779771600000,5629822.1
29203,1779775200000,5636806.9
29204,1779778800000,5651647.7
29205,1779782400000,5641356.5
29206,1779786000000,5640796.2
29207,1779789600000,5647456.1
29208,1779793200000,5619730.7
29209,1779796800000,5556798.7
29210,1779800400000,5564249.7
29211,1779804000000,5540853.9
29212,1779807600000,5504344.5
29213,1779811200000,5477954.09999999
29214,1779814800000,5520053.9
29215,1779818400000,5594058.59999999
29216,1779822000000,5602204.7
29217,1779825600000,5611303.3
29218,1779829200000,5612720.59999999
29219,1779832800000,5601693.3
29220,1779836400000,5614971.09999999
29221,1779840000000,5615165.9
29222,1779843600000,5651689.1
29223,1779847200000,5649619.5
29224,1779850800000,5667110.5
29225,1779854400000,5658080.9
29226,1779858000000,5658591.3
29227,1779861600000,5664575.9
29228,1779865200000,5712940.7
29229,1779868800000,5705950.3
29230,1779872400000,5720235.9
29231,1779876000000,5723967.9
29232,1779879600000,5725495.1
29233,1779883200000,5741330.3
29234,1779886800000,5746749.3
29235,1779890400000,5751065.3
29236,1779894000000,5751525.7
29237,1779897600000,5700382.7
29238,1779901200000,5705257.7
29239,1779904800000,5720457.3
29240,1779908400000,5703475.3
29241,1779912000000,5699680.3
29242,1779915600000,5701763.9
29243,1779919200000,5694304.1
29244,1779922800000,5723598.7
29245,1779926400000,5736412.6
29246,1779930000000,5760211.2
29247,1779933600000,5750281.6
29248,1779937200000,5755059.4
29249,1779940800000,5793821.9
29250,1779944400000,5771567.0
29251,1779948000000,5940717.4
29252,1779951600000,5908984.2
29253,1779955200000,5926938.8
29254,1779958800000,5938882.8
29255,1779962400000,5957410.2
29256,1779966000000,5965011.0
29257,1779969600000,5985309.2
29258,1779973200000,5965785.2
29259,1779976800000,5960505.2
29260,1779980400000,6009779.0
29261,1779984000000,6045959.4
29262,1779987600000,6049914.9
29263,1779991200000,6051662.6
29264,1779994800000,5920558.2
29265,1779998400000,5895841.0
29266,1780002000000,5859806.6
29267,1780005600000,5811827.2
29268,1780009200000,5795657.0
29269,1780012800000,5795585.0
29270,1780016400000,5786222.3
29271,1780020000000,5787436.6
29272,1780023600000,5779495.6
29273,1780027200000,5768150.2
29274,1780030800000,5769344.0
29275,1780034400000,5799223.0
29276,1780038000000,5788693.0
29277,1780041600000,5774436.2
29278,1780045200000,5811997.4
29279,1780048800000,5840622.4
29280,1780052400000,5815607.4
29281,1780056000000,5812799.6
29282,1780059600000,5861990.2
29283,1780063200000,5858512.0
29284,1780066800000,5954782.6
29285,1780070400000,5795824.7
29286,1780074000000,5719917.3
29287,1780077600000,5729193.6
29288,1780081200000,5748837.8
29289,1780084800000,5734379.8
29290,1780088400000,5736361.6
29291,1780092000000,5711938.2
29292,1780095600000,5720700.2
29293,1780099200000,5722770.0
29294,1780102800000,5754929.3
29295,1780106400000,5831210.1
29296,1780110000000,5816696.6
29297,1780113600000,5792531.6
29298,1780117200000,5743689.1
29299,1780120800000,5741904.6
29300,1780124400000,5744355.8
29301,1780128000000,5737643.4
29302,1780131600000,5741433.3
29303,1780135200000,5757270.0
29304,1780138800000,5748648.2
29305,1780142400000,5749361.6
29306,1780146000000,5749706.6
29307,1780149600000,5790257.8
29308,1780153200000,5777436.8
29309,1780156800000,5771752.8
29310,1780160400000,5771296.2
29311,1780164000000,5770710.2
29312,1780167600000,5766368.8
29313,1780171200000,5774644.2
29314,1780174800000,5778589.0
29315,1780178400000,5762057.2
29316,1780182000000,5749979.6
29317,1780185600000,5744928.5
29318,1780189200000,5779426.8
29319,1780192800000,5781325.2
29320,1780196400000,5760268.0
29321,1780200000000,5747904.0
29322,1780203600000,5738179.0
29323,1780207200000,5781452.6
29324,1780210800000,5972790.0
29325,1780214400000,5966312.4
29326,1780218000000,5957196.0
29327,1780221600000,5955024.3
29328,1780225200000,5909644.6
29329,1780228800000,5901507.8
29330,1780232400000,5893086.0
29331,1780236000000,5891301.0
29332,1780239600000,5781471.4
29333,1780243200000,5788414.4
29334,1780246800000,5787374.0
29335,1780250400000,5812558.7
29336,1780254000000,5821993.4
29337,1780257600000,5964787.6
29338,1780261200000,5955752.5
29339,1780264800000,5917903.8
29340,1780268400000,5905692.2
29341,1780272000000,5894505.8
29342,1780275600000,5908106.4
29343,1780279200000,5906435.4
29344,1780282800000,5925486.5
29345,1780286400000,5886336.4
29346,1780290000000,5891696.2
29347,1780293600000,5899469.6
29348,1780297200000,5932374.5
29349,1780300800000,5918647.6
29350,1780304400000,5986841.4
29351,1780308000000,5969036.8
29352,1780311600000,5960535.8
29353,1780315200000,5959796.2
29354,1780318800000,5943866.6
29355,1780322400000,5969016.2
29356,1780326000000,5957390.7
29357,1780329600000,5861448.6
29358,1780333200000,5805834.0
29359,1780336800000,5783438.0
29360,1780340400000,5780406.6
29361,1780344000000,5778980.8
29362,1780347600000,5775845.6
29363,1780351200000,5736463.4
29364,1780354800000,5729770.0
29365,1780358400000,5731529.0
29366,1780362000000,5749272.8
29367,1780365600000,5759541.6
29368,1780369200000,5931703.6
29369,1780372800000,5904023.1
29370,1780376400000,5768414.8
29371,1780380000000,5755906.3
29372,1780383600000,5963346.0
29373,1780387200000,5963711.7
29374,1780390800000,5985552.6
29375,1780394400000,5991425.8
29376,1780398000000,5983525.4
29377,1780401600000,5991462.2
29378,1780405200000,6010920.1
29379,1780408800000,6016547.8
29380,1780412400000,5933274.2
29381,1780416000000,5954770.0
29382,1780419600000,5738556.6
29383,1780423200000,5706647.6
29384,1780426800000,5720938.4
29385,1780430400000,5640509.6
29386,1780434000000,5662201.6
29387,1780437600000,5670161.4
29388,1780441200000,5624901.7
29389,1780444800000,5658728.0
29390,1780448400000,5649009.6
29391,1780452000000,5670240.2
29392,1780455600000,5685839.6
29393,1780459200000,5672108.4
29394,1780462800000,5668220.8
29395,1780466400000,5647740.4
29396,1780470000000,5633171.2
29397,1780473600000,5631881.6
29398,1780477200000,5620012.09999999
29399,1780480800000,5627495.59999999
29400,1780484400000,5623201.3
29401,1780488000000,5625030.0
29402,1780491600000,5638475.8
29403,1780495200000,5620649.09999999
29404,1780498800000,5617873.7
29405,1780502400000,5624485.5
29406,1780506000000,5627009.3
29407,1780509600000,5600184.0
29408,1780513200000,5783879.6
29409,1780516800000,5648001.0
29410,1780520400000,5628779.9
29411,1780524000000,5603763.0
29412,1780527600000,5615445.0
29413,1780531200000,5632601.6
29414,1780534800000,5632078.1
29415,1780538400000,5623456.7
29416,1780542000000,5549692.59999999
29417,1780545600000,5527231.59999999
29418,1780549200000,5497748.59999999
29419,1780552800000,5498460.2
29420,1780556400000,5496134.4
29421,1780560000000,5487676.0
29422,1780563600000,5527928.2
29423,1780567200000,5506165.5
29424,1780570800000,5544405.2
29425,1780574400000,5634237.0
29426,1780578000000,5591433.2
29427,1780581600000,5526541.8
29428,1780585200000,5439618.8
29429,1780588800000,5474124.4
29430,1780592400000,5499286.8
29431,1780596000000,5500078.59999999
29432,1780599600000,5489290.3
29433,1780603200000,5478436.09999999
29434,1780606800000,5499489.59999999
29435,1780610400000,5452787.8
29436,1780614000000,5478299.9
29437,1780617600000,5482167.9
29438,1780621200000,5485580.09999999
29439,1780624800000,5503889.8
29440,1780628400000,5582509.59999999
29441,1780632000000,5595770.09999999
29442,1780635600000,5687080.7
29443,1780639200000,5759476.6
29444,1780642800000,5791439.0
29445,1780646400000,5732276.6
29446,1780650000000,5687414.6
29447,1780653600000,5692135.0
29448,1780657200000,5709002.8
29449,1780660800000,5714059.0
29450,1780664400000,5720462.9
29451,1780668000000,5597049.7
29452,1780671600000,5631445.6
29453,1780675200000,5624906.2
29454,1780678800000,5685421.2
29455,1780682400000,5668699.4
29456,1780686000000,5635037.7
29457,1780689600000,6412168.7
29458,1780693200000,6061002.2
29459,1780696800000,6062368.8
29460,1780700400000,5961687.7
29461,1780704000000,5938269.4
29462,1780707600000,5934100.4
29463,1780711200000,5950315.6
29464,1780714800000,5963866.6
29465,1780718400000,5941171.4
29466,1780722000000,5562205.2
29467,1780725600000,5458906.4
29468,1780729200000,5530922.7
29469,1780732800000,5582482.2
29470,1780736400000,5586438.09999999
29471,1780740000000,5581425.2
29472,1780743600000,5539360.3
29473,1780747200000,5558985.09999999
29474,1780750800000,5565789.8
29475,1780754400000,5608966.2
29476,1780758000000,5591892.2
29477,1780761600000,5530654.0
29478,1780765200000,5521509.0
29479,1780768800000,5510310.2
29480,1780772400000,5468749.2
29481,1780776000000,5456207.0
29482,1780779600000,5433846.2
29483,1780783200000,5536074.59999999
29484,1780786800000,5510156.8
29485,1780790400000,5538487.8
29486,1780794000000,5478420.4
29487,1780797600000,5603620.8
29488,1780801200000,5560018.59999999
29489,1780804800000,5544027.8
29490,1780808400000,5552276.4
29491,1780812000000,5530913.2
29492,1780815600000,5531533.7
29493,1780819200000,5491374.09999999
29494,1780822800000,5480288.2
29495,1780826400000,5400657.2
29496,1780830000000,5338977.4
29497,1780833600000,5323412.4
29498,1780837200000,5335388.0
29499,1780840800000,5333660.2
29500,1780844400000,5253692.09999999
29501,1780848000000,5254016.2
29502,1780851600000,5239799.3
29503,1780855200000,5239414.0
29504,1780858800000,5261062.0
29505,1780862400000,5344524.0
29506,1780866000000,5340228.0
29507,1780869600000,5293531.2
29508,1780873200000,5179104.7
29509,1780876800000,5164528.4
29510,1780880400000,5186553.4
29511,1780884000000,5224407.4
29512,1780887600000,5252406.7
29513,1780891200000,5244740.0
29514,1780894800000,5257469.5
29515,1780898400000,5228652.4
29516,1780902000000,5482723.4
29517,1780905600000,5435695.59999999
29518,1780909200000,5429898.4
29519,1780912800000,5433142.0
29520,1780916400000,5412209.2
29521,1780920000000,5369005.9
29522,1780923600000,5366498.4
29523,1780927200000,5334725.59999999
29524,1780930800000,5364043.8
29525,1780934400000,5354381.0
29526,1780938000000,5372843.7
29527,1780941600000,5385019.0
29528,1780945200000,5385387.0
29529,1780948800000,5404340.4
29530,1780952400000,5440269.0
29531,1780956000000,5429620.0
29532,1780959600000,5421294.59999999
29533,1780963200000,5421742.0
29534,1780966800000,5314041.2
29535,1780970400000,5170467.7
29536,1780974000000,5147675.2
29537,1780977600000,5161158.0
29538,1780981200000,5158957.4
29539,1780984800000,5152254.8
29540,1780988400000,5147005.59999999
29541,1780992000000,5144815.8
29542,1780995600000,5177601.0
29543,1780999200000,5166758.59999999
29544,1781002800000,5172030.3
29545,1781006400000,5185534.2
29546,1781010000000,5146361.4
29547,1781013600000,5162554.59999999
29548,1781017200000,5160933.0
29549,1781020800000,5117496.2
29550,1781024400000,5153211.5
29551,1781028000000,5211178.2
29552,1781031600000,5199657.8
29553,1781035200000,5217027.59999999
29554,1781038800000,5270596.59999999
29555,1781042400000,5206364.4
29556,1781046000000,5244905.0
29557,1781049600000,5225908.0
29558,1781053200000,5197913.2
29559,1781056800000,5203752.09999999
29560,1781060400000,5217427.8
29561,1781064000000,5228562.2
29562,1781067600000,5230206.4
29563,1781071200000,5222222.0
29564,1781074800000,5227282.09999999
29565,1781078400000,5219958.59999999
29566,1781082000000,5209399.0
29567,1781085600000,5189444.59999999
29568,1781089200000,5184691.4
29569,1781092800000,5196691.3
29570,1781096400000,5215503.59999999
29571,1781100000000,5247058.3
29572,1781103600000,5205662.8
29573,1781107200000,5183477.2
29574,1781110800000,5206697.0
29575,1781114400000,5204726.2
29576,1781118000000,5366730.4
29577,1781121600000,5393811.59999999
29578,1781125200000,5393550.3
29579,1781128800000,5334838.4
29580,1781132400000,5336801.8
29581,1781136000000,5316315.59999999
29582,1781139600000,5310517.8
29583,1781143200000,5328543.9
29584,1781146800000,5381333.4
29585,1781150400000,5298978.0
29586,1781154000000,5276205.4
29587,1781157600000,5212505.7
29588,1781161200000,5250591.59999999
29589,1781164800000,5259449.59999999
29590,1781168400000,5249608.4
29591,1781172000000,5219305.7
29592,1781175600000,5211892.4
29593,1781179200000,5197056.5
29594,1781182800000,5180359.2
29595,1781186400000,5167995.8
29596,1781190000000,5131359.59999999
29597,1781193600000,5119214.5
29598,1781197200000,5134004.2
29599,1781200800000,5203229.2
29600,1781204400000,5236805.0
29601,1781208000000,5278861.0
29602,1781211600000,5233954.2
29603,1781215200000,5214962.8
29604,1781218800000,5221401.0
29605,1781222400000,5230829.5
29606,1781226000000,5232099.0
29607,1781229600000,5183518.8
29608,1781233200000,5182641.8
29609,1781236800000,5166965.2
29610,1781240400000,5228163.0
29611,1781244000000,5215690.0
29612,1781247600000,5217962.59999999
29613,1781251200000,5190572.8
29614,1781254800000,5185936.09999999
29615,1781258400000,5202566.8
29616,1781262000000,5218440.9
29617,1781265600000,5212227.8
29618,1781269200000,5206515.2
29619,1781272800000,5250629.09999999
29620,1781276400000,5218215.2
29621,1781280000000,5171424.59999999
29622,1781283600000,5199396.8
29623,1781287200000,5201149.0
29624,1781290800000,5168004.2
29625,1781294400000,5182346.2
29626,1781298000000,5158187.4
29627,1781301600000,5130215.4
29628,1781305200000,5141325.0
29629,1781308800000,5136734.4
29630,1781312400000,5147496.4
29631,1781316000000,5154826.7
29632,1781319600000,5171334.59999999
29633,1781323200000,5169679.8
29634,1781326800000,5170187.59999999
29635,1781330400000,5150601.0
29636,1781334000000,5159321.0
29637,1781337600000,5336784.8
29638,1781341200000,5307218.8
29639,1781344800000,5300632.8
29640,1781348400000,5329875.8
29641,1781352000000,5319978.59999999
29642,1781355600000,5345424.59999999
29643,1781359200000,5324598.0
29644,1781362800000,5304511.8
29645,1781366400000,5521343.09999999
29646,1781370000000,5447874.59999999
29647,1781373600000,5455197.2
29648,1781377200000,5448755.09999999
29649,1781380800000,5467355.59999999
29650,1781384400000,5445079.4
29651,1781388000000,5387809.2
29652,1781391600000,5377091.4
29653,1781395200000,5376185.4
29654,1781398800000,5356525.2
29655,1781402400000,5355941.2
29656,1781406000000,5394224.4
29657,1781409600000,5412013.8
29658,1781413200000,5370357.59999999
29659,1781416800000,5372470.8
29660,1781420400000,5362495.59999999
29661,1781424000000,5365658.59999999
29662,1781427600000,5371326.2
29663,1781431200000,5251825.2
29664,1781434800000,5243337.5
29665,1781438400000,5245865.2
29666,1781442000000,5221444.4
29667,1781445600000,5076977.7
29668,1781449200000,5112486.9
29669,1781452800000,5122979.59999999
29670,1781456400000,5181690.0
29671,1781460000000,5148826.59999999
29672,1781463600000,5215469.8
29673,1781467200000,5286072.3
29674,1781470800000,5396300.7
29675,1781474400000,5150825.09999999
29676,1781478000000,5151784.2
29677,1781481600000,5146610.2
29678,1781485200000,5130586.0
29679,1781488800000,5121169.3
29680,1781492400000,5113150.8
29681,1781496000000,5105524.5
29682,1781499600000,5101775.8
29683,1781503200000,5144420.0
29684,1781506800000,5174903.0
29685,1781510400000,5145888.4
29686,1781514000000,5128163.0
29687,1781517600000,5095200.8
29688,1781521200000,5059713.7
29689,1781524800000,4950596.9
29690,1781528400000,4990213.9
29691,1781532000000,5038670.4
29692,1781535600000,5234793.9
29693,1781539200000,5252884.5
29694,1781542800000,5257534.0
29695,1781546400000,5088907.09999999
29696,1781550000000,5074491.9
29697,1781553600000,5027905.5
29698,1781557200000,5012438.0
29699,1781560800000,4983974.7
29700,1781564400000,4986920.5
29701,1781568000000,5017281.7
29702,1781571600000,5034289.5
29703,1781575200000,5025442.9
29704,1781578800000,5056209.7
29705,1781582400000,5097905.9
29706,1781586000000,5091279.59999999
29707,1781589600000,5099777.3
29708,1781593200000,5089637.3
29709,1781596800000,5131169.3
29710,1781600400000,5114642.7
29711,1781604000000,5118474.7
29712,1781607600000,5113181.9
29713,1781611200000,5104591.09999999
29714,1781614800000,5095921.7
29715,1781618400000,5029336.5
29716,1781622000000,5026689.9
29717,1781625600000,5056942.7
29718,1781629200000,5049670.5
29719,1781632800000,5011613.7
29720,1781636400000,5035691.0
29721,1781640000000,5085438.59999999
29722,1781643600000,5083254.9
29723,1781647200000,5098144.09999999
29724,1781650800000,5083311.9
29725,1781654400000,5087039.7
29726,1781658000000,5111012.8
29727,1781661600000,5106521.0
29728,1781665200000,5087629.5
29729,1781668800000,5077683.3
29730,1781672400000,5076251.3
29731,1781676000000,5076671.9
29732,1781679600000,5018982.3
29733,1781683200000,5043322.09999999
29734,1781686800000,5025207.09999999
29735,1781690400000,5022321.7
29736,1781694000000,5022026.9
29737,1781697600000,5098606.09999999
29738,1781701200000,5071218.3
29739,1781704800000,5116848.3
29740,1781708400000,5070535.09999999
29741,1781712000000,5041100.09999999
29742,1781715600000,4992304.0
29743,1781719200000,5016700.4
29744,1781722800000,5045882.09999999
29745,1781726400000,5025658.09999999
29746,1781730000000,5068953.09999999
29747,1781733600000,5050608.2
29748,1781737200000,5030009.3
29749,1781740800000,5051333.9
29750,1781744400000,5068144.3
29751,1781748000000,5058275.3
29752,1781751600000,5063178.7
29753,1781755200000,5068626.7
29754,1781758800000,5122647.4
29755,1781762400000,5183481.09999999
29756,1781766000000,5222110.5
29757,1781769600000,5228710.9
29758,1781773200000,5253784.3
29759,1781776800000,5280051.7
29760,1781780400000,5313255.5
29761,1781784000000,5344155.9
29762,1781787600000,5329920.9
29763,1781791200000,5252062.2
29764,1781794800000,5344411.4
29765,1781798400000,5799226.2
29766,1781802000000,5874113.0
29767,1781805600000,5903349.6
29768,1781809200000,5882844.6
29769,1781812800000,5898670.6
29770,1781816400000,5927091.6
29771,1781820000000,5915409.0
29772,1781823600000,5936872.2
29773,1781827200000,5981494.7
29774,1781830800000,6037638.4
29775,1781834400000,6062365.6
29776,1781838000000,6099034.6
29777,1781841600000,6074773.0
29778,1781845200000,6086765.1
29779,1781848800000,6078694.0
29780,1781852400000,6126234.4
29781,1781856000000,6178927.2
29782,1781859600000,6190805.5
29783,1781863200000,6138941.0
29784,1781866800000,6126289.7
29785,1781870400000,6168767.8
29786,1781874000000,6174442.6
29787,1781877600000,6160339.6
29788,1781881200000,6150289.6
29789,1781884800000,6177741.8
29790,1781888400000,6189301.8
29791,1781892000000,6337167.0
29792,1781895600000,6586324.7
29793,1781899200000,6796140.8
29794,1781902800000,6778481.2
29795,1781906400000,6826226.8
29796,1781910000000,6759891.5
29797,1781913600000,6723407.4
29798,1781917200000,6777701.0
29799,1781920800000,6788116.0
29800,1781924400000,6784541.1
29801,1781928000000,6716739.2
29802,1781931600000,6741752.9
29803,1781935200000,6676834.4
29804,1781938800000,6559716.0
29805,1781942400000,6447202.8
29806,1781946000000,6512330.4
29807,1781949600000,6429965.4
29808,1781953200000,6434866.6
29809,1781956800000,6445128.0
29810,1781960400000,6429891.7
29811,1781964000000,6454744.0
29812,1781967600000,6437339.0
29813,1781971200000,6448767.0
29814,1781974800000,6449016.1
29815,1781978400000,6458219.2
29816,1781982000000,6526907.4
29817,1781985600000,6540119.2
29818,1781989200000,6585301.6
29819,1781992800000,6604044.6
29820,1781996400000,6691669.0
29821,1782000000000,6709144.5
29822,1782003600000,6683378.4
29823,1782007200000,6669777.4
29824,1782010800000,6673520.4
29825,1782014400000,6686446.4
29826,1782018000000,6682602.8
29827,1782021600000,6638041.2
29828,1782025200000,6681823.6
29829,1782028800000,6629133.0
29830,1782032400000,6630383.0
29831,1782036000000,6600024.8
29832,1782039600000,6664654.2
29833,1782043200000,6472222.2
29834,1782046800000,6477438.0
29835,1782050400000,6443970.4
29836,1782054000000,6403885.3
29837,1782057600000,6380325.6
29838,1782061200000,6364877.0
29839,1782064800000,6342852.0
29840,1782068400000,6373772.6
29841,1782072000000,6360588.6
29842,1782075600000,6329797.4
29843,1782079200000,6238108.4
29844,1782082800000,6227595.2
29845,1782086400000,6233606.6
29846,1782090000000,6225028.6
29847,1782093600000,6060832.4
29848,1782097200000,6063151.0
29849,1782100800000,6090616.8
29850,1782104400000,6060378.7
29851,1782108000000,6088665.6
29852,1782111600000,6064426.1
29853,1782115200000,6060906.2
29854,1782118800000,6077292.6
29855,1782122400000,6063598.0
29856,1782126000000,6066194.5
29857,1782129600000,6081373.4
29858,1782133200000,6088702.0
29859,1782136800000,6075917.0
29860,1782140400000,6045729.4
29861,1782144000000,6016798.0
29862,1782147600000,5957148.0
29863,1782151200000,5914308.8
29864,1782154800000,5900057.4
29865,1782158400000,5897715.2
29866,1782162000000,5888933.4
29867,1782165600000,5867107.0
29868,1782169200000,5800123.6
29869,1782172800000,5795835.5
29870,1782176400000,5838151.8
29871,1782180000000,5838888.4
29872,1782183600000,5883782.9
29873,1782187200000,5828535.5
29874,1782190800000,5815786.6
29875,1782194400000,5779331.1
29876,1782198000000,5718443.6
29877,1782201600000,5719025.2
29878,1782205200000,5776789.1
29879,1782208800000,5831284.0
29880,1782212400000,5766663.0
29881,1782216000000,5757180.4
29882,1782219600000,5717599.8
29883,1782223200000,5670468.1
29884,1782226800000,5639902.8
29885,1782230400000,5682633.8
29886,1782234000000,5742455.1
29887,1782237600000,5737100.4
29888,1782241200000,5740898.2
29889,1782244800000,5729420.8
29890,1782248400000,5755308.5
29891,1782252000000,5691608.6
29892,1782255600000,5556173.4
29893,1782259200000,5582402.59999999
29894,1782262800000,5551161.4
29895,1782266400000,5504173.9
29896,1782270000000,5632829.1
29897,1782273600000,5659152.9
29898,1782277200000,5759244.1
29899,1782280800000,5737884.3
29900,1782284400000,5706513.5
29901,1782288000000,5731964.9
29902,1782291600000,5725749.4
29903,1782295200000,5737871.7
29904,1782298800000,5740316.4
29905,1782302400000,5725831.0
29906,1782306000000,5758093.5
29907,1782309600000,5776386.4
29908,1782313200000,5784365.7
29909,1782316800000,5675791.2
29910,1782320400000,5645430.5
29911,1782324000000,5678737.0
29912,1782327600000,5733355.9
29913,1782331200000,5698871.2
29914,1782334800000,5633449.3
29915,1782338400000,5608210.7
29916,1782342000000,5490319.9
29917,1782345600000,5486051.5
29918,1782349200000,5386679.8
29919,1782352800000,5384586.5
29920,1782356400000,5401232.7
29921,1782360000000,5398716.3
29922,1782363600000,5374586.9
29923,1782367200000,5333791.09999999
29924,1782370800000,5313545.4
29925,1782374400000,5329214.8
29926,1782378000000,5310480.9
29927,1782381600000,5303392.8
29928,1782385200000,5286404.7
29929,1782388800000,5318456.4
29930,1782392400000,5364382.8
29931,1782396000000,5504503.8
29932,1782399600000,5494845.0
29933,1782403200000,5482943.3
29934,1782406800000,5517681.59999999
29935,1782410400000,5519038.0
29936,1782414000000,5515611.8
29937,1782417600000,5506236.59999999
29938,1782421200000,5512747.7
29939,1782424800000,5502442.5
29940,1782428400000,5509176.3
29941,1782432000000,5502041.2
29942,1782435600000,5499609.59999999
29943,1782439200000,5512231.8
29944,1782442800000,5549440.2
29945,1782446400000,5583299.59999999
29946,1782450000000,5560334.2
29947,1782453600000,5568939.8
29948,1782457200000,5536860.4
29949,1782460800000,5392850.4
29950,1782464400000,5348040.59999999
29951,1782468000000,5347522.4
29952,1782471600000,5348535.4
29953,1782475200000,5340925.2
29954,1782478800000,5438695.3
29955,1782482400000,5398599.2
29956,1782486000000,5367544.7
29957,1782489600000,5323949.59999999
29958,1782493200000,5292074.59999999
29959,1782496800000,5180037.7
29960,1782500400000,5170933.5
29961,1782504000000,5202710.3
29962,1782507600000,5140460.3
29963,1782511200000,5122789.09999999
29964,1782514800000,5245647.8
29965,1782518400000,5214591.7
29966,1782522000000,5234874.9
29967,1782525600000,5225642.5
29968,1782529200000,5284344.2
29969,1782532800000,5172349.2
29970,1782536400000,5115174.2
29971,1782540000000,5095472.7
29972,1782543600000,5108733.09999999
29973,1782547200000,5121149.9
29974,1782550800000,5103328.09999999
29975,1782554400000,5101436.7
29976,1782558000000,5093676.9
29977,1782561600000,5197014.8
29978,1782565200000,5231927.0
29979,1782568800000,5210226.7
29980,1782572400000,5230657.9
29981,1782576000000,5169871.9
29982,1782579600000,5084599.5
29983,1782583200000,5060857.09999999
29984,1782586800000,5040660.5
29985,1782590400000,5008472.3
29986,1782594000000,4999358.9
29987,1782597600000,4943617.09999999
29988,1782601200000,4946728.7
29989,1782604800000,4944969.09999999
29990,1782608400000,4952928.09999999
29991,1782612000000,4957627.7
29992,1782615600000,4939493.09999999
29993,1782619200000,4946105.7
29994,1782622800000,4969457.5
29995,1782626400000,4972762.3
29996,1782630000000,5051515.0
29997,1782633600000,5059486.7
29998,1782637200000,5140935.09999999
29999,1782640800000,5188922.09999999
30000,1782644400000,5165186.4
30001,1782648000000,5152812.9
30002,1782651600000,5168079.09999999
30003,1782655200000,5221931.59999999
30004,1782658800000,5209759.09999999
30005,1782662400000,5210073.3
30006,1782666000000,5210716.5
30007,1782669600000,5218466.59999999
30008,1782673200000,5213606.2
30009,1782676800000,5227921.7
30010,1782680400000,5224638.3
30011,1782684000000,5176889.09999999
30012,1782687600000,5195912.3
30013,1782691200000,5201582.9
30014,1782694800000,5208458.5
30015,1782698400000,5176707.7
30016,1782702000000,5116735.7
30017,1782705600000,5052454.0
30018,1782709200000,5053679.3
30019,1782712800000,5038358.5
30020,1782716400000,5006136.5
30021,1782720000000,4979812.5
30022,1782723600000,4976235.09999999
30023,1782727200000,4999973.5
30024,1782730800000,4998520.3
30025,1782734400000,4996323.3
30026,1782738000000,5080171.09999999
30027,1782741600000,5010034.59999999
30028,1782745200000,5057023.09999999
30029,1782748800000,5066624.09999999
30030,1782752400000,5169184.9
30031,1782756000000,5028458.7
30032,1782759600000,5030124.7
30033,1782763200000,5029864.5
30034,1782766800000,5073997.0
30035,1782770400000,5037072.9
30036,1782774000000,5024892.09999999
30037,1782777600000,5020449.3
30038,1782781200000,5016801.9
30039,1782784800000,5006776.5
30040,1782788400000,5064441.3
30041,1782792000000,4993712.5
30042,1782795600000,5008308.9
30043,1782799200000,4973778.9
30044,1782802800000,4987673.5
30045,1782806400000,4993187.7
30046,1782810000000,5066013.5
30047,1782813600000,5074971.7
30048,1782817200000,5067224.7
30049,1782820800000,5055302.9
30050,1782824400000,5026080.2
30051,1782828000000,5044406.8
30052,1782831600000,5097497.0
30053,1782835200000,5109817.09999999
30054,1782838800000,5095734.7
30055,1782842400000,5084472.5
30056,1782846000000,5107452.9
30057,1782849600000,5102172.9
30058,1782853200000,5120913.09999999
30059,1782856800000,5104866.3
30060,1782860400000,5076688.09999999
30061,1782864000000,5082074.7
30062,1782867600000,5071547.0
30063,1782871200000,5076162.7
30064,1782874800000,5084630.09999999
30065,1782878400000,5139159.09999999
30066,1782882000000,5127905.3
30067,1782885600000,5137002.9
30068,1782889200000,5212040.7
30069,1782892800000,5210208.7
30070,1782896400000,5200353.3
30071,1782900000000,5211478.5
30072,1782903600000,5275070.59999999
30073,1782907200000,5277908.2
30074,1782910800000,5264119.7
30075,1782914400000,5231013.9
30076,1782918000000,5202562.5
30077,1782921600000,5208737.5
30078,1782925200000,5186442.5
30079,1782928800000,5181985.09999999
30080,1782932400000,5133830.7
30081,1782936000000,5109337.5
30082,1782939600000,5112013.09999999
30083,1782943200000,5117257.9
30084,1782946800000,5090542.09999999
30085,1782950400000,5073844.7
30086,1782954000000,5130422.5
30087,1782957600000,5126553.5
30088,1782961200000,5110221.9
30089,1782964800000,5108320.09999999
30090,1782968400000,5100721.7
30091,1782972000000,5069499.9
30092,1782975600000,5051576.7
30093,1782979200000,5099491.3
30094,1782982800000,5093815.3
30095,1782986400000,5097613.7
30096,1782990000000,5148135.9
30097,1782993600000,5135188.7
30098,1782997200000,5139588.09999999
30099,1783000800000,5146270.7
30100,1783004400000,5117656.0
30101,1783008000000,5087658.3
30102,1783011600000,5093280.09999999
30103,1783015200000,5110449.3
30104,1783018800000,5102791.09999999
30105,1783022400000,5082660.3
30106,1783026000000,5068318.7
30107,1783029600000,5000204.9
30108,1783033200000,4971430.4
30109,1783036800000,4959360.7
30110,1783040400000,4949890.5
30111,1783044000000,4944076.9
30112,1783047600000,4953245.5
30113,1783051200000,4987928.3
30114,1783054800000,5128817.9
30115,1783058400000,5124511.09999999
30116,1783062000000,5112603.7
30117,1783065600000,5147904.4
30118,1783069200000,5125880.59999999
30119,1783072800000,5121265.9
30120,1783076400000,5186527.5
30121,1783080000000,5187811.7
30122,1783083600000,5220583.5
30123,1783087200000,5238331.7
30124,1783090800000,5217518.5
30125,1783094400000,5215056.9
30126,1783098000000,5155586.9
30127,1783101600000,5137293.09999999
30128,1783105200000,5149640.3
30129,1783108800000,5126306.9
30130,1783112400000,4958480.5
30131,1783116000000,4903659.3
30132,1783119600000,4894275.3
30133,1783123200000,4931713.3
30134,1783126800000,4957597.5
30135,1783130400000,4875590.2
30136,1783134000000,4930265.9
30137,1783137600000,4945206.5
30138,1783141200000,4917883.3
30139,1783144800000,4917112.7
30140,1783148400000,4915027.5
30141,1783152000000,4915678.9
30142,1783155600000,4949839.7
30143,1783159200000,4971624.9
30144,1783162800000,5029257.7
30145,1783166400000,5046404.8
30146,1783170000000,5048219.09999999
30147,1783173600000,5067278.5
30148,1783177200000,5092307.7
30149,1783180800000,4988215.8
30150,1783184400000,5018406.7
30151,1783188000000,5065537.09999999
30152,1783191600000,5092405.9
30153,1783195200000,5130635.09999999
30154,1783198800000,5079064.5
30155,1783202400000,5108537.9
30156,1783206000000,5116103.3
30157,1783209600000,5107318.3
30158,1783213200000,5125680.9
30159,1783216800000,5085732.9
30160,1783220400000,5145772.3
30161,1783224000000,5169153.09999999
30162,1783227600000,5152111.7
30163,1783231200000,5137599.3
30164,1783234800000,5219408.3
30165,1783238400000,5232736.7
30166,1783242000000,5248265.9
30167,1783245600000,5246461.5
30168,1783249200000,5332568.09999999
30169,1783252800000,5377430.4
30170,1783256400000,5403587.5
30171,1783260000000,5413847.09999999
30172,1783263600000,5376392.3
30173,1783267200000,5299615.0
30174,1783270800000,5291996.7
30175,1783274400000,5238826.7
30176,1783278000000,5234305.9
30177,1783281600000,5206415.7
30178,1783285200000,5185552.7
30179,1783288800000,5129159.5
30180,1783292400000,5129574.7
30181,1783296000000,5090113.3
30182,1783299600000,5036888.2
30183,1783303200000,5082151.3
30184,1783306800000,5089989.09999999
30185,1783310400000,5096537.5
30186,1783314000000,5095866.59999999
30187,1783317600000,5112738.5
30188,1783321200000,5103341.09999999
30189,1783324800000,5116677.5
30190,1783328400000,5107264.9
30191,1783332000000,5102224.7
30192,1783335600000,5113881.3
30193,1783339200000,5114902.7
30194,1783342800000,5166580.09999999
30195,1783346400000,5179015.9
30196,1783350000000,5274307.9
30197,1783353600000,5213328.7
30198,1783357200000,5000219.9
30199,1783360800000,5012893.5
30200,1783364400000,5095035.9
30201,1783368000000,5150689.09999999
30202,1783371600000,5220623.0
30203,1783375200000,5169793.09999999
30204,1783378800000,5176551.9
30205,1783382400000,5090344.3
30206,1783386000000,5084217.09999999
30207,1783389600000,5076392.5
30208,1783393200000,5109509.4
30209,1783396800000,5101845.9
30210,1783400400000,5098912.3
30211,1783404000000,5072326.7
30212,1783407600000,5083889.9
30213,1783411200000,5112527.9
30214,1783414800000,5155468.09999999
30215,1783418400000,5169449.09999999
30216,1783422000000,5144940.3
30217,1783425600000,5162530.7
30218,1783429200000,5160570.0
30219,1783432800000,5180934.7
30220,1783436400000,5166008.8
30221,1783440000000,5068491.9
30222,1783443600000,4896514.09999999
30223,1783447200000,4939244.09999999
30224,1783450800000,4949216.3
30225,1783454400000,4953864.09999999
30226,1783458000000,4948407.9
30227,1783461600000,4929825.09999999
30228,1783465200000,4961052.9
30229,1783468800000,4963995.7
30230,1783472400000,4962005.3
30231,1783476000000,5004181.09999999
30232,1783479600000,5118373.09999999
30233,1783483200000,5161157.09999999
30234,1783486800000,5197773.9
30235,1783490400000,5187509.2
30236,1783494000000,5210083.9
30237,1783497600000,5245324.5
30238,1783501200000,5464093.3
30239,1783504800000,5515024.7
30240,1783508400000,5519339.7
30241,1783512000000,5501666.7
30242,1783515600000,5523251.3
30243,1783519200000,5525218.9
30244,1783522800000,5507831.5
30245,1783526400000,5503988.9
30246,1783530000000,5493796.7
30247,1783533600000,5509730.3
30248,1783537200000,5516448.8
30249,1783540800000,5525264.5
30250,1783544400000,5525767.9
30251,1783548000000,5532001.9
30252,1783551600000,5527966.9
30253,1783555200000,5525844.0
30254,1783558800000,5522940.5
30255,1783562400000,5558960.09999999
30256,1783566000000,5550535.3
30257,1783569600000,5579762.09999999
30258,1783573200000,5574820.5
30259,1783576800000,5528012.09999999
30260,1783580400000,5504914.2
30261,1783584000000,5525719.4
30262,1783587600000,5521317.7
30263,1783591200000,5512186.59999999
30264,1783594800000,5495793.2
30265,1783598400000,5480065.59999999
30266,1783602000000,5399231.8
30267,1783605600000,5360287.59999999
30268,1783609200000,5419967.09999999
30269,1783612800000,5373339.0
30270,1783616400000,5346635.8
30271,1783620000000,5331572.7
30272,1783623600000,5304800.4
30273,1783627200000,5288763.59999999
30274,1783630800000,5270934.2
30275,1783634400000,5251927.2
30276,1783638000000,5250484.2
30277,1783641600000,5237771.4
30278,1783645200000,5274100.4
30279,1783648800000,5256797.0
30280,1783652400000,5239049.59999999
30281,1783656000000,5228671.5
30282,1783659600000,5245074.8
30283,1783663200000,5239775.0
30284,1783666800000,5228626.2
30285,1783670400000,5146759.4
30286,1783674000000,5133554.0
30287,1783677600000,5120958.2
30288,1783681200000,5150683.4
30289,1783684800000,5140548.2
30290,1783688400000,5135383.2
30291,1783692000000,5166998.4
30292,1783695600000,5125540.59999999
30293,1783699200000,5109323.59999999
30294,1783702800000,5122125.0
30295,1783706400000,5115675.8
30296,1783710000000,5101500.8
30297,1783713600000,5084467.59999999
30298,1783717200000,5064784.2
30299,1783720800000,4998216.0
30300,1783724400000,4997098.2
30301,1783728000000,4987430.2
30302,1783731600000,4981531.0
30303,1783735200000,4995234.0
30304,1783738800000,5010639.0
30305,1783742400000,5005207.59999999
30306,1783746000000,5006550.4
30307,1783749600000,5002046.59999999
30308,1783753200000,4994511.2
30309,1783756800000,5006978.59999999
30310,1783760400000,5021083.0
30311,1783764000000,5037389.59999999
30312,1783767600000,5041810.0
30313,1783771200000,5026721.8
30314,1783774800000,5033637.4
30315,1783778400000,5046971.9
30316,1783782000000,5058303.2
30317,1783785600000,5048429.4
30318,1783789200000,5030775.0
30319,1783792800000,5043942.0
30320,1783796400000,5069881.4
30321,1783800000000,5058295.8
30322,1783803600000,5054505.2
30323,1783807200000,5026038.4
30324,1783810800000,5027218.2
30325,1783814400000,4871223.09999999
30326,1783818000000,4958682.9
30327,1783821600000,4994914.9
30328,1783825200000,5013884.5
30329,1783828800000,4993889.7
30330,1783832400000,5029744.5
30331,1783836000000,5029144.09999999
30332,1783839600000,5286154.7
30333,1783843200000,5275795.59999999
30334,1783846800000,5321406.7
30335,1783850400000,5347577.09999999
30336,1783854000000,5305212.09999999
30337,1783857600000,5306695.09999999
30338,1783861200000,5319851.09999999
30339,1783864800000,5315107.3
30340,1783868400000,5322501.9
30341,1783872000000,5322837.09999999
30342,1783875600000,5355485.7
30343,1783879200000,5359366.9
30344,1783882800000,5399968.3
30345,1783886400000,5355069.7
30346,1783890000000,5363047.09999999
30347,1783893600000,5289241.5
30348,1783897200000,5298715.5
30349,1783900800000,5331405.9
30350,1783904400000,5240548.3
30351,1783908000000,5258891.3
30352,1783911600000,5264645.5
30353,1783915200000,5362453.09999999
30354,1783918800000,5459503.7
30355,1783922400000,5449884.09999999
30356,1783926000000,5436921.7
30357,1783929600000,5464171.09999999
30358,1783933200000,5475672.7
30359,1783936800000,5492215.09999999
30360,1783940400000,5474581.3
30361,1783944000000,5477501.7
30362,1783947600000,5557845.7
30363,1783951200000,5614975.9
30364,1783954800000,5483731.9
30365,1783958400000,5351898.5
30366,1783962000000,5232161.5
30367,1783965600000,5174557.09999999
30368,1783969200000,5154929.5
30369,1783972800000,5154081.09999999
30370,1783976400000,5124050.5
30371,1783980000000,5134847.9
30372,1783983600000,5134874.9
30373,1783987200000,5152643.7
30374,1783990800000,5194855.9
30375,1783994400000,5198299.3
30376,1783998000000,5197443.09999999
30377,1784001600000,5210643.2
30378,1784005200000,5213944.3
30379,1784008800000,5223784.59999999
30380,1784012400000,5207056.3
30381,1784016000000,5199853.3
30382,1784019600000,5185175.7
30383,1784023200000,5194414.7
30384,1784026800000,5215444.9
30385,1784030400000,5230006.09999999
30386,1784034000000,5203185.5
30387,1784037600000,5199175.59999999
30388,1784041200000,5212529.0
30389,1784044800000,5309747.3
30390,1784048400000,5357998.5
30391,1784052000000,5362104.5
30392,1784055600000,5361491.5
30393,1784059200000,5352267.09999999
30394,1784062800000,5389782.9
30395,1784066400000,5373946.9
30396,1784070000000,5380586.5
30397,1784073600000,5354723.3
30398,1784077200000,5244724.9
30399,1784080800000,5181491.9
30400,1784084400000,5120996.9
30401,1784088000000,5153076.9
30402,1784091600000,5115627.09999999
30403,1784095200000,5114842.8
30404,1784098800000,5103755.9
30405,1784102400000,5076126.5
30406,1784106000000,5112993.7
30407,1784109600000,5085158.5
30408,1784113200000,5078326.5
30409,1784116800000,5068074.09999999
30410,1784120400000,4977596.9
30411,1784124000000,4970921.3
30412,1784127600000,4998249.09999999
30413,1784131200000,5022681.5
30414,1784134800000,5046868.5
30415,1784138400000,5074346.0
30416,1784142000000,5055013.09999999
30417,1784145600000,5039779.5
30418,1784149200000,5034506.3
30419,1784152800000,4994699.7
30420,1784156400000,5013803.7
30421,1784160000000,5013499.9
30422,1784163600000,4990694.09999999
30423,1784167200000,4997580.7
30424,1784170800000,4997106.3
30425,1784174400000,4968369.0
30426,1784178000000,4968978.09999999
30427,1784181600000,4981793.09999999
30428,1784185200000,4993104.3
30429,1784188800000,4962183.09999999
30430,1784192400000,4926576.3
30431,1784196000000,4922616.9
30432,1784199600000,4915053.09999999
30433,1784203200000,4934423.7
30434,1784206800000,5058147.4
30435,1784210400000,5051678.5
30436,1784214000000,5022873.5
30437,1784217600000,5002938.3
30438,1784221200000,4980098.9
30439,1784224800000,5001664.59999999
30440,1784228400000,4980574.7
30441,1784232000000,4965193.9
30442,1784235600000,4956646.09999999
30443,1784239200000,4919046.3
30444,1784242800000,4921707.9
30445,1784246400000,4920053.5
30446,1784250000000,5024807.3
30447,1784253600000,5013426.7
30448,1784257200000,4982806.7
30449,1784260800000,4963176.0
30450,1784264400000,4963499.09999999
30451,1784268000000,4976929.7
30452,1784271600000,4904948.09999999
30453,1784275200000,4894108.9
30454,1784278800000,4899604.9
30455,1784282400000,4900787.09999999
30456,1784286000000,4894616.0
30457,1784289600000,4896172.59999999
30458,1784293200000,4905130.09999999
30459,1784296800000,4925168.3
30460,1784300400000,4937620.9
30461,1784304000000,4935330.5
30462,1784307600000,4925466.8
30463,1784311200000,4902917.5
30464,1784314800000,4803475.5
30465,1784318400000,4767008.9
30466,1784322000000,4745931.5
30467,1784325600000,4722079.5
30468,1784329200000,4729679.3
30469,1784332800000,4854661.5
30470,1784336400000,4799003.09999999
30471,1784340000000,4762880.09999999
30472,1784343600000,4766690.59999999
30473,1784347200000,4781531.09999999
30474,1784350800000,4776782.9
30475,1784354400000,4794651.5
30476,1784358000000,4848919.9
30477,1784361600000,4885163.7
30478,1784365200000,4892110.9
30479,1784368800000,4833197.09999999
30480,1784372400000,4848690.9
30481,1784376000000,4856286.09999999
30482,1784379600000,4864134.7
30483,1784383200000,4877324.09999999
30484,1784386800000,4890314.7
30485,1784390400000,4894468.0
30486,1784394000000,4897938.8
30487,1784397600000,5075146.0
30488,1784401200000,5063838.0
30489,1784404800000,5042847.0
30490,1784408400000,5027987.59999999
30491,1784412000000,4940498.2
30492,1784415600000,4937545.2
30493,1784419200000,4932089.0
30494,1784422800000,4976350.3
30495,1784426400000,4984613.7
30496,1784430000000,4984448.5
30497,1784433600000,4940521.5
30498,1784437200000,4928528.9
30499,1784440800000,4916377.09999999
30500,1784444400000,4892513.4
30501,1784448000000,4886825.0
30502,1784451600000,4888106.9
30503,1784455200000,4833203.2
30504,1784458800000,4795958.4
30505,1784462400000,4780549.4
30506,1784466000000,4860496.2
30507,1784469600000,4848858.59999999
30508,1784473200000,4877532.8
30509,1784476800000,4869929.59999999
30510,1784480400000,4863178.59999999
30511,1784484000000,4872473.4
30512,1784487600000,4833496.2
30513,1784491200000,4840378.8
30514,1784494800000,4847616.9
30515,1784498400000,4804028.8
30516,1784502000000,4828418.7
30517,1784505600000,4865371.3
30518,1784509200000,4797046.7
30519,1784512800000,4784474.9
30520,1784516400000,4724505.7
30521,1784520000000,4755000.59999999
30522,1784523600000,4753138.9
30523,1784527200000,4766253.3
30524,1784530800000,4740342.9
30525,1784534400000,4728373.7
30526,1784538000000,4728897.3
30527,1784541600000,4710202.09999999
30528,1784545200000,4710830.3
30529,1784548800000,4729996.5
30530,1784552400000,4721644.5
30531,1784556000000,4717776.3
30532,1784559600000,4717837.59999999
30533,1784563200000,4705014.7
30534,1784566800000,4701115.59999999
30535,1784570400000,4682127.2
30536,1784574000000,4660928.59999999
30537,1784577600000,4666556.5
30538,1784581200000,4696296.7
30539,1784584800000,4685253.9
30540,1784588400000,4660996.2
30541,1784592000000,4663578.59999999
30542,1784595600000,4656167.59999999
30543,1784599200000,4666902.5
30544,1784602800000,4655067.3
30545,1784606400000,4645807.2
30546,1784610000000,4660966.3
30547,1784613600000,4669775.2
30548,1784617200000,4699874.8
30549,1784620800000,4700633.9
30550,1784624400000,4725425.5
30551,1784628000000,4721142.5
30552,1784631600000,4739555.7
30553,1784635200000,4747036.8
30554,1784638800000,4748723.0
30555,1784642400000,4738021.2
30556,1784646000000,4732942.9
30557,1784649600000,4739318.0
30558,1784653200000,4737923.2
30559,1784656800000,4727760.0
30560,1784660400000,4719298.4
30561,1784664000000,4713822.4
30562,1784667600000,4722102.0
30563,1784671200000,4664573.59999999
30564,1784674800000,4642676.4
30565,1784678400000,4539941.8
30566,1784682000000,4562762.59999999
30567,1784685600000,4569911.09999999
30568,1784689200000,4558354.3
30569,1784692800000,4582281.0
30570,1784696400000,4578029.2
30571,1784700000000,4590058.0
30572,1784703600000,4570909.0
30573,1784707200000,4580878.4
30574,1784710800000,4601545.8
30575,1784714400000,4604150.59999999
30576,1784718000000,4599508.8
30577,1784721600000,4622621.9
30578,1784725200000,4638360.4
30579,1784728800000,4612326.9
30580,1784732400000,4573878.4
30581,1784736000000,4620536.2
30582,1784739600000,4627398.5
30583,1784743200000,4686349.8
30584,1784746800000,4673844.2
30585,1784750400000,4641407.09999999
30586,1784754000000,4623134.59999999
30587,1784757600000,4639635.0
30588,1784761200000,4627338.7
30589,1784764800000,4652529.8
30590,1784768400000,4682471.59999999
30591,1784772000000,4700375.0
30592,1784775600000,4659695.8
30593,1784779200000,4715785.8
30594,1784782800000,4623389.59999999
30595,1784786400000,4640355.8
30596,1784790000000,4646677.4
30597,1784793600000,4658920.2
30598,1784797200000,4672944.0
30599,1784800800000,4672642.0
30600,1784804400000,4686616.4
30601,1784808000000,4680372.4
30602,1784811600000,4680932.4
30603,1784815200000,4689640.59999999
30604,1784818800000,4711601.8
30605,1784822400000,4750964.59999999
30606,1784826000000,4773419.8
30607,1784829600000,4800454.5
30608,1784833200000,4860308.0
30609,1784836800000,4878072.2
30610,1784840400000,4908225.4
30611,1784844000000,4838026.09999999
30612,1784847600000,4846522.8
30613,1784851200000,4849114.8
30614,1784854800000,4865573.59999999
30615,1784858400000,4967885.2
30616,1784862000000,4958748.8
30617,1784865600000,4969237.3
30618,1784869200000,4969537.2
30619,1784872800000,5010797.7
30620,1784876400000,5002566.59999999
30621,1784880000000,5014161.2
30622,1784883600000,5012577.59999999
30623,1784887200000,5091897.8
30624,1784890800000,5100178.2
30625,1784894400000,5119283.59999999
30626,1784898000000,5150310.59999999
30627,1784901600000,5087647.0
30628,1784905200000,5101739.2
30629,1784908800000,5138604.0
30630,1784912400000,5219715.59999999
30631,1784916000000,5206545.59999999
30632,1784919600000,5207836.8
30633,1784923200000,5206070.8
30634,1784926800000,5206032.4
30635,1784930400000,5177081.3
30636,1784934000000,5196737.4
30637,1784937600000,5174255.59999999
30638,1784941200000,5217159.8
30639,1784944800000,5206745.0
30640,1784948400000,5195303.7
30641,1784952000000,5185650.2
30642,1784955600000,5175917.7
30643,1784959200000,5170827.59999999
30644,1784962800000,5144241.59999999
30645,1784966400000,5155080.8
30646,1784970000000,5144333.5
30647,1784973600000,5149898.2
30648,1784977200000,5143761.2
30649,1784980800000,5150414.2
30650,1784984400000,5149774.2
30651,1784988000000,5006531.09999999
30652,1784991600000,4978491.2
30653,1784995200000,5079135.3
30654,1784998800000,5172351.7
30655,1785002400000,5144430.2
30656,1785006000000,5094326.0
30657,1785009600000,5114955.4
30658,1785013200000,5100278.4
30659,1785016800000,5040099.2
30660,1785020400000,5152645.5
30661,1785024000000,5080058.8
30662,1785027600000,4967560.2
30663,1785031200000,4977767.59999999
30664,1785034800000,4992212.4
30665,1785038400000,5008022.8
30666,1785042000000,5013019.0
30667,1785045600000,5089576.3
30668,1785049200000,5095417.59999999
30669,1785052800000,5100532.5
30670,1785056400000,5125957.59999999
30671,1785060000000,5104880.4
30672,1785063600000,5055787.4
30673,1785067200000,5021773.0
30674,1785070800000,5021723.0
30675,1785074400000,5011811.59999999
30676,1785078000000,5044777.8
30677,1785081600000,5049469.8
30678,1785085200000,5045611.7
30679,1785088800000,5031805.4
30680,1785092400000,5021304.2
30681,1785096000000,5030059.2
30682,1785099600000,5028920.2
30683,1785103200000,4996275.0
30684,1785106800000,4991149.4
30685,1785110400000,4946139.2
30686,1785114000000,4991987.59999999
30687,1785117600000,4981127.0
30688,1785121200000,4991718.5
30689,1785124800000,4960920.8
30690,1785128400000,4962376.0
30691,1785132000000,4964042.2
30692,1785135600000,4966088.0
30693,1785139200000,4998899.2
30694,1785142800000,4966529.0
30695,1785146400000,4941551.4
30696,1785150000000,4905476.59999999
30697,1785153600000,4918078.8
30698,1785157200000,4920356.2
30699,1785160800000,4893420.2
30700,1785164400000,4842885.59999999
30701,1785168000000,4769691.0
30702,1785171600000,4666635.0
30703,1785175200000,4656946.59999999
30704,1785178800000,4663630.09999999
30705,1785182400000,4754851.59999999
30706,1785186000000,4763873.8
30707,1785189600000,4728657.2
30708,1785193200000,4785877.59999999
30709,1785196800000,4886231.9
30710,1785200400000,4981076.7
30711,1785204000000,4965652.59999999
30712,1785207600000,4953866.9
30713,1785211200000,4947750.2
30714,1785214800000,4968138.0
30715,1785218400000,4962335.2
30716,1785222000000,4967920.2
30717,1785225600000,4976069.7
30718,1785229200000,4971910.7
30719,1785232800000,4981633.2
30720,1785236400000,4981729.4
30721,1785240000000,4992488.09999999
30722,1785243600000,5009767.4
30723,1785247200000,4993601.0
30724,1785250800000,4992360.8
30725,1785254400000,4942708.2
30726,1785258000000,4947264.5
30727,1785261600000,4946708.5
30728,1785265200000,4941971.8
30729,1785268800000,4978760.8
30730,1785272400000,4988030.59999999
30731,1785276000000,4965004.59999999
30732,1785279600000,4949170.59999999
30733,1785283200000,4927713.3
30734,1785286800000,4945377.59999999
30735,1785290400000,4930718.2
30736,1785294000000,4929770.59999999
30737,1785297600000,4936226.59999999
30738,1785301200000,4904789.0
30739,1785304800000,4901668.4
30740,1785308400000,4909276.4
30741,1785312000000,4913148.0
30742,1785315600000,4950548.59999999
30743,1785319200000,4946415.59999999
30744,1785322800000,4931291.59999999
30745,1785326400000,4928888.2
30746,1785330000000,4934838.59999999
30747,1785333600000,4950242.9
30748,1785337200000,4951830.5
30749,1785340800000,4931300.0
30750,1785344400000,4934862.7
30751,1785348000000,4956630.9
30752,1785351600000,4922064.59999999
30753,1785355200000,4890691.0
30754,1785358800000,4881554.7
30755,1785362400000,4829793.5
30756,1785366000000,4824022.3
30757,1785369600000,4804180.3
30758,1785373200000,4816340.8
30759,1785376800000,4817500.5
30760,1785380400000,4830949.3
30761,1785384000000,4847816.9
30762,1785387600000,4832280.5
30763,1785391200000,4838299.09999999
30764,1785394800000,4840674.7
30765,1785398400000,4828661.4
30766,1785402000000,4829122.5
30767,1785405600000,4837342.09999999
30768,1785409200000,4855686.5
30769,1785412800000,4855472.9
30770,1785416400000,4868176.7
30771,1785420000000,4891859.2
30772,1785423600000,4894828.5
30773,1785427200000,4914239.8
30774,1785430800000,4914925.4
30775,1785434400000,4917781.59999999
30776,1785438000000,4913288.8
30777,1785441600000,4924270.4
30778,1785445200000,4942102.9
30779,1785448800000,4921589.9
30780,1785452400000,4932926.5
30781,1785456000000,4947395.7
30782,1785459600000,4992992.8
30783,1785463200000,5011894.5
30784,1785466800000,5006035.4
30785,1785470400000,4977007.4
30786,1785474000000,4980503.59999999
30787,1785477600000,4967034.09999999
30788,1785481200000,4951400.8
30789,1785484800000,4913254.4
30790,1785488400000,4925590.7
30791,1785492000000,4914829.9
30792,1785495600000,4940482.5
30793,1785499200000,4924872.3
30794,1785502800000,4911064.5
30795,1785506400000,4891731.3
30796,1785510000000,4969427.8
30797,1785513600000,4975363.0
30798,1785517200000,4957232.2
30799,1785520800000,4947035.59999999
30800,1785524400000,4920645.8
30801,1785528000000,4914906.59999999
30802,1785531600000,4926098.4
30803,1785535200000,4905056.09999999
30804,1785538800000,4923761.9
30805,1785542400000,4924190.9
30806,1785546000000,4918178.9
30807,1785549600000,4917652.5
30808,1785553200000,4923026.2
30809,1785556800000,4924183.9
30810,1785560400000,4927786.5
30811,1785564000000,4926366.09999999
30812,1785567600000,4964782.5
30813,1785571200000,4987004.9
30814,1785574800000,4996875.9
30815,1785578400000,5021170.09999999
30816,1785582000000,5041324.5
30817,1785585600000,5072335.09999999
30818,1785589200000,5106646.7
30819,1785592800000,5115298.4
30820,1785596400000,5144966.7
30821,1785600000000,5161999.4
30822,1785603600000,5127940.59999999
30823,1785607200000,5135291.59999999
30824,1785610800000,5205191.5
30825,1785614400000,5200543.7
30826,1785618000000,5213225.5
30827,1785621600000,5165122.0
30828,1785625200000,5172142.0
30829,1785628800000,5165886.8
30830,1785632400000,5130411.4
30831,1785636000000,5324225.59999999
30832,1785639600000,5253267.4
30833,1785643200000,5240666.4
30834,1785646800000,5133651.0
30835,1785650400000,5310723.5
30836,1785654000000,5338173.5
30837,1785657600000,5278244.4
30838,1785661200000,5236573.2
30839,1785664800000,5238597.3
30840,1785668400000,5245710.9
30841,1785672000000,5277791.7
30842,1785675600000,5285049.7
30843,1785679200000,5301047.9
30844,1785682800000,5305811.5
30845,1785686400000,5307713.7
30846,1785690000000,5286101.7
30847,1785693600000,5297574.9
30848,1785697200000,5275965.09999999
30849,1785700800000,5289257.09999999
30850,1785704400000,5278500.3
30851,1785708000000,5229064.9
30852,1785711600000,5194450.3
30853,1785715200000,5289965.9
30854,1785718800000,5267989.5
30855,1785722400000,5238005.7
30856,1785726000000,5186046.2
30857,1785729600000,5020920.4
30858,1785733200000,5000375.8
30859,1785736800000,4983633.2
30860,1785740400000,4965822.59999999
30861,1785744000000,4961831.9
30862,1785747600000,4958695.7
30863,1785751200000,4971997.5
30864,1785754800000,4970979.5
30865,1785758400000,4954953.8
30866,1785762000000,4939668.09999999
30867,1785765600000,4937195.3
30868,1785769200000,4922739.59999999
30869,1785772800000,4940993.59999999
30870,1785776400000,4914522.2
30871,1785780000000,4901600.9
30872,1785783600000,4900585.4
30873,1785787200000,4912671.0
30874,1785790800000,4915980.4
30875,1785794400000,4889553.8
30876,1785798000000,4918221.8
30877,1785801600000,4914116.9
30878,1785805200000,4871968.9
30879,1785808800000,5072894.59999999
30880,1785812400000,5429754.09999999
30881,1785816000000,5425859.9
30882,1785819600000,5419644.09999999
30883,1785823200000,5370887.09999999
30884,1785826800000,5355201.5
30885,1785830400000,5358526.9
30886,1785834000000,5374587.2
30887,1785837600000,5354780.4
30888,1785841200000,5299492.3
30889,1785844800000,5295761.4
30890,1785848400000,5305003.7
30891,1785852000000,5266907.7
30892,1785855600000,5249310.9
30893,1785859200000,5262348.9
30894,1785862800000,5257079.7
30895,1785866400000,5253056.9
30896,1785870000000,5211648.9
30897,1785873600000,5211945.59999999
30898,1785877200000,5185991.3
30899,1785880800000,5159184.09999999
30900,1785884400000,5181581.7
30901,1785888000000,5180769.7
30902,1785891600000,5198599.3
30903,1785895200000,5217265.8
30904,1785898800000,5205625.09999999
30905,1785902400000,5232316.3
30906,1785906000000,5278415.5
30907,1785909600000,5277492.5
30908,1785913200000,5297206.59999999
30909,1785916800000,5283767.5
30910,1785920400000,5294918.9
30911,1785924000000,5306005.09999999
30912,1785927600000,5311044.9
30913,1785931200000,5319709.5
30914,1785934800000,5312576.5
30915,1785938400000,5305144.09999999
30916,1785942000000,5299265.9
30917,1785945600000,5302337.09999999
30918,1785949200000,5428542.2
30919,1785952800000,5291206.5
30920,1785956400000,5273303.09999999
30921,1785960000000,5264836.7
30922,1785963600000,5229585.9
30923,1785967200000,5180735.3
30924,1785970800000,5166961.2
30925,1785974400000,5178510.3
30926,1785978000000,5165598.7
30927,1785981600000,5171891.09999999
30928,1785985200000,5071869.9
30929,1785988800000,5052072.09999999
30930,1785992400000,5039129.09999999
30931,1785996000000,5044071.5
30932,1785999600000,5038700.5
30933,1786003200000,5038932.7
30934,1786006800000,5032240.09999999
30935,1786010400000,5044360.9
30936,1786014000000,4900631.59999999
30937,1786017600000,4854746.59999999
30938,1786021200000,4901614.8
30939,1786024800000,4924442.2
30940,1786028400000,4934559.9
30941,1786032000000,4949032.8
30942,1786035600000,4941994.2
30943,1786039200000,4933628.2
30944,1786042800000,4913576.4
30945,1786046400000,4900036.4
30946,1786050000000,4909566.8
30947,1786053600000,4897846.5
30948,1786057200000,4888513.8
30949,1786060800000,4853880.59999999
30950,1786064400000,4891457.3
30951,1786068000000,4897082.8
30952,1786071600000,4905062.0
30953,1786075200000,4888809.59999999
30954,1786078800000,5066029.0
30955,1786082400000,5058933.0
30956,1786086000000,5029950.4
30957,1786089600000,5049167.2
30958,1786093200000,5054287.8
30959,1786096800000,5026330.0
30960,1786100400000,5011709.0
30961,1786104000000,5048245.2
30962,1786107600000,4989543.9
30963,1786111200000,4990740.59999999
30964,1786114800000,4978644.4
30965,1786118400000,4948545.8
30966,1786122000000,4948731.7
30967,1786125600000,4968499.59999999
30968,1786129200000,4948116.8
30969,1786132800000,4944409.2
30970,1786136400000,4937763.0
30971,1786140000000,4927282.2
30972,1786143600000,4919397.59999999
30973,1786147200000,4912967.59999999
30974,1786150800000,4907874.2
30975,1786154400000,5024233.4
30976,1786158000000,4965466.8
30977,1786161600000,4942540.0
30978,1786165200000,4947122.59999999
30979,1786168800000,4915199.2
30980,1786172400000,4898710.0
30981,1786176000000,4882342.2
30982,1786179600000,4852950.59999999
30983,1786183200000,4844289.7
30984,1786186800000,4830718.7
30985,1786190400000,4827956.2
30986,1786194000000,4832468.59999999
30987,1786197600000,4824609.59999999
30988,1786201200000,4825733.8
30989,1786204800000,4819218.4
30990,1786208400000,4822078.8
30991,1786212000000,4819866.59999999
30992,1786215600000,4806087.2
30993,1786219200000,4799066.8
30994,1786222800000,4893970.59999999
30995,1786226400000,4861677.0
30996,1786230000000,4840093.4
30997,1786233600000,4812682.0
30998,1786237200000,4801980.4
30999,1786240800000,4791204.7
31000,1786244400000,4788206.4
31001,1786248000000,4769944.0
31002,1786251600000,4775098.7
31003,1786255200000,4762305.9
31004,1786258800000,4819000.09999999
31005,1786262400000,4826630.5
31006,1786266000000,4839043.5
31007,1786269600000,4854275.3
31008,1786273200000,4856617.3
31009,1786276800000,4868830.5
31010,1786280400000,4869997.7
31011,1786284000000,4901906.7
31012,1786287600000,4923544.59999999
31013,1786291200000,4894122.9
31014,1786294800000,4837692.8
31015,1786298400000,4841255.5
31016,1786302000000,4847212.2
31017,1786305600000,4967834.2
31018,1786309200000,4993060.4
31019,1786312800000,4969842.0
31020,1786316400000,4915263.0
31021,1786320000000,4980638.4
31022,1786323600000,4962397.09999999
31023,1786327200000,4938552.3
31024,1786330800000,4941820.3
31025,1786334400000,4954999.09999999
31026,1786338000000,4952040.5
31027,1786341600000,4944870.7
31028,1786345200000,4953836.09999999
31029,1786348800000,4961027.3
31030,1786352400000,4947263.9
31031,1786356000000,4929596.0
31032,1786359600000,4929805.09999999
31033,1786363200000,4910597.9
31034,1786366800000,4807392.09999999
31035,1786370400000,4805749.9
31036,1786374000000,4793094.7
31037,1786377600000,4827645.9
31038,1786381200000,4854997.9
31039,1786384800000,4824474.7
31040,1786388400000,4818278.9
31041,1786392000000,4794098.09999999
31042,1786395600000,4784761.7
31043,1786399200000,4754139.9
31044,1786402800000,4762180.3
31045,1786406400000,4759757.4
31046,1786410000000,4783578.5
31047,1786413600000,4785959.3
31048,1786417200000,4784023.7
31049,1786420800000,4794470.3
31050,1786424400000,4791059.5
31051,1786428000000,4797873.09999999
31052,1786431600000,4832679.9
31053,1786435200000,4848981.7
31054,1786438800000,4835230.4
31055,1786442400000,4824113.09999999
31056,1786446000000,4813003.3
31057,1786449600000,4845683.3
31058,1786453200000,4830616.7
31059,1786456800000,4799088.9
31060,1786460400000,4841511.2
31061,1786464000000,4883578.7
31062,1786467600000,4923438.09999999
31063,1786471200000,4961220.7
31064,1786474800000,4962613.8
31065,1786478400000,4951813.7
31066,1786482000000,4978378.5
31067,1786485600000,4984435.5
31068,1786489200000,5011171.09999999
31069,1786492800000,5016437.9
31070,1786496400000,5030349.7
31071,1786500000000,5032150.7
31072,1786503600000,5030154.09999999
31073,1786507200000,5063822.5
31074,1786510800000,5073388.9
31075,1786514400000,5088481.09999999
31076,1786518000000,5132374.5
31077,1786521600000,5124569.5
31078,1786525200000,5181264.3
31079,1786528800000,5159337.5
31080,1786532400000,5197357.3
31081,1786536000000,5173991.59999999
31082,1786539600000,5135942.7
31083,1786543200000,5042110.9
31084,1786546800000,5028045.59999999
31085,1786550400000,5169384.4
31086,1786554000000,5135005.3
31087,1786557600000,5119061.2
31088,1786561200000,5071716.2
31089,1786564800000,5058023.4
31090,1786568400000,5010510.4
31091,1786572000000,4956155.8
31092,1786575600000,4942741.0
31093,1786579200000,4927083.4
31094,1786582800000,4903190.8
31095,1786586400000,4888887.8
31096,1786590000000,4889211.8
31097,1786593600000,4844307.0
31098,1786597200000,4842769.0
31099,1786600800000,4859775.9
31100,1786604400000,4833018.8
31101,1786608000000,4804403.0
31102,1786611600000,4776057.4
31103,1786615200000,4757378.4
31104,1786618800000,4752396.0
31105,1786622400000,4737078.2
31106,1786626000000,4792338.7
31107,1786629600000,4768138.59999999
31108,1786633200000,4836953.59999999
31109,1786636800000,4720033.0
31110,1786640400000,4736091.59999999
31111,1786644000000,4732179.2
31112,1786647600000,4730635.2
31113,1786651200000,4713928.2
31114,1786654800000,4714954.59999999
31115,1786658400000,4710670.2
31116,1786662000000,4706179.59999999
31117,1786665600000,4722581.5
31118,1786669200000,4680577.2
31119,1786672800000,4681190.0
31120,1786676400000,4698122.8
31121,1786680000000,4714693.0
31122,1786683600000,4707951.8
31123,1786687200000,4709705.8
31124,1786690800000,4707743.59999999
31125,1786694400000,4714873.4
31126,1786698000000,4727852.0
31127,1786701600000,4730310.4
31128,1786705200000,4727638.2
31129,1786708800000,4725751.8
31130,1786712400000,4721288.4
31131,1786716000000,4733377.8
31132,1786719600000,4918901.0
31133,1786723200000,4885469.59999999
31134,1786726800000,4834385.4
31135,1786730400000,4825621.4
31136,1786734000000,4811569.59999999
31137,1786737600000,4757413.4
31138,1786741200000,4758192.4
31139,1786744800000,4734144.4
31140,1786748400000,4744178.4
31141,1786752000000,4722545.4
31142,1786755600000,4732096.4
31143,1786759200000,4734787.8
31144,1786762800000,4831878.7
31145,1786766400000,4879765.59999999
31146,1786770000000,4930879.4
31147,1786773600000,4907322.8
31148,1786777200000,4908207.2
31149,1786780800000,4914477.8
31150,1786784400000,4919722.3
31151,1786788000000,4902033.2
31152,1786791600000,4931205.2
31153,1786795200000,4951911.2
31154,1786798800000,4958193.8
31155,1786802400000,4964296.8
31156,1786806000000,4956894.0
31157,1786809600000,4945460.59999999
31158,1786813200000,5002961.9
31159,1786816800000,5010644.4
31160,1786820400000,4999191.59999999
31161,1786824000000,5009278.59999999
31162,1786827600000,4992425.4
31163,1786831200000,4976094.59999999
31164,1786834800000,5099619.09999999
31165,1786838400000,5168296.59999999
31166,1786842000000,5256088.2
31167,1786845600000,5231313.7
31168,1786849200000,5202601.8
31169,1786852800000,5212328.8
31170,1786856400000,5204036.59999999
31171,1786860000000,5198644.59999999
31172,1786863600000,5198656.7
31173,1786867200000,5195883.2
31174,1786870800000,5201259.3
31175,1786874400000,5206626.8
31176,1786878000000,5188772.2
31177,1786881600000,5218853.59999999
31178,1786885200000,5218006.09999999
31179,1786888800000,5222537.0
31180,1786892400000,5123313.2
31181,1786896000000,5108400.8
31182,1786899600000,5075824.5
31183,1786903200000,5053411.4
31184,1786906800000,5043062.2
31185,1786910400000,5027945.2
31186,1786914000000,5020285.2
31187,1786917600000,4988016.2
31188,1786921200000,4997750.59999999
31189,1786924800000,5007948.0
31190,1786928400000,5000307.4
31191,1786932000000,5033075.4
31192,1786935600000,5050016.0
31193,1786939200000,5084327.4
31194,1786942800000,5083182.4
31195,1786946400000,5064348.59999999
31196,1786950000000,5057880.0
31197,1786953600000,5055506.9
31198,1786957200000,5047526.0
31199,1786960800000,5058793.8
31200,1786964400000,5058692.2
31201,1786968000000,5065814.2
31202,1786971600000,5033630.3
31203,1786975200000,5061104.4
31204,1786978800000,5082670.2
31205,1786982400000,5037383.5
31206,1786986000000,5078424.09999999
31207,1786989600000,5029539.0
31208,1786993200000,4974298.59999999
31209,1786996800000,4991765.4
31210,1787000400000,4996578.4
31211,1787004000000,4989120.59999999
31212,1787007600000,4983149.2
31213,1787011200000,4981642.5
31214,1787014800000,4959875.0
31215,1787018400000,4969392.7
31216,1787022000000,4922659.8
31217,1787025600000,4924901.2
31218,1787029200000,4916918.0
31219,1787032800000,4901830.59999999
31220,1787036400000,4911242.2
31221,1787040000000,4926271.8
31222,1787043600000,4916430.2
31223,1787047200000,4884740.0
31224,1787050800000,4921660.4
31225,1787054400000,4930209.2
31226,1787058000000,4914345.0
31227,1787061600000,4940667.2
31228,1787065200000,4878163.4
31229,1787068800000,4883561.8
31230,1787072400000,4889830.7
31231,1787076000000,4883331.5
31232,1787079600000,4878651.8
31233,1787083200000,4868244.2
31234,1787086800000,4856456.2
31235,1787090400000,4844798.0
31236,1787094000000,4853267.0
31237,1787097600000,4859762.59999999
31238,1787101200000,4865715.59999999
31239,1787104800000,4876145.4
31240,1787108400000,4793111.0
31241,1787112000000,4777751.59999999
31242,1787115600000,4814768.5
31243,1787119200000,4800854.4
31244,1787122800000,4807919.2
31245,1787126400000,4824932.4
31246,1787130000000,4788698.8
31247,1787133600000,4783331.59999999
31248,1787137200000,4758936.2
31249,1787140800000,4758989.59999999
31250,1787144400000,4749054.4
31251,1787148000000,4756582.8
31252,1787151600000,4767875.2
31253,1787155200000,4764486.0
31254,1787158800000,4758618.0
31255,1787162400000,4740762.8
31256,1787166000000,4714011.59999999
31257,1787169600000,4727201.59999999
31258,1787173200000,4737292.7
31259,1787176800000,4823347.8
31260,1787180400000,4935569.8
31261,1787184000000,4918981.59999999
31262,1787187600000,4846965.7
31263,1787191200000,4857896.59999999
31264,1787194800000,4884515.8
31265,1787198400000,4873658.4
31266,1787202000000,4885387.9
31267,1787205600000,4892661.5
31268,1787209200000,4866218.4
31269,1787212800000,4874634.2
31270,1787216400000,4930734.2
31271,1787220000000,4931998.4
31272,1787223600000,4935668.0
31273,1787227200000,5025152.59999999
31274,1787230800000,5044611.09999999
31275,1787234400000,5161003.0
31276,1787238000000,5270964.2
31277,1787241600000,5608200.0
31278,1787245200000,5832156.2
31279,1787248800000,6020355.8
31280,1787252400000,5924477.0
31281,1787256000000,5919020.7
31282,1787259600000,5951723.1
31283,1787263200000,5963993.2
31284,1787266800000,5985855.8
31285,1787270400000,6030814.9
31286,1787274000000,6104120.0
31287,1787277600000,6173673.1
31288,1787281200000,6207059.5
31289,1787284800000,6235672.5
31290,1787288400000,6257283.6
31291,1787292000000,6303938.1
31292,1787295600000,6366122.4
31293,1787299200000,6412769.3
31294,1787302800000,6482130.4
31295,1787306400000,6393368.9
31296,1787310000000,6427938.4
31297,1787313600000,6418591.6
31298,1787317200000,6421705.2
31299,1787320800000,6463779.0
31300,1787324400000,6445239.9
31301,1787328000000,6510041.0
31302,1787331600000,6541961.3
31303,1787335200000,6604625.4
31304,1787338800000,6532790.0
31305,1787342400000,6517121.6
31306,1787346000000,6557693.8
31307,1787349600000,6602047.4
31308,1787353200000,6597401.8
31309,1787356800000,6592955.0
31310,1787360400000,6621952.2
31311,1787364000000,6627777.5
31312,1787367600000,6654832.9
31313,1787371200000,6751626.0
31314,1787374800000,6767561.4
31315,1787378400000,6596717.2
31316,1787382000000,6604347.2
31317,1787385600000,6621252.2
31318,1787389200000,6607587.2
31319,1787392800000,6591770.6
31320,1787396400000,6487216.3
31321,1787400000000,6485099.7
31322,1787403600000,6506445.5
31323,1787407200000,6519306.6
31324,1787410800000,6504570.3
31325,1787414400000,6501719.5
31326,1787418000000,6537190.0
31327,1787421600000,6584149.6
31328,1787425200000,6564920.1
31329,1787428800000,6573620.3
31330,1787432400000,6588135.0
31331,1787436000000,6556189.1
31332,1787439600000,6532270.0
31333,1787443200000,6508733.8
31334,1787446800000,6479020.5
31335,1787450400000,6468172.2
31336,1787454000000,6492962.4
31337,1787457600000,6487394.0
31338,1787461200000,6481808.3
31339,1787464800000,6474362.2
31340,1787468400000,6474922.8
31341,1787472000000,6485745.8
31342,1787475600000,6497697.0
31343,1787479200000,6495956.8
31344,1787482800000,6513134.4
31345,1787486400000,6493063.9
31346,1787490000000,6497705.2
31347,1787493600000,6480573.8
31348,1787497200000,6462669.6
31349,1787500800000,6478129.0
31350,1787504400000,6469997.0
31351,1787508000000,6454397.1
31352,1787511600000,6439549.6
31353,1787515200000,6431090.9
31354,1787518800000,6443217.6
31355,1787522400000,6419386.6
31356,1787526000000,6451948.6
31357,1787529600000,6423616.3
31358,1787533200000,6441703.0
31359,1787536800000,6398961.2
31360,1787540400000,6397378.6
31361,1787544000000,6391721.7
31362,1787547600000,6396246.0
31363,1787551200000,6388189.1
31364,1787554800000,6361801.6
31365,1787558400000,6355867.8
31366,1787562000000,6366477.2
31367,1787565600000,6369817.6
31368,1787569200000,6353393.8
31369,1787572800000,6342467.2
31370,1787576400000,6354513.6
31371,1787580000000,6336175.3
31372,1787583600000,6323600.7
31373,1787587200000,6358791.1
31374,1787590800000,6354382.4
31375,1787594400000,6337231.4
31376,1787598000000,6341630.6
31377,1787601600000,6321488.2
31378,1787605200000,6306593.0
31379,1787608800000,6296578.0
31380,1787612400000,6298576.0
31381,1787616000000,6295074.2
31382,1787619600000,6303723.4
31383,1787623200000,6318356.8
31384,1787626800000,6305936.2
31385,1787630400000,6322292.4
31386,1787634000000,6349360.1
31387,1787637600000,6344026.0
31388,1787641200000,6338410.9
31389,1787644800000,6311939.3
31390,1787648400000,6300320.2
31391,1787652000000,6297114.6
31392,1787655600000,6309976.2
31393,1787659200000,6317395.0
31394,1787662800000,6317826.6
31395,1787666400000,6230171.4
31396,1787670000000,6226027.9
31397,1787673600000,6221731.4
31398,1787677200000,6187608.9
31399,1787680800000,6196212.5
31400,1787684400000,6188193.2
31401,1787688000000,6185063.8
31402,1787691600000,6150075.6
31403,1787695200000,6139113.9
31404,1787698800000,6120848.0
31405,1787702400000,6113808.9
31406,1787706000000,6110404.1
31407,1787709600000,6104620.2
31408,1787713200000,6113920.2
31409,1787716800000,6154963.4
31410,1787720400000,6173624.4
31411,1787724000000,6152899.8
31412,1787727600000,6208345.1
31413,1787731200000,6234225.6
31414,1787734800000,6242121.6
31415,1787738400000,6253432.4
31416,1787742000000,6245164.4
31417,1787745600000,6213837.0
31418,1787749200000,6199480.2
31419,1787752800000,6221547.8
31420,1787756400000,6195739.6
31421,1787760000000,6184429.5
31422,1787763600000,6189315.4
31423,1787767200000,6174719.4
31424,1787770800000,6169882.8
31425,1787774400000,6169710.6
31426,1787778000000,6163625.8
31427,1787781600000,6163988.0
31428,1787785200000,6131247.6
31429,1787788800000,6124910.3
31430,1787792400000,6113060.6
31431,1787796000000,6119315.3
31432,1787799600000,6137519.2
31433,1787803200000,6143687.4
31434,1787806800000,6135190.4
31435,1787810400000,6113460.4
31436,1787814000000,6149483.4
31437,1787817600000,6171097.2
31438,1787821200000,6157374.0
31439,1787824800000,6162403.4
31440,1787828400000,6160821.4
31441,1787832000000,6149574.4
31442,1787835600000,6157125.0
31443,1787839200000,6185707.1
31444,1787842800000,6210382.4
31445,1787846400000,6270873.6
31446,1787850000000,6274561.3
31447,1787853600000,6260746.6
31448,1787857200000,6269538.6
31449,1787860800000,6276464.8
31450,1787864400000,6289101.6
31451,1787868000000,6277009.6
31452,1787871600000,6283284.8
31453,1787875200000,6295130.8
31454,1787878800000,6306937.2
31455,1787882400000,6324134.4
31456,1787886000000,6301609.4
31457,1787889600000,6281328.0
31458,1787893200000,6302375.6
31459,1787896800000,6287643.8
31460,1787900400000,6288745.8
31461,1787904000000,6289571.0
31462,1787907600000,6305589.4
31463,1787911200000,6282157.4
31464,1787914800000,6294550.4
31465,1787918400000,6306602.8
31466,1787922000000,6318596.6
31467,1787925600000,6303327.0
31468,1787929200000,6279322.8
31469,1787932800000,6250790.2
31470,1787936400000,6228021.2
31471,1787940000000,6223002.6
31472,1787943600000,6233512.4
31473,1787947200000,6216804.1
31474,1787950800000,6208416.0
31475,1787954400000,6212962.0
31476,1787958000000,6205102.6
31477,1787961600000,6189709.6
31478,1787965200000,6154771.0
31479,1787968800000,6159134.0
31480,1787972400000,6165961.6
31481,1787976000000,6187838.2
31482,1787979600000,6180589.0
31483,1787983200000,6191419.0
31484,1787986800000,6174527.8
31485,1787990400000,6176906.6
31486,1787994000000,6208666.4
31487,1787997600000,6213825.4
31488,1788001200000,6224995.9
31489,1788004800000,6218781.0
31490,1788008400000,6220010.8
31491,1788012000000,6222777.8
31492,1788015600000,6212362.6
31493,1788019200000,6201540.2
31494,1788022800000,6210588.2
31495,1788026400000,6223668.2
31496,1788030000000,6266343.4
31497,1788033600000,6252892.8
31498,1788037200000,6247875.0
31499,1788040800000,6250245.0
31500,1788044400000,6249371.6
31501,1788048000000,6247412.8
31502,1788051600000,6241862.0
31503,1788055200000,6262645.0
31504,1788058800000,6255700.6
31505,1788062400000,6262983.0
31506,1788066000000,6260267.0
31507,1788069600000,6255571.0
31508,1788073200000,6247957.4
31509,1788076800000,6200475.2
31510,1788080400000,6200011.4
31511,1788084000000,6203106.0
31512,1788087600000,6231088.8
31513,1788091200000,6253822.0
31514,1788094800000,6230918.8
31515,1788098400000,6233943.7
31516,1788102000000,6231392.4
31517,1788105600000,6216872.0
31518,1788109200000,6212362.2
31519,1788112800000,6210757.2
31520,1788116400000,6205457.6
31521,1788120000000,6191284.2
31522,1788123600000,6209018.9
31523,1788127200000,6172788.2
31524,1788130800000,6159809.1
31525,1788134400000,6104594.7
31526,1788138000000,6078836.4
31527,1788141600000,6067895.8
31528,1788145200000,6062968.2
31529,1788148800000,6098672.1
31530,1788152400000,6101625.7
31531,1788156000000,6101030.1
31532,1788159600000,6112953.9
31533,1788163200000,6120744.7
31534,1788166800000,6107978.3
31535,1788170400000,6101873.3
