idx,timestamp,open_interest
0,1674644400000,409447.62
1,1674648000000,410562.0
2,1674651600000,411960.43
3,1674655200000,409350.93
4,1674658800000,416653.86
5,1674662400000,415592.65
6,1674666000000,414385.07
7,1674669600000,415601.85
8,1674673200000,416199.3
9,1674676800000,415181.57
10,1674680400000,400573.02
11,1674684000000,400464.65
12,1674687600000,382368.22
13,1674691200000,396086.47
14,1674694800000,399275.11
15,1674698400000,394129.18
16,1674702000000,396424.85
17,1674705600000,396013.46
18,1674709200000,396031.1
19,1674712800000,397043.34
20,1674716400000,390232.32
21,1674720000000,386243.4
22,1674723600000,388047.12
23,1674727200000,388921.04
24,1674730800000,389649.79
25,1674734400000,390660.18
26,1674738000000,390467.66
27,1674741600000,393814.54
28,1674745200000,393649.08
29,1674748800000,392098.58
30,1674752400000,391144.06
31,1674756000000,392918.16
32,1674759600000,392474.34
33,1674763200000,394587.75
34,1674766800000,400737.06
35,1674770400000,394992.8
36,1674774000000,398505.78
37,1674777600000,398928.19
38,1674781200000,398388.16
39,1674784800000,386842.77
40,1674788400000,387746.83
41,1674792000000,389589.43
42,1674795600000,391446.85
43,1674799200000,387127.42
44,1674802800000,388976.35
45,1674806400000,391770.33
46,1674810000000,394438.59
47,1674813600000,395452.72
48,1674817200000,394737.67
49,1674820800000,394912.89
50,1674824400000,393835.25
51,1674828000000,390328.5
52,1674831600000,395006.54
53,1674835200000,390959.57
54,1674838800000,393729.53
55,1674842400000,394467.72
56,1674846000000,398131.5
57,1674849600000,403413.3
58,1674853200000,393420.14
59,1674856800000,396234.93
60,1674860400000,392546.46
61,1674864000000,391450.45
62,1674867600000,394102.11
63,1674871200000,394532.55
64,1674874800000,391680.04
65,1674878400000,394585.19
66,1674882000000,396351.46
67,1674885600000,392941.6
68,1674889200000,392725.06
69,1674892800000,390719.74
70,1674896400000,389836.23
71,1674900000000,390897.69
72,1674903600000,384989.56
73,1674907200000,386358.26
74,1674910800000,386345.76
75,1674914400000,389380.91
76,1674918000000,391299.32
77,1674921600000,388022.0
78,1674925200000,392321.65
79,1674928800000,390995.28
80,1674932400000,394546.96
81,1674936000000,391910.37
82,1674939600000,389842.2
83,1674943200000,391973.6
84,1674946800000,392349.91
85,1674950400000,391064.98
86,1674954000000,391035.45
87,1674957600000,380226.0
88,1674961200000,377560.37
89,1674964800000,378926.75
90,1674968400000,380847.03
91,1674972000000,383388.28
92,1674975600000,385054.11
93,1674979200000,384805.06
94,1674982800000,386352.53
95,1674986400000,388660.87
96,1674990000000,397474.46
97,1674993600000,396229.0
98,1674997200000,396972.0
99,1675000800000,397010.35
100,1675004400000,397234.21
101,1675008000000,397792.43
102,1675011600000,400040.0
103,1675015200000,399524.92
104,1675018800000,397102.02
105,1675022400000,399044.52
106,1675026000000,388605.12
107,1675029600000,385868.08
108,1675033200000,388195.8
109,1675036800000,388937.77
110,1675040400000,390136.44
111,1675044000000,390636.63
112,1675047600000,392682.14
113,1675051200000,394769.95
114,1675054800000,396715.53
115,1675058400000,397184.17
116,1675062000000,394210.16
117,1675065600000,396110.44
118,1675069200000,396879.23
119,1675072800000,398642.52
120,1675076400000,400835.75
121,1675080000000,405605.02
122,1675083600000,407783.12
123,1675087200000,412001.31
124,1675090800000,413018.16
125,1675094400000,414046.17
126,1675098000000,417398.04
127,1675101600000,416613.51
128,1675105200000,418671.25
129,1675108800000,414245.27
130,1675112400000,415915.67
131,1675116000000,412575.3
132,1675119600000,412134.34
133,1675123200000,414850.06
134,1675126800000,415253.62
135,1675130400000,416583.78
136,1675134000000,416888.47
137,1675137600000,418455.2
138,1675141200000,419118.55
139,1675144800000,416822.03
140,1675148400000,419008.78
141,1675152000000,417579.05
142,1675155600000,423040.36
143,1675159200000,425116.05
144,1675162800000,423446.98
145,1675166400000,424809.58
146,1675170000000,427773.76
147,1675173600000,428121.9
148,1675177200000,422643.31
149,1675180800000,421891.3
150,1675184400000,414620.41
151,1675188000000,414153.22
152,1675191600000,414399.76
153,1675195200000,414501.0
154,1675198800000,413744.44
155,1675202400000,407864.58
156,1675206000000,400664.77
157,1675209600000,403124.96
158,1675213200000,404241.1
159,1675216800000,403857.79
160,1675220400000,404705.42
161,1675224000000,404959.24
162,1675227600000,405009.72
163,1675231200000,406878.93
164,1675234800000,406552.72
165,1675238400000,408221.0
166,1675242000000,409400.38
167,1675245600000,410981.31
168,1675249200000,409355.67
169,1675252800000,407414.78
170,1675256400000,406783.9
171,1675260000000,401761.01
172,1675263600000,400888.01
173,1675267200000,400119.61
174,1675270800000,399237.4
175,1675274400000,396532.03
176,1675278000000,393945.52
177,1675281600000,391897.63
178,1675285200000,403241.14
179,1675288800000,401349.35
180,1675292400000,403942.37
181,1675296000000,405523.01
182,1675299600000,392590.9
183,1675303200000,394767.97
184,1675306800000,392002.29
185,1675310400000,391479.12
186,1675314000000,392815.24
187,1675317600000,394943.17
188,1675321200000,396858.59
189,1675324800000,400536.96
190,1675328400000,401743.74
191,1675332000000,402307.61
192,1675335600000,405561.0
193,1675339200000,405782.1
194,1675342800000,405944.73
195,1675346400000,406586.82
196,1675350000000,397547.22
197,1675353600000,403624.04
198,1675357200000,406092.84
199,1675360800000,409336.73
200,1675364400000,397178.57
201,1675368000000,395378.63
202,1675371600000,394497.57
203,1675375200000,383548.45
204,1675378800000,381730.99
205,1675382400000,379363.81
206,1675386000000,379462.42
207,1675389600000,381729.53
208,1675393200000,383628.13
209,1675396800000,383332.45
210,1675400400000,382761.86
211,1675404000000,382595.53
212,1675407600000,383679.43
213,1675411200000,386984.52
214,1675414800000,392243.59
215,1675418400000,393482.86
216,1675422000000,394163.06
217,1675425600000,395339.68
218,1675429200000,396095.89
219,1675432800000,393232.05
220,1675436400000,393749.43
221,1675440000000,394341.04
222,1675443600000,395234.56
223,1675447200000,395566.22
224,1675450800000,395140.31
225,1675454400000,394065.65
226,1675458000000,390678.73
227,1675461600000,391788.18
228,1675465200000,387635.99
229,1675468800000,388165.46
230,1675472400000,389720.86
231,1675476000000,390202.3
232,1675479600000,389930.96
233,1675483200000,389981.97
234,1675486800000,390966.92
235,1675490400000,391258.53
236,1675494000000,389588.02
237,1675497600000,392725.62
238,1675501200000,394065.71
239,1675504800000,394727.09
240,1675508400000,397292.63
241,1675512000000,396775.63
242,1675515600000,395963.45
243,1675519200000,406310.78
244,1675522800000,407599.93
245,1675526400000,413673.33
246,1675530000000,410536.36
247,1675533600000,411482.61
248,1675537200000,412007.95
249,1675540800000,412581.84
250,1675544400000,412534.87
251,1675548000000,414315.95
252,1675551600000,406384.04
253,1675555200000,400407.14
254,1675558800000,399070.97
255,1675562400000,402976.09
256,1675566000000,403137.38
257,1675569600000,405955.6
258,1675573200000,404112.66
259,1675576800000,405338.51
260,1675580400000,401774.46
261,1675584000000,401513.23
262,1675587600000,402105.68
263,1675591200000,401819.76
264,1675594800000,404596.4
265,1675598400000,402485.93
266,1675602000000,398383.08
267,1675605600000,399973.55
268,1675609200000,401584.26
269,1675612800000,403888.8
270,1675616400000,410833.81
271,1675620000000,411091.31
272,1675623600000,414511.47
273,1675627200000,416034.26
274,1675630800000,415517.24
275,1675634400000,416047.83
276,1675638000000,411619.26
277,1675641600000,411814.15
278,1675645200000,413458.46
279,1675648800000,414440.88
280,1675652400000,416721.78
281,1675656000000,414961.49
282,1675659600000,415801.32
283,1675663200000,414260.45
284,1675666800000,415213.29
285,1675670400000,417392.2
286,1675674000000,417383.03
287,1675677600000,417525.79
288,1675681200000,418943.14
289,1675684800000,417779.25
290,1675688400000,420975.49
291,1675692000000,421513.42
292,1675695600000,420802.82
293,1675699200000,417596.97
294,1675702800000,414900.26
295,1675706400000,418910.03
296,1675710000000,418186.64
297,1675713600000,419713.74
298,1675717200000,420682.11
299,1675720800000,414969.67
300,1675724400000,413646.89
301,1675728000000,414529.61
302,1675731600000,415297.82
303,1675735200000,415111.74
304,1675738800000,414449.18
305,1675742400000,413420.13
306,1675746000000,415599.98
307,1675749600000,415090.85
308,1675753200000,416769.36
309,1675756800000,417105.82
310,1675760400000,419756.81
311,1675764000000,417919.16
312,1675767600000,418062.15
313,1675771200000,420226.15
314,1675774800000,419536.53
315,1675778400000,414727.37
316,1675782000000,419558.83
317,1675785600000,421821.78
318,1675789200000,415843.02
319,1675792800000,406702.53
320,1675796400000,403463.69
321,1675800000000,406529.17
322,1675803600000,408034.15
323,1675807200000,406889.02
324,1675810800000,409031.09
325,1675814400000,408112.19
326,1675818000000,414002.76
327,1675821600000,414823.13
328,1675825200000,413090.59
329,1675828800000,413686.55
330,1675832400000,416281.39
331,1675836000000,414025.41
332,1675839600000,415799.87
333,1675843200000,418889.92
334,1675846800000,417742.2
335,1675850400000,418199.75
336,1675854000000,420729.12
337,1675857600000,420242.82
338,1675861200000,422566.04
339,1675864800000,424797.37
340,1675868400000,417594.16
341,1675872000000,416011.89
342,1675875600000,411556.26
343,1675879200000,412533.49
344,1675882800000,412531.96
345,1675886400000,414794.17
346,1675890000000,415530.35
347,1675893600000,411952.92
348,1675897200000,413428.13
349,1675900800000,414971.84
350,1675904400000,412458.88
351,1675908000000,413048.11
352,1675911600000,417056.87
353,1675915200000,412906.82
354,1675918800000,414128.09
355,1675922400000,417988.53
356,1675926000000,418050.58
357,1675929600000,416857.98
358,1675933200000,419699.27
359,1675936800000,420628.12
360,1675940400000,422387.47
361,1675944000000,414963.57
362,1675947600000,416611.98
363,1675951200000,419897.01
364,1675954800000,420510.78
365,1675958400000,423973.41
366,1675962000000,424556.99
367,1675965600000,422554.96
368,1675969200000,424401.91
369,1675972800000,413265.0
370,1675976400000,420051.04
371,1675980000000,408586.47
372,1675983600000,410758.58
373,1675987200000,414870.17
374,1675990800000,414279.92
375,1675994400000,412224.51
376,1675998000000,413383.5
377,1676001600000,414282.99
378,1676005200000,413081.09
379,1676008800000,412121.61
380,1676012400000,416381.52
381,1676016000000,414864.23
382,1676019600000,414667.98
383,1676023200000,416659.4
384,1676026800000,417887.41
385,1676030400000,418242.83
386,1676034000000,423143.7
387,1676037600000,422129.16
388,1676041200000,423167.43
389,1676044800000,415516.48
390,1676048400000,427069.03
391,1676052000000,425571.85
392,1676055600000,427090.52
393,1676059200000,424963.04
394,1676062800000,426406.91
395,1676066400000,415949.21
396,1676070000000,423308.59
397,1676073600000,424232.63
398,1676077200000,425822.08
399,1676080800000,429022.21
400,1676084400000,429495.76
401,1676088000000,428689.84
402,1676091600000,427100.71
403,1676095200000,427104.09
404,1676098800000,427050.04
405,1676102400000,429049.98
406,1676106000000,430491.25
407,1676109600000,430972.43
408,1676113200000,433690.27
409,1676116800000,433057.59
410,1676120400000,433017.1
411,1676124000000,431303.97
412,1676127600000,430657.28
413,1676131200000,432118.63
414,1676134800000,434994.63
415,1676138400000,437016.91
416,1676142000000,436736.41
417,1676145600000,437157.14
418,1676149200000,436485.41
419,1676152800000,433426.17
420,1676156400000,430881.94
421,1676160000000,427245.45
422,1676163600000,427126.94
423,1676167200000,427576.89
424,1676170800000,427620.62
425,1676174400000,429371.98
426,1676178000000,429895.0
427,1676181600000,428935.47
428,1676185200000,429622.35
429,1676188800000,431122.4
430,1676192400000,431506.76
431,1676196000000,429558.24
432,1676199600000,430631.73
433,1676203200000,432117.47
434,1676206800000,431086.28
435,1676210400000,433971.88
436,1676214000000,433159.21
437,1676217600000,431187.15
438,1676221200000,425772.73
439,1676224800000,426542.04
440,1676228400000,426755.99
441,1676232000000,427409.49
442,1676235600000,426993.08
443,1676239200000,422518.48
444,1676242800000,424370.7
445,1676246400000,425915.56
446,1676250000000,427951.04
447,1676253600000,424550.51
448,1676257200000,424910.04
449,1676260800000,426352.71
450,1676264400000,424442.45
451,1676268000000,424224.17
452,1676271600000,424698.61
453,1676275200000,424769.91
454,1676278800000,426687.0
455,1676282400000,421174.9
456,1676286000000,420628.31
457,1676289600000,418229.4
458,1676293200000,420803.32
459,1676296800000,420093.25
460,1676300400000,423434.87
461,1676304000000,426300.57
462,1676307600000,425484.32
463,1676311200000,424307.52
464,1676314800000,433496.68
465,1676318400000,433736.86
466,1676322000000,436776.08
467,1676325600000,436315.65
468,1676329200000,437872.56
469,1676332800000,430825.0
470,1676336400000,430516.51
471,1676340000000,431931.92
472,1676343600000,432990.57
473,1676347200000,434250.13
474,1676350800000,433555.19
475,1676354400000,432571.44
476,1676358000000,435485.2
477,1676361600000,436137.02
478,1676365200000,434720.36
479,1676368800000,429119.03
480,1676372400000,433863.16
481,1676376000000,434889.11
482,1676379600000,432576.53
483,1676383200000,436668.41
484,1676386800000,425139.18
485,1676390400000,437608.16
486,1676394000000,438961.54
487,1676397600000,436196.58
488,1676401200000,438934.71
489,1676404800000,435177.39
490,1676408400000,438203.15
491,1676412000000,434530.94
492,1676415600000,434141.62
493,1676419200000,434309.21
494,1676422800000,433611.91
495,1676426400000,433441.84
496,1676430000000,430019.45
497,1676433600000,427757.47
498,1676437200000,427740.86
499,1676440800000,431927.01
500,1676444400000,434213.51
501,1676448000000,435321.71
502,1676451600000,433479.56
503,1676455200000,433446.51
504,1676458800000,430329.59
505,1676462400000,423167.0
506,1676466000000,429635.43
507,1676469600000,425394.69
508,1676473200000,426145.93
509,1676476800000,429313.86
510,1676480400000,430718.23
511,1676484000000,429282.06
512,1676487600000,423790.22
513,1676491200000,413436.75
514,1676494800000,387317.87
515,1676498400000,389596.12
516,1676502000000,391167.58
517,1676505600000,399387.26
518,1676509200000,384878.17
519,1676512800000,385178.56
520,1676516400000,386755.29
521,1676520000000,388738.75
522,1676523600000,391697.27
523,1676527200000,393016.05
524,1676530800000,393802.66
525,1676534400000,394805.95
526,1676538000000,394702.2
527,1676541600000,396182.74
528,1676545200000,396995.98
529,1676548800000,397872.76
530,1676552400000,397412.67
531,1676556000000,394603.34
532,1676559600000,399509.74
533,1676563200000,396914.32
534,1676566800000,376400.45
535,1676570400000,373623.52
536,1676574000000,379231.54
537,1676577600000,377289.41
538,1676581200000,374490.71
539,1676584800000,372151.89
540,1676588400000,362246.03
541,1676592000000,364299.81
542,1676595600000,363760.89
543,1676599200000,365671.62
544,1676602800000,366251.69
545,1676606400000,367247.43
546,1676610000000,367754.09
547,1676613600000,369505.71
548,1676617200000,373433.94
549,1676620800000,370636.55
550,1676624400000,371422.73
551,1676628000000,366347.78
552,1676631600000,369256.03
553,1676635200000,370979.5
554,1676638800000,371496.78
555,1676642400000,372070.59
556,1676646000000,369780.41
557,1676649600000,377584.75
558,1676653200000,380471.09
559,1676656800000,372716.16
560,1676660400000,377512.72
561,1676664000000,375570.56
562,1676667600000,374842.36
563,1676671200000,370702.33
564,1676674800000,364850.47
565,1676678400000,368910.99
566,1676682000000,373728.4
567,1676685600000,376380.11
568,1676689200000,377165.57
569,1676692800000,380185.76
570,1676696400000,382253.26
571,1676700000000,381113.29
572,1676703600000,381559.1
573,1676707200000,378566.85
574,1676710800000,378738.84
575,1676714400000,381046.03
576,1676718000000,382509.7
577,1676721600000,382581.31
578,1676725200000,380119.81
579,1676728800000,380287.07
580,1676732400000,379664.18
581,1676736000000,379256.62
582,1676739600000,378100.48
583,1676743200000,377515.05
584,1676746800000,373552.85
585,1676750400000,374418.98
586,1676754000000,374715.75
587,1676757600000,372377.81
588,1676761200000,375607.27
589,1676764800000,375850.33
590,1676768400000,377034.67
591,1676772000000,377087.81
592,1676775600000,377449.11
593,1676779200000,378851.32
594,1676782800000,379535.25
595,1676786400000,377973.64
596,1676790000000,377497.18
597,1676793600000,376745.03
598,1676797200000,375218.12
599,1676800800000,376595.29
600,1676804400000,378184.31
601,1676808000000,379749.86
602,1676811600000,381507.78
603,1676815200000,384581.34
604,1676818800000,388162.29
605,1676822400000,387582.77
606,1676826000000,383833.48
607,1676829600000,377820.23
608,1676833200000,379564.9
609,1676836800000,383936.8
610,1676840400000,379328.12
611,1676844000000,378909.92
612,1676847600000,377773.97
613,1676851200000,380764.66
614,1676854800000,383713.81
615,1676858400000,384979.0
616,1676862000000,383913.19
617,1676865600000,384942.17
618,1676869200000,381288.49
619,1676872800000,380963.14
620,1676876400000,382545.3
621,1676880000000,381262.8
622,1676883600000,385407.05
623,1676887200000,382149.24
624,1676890800000,385855.13
625,1676894400000,385402.4
626,1676898000000,387637.56
627,1676901600000,387837.27
628,1676905200000,384387.89
629,1676908800000,385439.96
630,1676912400000,381577.45
631,1676916000000,381416.37
632,1676919600000,379310.06
633,1676923200000,380426.08
634,1676926800000,380430.11
635,1676930400000,379245.9
636,1676934000000,380058.99
637,1676937600000,379692.23
638,1676941200000,379553.68
639,1676944800000,381285.87
640,1676948400000,382862.16
641,1676952000000,382378.56
642,1676955600000,383393.17
643,1676959200000,388019.01
644,1676962800000,386693.24
645,1676966400000,388535.42
646,1676970000000,384907.37
647,1676973600000,386607.36
648,1676977200000,387822.02
649,1676980800000,390672.46
650,1676984400000,390331.65
651,1676988000000,393883.84
652,1676991600000,401089.51
653,1676995200000,397064.46
654,1676998800000,396793.6
655,1677002400000,393914.18
656,1677006000000,391604.43
657,1677009600000,392905.93
658,1677013200000,392157.12
659,1677016800000,389671.78
660,1677020400000,394691.87
661,1677024000000,393512.4
662,1677027600000,392774.21
663,1677031200000,394653.1
664,1677034800000,401373.82
665,1677038400000,402294.55
666,1677042000000,404988.76
667,1677045600000,405181.79
668,1677049200000,407893.18
669,1677052800000,405240.96
670,1677056400000,407157.35
671,1677060000000,407201.32
672,1677063600000,408417.82
673,1677067200000,408965.82
674,1677070800000,411896.2
675,1677074400000,413069.88
676,1677078000000,406816.98
677,1677081600000,407236.84
678,1677085200000,405982.55
679,1677088800000,405294.0
680,1677092400000,406203.34
681,1677096000000,407529.01
682,1677099600000,410189.45
683,1677103200000,405351.89
684,1677106800000,401239.57
685,1677110400000,398014.85
686,1677114000000,397382.17
687,1677117600000,397526.11
688,1677121200000,393440.52
689,1677124800000,393607.0
690,1677128400000,395796.95
691,1677132000000,396680.4
692,1677135600000,396503.39
693,1677139200000,396988.7
694,1677142800000,398336.94
695,1677146400000,398393.11
696,1677150000000,398590.63
697,1677153600000,391587.95
698,1677157200000,402240.67
699,1677160800000,399642.57
700,1677164400000,401844.89
701,1677168000000,402263.51
702,1677171600000,402473.57
703,1677175200000,399624.58
704,1677178800000,403457.96
705,1677182400000,402628.56
706,1677186000000,403911.9
707,1677189600000,403357.26
708,1677193200000,405304.91
709,1677196800000,405985.68
710,1677200400000,407511.45
711,1677204000000,404757.88
712,1677207600000,403401.33
713,1677211200000,406837.66
714,1677214800000,408307.79
715,1677218400000,410215.33
716,1677222000000,408419.29
717,1677225600000,409349.83
718,1677229200000,411368.55
719,1677232800000,411830.48
720,1677236400000,410564.14
721,1677240000000,412374.88
722,1677243600000,411034.09
723,1677247200000,412030.94
724,1677250800000,415299.91
725,1677254400000,411257.83
726,1677258000000,410863.7
727,1677261600000,413200.05
728,1677265200000,413809.83
729,1677268800000,407427.04
730,1677272400000,399774.02
731,1677276000000,398149.81
732,1677279600000,397592.69
733,1677283200000,396749.19
734,1677286800000,400140.19
735,1677290400000,400068.31
736,1677294000000,400636.33
737,1677297600000,403881.2
738,1677301200000,402297.1
739,1677304800000,403479.45
740,1677308400000,401903.89
741,1677312000000,400731.58
742,1677315600000,400085.93
743,1677319200000,400652.66
744,1677322800000,404146.73
745,1677326400000,402288.72
746,1677330000000,402206.0
747,1677333600000,402686.51
748,1677337200000,403795.55
749,1677340800000,404689.97
750,1677344400000,404998.25
751,1677348000000,405987.16
752,1677351600000,402839.69
753,1677355200000,401500.45
754,1677358800000,394576.95
755,1677362400000,397628.49
756,1677366000000,393344.71
757,1677369600000,391988.38
758,1677373200000,393376.98
759,1677376800000,392931.82
760,1677380400000,391080.2
761,1677384000000,391949.83
762,1677387600000,392167.07
763,1677391200000,392195.29
764,1677394800000,393055.29
765,1677398400000,394520.37
766,1677402000000,395336.04
767,1677405600000,396571.57
768,1677409200000,398920.46
769,1677412800000,398582.82
770,1677416400000,399873.21
771,1677420000000,399328.96
772,1677423600000,395928.62
773,1677427200000,396799.17
774,1677430800000,397860.74
775,1677434400000,396416.07
776,1677438000000,391713.3
777,1677441600000,392842.88
778,1677445200000,387805.48
779,1677448800000,392157.18
780,1677452400000,388564.16
781,1677456000000,390637.88
782,1677459600000,394338.53
783,1677463200000,392923.17
784,1677466800000,394791.83
785,1677470400000,396363.77
786,1677474000000,399260.0
787,1677477600000,399249.38
788,1677481200000,400054.44
789,1677484800000,401369.21
790,1677488400000,403493.14
791,1677492000000,407272.88
792,1677495600000,409676.57
793,1677499200000,410553.68
794,1677502800000,412895.18
795,1677506400000,408196.22
796,1677510000000,415192.63
797,1677513600000,416001.08
798,1677517200000,413949.61
799,1677520800000,419079.83
800,1677524400000,419911.55
801,1677528000000,417860.44
802,1677531600000,417944.28
803,1677535200000,412559.53
804,1677538800000,410450.32
805,1677542400000,409687.84
806,1677546000000,410923.84
807,1677549600000,410844.46
808,1677553200000,411488.01
809,1677556800000,412594.85
810,1677560400000,412853.75
811,1677564000000,414787.84
812,1677567600000,416798.52
813,1677571200000,415128.4
814,1677574800000,413313.62
815,1677578400000,415896.36
816,1677582000000,416990.21
817,1677585600000,417774.19
818,1677589200000,419373.81
819,1677592800000,421522.07
820,1677596400000,415269.98
821,1677600000000,417778.63
822,1677603600000,422819.31
823,1677607200000,425487.57
824,1677610800000,427923.3
825,1677614400000,426535.32
826,1677618000000,423233.46
827,1677621600000,420637.43
828,1677625200000,422715.43
829,1677628800000,425227.24
830,1677632400000,429153.08
831,1677636000000,428714.29
832,1677639600000,429061.86
833,1677643200000,424459.42
834,1677646800000,419928.62
835,1677650400000,419322.86
836,1677654000000,419846.83
837,1677657600000,422217.15
838,1677661200000,417810.25
839,1677664800000,423752.45
840,1677668400000,423262.45
841,1677672000000,425744.83
842,1677675600000,427208.9
843,1677679200000,427206.64
844,1677682800000,424567.7
845,1677686400000,427675.79
846,1677690000000,429353.12
847,1677693600000,433173.54
848,1677697200000,434232.65
849,1677700800000,426610.54
850,1677704400000,427106.78
851,1677708000000,422011.44
852,1677711600000,421418.62
853,1677715200000,427739.87
854,1677718800000,424091.79
855,1677722400000,420725.9
856,1677726000000,420343.12
857,1677729600000,421363.45
858,1677733200000,420202.29
859,1677736800000,423408.58
860,1677740400000,425205.56
861,1677744000000,425144.56
862,1677747600000,424361.99
863,1677751200000,426989.4
864,1677754800000,430002.54
865,1677758400000,427936.96
866,1677762000000,430372.81
867,1677765600000,430455.88
868,1677769200000,434502.22
869,1677772800000,437762.9
870,1677776400000,437948.09
871,1677780000000,436622.72
872,1677783600000,432150.76
873,1677787200000,425171.93
874,1677790800000,422641.68
875,1677794400000,425422.42
876,1677798000000,419913.43
877,1677801600000,416941.35
878,1677805200000,417717.03
879,1677808800000,395029.26
880,1677812400000,402751.6
881,1677816000000,409723.83
882,1677819600000,410536.85
883,1677823200000,410899.14
884,1677826800000,410993.03
885,1677830400000,410711.18
886,1677834000000,410912.58
887,1677837600000,411503.83
888,1677841200000,414645.38
889,1677844800000,417104.69
890,1677848400000,416215.81
891,1677852000000,412264.18
892,1677855600000,413037.77
893,1677859200000,409091.75
894,1677862800000,411692.16
895,1677866400000,412087.22
896,1677870000000,408739.81
897,1677873600000,408482.88
898,1677877200000,410096.06
899,1677880800000,403397.38
900,1677884400000,405016.93
901,1677888000000,406661.02
902,1677891600000,405714.96
903,1677895200000,405632.57
904,1677898800000,404555.01
905,1677902400000,406373.33
906,1677906000000,403291.59
907,1677909600000,407940.75
908,1677913200000,412415.62
909,1677916800000,414043.06
910,1677920400000,415174.13
911,1677924000000,416107.13
912,1677927600000,417764.79
913,1677931200000,417742.75
914,1677934800000,415056.25
915,1677938400000,413901.12
916,1677942000000,412699.98
917,1677945600000,411861.54
918,1677949200000,412763.1
919,1677952800000,415068.22
920,1677956400000,411234.62
921,1677960000000,414083.76
922,1677963600000,414128.51
923,1677967200000,415760.52
924,1677970800000,418598.76
925,1677974400000,415915.01
926,1677978000000,414511.06
927,1677981600000,415131.3
928,1677985200000,408822.54
929,1677988800000,409771.15
930,1677992400000,413996.69
931,1677996000000,413256.11
932,1677999600000,413882.68
933,1678003200000,414326.19
934,1678006800000,413993.49
935,1678010400000,414036.08
936,1678014000000,414709.77
937,1678017600000,412671.3
938,1678021200000,413743.67
939,1678024800000,413131.71
940,1678028400000,413660.24
941,1678032000000,413927.84
942,1678035600000,414147.08
943,1678039200000,414336.67
944,1678042800000,413984.25
945,1678046400000,411646.84
946,1678050000000,413163.23
947,1678053600000,405018.51
948,1678057200000,409847.95
949,1678060800000,405955.85
950,1678064400000,402872.48
951,1678068000000,407843.9
952,1678071600000,411535.35
953,1678075200000,411524.75
954,1678078800000,411190.46
955,1678082400000,412672.71
956,1678086000000,413507.81
957,1678089600000,413801.37
958,1678093200000,413824.19
959,1678096800000,413053.86
960,1678100400000,411775.01
961,1678104000000,410788.53
962,1678107600000,410594.65
963,1678111200000,408246.77
964,1678114800000,412720.17
965,1678118400000,415269.6
966,1678122000000,421198.93
967,1678125600000,423787.56
968,1678129200000,423940.31
969,1678132800000,417724.56
970,1678136400000,417985.12
971,1678140000000,414073.67
972,1678143600000,414245.84
973,1678147200000,418324.99
974,1678150800000,415576.11
975,1678154400000,414357.69
976,1678158000000,417195.61
977,1678161600000,419272.58
978,1678165200000,421437.71
979,1678168800000,422295.82
980,1678172400000,423084.7
981,1678176000000,419926.98
982,1678179600000,417009.04
983,1678183200000,413346.26
984,1678186800000,415911.35
985,1678190400000,413923.56
986,1678194000000,415961.88
987,1678197600000,416042.92
988,1678201200000,414649.37
989,1678204800000,409978.34
990,1678208400000,415918.86
991,1678212000000,415005.65
992,1678215600000,416109.62
993,1678219200000,420135.16
994,1678222800000,416942.97
995,1678226400000,418858.55
996,1678230000000,418839.87
997,1678233600000,414728.53
998,1678237200000,417127.35
999,1678240800000,415799.98
1000,1678244400000,416133.27
1001,1678248000000,420846.84
1002,1678251600000,418385.81
1003,1678255200000,421908.25
1004,1678258800000,421111.3
1005,1678262400000,421946.27
1006,1678266000000,421757.06
1007,1678269600000,422536.02
1008,1678273200000,419748.88
1009,1678276800000,417342.59
1010,1678280400000,419141.34
1011,1678284000000,416875.35
1012,1678287600000,423376.76
1013,1678291200000,420280.27
1014,1678294800000,419952.5
1015,1678298400000,416653.69
1016,1678302000000,419999.2
1017,1678305600000,418860.93
1018,1678309200000,419450.94
1019,1678312800000,420470.89
1020,1678316400000,421542.01
1021,1678320000000,413452.99
1022,1678323600000,416810.26
1023,1678327200000,416708.5
1024,1678330800000,415216.07
1025,1678334400000,412327.72
1026,1678338000000,411860.1
1027,1678341600000,411468.23
1028,1678345200000,411644.09
1029,1678348800000,411606.36
1030,1678352400000,415199.05
1031,1678356000000,417631.96
1032,1678359600000,417071.91
1033,1678363200000,418959.03
1034,1678366800000,423380.11
1035,1678370400000,424382.97
1036,1678374000000,424130.81
1037,1678377600000,418439.9
1038,1678381200000,416057.0
1039,1678384800000,416887.84
1040,1678388400000,418454.28
1041,1678392000000,414764.61
1042,1678395600000,408657.17
1043,1678399200000,422517.21
1044,1678402800000,422163.57
1045,1678406400000,419905.2
1046,1678410000000,417929.08
1047,1678413600000,419749.81
1048,1678417200000,417584.51
1049,1678420800000,419861.28
1050,1678424400000,423443.91
1051,1678428000000,424089.21
1052,1678431600000,418813.92
1053,1678435200000,404127.58
1054,1678438800000,409241.98
1055,1678442400000,409489.15
1056,1678446000000,406019.72
1057,1678449600000,414864.5
1058,1678453200000,407998.1
1059,1678456800000,396353.98
1060,1678460400000,404502.86
1061,1678464000000,405744.47
1062,1678467600000,406581.9
1063,1678471200000,397855.33
1064,1678474800000,399484.17
1065,1678478400000,403641.26
1066,1678482000000,407718.23
1067,1678485600000,397836.17
1068,1678489200000,408066.26
1069,1678492800000,414959.74
1070,1678496400000,414868.03
1071,1678500000000,400222.59
1072,1678503600000,405059.61
1073,1678507200000,407973.34
1074,1678510800000,413987.28
1075,1678514400000,416545.41
1076,1678518000000,410820.39
1077,1678521600000,414819.59
1078,1678525200000,407723.3
1079,1678528800000,411898.54
1080,1678532400000,415560.52
1081,1678536000000,417733.15
1082,1678539600000,420427.19
1083,1678543200000,422403.51
1084,1678546800000,423796.99
1085,1678550400000,425327.74
1086,1678554000000,423629.14
1087,1678557600000,420922.28
1088,1678561200000,424394.25
1089,1678564800000,428742.69
1090,1678568400000,434170.02
1091,1678572000000,433012.31
1092,1678575600000,430424.72
1093,1678579200000,430821.1
1094,1678582800000,432932.05
1095,1678586400000,432832.48
1096,1678590000000,432336.93
1097,1678593600000,437466.53
1098,1678597200000,439275.91
1099,1678600800000,439998.63
1100,1678604400000,441599.06
1101,1678608000000,440344.64
1102,1678611600000,443963.07
1103,1678615200000,444371.18
1104,1678618800000,446174.67
1105,1678622400000,449957.56
1106,1678626000000,448206.28
1107,1678629600000,450405.68
1108,1678633200000,452663.52
1109,1678636800000,450831.29
1110,1678640400000,450001.41
1111,1678644000000,432895.55
1112,1678647600000,433244.05
1113,1678651200000,422731.12
1114,1678654800000,424920.73
1115,1678658400000,423076.75
1116,1678662000000,408268.88
1117,1678665600000,414741.87
1118,1678669200000,414098.52
1119,1678672800000,414901.98
1120,1678676400000,410096.96
1121,1678680000000,409865.22
1122,1678683600000,407593.23
1123,1678687200000,407299.32
1124,1678690800000,402773.83
1125,1678694400000,403103.42
1126,1678698000000,403083.9
1127,1678701600000,406085.94
1128,1678705200000,408166.41
1129,1678708800000,407272.2
1130,1678712400000,410148.69
1131,1678716000000,412515.98
1132,1678719600000,406980.18
1133,1678723200000,389445.33
1134,1678726800000,393689.66
1135,1678730400000,398072.94
1136,1678734000000,391527.1
1137,1678737600000,387887.55
1138,1678741200000,388009.08
1139,1678744800000,389097.79
1140,1678748400000,389676.89
1141,1678752000000,387920.98
1142,1678755600000,387175.63
1143,1678759200000,386459.28
1144,1678762800000,384211.03
1145,1678766400000,385366.78
1146,1678770000000,385446.11
1147,1678773600000,391340.99
1148,1678777200000,393021.75
1149,1678780800000,398887.91
1150,1678784400000,400099.35
1151,1678788000000,403568.63
1152,1678791600000,385332.44
1153,1678795200000,381962.62
1154,1678798800000,384907.13
1155,1678802400000,380634.69
1156,1678806000000,389592.48
1157,1678809600000,399863.09
1158,1678813200000,399490.31
1159,1678816800000,405279.61
1160,1678820400000,397840.49
1161,1678824000000,395183.93
1162,1678827600000,396921.56
1163,1678831200000,387614.71
1164,1678834800000,391532.27
1165,1678838400000,390554.29
1166,1678842000000,388981.94
1167,1678845600000,394326.52
1168,1678849200000,393981.31
1169,1678852800000,394786.42
1170,1678856400000,396923.39
1171,1678860000000,395569.31
1172,1678863600000,397362.39
1173,1678867200000,401312.91
1174,1678870800000,403475.6
1175,1678874400000,397779.28
1176,1678878000000,399065.6
1177,1678881600000,404865.25
1178,1678885200000,405362.22
1179,1678888800000,409865.34
1180,1678892400000,405888.65
1181,1678896000000,409020.94
1182,1678899600000,409672.11
1183,1678903200000,413827.2
1184,1678906800000,407763.6
1185,1678910400000,409010.07
1186,1678914000000,409201.53
1187,1678917600000,408964.12
1188,1678921200000,403355.49
1189,1678924800000,404237.81
1190,1678928400000,406576.52
1191,1678932000000,407311.1
1192,1678935600000,407936.37
1193,1678939200000,410837.51
1194,1678942800000,409970.33
1195,1678946400000,408617.12
1196,1678950000000,410821.84
1197,1678953600000,411419.8
1198,1678957200000,410288.43
1199,1678960800000,406441.64
1200,1678964400000,405926.05
1201,1678968000000,408982.46
1202,1678971600000,407597.46
1203,1678975200000,406351.02
1204,1678978800000,404352.42
1205,1678982400000,406277.97
1206,1678986000000,405434.85
1207,1678989600000,403586.84
1208,1678993200000,402636.12
1209,1678996800000,394734.1
1210,1679000400000,391808.4
1211,1679004000000,393195.07
1212,1679007600000,394365.13
1213,1679011200000,395866.38
1214,1679014800000,396131.64
1215,1679018400000,394977.01
1216,1679022000000,389726.1
1217,1679025600000,393414.56
1218,1679029200000,395511.8
1219,1679032800000,392930.83
1220,1679036400000,392996.13
1221,1679040000000,395872.73
1222,1679043600000,399924.35
1223,1679047200000,399710.61
1224,1679050800000,393238.91
1225,1679054400000,393780.62
1226,1679058000000,393542.88
1227,1679061600000,398222.62
1228,1679065200000,391127.48
1229,1679068800000,394422.04
1230,1679072400000,394587.66
1231,1679076000000,396988.1
1232,1679079600000,396139.12
1233,1679083200000,393936.94
1234,1679086800000,388383.47
1235,1679090400000,382442.21
1236,1679094000000,382614.83
1237,1679097600000,383011.85
1238,1679101200000,381275.57
1239,1679104800000,383575.84
1240,1679108400000,379735.86
1241,1679112000000,382339.77
1242,1679115600000,382853.86
1243,1679119200000,383310.98
1244,1679122800000,383774.69
1245,1679126400000,380459.28
1246,1679130000000,379124.65
1247,1679133600000,379874.12
1248,1679137200000,386830.48
1249,1679140800000,386541.66
1250,1679144400000,382471.88
1251,1679148000000,386577.27
1252,1679151600000,387119.69
1253,1679155200000,382170.0
1254,1679158800000,375121.3
1255,1679162400000,377030.93
1256,1679166000000,377305.54
1257,1679169600000,376298.32
1258,1679173200000,375937.72
1259,1679176800000,376278.79
1260,1679180400000,377496.13
1261,1679184000000,375846.12
1262,1679187600000,375671.39
1263,1679191200000,376480.35
1264,1679194800000,375610.52
1265,1679198400000,379157.75
1266,1679202000000,380322.97
1267,1679205600000,381350.29
1268,1679209200000,382290.73
1269,1679212800000,381821.79
1270,1679216400000,380122.06
1271,1679220000000,380238.06
1272,1679223600000,381133.69
1273,1679227200000,380442.64
1274,1679230800000,380829.95
1275,1679234400000,377720.66
1276,1679238000000,376946.24
1277,1679241600000,374580.03
1278,1679245200000,374295.59
1279,1679248800000,374856.4
1280,1679252400000,376418.8
1281,1679256000000,374250.8
1282,1679259600000,371955.6
1283,1679263200000,373806.52
1284,1679266800000,374774.46
1285,1679270400000,372244.97
1286,1679274000000,374377.53
1287,1679277600000,375509.75
1288,1679281200000,373456.43
1289,1679284800000,375489.99
1290,1679288400000,374822.63
1291,1679292000000,374704.71
1292,1679295600000,377788.48
1293,1679299200000,373893.31
1294,1679302800000,369791.47
1295,1679306400000,369634.98
1296,1679310000000,370247.12
1297,1679313600000,370856.35
1298,1679317200000,373158.18
1299,1679320800000,370633.42
1300,1679324400000,374796.24
1301,1679328000000,373583.5
1302,1679331600000,373233.4
1303,1679335200000,373152.32
1304,1679338800000,370647.63
1305,1679342400000,374785.31
1306,1679346000000,375331.66
1307,1679349600000,376359.79
1308,1679353200000,376060.03
1309,1679356800000,377662.65
1310,1679360400000,377526.28
1311,1679364000000,377926.99
1312,1679367600000,378904.64
1313,1679371200000,380427.05
1314,1679374800000,378642.82
1315,1679378400000,378571.16
1316,1679382000000,382152.36
1317,1679385600000,382166.31
1318,1679389200000,383136.73
1319,1679392800000,381943.69
1320,1679396400000,383094.22
1321,1679400000000,383879.1
1322,1679403600000,387353.72
1323,1679407200000,400265.47
1324,1679410800000,403651.95
1325,1679414400000,400281.23
1326,1679418000000,397723.48
1327,1679421600000,393875.03
1328,1679425200000,392680.57
1329,1679428800000,386964.27
1330,1679432400000,380179.11
1331,1679436000000,379984.43
1332,1679439600000,380605.67
1333,1679443200000,378004.0
1334,1679446800000,381160.52
1335,1679450400000,379856.53
1336,1679454000000,376897.96
1337,1679457600000,377766.63
1338,1679461200000,378324.51
1339,1679464800000,378178.08
1340,1679468400000,380291.98
1341,1679472000000,378763.66
1342,1679475600000,376123.23
1343,1679479200000,379102.51
1344,1679482800000,379354.14
1345,1679486400000,380019.42
1346,1679490000000,379556.31
1347,1679493600000,383103.05
1348,1679497200000,372865.1
1349,1679500800000,375981.59
1350,1679504400000,374040.79
1351,1679508000000,370306.38
1352,1679511600000,375085.57
1353,1679515200000,387589.09
1354,1679518800000,397585.67
1355,1679522400000,395882.22
1356,1679526000000,395903.16
1357,1679529600000,396758.39
1358,1679533200000,395676.86
1359,1679536800000,398318.52
1360,1679540400000,398358.68
1361,1679544000000,398055.09
1362,1679547600000,402654.17
1363,1679551200000,394019.26
1364,1679554800000,392703.7
1365,1679558400000,390022.6
1366,1679562000000,391683.22
1367,1679565600000,393779.89
1368,1679569200000,394523.79
1369,1679572800000,390826.7
1370,1679576400000,393077.98
1371,1679580000000,397201.17
1372,1679583600000,381352.85
1373,1679587200000,395457.54
1374,1679590800000,400864.56
1375,1679594400000,403486.39
1376,1679598000000,395917.75
1377,1679601600000,393210.41
1378,1679605200000,394181.09
1379,1679608800000,394518.91
1380,1679612400000,397972.24
1381,1679616000000,396614.43
1382,1679619600000,397306.75
1383,1679623200000,398328.64
1384,1679626800000,396253.37
1385,1679630400000,396291.81
1386,1679634000000,393821.79
1387,1679637600000,393142.37
1388,1679641200000,392091.46
1389,1679644800000,397752.14
1390,1679648400000,395235.92
1391,1679652000000,393116.39
1392,1679655600000,396275.43
1393,1679659200000,383337.05
1394,1679662800000,385671.5
1395,1679666400000,385714.75
1396,1679670000000,388195.6
1397,1679673600000,388984.62
1398,1679677200000,392662.89
1399,1679680800000,392351.94
1400,1679684400000,390948.12
1401,1679688000000,393103.73
1402,1679691600000,388253.53
1403,1679695200000,392385.74
1404,1679698800000,394792.79
1405,1679702400000,393823.89
1406,1679706000000,393058.9
1407,1679709600000,391520.22
1408,1679713200000,391476.02
1409,1679716800000,392423.52
1410,1679720400000,392896.91
1411,1679724000000,392316.67
1412,1679727600000,391705.55
1413,1679731200000,393047.24
1414,1679734800000,392190.83
1415,1679738400000,392764.94
1416,1679742000000,394161.85
1417,1679745600000,394845.44
1418,1679749200000,397559.56
1419,1679752800000,397754.31
1420,1679756400000,398454.88
1421,1679760000000,395098.59
1422,1679763600000,396133.65
1423,1679767200000,396511.58
1424,1679770800000,397420.66
1425,1679774400000,402069.56
1426,1679778000000,403280.62
1427,1679781600000,402550.12
1428,1679785200000,401190.21
1429,1679788800000,401105.74
1430,1679792400000,395855.99
1431,1679796000000,393208.62
1432,1679799600000,391199.62
1433,1679803200000,390967.1
1434,1679806800000,391126.87
1435,1679810400000,390786.76
1436,1679814000000,389152.2
1437,1679817600000,389418.45
1438,1679821200000,382293.89
1439,1679824800000,384159.0
1440,1679828400000,383676.1
1441,1679832000000,378270.76
1442,1679835600000,379191.32
1443,1679839200000,377580.61
1444,1679842800000,369764.66
1445,1679846400000,370777.92
1446,1679850000000,375116.92
1447,1679853600000,375902.2
1448,1679857200000,375577.93
1449,1679860800000,376090.04
1450,1679864400000,379236.61
1451,1679868000000,380405.91
1452,1679871600000,379938.0
1453,1679875200000,381122.75
1454,1679878800000,383312.86
1455,1679882400000,380722.91
1456,1679886000000,379964.59
1457,1679889600000,381253.74
1458,1679893200000,382069.41
1459,1679896800000,379318.65
1460,1679900400000,382249.21
1461,1679904000000,384331.98
1462,1679907600000,384367.6
1463,1679911200000,385306.96
1464,1679914800000,385309.76
1465,1679918400000,383264.81
1466,1679922000000,380452.32
1467,1679925600000,382339.05
1468,1679929200000,392461.67
1469,1679932800000,405895.12
1470,1679936400000,407456.78
1471,1679940000000,411721.32
1472,1679943600000,412810.9
1473,1679947200000,417564.19
1474,1679950800000,424006.15
1475,1679954400000,424643.6
1476,1679958000000,426250.83
1477,1679961600000,424574.99
1478,1679965200000,424883.82
1479,1679968800000,420926.37
1480,1679972400000,419355.93
1481,1679976000000,422252.48
1482,1679979600000,421446.11
1483,1679983200000,419540.51
1484,1679986800000,410603.99
1485,1679990400000,406426.15
1486,1679994000000,404556.55
1487,1679997600000,404885.77
1488,1680001200000,406401.85
1489,1680004800000,396882.08
1490,1680008400000,401497.94
1491,1680012000000,403827.12
1492,1680015600000,404060.45
1493,1680019200000,404359.3
1494,1680022800000,402546.57
1495,1680026400000,403339.05
1496,1680030000000,388737.94
1497,1680033600000,389307.65
1498,1680037200000,386455.4
1499,1680040800000,388394.39
1500,1680044400000,391283.8
1501,1680048000000,390113.13
1502,1680051600000,393310.39
1503,1680055200000,397330.97
1504,1680058800000,399847.91
1505,1680062400000,401726.06
1506,1680066000000,401493.09
1507,1680069600000,400264.96
1508,1680073200000,392219.35
1509,1680076800000,398843.78
1510,1680080400000,397842.01
1511,1680084000000,398476.02
1512,1680087600000,399343.29
1513,1680091200000,401661.58
1514,1680094800000,398505.35
1515,1680098400000,397634.1
1516,1680102000000,395909.36
1517,1680105600000,398182.46
1518,1680109200000,396687.54
1519,1680112800000,400404.66
1520,1680116400000,398804.81
1521,1680120000000,395504.02
1522,1680123600000,395812.25
1523,1680127200000,393469.25
1524,1680130800000,389249.64
1525,1680134400000,388887.42
1526,1680138000000,388006.39
1527,1680141600000,388817.57
1528,1680145200000,383383.87
1529,1680148800000,378436.08
1530,1680152400000,379664.47
1531,1680156000000,383607.84
1532,1680159600000,383758.25
1533,1680163200000,383022.12
1534,1680166800000,382865.66
1535,1680170400000,381203.74
1536,1680174000000,381863.28
1537,1680177600000,384078.66
1538,1680181200000,381394.74
1539,1680184800000,379468.27
1540,1680188400000,382338.67
1541,1680192000000,383165.41
1542,1680195600000,381287.32
1543,1680199200000,376325.93
1544,1680202800000,383550.06
1545,1680206400000,385373.75
1546,1680210000000,385513.28
1547,1680213600000,387353.42
1548,1680217200000,382210.61
1549,1680220800000,383391.23
1550,1680224400000,373131.96
1551,1680228000000,373615.9
1552,1680231600000,375196.11
1553,1680235200000,377102.51
1554,1680238800000,378623.93
1555,1680242400000,374349.91
1556,1680246000000,374938.65
1557,1680249600000,376108.88
1558,1680253200000,381296.8
1559,1680256800000,383480.23
1560,1680260400000,387617.93
1561,1680264000000,386422.79
1562,1680267600000,382403.97
1563,1680271200000,390551.03
1564,1680274800000,407061.44
1565,1680278400000,408131.28
1566,1680282000000,408462.31
1567,1680285600000,407948.98
1568,1680289200000,408402.99
1569,1680292800000,414151.06
1570,1680296400000,403828.77
1571,1680300000000,407944.39
1572,1680303600000,409457.51
1573,1680307200000,408012.21
1574,1680310800000,407730.6
1575,1680314400000,406720.36
1576,1680318000000,405627.31
1577,1680321600000,405237.16
1578,1680325200000,405847.79
1579,1680328800000,404041.74
1580,1680332400000,402872.11
1581,1680336000000,405727.14
1582,1680339600000,408133.04
1583,1680343200000,410696.11
1584,1680346800000,411796.23
1585,1680350400000,413727.01
1586,1680354000000,415513.17
1587,1680357600000,416042.42
1588,1680361200000,413691.54
1589,1680364800000,413032.77
1590,1680368400000,411504.32
1591,1680372000000,411344.04
1592,1680375600000,408508.44
1593,1680379200000,405208.55
1594,1680382800000,406791.53
1595,1680386400000,404667.76
1596,1680390000000,405321.29
1597,1680393600000,404798.27
1598,1680397200000,405306.17
1599,1680400800000,405400.59
1600,1680404400000,406251.61
1601,1680408000000,402440.64
1602,1680411600000,402204.02
1603,1680415200000,399853.88
1604,1680418800000,403327.21
1605,1680422400000,405093.04
1606,1680426000000,407055.1
1607,1680429600000,406453.2
1608,1680433200000,406196.57
1609,1680436800000,404416.74
1610,1680440400000,404889.77
1611,1680444000000,409966.91
1612,1680447600000,410382.11
1613,1680451200000,404130.17
1614,1680454800000,405429.51
1615,1680458400000,406938.84
1616,1680462000000,412166.33
1617,1680465600000,404790.27
1618,1680469200000,407621.23
1619,1680472800000,408918.83
1620,1680476400000,408245.03
1621,1680480000000,408522.71
1622,1680483600000,412203.89
1623,1680487200000,403969.8
1624,1680490800000,403790.61
1625,1680494400000,403822.78
1626,1680498000000,402471.82
1627,1680501600000,400530.13
1628,1680505200000,402442.58
1629,1680508800000,402238.75
1630,1680512400000,394123.22
1631,1680516000000,396541.32
1632,1680519600000,397952.02
1633,1680523200000,401664.95
1634,1680526800000,404447.65
1635,1680530400000,400986.81
1636,1680534000000,396722.38
1637,1680537600000,400559.63
1638,1680541200000,401341.77
1639,1680544800000,397487.99
1640,1680548400000,409516.45
1641,1680552000000,408314.94
1642,1680555600000,391261.09
1643,1680559200000,395401.32
1644,1680562800000,392375.4
1645,1680566400000,393241.64
1646,1680570000000,391181.54
1647,1680573600000,390238.24
1648,1680577200000,391297.96
1649,1680580800000,391263.25
1650,1680584400000,392160.99
1651,1680588000000,391450.38
1652,1680591600000,391597.12
1653,1680595200000,393229.73
1654,1680598800000,399014.52
1655,1680602400000,403583.02
1656,1680606000000,413854.83
1657,1680609600000,424146.76
1658,1680613200000,434326.58
1659,1680616800000,433448.47
1660,1680620400000,439316.95
1661,1680624000000,434449.13
1662,1680627600000,440410.47
1663,1680631200000,443635.87
1664,1680634800000,441557.42
1665,1680638400000,439780.47
1666,1680642000000,429525.98
1667,1680645600000,430935.97
1668,1680649200000,429480.85
1669,1680652800000,432991.02
1670,1680656400000,422633.47
1671,1680660000000,425033.16
1672,1680663600000,425070.54
1673,1680667200000,427319.07
1674,1680670800000,430051.24
1675,1680674400000,427874.11
1676,1680678000000,430753.41
1677,1680681600000,433742.76
1678,1680685200000,437132.35
1679,1680688800000,438894.94
1680,1680692400000,439605.25
1681,1680696000000,437363.42
1682,1680699600000,434132.39
1683,1680703200000,433416.0
1684,1680706800000,434436.03
1685,1680710400000,437477.13
1686,1680714000000,438907.28
1687,1680717600000,443215.95
1688,1680721200000,445439.5
1689,1680724800000,442765.2
1690,1680728400000,443307.04
1691,1680732000000,443765.14
1692,1680735600000,445406.59
1693,1680739200000,446707.37
1694,1680742800000,444410.75
1695,1680746400000,445749.67
1696,1680750000000,446084.18
1697,1680753600000,446472.83
1698,1680757200000,449911.35
1699,1680760800000,445202.86
1700,1680764400000,447374.98
1701,1680768000000,449445.03
1702,1680771600000,448758.4
1703,1680775200000,449972.53
1704,1680778800000,447638.54
1705,1680782400000,445428.68
1706,1680786000000,449276.35
1707,1680789600000,447614.49
1708,1680793200000,452391.24
1709,1680796800000,451275.58
1710,1680800400000,448732.54
1711,1680804000000,449532.12
1712,1680807600000,446134.53
1713,1680811200000,449602.55
1714,1680814800000,448701.52
1715,1680818400000,447643.18
1716,1680822000000,449455.99
1717,1680825600000,449562.13
1718,1680829200000,447844.57
1719,1680832800000,445280.78
1720,1680836400000,445340.79
1721,1680840000000,441141.06
1722,1680843600000,440780.44
1723,1680847200000,439247.61
1724,1680850800000,437454.8
1725,1680854400000,431800.43
1726,1680858000000,442841.78
1727,1680861600000,445617.74
1728,1680865200000,445565.43
1729,1680868800000,443668.12
1730,1680872400000,444744.93
1731,1680876000000,451537.97
1732,1680879600000,452644.1
1733,1680883200000,453009.93
1734,1680886800000,451733.68
1735,1680890400000,450145.75
1736,1680894000000,452823.59
1737,1680897600000,449630.4
1738,1680901200000,447355.02
1739,1680904800000,446082.24
1740,1680908400000,436130.18
1741,1680912000000,436551.41
1742,1680915600000,438626.51
1743,1680919200000,439224.54
1744,1680922800000,438543.12
1745,1680926400000,440056.09
1746,1680930000000,440018.94
1747,1680933600000,436746.75
1748,1680937200000,436753.92
1749,1680940800000,437283.81
1750,1680944400000,435002.89
1751,1680948000000,437038.3
1752,1680951600000,437707.85
1753,1680955200000,436715.15
1754,1680958800000,437083.56
1755,1680962400000,439113.39
1756,1680966000000,441782.48
1757,1680969600000,440456.16
1758,1680973200000,441993.31
1759,1680976800000,441958.93
1760,1680980400000,441645.4
1761,1680984000000,440527.14
1762,1680987600000,440776.44
1763,1680991200000,439592.11
1764,1680994800000,440153.47
1765,1680998400000,446372.8
1766,1681002000000,445847.79
1767,1681005600000,446128.6
1768,1681009200000,445929.73
1769,1681012800000,446356.01
1770,1681016400000,447107.76
1771,1681020000000,448520.82
1772,1681023600000,439956.89
1773,1681027200000,442485.65
1774,1681030800000,446562.34
1775,1681034400000,451007.19
1776,1681038000000,453015.35
1777,1681041600000,452718.61
1778,1681045200000,452104.0
1779,1681048800000,450774.78
1780,1681052400000,453103.53
1781,1681056000000,452052.66
1782,1681059600000,454332.09
1783,1681063200000,454232.84
1784,1681066800000,441003.69
1785,1681070400000,435808.39
1786,1681074000000,437085.16
1787,1681077600000,429834.55
1788,1681081200000,433682.38
1789,1681084800000,433961.4
1790,1681088400000,432875.07
1791,1681092000000,433932.13
1792,1681095600000,437587.76
1793,1681099200000,438838.33
1794,1681102800000,440966.27
1795,1681106400000,441157.08
1796,1681110000000,442136.36
1797,1681113600000,443988.68
1798,1681117200000,446484.04
1799,1681120800000,448732.74
1800,1681124400000,450428.55
1801,1681128000000,452803.91
1802,1681131600000,451286.5
1803,1681135200000,451753.27
1804,1681138800000,453056.29
1805,1681142400000,444771.87
1806,1681146000000,427620.23
1807,1681149600000,421415.86
1808,1681153200000,427455.52
1809,1681156800000,427935.54
1810,1681160400000,425727.75
1811,1681164000000,421384.78
1812,1681167600000,411575.13
1813,1681171200000,407754.26
1814,1681174800000,413424.28
1815,1681178400000,410673.6
1816,1681182000000,410453.9
1817,1681185600000,409884.42
1818,1681189200000,409369.43
1819,1681192800000,404652.18
1820,1681196400000,407799.97
1821,1681200000000,404930.47
1822,1681203600000,407241.16
1823,1681207200000,408212.83
1824,1681210800000,411510.54
1825,1681214400000,411444.05
1826,1681218000000,412474.39
1827,1681221600000,413136.78
1828,1681225200000,409581.98
1829,1681228800000,411770.9
1830,1681232400000,418960.56
1831,1681236000000,416670.94
1832,1681239600000,423053.52
1833,1681243200000,420623.85
1834,1681246800000,424715.96
1835,1681250400000,423715.4
1836,1681254000000,425572.26
1837,1681257600000,428964.57
1838,1681261200000,431766.04
1839,1681264800000,430918.04
1840,1681268400000,427320.8
1841,1681272000000,434050.81
1842,1681275600000,433857.73
1843,1681279200000,437135.3
1844,1681282800000,436652.89
1845,1681286400000,433993.79
1846,1681290000000,433241.07
1847,1681293600000,432722.6
1848,1681297200000,432400.48
1849,1681300800000,430663.56
1850,1681304400000,430227.03
1851,1681308000000,442078.14
1852,1681311600000,463433.91
1853,1681315200000,467741.57
1854,1681318800000,468375.55
1855,1681322400000,463824.53
1856,1681326000000,463072.03
1857,1681329600000,461133.45
1858,1681333200000,459579.76
1859,1681336800000,460060.52
1860,1681340400000,459187.37
1861,1681344000000,466382.39
1862,1681347600000,454699.89
1863,1681351200000,446191.87
1864,1681354800000,441946.49
1865,1681358400000,442757.54
1866,1681362000000,447395.96
1867,1681365600000,450799.57
1868,1681369200000,450175.98
1869,1681372800000,454052.95
1870,1681376400000,465370.16
1871,1681380000000,476541.28
1872,1681383600000,482415.32
1873,1681387200000,488370.56
1874,1681390800000,503487.46
1875,1681394400000,503430.93
1876,1681398000000,504828.67
1877,1681401600000,497963.64
1878,1681405200000,504478.89
1879,1681408800000,502393.25
1880,1681412400000,505911.55
1881,1681416000000,508645.36
1882,1681419600000,505204.24
1883,1681423200000,503108.78
1884,1681426800000,505314.21
1885,1681430400000,503966.77
1886,1681434000000,464051.58
1887,1681437600000,464377.16
1888,1681441200000,465922.62
1889,1681444800000,467110.3
1890,1681448400000,471327.0
1891,1681452000000,471056.73
1892,1681455600000,473551.66
1893,1681459200000,466215.17
1894,1681462800000,468481.58
1895,1681466400000,470012.88
1896,1681470000000,475524.11
1897,1681473600000,477067.66
1898,1681477200000,474579.46
1899,1681480800000,490140.29
1900,1681484400000,478312.16
1901,1681488000000,469257.0
1902,1681491600000,465224.13
1903,1681495200000,462716.23
1904,1681498800000,468169.35
1905,1681502400000,467793.96
1906,1681506000000,470689.94
1907,1681509600000,473862.24
1908,1681513200000,474526.7
1909,1681516800000,475334.17
1910,1681520400000,463530.69
1911,1681524000000,462160.42
1912,1681527600000,465457.13
1913,1681531200000,465791.7
1914,1681534800000,463869.91
1915,1681538400000,465018.11
1916,1681542000000,466855.96
1917,1681545600000,467354.85
1918,1681549200000,471251.99
1919,1681552800000,478727.48
1920,1681556400000,483893.7
1921,1681560000000,481385.9
1922,1681563600000,482330.69
1923,1681567200000,480228.28
1924,1681570800000,482796.78
1925,1681574400000,484783.58
1926,1681578000000,486689.91
1927,1681581600000,480502.56
1928,1681585200000,478498.89
1929,1681588800000,479230.02
1930,1681592400000,476072.01
1931,1681596000000,477496.1
1932,1681599600000,479951.79
1933,1681603200000,479592.61
1934,1681606800000,479569.73
1935,1681610400000,477691.05
1936,1681614000000,478463.18
1937,1681617600000,477353.9
1938,1681621200000,476333.06
1939,1681624800000,478068.38
1940,1681628400000,481558.46
1941,1681632000000,484124.09
1942,1681635600000,485447.08
1943,1681639200000,488886.99
1944,1681642800000,491863.08
1945,1681646400000,494542.82
1946,1681650000000,493511.61
1947,1681653600000,490615.4
1948,1681657200000,490219.22
1949,1681660800000,489946.8
1950,1681664400000,490807.85
1951,1681668000000,492137.08
1952,1681671600000,487634.78
1953,1681675200000,470544.3
1954,1681678800000,473307.46
1955,1681682400000,481094.9
1956,1681686000000,480633.61
1957,1681689600000,478142.56
1958,1681693200000,474860.0
1959,1681696800000,481805.34
1960,1681700400000,481343.41
1961,1681704000000,474472.34
1962,1681707600000,470854.33
1963,1681711200000,471762.91
1964,1681714800000,475060.84
1965,1681718400000,479361.19
1966,1681722000000,479222.49
1967,1681725600000,487697.54
1968,1681729200000,488211.95
1969,1681732800000,487628.27
1970,1681736400000,493288.84
1971,1681740000000,488748.3
1972,1681743600000,493074.84
1973,1681747200000,497451.48
1974,1681750800000,496064.07
1975,1681754400000,496116.77
1976,1681758000000,499152.6
1977,1681761600000,499138.92
1978,1681765200000,497498.55
1979,1681768800000,496651.89
1980,1681772400000,500392.9
1981,1681776000000,499735.57
1982,1681779600000,502922.19
1983,1681783200000,492861.14
1984,1681786800000,492051.25
1985,1681790400000,493462.17
1986,1681794000000,493501.73
1987,1681797600000,490444.15
1988,1681801200000,491223.11
1989,1681804800000,493380.49
1990,1681808400000,490125.35
1991,1681812000000,495791.6
1992,1681815600000,499284.49
1993,1681819200000,490252.99
1994,1681822800000,473097.37
1995,1681826400000,476094.88
1996,1681830000000,470387.12
1997,1681833600000,467843.42
1998,1681837200000,466778.53
1999,1681840800000,466270.03
2000,1681844400000,470487.1
2001,1681848000000,473225.91
2002,1681851600000,469141.8
2003,1681855200000,468304.93
2004,1681858800000,475391.62
2005,1681862400000,477957.45
2006,1681866000000,471756.87
2007,1681869600000,470969.58
2008,1681873200000,471552.96
2009,1681876800000,471080.7
2010,1681880400000,468681.95
2011,1681884000000,468223.51
2012,1681887600000,464737.03
2013,1681891200000,470753.89
2014,1681894800000,440873.07
2015,1681898400000,451901.52
2016,1681902000000,454356.86
2017,1681905600000,463802.15
2018,1681909200000,464066.07
2019,1681912800000,468154.76
2020,1681916400000,471799.51
2021,1681920000000,469417.89
2022,1681923600000,465116.93
2023,1681927200000,456636.78
2024,1681930800000,457197.94
2025,1681934400000,461480.23
2026,1681938000000,460264.25
2027,1681941600000,451657.62
2028,1681945200000,458290.94
2029,1681948800000,446187.55
2030,1681952400000,455809.48
2031,1681956000000,453802.68
2032,1681959600000,452718.12
2033,1681963200000,451418.11
2034,1681966800000,449009.36
2035,1681970400000,450135.18
2036,1681974000000,453296.06
2037,1681977600000,455907.36
2038,1681981200000,456625.21
2039,1681984800000,458557.44
2040,1681988400000,461233.85
2041,1681992000000,462084.1
2042,1681995600000,455516.67
2043,1681999200000,454371.63
2044,1682002800000,457297.84
2045,1682006400000,453319.67
2046,1682010000000,440701.05
2047,1682013600000,444129.98
2048,1682017200000,439143.32
2049,1682020800000,436259.08
2050,1682024400000,435665.61
2051,1682028000000,435743.98
2052,1682031600000,438545.43
2053,1682035200000,439237.41
2054,1682038800000,436350.39
2055,1682042400000,437783.62
2056,1682046000000,438679.76
2057,1682049600000,440893.14
2058,1682053200000,446056.03
2059,1682056800000,447397.53
2060,1682060400000,448905.11
2061,1682064000000,441845.1
2062,1682067600000,443596.06
2063,1682071200000,446592.63
2064,1682074800000,448268.57
2065,1682078400000,449175.51
2066,1682082000000,448639.56
2067,1682085600000,454419.91
2068,1682089200000,454950.62
2069,1682092800000,458600.09
2070,1682096400000,457586.28
2071,1682100000000,451733.27
2072,1682103600000,447164.91
2073,1682107200000,443705.8
2074,1682110800000,448775.94
2075,1682114400000,450248.51
2076,1682118000000,447065.19
2077,1682121600000,447515.42
2078,1682125200000,447465.7
2079,1682128800000,446108.34
2080,1682132400000,445926.69
2081,1682136000000,446383.26
2082,1682139600000,447000.17
2083,1682143200000,448783.67
2084,1682146800000,450399.87
2085,1682150400000,449397.81
2086,1682154000000,447721.92
2087,1682157600000,450322.43
2088,1682161200000,448820.4
2089,1682164800000,450164.78
2090,1682168400000,452849.98
2091,1682172000000,451509.65
2092,1682175600000,453327.01
2093,1682179200000,455612.84
2094,1682182800000,453903.1
2095,1682186400000,455351.81
2096,1682190000000,454960.22
2097,1682193600000,454189.67
2098,1682197200000,452533.3
2099,1682200800000,447943.23
2100,1682204400000,451079.08
2101,1682208000000,452644.41
2102,1682211600000,441680.57
2103,1682215200000,441951.0
2104,1682218800000,444279.43
2105,1682222400000,443686.36
2106,1682226000000,444081.8
2107,1682229600000,443381.91
2108,1682233200000,445102.07
2109,1682236800000,448274.11
2110,1682240400000,446126.44
2111,1682244000000,445624.98
2112,1682247600000,442981.88
2113,1682251200000,443275.44
2114,1682254800000,441399.16
2115,1682258400000,443485.78
2116,1682262000000,443743.65
2117,1682265600000,445299.67
2118,1682269200000,442906.19
2119,1682272800000,443484.03
2120,1682276400000,441075.72
2121,1682280000000,443578.14
2122,1682283600000,443438.89
2123,1682287200000,446618.16
2124,1682290800000,447385.63
2125,1682294400000,448145.37
2126,1682298000000,442030.8
2127,1682301600000,438852.63
2128,1682305200000,438319.74
2129,1682308800000,438682.83
2130,1682312400000,440101.99
2131,1682316000000,440830.93
2132,1682319600000,441323.16
2133,1682323200000,448582.82
2134,1682326800000,449972.27
2135,1682330400000,451459.22
2136,1682334000000,454473.31
2137,1682337600000,453749.57
2138,1682341200000,453839.75
2139,1682344800000,453883.77
2140,1682348400000,443094.57
2141,1682352000000,450077.53
2142,1682355600000,445949.88
2143,1682359200000,444857.16
2144,1682362800000,440760.69
2145,1682366400000,439356.56
2146,1682370000000,437347.06
2147,1682373600000,436462.67
2148,1682377200000,438836.39
2149,1682380800000,440960.7
2150,1682384400000,436366.28
2151,1682388000000,437835.3
2152,1682391600000,437344.97
2153,1682395200000,436769.25
2154,1682398800000,438481.67
2155,1682402400000,438945.01
2156,1682406000000,438422.68
2157,1682409600000,446079.83
2158,1682413200000,446642.29
2159,1682416800000,452149.8
2160,1682420400000,457807.53
2161,1682424000000,452544.63
2162,1682427600000,453899.59
2163,1682431200000,452567.77
2164,1682434800000,456155.21
2165,1682438400000,455402.45
2166,1682442000000,454805.55
2167,1682445600000,448256.35
2168,1682449200000,454601.86
2169,1682452800000,456234.15
2170,1682456400000,459637.56
2171,1682460000000,458811.69
2172,1682463600000,460056.28
2173,1682467200000,462683.16
2174,1682470800000,457230.78
2175,1682474400000,457275.34
2176,1682478000000,458207.4
2177,1682481600000,459336.96
2178,1682485200000,461550.68
2179,1682488800000,461836.09
2180,1682492400000,458525.84
2181,1682496000000,459011.85
2182,1682499600000,467120.99
2183,1682503200000,465968.73
2184,1682506800000,459973.23
2185,1682510400000,464544.28
2186,1682514000000,457791.69
2187,1682517600000,455445.91
2188,1682521200000,451664.89
2189,1682524800000,452581.82
2190,1682528400000,453505.25
2191,1682532000000,453851.13
2192,1682535600000,453774.29
2193,1682539200000,417177.59
2194,1682542800000,411699.32
2195,1682546400000,410762.48
2196,1682550000000,416594.64
2197,1682553600000,420391.9
2198,1682557200000,423126.18
2199,1682560800000,423806.71
2200,1682564400000,415837.29
2201,1682568000000,417955.05
2202,1682571600000,418331.52
2203,1682575200000,421130.44
2204,1682578800000,419176.36
2205,1682582400000,422109.43
2206,1682586000000,423646.39
2207,1682589600000,423994.22
2208,1682593200000,426510.12
2209,1682596800000,429889.03
2210,1682600400000,427323.55
2211,1682604000000,429537.82
2212,1682607600000,429974.89
2213,1682611200000,423715.66
2214,1682614800000,425774.8
2215,1682618400000,425844.36
2216,1682622000000,424478.07
2217,1682625600000,428750.73
2218,1682629200000,427077.3
2219,1682632800000,430208.68
2220,1682636400000,429781.35
2221,1682640000000,429620.65
2222,1682643600000,429862.95
2223,1682647200000,431730.72
2224,1682650800000,433117.99
2225,1682654400000,433526.04
2226,1682658000000,432521.04
2227,1682661600000,433155.99
2228,1682665200000,436164.14
2229,1682668800000,436762.59
2230,1682672400000,435488.83
2231,1682676000000,437764.51
2232,1682679600000,436412.83
2233,1682683200000,434571.5
2234,1682686800000,434546.86
2235,1682690400000,435822.86
2236,1682694000000,435214.9
2237,1682697600000,434099.52
2238,1682701200000,433619.47
2239,1682704800000,437296.65
2240,1682708400000,436786.99
2241,1682712000000,433003.99
2242,1682715600000,433049.47
2243,1682719200000,433139.66
2244,1682722800000,433273.1
2245,1682726400000,431472.22
2246,1682730000000,430032.83
2247,1682733600000,429899.22
2248,1682737200000,433272.36
2249,1682740800000,433055.57
2250,1682744400000,432451.53
2251,1682748000000,433766.22
2252,1682751600000,435123.53
2253,1682755200000,435079.5
2254,1682758800000,434294.5
2255,1682762400000,434984.51
2256,1682766000000,434780.87
2257,1682769600000,434721.89
2258,1682773200000,439486.19
2259,1682776800000,438799.97
2260,1682780400000,447305.2
2261,1682784000000,447277.55
2262,1682787600000,447833.93
2263,1682791200000,440521.69
2264,1682794800000,442671.12
2265,1682798400000,440520.61
2266,1682802000000,439332.82
2267,1682805600000,437617.81
2268,1682809200000,437782.05
2269,1682812800000,438364.22
2270,1682816400000,440058.09
2271,1682820000000,440331.38
2272,1682823600000,439248.27
2273,1682827200000,439984.16
2274,1682830800000,439215.39
2275,1682834400000,439089.72
2276,1682838000000,440729.56
2277,1682841600000,441690.49
2278,1682845200000,441735.44
2279,1682848800000,443661.97
2280,1682852400000,444326.7
2281,1682856000000,444370.46
2282,1682859600000,446396.74
2283,1682863200000,446160.41
2284,1682866800000,445126.88
2285,1682870400000,447636.66
2286,1682874000000,445375.38
2287,1682877600000,445479.56
2288,1682881200000,444628.6
2289,1682884800000,441590.42
2290,1682888400000,435060.25
2291,1682892000000,435759.78
2292,1682895600000,433956.83
2293,1682899200000,432740.87
2294,1682902800000,439464.54
2295,1682906400000,435211.91
2296,1682910000000,434495.53
2297,1682913600000,436185.42
2298,1682917200000,437401.83
2299,1682920800000,440502.04
2300,1682924400000,440698.71
2301,1682928000000,437749.05
2302,1682931600000,438977.56
2303,1682935200000,440127.0
2304,1682938800000,447503.55
2305,1682942400000,447871.94
2306,1682946000000,448928.47
2307,1682949600000,449321.7
2308,1682953200000,452270.42
2309,1682956800000,447449.92
2310,1682960400000,448074.45
2311,1682964000000,449041.92
2312,1682967600000,452376.84
2313,1682971200000,444622.67
2314,1682974800000,443051.0
2315,1682978400000,442440.06
2316,1682982000000,441995.7
2317,1682985600000,443118.07
2318,1682989200000,440210.08
2319,1682992800000,438666.3
2320,1682996400000,438662.62
2321,1683000000000,438661.64
2322,1683003600000,438734.18
2323,1683007200000,438822.22
2324,1683010800000,441177.79
2325,1683014400000,440882.02
2326,1683018000000,441254.19
2327,1683021600000,444143.03
2328,1683025200000,445853.02
2329,1683028800000,446747.33
2330,1683032400000,446619.09
2331,1683036000000,444849.27
2332,1683039600000,445121.69
2333,1683043200000,449299.81
2334,1683046800000,453281.48
2335,1683050400000,454558.54
2336,1683054000000,451520.62
2337,1683057600000,449337.63
2338,1683061200000,451039.45
2339,1683064800000,454269.5
2340,1683068400000,455106.24
2341,1683072000000,456039.68
2342,1683075600000,452892.14
2343,1683079200000,452498.68
2344,1683082800000,450341.39
2345,1683086400000,449276.32
2346,1683090000000,450971.47
2347,1683093600000,451208.75
2348,1683097200000,450795.18
2349,1683100800000,451869.54
2350,1683104400000,451511.82
2351,1683108000000,453117.29
2352,1683111600000,453924.08
2353,1683115200000,450263.03
2354,1683118800000,447253.23
2355,1683122400000,449236.58
2356,1683126000000,448719.42
2357,1683129600000,445411.18
2358,1683133200000,444254.28
2359,1683136800000,436132.82
2360,1683140400000,448236.08
2361,1683144000000,450326.59
2362,1683147600000,447990.94
2363,1683151200000,447924.89
2364,1683154800000,445348.48
2365,1683158400000,447373.69
2366,1683162000000,450250.53
2367,1683165600000,451590.88
2368,1683169200000,454146.32
2369,1683172800000,454296.51
2370,1683176400000,454764.84
2371,1683180000000,455550.57
2372,1683183600000,455687.6
2373,1683187200000,457020.44
2374,1683190800000,457549.75
2375,1683194400000,459017.87
2376,1683198000000,457790.94
2377,1683201600000,460291.89
2378,1683205200000,461873.95
2379,1683208800000,452725.45
2380,1683212400000,454241.53
2381,1683216000000,454949.17
2382,1683219600000,457831.57
2383,1683223200000,461592.79
2384,1683226800000,457030.75
2385,1683230400000,454772.98
2386,1683234000000,456305.25
2387,1683237600000,454419.48
2388,1683241200000,454150.15
2389,1683244800000,451393.96
2390,1683248400000,449537.9
2391,1683252000000,449122.27
2392,1683255600000,451927.77
2393,1683259200000,455060.71
2394,1683262800000,456461.65
2395,1683266400000,457519.49
2396,1683270000000,458287.82
2397,1683273600000,455249.05
2398,1683277200000,457361.75
2399,1683280800000,463891.44
2400,1683284400000,467351.22
2401,1683288000000,469297.38
2402,1683291600000,459693.15
2403,1683295200000,472673.97
2404,1683298800000,470861.84
2405,1683302400000,476392.93
2406,1683306000000,471792.74
2407,1683309600000,476260.54
2408,1683313200000,468176.19
2409,1683316800000,470893.67
2410,1683320400000,472291.11
2411,1683324000000,469720.0
2412,1683327600000,469966.62
2413,1683331200000,473258.98
2414,1683334800000,476238.32
2415,1683338400000,477461.72
2416,1683342000000,473698.59
2417,1683345600000,470441.06
2418,1683349200000,465015.35
2419,1683352800000,463020.41
2420,1683356400000,460916.64
2421,1683360000000,457397.33
2422,1683363600000,448147.17
2423,1683367200000,444774.98
2424,1683370800000,444726.83
2425,1683374400000,446529.04
2426,1683378000000,442153.92
2427,1683381600000,445392.41
2428,1683385200000,437103.08
2429,1683388800000,439087.34
2430,1683392400000,442852.17
2431,1683396000000,441301.21
2432,1683399600000,449512.85
2433,1683403200000,449343.83
2434,1683406800000,447879.76
2435,1683410400000,441473.72
2436,1683414000000,441696.31
2437,1683417600000,440858.71
2438,1683421200000,440029.69
2439,1683424800000,442568.47
2440,1683428400000,439813.71
2441,1683432000000,438719.81
2442,1683435600000,441007.12
2443,1683439200000,444104.07
2444,1683442800000,443604.44
2445,1683446400000,442645.86
2446,1683450000000,442689.05
2447,1683453600000,443490.38
2448,1683457200000,446869.43
2449,1683460800000,446527.51
2450,1683464400000,446403.2
2451,1683468000000,446911.13
2452,1683471600000,443217.51
2453,1683475200000,447479.93
2454,1683478800000,449006.17
2455,1683482400000,448393.41
2456,1683486000000,450437.71
2457,1683489600000,449704.73
2458,1683493200000,450465.66
2459,1683496800000,448719.46
2460,1683500400000,450704.94
2461,1683504000000,443997.29
2462,1683507600000,444012.43
2463,1683511200000,432410.37
2464,1683514800000,433863.21
2465,1683518400000,434796.16
2466,1683522000000,434051.03
2467,1683525600000,433584.86
2468,1683529200000,434526.07
2469,1683532800000,428899.05
2470,1683536400000,431395.84
2471,1683540000000,436353.03
2472,1683543600000,439255.54
2473,1683547200000,442590.53
2474,1683550800000,443681.49
2475,1683554400000,445504.85
2476,1683558000000,442058.83
2477,1683561600000,448053.35
2478,1683565200000,449662.3
2479,1683568800000,441215.98
2480,1683572400000,439600.89
2481,1683576000000,436697.57
2482,1683579600000,436572.65
2483,1683583200000,435568.25
2484,1683586800000,434779.99
2485,1683590400000,435451.81
2486,1683594000000,437576.81
2487,1683597600000,436559.33
2488,1683601200000,433455.2
2489,1683604800000,436715.82
2490,1683608400000,434633.96
2491,1683612000000,435709.14
2492,1683615600000,438365.95
2493,1683619200000,442046.29
2494,1683622800000,442250.73
2495,1683626400000,443523.93
2496,1683630000000,447026.13
2497,1683633600000,446392.56
2498,1683637200000,444387.46
2499,1683640800000,447410.3
2500,1683644400000,445046.64
2501,1683648000000,452699.35
2502,1683651600000,444542.5
2503,1683655200000,442446.74
2504,1683658800000,441035.05
2505,1683662400000,442296.63
2506,1683666000000,441530.71
2507,1683669600000,441516.79
2508,1683673200000,444194.13
2509,1683676800000,443075.93
2510,1683680400000,445315.29
2511,1683684000000,444921.0
2512,1683687600000,443917.18
2513,1683691200000,445364.95
2514,1683694800000,445964.73
2515,1683698400000,447290.54
2516,1683702000000,446711.99
2517,1683705600000,447079.45
2518,1683709200000,449361.71
2519,1683712800000,451957.14
2520,1683716400000,453084.21
2521,1683720000000,448531.2
2522,1683723600000,445552.13
2523,1683727200000,456021.3
2524,1683730800000,457155.94
2525,1683734400000,458506.66
2526,1683738000000,460563.93
2527,1683741600000,435156.73
2528,1683745200000,435929.43
2529,1683748800000,435917.1
2530,1683752400000,433389.85
2531,1683756000000,435835.56
2532,1683759600000,439508.0
2533,1683763200000,440658.73
2534,1683766800000,445170.62
2535,1683770400000,443418.3
2536,1683774000000,447399.56
2537,1683777600000,447292.74
2538,1683781200000,446874.4
2539,1683784800000,446784.49
2540,1683788400000,448372.52
2541,1683792000000,448551.02
2542,1683795600000,451656.53
2543,1683799200000,452805.16
2544,1683802800000,454359.03
2545,1683806400000,454447.04
2546,1683810000000,452732.39
2547,1683813600000,450033.34
2548,1683817200000,457691.17
2549,1683820800000,462496.51
2550,1683824400000,462167.85
2551,1683828000000,449383.74
2552,1683831600000,450795.04
2553,1683835200000,453668.96
2554,1683838800000,453401.97
2555,1683842400000,452249.75
2556,1683846000000,455078.17
2557,1683849600000,457020.22
2558,1683853200000,453782.36
2559,1683856800000,456335.69
2560,1683860400000,446968.44
2561,1683864000000,453078.54
2562,1683867600000,444624.67
2563,1683871200000,439979.83
2564,1683874800000,440080.76
2565,1683878400000,436086.69
2566,1683882000000,435872.92
2567,1683885600000,434263.44
2568,1683889200000,439400.97
2569,1683892800000,444092.27
2570,1683896400000,444200.75
2571,1683900000000,448561.5
2572,1683903600000,443063.79
2573,1683907200000,446925.47
2574,1683910800000,446684.74
2575,1683914400000,448305.01
2576,1683918000000,447778.34
2577,1683921600000,439470.81
2578,1683925200000,438714.65
2579,1683928800000,435309.29
2580,1683932400000,439355.59
2581,1683936000000,440213.0
2582,1683939600000,445149.68
2583,1683943200000,444712.59
2584,1683946800000,443300.69
2585,1683950400000,442495.63
2586,1683954000000,442318.75
2587,1683957600000,443622.4
2588,1683961200000,444955.04
2589,1683964800000,446445.22
2590,1683968400000,449600.38
2591,1683972000000,450081.31
2592,1683975600000,450509.47
2593,1683979200000,449731.76
2594,1683982800000,447794.55
2595,1683986400000,449170.06
2596,1683990000000,437905.83
2597,1683993600000,453613.69
2598,1683997200000,453981.34
2599,1684000800000,454783.9
2600,1684004400000,450546.03
2601,1684008000000,449796.8
2602,1684011600000,450832.51
2603,1684015200000,450111.38
2604,1684018800000,449484.66
2605,1684022400000,450578.35
2606,1684026000000,450255.53
2607,1684029600000,450961.02
2608,1684033200000,450475.68
2609,1684036800000,451023.09
2610,1684040400000,451665.21
2611,1684044000000,452214.35
2612,1684047600000,452555.9
2613,1684051200000,453357.67
2614,1684054800000,454050.08
2615,1684058400000,454345.77
2616,1684062000000,454401.22
2617,1684065600000,456448.1
2618,1684069200000,453802.19
2619,1684072800000,452951.71
2620,1684076400000,453943.16
2621,1684080000000,455988.18
2622,1684083600000,454699.62
2623,1684087200000,452381.7
2624,1684090800000,446086.22
2625,1684094400000,447611.42
2626,1684098000000,448386.24
2627,1684101600000,449674.53
2628,1684105200000,450329.97
2629,1684108800000,451047.41
2630,1684112400000,449284.75
2631,1684116000000,449099.33
2632,1684119600000,458652.76
2633,1684123200000,465465.16
2634,1684126800000,465727.39
2635,1684130400000,462218.16
2636,1684134000000,459896.59
2637,1684137600000,463569.58
2638,1684141200000,461006.71
2639,1684144800000,460604.37
2640,1684148400000,460624.32
2641,1684152000000,458815.25
2642,1684155600000,458636.61
2643,1684159200000,462228.59
2644,1684162800000,453452.8
2645,1684166400000,452153.52
2646,1684170000000,462473.41
2647,1684173600000,458507.51
2648,1684177200000,460130.0
2649,1684180800000,462189.36
2650,1684184400000,459444.14
2651,1684188000000,457931.84
2652,1684191600000,454567.45
2653,1684195200000,455201.72
2654,1684198800000,447047.41
2655,1684202400000,444626.66
2656,1684206000000,446162.51
2657,1684209600000,442939.6
2658,1684213200000,442663.64
2659,1684216800000,442743.68
2660,1684220400000,441754.62
2661,1684224000000,452006.76
2662,1684227600000,450677.56
2663,1684231200000,449270.43
2664,1684234800000,455947.29
2665,1684238400000,454022.49
2666,1684242000000,453738.84
2667,1684245600000,455832.14
2668,1684249200000,454354.88
2669,1684252800000,452801.24
2670,1684256400000,450032.04
2671,1684260000000,455966.01
2672,1684263600000,459815.85
2673,1684267200000,459482.09
2674,1684270800000,459825.71
2675,1684274400000,464962.46
2676,1684278000000,464695.36
2677,1684281600000,464182.41
2678,1684285200000,465784.93
2679,1684288800000,464135.7
2680,1684292400000,465519.51
2681,1684296000000,465067.81
2682,1684299600000,464461.26
2683,1684303200000,467607.25
2684,1684306800000,469140.07
2685,1684310400000,456764.11
2686,1684314000000,463027.95
2687,1684317600000,463319.71
2688,1684321200000,465448.63
2689,1684324800000,466157.66
2690,1684328400000,460840.04
2691,1684332000000,456122.31
2692,1684335600000,458281.64
2693,1684339200000,459809.39
2694,1684342800000,456286.28
2695,1684346400000,455849.08
2696,1684350000000,456466.99
2697,1684353600000,449149.91
2698,1684357200000,438664.35
2699,1684360800000,435761.27
2700,1684364400000,440816.82
2701,1684368000000,440344.49
2702,1684371600000,442481.3
2703,1684375200000,440385.28
2704,1684378800000,440517.2
2705,1684382400000,442294.3
2706,1684386000000,443269.44
2707,1684389600000,443942.3
2708,1684393200000,444406.3
2709,1684396800000,439414.84
2710,1684400400000,440239.88
2711,1684404000000,439501.69
2712,1684407600000,440574.26
2713,1684411200000,439701.69
2714,1684414800000,437742.8
2715,1684418400000,437998.15
2716,1684422000000,436096.62
2717,1684425600000,440943.82
2718,1684429200000,448963.85
2719,1684432800000,450922.5
2720,1684436400000,461235.68
2721,1684440000000,459441.55
2722,1684443600000,460455.4
2723,1684447200000,452785.99
2724,1684450800000,453483.46
2725,1684454400000,454519.81
2726,1684458000000,455713.8
2727,1684461600000,456861.16
2728,1684465200000,456981.62
2729,1684468800000,457437.54
2730,1684472400000,457088.47
2731,1684476000000,457652.14
2732,1684479600000,456517.04
2733,1684483200000,455063.62
2734,1684486800000,454946.44
2735,1684490400000,454348.83
2736,1684494000000,452532.16
2737,1684497600000,451986.13
2738,1684501200000,451288.19
2739,1684504800000,454564.78
2740,1684508400000,454040.72
2741,1684512000000,452338.94
2742,1684515600000,454306.85
2743,1684519200000,458358.81
2744,1684522800000,459072.32
2745,1684526400000,460234.74
2746,1684530000000,462082.09
2747,1684533600000,460313.51
2748,1684537200000,460010.84
2749,1684540800000,458751.87
2750,1684544400000,459302.37
2751,1684548000000,458068.79
2752,1684551600000,457815.3
2753,1684555200000,457703.32
2754,1684558800000,457930.34
2755,1684562400000,458991.21
2756,1684566000000,457943.4
2757,1684569600000,458068.69
2758,1684573200000,458759.85
2759,1684576800000,459176.0
2760,1684580400000,459752.06
2761,1684584000000,458895.9
2762,1684587600000,459415.61
2763,1684591200000,459111.73
2764,1684594800000,459638.27
2765,1684598400000,460785.71
2766,1684602000000,461738.94
2767,1684605600000,457196.44
2768,1684609200000,460644.47
2769,1684612800000,461180.08
2770,1684616400000,461128.89
2771,1684620000000,460454.63
2772,1684623600000,460638.3
2773,1684627200000,460517.54
2774,1684630800000,458993.46
2775,1684634400000,459857.37
2776,1684638000000,459417.65
2777,1684641600000,460048.35
2778,1684645200000,459694.62
2779,1684648800000,457763.98
2780,1684652400000,457343.54
2781,1684656000000,457678.3
2782,1684659600000,456858.06
2783,1684663200000,457242.7
2784,1684666800000,456891.56
2785,1684670400000,460737.01
2786,1684674000000,463728.63
2787,1684677600000,464344.58
2788,1684681200000,464899.84
2789,1684684800000,462991.98
2790,1684688400000,464318.76
2791,1684692000000,464685.26
2792,1684695600000,466096.98
2793,1684699200000,465160.71
2794,1684702800000,463616.26
2795,1684706400000,464381.04
2796,1684710000000,464441.31
2797,1684713600000,463945.61
2798,1684717200000,462313.84
2799,1684720800000,464116.8
2800,1684724400000,464297.87
2801,1684728000000,465672.46
2802,1684731600000,466478.96
2803,1684735200000,466905.71
2804,1684738800000,461504.79
2805,1684742400000,458702.82
2806,1684746000000,459257.55
2807,1684749600000,456264.46
2808,1684753200000,461143.34
2809,1684756800000,460234.05
2810,1684760400000,462634.4
2811,1684764000000,470310.88
2812,1684767600000,464785.05
2813,1684771200000,468566.47
2814,1684774800000,468692.34
2815,1684778400000,470471.37
2816,1684782000000,469153.56
2817,1684785600000,470442.75
2818,1684789200000,467926.5
2819,1684792800000,468762.85
2820,1684796400000,468555.35
2821,1684800000000,472637.79
2822,1684803600000,470941.15
2823,1684807200000,477873.55
2824,1684810800000,480954.93
2825,1684814400000,480632.7
2826,1684818000000,481199.55
2827,1684821600000,483283.71
2828,1684825200000,483823.07
2829,1684828800000,477300.2
2830,1684832400000,475034.51
2831,1684836000000,476524.66
2832,1684839600000,476245.65
2833,1684843200000,477474.05
2834,1684846800000,479175.03
2835,1684850400000,480119.05
2836,1684854000000,475392.86
2837,1684857600000,473004.1
2838,1684861200000,478259.72
2839,1684864800000,477376.67
2840,1684868400000,477755.28
2841,1684872000000,475663.65
2842,1684875600000,477643.11
2843,1684879200000,481801.07
2844,1684882800000,481282.19
2845,1684886400000,480967.52
2846,1684890000000,479706.37
2847,1684893600000,477003.23
2848,1684897200000,473594.05
2849,1684900800000,464942.62
2850,1684904400000,471293.71
2851,1684908000000,471200.07
2852,1684911600000,469262.13
2853,1684915200000,469802.5
2854,1684918800000,473176.42
2855,1684922400000,474320.14
2856,1684926000000,474727.26
2857,1684929600000,475893.13
2858,1684933200000,478955.74
2859,1684936800000,462072.86
2860,1684940400000,468138.31
2861,1684944000000,465094.32
2862,1684947600000,467170.38
2863,1684951200000,465622.92
2864,1684954800000,467888.53
2865,1684958400000,462674.39
2866,1684962000000,458455.37
2867,1684965600000,455981.77
2868,1684969200000,454744.46
2869,1684972800000,453925.89
2870,1684976400000,461307.83
2871,1684980000000,449080.13
2872,1684983600000,453649.2
2873,1684987200000,446682.91
2874,1684990800000,448357.59
2875,1684994400000,450129.64
2876,1684998000000,450034.33
2877,1685001600000,451519.4
2878,1685005200000,452233.17
2879,1685008800000,453714.61
2880,1685012400000,455727.59
2881,1685016000000,454510.71
2882,1685019600000,454274.89
2883,1685023200000,454017.17
2884,1685026800000,449744.08
2885,1685030400000,455504.46
2886,1685034000000,458816.59
2887,1685037600000,458422.03
2888,1685041200000,460882.61
2889,1685044800000,460545.03
2890,1685048400000,459600.74
2891,1685052000000,457629.49
2892,1685055600000,459162.21
2893,1685059200000,456467.34
2894,1685062800000,457389.11
2895,1685066400000,456982.88
2896,1685070000000,458141.02
2897,1685073600000,450626.42
2898,1685077200000,456897.42
2899,1685080800000,458070.36
2900,1685084400000,456966.14
2901,1685088000000,459621.48
2902,1685091600000,463265.18
2903,1685095200000,463097.66
2904,1685098800000,462408.16
2905,1685102400000,463672.49
2906,1685106000000,459970.49
2907,1685109600000,460609.29
2908,1685113200000,462971.52
2909,1685116800000,469270.52
2910,1685120400000,470839.42
2911,1685124000000,469913.25
2912,1685127600000,480761.9
2913,1685131200000,487270.26
2914,1685134800000,487455.79
2915,1685138400000,486272.17
2916,1685142000000,486237.45
2917,1685145600000,485752.87
2918,1685149200000,485346.86
2919,1685152800000,484825.6
2920,1685156400000,485463.97
2921,1685160000000,486439.48
2922,1685163600000,487275.94
2923,1685167200000,487203.07
2924,1685170800000,485131.45
2925,1685174400000,485525.31
2926,1685178000000,486026.66
2927,1685181600000,484706.77
2928,1685185200000,485427.07
2929,1685188800000,483647.84
2930,1685192400000,483041.92
2931,1685196000000,474146.59
2932,1685199600000,476207.63
2933,1685203200000,477625.66
2934,1685206800000,477662.52
2935,1685210400000,474345.56
2936,1685214000000,471732.52
2937,1685217600000,471099.98
2938,1685221200000,471098.21
2939,1685224800000,470798.14
2940,1685228400000,472815.29
2941,1685232000000,473724.13
2942,1685235600000,463325.1
2943,1685239200000,465531.0
2944,1685242800000,468701.29
2945,1685246400000,472432.87
2946,1685250000000,471722.44
2947,1685253600000,472139.25
2948,1685257200000,473161.32
2949,1685260800000,472243.51
2950,1685264400000,472749.7
2951,1685268000000,472947.34
2952,1685271600000,473332.34
2953,1685275200000,474007.79
2954,1685278800000,473305.24
2955,1685282400000,472365.19
2956,1685286000000,472133.7
2957,1685289600000,474259.54
2958,1685293200000,473600.93
2959,1685296800000,469994.8
2960,1685300400000,469645.49
2961,1685304000000,468436.98
2962,1685307600000,469024.57
2963,1685311200000,465059.17
2964,1685314800000,437991.62
2965,1685318400000,443593.1
2966,1685322000000,447501.0
2967,1685325600000,450827.77
2968,1685329200000,451223.99
2969,1685332800000,453204.67
2970,1685336400000,449154.5
2971,1685340000000,448187.89
2972,1685343600000,448651.6
2973,1685347200000,447946.3
2974,1685350800000,446823.42
2975,1685354400000,447543.9
2976,1685358000000,447590.79
2977,1685361600000,449320.61
2978,1685365200000,449420.6
2979,1685368800000,448702.68
2980,1685372400000,450385.38
2981,1685376000000,448322.79
2982,1685379600000,448983.86
2983,1685383200000,437416.68
2984,1685386800000,440203.36
2985,1685390400000,439724.57
2986,1685394000000,439740.31
2987,1685397600000,437709.77
2988,1685401200000,437684.1
2989,1685404800000,435685.44
2990,1685408400000,434953.69
2991,1685412000000,432508.78
2992,1685415600000,432813.65
2993,1685419200000,432119.1
2994,1685422800000,432880.96
2995,1685426400000,432557.07
2996,1685430000000,433641.99
2997,1685433600000,433836.44
2998,1685437200000,435900.1
2999,1685440800000,435775.25
3000,1685444400000,434805.65
3001,1685448000000,440209.42
3002,1685451600000,440100.15
3003,1685455200000,442592.42
3004,1685458800000,439643.22
3005,1685462400000,440032.46
3006,1685466000000,435354.34
3007,1685469600000,437719.76
3008,1685473200000,439619.75
3009,1685476800000,436640.29
3010,1685480400000,434682.38
3011,1685484000000,438509.0
3012,1685487600000,435603.21
3013,1685491200000,440070.41
3014,1685494800000,440031.83
3015,1685498400000,439185.89
3016,1685502000000,434952.12
3017,1685505600000,436314.54
3018,1685509200000,432197.0
3019,1685512800000,439659.66
3020,1685516400000,443135.85
3021,1685520000000,441977.05
3022,1685523600000,442257.92
3023,1685527200000,443078.23
3024,1685530800000,445999.19
3025,1685534400000,447119.58
3026,1685538000000,448305.42
3027,1685541600000,450717.83
3028,1685545200000,445553.55
3029,1685548800000,446958.19
3030,1685552400000,448210.99
3031,1685556000000,448775.49
3032,1685559600000,451376.21
3033,1685563200000,450837.6
3034,1685566800000,450535.37
3035,1685570400000,449054.68
3036,1685574000000,449190.65
3037,1685577600000,446747.28
3038,1685581200000,445937.25
3039,1685584800000,446221.77
3040,1685588400000,442173.37
3041,1685592000000,441728.66
3042,1685595600000,443013.74
3043,1685599200000,444039.31
3044,1685602800000,446598.7
3045,1685606400000,446904.48
3046,1685610000000,449023.9
3047,1685613600000,446037.37
3048,1685617200000,447048.96
3049,1685620800000,447614.56
3050,1685624400000,448203.16
3051,1685628000000,448496.33
3052,1685631600000,449345.21
3053,1685635200000,448271.71
3054,1685638800000,444486.46
3055,1685642400000,443299.78
3056,1685646000000,443031.2
3057,1685649600000,443119.27
3058,1685653200000,442922.09
3059,1685656800000,447033.97
3060,1685660400000,447072.22
3061,1685664000000,446741.07
3062,1685667600000,443038.07
3063,1685671200000,439362.46
3064,1685674800000,440020.32
3065,1685678400000,439733.13
3066,1685682000000,438371.73
3067,1685685600000,441541.65
3068,1685689200000,443408.76
3069,1685692800000,444850.03
3070,1685696400000,446722.09
3071,1685700000000,446579.04
3072,1685703600000,447933.85
3073,1685707200000,449090.16
3074,1685710800000,452667.74
3075,1685714400000,455060.76
3076,1685718000000,455770.52
3077,1685721600000,454583.5
3078,1685725200000,449720.72
3079,1685728800000,454203.77
3080,1685732400000,445060.94
3081,1685736000000,451964.58
3082,1685739600000,455365.81
3083,1685743200000,453225.88
3084,1685746800000,453211.34
3085,1685750400000,454124.44
3086,1685754000000,454991.41
3087,1685757600000,453428.71
3088,1685761200000,453385.19
3089,1685764800000,452184.11
3090,1685768400000,451875.99
3091,1685772000000,451628.34
3092,1685775600000,452010.52
3093,1685779200000,453041.51
3094,1685782800000,451997.35
3095,1685786400000,452612.29
3096,1685790000000,453043.43
3097,1685793600000,453241.36
3098,1685797200000,453473.97
3099,1685800800000,454000.41
3100,1685804400000,453896.29
3101,1685808000000,453007.08
3102,1685811600000,454207.68
3103,1685815200000,452289.17
3104,1685818800000,448441.37
3105,1685822400000,445594.25
3106,1685826000000,445136.61
3107,1685829600000,444963.38
3108,1685833200000,444443.4
3109,1685836800000,443566.85
3110,1685840400000,443467.31
3111,1685844000000,442645.92
3112,1685847600000,442588.29
3113,1685851200000,442790.05
3114,1685854800000,442411.53
3115,1685858400000,443588.25
3116,1685862000000,437651.52
3117,1685865600000,438556.8
3118,1685869200000,438027.53
3119,1685872800000,442151.97
3120,1685876400000,445732.55
3121,1685880000000,447556.41
3122,1685883600000,446323.89
3123,1685887200000,448608.93
3124,1685890800000,449270.04
3125,1685894400000,451129.85
3126,1685898000000,451332.4
3127,1685901600000,452023.82
3128,1685905200000,448835.52
3129,1685908800000,447682.54
3130,1685912400000,450236.13
3131,1685916000000,451967.52
3132,1685919600000,450164.77
3133,1685923200000,444812.7
3134,1685926800000,440112.51
3135,1685930400000,443157.72
3136,1685934000000,440904.45
3137,1685937600000,450297.85
3138,1685941200000,452408.38
3139,1685944800000,452164.65
3140,1685948400000,451542.32
3141,1685952000000,452196.92
3142,1685955600000,452269.13
3143,1685959200000,454393.8
3144,1685962800000,455410.28
3145,1685966400000,455174.94
3146,1685970000000,459691.49
3147,1685973600000,459754.13
3148,1685977200000,461630.56
3149,1685980800000,449579.06
3150,1685984400000,444138.32
3151,1685988000000,450844.32
3152,1685991600000,454464.62
3153,1685995200000,456232.87
3154,1685998800000,456504.29
3155,1686002400000,456927.66
3156,1686006000000,454178.63
3157,1686009600000,453342.6
3158,1686013200000,458352.83
3159,1686016800000,459060.82
3160,1686020400000,457913.39
3161,1686024000000,457225.14
3162,1686027600000,458490.22
3163,1686031200000,457424.34
3164,1686034800000,456168.18
3165,1686038400000,458154.17
3166,1686042000000,457716.81
3167,1686045600000,460642.87
3168,1686049200000,463286.01
3169,1686052800000,459938.12
3170,1686056400000,461243.36
3171,1686060000000,463087.68
3172,1686063600000,457055.95
3173,1686067200000,455670.15
3174,1686070800000,441012.21
3175,1686074400000,434334.49
3176,1686078000000,436263.34
3177,1686081600000,424862.8
3178,1686085200000,426528.59
3179,1686088800000,423931.87
3180,1686092400000,429619.1
3181,1686096000000,429256.82
3182,1686099600000,430650.1
3183,1686103200000,429572.63
3184,1686106800000,429692.44
3185,1686110400000,427191.78
3186,1686114000000,427405.7
3187,1686117600000,427300.25
3188,1686121200000,427817.51
3189,1686124800000,432238.62
3190,1686128400000,430251.8
3191,1686132000000,425797.07
3192,1686135600000,420372.14
3193,1686139200000,419811.31
3194,1686142800000,423715.37
3195,1686146400000,424768.75
3196,1686150000000,423963.26
3197,1686153600000,418608.25
3198,1686157200000,424988.96
3199,1686160800000,424918.65
3200,1686164400000,423849.92
3201,1686168000000,425790.29
3202,1686171600000,425105.9
3203,1686175200000,427590.32
3204,1686178800000,431326.55
3205,1686182400000,431199.27
3206,1686186000000,432295.06
3207,1686189600000,430376.92
3208,1686193200000,428357.69
3209,1686196800000,427432.49
3210,1686200400000,429093.49
3211,1686204000000,430226.04
3212,1686207600000,428322.86
3213,1686211200000,430200.79
3214,1686214800000,431182.35
3215,1686218400000,432214.05
3216,1686222000000,433586.89
3217,1686225600000,433493.87
3218,1686229200000,429868.89
3219,1686232800000,434787.95
3220,1686236400000,430234.24
3221,1686240000000,430967.75
3222,1686243600000,434676.35
3223,1686247200000,434834.85
3224,1686250800000,430312.8
3225,1686254400000,431249.35
3226,1686258000000,431712.86
3227,1686261600000,432526.86
3228,1686265200000,433384.19
3229,1686268800000,430006.96
3230,1686272400000,435340.81
3231,1686276000000,430778.13
3232,1686279600000,428861.79
3233,1686283200000,432187.02
3234,1686286800000,433586.36
3235,1686290400000,434903.66
3236,1686294000000,437769.78
3237,1686297600000,440939.85
3238,1686301200000,439083.28
3239,1686304800000,439705.44
3240,1686308400000,441492.56
3241,1686312000000,441448.92
3242,1686315600000,437780.84
3243,1686319200000,437393.83
3244,1686322800000,440482.7
3245,1686326400000,445556.52
3246,1686330000000,445028.78
3247,1686333600000,443573.06
3248,1686337200000,443713.68
3249,1686340800000,442973.63
3250,1686344400000,442054.73
3251,1686348000000,442289.62
3252,1686351600000,441863.35
3253,1686355200000,442962.59
3254,1686358800000,442702.88
3255,1686362400000,440506.86
3256,1686366000000,440753.49
3257,1686369600000,442342.62
3258,1686373200000,434909.46
3259,1686376800000,435772.69
3260,1686380400000,443192.71
3261,1686384000000,445803.77
3262,1686387600000,448050.32
3263,1686391200000,449293.57
3264,1686394800000,450069.62
3265,1686398400000,448641.14
3266,1686402000000,451781.37
3267,1686405600000,451503.45
3268,1686409200000,451175.35
3269,1686412800000,450539.95
3270,1686416400000,453526.01
3271,1686420000000,436926.31
3272,1686423600000,438437.49
3273,1686427200000,439764.54
3274,1686430800000,437996.25
3275,1686434400000,438810.36
3276,1686438000000,437605.82
3277,1686441600000,437454.88
3278,1686445200000,438021.0
3279,1686448800000,439121.63
3280,1686452400000,439295.44
3281,1686456000000,438091.29
3282,1686459600000,437945.79
3283,1686463200000,440417.65
3284,1686466800000,440674.17
3285,1686470400000,439092.2
3286,1686474000000,439177.93
3287,1686477600000,441774.34
3288,1686481200000,445084.87
3289,1686484800000,445812.79
3290,1686488400000,445721.24
3291,1686492000000,445947.03
3292,1686495600000,446521.25
3293,1686499200000,446504.58
3294,1686502800000,451212.48
3295,1686506400000,451825.86
3296,1686510000000,455068.28
3297,1686513600000,452023.08
3298,1686517200000,450590.27
3299,1686520800000,448000.99
3300,1686524400000,448540.27
3301,1686528000000,451178.39
3302,1686531600000,452012.95
3303,1686535200000,452681.71
3304,1686538800000,438894.74
3305,1686542400000,435392.17
3306,1686546000000,438253.0
3307,1686549600000,439568.74
3308,1686553200000,441677.78
3309,1686556800000,438144.31
3310,1686560400000,441500.7
3311,1686564000000,436984.59
3312,1686567600000,439371.05
3313,1686571200000,441241.28
3314,1686574800000,443470.1
3315,1686578400000,445955.26
3316,1686582000000,447990.63
3317,1686585600000,455065.36
3318,1686589200000,456190.86
3319,1686592800000,457779.89
3320,1686596400000,456041.79
3321,1686600000000,458709.42
3322,1686603600000,455722.8
3323,1686607200000,453895.7
3324,1686610800000,453091.03
3325,1686614400000,452658.76
3326,1686618000000,452031.18
3327,1686621600000,451638.73
3328,1686625200000,440168.03
3329,1686628800000,443732.26
3330,1686632400000,444682.61
3331,1686636000000,444347.94
3332,1686639600000,446296.46
3333,1686643200000,448745.71
3334,1686646800000,449270.86
3335,1686650400000,449605.05
3336,1686654000000,450147.64
3337,1686657600000,448134.82
3338,1686661200000,451565.41
3339,1686664800000,466384.65
3340,1686668400000,472078.02
3341,1686672000000,472578.48
3342,1686675600000,471990.87
3343,1686679200000,471004.2
3344,1686682800000,467247.7
3345,1686686400000,465937.91
3346,1686690000000,467446.09
3347,1686693600000,468260.89
3348,1686697200000,470100.83
3349,1686700800000,468398.2
3350,1686704400000,467643.74
3351,1686708000000,464160.43
3352,1686711600000,462975.92
3353,1686715200000,463180.93
3354,1686718800000,462666.67
3355,1686722400000,462035.46
3356,1686726000000,463428.39
3357,1686729600000,463546.33
3358,1686733200000,463489.65
3359,1686736800000,464328.82
3360,1686740400000,464884.93
3361,1686744000000,469811.16
3362,1686747600000,471886.26
3363,1686751200000,475384.69
3364,1686754800000,474873.91
3365,1686758400000,472071.34
3366,1686762000000,473886.19
3367,1686765600000,474482.86
3368,1686769200000,476956.84
3369,1686772800000,482033.63
3370,1686776400000,449119.42
3371,1686780000000,452557.31
3372,1686783600000,456953.12
3373,1686787200000,461205.48
3374,1686790800000,461445.2
3375,1686794400000,463129.42
3376,1686798000000,463895.2
3377,1686801600000,463263.07
3378,1686805200000,469212.52
3379,1686808800000,472806.11
3380,1686812400000,471068.14
3381,1686816000000,476127.82
3382,1686819600000,481176.34
3383,1686823200000,489380.07
3384,1686826800000,492155.59
3385,1686830400000,496593.48
3386,1686834000000,499274.08
3387,1686837600000,495072.81
3388,1686841200000,491666.22
3389,1686844800000,490662.21
3390,1686848400000,490748.21
3391,1686852000000,488027.48
3392,1686855600000,481220.81
3393,1686859200000,475959.09
3394,1686862800000,469599.74
3395,1686866400000,461775.61
3396,1686870000000,462985.88
3397,1686873600000,462860.88
3398,1686877200000,463169.03
3399,1686880800000,460636.44
3400,1686884400000,460375.05
3401,1686888000000,465093.25
3402,1686891600000,464834.89
3403,1686895200000,465081.98
3404,1686898800000,469192.98
3405,1686902400000,466391.94
3406,1686906000000,468333.57
3407,1686909600000,469861.29
3408,1686913200000,472153.67
3409,1686916800000,473187.99
3410,1686920400000,477029.31
3411,1686924000000,477209.44
3412,1686927600000,472405.99
3413,1686931200000,473297.35
3414,1686934800000,478586.33
3415,1686938400000,457891.71
3416,1686942000000,451513.77
3417,1686945600000,461028.56
3418,1686949200000,457055.74
3419,1686952800000,460250.93
3420,1686956400000,459000.82
3421,1686960000000,458135.1
3422,1686963600000,459022.21
3423,1686967200000,462148.67
3424,1686970800000,461423.18
3425,1686974400000,462561.84
3426,1686978000000,460643.6
3427,1686981600000,447427.85
3428,1686985200000,451207.52
3429,1686988800000,452204.78
3430,1686992400000,455371.2
3431,1686996000000,454924.41
3432,1686999600000,454443.45
3433,1687003200000,453083.04
3434,1687006800000,454672.99
3435,1687010400000,460222.56
3436,1687014000000,458812.58
3437,1687017600000,454142.09
3438,1687021200000,453829.19
3439,1687024800000,458238.89
3440,1687028400000,460033.58
3441,1687032000000,459141.45
3442,1687035600000,459407.22
3443,1687039200000,458698.83
3444,1687042800000,456945.28
3445,1687046400000,457695.8
3446,1687050000000,457060.72
3447,1687053600000,456016.82
3448,1687057200000,457384.47
3449,1687060800000,458484.2
3450,1687064400000,459369.39
3451,1687068000000,457778.62
3452,1687071600000,457785.46
3453,1687075200000,458483.95
3454,1687078800000,457873.93
3455,1687082400000,457298.61
3456,1687086000000,456535.15
3457,1687089600000,457711.98
3458,1687093200000,456894.21
3459,1687096800000,458731.89
3460,1687100400000,456346.88
3461,1687104000000,456984.66
3462,1687107600000,459886.85
3463,1687111200000,460155.34
3464,1687114800000,459553.13
3465,1687118400000,460029.42
3466,1687122000000,454813.11
3467,1687125600000,457165.4
3468,1687129200000,459318.9
3469,1687132800000,457803.63
3470,1687136400000,457212.29
3471,1687140000000,458232.04
3472,1687143600000,459656.44
3473,1687147200000,460308.13
3474,1687150800000,462433.88
3475,1687154400000,460554.23
3476,1687158000000,460391.36
3477,1687161600000,461224.81
3478,1687165200000,459367.75
3479,1687168800000,460077.86
3480,1687172400000,459676.42
3481,1687176000000,460246.35
3482,1687179600000,457774.75
3483,1687183200000,459011.85
3484,1687186800000,462761.88
3485,1687190400000,461061.62
3486,1687194000000,453699.68
3487,1687197600000,450572.34
3488,1687201200000,446092.35
3489,1687204800000,445059.68
3490,1687208400000,444244.71
3491,1687212000000,445065.15
3492,1687215600000,446284.82
3493,1687219200000,447191.91
3494,1687222800000,445745.33
3495,1687226400000,446156.41
3496,1687230000000,445010.09
3497,1687233600000,452233.28
3498,1687237200000,452545.17
3499,1687240800000,454098.1
3500,1687244400000,452091.44
3501,1687248000000,452024.78
3502,1687251600000,451458.81
3503,1687255200000,451295.58
3504,1687258800000,451222.0
3505,1687262400000,450772.55
3506,1687266000000,450631.36
3507,1687269600000,453575.66
3508,1687273200000,457819.88
3509,1687276800000,456703.73
3510,1687280400000,458308.65
3511,1687284000000,454703.55
3512,1687287600000,457636.74
3513,1687291200000,459178.1
3514,1687294800000,463114.84
3515,1687298400000,456174.31
3516,1687302000000,455624.48
3517,1687305600000,453614.07
3518,1687309200000,453758.11
3519,1687312800000,452059.6
3520,1687316400000,454241.19
3521,1687320000000,455011.47
3522,1687323600000,456379.66
3523,1687327200000,456413.99
3524,1687330800000,457227.01
3525,1687334400000,458753.9
3526,1687338000000,459562.31
3527,1687341600000,459041.2
3528,1687345200000,456764.49
3529,1687348800000,459633.99
3530,1687352400000,466709.04
3531,1687356000000,461617.69
3532,1687359600000,455449.48
3533,1687363200000,442042.43
3534,1687366800000,438066.86
3535,1687370400000,441790.63
3536,1687374000000,445559.8
3537,1687377600000,443442.34
3538,1687381200000,446922.67
3539,1687384800000,443645.21
3540,1687388400000,450007.43
3541,1687392000000,455531.24
3542,1687395600000,451409.4
3543,1687399200000,444028.34
3544,1687402800000,446227.42
3545,1687406400000,450235.32
3546,1687410000000,451519.65
3547,1687413600000,450335.53
3548,1687417200000,450826.8
3549,1687420800000,451677.35
3550,1687424400000,453767.76
3551,1687428000000,454203.89
3552,1687431600000,457579.91
3553,1687435200000,449591.09
3554,1687438800000,455416.52
3555,1687442400000,450758.56
3556,1687446000000,450546.31
3557,1687449600000,446055.29
3558,1687453200000,444903.14
3559,1687456800000,446463.17
3560,1687460400000,444992.96
3561,1687464000000,446918.79
3562,1687467600000,446277.76
3563,1687471200000,447071.51
3564,1687474800000,451690.47
3565,1687478400000,452292.01
3566,1687482000000,449899.53
3567,1687485600000,450832.44
3568,1687489200000,446516.81
3569,1687492800000,448109.69
3570,1687496400000,447464.7
3571,1687500000000,447365.19
3572,1687503600000,446247.45
3573,1687507200000,444340.81
3574,1687510800000,446841.38
3575,1687514400000,447770.35
3576,1687518000000,448340.71
3577,1687521600000,446731.91
3578,1687525200000,448063.66
3579,1687528800000,448614.87
3580,1687532400000,448860.12
3581,1687536000000,451024.59
3582,1687539600000,451073.34
3583,1687543200000,453235.8
3584,1687546800000,454975.64
3585,1687550400000,447743.3
3586,1687554000000,446958.41
3587,1687557600000,448439.37
3588,1687561200000,449315.76
3589,1687564800000,449018.02
3590,1687568400000,451039.73
3591,1687572000000,448044.53
3592,1687575600000,448719.35
3593,1687579200000,449901.53
3594,1687582800000,451040.89
3595,1687586400000,451198.73
3596,1687590000000,450402.6
3597,1687593600000,452323.01
3598,1687597200000,452730.37
3599,1687600800000,452748.9
3600,1687604400000,455080.17
3601,1687608000000,455967.58
3602,1687611600000,455135.62
3603,1687615200000,455880.74
3604,1687618800000,456492.11
3605,1687622400000,457090.29
3606,1687626000000,455229.68
3607,1687629600000,450507.81
3608,1687633200000,450130.64
3609,1687636800000,449861.8
3610,1687640400000,452108.09
3611,1687644000000,455301.45
3612,1687647600000,456171.89
3613,1687651200000,455414.09
3614,1687654800000,456515.09
3615,1687658400000,457212.38
3616,1687662000000,456371.65
3617,1687665600000,454522.01
3618,1687669200000,452861.98
3619,1687672800000,452848.19
3620,1687676400000,461945.79
3621,1687680000000,463873.79
3622,1687683600000,466180.53
3623,1687687200000,466490.92
3624,1687690800000,471219.42
3625,1687694400000,472381.42
3626,1687698000000,476691.83
3627,1687701600000,479351.45
3628,1687705200000,474760.92
3629,1687708800000,467205.4
3630,1687712400000,467871.95
3631,1687716000000,470461.71
3632,1687719600000,472122.6
3633,1687723200000,472219.72
3634,1687726800000,475484.26
3635,1687730400000,477350.2
3636,1687734000000,475450.32
3637,1687737600000,474557.82
3638,1687741200000,474559.98
3639,1687744800000,470980.96
3640,1687748400000,475338.6
3641,1687752000000,477250.41
3642,1687755600000,478355.29
3643,1687759200000,483521.51
3644,1687762800000,480454.58
3645,1687766400000,479798.79
3646,1687770000000,482209.55
3647,1687773600000,483904.09
3648,1687777200000,487640.37
3649,1687780800000,487679.83
3650,1687784400000,488861.76
3651,1687788000000,483755.92
3652,1687791600000,488684.61
3653,1687795200000,485594.63
3654,1687798800000,483762.64
3655,1687802400000,484534.06
3656,1687806000000,487384.1
3657,1687809600000,483262.3
3658,1687813200000,484656.31
3659,1687816800000,488584.07
3660,1687820400000,493051.58
3661,1687824000000,494803.62
3662,1687827600000,490795.1
3663,1687831200000,491270.78
3664,1687834800000,491967.82
3665,1687838400000,486006.14
3666,1687842000000,485327.31
3667,1687845600000,483377.05
3668,1687849200000,483238.12
3669,1687852800000,476875.22
3670,1687856400000,476832.13
3671,1687860000000,474537.77
3672,1687863600000,477061.33
3673,1687867200000,481134.82
3674,1687870800000,482371.37
3675,1687874400000,479491.02
3676,1687878000000,480221.9
3677,1687881600000,475932.08
3678,1687885200000,482163.8
3679,1687888800000,489340.44
3680,1687892400000,485713.98
3681,1687896000000,481250.66
3682,1687899600000,481721.01
3683,1687903200000,481747.02
3684,1687906800000,481279.51
3685,1687910400000,477419.83
3686,1687914000000,474434.24
3687,1687917600000,475231.86
3688,1687921200000,477019.8
3689,1687924800000,482270.54
3690,1687928400000,482649.8
3691,1687932000000,483651.97
3692,1687935600000,485266.0
3693,1687939200000,486400.05
3694,1687942800000,488019.32
3695,1687946400000,488384.18
3696,1687950000000,490970.87
3697,1687953600000,491361.67
3698,1687957200000,492716.64
3699,1687960800000,488812.53
3700,1687964400000,488690.93
3701,1687968000000,486440.58
3702,1687971600000,490468.07
3703,1687975200000,493295.15
3704,1687978800000,494553.17
3705,1687982400000,487783.45
3706,1687986000000,491604.93
3707,1687989600000,491634.52
3708,1687993200000,491901.0
3709,1687996800000,491672.83
3710,1688000400000,490489.45
3711,1688004000000,492780.1
3712,1688007600000,490955.02
3713,1688011200000,489535.44
3714,1688014800000,485517.34
3715,1688018400000,484231.97
3716,1688022000000,484069.03
3717,1688025600000,481799.99
3718,1688029200000,481191.03
3719,1688032800000,477556.54
3720,1688036400000,473625.69
3721,1688040000000,472072.42
3722,1688043600000,473718.34
3723,1688047200000,473347.55
3724,1688050800000,471383.04
3725,1688054400000,477332.74
3726,1688058000000,479072.35
3727,1688061600000,474752.82
3728,1688065200000,473434.51
3729,1688068800000,472892.34
3730,1688072400000,472599.75
3731,1688076000000,472369.88
3732,1688079600000,470024.92
3733,1688083200000,465468.73
3734,1688086800000,466054.18
3735,1688090400000,470989.56
3736,1688094000000,463321.4
3737,1688097600000,464958.37
3738,1688101200000,462587.65
3739,1688104800000,469934.23
3740,1688108400000,470412.4
3741,1688112000000,465951.78
3742,1688115600000,465245.06
3743,1688119200000,467250.4
3744,1688122800000,467785.34
3745,1688126400000,470743.86
3746,1688130000000,474028.35
3747,1688133600000,449009.97
3748,1688137200000,459074.33
3749,1688140800000,460017.25
3750,1688144400000,455433.05
3751,1688148000000,471687.97
3752,1688151600000,482450.1
3753,1688155200000,482020.22
3754,1688158800000,487389.65
3755,1688162400000,484753.83
3756,1688166000000,485069.93
3757,1688169600000,487313.69
3758,1688173200000,489901.42
3759,1688176800000,490414.77
3760,1688180400000,490891.41
3761,1688184000000,491147.66
3762,1688187600000,489753.12
3763,1688191200000,489917.58
3764,1688194800000,490063.84
3765,1688198400000,489678.16
3766,1688202000000,489859.66
3767,1688205600000,492355.89
3768,1688209200000,493009.4
3769,1688212800000,494994.27
3770,1688216400000,492321.96
3771,1688220000000,494227.5
3772,1688223600000,493597.22
3773,1688227200000,494457.29
3774,1688230800000,494743.2
3775,1688234400000,495170.39
3776,1688238000000,495680.6
3777,1688241600000,496136.98
3778,1688245200000,496472.06
3779,1688248800000,495088.0
3780,1688252400000,494103.74
3781,1688256000000,493825.09
3782,1688259600000,493269.57
3783,1688263200000,494113.28
3784,1688266800000,492543.19
3785,1688270400000,491984.86
3786,1688274000000,489177.15
3787,1688277600000,488525.06
3788,1688281200000,487426.26
3789,1688284800000,487806.42
3790,1688288400000,488526.88
3791,1688292000000,487386.53
3792,1688295600000,488103.04
3793,1688299200000,485377.38
3794,1688302800000,486333.94
3795,1688306400000,487101.77
3796,1688310000000,481849.07
3797,1688313600000,478891.61
3798,1688317200000,483682.08
3799,1688320800000,481704.99
3800,1688324400000,481622.7
3801,1688328000000,482952.96
3802,1688331600000,481028.89
3803,1688335200000,480097.33
3804,1688338800000,466706.0
3805,1688342400000,468141.73
3806,1688346000000,466296.6
3807,1688349600000,468633.67
3808,1688353200000,469859.62
3809,1688356800000,470832.17
3810,1688360400000,473129.46
3811,1688364000000,474552.83
3812,1688367600000,476631.04
3813,1688371200000,478748.46
3814,1688374800000,485158.32
3815,1688378400000,486629.58
3816,1688382000000,486301.54
3817,1688385600000,488306.69
3818,1688389200000,488460.55
3819,1688392800000,489090.42
3820,1688396400000,492841.57
3821,1688400000000,492229.5
3822,1688403600000,490381.05
3823,1688407200000,491688.62
3824,1688410800000,489753.26
3825,1688414400000,491105.48
3826,1688418000000,488232.56
3827,1688421600000,488005.62
3828,1688425200000,486407.17
3829,1688428800000,483942.61
3830,1688432400000,483059.77
3831,1688436000000,483847.33
3832,1688439600000,483015.27
3833,1688443200000,481320.2
3834,1688446800000,483189.79
3835,1688450400000,483104.4
3836,1688454000000,483355.01
3837,1688457600000,484091.43
3838,1688461200000,482548.0
3839,1688464800000,482308.43
3840,1688468400000,478710.15
3841,1688472000000,480885.49
3842,1688475600000,480997.15
3843,1688479200000,479888.63
3844,1688482800000,482646.12
3845,1688486400000,480593.11
3846,1688490000000,480448.24
3847,1688493600000,480425.37
3848,1688497200000,480194.22
3849,1688500800000,474018.96
3850,1688504400000,474624.44
3851,1688508000000,472128.78
3852,1688511600000,471868.1
3853,1688515200000,473461.08
3854,1688518800000,474829.13
3855,1688522400000,473448.16
3856,1688526000000,475480.62
3857,1688529600000,475019.21
3858,1688533200000,475656.5
3859,1688536800000,475743.98
3860,1688540400000,479598.84
3861,1688544000000,479560.5
3862,1688547600000,483434.25
3863,1688551200000,484449.85
3864,1688554800000,484401.59
3865,1688558400000,488771.35
3866,1688562000000,490926.69
3867,1688565600000,493070.43
3868,1688569200000,497198.61
3869,1688572800000,493539.23
3870,1688576400000,495877.19
3871,1688580000000,493949.93
3872,1688583600000,492365.43
3873,1688587200000,491377.21
3874,1688590800000,492505.09
3875,1688594400000,485156.63
3876,1688598000000,485366.21
3877,1688601600000,483523.53
3878,1688605200000,483015.04
3879,1688608800000,481605.35
3880,1688612400000,481671.77
3881,1688616000000,481808.45
3882,1688619600000,480757.25
3883,1688623200000,476507.6
3884,1688626800000,475378.11
3885,1688630400000,471358.35
3886,1688634000000,471383.49
3887,1688637600000,469622.4
3888,1688641200000,472263.53
3889,1688644800000,460738.38
3890,1688648400000,463647.01
3891,1688652000000,461509.57
3892,1688655600000,464845.71
3893,1688659200000,466899.52
3894,1688662800000,463650.47
3895,1688666400000,463462.54
3896,1688670000000,461752.33
3897,1688673600000,463390.21
3898,1688677200000,466005.28
3899,1688680800000,467046.68
3900,1688684400000,468052.24
3901,1688688000000,467106.47
3902,1688691600000,465608.64
3903,1688695200000,463107.86
3904,1688698800000,463856.14
3905,1688702400000,466119.29
3906,1688706000000,466854.22
3907,1688709600000,466945.87
3908,1688713200000,466769.22
3909,1688716800000,468803.58
3910,1688720400000,466840.47
3911,1688724000000,468595.45
3912,1688727600000,469113.39
3913,1688731200000,468102.04
3914,1688734800000,463627.55
3915,1688738400000,468391.58
3916,1688742000000,465352.25
3917,1688745600000,466527.12
3918,1688749200000,466106.9
3919,1688752800000,464156.05
3920,1688756400000,458131.69
3921,1688760000000,460752.65
3922,1688763600000,461566.72
3923,1688767200000,460452.46
3924,1688770800000,463105.34
3925,1688774400000,463231.25
3926,1688778000000,464138.65
3927,1688781600000,458568.23
3928,1688785200000,461594.73
3929,1688788800000,461061.32
3930,1688792400000,460771.1
3931,1688796000000,461007.23
3932,1688799600000,462996.94
3933,1688803200000,462482.68
3934,1688806800000,460391.58
3935,1688810400000,462564.2
3936,1688814000000,463733.27
3937,1688817600000,465711.64
3938,1688821200000,469091.19
3939,1688824800000,470545.13
3940,1688828400000,471437.17
3941,1688832000000,470867.07
3942,1688835600000,472305.69
3943,1688839200000,474501.51
3944,1688842800000,475435.41
3945,1688846400000,475588.0
3946,1688850000000,476955.34
3947,1688853600000,476728.67
3948,1688857200000,479185.6
3949,1688860800000,477585.61
3950,1688864400000,472412.01
3951,1688868000000,469382.23
3952,1688871600000,469035.98
3953,1688875200000,468419.19
3954,1688878800000,469627.38
3955,1688882400000,471468.19
3956,1688886000000,473657.77
3957,1688889600000,473782.15
3958,1688893200000,474388.24
3959,1688896800000,474216.24
3960,1688900400000,474303.41
3961,1688904000000,476815.49
3962,1688907600000,476959.99
3963,1688911200000,480288.16
3964,1688914800000,477374.73
3965,1688918400000,476601.58
3966,1688922000000,478818.72
3967,1688925600000,477996.79
3968,1688929200000,477282.92
3969,1688932800000,475917.15
3970,1688936400000,475338.07
3971,1688940000000,476127.06
3972,1688943600000,474783.49
3973,1688947200000,475039.19
3974,1688950800000,476304.25
3975,1688954400000,476573.5
3976,1688958000000,473211.21
3977,1688961600000,473622.53
3978,1688965200000,474291.3
3979,1688968800000,474262.78
3980,1688972400000,475405.9
3981,1688976000000,477463.5
3982,1688979600000,480591.22
3983,1688983200000,482504.86
3984,1688986800000,483567.88
3985,1688990400000,482716.26
3986,1688994000000,483410.1
3987,1688997600000,482624.32
3988,1689001200000,481503.97
3989,1689004800000,480573.46
3990,1689008400000,482180.3
3991,1689012000000,484248.25
3992,1689015600000,480787.26
3993,1689019200000,482461.78
3994,1689022800000,480911.16
3995,1689026400000,477490.3
3996,1689030000000,478946.03
3997,1689033600000,477045.78
3998,1689037200000,477502.51
3999,1689040800000,479245.72
4000,1689044400000,478340.21
4001,1689048000000,479831.77
4002,1689051600000,480534.82
4003,1689055200000,479456.56
4004,1689058800000,479133.42
4005,1689062400000,479630.87
4006,1689066000000,481677.87
4007,1689069600000,476098.55
4008,1689073200000,476187.94
4009,1689076800000,478555.71
4010,1689080400000,480039.76
4011,1689084000000,481075.65
4012,1689087600000,483226.65
4013,1689091200000,479212.53
4014,1689094800000,479491.87
4015,1689098400000,478073.14
4016,1689102000000,477734.31
4017,1689105600000,476846.32
4018,1689109200000,477180.95
4019,1689112800000,476220.13
4020,1689116400000,475906.24
4021,1689120000000,471600.45
4022,1689123600000,470086.4
4023,1689127200000,467049.77
4024,1689130800000,468004.01
4025,1689134400000,469440.9
4026,1689138000000,470162.78
4027,1689141600000,470475.04
4028,1689145200000,471455.69
4029,1689148800000,473152.36
4030,1689152400000,475333.85
4031,1689156000000,474450.0
4032,1689159600000,474654.85
4033,1689163200000,474972.71
4034,1689166800000,477797.36
4035,1689170400000,481480.8
4036,1689174000000,482199.08
4037,1689177600000,485474.65
4038,1689181200000,484814.34
4039,1689184800000,477721.99
4040,1689188400000,476987.48
4041,1689192000000,475046.61
4042,1689195600000,474848.2
4043,1689199200000,471080.36
4044,1689202800000,473538.39
4045,1689206400000,474841.15
4046,1689210000000,474443.83
4047,1689213600000,474707.31
4048,1689217200000,476648.28
4049,1689220800000,480887.55
4050,1689224400000,483669.1
4051,1689228000000,486718.53
4052,1689231600000,486446.08
4053,1689235200000,487701.49
4054,1689238800000,487129.19
4055,1689242400000,487690.64
4056,1689246000000,486145.44
4057,1689249600000,484222.48
4058,1689253200000,481655.23
4059,1689256800000,480375.25
4060,1689260400000,479627.49
4061,1689264000000,488652.13
4062,1689267600000,535301.28
4063,1689271200000,534187.03
4064,1689274800000,528480.32999999
4065,1689278400000,537905.16
4066,1689282000000,540054.09
4067,1689285600000,534878.78
4068,1689289200000,534427.68999999
4069,1689292800000,534092.77
4070,1689296400000,546126.07999999
4071,1689300000000,550208.75
4072,1689303600000,551833.86
4073,1689307200000,553668.09
4074,1689310800000,554158.98
4075,1689314400000,555554.12
4076,1689318000000,552887.35
4077,1689321600000,549686.64
4078,1689325200000,550848.64
4079,1689328800000,551371.85
4080,1689332400000,536822.85
4081,1689336000000,526892.67
4082,1689339600000,525492.06
4083,1689343200000,528749.14
4084,1689346800000,520001.41
4085,1689350400000,516659.48
4086,1689354000000,514104.71
4087,1689357600000,503488.63
4088,1689361200000,489790.26
4089,1689364800000,471490.2
4090,1689368400000,468997.3
4091,1689372000000,470205.48
4092,1689375600000,471533.99
4093,1689379200000,469495.66
4094,1689382800000,470627.69
4095,1689386400000,469185.27
4096,1689390000000,469760.12
4097,1689393600000,470911.1
4098,1689397200000,470924.12
4099,1689400800000,471230.29
4100,1689404400000,469954.25
4101,1689408000000,470030.6
4102,1689411600000,472377.66
4103,1689415200000,473033.08
4104,1689418800000,474589.06
4105,1689422400000,475145.56
4106,1689426000000,476921.75
4107,1689429600000,473754.74
4108,1689433200000,473196.88
4109,1689436800000,473694.12
4110,1689440400000,473722.89
4111,1689444000000,473149.32
4112,1689447600000,473160.84
4113,1689451200000,473809.3
4114,1689454800000,474854.62
4115,1689458400000,473786.84
4116,1689462000000,472955.95
4117,1689465600000,473093.22
4118,1689469200000,473408.23
4119,1689472800000,473201.7
4120,1689476400000,472130.17
4121,1689480000000,473771.3
4122,1689483600000,475352.47
4123,1689487200000,475083.11
4124,1689490800000,476289.78
4125,1689494400000,475915.27
4126,1689498000000,476248.8
4127,1689501600000,476762.88
4128,1689505200000,476528.5
4129,1689508800000,479287.66
4130,1689512400000,479383.87
4131,1689516000000,479015.09
4132,1689519600000,474674.83
4133,1689523200000,477652.42
4134,1689526800000,480708.54
4135,1689530400000,477757.3
4136,1689534000000,478601.98
4137,1689537600000,477623.52
4138,1689541200000,477451.51
4139,1689544800000,478252.22
4140,1689548400000,477734.25
4141,1689552000000,473055.18
4142,1689555600000,472685.01
4143,1689559200000,474539.81
4144,1689562800000,475092.15
4145,1689566400000,475667.34
4146,1689570000000,476074.96
4147,1689573600000,474936.89
4148,1689577200000,474865.73
4149,1689580800000,472841.65
4150,1689584400000,473243.44
4151,1689588000000,478546.68
4152,1689591600000,484509.97
4153,1689595200000,487874.14
4154,1689598800000,492191.22
4155,1689602400000,494373.29
4156,1689606000000,498155.07
4157,1689609600000,493707.16
4158,1689613200000,495518.08
4159,1689616800000,495401.59
4160,1689620400000,495543.02
4161,1689624000000,496740.14
4162,1689627600000,496786.71
4163,1689631200000,489802.25
4164,1689634800000,479999.7
4165,1689638400000,482176.31
4166,1689642000000,481377.01
4167,1689645600000,480431.42
4168,1689649200000,479964.86
4169,1689652800000,484371.97
4170,1689656400000,484725.04
4171,1689660000000,486584.23
4172,1689663600000,486551.18
4173,1689667200000,487219.13
4174,1689670800000,486719.84
4175,1689674400000,488179.58
4176,1689678000000,486532.63
4177,1689681600000,487135.52
4178,1689685200000,490467.23
4179,1689688800000,493069.91
4180,1689692400000,491844.82
4181,1689696000000,494352.63
4182,1689699600000,492603.51
4183,1689703200000,495017.68
4184,1689706800000,494054.68
4185,1689710400000,496536.33
4186,1689714000000,493774.01
4187,1689717600000,492018.02
4188,1689721200000,494151.76
4189,1689724800000,499050.69
4190,1689728400000,494530.74
4191,1689732000000,492185.38
4192,1689735600000,486814.07
4193,1689739200000,479244.33
4194,1689742800000,477444.9
4195,1689746400000,477135.52
4196,1689750000000,476641.57
4197,1689753600000,476862.96
4198,1689757200000,478224.09
4199,1689760800000,479037.47
4200,1689764400000,480613.14
4201,1689768000000,480659.06
4202,1689771600000,481682.4
4203,1689775200000,475313.64
4204,1689778800000,481418.36
4205,1689782400000,483447.58
4206,1689786000000,482575.37
4207,1689789600000,485005.17
4208,1689793200000,484476.76
4209,1689796800000,483908.88
4210,1689800400000,485847.01
4211,1689804000000,491250.89
4212,1689807600000,493375.09
4213,1689811200000,493850.3
4214,1689814800000,498458.3
4215,1689818400000,499922.26
4216,1689822000000,498274.45
4217,1689825600000,498459.15
4218,1689829200000,497203.44
4219,1689832800000,495648.75
4220,1689836400000,494765.28
4221,1689840000000,489481.9
4222,1689843600000,485038.61
4223,1689847200000,482425.65
4224,1689850800000,484434.38
4225,1689854400000,487192.73
4226,1689858000000,490242.82
4227,1689861600000,491260.26
4228,1689865200000,487253.0
4229,1689868800000,497736.73
4230,1689872400000,495767.97
4231,1689876000000,497569.73
4232,1689879600000,492405.16
4233,1689883200000,495802.77
4234,1689886800000,498558.03
4235,1689890400000,499160.14
4236,1689894000000,497767.22
4237,1689897600000,496092.78
4238,1689901200000,498459.63
4239,1689904800000,498692.68
4240,1689908400000,496796.57
4241,1689912000000,493835.36
4242,1689915600000,493212.68
4243,1689919200000,491967.81
4244,1689922800000,492823.9
4245,1689926400000,492658.59
4246,1689930000000,492927.71
4247,1689933600000,493532.84
4248,1689937200000,496319.29
4249,1689940800000,499925.3
4250,1689944400000,498075.91
4251,1689948000000,497163.52
4252,1689951600000,499585.69
4253,1689955200000,499410.65
4254,1689958800000,499598.94
4255,1689962400000,498051.77
4256,1689966000000,494291.51
4257,1689969600000,491471.82
4258,1689973200000,491042.2
4259,1689976800000,490801.52
4260,1689980400000,491108.27
4261,1689984000000,490289.78
4262,1689987600000,489929.63
4263,1689991200000,489426.94
4264,1689994800000,489500.16
4265,1689998400000,489343.07
4266,1690002000000,491100.93
4267,1690005600000,492790.0
4268,1690009200000,493393.16
4269,1690012800000,493391.08
4270,1690016400000,493791.93
4271,1690020000000,494945.29
4272,1690023600000,500100.73
4273,1690027200000,498680.75
4274,1690030800000,500618.19
4275,1690034400000,501675.26
4276,1690038000000,503036.03
4277,1690041600000,503014.94
4278,1690045200000,502195.06
4279,1690048800000,501772.69
4280,1690052400000,501762.55
4281,1690056000000,501633.0
4282,1690059600000,501604.71
4283,1690063200000,501130.77
4284,1690066800000,501344.85
4285,1690070400000,487672.59
4286,1690074000000,491020.99
4287,1690077600000,492038.39
4288,1690081200000,492666.96
4289,1690084800000,493161.83
4290,1690088400000,491497.83
4291,1690092000000,493406.37
4292,1690095600000,494614.17
4293,1690099200000,497112.1
4294,1690102800000,497423.99
4295,1690106400000,498096.56
4296,1690110000000,498931.97
4297,1690113600000,499362.97
4298,1690117200000,499637.58
4299,1690120800000,500011.86
4300,1690124400000,500552.27
4301,1690128000000,500038.56
4302,1690131600000,498438.35
4303,1690135200000,491335.39
4304,1690138800000,486778.2
4305,1690142400000,491140.63
4306,1690146000000,496402.42
4307,1690149600000,489757.73
4308,1690153200000,492344.69
4309,1690156800000,493333.34
4310,1690160400000,493048.21
4311,1690164000000,493752.37
4312,1690167600000,492685.13
4313,1690171200000,495981.9
4314,1690174800000,491350.38
4315,1690178400000,493637.89
4316,1690182000000,495088.67
4317,1690185600000,493099.58
4318,1690189200000,492558.86
4319,1690192800000,479364.49
4320,1690196400000,495742.48
4321,1690200000000,497126.1
4322,1690203600000,498543.69
4323,1690207200000,500413.99
4324,1690210800000,502611.14
4325,1690214400000,510881.39
4326,1690218000000,512123.41
4327,1690221600000,512421.28
4328,1690225200000,511120.88
4329,1690228800000,512556.69
4330,1690232400000,511456.83
4331,1690236000000,510813.93
4332,1690239600000,510768.14
4333,1690243200000,511215.22
4334,1690246800000,508945.46
4335,1690250400000,507308.34
4336,1690254000000,504034.17
4337,1690257600000,503789.81
4338,1690261200000,502706.27
4339,1690264800000,502751.83
4340,1690268400000,501618.23
4341,1690272000000,501591.62
4342,1690275600000,501250.02
4343,1690279200000,497293.18
4344,1690282800000,497862.1
4345,1690286400000,497846.39
4346,1690290000000,499625.17
4347,1690293600000,499110.51
4348,1690297200000,501552.79
4349,1690300800000,501406.2
4350,1690304400000,500062.2
4351,1690308000000,497468.96
4352,1690311600000,494305.18
4353,1690315200000,494640.68
4354,1690318800000,496603.64
4355,1690322400000,496075.83
4356,1690326000000,496606.51
4357,1690329600000,498163.47
4358,1690333200000,498505.31
4359,1690336800000,497957.38
4360,1690340400000,498160.49
4361,1690344000000,496616.92
4362,1690347600000,496543.32
4363,1690351200000,496303.53
4364,1690354800000,493013.57
4365,1690358400000,493701.74
4366,1690362000000,494306.13
4367,1690365600000,497061.52
4368,1690369200000,497715.12
4369,1690372800000,497876.77
4370,1690376400000,499078.43
4371,1690380000000,496484.7
4372,1690383600000,495797.24
4373,1690387200000,496777.2
4374,1690390800000,496943.18
4375,1690394400000,497749.71
4376,1690398000000,496536.78
4377,1690401600000,497600.15
4378,1690405200000,500851.33
4379,1690408800000,500966.78
4380,1690412400000,503111.76
4381,1690416000000,505029.86
4382,1690419600000,507329.62
4383,1690423200000,507979.82
4384,1690426800000,506331.91
4385,1690430400000,506458.77
4386,1690434000000,507182.4
4387,1690437600000,507994.81
4388,1690441200000,508244.2
4389,1690444800000,507138.47
4390,1690448400000,506824.38
4391,1690452000000,506905.6
4392,1690455600000,511017.4
4393,1690459200000,509570.53
4394,1690462800000,508469.93
4395,1690466400000,509843.3
4396,1690470000000,509513.57
4397,1690473600000,507672.18
4398,1690477200000,507479.68
4399,1690480800000,507813.61
4400,1690484400000,505860.44
4401,1690488000000,504067.58
4402,1690491600000,506346.53
4403,1690495200000,500931.81
4404,1690498800000,502331.05
4405,1690502400000,504992.41
4406,1690506000000,504830.57
4407,1690509600000,505963.73
4408,1690513200000,505921.71
4409,1690516800000,505976.5
4410,1690520400000,506793.18
4411,1690524000000,507232.82
4412,1690527600000,507731.62
4413,1690531200000,506841.85
4414,1690534800000,506046.64
4415,1690538400000,504284.65
4416,1690542000000,504828.23
4417,1690545600000,505737.84
4418,1690549200000,498949.45
4419,1690552800000,497769.39
4420,1690556400000,496054.87
4421,1690560000000,500894.58
4422,1690563600000,503390.68
4423,1690567200000,503543.57
4424,1690570800000,503444.89
4425,1690574400000,503730.63
4426,1690578000000,505411.62
4427,1690581600000,507520.88
4428,1690585200000,507787.46
4429,1690588800000,510049.83
4430,1690592400000,510952.45
4431,1690596000000,511471.45
4432,1690599600000,511849.29
4433,1690603200000,511813.05
4434,1690606800000,511684.69
4435,1690610400000,512826.9
4436,1690614000000,513477.4
4437,1690617600000,512780.51
4438,1690621200000,511108.97
4439,1690624800000,510728.38
4440,1690628400000,510972.99
4441,1690632000000,509690.23
4442,1690635600000,508569.49
4443,1690639200000,507533.46
4444,1690642800000,507607.9
4445,1690646400000,507742.43
4446,1690650000000,508162.62
4447,1690653600000,507615.9
4448,1690657200000,507414.11
4449,1690660800000,506095.7
4450,1690664400000,505790.06
4451,1690668000000,505261.86
4452,1690671600000,505172.53
4453,1690675200000,505787.12
4454,1690678800000,505650.0
4455,1690682400000,506182.1
4456,1690686000000,506497.28
4457,1690689600000,506365.24
4458,1690693200000,507459.54
4459,1690696800000,507530.67
4460,1690700400000,506782.05
4461,1690704000000,504750.24
4462,1690707600000,502841.16
4463,1690711200000,501741.52
4464,1690714800000,501036.78
4465,1690718400000,499181.4
4466,1690722000000,498761.92
4467,1690725600000,497841.88
4468,1690729200000,495620.99
4469,1690732800000,496501.89
4470,1690736400000,497775.85
4471,1690740000000,497822.39
4472,1690743600000,496806.16
4473,1690747200000,488858.55
4474,1690750800000,492681.09
4475,1690754400000,490047.11
4476,1690758000000,495839.77
4477,1690761600000,498094.73
4478,1690765200000,496600.74
4479,1690768800000,497169.52
4480,1690772400000,497386.12
4481,1690776000000,496550.13
4482,1690779600000,496205.01
4483,1690783200000,497408.96
4484,1690786800000,497786.61
4485,1690790400000,497327.8
4486,1690794000000,498153.0
4487,1690797600000,500786.6
4488,1690801200000,500018.16
4489,1690804800000,502310.74
4490,1690808400000,502671.69
4491,1690812000000,504325.42
4492,1690815600000,511505.6
4493,1690819200000,514290.28
4494,1690822800000,513808.76
4495,1690826400000,515204.01
4496,1690830000000,515003.6
4497,1690833600000,515903.67
4498,1690837200000,518707.43
4499,1690840800000,518614.25
4500,1690844400000,519026.51
4501,1690848000000,519068.41
4502,1690851600000,513881.33
4503,1690855200000,513114.64
4504,1690858800000,514710.11
4505,1690862400000,512522.32
4506,1690866000000,514081.69
4507,1690869600000,516977.72
4508,1690873200000,516618.86
4509,1690876800000,517249.0
4510,1690880400000,515701.71
4511,1690884000000,514719.15
4512,1690887600000,513034.12
4513,1690891200000,513027.67
4514,1690894800000,513879.4
4515,1690898400000,514831.97
4516,1690902000000,516979.3
4517,1690905600000,514057.95
4518,1690909200000,514851.92
4519,1690912800000,514287.89
4520,1690916400000,508897.96
4521,1690920000000,502489.03
4522,1690923600000,500127.97
4523,1690927200000,501306.64
4524,1690930800000,502004.59
4525,1690934400000,488221.95
4526,1690938000000,488609.01
4527,1690941600000,487517.23
4528,1690945200000,485246.65
4529,1690948800000,484651.31
4530,1690952400000,484072.03
4531,1690956000000,485385.23
4532,1690959600000,486979.86
4533,1690963200000,486258.16
4534,1690966800000,485779.29
4535,1690970400000,485772.92
4536,1690974000000,486815.08
4537,1690977600000,490125.28
4538,1690981200000,490569.82
4539,1690984800000,493009.65
4540,1690988400000,498328.8
4541,1690992000000,502107.03
4542,1690995600000,501299.88
4543,1690999200000,508010.12
4544,1691002800000,514448.19
4545,1691006400000,516309.91
4546,1691010000000,519949.44
4547,1691013600000,517581.08
4548,1691017200000,518799.67
4549,1691020800000,519004.78
4550,1691024400000,518405.57
4551,1691028000000,514728.89
4552,1691031600000,517737.89
4553,1691035200000,518317.67
4554,1691038800000,518469.78
4555,1691042400000,521340.18
4556,1691046000000,520634.46
4557,1691049600000,521325.06
4558,1691053200000,519231.99
4559,1691056800000,520187.9
4560,1691060400000,522061.16
4561,1691064000000,522564.79
4562,1691067600000,520873.67
4563,1691071200000,522959.74
4564,1691074800000,513938.62
4565,1691078400000,518642.35
4566,1691082000000,513403.42
4567,1691085600000,513080.96
4568,1691089200000,514356.05
4569,1691092800000,514539.01
4570,1691096400000,514620.34
4571,1691100000000,511223.66
4572,1691103600000,513187.1
4573,1691107200000,513695.08
4574,1691110800000,510947.83
4575,1691114400000,509697.43
4576,1691118000000,512633.65
4577,1691121600000,512563.04
4578,1691125200000,511283.42
4579,1691128800000,511463.44
4580,1691132400000,511367.07
4581,1691136000000,513291.53
4582,1691139600000,512470.9
4583,1691143200000,512989.91
4584,1691146800000,514866.79
4585,1691150400000,514776.71
4586,1691154000000,509854.6
4587,1691157600000,504623.38
4588,1691161200000,504951.79
4589,1691164800000,505597.56
4590,1691168400000,507470.2
4591,1691172000000,509311.33
4592,1691175600000,505448.03
4593,1691179200000,509814.99
4594,1691182800000,507286.86
4595,1691186400000,509970.33
4596,1691190000000,510501.4
4597,1691193600000,511506.8
4598,1691197200000,513406.46
4599,1691200800000,511985.86
4600,1691204400000,511981.85
4601,1691208000000,511905.65
4602,1691211600000,512558.3
4603,1691215200000,512583.57
4604,1691218800000,511919.75
4605,1691222400000,512681.36
4606,1691226000000,512193.98
4607,1691229600000,512577.02
4608,1691233200000,512149.0
4609,1691236800000,510974.66
4610,1691240400000,510715.99
4611,1691244000000,511608.66
4612,1691247600000,508287.03
4613,1691251200000,508240.91
4614,1691254800000,508173.55
4615,1691258400000,506624.59
4616,1691262000000,506711.62
4617,1691265600000,506326.9
4618,1691269200000,505800.49
4619,1691272800000,504455.56
4620,1691276400000,504199.52
4621,1691280000000,503590.97
4622,1691283600000,503991.14
4623,1691287200000,504094.1
4624,1691290800000,504987.14
4625,1691294400000,504139.77
4626,1691298000000,504533.73
4627,1691301600000,504172.09
4628,1691305200000,504089.0
4629,1691308800000,503838.3
4630,1691312400000,504040.66
4631,1691316000000,507042.66
4632,1691319600000,507317.96
4633,1691323200000,507255.34
4634,1691326800000,507079.17
4635,1691330400000,509286.7
4636,1691334000000,509168.51
4637,1691337600000,509777.65
4638,1691341200000,508519.34
4639,1691344800000,507221.37
4640,1691348400000,508088.3
4641,1691352000000,507553.7
4642,1691355600000,506986.12
4643,1691359200000,505645.74
4644,1691362800000,506494.23
4645,1691366400000,507947.56
4646,1691370000000,508454.85
4647,1691373600000,503117.47
4648,1691377200000,505580.15
4649,1691380800000,506670.15
4650,1691384400000,506746.42
4651,1691388000000,509445.76
4652,1691391600000,509657.48
4653,1691395200000,509603.23
4654,1691398800000,510587.53
4655,1691402400000,510593.0
4656,1691406000000,511550.98
4657,1691409600000,514742.26
4658,1691413200000,513708.37
4659,1691416800000,514802.91
4660,1691420400000,517479.93
4661,1691424000000,528445.16
4662,1691427600000,524634.87
4663,1691431200000,524865.31
4664,1691434800000,520891.58
4665,1691438400000,522913.46
4666,1691442000000,526624.25
4667,1691445600000,526329.09
4668,1691449200000,526845.84
4669,1691452800000,527354.74
4670,1691456400000,525140.24
4671,1691460000000,524231.53
4672,1691463600000,525291.63
4673,1691467200000,526057.56
4674,1691470800000,526025.73
4675,1691474400000,517690.65
4676,1691478000000,517029.01
4677,1691481600000,515021.67
4678,1691485200000,516808.28
4679,1691488800000,516680.3
4680,1691492400000,515422.11
4681,1691496000000,512964.16
4682,1691499600000,519317.66
4683,1691503200000,519806.53
4684,1691506800000,520753.63
4685,1691510400000,524086.62
4686,1691514000000,519683.55
4687,1691517600000,518518.77
4688,1691521200000,509824.22
4689,1691524800000,508612.82
4690,1691528400000,512545.99
4691,1691532000000,505029.49
4692,1691535600000,509794.45
4693,1691539200000,510066.64
4694,1691542800000,510923.16
4695,1691546400000,511302.06
4696,1691550000000,513445.35
4697,1691553600000,513306.45
4698,1691557200000,514841.85
4699,1691560800000,514931.44
4700,1691564400000,515315.36
4701,1691568000000,513957.75
4702,1691571600000,511505.95
4703,1691575200000,511655.27
4704,1691578800000,509477.96
4705,1691582400000,516536.12
4706,1691586000000,514928.61
4707,1691589600000,512110.56
4708,1691593200000,512502.13
4709,1691596800000,512807.67
4710,1691600400000,513916.19
4711,1691604000000,515993.26
4712,1691607600000,506912.24
4713,1691611200000,505334.14
4714,1691614800000,504475.96
4715,1691618400000,503409.74
4716,1691622000000,503211.35
4717,1691625600000,502449.56
4718,1691629200000,501895.56
4719,1691632800000,502273.46
4720,1691636400000,502326.91
4721,1691640000000,501519.7
4722,1691643600000,500934.76
4723,1691647200000,501021.79
4724,1691650800000,501498.1
4725,1691654400000,502649.27
4726,1691658000000,501977.4
4727,1691661600000,500542.82
4728,1691665200000,500815.9
4729,1691668800000,501001.35
4730,1691672400000,503984.06
4731,1691676000000,507340.65
4732,1691679600000,504473.04
4733,1691683200000,504349.36
4734,1691686800000,502147.25
4735,1691690400000,498852.14
4736,1691694000000,498615.95
4737,1691697600000,498432.91
4738,1691701200000,498612.05
4739,1691704800000,497786.71
4740,1691708400000,497130.55
4741,1691712000000,496914.78
4742,1691715600000,497068.48
4743,1691719200000,497572.64
4744,1691722800000,496251.45
4745,1691726400000,500084.18
4746,1691730000000,503680.74
4747,1691733600000,504341.9
4748,1691737200000,505231.41
4749,1691740800000,505810.72
4750,1691744400000,505770.34
4751,1691748000000,506421.21
4752,1691751600000,506187.5
4753,1691755200000,506701.58
4754,1691758800000,506930.55
4755,1691762400000,507418.12
4756,1691766000000,508582.12
4757,1691769600000,507923.23
4758,1691773200000,513147.08
4759,1691776800000,515058.55
4760,1691780400000,515107.33
4761,1691784000000,516114.78
4762,1691787600000,515873.02
4763,1691791200000,517160.47
4764,1691794800000,517449.47
4765,1691798400000,516296.25
4766,1691802000000,514698.58
4767,1691805600000,512909.33
4768,1691809200000,512605.71
4769,1691812800000,512755.06
4770,1691816400000,511790.28
4771,1691820000000,512171.95
4772,1691823600000,512570.97
4773,1691827200000,512543.15
4774,1691830800000,512451.21
4775,1691834400000,513029.07
4776,1691838000000,513320.88
4777,1691841600000,513372.45
4778,1691845200000,513803.01
4779,1691848800000,515767.32
4780,1691852400000,515465.99
4781,1691856000000,510302.44
4782,1691859600000,511435.19
4783,1691863200000,510294.65
4784,1691866800000,511674.49
4785,1691870400000,510994.05
4786,1691874000000,510252.9
4787,1691877600000,509738.08
4788,1691881200000,509949.78
4789,1691884800000,509026.72
4790,1691888400000,508886.93
4791,1691892000000,509754.1
4792,1691895600000,508518.6
4793,1691899200000,508744.9
4794,1691902800000,509281.71
4795,1691906400000,510678.0
4796,1691910000000,510930.44
4797,1691913600000,510760.95
4798,1691917200000,511125.54
4799,1691920800000,511460.88
4800,1691924400000,511790.6
4801,1691928000000,512199.25
4802,1691931600000,510642.5
4803,1691935200000,511025.67
4804,1691938800000,511410.09
4805,1691942400000,511108.33
4806,1691946000000,511241.13
4807,1691949600000,510297.08
4808,1691953200000,509006.09
4809,1691956800000,507672.06
4810,1691960400000,506972.79
4811,1691964000000,501265.38
4812,1691967600000,501668.18
4813,1691971200000,501719.5
4814,1691974800000,503357.77
4815,1691978400000,504776.46
4816,1691982000000,507203.5
4817,1691985600000,509224.26
4818,1691989200000,508983.45
4819,1691992800000,508450.75
4820,1691996400000,506546.28
4821,1692000000000,505850.37
4822,1692003600000,507161.73
4823,1692007200000,507368.66
4824,1692010800000,507863.46
4825,1692014400000,507457.93
4826,1692018000000,508523.16
4827,1692021600000,506738.98
4828,1692025200000,505154.49
4829,1692028800000,505962.02
4830,1692032400000,507077.27
4831,1692036000000,502387.76
4832,1692039600000,502817.75
4833,1692043200000,505817.05
4834,1692046800000,510017.22
4835,1692050400000,510906.18
4836,1692054000000,510211.03
4837,1692057600000,509781.18
4838,1692061200000,508977.16
4839,1692064800000,511305.11
4840,1692068400000,510915.69
4841,1692072000000,510871.13
4842,1692075600000,512313.77
4843,1692079200000,513000.64
4844,1692082800000,514057.04
4845,1692086400000,517277.84
4846,1692090000000,517809.52
4847,1692093600000,518200.51
4848,1692097200000,519041.96
4849,1692100800000,518555.95
4850,1692104400000,519349.89
4851,1692108000000,520166.71
4852,1692111600000,518444.13
4853,1692115200000,521238.97
4854,1692118800000,522803.14
4855,1692122400000,524110.8
4856,1692126000000,525710.31
4857,1692129600000,515589.27
4858,1692133200000,513389.98
4859,1692136800000,519410.79
4860,1692140400000,521402.77
4861,1692144000000,519278.73
4862,1692147600000,519736.93
4863,1692151200000,521320.55
4864,1692154800000,519997.26
4865,1692158400000,520981.81
4866,1692162000000,521584.16
4867,1692165600000,522683.48
4868,1692169200000,523804.79
4869,1692172800000,523644.27
4870,1692176400000,523649.33
4871,1692180000000,524116.53
4872,1692183600000,527574.9
4873,1692187200000,527486.26
4874,1692190800000,526647.53
4875,1692194400000,529250.69999999
4876,1692198000000,529297.73
4877,1692201600000,525089.28
4878,1692205200000,523201.11
4879,1692208800000,522097.71
4880,1692212400000,517927.94
4881,1692216000000,516193.63
4882,1692219600000,517057.35
4883,1692223200000,515386.57
4884,1692226800000,514942.13
4885,1692230400000,513445.19
4886,1692234000000,502933.68
4887,1692237600000,508934.11
4888,1692241200000,508198.04
4889,1692244800000,509295.92
4890,1692248400000,511890.89
4891,1692252000000,512615.28
4892,1692255600000,513029.13
4893,1692259200000,515844.44
4894,1692262800000,514872.26
4895,1692266400000,517151.6
4896,1692270000000,516275.32
4897,1692273600000,521231.18
4898,1692277200000,521486.4
4899,1692280800000,524169.84
4900,1692284400000,512811.07
4901,1692288000000,499833.99
4902,1692291600000,496784.27
4903,1692295200000,504176.62
4904,1692298800000,502845.7
4905,1692302400000,504702.1
4906,1692306000000,498551.7
4907,1692309600000,448444.31
4908,1692313200000,455344.57
4909,1692316800000,460500.95
4910,1692320400000,461305.19
4911,1692324000000,457926.11
4912,1692327600000,461486.17
4913,1692331200000,463575.14
4914,1692334800000,464241.21
4915,1692338400000,451943.41
4916,1692342000000,451388.72
4917,1692345600000,451587.43
4918,1692349200000,452075.39
4919,1692352800000,451554.96
4920,1692356400000,452139.02
4921,1692360000000,448481.25
4922,1692363600000,448952.95
4923,1692367200000,445391.44
4924,1692370800000,435104.05
4925,1692374400000,435002.77
4926,1692378000000,438007.54
4927,1692381600000,429946.28
4928,1692385200000,423929.63
4929,1692388800000,431517.58
4930,1692392400000,430302.19
4931,1692396000000,428473.47
4932,1692399600000,429066.76
4933,1692403200000,429304.31
4934,1692406800000,427398.15
4935,1692410400000,427428.18
4936,1692414000000,426431.46
4937,1692417600000,426851.4
4938,1692421200000,425615.41
4939,1692424800000,428075.08
4940,1692428400000,429276.75
4941,1692432000000,428114.74
4942,1692435600000,427860.23
4943,1692439200000,427905.91
4944,1692442800000,427793.97
4945,1692446400000,427966.99
4946,1692450000000,430519.76
4947,1692453600000,429093.24
4948,1692457200000,429137.56
4949,1692460800000,427426.74
4950,1692464400000,428436.11
4951,1692468000000,427428.26
4952,1692471600000,431230.58
4953,1692475200000,428330.22
4954,1692478800000,424704.58
4955,1692482400000,424697.74
4956,1692486000000,423310.23
4957,1692489600000,422968.02
4958,1692493200000,423314.68
4959,1692496800000,423064.8
4960,1692500400000,423069.16
4961,1692504000000,424515.49
4962,1692507600000,424524.49
4963,1692511200000,425702.07
4964,1692514800000,426262.84
4965,1692518400000,426094.33
4966,1692522000000,427335.0
4967,1692525600000,426589.96
4968,1692529200000,427252.19
4969,1692532800000,431596.49
4970,1692536400000,432785.53
4971,1692540000000,435433.9
4972,1692543600000,436050.54
4973,1692547200000,433791.19
4974,1692550800000,433856.39
4975,1692554400000,433786.66
4976,1692558000000,433983.44
4977,1692561600000,435050.77
4978,1692565200000,433408.62
4979,1692568800000,435397.04
4980,1692572400000,435671.96
4981,1692576000000,436884.44
4982,1692579600000,438408.13
4983,1692583200000,438188.18
4984,1692586800000,438514.99
4985,1692590400000,438739.92
4986,1692594000000,438358.21
4987,1692597600000,438531.77
4988,1692601200000,436673.66
4989,1692604800000,435820.78
4990,1692608400000,433359.14
4991,1692612000000,435002.18
4992,1692615600000,435539.56
4993,1692619200000,433545.18
4994,1692622800000,438890.09
4995,1692626400000,440072.2
4996,1692630000000,439268.63
4997,1692633600000,435348.52
4998,1692637200000,437342.25
4999,1692640800000,438622.65
5000,1692644400000,438880.76
5001,1692648000000,439512.43
5002,1692651600000,436700.67
5003,1692655200000,435292.24
5004,1692658800000,437321.69
5005,1692662400000,436011.85
5006,1692666000000,436279.08
5007,1692669600000,434215.17
5008,1692673200000,434360.19
5009,1692676800000,433873.05
5010,1692680400000,432901.17
5011,1692684000000,433959.35
5012,1692687600000,433423.67
5013,1692691200000,432241.73
5014,1692694800000,432949.64
5015,1692698400000,430379.12
5016,1692702000000,432527.4
5017,1692705600000,432342.91
5018,1692709200000,431260.8
5019,1692712800000,432275.77
5020,1692716400000,435443.55
5021,1692720000000,432815.48
5022,1692723600000,431346.43
5023,1692727200000,430465.1
5024,1692730800000,429972.95
5025,1692734400000,428116.65
5026,1692738000000,427867.3
5027,1692741600000,424215.6
5028,1692745200000,420725.65
5029,1692748800000,424166.93
5030,1692752400000,434856.56
5031,1692756000000,434479.61
5032,1692759600000,436207.67
5033,1692763200000,436953.06
5034,1692766800000,437259.78
5035,1692770400000,437550.74
5036,1692774000000,428551.05
5037,1692777600000,431154.54
5038,1692781200000,434758.69
5039,1692784800000,436223.14
5040,1692788400000,441683.32
5041,1692792000000,442463.98
5042,1692795600000,445114.04
5043,1692799200000,442451.45
5044,1692802800000,443805.89
5045,1692806400000,449479.98
5046,1692810000000,447845.71
5047,1692813600000,454743.37
5048,1692817200000,454534.93
5049,1692820800000,454626.96
5050,1692824400000,457329.05
5051,1692828000000,455657.87
5052,1692831600000,456139.14
5053,1692835200000,456207.92
5054,1692838800000,454079.75
5055,1692842400000,454337.51
5056,1692846000000,455034.4
5057,1692849600000,459050.11
5058,1692853200000,460104.66
5059,1692856800000,459568.78
5060,1692860400000,460598.21
5061,1692864000000,461403.59
5062,1692867600000,461289.04
5063,1692871200000,459657.21
5064,1692874800000,458010.53
5065,1692878400000,459175.76
5066,1692882000000,458357.85
5067,1692885600000,455421.65
5068,1692889200000,457796.35
5069,1692892800000,454309.71
5070,1692896400000,455305.28
5071,1692900000000,452789.39
5072,1692903600000,455082.39
5073,1692907200000,451606.37
5074,1692910800000,449604.57
5075,1692914400000,448976.1
5076,1692918000000,447616.52
5077,1692921600000,444982.42
5078,1692925200000,446200.11
5079,1692928800000,445772.25
5080,1692932400000,444696.13
5081,1692936000000,443103.66
5082,1692939600000,442414.7
5083,1692943200000,442145.53
5084,1692946800000,444226.12
5085,1692950400000,444977.05
5086,1692954000000,443541.81
5087,1692957600000,444361.27
5088,1692961200000,445049.18
5089,1692964800000,447564.89
5090,1692968400000,448531.41
5091,1692972000000,449291.02
5092,1692975600000,448154.07
5093,1692979200000,443114.04
5094,1692982800000,444585.45
5095,1692986400000,444589.57
5096,1692990000000,445546.29
5097,1692993600000,446972.64
5098,1692997200000,445862.54
5099,1693000800000,445339.59
5100,1693004400000,445143.59
5101,1693008000000,443524.55
5102,1693011600000,443019.44
5103,1693015200000,442674.55
5104,1693018800000,439919.11
5105,1693022400000,438452.99
5106,1693026000000,438581.68
5107,1693029600000,438461.51
5108,1693033200000,438423.33
5109,1693036800000,437876.26
5110,1693040400000,440673.86
5111,1693044000000,440664.46
5112,1693047600000,440384.57
5113,1693051200000,440184.4
5114,1693054800000,441121.29
5115,1693058400000,441307.74
5116,1693062000000,441633.05
5117,1693065600000,443097.73
5118,1693069200000,443271.15
5119,1693072800000,444741.16
5120,1693076400000,444798.65
5121,1693080000000,444818.04
5122,1693083600000,443347.01
5123,1693087200000,443260.74
5124,1693090800000,443054.8
5125,1693094400000,443595.27
5126,1693098000000,444223.66
5127,1693101600000,444213.48
5128,1693105200000,444220.86
5129,1693108800000,444059.7
5130,1693112400000,445406.77
5131,1693116000000,445319.21
5132,1693119600000,446444.1
5133,1693123200000,445199.67
5134,1693126800000,443144.02
5135,1693130400000,444326.86
5136,1693134000000,444420.28
5137,1693137600000,444491.69
5138,1693141200000,444372.46
5139,1693144800000,444145.46
5140,1693148400000,443575.88
5141,1693152000000,444435.52
5142,1693155600000,445468.51
5143,1693159200000,444569.5
5144,1693162800000,443554.38
5145,1693166400000,442495.59
5146,1693170000000,443480.35
5147,1693173600000,442093.33
5148,1693177200000,444349.91
5149,1693180800000,445461.92
5150,1693184400000,447531.83
5151,1693188000000,448149.76
5152,1693191600000,449656.37
5153,1693195200000,449329.62
5154,1693198800000,449677.09
5155,1693202400000,449721.94
5156,1693206000000,452768.07
5157,1693209600000,455634.65
5158,1693213200000,458221.22
5159,1693216800000,454309.21
5160,1693220400000,453800.59
5161,1693224000000,454809.88
5162,1693227600000,442517.48
5163,1693231200000,441609.28
5164,1693234800000,442067.45
5165,1693238400000,444708.3
5166,1693242000000,446229.52
5167,1693245600000,444778.35
5168,1693249200000,443101.75
5169,1693252800000,441452.62
5170,1693256400000,441567.64
5171,1693260000000,441821.08
5172,1693263600000,440978.9
5173,1693267200000,439554.58
5174,1693270800000,439084.4
5175,1693274400000,441356.48
5176,1693278000000,438856.19
5177,1693281600000,438207.45
5178,1693285200000,439335.11
5179,1693288800000,438926.34
5180,1693292400000,437831.87
5181,1693296000000,438231.82
5182,1693299600000,440092.51
5183,1693303200000,441064.19
5184,1693306800000,442985.37
5185,1693310400000,443923.99
5186,1693314000000,446271.0
5187,1693317600000,446775.37
5188,1693321200000,436676.36
5189,1693324800000,434312.43
5190,1693328400000,431535.49
5191,1693332000000,426488.51
5192,1693335600000,427890.84
5193,1693339200000,429501.43
5194,1693342800000,429586.41
5195,1693346400000,428408.39
5196,1693350000000,428402.77
5197,1693353600000,428538.3
5198,1693357200000,422805.01
5199,1693360800000,423358.09
5200,1693364400000,425106.25
5201,1693368000000,426671.12
5202,1693371600000,425212.74
5203,1693375200000,425933.45
5204,1693378800000,426146.5
5205,1693382400000,426306.91
5206,1693386000000,425640.46
5207,1693389600000,430189.01
5208,1693393200000,427941.24
5209,1693396800000,429128.61
5210,1693400400000,429625.52
5211,1693404000000,431030.99
5212,1693407600000,428693.57
5213,1693411200000,430860.36
5214,1693414800000,433091.41
5215,1693418400000,434045.74
5216,1693422000000,435359.95
5217,1693425600000,435843.7
5218,1693429200000,434257.16
5219,1693432800000,433411.38
5220,1693436400000,432998.51
5221,1693440000000,431508.16
5222,1693443600000,431717.34
5223,1693447200000,431427.26
5224,1693450800000,432354.4
5225,1693454400000,432057.48
5226,1693458000000,430622.6
5227,1693461600000,430355.94
5228,1693465200000,430580.42
5229,1693468800000,429894.25
5230,1693472400000,430508.3
5231,1693476000000,431745.15
5232,1693479600000,430922.42
5233,1693483200000,433834.17
5234,1693486800000,437905.32
5235,1693490400000,439547.06
5236,1693494000000,441825.24
5237,1693497600000,438519.19
5238,1693501200000,429513.65
5239,1693504800000,430284.03
5240,1693508400000,432271.5
5241,1693512000000,431315.5
5242,1693515600000,433888.72
5243,1693519200000,431944.82
5244,1693522800000,432847.69
5245,1693526400000,433855.13
5246,1693530000000,436652.7
5247,1693533600000,437147.98
5248,1693537200000,438866.79
5249,1693540800000,439878.87
5250,1693544400000,440962.94
5251,1693548000000,441377.47
5252,1693551600000,440672.59
5253,1693555200000,441440.11
5254,1693558800000,441517.78
5255,1693562400000,442114.77
5256,1693566000000,443362.01
5257,1693569600000,441338.4
5258,1693573200000,443129.24
5259,1693576800000,443118.92
5260,1693580400000,438983.86
5261,1693584000000,433654.76
5262,1693587600000,436275.45
5263,1693591200000,441563.43
5264,1693594800000,447633.07
5265,1693598400000,446454.81
5266,1693602000000,441431.45
5267,1693605600000,441762.85
5268,1693609200000,440314.17
5269,1693612800000,440261.4
5270,1693616400000,440525.37
5271,1693620000000,440940.27
5272,1693623600000,440517.33
5273,1693627200000,441287.4
5274,1693630800000,441426.78
5275,1693634400000,440783.79
5276,1693638000000,441343.99
5277,1693641600000,440615.44
5278,1693645200000,440460.42
5279,1693648800000,439992.45
5280,1693652400000,438957.68
5281,1693656000000,439463.68
5282,1693659600000,439402.05
5283,1693663200000,440780.75
5284,1693666800000,441708.73
5285,1693670400000,442690.78
5286,1693674000000,442148.21
5287,1693677600000,442555.72
5288,1693681200000,440228.9
5289,1693684800000,439830.9
5290,1693688400000,439468.46
5291,1693692000000,438392.74
5292,1693695600000,438357.82
5293,1693699200000,438520.18
5294,1693702800000,438421.72
5295,1693706400000,438358.26
5296,1693710000000,438130.61
5297,1693713600000,438176.68
5298,1693717200000,439002.98
5299,1693720800000,440052.41
5300,1693724400000,440142.44
5301,1693728000000,441059.89
5302,1693731600000,444079.25
5303,1693735200000,444284.1
5304,1693738800000,444171.83
5305,1693742400000,445378.27
5306,1693746000000,444704.82
5307,1693749600000,445489.14
5308,1693753200000,446669.17
5309,1693756800000,446844.23
5310,1693760400000,447574.07
5311,1693764000000,446239.2
5312,1693767600000,444481.38
5313,1693771200000,444139.98
5314,1693774800000,443819.26
5315,1693778400000,444331.26
5316,1693782000000,442554.22
5317,1693785600000,442777.43
5318,1693789200000,441987.85
5319,1693792800000,441495.68
5320,1693796400000,441872.58
5321,1693800000000,442701.07
5322,1693803600000,443667.86
5323,1693807200000,443592.07
5324,1693810800000,444611.05
5325,1693814400000,444810.96
5326,1693818000000,443761.16
5327,1693821600000,443689.86
5328,1693825200000,445530.77
5329,1693828800000,445218.19
5330,1693832400000,447113.61
5331,1693836000000,448517.81
5332,1693839600000,450213.53
5333,1693843200000,449608.31
5334,1693846800000,450593.12
5335,1693850400000,446045.31
5336,1693854000000,446134.31
5337,1693857600000,445548.81
5338,1693861200000,444869.66
5339,1693864800000,447028.54
5340,1693868400000,447136.85
5341,1693872000000,448096.72
5342,1693875600000,448778.11
5343,1693879200000,448385.43
5344,1693882800000,450229.68
5345,1693886400000,452317.05
5346,1693890000000,453037.25
5347,1693893600000,452743.95
5348,1693897200000,452098.86
5349,1693900800000,451962.13
5350,1693904400000,455302.16
5351,1693908000000,450820.22
5352,1693911600000,450495.88
5353,1693915200000,451692.14
5354,1693918800000,451838.92
5355,1693922400000,454157.66
5356,1693926000000,450098.41
5357,1693929600000,448818.13
5358,1693933200000,451587.85
5359,1693936800000,451693.58
5360,1693940400000,451846.59
5361,1693944000000,449723.7
5362,1693947600000,448486.3
5363,1693951200000,449422.19
5364,1693954800000,448704.75
5365,1693958400000,449276.07
5366,1693962000000,450193.58
5367,1693965600000,450693.26
5368,1693969200000,451396.06
5369,1693972800000,452096.24
5370,1693976400000,452136.69
5371,1693980000000,452898.48
5372,1693983600000,454773.43
5373,1693987200000,456864.42
5374,1693990800000,456446.47
5375,1693994400000,456921.95
5376,1693998000000,455535.07
5377,1694001600000,456582.74
5378,1694005200000,457082.09
5379,1694008800000,458295.32
5380,1694012400000,460895.62
5381,1694016000000,459660.62
5382,1694019600000,459553.74
5383,1694023200000,454075.51
5384,1694026800000,455916.11
5385,1694030400000,459476.14
5386,1694034000000,458053.12
5387,1694037600000,459835.5
5388,1694041200000,459804.89
5389,1694044800000,459843.85
5390,1694048400000,459293.67
5391,1694052000000,459132.77
5392,1694055600000,457664.99
5393,1694059200000,460612.64
5394,1694062800000,460345.96
5395,1694066400000,459872.02
5396,1694070000000,459701.24
5397,1694073600000,456246.06
5398,1694077200000,455175.36
5399,1694080800000,456095.6
5400,1694084400000,454872.86
5401,1694088000000,457363.21
5402,1694091600000,460945.69
5403,1694095200000,460314.24
5404,1694098800000,464714.07
5405,1694102400000,464600.43
5406,1694106000000,460128.8
5407,1694109600000,459930.73
5408,1694113200000,459367.84
5409,1694116800000,460065.12
5410,1694120400000,458724.98
5411,1694124000000,460746.92
5412,1694127600000,461225.14
5413,1694131200000,463919.61
5414,1694134800000,463243.42
5415,1694138400000,465627.05
5416,1694142000000,465009.54
5417,1694145600000,465647.82
5418,1694149200000,466686.59
5419,1694152800000,465759.87
5420,1694156400000,468789.82
5421,1694160000000,466666.88
5422,1694163600000,466070.96
5423,1694167200000,463924.98
5424,1694170800000,457532.18
5425,1694174400000,460201.53
5426,1694178000000,460781.16
5427,1694181600000,456683.26
5428,1694185200000,458182.01
5429,1694188800000,457537.74
5430,1694192400000,456719.0
5431,1694196000000,453992.24
5432,1694199600000,457534.14
5433,1694203200000,458069.53
5434,1694206800000,455804.78
5435,1694210400000,454221.32
5436,1694214000000,454080.37
5437,1694217600000,453508.86
5438,1694221200000,452435.23
5439,1694224800000,452859.09
5440,1694228400000,453849.71
5441,1694232000000,453729.73
5442,1694235600000,453514.78
5443,1694239200000,452620.93
5444,1694242800000,452805.78
5445,1694246400000,453280.93
5446,1694250000000,453647.72
5447,1694253600000,454074.32
5448,1694257200000,453981.12
5449,1694260800000,454195.45
5450,1694264400000,454075.31
5451,1694268000000,453992.3
5452,1694271600000,453099.98
5453,1694275200000,452962.04
5454,1694278800000,453725.81
5455,1694282400000,453827.88
5456,1694286000000,454201.23
5457,1694289600000,453675.57
5458,1694293200000,454031.83
5459,1694296800000,453528.82
5460,1694300400000,454640.81
5461,1694304000000,454296.12
5462,1694307600000,454261.46
5463,1694311200000,453387.86
5464,1694314800000,454158.3
5465,1694318400000,454720.12
5466,1694322000000,453133.37
5467,1694325600000,453519.43
5468,1694329200000,452638.33
5469,1694332800000,453422.49
5470,1694336400000,454026.34
5471,1694340000000,455601.84
5472,1694343600000,457468.29
5473,1694347200000,455111.55
5474,1694350800000,455896.67
5475,1694354400000,452481.18
5476,1694358000000,452186.75
5477,1694361600000,456275.71
5478,1694365200000,454525.99
5479,1694368800000,454842.79
5480,1694372400000,456696.38
5481,1694376000000,452013.93
5482,1694379600000,448522.88
5483,1694383200000,447667.08
5484,1694386800000,448263.18
5485,1694390400000,447853.07
5486,1694394000000,453416.88
5487,1694397600000,454685.65
5488,1694401200000,456662.61
5489,1694404800000,458922.69
5490,1694408400000,461253.28
5491,1694412000000,459971.44
5492,1694415600000,461375.36
5493,1694419200000,460040.56
5494,1694422800000,462241.97
5495,1694426400000,451967.16
5496,1694430000000,454639.95
5497,1694433600000,454626.6
5498,1694437200000,452541.38
5499,1694440800000,453527.0
5500,1694444400000,448778.65
5501,1694448000000,454457.03
5502,1694451600000,455959.29
5503,1694455200000,456457.54
5504,1694458800000,459981.65
5505,1694462400000,463504.13
5506,1694466000000,461561.63
5507,1694469600000,457972.3
5508,1694473200000,459659.6
5509,1694476800000,459341.53
5510,1694480400000,465456.68
5511,1694484000000,463028.04
5512,1694487600000,462925.45
5513,1694491200000,446192.37
5514,1694494800000,448946.1
5515,1694498400000,458297.64
5516,1694502000000,462078.5
5517,1694505600000,460622.03
5518,1694509200000,462068.87
5519,1694512800000,457816.67
5520,1694516400000,457191.39
5521,1694520000000,465734.41
5522,1694523600000,465202.6
5523,1694527200000,464166.52
5524,1694530800000,464067.58
5525,1694534400000,463130.08
5526,1694538000000,463861.61
5527,1694541600000,464857.18
5528,1694545200000,464478.23
5529,1694548800000,463216.87
5530,1694552400000,464975.5
5531,1694556000000,465525.52
5532,1694559600000,465972.39
5533,1694563200000,469240.31
5534,1694566800000,467829.63
5535,1694570400000,467446.83
5536,1694574000000,467844.09
5537,1694577600000,469916.91
5538,1694581200000,469626.56
5539,1694584800000,468535.79
5540,1694588400000,466723.85
5541,1694592000000,467880.93
5542,1694595600000,469317.29
5543,1694599200000,467066.59
5544,1694602800000,470565.23
5545,1694606400000,466366.91
5546,1694610000000,468841.24
5547,1694613600000,475640.17
5548,1694617200000,476046.36
5549,1694620800000,486814.06
5550,1694624400000,486313.39
5551,1694628000000,485883.88
5552,1694631600000,487522.81
5553,1694635200000,487280.37
5554,1694638800000,489816.73
5555,1694642400000,488555.56
5556,1694646000000,488780.93
5557,1694649600000,486255.76
5558,1694653200000,474897.45
5559,1694656800000,475609.91
5560,1694660400000,478922.72
5561,1694664000000,482570.32
5562,1694667600000,487726.29
5563,1694671200000,487730.33
5564,1694674800000,487808.91
5565,1694678400000,488276.09
5566,1694682000000,488487.37
5567,1694685600000,489522.35
5568,1694689200000,487470.13
5569,1694692800000,488617.59
5570,1694696400000,488824.87
5571,1694700000000,488040.34
5572,1694703600000,482887.11
5573,1694707200000,482157.6
5574,1694710800000,479798.56
5575,1694714400000,476822.75
5576,1694718000000,473947.92
5577,1694721600000,473998.64
5578,1694725200000,473908.5
5579,1694728800000,471841.11
5580,1694732400000,472206.81
5581,1694736000000,472867.29
5582,1694739600000,472015.69
5583,1694743200000,468278.27
5584,1694746800000,468853.4
5585,1694750400000,468920.35
5586,1694754000000,469159.46
5587,1694757600000,469292.2
5588,1694761200000,468874.06
5589,1694764800000,467928.02
5590,1694768400000,467448.77
5591,1694772000000,469226.17
5592,1694775600000,467910.62
5593,1694779200000,468349.02
5594,1694782800000,469046.65
5595,1694786400000,470869.7
5596,1694790000000,472064.99
5597,1694793600000,473187.24
5598,1694797200000,471443.26
5599,1694800800000,466577.47
5600,1694804400000,466021.37
5601,1694808000000,466663.12
5602,1694811600000,466259.75
5603,1694815200000,462325.17
5604,1694818800000,465107.91
5605,1694822400000,467179.15
5606,1694826000000,466019.26
5607,1694829600000,465716.23
5608,1694833200000,465840.2
5609,1694836800000,462473.92
5610,1694840400000,461702.66
5611,1694844000000,462470.3
5612,1694847600000,462222.22
5613,1694851200000,462657.51
5614,1694854800000,463489.92
5615,1694858400000,463869.33
5616,1694862000000,463636.84
5617,1694865600000,463055.57
5618,1694869200000,461634.7
5619,1694872800000,461507.04
5620,1694876400000,460454.65
5621,1694880000000,459551.44
5622,1694883600000,460959.69
5623,1694887200000,460759.61
5624,1694890800000,460153.41
5625,1694894400000,459997.26
5626,1694898000000,459843.26
5627,1694901600000,459313.36
5628,1694905200000,459544.9
5629,1694908800000,458745.32
5630,1694912400000,458056.64
5631,1694916000000,457500.78
5632,1694919600000,456906.77
5633,1694923200000,458395.56
5634,1694926800000,458225.95
5635,1694930400000,459829.92
5636,1694934000000,459567.95
5637,1694937600000,459803.39
5638,1694941200000,460684.16
5639,1694944800000,459877.44
5640,1694948400000,460228.18
5641,1694952000000,460320.25
5642,1694955600000,460868.88
5643,1694959200000,459861.01
5644,1694962800000,461189.12
5645,1694966400000,461102.13
5646,1694970000000,460194.44
5647,1694973600000,460744.05
5648,1694977200000,461083.15
5649,1694980800000,462010.74
5650,1694984400000,462591.73
5651,1694988000000,458918.76
5652,1694991600000,459263.83
5653,1694995200000,459786.22
5654,1694998800000,463083.92
5655,1695002400000,464098.8
5656,1695006000000,457721.9
5657,1695009600000,460231.68
5658,1695013200000,461560.57
5659,1695016800000,462727.17
5660,1695020400000,464113.44
5661,1695024000000,464363.45
5662,1695027600000,462846.87
5663,1695031200000,462472.65
5664,1695034800000,464502.89
5665,1695038400000,468053.36
5666,1695042000000,473143.1
5667,1695045600000,472509.58
5668,1695049200000,473085.02
5669,1695052800000,474416.73
5670,1695056400000,476075.13
5671,1695060000000,474458.75
5672,1695063600000,473193.57
5673,1695067200000,471983.71
5674,1695070800000,473689.52
5675,1695074400000,472115.06
5676,1695078000000,472644.02
5677,1695081600000,473082.28
5678,1695085200000,469288.64
5679,1695088800000,468946.55
5680,1695092400000,466696.56
5681,1695096000000,466204.81
5682,1695099600000,467595.31
5683,1695103200000,467764.76
5684,1695106800000,469253.94
5685,1695110400000,469169.5
5686,1695114000000,465821.7
5687,1695117600000,468369.53
5688,1695121200000,470131.9
5689,1695124800000,470297.44
5690,1695128400000,472622.15
5691,1695132000000,472189.49
5692,1695135600000,470880.65
5693,1695139200000,468178.97
5694,1695142800000,469200.9
5695,1695146400000,469132.59
5696,1695150000000,471300.15
5697,1695153600000,471280.32
5698,1695157200000,470047.58
5699,1695160800000,471323.35
5700,1695164400000,471644.38
5701,1695168000000,471870.24
5702,1695171600000,471212.93
5703,1695175200000,471045.74
5704,1695178800000,470828.32
5705,1695182400000,469881.15
5706,1695186000000,471517.1
5707,1695189600000,472891.42
5708,1695193200000,474824.98
5709,1695196800000,478773.61
5710,1695200400000,480359.15
5711,1695204000000,481622.63
5712,1695207600000,482106.65
5713,1695211200000,482592.08
5714,1695214800000,481393.28
5715,1695218400000,479541.77
5716,1695222000000,479274.46
5717,1695225600000,480262.95
5718,1695229200000,480538.31
5719,1695232800000,480083.23
5720,1695236400000,485020.77
5721,1695240000000,481303.57
5722,1695243600000,479211.71
5723,1695247200000,481033.38
5724,1695250800000,480360.49
5725,1695254400000,480568.88
5726,1695258000000,479578.74
5727,1695261600000,482339.66
5728,1695265200000,481705.64
5729,1695268800000,483381.04
5730,1695272400000,483902.57
5731,1695276000000,482090.32
5732,1695279600000,481532.15
5733,1695283200000,481029.13
5734,1695286800000,481706.04
5735,1695290400000,482159.84
5736,1695294000000,484036.94
5737,1695297600000,488566.94
5738,1695301200000,490864.95
5739,1695304800000,491072.02
5740,1695308400000,491882.75
5741,1695312000000,490215.83
5742,1695315600000,489119.37
5743,1695319200000,480870.64
5744,1695322800000,481169.83
5745,1695326400000,479083.34
5746,1695330000000,476236.68
5747,1695333600000,477599.48
5748,1695337200000,480565.25
5749,1695340800000,480045.59
5750,1695344400000,475781.17
5751,1695348000000,471078.13
5752,1695351600000,470482.49
5753,1695355200000,468564.4
5754,1695358800000,468587.04
5755,1695362400000,467316.41
5756,1695366000000,468385.65
5757,1695369600000,465078.22
5758,1695373200000,470410.24
5759,1695376800000,469144.58
5760,1695380400000,469101.57
5761,1695384000000,467114.82
5762,1695387600000,468196.36
5763,1695391200000,466695.98
5764,1695394800000,464117.67
5765,1695398400000,465649.21
5766,1695402000000,468928.15
5767,1695405600000,468851.13
5768,1695409200000,467789.01
5769,1695412800000,469584.34
5770,1695416400000,465061.3
5771,1695420000000,463665.93
5772,1695423600000,462868.38
5773,1695427200000,463596.09
5774,1695430800000,464709.3
5775,1695434400000,464709.86
5776,1695438000000,465258.12
5777,1695441600000,463371.49
5778,1695445200000,463246.9
5779,1695448800000,464428.51
5780,1695452400000,466904.38
5781,1695456000000,466058.33
5782,1695459600000,465110.06
5783,1695463200000,465464.07
5784,1695466800000,464187.8
5785,1695470400000,464185.62
5786,1695474000000,464280.25
5787,1695477600000,464533.8
5788,1695481200000,464709.09
5789,1695484800000,463401.64
5790,1695488400000,462486.62
5791,1695492000000,462128.22
5792,1695495600000,463203.22
5793,1695499200000,463927.98
5794,1695502800000,463793.35
5795,1695506400000,463163.2
5796,1695510000000,463446.22
5797,1695513600000,463835.91
5798,1695517200000,464368.67
5799,1695520800000,464388.66
5800,1695524400000,465233.13
5801,1695528000000,465305.98
5802,1695531600000,464744.35
5803,1695535200000,465048.22
5804,1695538800000,465322.08
5805,1695542400000,464538.29
5806,1695546000000,463918.94
5807,1695549600000,464809.19
5808,1695553200000,465928.96
5809,1695556800000,467064.56
5810,1695560400000,466622.83
5811,1695564000000,467482.9
5812,1695567600000,466222.58
5813,1695571200000,468153.3
5814,1695574800000,468784.82
5815,1695578400000,468190.21
5816,1695582000000,467164.7
5817,1695585600000,469143.93
5818,1695589200000,468950.62
5819,1695592800000,468083.41
5820,1695596400000,468814.33
5821,1695600000000,466671.76
5822,1695603600000,462563.7
5823,1695607200000,461313.03
5824,1695610800000,462587.65
5825,1695614400000,464362.68
5826,1695618000000,463746.83
5827,1695621600000,461470.26
5828,1695625200000,461672.5
5829,1695628800000,462808.7
5830,1695632400000,464583.66
5831,1695636000000,465721.3
5832,1695639600000,467699.43
5833,1695643200000,467544.5
5834,1695646800000,469221.96
5835,1695650400000,469998.52
5836,1695654000000,470448.26
5837,1695657600000,467119.79
5838,1695661200000,462897.63
5839,1695664800000,463120.47
5840,1695668400000,464033.0
5841,1695672000000,464190.19
5842,1695675600000,463047.22
5843,1695679200000,463545.77
5844,1695682800000,464111.79
5845,1695686400000,464669.75
5846,1695690000000,464417.05
5847,1695693600000,462977.45
5848,1695697200000,462945.51
5849,1695700800000,463245.93
5850,1695704400000,462672.73
5851,1695708000000,463540.98
5852,1695711600000,463798.22
5853,1695715200000,463068.63
5854,1695718800000,465145.78
5855,1695722400000,466006.7
5856,1695726000000,466683.26
5857,1695729600000,469735.9
5858,1695733200000,467880.91
5859,1695736800000,469165.43
5860,1695740400000,466685.57
5861,1695744000000,464950.76
5862,1695747600000,463560.22
5863,1695751200000,464370.88
5864,1695754800000,463561.79
5865,1695758400000,464960.35
5866,1695762000000,460974.6
5867,1695765600000,458842.64
5868,1695769200000,460443.06
5869,1695772800000,461794.08
5870,1695776400000,461352.65
5871,1695780000000,460107.6
5872,1695783600000,459697.78
5873,1695787200000,460671.0
5874,1695790800000,459767.31
5875,1695794400000,460770.33
5876,1695798000000,461003.53
5877,1695801600000,462223.02
5878,1695805200000,460844.17
5879,1695808800000,463672.34
5880,1695812400000,473275.78
5881,1695816000000,484519.82
5882,1695819600000,484763.49
5883,1695823200000,480926.89
5884,1695826800000,471973.05
5885,1695830400000,474360.64
5886,1695834000000,475813.26
5887,1695837600000,471479.74
5888,1695841200000,461325.71
5889,1695844800000,463710.05
5890,1695848400000,461782.0
5891,1695852000000,461393.68
5892,1695855600000,464079.34
5893,1695859200000,464477.08
5894,1695862800000,465132.52
5895,1695866400000,454100.07
5896,1695870000000,452738.36
5897,1695873600000,453721.06
5898,1695877200000,456755.64
5899,1695880800000,459327.17
5900,1695884400000,466620.52
5901,1695888000000,470116.21
5902,1695891600000,472841.5
5903,1695895200000,482538.9
5904,1695898800000,492037.77
5905,1695902400000,492798.89
5906,1695906000000,496620.36
5907,1695909600000,501384.63
5908,1695913200000,499105.13
5909,1695916800000,498825.03
5910,1695920400000,498643.19
5911,1695924000000,502290.37
5912,1695927600000,505709.44
5913,1695931200000,515878.91
5914,1695934800000,507259.87
5915,1695938400000,492290.63
5916,1695942000000,491100.65
5917,1695945600000,493501.49
5918,1695949200000,494290.1
5919,1695952800000,494295.92
5920,1695956400000,490760.0
5921,1695960000000,489648.6
5922,1695963600000,491191.73
5923,1695967200000,493007.79
5924,1695970800000,491817.24
5925,1695974400000,492730.83
5926,1695978000000,493590.97
5927,1695981600000,493174.33
5928,1695985200000,495168.61
5929,1695988800000,494466.83
5930,1695992400000,500054.36
5931,1695996000000,499620.25
5932,1695999600000,503851.64
5933,1696003200000,508065.68
5934,1696006800000,507865.5
5935,1696010400000,510458.04
5936,1696014000000,514169.46
5937,1696017600000,513036.25
5938,1696021200000,513378.54
5939,1696024800000,512000.06
5940,1696028400000,511079.62
5941,1696032000000,511239.28
5942,1696035600000,510831.37
5943,1696039200000,510354.93
5944,1696042800000,508192.55
5945,1696046400000,506633.37
5946,1696050000000,507135.92
5947,1696053600000,507547.21
5948,1696057200000,508313.72
5949,1696060800000,508499.95
5950,1696064400000,509389.53
5951,1696068000000,502050.57
5952,1696071600000,503586.82
5953,1696075200000,503851.64
5954,1696078800000,503119.82
5955,1696082400000,503324.4
5956,1696086000000,515661.12
5957,1696089600000,511026.82
5958,1696093200000,510994.51
5959,1696096800000,508491.65
5960,1696100400000,505924.55
5961,1696104000000,505771.73
5962,1696107600000,506133.17
5963,1696111200000,502620.32
5964,1696114800000,502124.89
5965,1696118400000,503636.76
5966,1696122000000,504409.25
5967,1696125600000,503935.51
5968,1696129200000,502999.39
5969,1696132800000,502871.46
5970,1696136400000,502944.27
5971,1696140000000,505522.89
5972,1696143600000,506009.47
5973,1696147200000,506894.09
5974,1696150800000,507288.35
5975,1696154400000,509899.15
5976,1696158000000,505206.16
5977,1696161600000,507317.78
5978,1696165200000,506251.46
5979,1696168800000,506009.11
5980,1696172400000,501679.61
5981,1696176000000,501660.74
5982,1696179600000,501377.69
5983,1696183200000,498352.4
5984,1696186800000,500505.88
5985,1696190400000,500495.03
5986,1696194000000,499400.59
5987,1696197600000,501067.94
5988,1696201200000,457353.9
5989,1696204800000,467526.65
5990,1696208400000,475005.72
5991,1696212000000,477300.25
5992,1696215600000,478086.35
5993,1696219200000,479215.75
5994,1696222800000,482410.93
5995,1696226400000,479854.33
5996,1696230000000,478911.61
5997,1696233600000,478220.38
5998,1696237200000,477725.64
5999,1696240800000,479191.37
6000,1696244400000,478815.78
6001,1696248000000,478884.72
6002,1696251600000,484746.4
6003,1696255200000,484490.64
6004,1696258800000,493178.12
6005,1696262400000,496667.48
6006,1696266000000,493371.64
6007,1696269600000,496731.56
6008,1696273200000,476300.89
6009,1696276800000,465398.8
6010,1696280400000,463998.3
6011,1696284000000,458877.44
6012,1696287600000,457711.96
6013,1696291200000,457680.98
6014,1696294800000,458045.03
6015,1696298400000,459654.14
6016,1696302000000,461470.88
6017,1696305600000,463254.52
6018,1696309200000,467140.06
6019,1696312800000,464375.47
6020,1696316400000,463921.92
6021,1696320000000,464854.51
6022,1696323600000,465720.25
6023,1696327200000,466394.02
6024,1696330800000,467422.47
6025,1696334400000,467564.21
6026,1696338000000,471122.37
6027,1696341600000,472494.74
6028,1696345200000,473538.83
6029,1696348800000,475056.94
6030,1696352400000,476904.59
6031,1696356000000,480029.78
6032,1696359600000,479110.56
6033,1696363200000,475727.86
6034,1696366800000,477590.92
6035,1696370400000,475041.92
6036,1696374000000,478411.72
6037,1696377600000,476704.29
6038,1696381200000,467387.45
6039,1696384800000,469430.95
6040,1696388400000,469275.4
6041,1696392000000,469987.51
6042,1696395600000,471581.47
6043,1696399200000,468963.34
6044,1696402800000,470689.84
6045,1696406400000,471214.97
6046,1696410000000,471388.46
6047,1696413600000,470187.19
6048,1696417200000,474093.96
6049,1696420800000,474322.31
6050,1696424400000,475649.81
6051,1696428000000,478785.44
6052,1696431600000,481166.28
6053,1696435200000,482412.32
6054,1696438800000,482126.55
6055,1696442400000,486467.48
6056,1696446000000,483653.85
6057,1696449600000,483067.73
6058,1696453200000,484269.96
6059,1696456800000,485642.93
6060,1696460400000,485525.03
6061,1696464000000,485130.6
6062,1696467600000,481935.1
6063,1696471200000,481546.01
6064,1696474800000,481178.13
6065,1696478400000,482036.14
6066,1696482000000,482385.95
6067,1696485600000,482011.08
6068,1696489200000,483176.97
6069,1696492800000,484917.76
6070,1696496400000,486999.66
6071,1696500000000,487860.94
6072,1696503600000,487444.67
6073,1696507200000,487553.84
6074,1696510800000,488480.18
6075,1696514400000,490015.97
6076,1696518000000,491828.18
6077,1696521600000,485704.84
6078,1696525200000,491274.32
6079,1696528800000,494238.2
6080,1696532400000,494965.42
6081,1696536000000,493449.86
6082,1696539600000,492661.7
6083,1696543200000,492970.78
6084,1696546800000,491097.8
6085,1696550400000,495254.36
6086,1696554000000,496575.81
6087,1696557600000,495887.38
6088,1696561200000,495537.37
6089,1696564800000,494298.24
6090,1696568400000,494984.12
6091,1696572000000,494850.67
6092,1696575600000,494427.15
6093,1696579200000,494201.69
6094,1696582800000,488707.28
6095,1696586400000,482303.72
6096,1696590000000,481511.07
6097,1696593600000,480492.58
6098,1696597200000,475619.94
6099,1696600800000,469773.88
6100,1696604400000,471255.24
6101,1696608000000,473510.01
6102,1696611600000,471680.25
6103,1696615200000,472578.66
6104,1696618800000,474886.7
6105,1696622400000,474859.72
6106,1696626000000,475115.58
6107,1696629600000,484577.5
6108,1696633200000,486427.48
6109,1696636800000,486119.25
6110,1696640400000,486978.79
6111,1696644000000,486057.59
6112,1696647600000,486883.6
6113,1696651200000,483705.38
6114,1696654800000,484757.13
6115,1696658400000,483606.27
6116,1696662000000,482025.0
6117,1696665600000,482452.65
6118,1696669200000,483568.55
6119,1696672800000,483631.86
6120,1696676400000,483262.65
6121,1696680000000,483438.99
6122,1696683600000,484978.9
6123,1696687200000,485756.92
6124,1696690800000,486204.04
6125,1696694400000,483109.77
6126,1696698000000,483636.99
6127,1696701600000,481859.57
6128,1696705200000,482780.67
6129,1696708800000,482396.5
6130,1696712400000,481169.59
6131,1696716000000,480438.56
6132,1696719600000,481273.15
6133,1696723200000,482429.3
6134,1696726800000,484200.82
6135,1696730400000,485404.76
6136,1696734000000,485114.1
6137,1696737600000,484681.29
6138,1696741200000,486127.23
6139,1696744800000,484387.9
6140,1696748400000,483866.87
6141,1696752000000,483679.62
6142,1696755600000,483743.36
6143,1696759200000,482659.41
6144,1696762800000,481964.69
6145,1696766400000,484240.95
6146,1696770000000,486581.47
6147,1696773600000,487482.61
6148,1696777200000,489495.05
6149,1696780800000,491682.82
6150,1696784400000,492935.68
6151,1696788000000,492328.48
6152,1696791600000,492491.44
6153,1696795200000,491293.94
6154,1696798800000,492872.14
6155,1696802400000,493413.38
6156,1696806000000,491846.71
6157,1696809600000,491907.08
6158,1696813200000,492365.44
6159,1696816800000,489124.58
6160,1696820400000,489343.53
6161,1696824000000,489439.59
6162,1696827600000,489398.23
6163,1696831200000,493118.44
6164,1696834800000,493744.8
6165,1696838400000,496636.28
6166,1696842000000,497651.33
6167,1696845600000,498386.28
6168,1696849200000,504578.3
6169,1696852800000,504603.08
6170,1696856400000,511135.85
6171,1696860000000,512772.2
6172,1696863600000,513913.81
6173,1696867200000,516474.59
6174,1696870800000,496324.01
6175,1696874400000,498169.24
6176,1696878000000,495324.1
6177,1696881600000,494504.6
6178,1696885200000,492867.69
6179,1696888800000,492904.68
6180,1696892400000,493856.98
6181,1696896000000,493353.42
6182,1696899600000,496798.77
6183,1696903200000,496311.39
6184,1696906800000,494766.53
6185,1696910400000,495640.98
6186,1696914000000,495705.25
6187,1696917600000,495054.99
6188,1696921200000,497123.91
6189,1696924800000,497262.58
6190,1696928400000,496701.32
6191,1696932000000,494166.74
6192,1696935600000,492133.87
6193,1696939200000,492968.09
6194,1696942800000,495024.34
6195,1696946400000,482346.65
6196,1696950000000,475946.85
6197,1696953600000,478319.55
6198,1696957200000,479856.8
6199,1696960800000,483777.85
6200,1696964400000,486089.18
6201,1696968000000,486749.44
6202,1696971600000,489301.55
6203,1696975200000,488505.72
6204,1696978800000,489582.49
6205,1696982400000,490106.91
6206,1696986000000,490487.01
6207,1696989600000,489916.48
6208,1696993200000,493392.04
6209,1696996800000,496497.13
6210,1697000400000,500890.01
6211,1697004000000,499535.96
6212,1697007600000,500784.57
6213,1697011200000,502355.65
6214,1697014800000,504730.39
6215,1697018400000,507055.29
6216,1697022000000,502564.26
6217,1697025600000,499228.66
6218,1697029200000,498387.71
6219,1697032800000,498362.95
6220,1697036400000,499694.78
6221,1697040000000,498909.47
6222,1697043600000,499749.23
6223,1697047200000,504722.23
6224,1697050800000,514705.24
6225,1697054400000,513421.63
6226,1697058000000,512976.42
6227,1697061600000,511459.78
6228,1697065200000,510098.62
6229,1697068800000,511527.09
6230,1697072400000,510749.72
6231,1697076000000,510476.44
6232,1697079600000,508780.87
6233,1697083200000,509604.09
6234,1697086800000,509885.73
6235,1697090400000,510912.44
6236,1697094000000,510851.6
6237,1697097600000,512133.65
6238,1697101200000,511886.38
6239,1697104800000,509972.78
6240,1697108400000,509152.21
6241,1697112000000,508723.69
6242,1697115600000,514509.48
6243,1697119200000,517221.98
6244,1697122800000,518453.09
6245,1697126400000,521041.16
6246,1697130000000,522028.91
6247,1697133600000,524263.01
6248,1697137200000,523750.46
6249,1697140800000,522489.7
6250,1697144400000,524377.47
6251,1697148000000,522851.24
6252,1697151600000,522435.15
6253,1697155200000,523048.38
6254,1697158800000,517802.71
6255,1697162400000,517768.33
6256,1697166000000,518226.85
6257,1697169600000,515446.32
6258,1697173200000,515568.94
6259,1697176800000,515635.16
6260,1697180400000,517485.95
6261,1697184000000,510046.81
6262,1697187600000,508261.6
6263,1697191200000,508049.91
6264,1697194800000,508190.12
6265,1697198400000,509186.13
6266,1697202000000,508523.78
6267,1697205600000,509601.13
6268,1697209200000,512511.99
6269,1697212800000,515057.14
6270,1697216400000,512630.54
6271,1697220000000,514993.01
6272,1697223600000,514134.27
6273,1697227200000,511819.72
6274,1697230800000,502297.39
6275,1697234400000,495399.32
6276,1697238000000,496393.81
6277,1697241600000,488076.83
6278,1697245200000,486875.79
6279,1697248800000,483516.13
6280,1697252400000,481536.46
6281,1697256000000,483816.16
6282,1697259600000,485017.69
6283,1697263200000,486130.8
6284,1697266800000,485365.92
6285,1697270400000,485356.29
6286,1697274000000,486384.89
6287,1697277600000,486752.9
6288,1697281200000,486951.68
6289,1697284800000,487925.23
6290,1697288400000,486947.67
6291,1697292000000,486416.93
6292,1697295600000,486036.48
6293,1697299200000,482131.71
6294,1697302800000,487390.5
6295,1697306400000,486637.46
6296,1697310000000,487210.99
6297,1697313600000,487974.41
6298,1697317200000,487359.97
6299,1697320800000,483501.19
6300,1697324400000,485262.34
6301,1697328000000,484996.19
6302,1697331600000,483521.29
6303,1697335200000,483188.09
6304,1697338800000,483498.65
6305,1697342400000,484753.49
6306,1697346000000,485624.25
6307,1697349600000,485800.81
6308,1697353200000,486040.02
6309,1697356800000,486031.98
6310,1697360400000,487567.98
6311,1697364000000,487199.61
6312,1697367600000,486951.79
6313,1697371200000,487233.44
6314,1697374800000,486346.66
6315,1697378400000,486900.55
6316,1697382000000,487950.99
6317,1697385600000,489745.49
6318,1697389200000,490164.44
6319,1697392800000,492387.19
6320,1697396400000,491736.2
6321,1697400000000,491613.76
6322,1697403600000,489940.12
6323,1697407200000,488868.36
6324,1697410800000,489201.0
6325,1697414400000,489701.88
6326,1697418000000,489167.97
6327,1697421600000,488357.96
6328,1697425200000,486230.22
6329,1697428800000,487151.73
6330,1697432400000,487914.86
6331,1697436000000,485770.75
6332,1697439600000,488537.46
6333,1697443200000,488810.33
6334,1697446800000,490921.69
6335,1697450400000,488954.95
6336,1697454000000,491329.56
6337,1697457600000,490339.28
6338,1697461200000,491375.57
6339,1697464800000,461341.94
6340,1697468400000,470889.52
6341,1697472000000,475869.51
6342,1697475600000,476299.01
6343,1697479200000,474574.92
6344,1697482800000,474886.27
6345,1697486400000,478459.37
6346,1697490000000,476768.94
6347,1697493600000,473628.6
6348,1697497200000,478303.08
6349,1697500800000,479502.56
6350,1697504400000,474960.6
6351,1697508000000,475778.42
6352,1697511600000,477953.95
6353,1697515200000,476808.9
6354,1697518800000,478328.55
6355,1697522400000,479096.63
6356,1697526000000,477545.93
6357,1697529600000,476625.04
6358,1697533200000,480681.12
6359,1697536800000,481173.58
6360,1697540400000,480735.74
6361,1697544000000,486978.95
6362,1697547600000,484699.89
6363,1697551200000,479339.41
6364,1697554800000,481498.91
6365,1697558400000,484907.89
6366,1697562000000,484016.7
6367,1697565600000,485230.1
6368,1697569200000,484493.3
6369,1697572800000,487110.49
6370,1697576400000,486598.42
6371,1697580000000,485885.02
6372,1697583600000,486913.78
6373,1697587200000,487281.39
6374,1697590800000,487126.87
6375,1697594400000,487891.48
6376,1697598000000,488465.92
6377,1697601600000,490608.04
6378,1697605200000,485793.27
6379,1697608800000,488898.45
6380,1697612400000,492462.14
6381,1697616000000,491572.56
6382,1697619600000,493496.12
6383,1697623200000,495827.43
6384,1697626800000,498433.15
6385,1697630400000,500275.85
6386,1697634000000,498990.03
6387,1697637600000,499061.2
6388,1697641200000,496681.5
6389,1697644800000,499861.04
6390,1697648400000,498300.99
6391,1697652000000,500037.6
6392,1697655600000,506330.84
6393,1697659200000,518030.89
6394,1697662800000,518916.63
6395,1697666400000,516756.98
6396,1697670000000,517337.11
6397,1697673600000,516469.16
6398,1697677200000,516859.33
6399,1697680800000,508120.62
6400,1697684400000,510443.41
6401,1697688000000,513598.81
6402,1697691600000,511575.41
6403,1697695200000,512353.04
6404,1697698800000,512685.33
6405,1697702400000,512072.07
6406,1697706000000,513046.59
6407,1697709600000,512932.44
6408,1697713200000,513979.86
6409,1697716800000,513924.23
6410,1697720400000,515561.56
6411,1697724000000,515135.76
6412,1697727600000,515316.05
6413,1697731200000,508050.2
6414,1697734800000,508415.34
6415,1697738400000,487084.4
6416,1697742000000,485473.61
6417,1697745600000,483410.86
6418,1697749200000,475237.18
6419,1697752800000,476831.39
6420,1697756400000,477620.73
6421,1697760000000,477175.2
6422,1697763600000,479613.41
6423,1697767200000,479507.51
6424,1697770800000,473815.01
6425,1697774400000,477399.32
6426,1697778000000,478288.71
6427,1697781600000,481464.5
6428,1697785200000,481272.91
6429,1697788800000,479258.25
6430,1697792400000,481253.18
6431,1697796000000,488698.57
6432,1697799600000,478242.99
6433,1697803200000,480390.1
6434,1697806800000,477869.99
6435,1697810400000,478451.14
6436,1697814000000,483928.23
6437,1697817600000,483601.42
6438,1697821200000,483575.57
6439,1697824800000,488764.75
6440,1697828400000,489239.62
6441,1697832000000,487356.88
6442,1697835600000,482067.58
6443,1697839200000,483357.65
6444,1697842800000,485606.8
6445,1697846400000,483625.02
6446,1697850000000,483219.87
6447,1697853600000,479173.64
6448,1697857200000,477448.42
6449,1697860800000,477359.85
6450,1697864400000,479960.59
6451,1697868000000,479079.98
6452,1697871600000,482098.45
6453,1697875200000,482031.64
6454,1697878800000,483020.13
6455,1697882400000,480651.2
6456,1697886000000,482590.3
6457,1697889600000,483050.57
6458,1697893200000,476730.83
6459,1697896800000,476424.91
6460,1697900400000,482171.08
6461,1697904000000,482817.45
6462,1697907600000,489287.36
6463,1697911200000,488420.87
6464,1697914800000,485164.09
6465,1697918400000,481841.3
6466,1697922000000,479360.39
6467,1697925600000,478227.47
6468,1697929200000,480729.32
6469,1697932800000,485536.42
6470,1697936400000,487624.19
6471,1697940000000,485386.53
6472,1697943600000,483831.22
6473,1697947200000,483242.03
6474,1697950800000,486432.15
6475,1697954400000,480590.0
6476,1697958000000,482539.65
6477,1697961600000,481754.23
6478,1697965200000,485833.58
6479,1697968800000,486767.65
6480,1697972400000,487493.5
6481,1697976000000,487810.46
6482,1697979600000,486971.1
6483,1697983200000,488418.61
6484,1697986800000,487406.76
6485,1697990400000,487699.42
6486,1697994000000,486466.9
6487,1697997600000,495078.11
6488,1698001200000,495115.55
6489,1698004800000,496923.06
6490,1698008400000,498935.0
6491,1698012000000,497938.0
6492,1698015600000,485428.7
6493,1698019200000,486745.05
6494,1698022800000,489203.91
6495,1698026400000,486153.12
6496,1698030000000,487190.77
6497,1698033600000,485090.32
6498,1698037200000,479279.0
6499,1698040800000,477251.62
6500,1698044400000,472450.19
6501,1698048000000,471720.02
6502,1698051600000,471035.34
6503,1698055200000,466515.21
6504,1698058800000,467612.73
6505,1698062400000,475832.08
6506,1698066000000,480096.79
6507,1698069600000,478738.75
6508,1698073200000,480364.38
6509,1698076800000,480987.87
6510,1698080400000,477976.74
6511,1698084000000,477883.69
6512,1698087600000,482213.06
6513,1698091200000,479968.06
6514,1698094800000,475957.51
6515,1698098400000,478557.69
6516,1698102000000,462314.22
6517,1698105600000,451292.48
6518,1698109200000,455066.1
6519,1698112800000,442796.16
6520,1698116400000,446472.73
6521,1698120000000,436938.75
6522,1698123600000,442197.45
6523,1698127200000,453769.59
6524,1698130800000,465453.36
6525,1698134400000,459146.98
6526,1698138000000,461545.68
6527,1698141600000,458859.11
6528,1698145200000,461208.06
6529,1698148800000,463269.91
6530,1698152400000,465828.69
6531,1698156000000,461600.63
6532,1698159600000,456024.78
6533,1698163200000,447076.55
6534,1698166800000,439581.33
6535,1698170400000,439686.62
6536,1698174000000,434270.62
6537,1698177600000,434652.16
6538,1698181200000,432644.0
6539,1698184800000,435220.8
6540,1698188400000,433433.18
6541,1698192000000,435844.24
6542,1698195600000,438360.14
6543,1698199200000,438392.65
6544,1698202800000,439528.53
6545,1698206400000,439223.93
6546,1698210000000,440419.06
6547,1698213600000,438953.33
6548,1698217200000,442099.32
6549,1698220800000,441443.71
6550,1698224400000,442061.96
6551,1698228000000,442513.69
6552,1698231600000,441596.93
6553,1698235200000,442483.92
6554,1698238800000,451693.62
6555,1698242400000,449923.69
6556,1698246000000,448707.91
6557,1698249600000,458395.9
6558,1698253200000,459200.2
6559,1698256800000,459812.98
6560,1698260400000,459731.94
6561,1698264000000,461395.6
6562,1698267600000,460505.04
6563,1698271200000,458381.61
6564,1698274800000,459617.38
6565,1698278400000,458747.01
6566,1698282000000,458994.88
6567,1698285600000,459230.47
6568,1698289200000,459721.77
6569,1698292800000,461807.63
6570,1698296400000,462565.26
6571,1698300000000,458598.09
6572,1698303600000,466064.64
6573,1698307200000,475261.62
6574,1698310800000,479605.78
6575,1698314400000,483878.1
6576,1698318000000,479140.94
6577,1698321600000,478528.38
6578,1698325200000,477822.74
6579,1698328800000,475364.44
6580,1698332400000,460195.8
6581,1698336000000,460367.98
6582,1698339600000,462169.43
6583,1698343200000,461493.76
6584,1698346800000,464977.58
6585,1698350400000,466684.15
6586,1698354000000,468927.32
6587,1698357600000,471953.42
6588,1698361200000,472265.26
6589,1698364800000,472296.81
6590,1698368400000,471678.7
6591,1698372000000,465721.45
6592,1698375600000,471158.02
6593,1698379200000,474760.23
6594,1698382800000,472142.02
6595,1698386400000,467408.75
6596,1698390000000,468019.42
6597,1698393600000,460910.08
6598,1698397200000,457953.29
6599,1698400800000,465165.8
6600,1698404400000,466325.53
6601,1698408000000,464140.77
6602,1698411600000,461484.68
6603,1698415200000,465655.8
6604,1698418800000,474485.39
6605,1698422400000,473989.06
6606,1698426000000,473161.99
6607,1698429600000,467536.28
6608,1698433200000,469290.24
6609,1698436800000,470705.57
6610,1698440400000,475733.51
6611,1698444000000,474154.27
6612,1698447600000,473389.18
6613,1698451200000,470285.6
6614,1698454800000,471320.44
6615,1698458400000,468845.38
6616,1698462000000,465259.72
6617,1698465600000,467200.63
6618,1698469200000,466888.26
6619,1698472800000,464469.73
6620,1698476400000,463938.66
6621,1698480000000,467306.94
6622,1698483600000,466257.09
6623,1698487200000,468263.57
6624,1698490800000,467924.26
6625,1698494400000,467147.7
6626,1698498000000,466261.39
6627,1698501600000,469484.26
6628,1698505200000,469606.05
6629,1698508800000,470163.69
6630,1698512400000,469973.26
6631,1698516000000,468820.95
6632,1698519600000,466713.21
6633,1698523200000,466529.06
6634,1698526800000,467266.26
6635,1698530400000,467328.86
6636,1698534000000,466985.21
6637,1698537600000,468299.93
6638,1698541200000,469644.48
6639,1698544800000,468967.98
6640,1698548400000,468017.07
6641,1698552000000,468545.0
6642,1698555600000,468779.1
6643,1698559200000,467318.15
6644,1698562800000,467441.82
6645,1698566400000,466148.34
6646,1698570000000,467050.65
6647,1698573600000,461754.06
6648,1698577200000,460838.01
6649,1698580800000,464083.68
6650,1698584400000,463223.7
6651,1698588000000,462973.22
6652,1698591600000,462673.91
6653,1698595200000,465177.4
6654,1698598800000,463666.71
6655,1698602400000,460869.63
6656,1698606000000,464163.32
6657,1698609600000,464341.82
6658,1698613200000,464765.48
6659,1698616800000,463393.05
6660,1698620400000,463151.45
6661,1698624000000,464280.4
6662,1698627600000,465446.76
6663,1698631200000,466280.98
6664,1698634800000,461640.78
6665,1698638400000,462942.92
6666,1698642000000,467766.75
6667,1698645600000,466701.1
6668,1698649200000,468589.55
6669,1698652800000,469027.44
6670,1698656400000,466635.77
6671,1698660000000,471903.93
6672,1698663600000,474276.2
6673,1698667200000,471121.82
6674,1698670800000,473655.17
6675,1698674400000,484543.03
6676,1698678000000,478336.67
6677,1698681600000,478290.67
6678,1698685200000,475619.91
6679,1698688800000,466460.52
6680,1698692400000,468244.04
6681,1698696000000,465510.4
6682,1698699600000,466887.34
6683,1698703200000,465142.04
6684,1698706800000,463466.82
6685,1698710400000,463470.03
6686,1698714000000,465598.38
6687,1698717600000,465485.96
6688,1698721200000,461652.01
6689,1698724800000,459357.1
6690,1698728400000,462106.36
6691,1698732000000,465128.64
6692,1698735600000,463268.58
6693,1698739200000,461598.31
6694,1698742800000,463664.36
6695,1698746400000,464015.01
6696,1698750000000,465723.33
6697,1698753600000,465648.41
6698,1698757200000,468396.49
6699,1698760800000,467242.59
6700,1698764400000,470602.07
6701,1698768000000,467711.89
6702,1698771600000,467809.23
6703,1698775200000,465966.22
6704,1698778800000,466145.75
6705,1698782400000,465824.35
6706,1698786000000,466568.11
6707,1698789600000,467099.33
6708,1698793200000,468068.46
6709,1698796800000,473451.58
6710,1698800400000,479457.68
6711,1698804000000,485205.23
6712,1698807600000,481826.83
6713,1698811200000,484372.26
6714,1698814800000,483344.33
6715,1698818400000,478146.49
6716,1698822000000,479666.51
6717,1698825600000,480648.15
6718,1698829200000,481001.52
6719,1698832800000,479902.05
6720,1698836400000,475607.64
6721,1698840000000,476351.15
6722,1698843600000,475489.96
6723,1698847200000,476449.02
6724,1698850800000,463775.7
6725,1698854400000,467908.49
6726,1698858000000,470357.56
6727,1698861600000,458748.26
6728,1698865200000,472121.16
6729,1698868800000,480402.75
6730,1698872400000,478952.19
6731,1698876000000,480116.24
6732,1698879600000,484189.89
6733,1698883200000,484964.25
6734,1698886800000,478831.58
6735,1698890400000,482367.77
6736,1698894000000,481244.57
6737,1698897600000,468592.58
6738,1698901200000,464470.58
6739,1698904800000,461854.42
6740,1698908400000,461451.89
6741,1698912000000,458880.09
6742,1698915600000,455189.84
6743,1698919200000,454554.47
6744,1698922800000,455674.55
6745,1698926400000,457352.41
6746,1698930000000,454994.68
6747,1698933600000,453850.5
6748,1698937200000,452411.57
6749,1698940800000,455177.97
6750,1698944400000,461689.6
6751,1698948000000,462245.73
6752,1698951600000,466685.94
6753,1698955200000,472212.85
6754,1698958800000,477308.15
6755,1698962400000,477077.39
6756,1698966000000,479362.54
6757,1698969600000,479304.36
6758,1698973200000,482532.12
6759,1698976800000,478200.54
6760,1698980400000,480376.08
6761,1698984000000,480783.68
6762,1698987600000,478253.93
6763,1698991200000,480376.12
6764,1698994800000,480605.11
6765,1698998400000,479669.34
6766,1699002000000,481433.84
6767,1699005600000,477294.97
6768,1699009200000,478885.03
6769,1699012800000,479473.9
6770,1699016400000,478380.0
6771,1699020000000,479497.75
6772,1699023600000,476502.14
6773,1699027200000,479719.48
6774,1699030800000,480370.08
6775,1699034400000,477609.99
6776,1699038000000,477441.36
6777,1699041600000,475074.16
6778,1699045200000,491252.6
6779,1699048800000,497201.52
6780,1699052400000,498111.49
6781,1699056000000,505385.06
6782,1699059600000,506820.12
6783,1699063200000,506813.0
6784,1699066800000,509536.09
6785,1699070400000,510019.79
6786,1699074000000,509649.2
6787,1699077600000,508972.01
6788,1699081200000,512153.89
6789,1699084800000,515614.56
6790,1699088400000,515492.2
6791,1699092000000,501582.45
6792,1699095600000,502244.44
6793,1699099200000,503243.91
6794,1699102800000,504594.66
6795,1699106400000,503419.32
6796,1699110000000,501560.23
6797,1699113600000,497455.01
6798,1699117200000,498958.62
6799,1699120800000,502529.4
6800,1699124400000,503552.6
6801,1699128000000,504728.97
6802,1699131600000,502165.74
6803,1699135200000,500674.94
6804,1699138800000,499296.64
6805,1699142400000,520096.97
6806,1699146000000,524703.24
6807,1699149600000,523131.61
6808,1699153200000,525681.55
6809,1699156800000,520304.32
6810,1699160400000,526790.39
6811,1699164000000,527573.22
6812,1699167600000,527661.01
6813,1699171200000,530049.29
6814,1699174800000,541121.29
6815,1699178400000,544525.93999999
6816,1699182000000,540582.99
6817,1699185600000,543065.01
6818,1699189200000,545094.88
6819,1699192800000,541786.38
6820,1699196400000,533993.88
6821,1699200000000,535471.68999999
6822,1699203600000,534685.06
6823,1699207200000,557121.18999999
6824,1699210800000,562259.93
6825,1699214400000,552841.38
6826,1699218000000,543475.92
6827,1699221600000,501518.87
6828,1699225200000,511097.88
6829,1699228800000,531170.94999999
6830,1699232400000,530398.37
6831,1699236000000,524717.29
6832,1699239600000,518895.93
6833,1699243200000,519984.36
6834,1699246800000,512857.17
6835,1699250400000,505277.76
6836,1699254000000,505276.83
6837,1699257600000,507166.64
6838,1699261200000,508201.3
6839,1699264800000,509903.23
6840,1699268400000,518343.2
6841,1699272000000,519492.91
6842,1699275600000,517230.82
6843,1699279200000,514914.31
6844,1699282800000,524209.8
6845,1699286400000,520774.7
6846,1699290000000,521310.03
6847,1699293600000,515644.33
6848,1699297200000,511128.48
6849,1699300800000,516079.95
6850,1699304400000,513611.79
6851,1699308000000,503714.37
6852,1699311600000,505497.64
6853,1699315200000,498372.03
6854,1699318800000,496710.46
6855,1699322400000,496674.89
6856,1699326000000,492834.46
6857,1699329600000,493952.26
6858,1699333200000,499028.7
6859,1699336800000,499608.92
6860,1699340400000,502015.97
6861,1699344000000,500810.84
6862,1699347600000,501983.6
6863,1699351200000,501582.17
6864,1699354800000,507238.01
6865,1699358400000,511992.02
6866,1699362000000,514109.37
6867,1699365600000,511341.96
6868,1699369200000,512866.8
6869,1699372800000,507320.77
6870,1699376400000,506058.61
6871,1699380000000,498938.76
6872,1699383600000,492901.67
6873,1699387200000,492940.13
6874,1699390800000,492199.73
6875,1699394400000,490781.69
6876,1699398000000,481229.88
6877,1699401600000,482175.24
6878,1699405200000,479644.49
6879,1699408800000,479858.77
6880,1699412400000,479095.7
6881,1699416000000,481370.36
6882,1699419600000,482421.22
6883,1699423200000,481692.03
6884,1699426800000,479635.03
6885,1699430400000,477717.93
6886,1699434000000,479365.62
6887,1699437600000,479342.17
6888,1699441200000,484024.75
6889,1699444800000,484345.88
6890,1699448400000,484012.81
6891,1699452000000,486406.5
6892,1699455600000,486286.1
6893,1699459200000,491159.58
6894,1699462800000,499212.54
6895,1699466400000,499852.38
6896,1699470000000,497750.02
6897,1699473600000,496576.2
6898,1699477200000,494382.11
6899,1699480800000,486714.51
6900,1699484400000,485963.09
6901,1699488000000,490089.17
6902,1699491600000,490130.18
6903,1699495200000,491172.65
6904,1699498800000,482913.32
6905,1699502400000,484061.49
6906,1699506000000,484249.18
6907,1699509600000,482965.22
6908,1699513200000,480893.43
6909,1699516800000,480648.25
6910,1699520400000,482206.76
6911,1699524000000,481391.27
6912,1699527600000,491353.11
6913,1699531200000,492159.39
6914,1699534800000,495049.62
6915,1699538400000,496292.24
6916,1699542000000,484087.86
6917,1699545600000,566509.57999999
6918,1699549200000,572132.18999999
6919,1699552800000,567224.23
6920,1699556400000,553350.67
6921,1699560000000,571359.6
6922,1699563600000,583811.56999999
6923,1699567200000,582017.31
6924,1699570800000,585627.38
6925,1699574400000,591080.99
6926,1699578000000,590656.92
6927,1699581600000,597523.25
6928,1699585200000,599632.6
6929,1699588800000,603177.79
6930,1699592400000,608263.18
6931,1699596000000,608900.56999999
6932,1699599600000,602258.74
6933,1699603200000,597430.78
6934,1699606800000,587918.74
6935,1699610400000,582303.05
6936,1699614000000,569749.35
6937,1699617600000,583963.68999999
6938,1699621200000,589833.84
6939,1699624800000,586912.16
6940,1699628400000,592071.18
6941,1699632000000,597194.41
6942,1699635600000,599829.48
6943,1699639200000,595278.34
6944,1699642800000,586545.06
6945,1699646400000,587757.22
6946,1699650000000,579953.15
6947,1699653600000,586101.91
6948,1699657200000,583288.62
6949,1699660800000,581351.93
6950,1699664400000,574429.57999999
6951,1699668000000,566592.05
6952,1699671600000,576069.37
6953,1699675200000,576358.43999999
6954,1699678800000,577665.94999999
6955,1699682400000,579192.87
6956,1699686000000,578785.56999999
6957,1699689600000,578876.22
6958,1699693200000,578753.78
6959,1699696800000,586443.25
6960,1699700400000,590382.18
6961,1699704000000,588989.99
6962,1699707600000,586173.68
6963,1699711200000,584311.17
6964,1699714800000,586561.97
6965,1699718400000,566714.93
6966,1699722000000,568691.89
6967,1699725600000,562951.57999999
6968,1699729200000,565604.68999999
6969,1699732800000,562968.56999999
6970,1699736400000,555042.65
6971,1699740000000,542460.25
6972,1699743600000,536287.9
6973,1699747200000,536895.27
6974,1699750800000,525347.96
6975,1699754400000,528352.53
6976,1699758000000,536988.93
6977,1699761600000,546293.43
6978,1699765200000,547275.13
6979,1699768800000,548242.13
6980,1699772400000,542614.49
6981,1699776000000,542264.55
6982,1699779600000,541274.81
6983,1699783200000,537519.9
6984,1699786800000,538638.55
6985,1699790400000,540785.5
6986,1699794000000,539739.54
6987,1699797600000,540698.38
6988,1699801200000,549870.89
6989,1699804800000,554856.61
6990,1699808400000,552297.29
6991,1699812000000,551846.17
6992,1699815600000,552473.6
6993,1699819200000,552819.34
6994,1699822800000,553682.65
6995,1699826400000,560356.17
6996,1699830000000,558995.38
6997,1699833600000,560919.37
6998,1699837200000,559836.25
6999,1699840800000,559137.8
7000,1699844400000,554127.27
7001,1699848000000,545459.36
7002,1699851600000,549837.84
7003,1699855200000,543973.74
7004,1699858800000,543246.44999999
7005,1699862400000,541766.82999999
7006,1699866000000,548074.39
7007,1699869600000,544652.39
7008,1699873200000,543699.82999999
7009,1699876800000,542362.09
7010,1699880400000,545935.22
7011,1699884000000,551531.73
7012,1699887600000,553904.81
7013,1699891200000,562648.23
7014,1699894800000,564101.75
7015,1699898400000,549955.51
7016,1699902000000,556547.88
7017,1699905600000,561442.07999999
7018,1699909200000,559879.9
7019,1699912800000,550470.29
7020,1699916400000,546472.74
7021,1699920000000,548064.22
7022,1699923600000,537389.24
7023,1699927200000,537644.56999999
7024,1699930800000,540088.47
7025,1699934400000,541768.56999999
7026,1699938000000,543325.1
7027,1699941600000,545801.03
7028,1699945200000,544875.82999999
7029,1699948800000,546824.55
7030,1699952400000,548588.07999999
7031,1699956000000,549477.59
7032,1699959600000,547174.37
7033,1699963200000,548619.14
7034,1699966800000,556122.31999999
7035,1699970400000,562185.44999999
7036,1699974000000,564453.29
7037,1699977600000,551329.97
7038,1699981200000,570046.14
7039,1699984800000,562157.92
7040,1699988400000,514933.72
7041,1699992000000,516384.57
7042,1699995600000,517526.88
7043,1699999200000,506670.47
7044,1700002800000,507915.51
7045,1700006400000,507070.37
7046,1700010000000,508887.3
7047,1700013600000,511043.64
7048,1700017200000,513032.11
7049,1700020800000,513305.17
7050,1700024400000,511173.56
7051,1700028000000,510448.35
7052,1700031600000,510400.12
7053,1700035200000,510448.2
7054,1700038800000,511083.93
7055,1700042400000,511251.58
7056,1700046000000,512097.46
7057,1700049600000,532354.85
7058,1700053200000,539434.75
7059,1700056800000,543703.43999999
7060,1700060400000,544424.87
7061,1700064000000,544770.02
7062,1700067600000,543287.17
7063,1700071200000,542475.96
7064,1700074800000,540110.24
7065,1700078400000,537420.07999999
7066,1700082000000,541001.59
7067,1700085600000,541732.57999999
7068,1700089200000,542340.42
7069,1700092800000,545254.36
7070,1700096400000,553746.64
7071,1700100000000,549537.27
7072,1700103600000,548899.48
7073,1700107200000,548524.43999999
7074,1700110800000,547245.21
7075,1700114400000,552248.66
7076,1700118000000,555937.71
7077,1700121600000,553043.15
7078,1700125200000,548592.48
7079,1700128800000,544118.26
7080,1700132400000,543353.99
7081,1700136000000,559792.72
7082,1700139600000,553944.47
7083,1700143200000,551194.62
7084,1700146800000,551277.93999999
7085,1700150400000,537337.21
7086,1700154000000,545528.13
7087,1700157600000,544666.06
7088,1700161200000,544735.94999999
7089,1700164800000,521125.97
7090,1700168400000,529757.99
7091,1700172000000,529829.55
7092,1700175600000,529502.48
7093,1700179200000,529222.98
7094,1700182800000,523521.79
7095,1700186400000,525387.81
7096,1700190000000,525892.98
7097,1700193600000,526820.16
7098,1700197200000,525297.68
7099,1700200800000,520225.45
7100,1700204400000,519938.37
7101,1700208000000,517447.85
7102,1700211600000,518376.11
7103,1700215200000,516461.86
7104,1700218800000,508736.72
7105,1700222400000,511644.95
7106,1700226000000,511568.28
7107,1700229600000,514581.11
7108,1700233200000,515286.24
7109,1700236800000,520883.18
7110,1700240400000,521254.64
7111,1700244000000,517233.44
7112,1700247600000,518250.83
7113,1700251200000,518118.21
7114,1700254800000,518334.75
7115,1700258400000,517493.81
7116,1700262000000,518392.18
7117,1700265600000,518902.07
7118,1700269200000,518711.17
7119,1700272800000,519496.88
7120,1700276400000,519144.33
7121,1700280000000,518388.69
7122,1700283600000,517023.21
7123,1700287200000,517403.89
7124,1700290800000,517837.65
7125,1700294400000,518124.25
7126,1700298000000,519350.53
7127,1700301600000,520763.51
7128,1700305200000,523447.57
7129,1700308800000,522987.36
7130,1700312400000,521476.18
7131,1700316000000,521945.94
7132,1700319600000,522456.53
7133,1700323200000,522840.46
7134,1700326800000,532990.57999999
7135,1700330400000,536433.4
7136,1700334000000,534797.44999999
7137,1700337600000,536559.96
7138,1700341200000,536927.43999999
7139,1700344800000,538242.69999999
7140,1700348400000,535859.67
7141,1700352000000,537594.6
7142,1700355600000,531804.74
7143,1700359200000,531928.57999999
7144,1700362800000,529151.24
7145,1700366400000,529371.43
7146,1700370000000,530263.8
7147,1700373600000,526108.66
7148,1700377200000,525040.56999999
7149,1700380800000,525031.41
7150,1700384400000,524563.18
7151,1700388000000,522081.11
7152,1700391600000,519691.26
7153,1700395200000,510077.18
7154,1700398800000,507523.17
7155,1700402400000,508205.25
7156,1700406000000,508412.21
7157,1700409600000,513139.34
7158,1700413200000,515931.96
7159,1700416800000,520195.68
7160,1700420400000,516948.19
7161,1700424000000,516811.57
7162,1700427600000,517253.8
7163,1700431200000,516310.57
7164,1700434800000,511473.63
7165,1700438400000,522203.59
7166,1700442000000,520820.41
7167,1700445600000,520140.86
7168,1700449200000,521762.75
7169,1700452800000,519302.26
7170,1700456400000,520824.89
7171,1700460000000,517928.42
7172,1700463600000,521920.93
7173,1700467200000,525611.3
7174,1700470800000,529604.9
7175,1700474400000,529835.73
7176,1700478000000,533144.97
7177,1700481600000,535710.23
7178,1700485200000,535796.24
7179,1700488800000,537020.54
7180,1700492400000,537370.87
7181,1700496000000,553336.55
7182,1700499600000,549266.54
7183,1700503200000,548419.81999999
7184,1700506800000,542254.06
7185,1700510400000,537937.87
7186,1700514000000,534414.53
7187,1700517600000,530327.09
7188,1700521200000,529108.35
7189,1700524800000,529543.92
7190,1700528400000,525249.93
7191,1700532000000,527195.4
7192,1700535600000,520998.0
7193,1700539200000,520197.36
7194,1700542800000,519801.69
7195,1700546400000,519215.97
7196,1700550000000,519978.36
7197,1700553600000,521312.6
7198,1700557200000,519888.23
7199,1700560800000,517562.74
7200,1700564400000,515871.93
7201,1700568000000,515721.96
7202,1700571600000,516287.33
7203,1700575200000,515090.23
7204,1700578800000,503883.83
7205,1700582400000,504601.73
7206,1700586000000,498345.74
7207,1700589600000,489783.18
7208,1700593200000,496751.74
7209,1700596800000,497371.21
7210,1700600400000,496117.61
7211,1700604000000,493426.39
7212,1700607600000,483431.71
7213,1700611200000,485810.24
7214,1700614800000,485586.76
7215,1700618400000,488810.36
7216,1700622000000,490463.09
7217,1700625600000,493135.64
7218,1700629200000,493967.11
7219,1700632800000,497374.32
7220,1700636400000,499160.53
7221,1700640000000,502245.33
7222,1700643600000,501608.26
7223,1700647200000,505373.37
7224,1700650800000,509321.91
7225,1700654400000,517839.91
7226,1700658000000,520375.63
7227,1700661600000,531608.13
7228,1700665200000,531887.18
7229,1700668800000,546240.73
7230,1700672400000,548537.81999999
7231,1700676000000,550343.92
7232,1700679600000,551035.98
7233,1700683200000,558724.57999999
7234,1700686800000,570249.19999999
7235,1700690400000,559210.28
7236,1700694000000,574288.28
7237,1700697600000,575194.44999999
7238,1700701200000,572343.22
7239,1700704800000,572438.48
7240,1700708400000,561429.21
7241,1700712000000,570649.85
7242,1700715600000,570593.17
7243,1700719200000,569328.57999999
7244,1700722800000,565615.31999999
7245,1700726400000,565844.12
7246,1700730000000,566060.09
7247,1700733600000,570948.05
7248,1700737200000,576818.06999999
7249,1700740800000,551975.32999999
7250,1700744400000,554205.14
7251,1700748000000,552093.53
7252,1700751600000,561023.11
7253,1700755200000,562535.61
7254,1700758800000,562916.76
7255,1700762400000,563966.69999999
7256,1700766000000,564141.86
7257,1700769600000,561887.72
7258,1700773200000,559022.93
7259,1700776800000,557054.46
7260,1700780400000,555424.11
7261,1700784000000,556449.1
7262,1700787600000,557579.3
7263,1700791200000,561011.18
7264,1700794800000,562168.23
7265,1700798400000,564249.29
7266,1700802000000,563193.76
7267,1700805600000,563017.8
7268,1700809200000,564108.17
7269,1700812800000,562743.6
7270,1700816400000,568657.14
7271,1700820000000,582241.07999999
7272,1700823600000,570967.09
7273,1700827200000,556435.39
7274,1700830800000,552664.44999999
7275,1700834400000,554560.89
7276,1700838000000,558846.05
7277,1700841600000,557901.64
7278,1700845200000,545084.79
7279,1700848800000,559055.91
7280,1700852400000,559144.06
7281,1700856000000,558024.11
7282,1700859600000,552732.46
7283,1700863200000,558030.39
7284,1700866800000,548972.65
7285,1700870400000,545717.47
7286,1700874000000,540052.61
7287,1700877600000,544740.81999999
7288,1700881200000,538133.28
7289,1700884800000,536641.19999999
7290,1700888400000,537995.11
7291,1700892000000,540387.05
7292,1700895600000,541196.37
7293,1700899200000,541969.8
7294,1700902800000,542588.31999999
7295,1700906400000,541832.98
7296,1700910000000,529662.53
7297,1700913600000,527402.96
7298,1700917200000,527291.22
7299,1700920800000,526686.74
7300,1700924400000,527536.62
7301,1700928000000,526605.06999999
7302,1700931600000,525379.3
7303,1700935200000,528005.18999999
7304,1700938800000,528451.29
7305,1700942400000,537760.32999999
7306,1700946000000,541813.14
7307,1700949600000,541533.13
7308,1700953200000,545934.9
7309,1700956800000,546518.68999999
7310,1700960400000,547459.12
7311,1700964000000,548663.77
7312,1700967600000,546563.57999999
7313,1700971200000,546143.36
7314,1700974800000,545427.71
7315,1700978400000,545712.64
7316,1700982000000,547023.68999999
7317,1700985600000,552580.79
7318,1700989200000,556136.06
7319,1700992800000,557990.71
7320,1700996400000,555108.14
7321,1701000000000,556443.51
7322,1701003600000,555648.27
7323,1701007200000,556973.14
7324,1701010800000,557890.11
7325,1701014400000,559054.41
7326,1701018000000,551904.01
7327,1701021600000,553147.93
7328,1701025200000,553235.98
7329,1701028800000,554758.74
7330,1701032400000,557989.3
7331,1701036000000,555998.13
7332,1701039600000,558679.65
7333,1701043200000,562416.28
7334,1701046800000,562284.35
7335,1701050400000,562796.15
7336,1701054000000,557836.9
7337,1701057600000,556967.91
7338,1701061200000,557338.93999999
7339,1701064800000,559531.37
7340,1701068400000,560331.8
7341,1701072000000,555757.23
7342,1701075600000,557708.01
7343,1701079200000,558761.94999999
7344,1701082800000,565687.89
7345,1701086400000,567616.94999999
7346,1701090000000,570714.32999999
7347,1701093600000,573141.26
7348,1701097200000,580373.49
7349,1701100800000,576910.12
7350,1701104400000,578926.16
7351,1701108000000,577829.76
7352,1701111600000,577291.14
7353,1701115200000,573723.55
7354,1701118800000,576007.15
7355,1701122400000,574379.67
7356,1701126000000,573501.11
7357,1701129600000,579538.56
7358,1701133200000,588265.52
7359,1701136800000,585244.38
7360,1701140400000,585405.48
7361,1701144000000,586007.36
7362,1701147600000,583575.06
7363,1701151200000,555226.69999999
7364,1701154800000,547949.61
7365,1701158400000,548863.43999999
7366,1701162000000,550523.96
7367,1701165600000,554055.68999999
7368,1701169200000,555274.17
7369,1701172800000,555389.99
7370,1701176400000,555434.17
7371,1701180000000,558324.72
7372,1701183600000,561875.6
7373,1701187200000,565518.74
7374,1701190800000,562808.57999999
7375,1701194400000,564172.53
7376,1701198000000,566788.74
7377,1701201600000,564747.13
7378,1701205200000,564606.31999999
7379,1701208800000,564612.79
7380,1701212400000,561676.87
7381,1701216000000,562403.75
7382,1701219600000,561160.81999999
7383,1701223200000,561397.1
7384,1701226800000,561832.24
7385,1701230400000,561428.13
7386,1701234000000,563416.87
7387,1701237600000,562145.03
7388,1701241200000,562417.22
7389,1701244800000,562658.56999999
7390,1701248400000,561089.1
7391,1701252000000,563229.18999999
7392,1701255600000,560571.65
7393,1701259200000,562788.76
7394,1701262800000,563774.23
7395,1701266400000,563795.29
7396,1701270000000,559525.25
7397,1701273600000,555919.64
7398,1701277200000,565540.72
7399,1701280800000,557689.59
7400,1701284400000,556384.09
7401,1701288000000,552812.06999999
7402,1701291600000,549721.1
7403,1701295200000,551159.44999999
7404,1701298800000,549502.29
7405,1701302400000,551255.77
7406,1701306000000,551527.51
7407,1701309600000,551065.56999999
7408,1701313200000,552997.19999999
7409,1701316800000,555692.91
7410,1701320400000,553057.41
7411,1701324000000,552232.26
7412,1701327600000,550623.25
7413,1701331200000,553082.14
7414,1701334800000,553042.84
7415,1701338400000,554873.91
7416,1701342000000,556644.79
7417,1701345600000,555536.31999999
7418,1701349200000,555826.3
7419,1701352800000,555361.44999999
7420,1701356400000,558311.97
7421,1701360000000,555997.6
7422,1701363600000,561652.75
7423,1701367200000,563183.04
7424,1701370800000,560309.5
7425,1701374400000,562314.39
7426,1701378000000,562499.1
7427,1701381600000,568477.4
7428,1701385200000,567993.32999999
7429,1701388800000,568145.91
7430,1701392400000,567384.88
7431,1701396000000,574965.97
7432,1701399600000,577879.38
7433,1701403200000,580485.1
7434,1701406800000,592114.84
7435,1701410400000,589477.53
7436,1701414000000,588341.41
7437,1701417600000,580464.0
7438,1701421200000,583408.06999999
7439,1701424800000,588884.31999999
7440,1701428400000,588380.57999999
7441,1701432000000,591204.93
7442,1701435600000,589083.47
7443,1701439200000,580222.9
7444,1701442800000,573027.31
7445,1701446400000,569652.96
7446,1701450000000,602102.0
7447,1701453600000,603538.03
7448,1701457200000,607015.61
7449,1701460800000,600865.02
7450,1701464400000,599544.76
7451,1701468000000,598826.61
7452,1701471600000,595686.05
7453,1701475200000,594040.41
7454,1701478800000,593596.14
7455,1701482400000,594243.35
7456,1701486000000,589577.93999999
7457,1701489600000,588805.15
7458,1701493200000,589086.15
7459,1701496800000,590877.51
7460,1701500400000,593138.06999999
7461,1701504000000,594074.64
7462,1701507600000,594580.85
7463,1701511200000,597257.98
7464,1701514800000,596195.91
7465,1701518400000,596021.1
7466,1701522000000,599846.56
7467,1701525600000,600185.82999999
7468,1701529200000,597627.51
7469,1701532800000,598104.6
7470,1701536400000,595232.05
7471,1701540000000,602209.28
7472,1701543600000,608189.79
7473,1701547200000,597673.22
7474,1701550800000,596219.62
7475,1701554400000,598472.86
7476,1701558000000,597606.54
7477,1701561600000,599573.96
7478,1701565200000,602086.22
7479,1701568800000,605775.72
7480,1701572400000,605085.74
7481,1701576000000,605731.29
7482,1701579600000,604149.69999999
7483,1701583200000,604663.54
7484,1701586800000,597384.91
7485,1701590400000,594253.61
7486,1701594000000,592294.32999999
7487,1701597600000,592606.56
7488,1701601200000,593518.87
7489,1701604800000,590150.68999999
7490,1701608400000,592301.69999999
7491,1701612000000,598147.74
7492,1701615600000,596939.02
7493,1701619200000,595742.56999999
7494,1701622800000,595692.65
7495,1701626400000,590293.1
7496,1701630000000,589771.74
7497,1701633600000,591980.29
7498,1701637200000,593970.11
7499,1701640800000,593244.31999999
7500,1701644400000,591114.94999999
7501,1701648000000,588568.88
7502,1701651600000,595122.05
7503,1701655200000,593353.12
7504,1701658800000,592169.54
7505,1701662400000,592668.94999999
7506,1701666000000,591110.29
7507,1701669600000,590231.88
7508,1701673200000,592419.22
7509,1701676800000,587642.66
7510,1701680400000,586657.23
7511,1701684000000,588627.49
7512,1701687600000,592116.72
7513,1701691200000,568822.88
7514,1701694800000,565936.98
7515,1701698400000,563195.99
7516,1701702000000,549954.96
7517,1701705600000,541798.62
7518,1701709200000,544689.15
7519,1701712800000,549622.11
7520,1701716400000,548060.41
7521,1701720000000,552649.36
7522,1701723600000,551959.01
7523,1701727200000,551591.86
7524,1701730800000,563232.0
7525,1701734400000,566489.12
7526,1701738000000,574472.43
7527,1701741600000,569930.16
7528,1701745200000,567993.38
7529,1701748800000,568192.29
7530,1701752400000,567504.17
7531,1701756000000,567665.11
7532,1701759600000,567249.11
7533,1701763200000,535180.79
7534,1701766800000,537629.13
7535,1701770400000,535039.11
7536,1701774000000,534147.86
7537,1701777600000,536961.68999999
7538,1701781200000,538380.02
7539,1701784800000,533233.81
7540,1701788400000,528268.92
7541,1701792000000,527505.43
7542,1701795600000,530444.39
7543,1701799200000,521219.66
7544,1701802800000,514561.97
7545,1701806400000,514461.33
7546,1701810000000,511556.02
7547,1701813600000,515631.17
7548,1701817200000,530748.14
7549,1701820800000,531845.3
7550,1701824400000,530347.64
7551,1701828000000,528620.51
7552,1701831600000,529349.49
7553,1701835200000,525469.81
7554,1701838800000,524316.56999999
7555,1701842400000,521079.89
7556,1701846000000,522560.01
7557,1701849600000,509225.69
7558,1701853200000,506669.06
7559,1701856800000,511952.66
7560,1701860400000,515404.08
7561,1701864000000,510429.98
7562,1701867600000,509285.68
7563,1701871200000,509862.18
7564,1701874800000,506740.65
7565,1701878400000,506963.36
7566,1701882000000,504247.9
7567,1701885600000,501202.55
7568,1701889200000,501805.21
7569,1701892800000,500135.04
7570,1701896400000,500424.97
7571,1701900000000,503034.96
7572,1701903600000,492731.05
7573,1701907200000,495878.12
7574,1701910800000,497227.87
7575,1701914400000,496967.54
7576,1701918000000,497676.98
7577,1701921600000,498234.6
7578,1701925200000,500345.7
7579,1701928800000,501000.58
7580,1701932400000,499039.82
7581,1701936000000,499205.97
7582,1701939600000,500839.6
7583,1701943200000,502233.67
7584,1701946800000,500069.49
7585,1701950400000,497647.76
7586,1701954000000,498652.34
7587,1701957600000,500749.06
7588,1701961200000,506167.09
7589,1701964800000,535078.92
7590,1701968400000,553657.87
7591,1701972000000,536344.55
7592,1701975600000,538739.18
7593,1701979200000,537717.98
7594,1701982800000,541803.57999999
7595,1701986400000,544548.41
7596,1701990000000,544413.54
7597,1701993600000,539005.86
7598,1701997200000,541530.94999999
7599,1702000800000,544754.32999999
7600,1702004400000,547379.47
7601,1702008000000,553003.61
7602,1702011600000,554302.26
7603,1702015200000,555016.34
7604,1702018800000,555217.46
7605,1702022400000,549283.72
7606,1702026000000,549300.93
7607,1702029600000,541630.8
7608,1702033200000,544563.41
7609,1702036800000,543351.05
7610,1702040400000,545123.14
7611,1702044000000,538495.4
7612,1702047600000,542625.04
7613,1702051200000,538886.77
7614,1702054800000,540088.22
7615,1702058400000,536693.78
7616,1702062000000,537373.77
7617,1702065600000,539655.32999999
7618,1702069200000,536876.36
7619,1702072800000,533084.17
7620,1702076400000,534119.88
7621,1702080000000,532811.23
7622,1702083600000,532685.53
7623,1702087200000,529372.97
7624,1702090800000,530338.84
7625,1702094400000,530541.1
7626,1702098000000,535299.57999999
7627,1702101600000,536996.68
7628,1702105200000,534728.07999999
7629,1702108800000,533335.46
7630,1702112400000,536281.03
7631,1702116000000,547942.18999999
7632,1702119600000,556115.87
7633,1702123200000,561533.19999999
7634,1702126800000,559468.31
7635,1702130400000,556864.57999999
7636,1702134000000,553743.9
7637,1702137600000,554494.91
7638,1702141200000,550004.73
7639,1702144800000,548098.38
7640,1702148400000,546073.46
7641,1702152000000,542970.27
7642,1702155600000,542241.28
7643,1702159200000,542574.57999999
7644,1702162800000,541568.56999999
7645,1702166400000,533452.0
7646,1702170000000,533051.07999999
7647,1702173600000,533087.15
7648,1702177200000,532800.56
7649,1702180800000,534191.24
7650,1702184400000,534055.14
7651,1702188000000,533381.0
7652,1702191600000,533729.96
7653,1702195200000,532753.07999999
7654,1702198800000,529473.24
7655,1702202400000,529445.69999999
7656,1702206000000,533388.35
7657,1702209600000,534580.94999999
7658,1702213200000,533998.41
7659,1702216800000,531085.8
7660,1702220400000,529142.44999999
7661,1702224000000,529483.62
7662,1702227600000,524228.0
7663,1702231200000,522267.31
7664,1702234800000,520919.85
7665,1702238400000,520415.92
7666,1702242000000,519345.67
7667,1702245600000,515109.2
7668,1702249200000,514601.97
7669,1702252800000,518222.47
7670,1702256400000,522356.62
7671,1702260000000,524397.68999999
7672,1702263600000,500165.57
7673,1702267200000,501746.33
7674,1702270800000,496832.64
7675,1702274400000,504997.5
7676,1702278000000,501898.99
7677,1702281600000,485641.16
7678,1702285200000,481698.79
7679,1702288800000,484833.03
7680,1702292400000,485425.1
7681,1702296000000,489532.72
7682,1702299600000,490259.39
7683,1702303200000,490341.78
7684,1702306800000,485997.98
7685,1702310400000,486048.26
7686,1702314000000,497709.68
7687,1702317600000,502142.98
7688,1702321200000,511184.81
7689,1702324800000,514930.11
7690,1702328400000,527037.97
7691,1702332000000,520614.05
7692,1702335600000,521991.9
7693,1702339200000,521622.11
7694,1702342800000,520493.35
7695,1702346400000,522444.93
7696,1702350000000,516648.49
7697,1702353600000,516927.32
7698,1702357200000,512149.05
7699,1702360800000,509688.39
7700,1702364400000,508536.53
7701,1702368000000,510201.45
7702,1702371600000,509295.71
7703,1702375200000,508158.84
7704,1702378800000,506145.67
7705,1702382400000,504800.71
7706,1702386000000,505801.48
7707,1702389600000,508644.07
7708,1702393200000,493703.01
7709,1702396800000,492801.47
7710,1702400400000,491624.12
7711,1702404000000,485886.59
7712,1702407600000,484650.24
7713,1702411200000,485685.03
7714,1702414800000,490109.35
7715,1702418400000,490251.65
7716,1702422000000,494080.98
7717,1702425600000,496903.98
7718,1702429200000,495347.24
7719,1702432800000,489487.83
7720,1702436400000,489675.63
7721,1702440000000,489520.21
7722,1702443600000,490582.82
7723,1702447200000,495747.73
7724,1702450800000,493233.71
7725,1702454400000,496114.62
7726,1702458000000,497066.09
7727,1702461600000,494151.9
7728,1702465200000,491434.06
7729,1702468800000,489555.71
7730,1702472400000,486572.78
7731,1702476000000,491162.38
7732,1702479600000,489790.04
7733,1702483200000,486444.96
7734,1702486800000,476304.16
7735,1702490400000,478788.97
7736,1702494000000,478660.32
7737,1702497600000,477428.57
7738,1702501200000,480278.45
7739,1702504800000,480668.25
7740,1702508400000,480563.72
7741,1702512000000,482567.11
7742,1702515600000,482055.93
7743,1702519200000,481330.82
7744,1702522800000,479973.11
7745,1702526400000,479151.54
7746,1702530000000,476595.5
7747,1702533600000,479472.52
7748,1702537200000,485647.72
7749,1702540800000,489519.42
7750,1702544400000,494678.85
7751,1702548000000,500078.93
7752,1702551600000,504600.91
7753,1702555200000,515025.7
7754,1702558800000,513863.48
7755,1702562400000,509983.05
7756,1702566000000,510716.74
7757,1702569600000,507247.9
7758,1702573200000,509249.78
7759,1702576800000,515653.21
7760,1702580400000,512434.67
7761,1702584000000,513287.1
7762,1702587600000,512719.32
7763,1702591200000,516985.48
7764,1702594800000,514675.55
7765,1702598400000,515575.59
7766,1702602000000,512935.4
7767,1702605600000,507904.66
7768,1702609200000,502780.14
7769,1702612800000,504837.66
7770,1702616400000,504046.43
7771,1702620000000,497730.22
7772,1702623600000,495414.44
7773,1702627200000,495773.03
7774,1702630800000,497588.82
7775,1702634400000,502112.51
7776,1702638000000,498889.68
7777,1702641600000,495729.08
7778,1702645200000,494542.03
7779,1702648800000,487830.06
7780,1702652400000,488465.49
7781,1702656000000,486047.32
7782,1702659600000,487316.97
7783,1702663200000,490025.13
7784,1702666800000,491454.29
7785,1702670400000,492244.22
7786,1702674000000,493412.8
7787,1702677600000,492523.58
7788,1702681200000,489070.15
7789,1702684800000,482387.17
7790,1702688400000,482764.35
7791,1702692000000,482097.46
7792,1702695600000,480749.07
7793,1702699200000,481429.22
7794,1702702800000,479531.31
7795,1702706400000,477589.05
7796,1702710000000,477703.43
7797,1702713600000,480413.54
7798,1702717200000,482584.77
7799,1702720800000,482294.48
7800,1702724400000,480226.77
7801,1702728000000,479567.74
7802,1702731600000,477403.9
7803,1702735200000,478076.45
7804,1702738800000,478540.08
7805,1702742400000,478978.27
7806,1702746000000,483243.94
7807,1702749600000,481675.7
7808,1702753200000,473736.18
7809,1702756800000,472752.65
7810,1702760400000,475261.14
7811,1702764000000,474995.44
7812,1702767600000,477399.95
7813,1702771200000,476872.07
7814,1702774800000,476720.84
7815,1702778400000,476506.98
7816,1702782000000,479236.53
7817,1702785600000,481128.99
7818,1702789200000,482013.59
7819,1702792800000,480887.6
7820,1702796400000,483731.88
7821,1702800000000,483256.4
7822,1702803600000,483040.27
7823,1702807200000,482305.54
7824,1702810800000,483129.89
7825,1702814400000,483440.13
7826,1702818000000,483376.07
7827,1702821600000,484947.96
7828,1702825200000,485527.36
7829,1702828800000,483152.18
7830,1702832400000,489470.89
7831,1702836000000,485542.67
7832,1702839600000,482740.5
7833,1702843200000,483289.45
7834,1702846800000,484484.44
7835,1702850400000,483147.25
7836,1702854000000,482021.87
7837,1702857600000,487563.22
7838,1702861200000,489415.24
7839,1702864800000,480913.71
7840,1702868400000,484930.16
7841,1702872000000,488650.16
7842,1702875600000,493219.03
7843,1702879200000,492980.26
7844,1702882800000,495613.25
7845,1702886400000,493743.54
7846,1702890000000,496779.84
7847,1702893600000,490774.16
7848,1702897200000,489520.37
7849,1702900800000,490954.85
7850,1702904400000,494598.18
7851,1702908000000,504193.05
7852,1702911600000,504686.74
7853,1702915200000,502880.55
7854,1702918800000,503081.07
7855,1702922400000,501329.65
7856,1702926000000,499558.69
7857,1702929600000,501970.85
7858,1702933200000,505254.31
7859,1702936800000,509398.95
7860,1702940400000,509950.03
7861,1702944000000,513494.37
7862,1702947600000,516266.83
7863,1702951200000,512158.94
7864,1702954800000,508029.59
7865,1702958400000,508821.84
7866,1702962000000,508913.61
7867,1702965600000,512088.76
7868,1702969200000,513325.67
7869,1702972800000,513856.7
7870,1702976400000,514269.85
7871,1702980000000,513736.72
7872,1702983600000,510330.32
7873,1702987200000,508567.32
7874,1702990800000,512924.54
7875,1702994400000,515752.11
7876,1702998000000,493478.96
7877,1703001600000,498427.77
7878,1703005200000,499806.9
7879,1703008800000,503147.0
7880,1703012400000,512138.21
7881,1703016000000,510648.22
7882,1703019600000,509778.8
7883,1703023200000,513402.41
7884,1703026800000,512052.15
7885,1703030400000,508855.7
7886,1703034000000,506969.62
7887,1703037600000,505631.06
7888,1703041200000,504102.3
7889,1703044800000,504105.11
7890,1703048400000,499381.7
7891,1703052000000,498721.02
7892,1703055600000,496963.21
7893,1703059200000,496683.58
7894,1703062800000,493791.78
7895,1703066400000,500484.75
7896,1703070000000,501885.37
7897,1703073600000,502406.23
7898,1703077200000,503181.29
7899,1703080800000,502380.67
7900,1703084400000,507369.7
7901,1703088000000,506004.31
7902,1703091600000,499526.83
7903,1703095200000,501875.16
7904,1703098800000,504090.19
7905,1703102400000,501543.14
7906,1703106000000,507961.99
7907,1703109600000,510209.26
7908,1703113200000,512675.19
7909,1703116800000,505635.16
7910,1703120400000,506835.72
7911,1703124000000,507031.91
7912,1703127600000,505624.35
7913,1703131200000,504049.64
7914,1703134800000,504409.35
7915,1703138400000,503612.95
7916,1703142000000,503295.66
7917,1703145600000,502442.45
7918,1703149200000,506198.88
7919,1703152800000,507774.24
7920,1703156400000,522048.82
7921,1703160000000,544648.56
7922,1703163600000,550714.81999999
7923,1703167200000,554797.29
7924,1703170800000,541011.57999999
7925,1703174400000,542279.59
7926,1703178000000,545222.18
7927,1703181600000,538484.74
7928,1703185200000,536416.13
7929,1703188800000,530225.41
7930,1703192400000,536797.23
7931,1703196000000,547411.96
7932,1703199600000,540787.94999999
7933,1703203200000,531507.68999999
7934,1703206800000,537143.18
7935,1703210400000,547022.05
7936,1703214000000,538955.11
7937,1703217600000,541670.5
7938,1703221200000,539263.77
7939,1703224800000,542206.61
7940,1703228400000,552276.42
7941,1703232000000,568464.82999999
7942,1703235600000,578290.5
7943,1703239200000,587977.25
7944,1703242800000,586380.11
7945,1703246400000,588341.73
7946,1703250000000,577238.81999999
7947,1703253600000,569724.67
7948,1703257200000,572316.97
7949,1703260800000,572701.99
7950,1703264400000,566773.03
7951,1703268000000,569153.28
7952,1703271600000,565797.59
7953,1703275200000,558158.86
7954,1703278800000,559748.0
7955,1703282400000,560271.96
7956,1703286000000,558601.81999999
7957,1703289600000,566034.31
7958,1703293200000,561271.98
7959,1703296800000,555072.93
7960,1703300400000,539321.72
7961,1703304000000,536776.22
7962,1703307600000,531794.89
7963,1703311200000,530056.03
7964,1703314800000,533004.27
7965,1703318400000,532418.92
7966,1703322000000,535641.36
7967,1703325600000,535801.18999999
7968,1703329200000,536425.69999999
7969,1703332800000,537008.61
7970,1703336400000,535123.17
7971,1703340000000,535309.56
7972,1703343600000,536683.42
7973,1703347200000,532046.84
7974,1703350800000,533253.23
7975,1703354400000,532307.91
7976,1703358000000,529419.07999999
7977,1703361600000,529280.31999999
7978,1703365200000,529759.5
7979,1703368800000,527999.8
7980,1703372400000,528034.19999999
7981,1703376000000,535772.54
7982,1703379600000,532344.49
7983,1703383200000,535053.51
7984,1703386800000,533844.47
7985,1703390400000,534538.16
7986,1703394000000,530350.99
7987,1703397600000,523159.5
7988,1703401200000,521727.24
7989,1703404800000,524433.52
7990,1703408400000,524222.91
7991,1703412000000,525565.04
7992,1703415600000,525153.32999999
7993,1703419200000,527341.84
7994,1703422800000,528864.01
7995,1703426400000,528229.9
7996,1703430000000,528037.84
7997,1703433600000,528409.98
7998,1703437200000,525117.31999999
7999,1703440800000,523463.29
8000,1703444400000,522135.18
8001,1703448000000,521689.43
8002,1703451600000,521917.11
8003,1703455200000,521525.54
8004,1703458800000,519350.08
8005,1703462400000,518587.8
8006,1703466000000,518115.22
8007,1703469600000,520877.24
8008,1703473200000,521082.65
8009,1703476800000,521620.72
8010,1703480400000,520531.44
8011,1703484000000,518684.53
8012,1703487600000,516060.97
8013,1703491200000,516837.06
8014,1703494800000,517460.43
8015,1703498400000,518725.94
8016,1703502000000,519348.16
8017,1703505600000,519097.0
8018,1703509200000,520426.28
8019,1703512800000,522919.21
8020,1703516400000,522825.72
8021,1703520000000,524396.89
8022,1703523600000,524676.42
8023,1703527200000,524301.26
8024,1703530800000,526113.99
8025,1703534400000,528981.75
8026,1703538000000,524025.62
8027,1703541600000,525974.39
8028,1703545200000,528014.81
8029,1703548800000,529686.56999999
8030,1703552400000,528966.68
8031,1703556000000,526819.19999999
8032,1703559600000,527637.47
8033,1703563200000,529033.43
8034,1703566800000,527661.03
8035,1703570400000,524823.23
8036,1703574000000,522553.0
8037,1703577600000,521199.79
8038,1703581200000,517337.36
8039,1703584800000,514440.24
8040,1703588400000,513469.36
8041,1703592000000,515695.2
8042,1703595600000,518227.62
8043,1703599200000,515369.8
8044,1703602800000,518321.24
8045,1703606400000,510577.13
8046,1703610000000,504420.37
8047,1703613600000,508560.11
8048,1703617200000,506023.65
8049,1703620800000,505131.33
8050,1703624400000,508907.9
8051,1703628000000,508883.35
8052,1703631600000,507936.34
8053,1703635200000,506927.26
8054,1703638800000,505653.49
8055,1703642400000,504085.64
8056,1703646000000,502079.62
8057,1703649600000,499978.59
8058,1703653200000,500801.58
8059,1703656800000,500250.13
8060,1703660400000,499435.99
8061,1703664000000,500108.1
8062,1703667600000,503170.17
8063,1703671200000,504109.87
8064,1703674800000,520497.68
8065,1703678400000,523975.14
8066,1703682000000,528326.43
8067,1703685600000,536670.75
8068,1703689200000,550663.46
8069,1703692800000,564246.14
8070,1703696400000,565604.32999999
8071,1703700000000,568659.41
8072,1703703600000,571888.16
8073,1703707200000,571545.87
8074,1703710800000,569723.61
8075,1703714400000,574305.03
8076,1703718000000,575721.35
8077,1703721600000,573246.25
8078,1703725200000,575840.78
8079,1703728800000,570086.23
8080,1703732400000,569967.91
8081,1703736000000,569596.26
8082,1703739600000,570851.75
8083,1703743200000,568920.03
8084,1703746800000,554066.17
8085,1703750400000,552709.06999999
8086,1703754000000,554901.3
8087,1703757600000,552023.54
8088,1703761200000,554218.05
8089,1703764800000,552228.64
8090,1703768400000,540066.84
8091,1703772000000,552077.43
8092,1703775600000,544438.96
8093,1703779200000,548968.29
8094,1703782800000,549746.18999999
8095,1703786400000,549417.1
8096,1703790000000,545515.11
8097,1703793600000,546521.55
8098,1703797200000,535602.52
8099,1703800800000,533601.14
8100,1703804400000,525508.03
8101,1703808000000,525264.6
8102,1703811600000,519063.0
8103,1703815200000,514828.06
8104,1703818800000,511450.85
8105,1703822400000,514402.01
8106,1703826000000,513166.22
8107,1703829600000,511806.24
8108,1703833200000,513165.99
8109,1703836800000,505076.96
8110,1703840400000,506491.45
8111,1703844000000,508777.78
8112,1703847600000,516817.33
8113,1703851200000,527803.25
8114,1703854800000,521899.54
8115,1703858400000,521581.87
8116,1703862000000,530751.32999999
8117,1703865600000,521722.48
8118,1703869200000,514119.73
8119,1703872800000,513988.71
8120,1703876400000,519939.74
8121,1703880000000,522960.19
8122,1703883600000,521134.5
8123,1703887200000,515176.72
8124,1703890800000,516341.12
8125,1703894400000,515770.06
8126,1703898000000,517542.22
8127,1703901600000,515899.82
8128,1703905200000,515125.15
8129,1703908800000,512015.49
8130,1703912400000,512532.49
8131,1703916000000,515616.14
8132,1703919600000,516782.26
8133,1703923200000,516683.1
8134,1703926800000,513324.01
8135,1703930400000,518873.35
8136,1703934000000,516679.51
8137,1703937600000,517268.38
8138,1703941200000,517060.24
8139,1703944800000,514609.69
8140,1703948400000,517579.64
8141,1703952000000,517676.15
8142,1703955600000,513583.17
8143,1703959200000,510767.36
8144,1703962800000,507037.99
8145,1703966400000,506351.49
8146,1703970000000,505593.17
8147,1703973600000,503752.42
8148,1703977200000,498690.17
8149,1703980800000,497994.79
8150,1703984400000,497328.54
8151,1703988000000,496862.46
8152,1703991600000,495128.48
8153,1703995200000,493980.85
8154,1703998800000,495006.88
8155,1704002400000,496720.53
8156,1704006000000,496772.3
8157,1704009600000,499436.96
8158,1704013200000,499963.17
8159,1704016800000,500693.0
8160,1704020400000,500642.44
8161,1704024000000,503383.25
8162,1704027600000,501244.07
8163,1704031200000,503186.0
8164,1704034800000,502234.06
8165,1704038400000,500240.05
8166,1704042000000,503299.18
8167,1704045600000,501374.59
8168,1704049200000,497627.49
8169,1704052800000,498455.16
8170,1704056400000,493833.21
8171,1704060000000,494385.02
8172,1704063600000,488288.31
8173,1704067200000,490138.81
8174,1704070800000,492486.97
8175,1704074400000,495778.41
8176,1704078000000,491127.24
8177,1704081600000,488997.8
8178,1704085200000,493867.02
8179,1704088800000,494083.59
8180,1704092400000,496207.63
8181,1704096000000,494575.5
8182,1704099600000,493354.34
8183,1704103200000,491651.73
8184,1704106800000,491088.8
8185,1704110400000,492156.98
8186,1704114000000,492542.17
8187,1704117600000,492414.17
8188,1704121200000,492985.61
8189,1704124800000,499621.5
8190,1704128400000,502192.92
8191,1704132000000,500388.97
8192,1704135600000,499376.9
8193,1704139200000,500233.02
8194,1704142800000,498698.12
8195,1704146400000,499125.73
8196,1704150000000,499720.54
8197,1704153600000,501230.53
8198,1704157200000,514466.0
8199,1704160800000,518007.32
8200,1704164400000,512904.29
8201,1704168000000,519556.42
8202,1704171600000,512104.74
8203,1704175200000,512519.03
8204,1704178800000,513095.02
8205,1704182400000,512143.57
8206,1704186000000,529234.54
8207,1704189600000,529692.78
8208,1704193200000,523620.66
8209,1704196800000,528304.57999999
8210,1704200400000,530509.82999999
8211,1704204000000,531418.04
8212,1704207600000,507553.41
8213,1704211200000,505348.02
8214,1704214800000,502540.16
8215,1704218400000,502102.52
8216,1704222000000,509389.79
8217,1704225600000,508793.89
8218,1704229200000,510088.85
8219,1704232800000,506057.38
8220,1704236400000,506097.58
8221,1704240000000,503816.44
8222,1704243600000,503774.56
8223,1704247200000,505771.27
8224,1704250800000,503275.4
8225,1704254400000,503180.53
8226,1704258000000,503408.49
8227,1704261600000,504729.51
8228,1704265200000,505133.93
8229,1704268800000,502199.15
8230,1704272400000,505624.8
8231,1704276000000,506397.99
8232,1704279600000,505188.0
8233,1704283200000,498387.15
8234,1704286800000,471723.36
8235,1704290400000,476736.01
8236,1704294000000,474148.84
8237,1704297600000,477812.9
8238,1704301200000,475121.86
8239,1704304800000,471765.34
8240,1704308400000,461710.08
8241,1704312000000,465544.11
8242,1704315600000,466822.01
8243,1704319200000,468147.57
8244,1704322800000,466494.46
8245,1704326400000,470053.67
8246,1704330000000,468784.42
8247,1704333600000,467527.51
8248,1704337200000,469905.35
8249,1704340800000,469608.27
8250,1704344400000,469473.2
8251,1704348000000,469039.29
8252,1704351600000,467274.81
8253,1704355200000,460281.62
8254,1704358800000,461450.71
8255,1704362400000,460814.97
8256,1704366000000,462353.14
8257,1704369600000,465168.14
8258,1704373200000,468279.21
8259,1704376800000,468410.23
8260,1704380400000,461780.74
8261,1704384000000,462263.5
8262,1704387600000,460312.01
8263,1704391200000,468239.56
8264,1704394800000,467923.03
8265,1704398400000,468869.66
8266,1704402000000,469239.28
8267,1704405600000,469849.23
8268,1704409200000,468467.69
8269,1704412800000,468513.79
8270,1704416400000,465203.64
8271,1704420000000,457707.7
8272,1704423600000,460388.6
8273,1704427200000,460119.64
8274,1704430800000,459309.57
8275,1704434400000,458490.34
8276,1704438000000,459728.39
8277,1704441600000,460930.2
8278,1704445200000,461846.63
8279,1704448800000,462851.51
8280,1704452400000,456966.81
8281,1704456000000,461421.9
8282,1704459600000,461823.87
8283,1704463200000,462468.49
8284,1704466800000,460617.77
8285,1704470400000,463043.12
8286,1704474000000,460973.88
8287,1704477600000,461621.66
8288,1704481200000,462241.58
8289,1704484800000,460945.21
8290,1704488400000,458778.78
8291,1704492000000,458464.84
8292,1704495600000,457696.2
8293,1704499200000,463115.66
8294,1704502800000,463706.35
8295,1704506400000,464136.08
8296,1704510000000,465071.14
8297,1704513600000,464930.68
8298,1704517200000,464950.17
8299,1704520800000,465337.65
8300,1704524400000,463246.6
8301,1704528000000,463091.1
8302,1704531600000,461707.93
8303,1704535200000,462263.01
8304,1704538800000,463045.48
8305,1704542400000,463552.84
8306,1704546000000,461061.87
8307,1704549600000,460619.89
8308,1704553200000,458410.24
8309,1704556800000,459868.51
8310,1704560400000,460787.36
8311,1704564000000,459823.78
8312,1704567600000,458548.62
8313,1704571200000,458324.52
8314,1704574800000,458836.14
8315,1704578400000,458203.23
8316,1704582000000,455723.34
8317,1704585600000,456540.27
8318,1704589200000,454048.03
8319,1704592800000,456820.03
8320,1704596400000,458660.61
8321,1704600000000,458781.68
8322,1704603600000,458655.27
8323,1704607200000,460350.59
8324,1704610800000,460607.87
8325,1704614400000,460824.13
8326,1704618000000,457646.19
8327,1704621600000,459696.54
8328,1704625200000,459814.69
8329,1704628800000,462739.21
8330,1704632400000,461176.88
8331,1704636000000,459855.52
8332,1704639600000,457191.74
8333,1704643200000,462543.95
8334,1704646800000,464708.65
8335,1704650400000,462855.25
8336,1704654000000,461749.62
8337,1704657600000,459749.92
8338,1704661200000,459382.37
8339,1704664800000,458404.19
8340,1704668400000,460801.79
8341,1704672000000,463449.62
8342,1704675600000,459487.43
8343,1704679200000,459338.13
8344,1704682800000,459060.22
8345,1704686400000,453909.1
8346,1704690000000,455030.59
8347,1704693600000,453908.25
8348,1704697200000,453313.47
8349,1704700800000,454358.09
8350,1704704400000,451843.35
8351,1704708000000,448926.67
8352,1704711600000,450100.19
8353,1704715200000,452444.0
8354,1704718800000,454184.92
8355,1704722400000,461598.42
8356,1704726000000,456213.5
8357,1704729600000,457584.74
8358,1704733200000,455487.42
8359,1704736800000,464487.99
8360,1704740400000,456877.31
8361,1704744000000,462453.71
8362,1704747600000,458443.44
8363,1704751200000,458073.78
8364,1704754800000,454600.45
8365,1704758400000,453204.59
8366,1704762000000,447878.2
8367,1704765600000,441246.41
8368,1704769200000,441256.54
8369,1704772800000,441952.42
8370,1704776400000,439427.95
8371,1704780000000,437375.67
8372,1704783600000,437455.86
8373,1704787200000,436511.38
8374,1704790800000,436708.92
8375,1704794400000,442093.74
8376,1704798000000,442665.6
8377,1704801600000,450794.61
8378,1704805200000,446771.91
8379,1704808800000,444094.21
8380,1704812400000,439204.47
8381,1704816000000,451679.75
8382,1704819600000,457560.39
8383,1704823200000,456431.03
8384,1704826800000,461972.38
8385,1704830400000,456691.65
8386,1704834000000,453232.8
8387,1704837600000,484041.77
8388,1704841200000,516673.94
8389,1704844800000,519648.74
8390,1704848400000,545916.18999999
8391,1704852000000,528304.48
8392,1704855600000,520070.97
8393,1704859200000,524389.48
8394,1704862800000,525627.93999999
8395,1704866400000,529637.98
8396,1704870000000,533776.56
8397,1704873600000,523093.92
8398,1704877200000,511975.25
8399,1704880800000,527077.89
8400,1704884400000,522355.35
8401,1704888000000,525428.22
8402,1704891600000,495468.2
8403,1704895200000,509151.96
8404,1704898800000,520775.77
8405,1704902400000,526658.56999999
8406,1704906000000,508183.3
8407,1704909600000,506031.66
8408,1704913200000,505328.21
8409,1704916800000,516500.36
8410,1704920400000,500863.13
8411,1704924000000,501855.17
8412,1704927600000,501461.02
8413,1704931200000,491207.06
8414,1704934800000,486988.1
8415,1704938400000,482634.18
8416,1704942000000,487704.05
8417,1704945600000,501196.73
8418,1704949200000,498057.89
8419,1704952800000,500201.57
8420,1704956400000,495578.72
8421,1704960000000,498593.2
8422,1704963600000,508730.2
8423,1704967200000,511165.01
8424,1704970800000,513744.0
8425,1704974400000,523679.61
8426,1704978000000,515722.02
8427,1704981600000,493963.83
8428,1704985200000,509000.66
8429,1704988800000,489062.92
8430,1704992400000,481491.03
8431,1704996000000,484653.17
8432,1704999600000,491999.71
8433,1705003200000,494672.39
8434,1705006800000,495054.01
8435,1705010400000,496594.19
8436,1705014000000,491457.84
8437,1705017600000,492239.87
8438,1705021200000,490505.24
8439,1705024800000,491325.36
8440,1705028400000,491463.49
8441,1705032000000,489192.79
8442,1705035600000,488085.87
8443,1705039200000,491402.09
8444,1705042800000,491662.95
8445,1705046400000,499161.8
8446,1705050000000,500544.18
8447,1705053600000,502493.42
8448,1705057200000,507659.52
8449,1705060800000,526165.71
8450,1705064400000,531977.4
8451,1705068000000,538308.44999999
8452,1705071600000,541277.76
8453,1705075200000,529032.9
8454,1705078800000,522571.22
8455,1705082400000,527383.44999999
8456,1705086000000,523354.45
8457,1705089600000,527231.44999999
8458,1705093200000,519393.71
8459,1705096800000,511160.67
8460,1705100400000,510766.4
8461,1705104000000,517748.62
8462,1705107600000,518075.73
8463,1705111200000,516812.15
8464,1705114800000,522707.45
8465,1705118400000,526530.97
8466,1705122000000,525427.05
8467,1705125600000,522900.11
8468,1705129200000,524411.11
8469,1705132800000,523676.59
8470,1705136400000,525970.38
8471,1705140000000,529502.99
8472,1705143600000,531722.14
8473,1705147200000,532905.43999999
8474,1705150800000,532775.17
8475,1705154400000,531917.18999999
8476,1705158000000,532492.51
8477,1705161600000,532874.75
8478,1705165200000,521765.51
8479,1705168800000,517421.08
8480,1705172400000,528282.25
8481,1705176000000,528274.4
8482,1705179600000,528879.74
8483,1705183200000,527945.67
8484,1705186800000,527730.19999999
8485,1705190400000,526575.12
8486,1705194000000,522964.46
8487,1705197600000,524029.39
8488,1705201200000,524597.63
8489,1705204800000,524457.43
8490,1705208400000,522262.35
8491,1705212000000,521332.35
8492,1705215600000,519988.37
8493,1705219200000,525545.49
8494,1705222800000,526702.76
8495,1705226400000,523776.08
8496,1705230000000,524666.77
8497,1705233600000,521150.21
8498,1705237200000,518705.46
8499,1705240800000,519452.13
8500,1705244400000,529377.54
8501,1705248000000,528552.88
8502,1705251600000,530072.54
8503,1705255200000,525143.04
8504,1705258800000,527375.21
8505,1705262400000,516254.92
8506,1705266000000,521735.95
8507,1705269600000,522895.7
8508,1705273200000,522068.97
8509,1705276800000,508664.39
8510,1705280400000,509848.53
8511,1705284000000,510818.07
8512,1705287600000,512165.7
8513,1705291200000,513527.92
8514,1705294800000,513436.36
8515,1705298400000,514938.25
8516,1705302000000,521990.14
8517,1705305600000,522354.18
8518,1705309200000,519405.32
8519,1705312800000,520299.71
8520,1705316400000,519376.26
8521,1705320000000,521711.72
8522,1705323600000,523445.17
8523,1705327200000,524683.36
8524,1705330800000,519974.94
8525,1705334400000,518809.22
8526,1705338000000,518278.06
8527,1705341600000,517226.3
8528,1705345200000,513684.76
8529,1705348800000,514010.5
8530,1705352400000,512714.53
8531,1705356000000,512279.48
8532,1705359600000,512879.04
8533,1705363200000,511957.39
8534,1705366800000,512543.12
8535,1705370400000,513017.78
8536,1705374000000,513913.42
8537,1705377600000,527578.14
8538,1705381200000,528813.04
8539,1705384800000,531535.54
8540,1705388400000,533164.07999999
8541,1705392000000,532297.6
8542,1705395600000,534554.17
8543,1705399200000,535564.19999999
8544,1705402800000,535370.42
8545,1705406400000,538608.77
8546,1705410000000,538985.4
8547,1705413600000,535077.81999999
8548,1705417200000,542268.93
8549,1705420800000,558428.48
8550,1705424400000,571732.94999999
8551,1705428000000,572041.24
8552,1705431600000,573438.71
8553,1705435200000,570630.53
8554,1705438800000,569134.9
8555,1705442400000,548695.31
8556,1705446000000,544449.63
8557,1705449600000,539475.93
8558,1705453200000,538072.67
8559,1705456800000,531587.81
8560,1705460400000,530011.6
8561,1705464000000,530940.39
8562,1705467600000,530617.39
8563,1705471200000,529868.43999999
8564,1705474800000,529854.39
8565,1705478400000,536356.07999999
8566,1705482000000,527500.8
8567,1705485600000,527574.21
8568,1705489200000,530454.98
8569,1705492800000,532050.82999999
8570,1705496400000,529308.84
8571,1705500000000,530109.87
8572,1705503600000,523806.96
8573,1705507200000,520984.11
8574,1705510800000,524199.13
8575,1705514400000,519767.89
8576,1705518000000,517401.84
8577,1705521600000,517453.27
8578,1705525200000,517042.87
8579,1705528800000,513039.34
8580,1705532400000,509752.45
8581,1705536000000,507512.37
8582,1705539600000,506734.25
8583,1705543200000,506908.4
8584,1705546800000,507275.5
8585,1705550400000,507039.59
8586,1705554000000,503591.06
8587,1705557600000,502730.58
8588,1705561200000,503811.94
8589,1705564800000,503888.58
8590,1705568400000,504282.62
8591,1705572000000,503063.45
8592,1705575600000,504650.51
8593,1705579200000,505967.63
8594,1705582800000,508157.12
8595,1705586400000,508565.49
8596,1705590000000,511357.71
8597,1705593600000,508500.05
8598,1705597200000,512472.31
8599,1705600800000,513555.44
8600,1705604400000,514099.49
8601,1705608000000,512267.94
8602,1705611600000,511755.72
8603,1705615200000,513624.24
8604,1705618800000,515868.72
8605,1705622400000,516464.07
8606,1705626000000,516854.44
8607,1705629600000,516975.94
8608,1705633200000,514892.84
8609,1705636800000,515155.51
8610,1705640400000,514687.25
8611,1705644000000,514330.94
8612,1705647600000,515498.77
8613,1705651200000,511379.48
8614,1705654800000,510953.8
8615,1705658400000,512536.96
8616,1705662000000,512452.91
8617,1705665600000,513634.4
8618,1705669200000,513992.28
8619,1705672800000,520705.47
8620,1705676400000,519440.75
8621,1705680000000,525255.52
8622,1705683600000,516742.9
8623,1705687200000,514029.13
8624,1705690800000,508008.06
8625,1705694400000,506560.78
8626,1705698000000,506651.96
8627,1705701600000,504902.99
8628,1705705200000,505544.12
8629,1705708800000,501777.33
8630,1705712400000,497903.91
8631,1705716000000,498663.14
8632,1705719600000,499147.61
8633,1705723200000,500326.55
8634,1705726800000,502188.3
8635,1705730400000,502800.56
8636,1705734000000,502352.21
8637,1705737600000,502988.4
8638,1705741200000,501942.16
8639,1705744800000,502215.17
8640,1705748400000,502559.14
8641,1705752000000,501989.38
8642,1705755600000,499367.78
8643,1705759200000,499236.29
8644,1705762800000,499412.46
8645,1705766400000,497748.71
8646,1705770000000,497949.11
8647,1705773600000,497969.07
8648,1705777200000,498981.63
8649,1705780800000,497480.72
8650,1705784400000,498707.1
8651,1705788000000,499898.53
8652,1705791600000,501117.09
8653,1705795200000,501083.13
8654,1705798800000,499803.23
8655,1705802400000,499300.16
8656,1705806000000,498922.04
8657,1705809600000,498919.87
8658,1705813200000,499206.49
8659,1705816800000,500442.18
8660,1705820400000,499258.64
8661,1705824000000,499068.79
8662,1705827600000,498954.76
8663,1705831200000,499475.25
8664,1705834800000,501687.24
8665,1705838400000,499774.45
8666,1705842000000,500335.51
8667,1705845600000,500470.94
8668,1705849200000,500541.76
8669,1705852800000,499182.13
8670,1705856400000,499731.7
8671,1705860000000,499805.33
8672,1705863600000,499604.88
8673,1705867200000,499303.39
8674,1705870800000,499645.16
8675,1705874400000,499732.32
8676,1705878000000,497721.12
8677,1705881600000,494123.49
8678,1705885200000,493988.55
8679,1705888800000,496860.27
8680,1705892400000,496760.57
8681,1705896000000,496785.13
8682,1705899600000,494932.48
8683,1705903200000,499981.53
8684,1705906800000,506545.84
8685,1705910400000,506437.02
8686,1705914000000,500959.55
8687,1705917600000,506177.34
8688,1705921200000,499764.13
8689,1705924800000,506421.48
8690,1705928400000,508120.22
8691,1705932000000,512053.95
8692,1705935600000,504406.3
8693,1705939200000,500741.14
8694,1705942800000,501844.63
8695,1705946400000,493156.66
8696,1705950000000,492570.31
8697,1705953600000,481424.17
8698,1705957200000,480743.56
8699,1705960800000,479450.28
8700,1705964400000,478859.13
8701,1705968000000,481330.56
8702,1705971600000,481683.09
8703,1705975200000,483317.52
8704,1705978800000,483257.37
8705,1705982400000,483741.84
8706,1705986000000,480625.95
8707,1705989600000,482547.11
8708,1705993200000,482770.67
8709,1705996800000,484857.4
8710,1706000400000,481680.48
8711,1706004000000,494037.19
8712,1706007600000,495199.14
8713,1706011200000,502577.41
8714,1706014800000,504241.24
8715,1706018400000,507534.78
8716,1706022000000,519297.61
8717,1706025600000,532169.48
8718,1706029200000,531908.59
8719,1706032800000,526552.89
8720,1706036400000,523123.53
8721,1706040000000,520803.75
8722,1706043600000,522695.07
8723,1706047200000,520940.9
8724,1706050800000,514911.62
8725,1706054400000,512236.84
8726,1706058000000,512733.05
8727,1706061600000,517241.52
8728,1706065200000,517171.63
8729,1706068800000,517461.27
8730,1706072400000,514914.75
8731,1706076000000,514950.54
8732,1706079600000,523890.19
8733,1706083200000,518965.63
8734,1706086800000,520129.14
8735,1706090400000,517565.43
8736,1706094000000,509236.63
8737,1706097600000,516500.43
8738,1706101200000,518255.58
8739,1706104800000,507101.62
8740,1706108400000,516157.33
8741,1706112000000,520404.62
8742,1706115600000,526457.81
8743,1706119200000,525295.67
8744,1706122800000,515724.23
8745,1706126400000,517620.1
8746,1706130000000,517940.92
8747,1706133600000,518976.99
8748,1706137200000,517077.9
8749,1706140800000,520520.79
8750,1706144400000,519548.43
8751,1706148000000,521443.01
8752,1706151600000,522780.4
8753,1706155200000,524124.85
8754,1706158800000,526344.89
8755,1706162400000,532146.82999999
8756,1706166000000,532881.43
8757,1706169600000,532295.73
8758,1706173200000,525943.62
8759,1706176800000,527328.41
8760,1706180400000,527084.94999999
8761,1706184000000,534395.65
8762,1706187600000,527898.72
8763,1706191200000,529940.65
8764,1706194800000,531165.36
8765,1706198400000,533257.53
8766,1706202000000,532927.65
8767,1706205600000,530849.46
8768,1706209200000,526542.05
8769,1706212800000,532032.41
8770,1706216400000,534572.27
8771,1706220000000,528675.57999999
8772,1706223600000,527049.04
8773,1706227200000,527255.51
8774,1706230800000,526083.17
8775,1706234400000,529431.06
8776,1706238000000,528298.69999999
8777,1706241600000,528535.79
8778,1706245200000,531186.38
8779,1706248800000,531395.93
8780,1706252400000,530097.69999999
8781,1706256000000,534130.44999999
8782,1706259600000,538922.31999999
8783,1706263200000,535007.06
8784,1706266800000,533108.49
8785,1706270400000,537005.19999999
8786,1706274000000,537703.32999999
8787,1706277600000,539460.73
8788,1706281200000,545950.68999999
8789,1706284800000,547961.86
8790,1706288400000,552888.32999999
8791,1706292000000,564229.26
8792,1706295600000,575260.13
8793,1706299200000,568531.0
8794,1706302800000,562582.14
8795,1706306400000,563138.9
8796,1706310000000,569192.26
8797,1706313600000,568466.97
8798,1706317200000,565145.27
8799,1706320800000,566162.43
8800,1706324400000,565627.72
8801,1706328000000,565815.05
8802,1706331600000,567388.15
8803,1706335200000,565354.93999999
8804,1706338800000,565882.16
8805,1706342400000,565267.75
8806,1706346000000,567366.1
8807,1706349600000,565825.28
8808,1706353200000,569105.59
8809,1706356800000,573456.04
8810,1706360400000,573370.18
8811,1706364000000,572796.85
8812,1706367600000,571496.57999999
8813,1706371200000,573168.72
8814,1706374800000,570038.34
8815,1706378400000,569163.91
8816,1706382000000,569023.41
8817,1706385600000,567851.02
8818,1706389200000,566125.24
8819,1706392800000,562904.32999999
8820,1706396400000,561155.44999999
8821,1706400000000,561244.81999999
8822,1706403600000,560784.15
8823,1706407200000,554118.97
8824,1706410800000,554614.85
8825,1706414400000,552495.78
8826,1706418000000,548167.31
8827,1706421600000,548552.44999999
8828,1706425200000,551439.13
8829,1706428800000,552742.62
8830,1706432400000,552272.9
8831,1706436000000,554730.75
8832,1706439600000,552257.87
8833,1706443200000,548172.24
8834,1706446800000,546331.31
8835,1706450400000,549256.12
8836,1706454000000,542346.26
8837,1706457600000,545926.76
8838,1706461200000,546084.76
8839,1706464800000,544592.04
8840,1706468400000,534933.71
8841,1706472000000,531972.05
8842,1706475600000,530691.15
8843,1706479200000,529784.93
8844,1706482800000,523987.23
8845,1706486400000,523267.42
8846,1706490000000,523936.5
8847,1706493600000,524439.0
8848,1706497200000,524591.51
8849,1706500800000,524312.81999999
8850,1706504400000,521979.62
8851,1706508000000,522521.85
8852,1706511600000,525254.99
8853,1706515200000,523275.86
8854,1706518800000,522917.56
8855,1706522400000,522636.59
8856,1706526000000,524938.18
8857,1706529600000,525596.76
8858,1706533200000,526540.56
8859,1706536800000,533676.67
8860,1706540400000,539944.55
8861,1706544000000,533398.93999999
8862,1706547600000,527374.68
8863,1706551200000,530076.98
8864,1706554800000,530588.42
8865,1706558400000,531047.48
8866,1706562000000,530127.46
8867,1706565600000,530605.88
8868,1706569200000,530864.02
8869,1706572800000,530671.26
8870,1706576400000,529689.42
8871,1706580000000,530433.3
8872,1706583600000,532489.1
8873,1706587200000,531950.92
8874,1706590800000,531967.92
8875,1706594400000,532530.06
8876,1706598000000,533238.76
8877,1706601600000,537655.35
8878,1706605200000,536478.76
8879,1706608800000,537713.25
8880,1706612400000,538796.66
8881,1706616000000,538455.42
8882,1706619600000,537219.28
8883,1706623200000,534051.05
8884,1706626800000,536009.56999999
8885,1706630400000,541304.13
8886,1706634000000,566489.16
8887,1706637600000,567763.3
8888,1706641200000,566853.06999999
8889,1706644800000,568189.01
8890,1706648400000,566407.26
8891,1706652000000,559789.27
8892,1706655600000,554941.06
8893,1706659200000,540091.43
8894,1706662800000,536575.1
8895,1706666400000,534754.81
8896,1706670000000,533168.43999999
8897,1706673600000,533373.74
8898,1706677200000,532515.92
8899,1706680800000,531310.62
8900,1706684400000,529510.36
8901,1706688000000,533195.79
8902,1706691600000,533261.9
8903,1706695200000,526827.05
8904,1706698800000,521932.29
8905,1706702400000,526766.98
8906,1706706000000,527513.81
8907,1706709600000,526368.75
8908,1706713200000,527864.68999999
8909,1706716800000,530300.42
8910,1706720400000,533838.66
8911,1706724000000,531876.84
8912,1706727600000,528158.67
8913,1706731200000,523173.47
8914,1706734800000,521263.42
8915,1706738400000,525772.93
8916,1706742000000,528163.49
8917,1706745600000,525040.43999999
8918,1706749200000,517047.66
8919,1706752800000,517902.12
8920,1706756400000,518773.05
8921,1706760000000,520275.58
8922,1706763600000,520238.2
8923,1706767200000,521226.57
8924,1706770800000,523548.65
8925,1706774400000,523421.48
8926,1706778000000,523683.15
8927,1706781600000,525982.73
8928,1706785200000,526611.35
8929,1706788800000,528211.27
8930,1706792400000,527432.04
8931,1706796000000,528947.54
8932,1706799600000,524715.88
8933,1706803200000,522381.28
8934,1706806800000,520691.24
8935,1706810400000,525201.6
8936,1706814000000,522872.73
8937,1706817600000,520734.49
8938,1706821200000,521344.18
8939,1706824800000,521523.65
8940,1706828400000,521720.97
8941,1706832000000,522460.95
8942,1706835600000,521987.89
8943,1706839200000,521613.75
8944,1706842800000,522254.09
8945,1706846400000,520135.31
8946,1706850000000,520113.8
8947,1706853600000,520799.47
8948,1706857200000,523749.11
8949,1706860800000,523834.41
8950,1706864400000,525852.79
8951,1706868000000,524460.65
8952,1706871600000,524765.86
8953,1706875200000,523740.29
8954,1706878800000,523254.55
8955,1706882400000,520181.68
8956,1706886000000,521863.79
8957,1706889600000,521712.44
8958,1706893200000,521288.69
8959,1706896800000,521269.93
8960,1706900400000,521547.25
8961,1706904000000,521976.54
8962,1706907600000,522015.42
8963,1706911200000,521264.1
8964,1706914800000,517880.09
8965,1706918400000,518657.66
8966,1706922000000,522218.92
8967,1706925600000,520161.27
8968,1706929200000,519897.29
8969,1706932800000,520946.64
8970,1706936400000,521624.39
8971,1706940000000,521918.99
8972,1706943600000,519815.87
8973,1706947200000,520488.72
8974,1706950800000,520230.65
8975,1706954400000,519179.74
8976,1706958000000,519705.63
8977,1706961600000,513266.36
8978,1706965200000,513933.22
8979,1706968800000,512735.49
8980,1706972400000,513046.72
8981,1706976000000,508856.5
8982,1706979600000,513093.53
8983,1706983200000,513048.58
8984,1706986800000,513369.49
8985,1706990400000,513243.56
8986,1706994000000,512719.83
8987,1706997600000,512060.69
8988,1707001200000,512857.5
8989,1707004800000,512277.51
8990,1707008400000,512042.1
8991,1707012000000,511266.63
8992,1707015600000,511427.33
8993,1707019200000,511346.71
8994,1707022800000,512245.53
8995,1707026400000,510304.33
8996,1707030000000,509842.99
8997,1707033600000,506393.98
8998,1707037200000,506499.59
8999,1707040800000,505803.99
9000,1707044400000,506250.91
9001,1707048000000,506262.91
9002,1707051600000,508476.06
9003,1707055200000,508941.27
9004,1707058800000,509409.76
9005,1707062400000,510020.96
9006,1707066000000,509504.75
9007,1707069600000,510081.16
9008,1707073200000,509186.71
9009,1707076800000,508316.65
9010,1707080400000,511111.74
9011,1707084000000,508478.62
9012,1707087600000,504977.63
9013,1707091200000,504122.95
9014,1707094800000,505605.1
9015,1707098400000,507022.21
9016,1707102000000,504825.77
9017,1707105600000,503604.39
9018,1707109200000,503733.48
9019,1707112800000,504374.49
9020,1707116400000,503615.79
9021,1707120000000,506076.05
9022,1707123600000,511678.18
9023,1707127200000,512941.31
9024,1707130800000,516499.54
9025,1707134400000,515020.54
9026,1707138000000,518895.24
9027,1707141600000,519386.92
9028,1707145200000,520359.94
9029,1707148800000,514364.64
9030,1707152400000,511125.85
9031,1707156000000,510862.41
9032,1707159600000,509801.65
9033,1707163200000,509158.17
9034,1707166800000,507122.94
9035,1707170400000,505083.3
9036,1707174000000,505304.99
9037,1707177600000,505999.09
9038,1707181200000,505206.35
9039,1707184800000,505213.33
9040,1707188400000,506581.44
9041,1707192000000,505345.97
9042,1707195600000,504953.57
9043,1707199200000,505550.22
9044,1707202800000,505331.88
9045,1707206400000,513958.86
9046,1707210000000,522797.95
9047,1707213600000,524334.8
9048,1707217200000,519809.07
9049,1707220800000,520230.93
9050,1707224400000,520649.78
9051,1707228000000,529122.61
9052,1707231600000,532096.94999999
9053,1707235200000,529468.63
9054,1707238800000,534120.24
9055,1707242400000,531565.28
9056,1707246000000,536845.29
9057,1707249600000,540895.22
9058,1707253200000,544381.27
9059,1707256800000,541898.43
9060,1707260400000,544628.57999999
9061,1707264000000,545186.6
9062,1707267600000,544845.73
9063,1707271200000,548065.31999999
9064,1707274800000,548232.06
9065,1707278400000,550541.88
9066,1707282000000,543297.14
9067,1707285600000,542885.74
9068,1707289200000,541182.42
9069,1707292800000,540230.98
9070,1707296400000,540308.89
9071,1707300000000,537917.96
9072,1707303600000,535286.1
9073,1707307200000,536163.43
9074,1707310800000,536513.87
9075,1707314400000,537459.86
9076,1707318000000,528321.89
9077,1707321600000,528834.02
9078,1707325200000,540230.68
9079,1707328800000,538341.88
9080,1707332400000,536753.17
9081,1707336000000,534245.97
9082,1707339600000,532668.01
9083,1707343200000,533067.69999999
9084,1707346800000,531534.05
9085,1707350400000,530724.43999999
9086,1707354000000,530834.14
9087,1707357600000,536820.04
9088,1707361200000,531569.05
9089,1707364800000,530414.97
9090,1707368400000,529359.35
9091,1707372000000,528813.11
9092,1707375600000,528636.53
9093,1707379200000,529158.82999999
9094,1707382800000,526757.05
9095,1707386400000,527531.99
9096,1707390000000,525493.18999999
9097,1707393600000,524069.4
9098,1707397200000,525126.65
9099,1707400800000,524781.41
9100,1707404400000,523918.78
9101,1707408000000,526465.91
9102,1707411600000,524252.5
9103,1707415200000,523083.41
9104,1707418800000,518344.2
9105,1707422400000,518088.59
9106,1707426000000,518903.29
9107,1707429600000,520708.31
9108,1707433200000,521164.32
9109,1707436800000,522032.73
9110,1707440400000,523310.04
9111,1707444000000,524047.96
9112,1707447600000,523379.62
9113,1707451200000,518630.45
9114,1707454800000,519763.04
9115,1707458400000,521301.85
9116,1707462000000,520906.66
9117,1707465600000,524557.99
9118,1707469200000,524562.16
9119,1707472800000,521871.43
9120,1707476400000,521240.64
9121,1707480000000,516875.95
9122,1707483600000,520607.25
9123,1707487200000,527752.31
9124,1707490800000,522051.32
9125,1707494400000,523985.49
9126,1707498000000,525238.88
9127,1707501600000,530139.16
9128,1707505200000,526847.17
9129,1707508800000,524620.63
9130,1707512400000,524289.71
9131,1707516000000,525248.96
9132,1707519600000,523381.4
9133,1707523200000,521460.77
9134,1707526800000,521093.75
9135,1707530400000,521983.07
9136,1707534000000,525408.1
9137,1707537600000,525843.67
9138,1707541200000,526737.29
9139,1707544800000,524656.81
9140,1707548400000,529200.88
9141,1707552000000,526370.47
9142,1707555600000,528237.84
9143,1707559200000,529960.17
9144,1707562800000,527471.0
9145,1707566400000,527975.11
9146,1707570000000,527584.56999999
9147,1707573600000,527932.82999999
9148,1707577200000,524986.4
9149,1707580800000,525132.51
9150,1707584400000,524116.34
9151,1707588000000,523743.99
9152,1707591600000,522141.16
9153,1707595200000,524309.16
9154,1707598800000,523155.51
9155,1707602400000,525197.48
9156,1707606000000,521920.04
9157,1707609600000,523073.49
9158,1707613200000,523711.2
9159,1707616800000,523371.01
9160,1707620400000,523184.76
9161,1707624000000,520971.8
9162,1707627600000,517622.27
9163,1707631200000,517864.51
9164,1707634800000,528062.03
9165,1707638400000,528369.16
9166,1707642000000,532105.07999999
9167,1707645600000,527852.65
9168,1707649200000,516880.33
9169,1707652800000,517935.34
9170,1707656400000,514489.09
9171,1707660000000,514833.16
9172,1707663600000,513769.69
9173,1707667200000,514438.81
9174,1707670800000,513407.14
9175,1707674400000,513944.35
9176,1707678000000,511815.27
9177,1707681600000,512695.24
9178,1707685200000,511884.64
9179,1707688800000,511771.14
9180,1707692400000,511208.06
9181,1707696000000,511836.06
9182,1707699600000,511865.39
9183,1707703200000,512453.42
9184,1707706800000,512226.99
9185,1707710400000,516216.97
9186,1707714000000,516190.88
9187,1707717600000,516579.57
9188,1707721200000,518380.0
9189,1707724800000,522510.93
9190,1707728400000,520828.96
9191,1707732000000,517005.43
9192,1707735600000,517821.13
9193,1707739200000,515296.31
9194,1707742800000,515840.11
9195,1707746400000,514499.34
9196,1707750000000,504439.89
9197,1707753600000,506587.13
9198,1707757200000,502237.84
9199,1707760800000,504646.68
9200,1707764400000,512496.41
9201,1707768000000,510897.37
9202,1707771600000,515505.06
9203,1707775200000,513547.79
9204,1707778800000,516320.81
9205,1707782400000,517702.25
9206,1707786000000,519184.71
9207,1707789600000,519364.75
9208,1707793200000,517612.93
9209,1707796800000,522179.74
9210,1707800400000,523978.44
9211,1707804000000,526583.13
9212,1707807600000,521627.86
9213,1707811200000,523257.54
9214,1707814800000,531466.68999999
9215,1707818400000,539850.43999999
9216,1707822000000,542641.15
9217,1707825600000,541273.75
9218,1707829200000,549677.88
9219,1707832800000,561957.34
9220,1707836400000,556340.86
9221,1707840000000,556297.59
9222,1707843600000,557315.54
9223,1707847200000,557176.94999999
9224,1707850800000,561480.3
9225,1707854400000,560785.07999999
9226,1707858000000,563298.59
9227,1707861600000,555864.94999999
9228,1707865200000,554873.07999999
9229,1707868800000,553264.55
9230,1707872400000,553110.87
9231,1707876000000,552029.9
9232,1707879600000,555143.65
9233,1707883200000,560849.73
9234,1707886800000,557563.41
9235,1707890400000,560813.64
9236,1707894000000,565001.61
9237,1707897600000,565501.18
9238,1707901200000,560835.93999999
9239,1707904800000,563047.42
9240,1707908400000,557654.01
9241,1707912000000,561244.96
9242,1707915600000,558303.0
9243,1707919200000,559129.94999999
9244,1707922800000,556838.9
9245,1707926400000,550050.88
9246,1707930000000,546186.97
9247,1707933600000,546224.1
9248,1707937200000,547101.11
9249,1707940800000,552218.1
9250,1707944400000,548750.64
9251,1707948000000,548109.54
9252,1707951600000,546383.68999999
9253,1707955200000,543422.66
9254,1707958800000,545623.12
9255,1707962400000,536345.43999999
9256,1707966000000,543042.13
9257,1707969600000,546216.81
9258,1707973200000,547400.3
9259,1707976800000,539189.42
9260,1707980400000,553499.17
9261,1707984000000,548301.03
9262,1707987600000,548303.1
9263,1707991200000,547869.78
9264,1707994800000,554037.46
9265,1707998400000,552602.64
9266,1708002000000,549661.86
9267,1708005600000,559890.36
9268,1708009200000,562110.26
9269,1708012800000,565735.3
9270,1708016400000,558205.39
9271,1708020000000,554384.06
9272,1708023600000,550707.17
9273,1708027200000,553503.73
9274,1708030800000,552604.64
9275,1708034400000,547941.24
9276,1708038000000,551675.55
9277,1708041600000,552312.02
9278,1708045200000,553002.27
9279,1708048800000,556645.62
9280,1708052400000,555822.54
9281,1708056000000,556474.56
9282,1708059600000,554419.48
9283,1708063200000,555393.69999999
9284,1708066800000,556763.69999999
9285,1708070400000,549810.82999999
9286,1708074000000,550337.1
9287,1708077600000,549557.85
9288,1708081200000,552324.96
9289,1708084800000,553761.49
9290,1708088400000,556347.03
9291,1708092000000,548916.04
9292,1708095600000,546706.03
9293,1708099200000,540573.06999999
9294,1708102800000,542043.85
9295,1708106400000,536926.53
9296,1708110000000,537142.01
9297,1708113600000,528894.38
9298,1708117200000,524659.73
9299,1708120800000,530665.87
9300,1708124400000,530791.55
9301,1708128000000,527727.43999999
9302,1708131600000,527723.87
9303,1708135200000,524690.81
9304,1708138800000,523848.81
9305,1708142400000,524174.78
9306,1708146000000,526069.11
9307,1708149600000,526758.06999999
9308,1708153200000,527542.24
9309,1708156800000,526766.73
9310,1708160400000,521970.46
9311,1708164000000,524040.12
9312,1708167600000,523574.64
9313,1708171200000,523977.71
9314,1708174800000,524357.4
9315,1708178400000,522332.8
9316,1708182000000,527627.03
9317,1708185600000,530485.37
9318,1708189200000,531286.96
9319,1708192800000,531604.59
9320,1708196400000,531693.25
9321,1708200000000,530752.92
9322,1708203600000,530578.6
9323,1708207200000,526104.52
9324,1708210800000,526980.04
9325,1708214400000,528136.43999999
9326,1708218000000,529712.28
9327,1708221600000,529742.18
9328,1708225200000,527052.44999999
9329,1708228800000,527723.79
9330,1708232400000,534243.84
9331,1708236000000,535405.37
9332,1708239600000,537082.32999999
9333,1708243200000,539851.84
9334,1708246800000,540964.34
9335,1708250400000,535725.82999999
9336,1708254000000,537956.79
9337,1708257600000,537849.98
9338,1708261200000,538414.88
9339,1708264800000,537384.43999999
9340,1708268400000,535712.52
9341,1708272000000,533592.67
9342,1708275600000,530896.87
9343,1708279200000,528336.39
9344,1708282800000,527999.86
9345,1708286400000,524292.96
9346,1708290000000,526086.67
9347,1708293600000,535549.56999999
9348,1708297200000,547750.21
9349,1708300800000,545151.17
9350,1708304400000,544047.62
9351,1708308000000,540361.47
9352,1708311600000,537895.77
9353,1708315200000,545954.87
9354,1708318800000,544794.67
9355,1708322400000,546215.56
9356,1708326000000,551287.48
9357,1708329600000,554226.28
9358,1708333200000,551524.18999999
9359,1708336800000,557960.1
9360,1708340400000,555298.89
9361,1708344000000,553464.16
9362,1708347600000,552966.52
9363,1708351200000,551733.12
9364,1708354800000,549949.01
9365,1708358400000,550893.04
9366,1708362000000,546416.15
9367,1708365600000,554834.59
9368,1708369200000,554028.39
9369,1708372800000,550329.53
9370,1708376400000,548848.35
9371,1708380000000,551649.31999999
9372,1708383600000,550346.32999999
9373,1708387200000,550782.6
9374,1708390800000,548251.05
9375,1708394400000,550216.18
9376,1708398000000,549727.93
9377,1708401600000,548944.99
9378,1708405200000,547178.01
9379,1708408800000,546333.26
9380,1708412400000,547495.96
9381,1708416000000,545555.99
9382,1708419600000,547635.19999999
9383,1708423200000,548416.49
9384,1708426800000,553141.73
9385,1708430400000,557854.62
9386,1708434000000,556381.12
9387,1708437600000,563948.63
9388,1708441200000,555800.74
9389,1708444800000,553608.87
9390,1708448400000,548461.43999999
9391,1708452000000,538100.27
9392,1708455600000,543027.05
9393,1708459200000,538082.24
9394,1708462800000,538561.21
9395,1708466400000,541500.18
9396,1708470000000,546027.85
9397,1708473600000,554888.04
9398,1708477200000,558447.24
9399,1708480800000,559045.46
9400,1708484400000,554381.97
9401,1708488000000,557540.15
9402,1708491600000,559974.82999999
9403,1708495200000,554777.62
9404,1708498800000,559918.41
9405,1708502400000,565670.59
9406,1708506000000,568827.36
9407,1708509600000,550767.05
9408,1708513200000,546169.37
9409,1708516800000,546906.36
9410,1708520400000,548719.18
9411,1708524000000,543671.11
9412,1708527600000,548617.71
9413,1708531200000,550055.54
9414,1708534800000,566337.18
9415,1708538400000,558568.31
9416,1708542000000,558107.78
9417,1708545600000,553133.64
9418,1708549200000,552186.43
9419,1708552800000,560080.07999999
9420,1708556400000,562196.35
9421,1708560000000,565515.22
9422,1708563600000,564307.27
9423,1708567200000,553244.69999999
9424,1708570800000,553948.87
9425,1708574400000,556537.97
9426,1708578000000,555123.43999999
9427,1708581600000,556277.4
9428,1708585200000,554521.93
9429,1708588800000,561004.74
9430,1708592400000,568548.14
9431,1708596000000,569988.35
9432,1708599600000,573817.84
9433,1708603200000,572270.64
9434,1708606800000,572113.68999999
9435,1708610400000,567769.12
9436,1708614000000,564559.69999999
9437,1708617600000,565693.29
9438,1708621200000,556465.55
9439,1708624800000,559294.25
9440,1708628400000,558187.55
9441,1708632000000,559417.46
9442,1708635600000,559989.39
9443,1708639200000,547797.52
9444,1708642800000,548044.93999999
9445,1708646400000,541733.66
9446,1708650000000,541754.09
9447,1708653600000,541068.37
9448,1708657200000,531108.67
9449,1708660800000,530751.87
9450,1708664400000,529297.44999999
9451,1708668000000,525027.43
9452,1708671600000,532314.16
9453,1708675200000,528846.57999999
9454,1708678800000,527230.07999999
9455,1708682400000,529371.76
9456,1708686000000,531416.02
9457,1708689600000,534938.87
9458,1708693200000,537524.41
9459,1708696800000,538612.48
9460,1708700400000,536845.94999999
9461,1708704000000,526714.22
9462,1708707600000,533866.51
9463,1708711200000,531325.68999999
9464,1708714800000,530112.42
9465,1708718400000,529434.56
9466,1708722000000,529103.89
9467,1708725600000,528453.61
9468,1708729200000,525228.16
9469,1708732800000,521877.68
9470,1708736400000,522164.36
9471,1708740000000,522639.14
9472,1708743600000,523753.36
9473,1708747200000,530796.69999999
9474,1708750800000,530698.67
9475,1708754400000,534947.06
9476,1708758000000,537489.3
9477,1708761600000,537866.93999999
9478,1708765200000,536623.94999999
9479,1708768800000,539965.15
9480,1708772400000,543336.32999999
9481,1708776000000,543661.24
9482,1708779600000,545695.97
9483,1708783200000,546760.09
9484,1708786800000,541684.44999999
9485,1708790400000,543226.01
9486,1708794000000,544598.67
9487,1708797600000,546090.13
9488,1708801200000,547401.68
9489,1708804800000,548410.89
9490,1708808400000,548911.21
9491,1708812000000,548803.55
9492,1708815600000,548908.0
9493,1708819200000,550776.37
9494,1708822800000,551303.31999999
9495,1708826400000,548814.65
9496,1708830000000,551913.66
9497,1708833600000,552592.37
9498,1708837200000,555587.34
9499,1708840800000,560325.06999999
9500,1708844400000,564010.41
9501,1708848000000,562352.04
9502,1708851600000,560689.31999999
9503,1708855200000,559131.36
9504,1708858800000,558880.38
9505,1708862400000,565362.85
9506,1708866000000,569119.05
9507,1708869600000,570813.18
9508,1708873200000,579567.21
9509,1708876800000,574089.04
9510,1708880400000,571503.24
9511,1708884000000,570086.22
9512,1708887600000,570729.48
9513,1708891200000,581881.42
9514,1708894800000,582827.51
9515,1708898400000,580316.67
9516,1708902000000,582321.75
9517,1708905600000,584173.68
9518,1708909200000,579962.59
9519,1708912800000,583136.78
9520,1708916400000,581809.06
9521,1708920000000,583346.8
9522,1708923600000,584224.27
9523,1708927200000,581281.68999999
9524,1708930800000,580030.81999999
9525,1708934400000,575559.01
9526,1708938000000,578083.56
9527,1708941600000,575643.46
9528,1708945200000,580982.09
9529,1708948800000,576351.24
9530,1708952400000,584295.11
9531,1708956000000,587035.82999999
9532,1708959600000,589770.43
9533,1708963200000,590939.21
9534,1708966800000,588563.68
9535,1708970400000,586971.73
9536,1708974000000,578175.56
9537,1708977600000,579912.37
9538,1708981200000,583904.65
9539,1708984800000,578663.47
9540,1708988400000,576942.67
9541,1708992000000,575955.36
9542,1708995600000,577016.16
9543,1708999200000,576464.8
9544,1709002800000,567135.82999999
9545,1709006400000,558571.57999999
9546,1709010000000,554536.57999999
9547,1709013600000,554963.54
9548,1709017200000,559283.71
9549,1709020800000,553388.04
9550,1709024400000,548451.14
9551,1709028000000,551856.73
9552,1709031600000,552119.02
9553,1709035200000,546774.39
9554,1709038800000,545115.04
9555,1709042400000,543433.9
9556,1709046000000,541740.4
9557,1709049600000,534346.02
9558,1709053200000,530416.87
9559,1709056800000,531385.53
9560,1709060400000,530590.19999999
9561,1709064000000,530336.05
9562,1709067600000,530753.22
9563,1709071200000,530384.41
9564,1709074800000,526298.9
9565,1709078400000,527832.54
9566,1709082000000,530074.26
9567,1709085600000,528514.66
9568,1709089200000,528873.86
9569,1709092800000,527661.05
9570,1709096400000,530914.73
9571,1709100000000,531059.28
9572,1709103600000,533928.65
9573,1709107200000,538451.14
9574,1709110800000,545728.28
9575,1709114400000,551388.91
9576,1709118000000,535627.44999999
9577,1709121600000,529012.73
9578,1709125200000,535973.78
9579,1709128800000,538166.27
9580,1709132400000,534493.84
9581,1709136000000,535133.18999999
9582,1709139600000,527071.23
9583,1709143200000,494498.53
9584,1709146800000,493378.83
9585,1709150400000,496974.73
9586,1709154000000,501312.49
9587,1709157600000,504238.26
9588,1709161200000,500323.84
9589,1709164800000,497836.12
9590,1709168400000,508175.57
9591,1709172000000,509830.82
9592,1709175600000,508231.65
9593,1709179200000,511311.44
9594,1709182800000,513616.97
9595,1709186400000,512137.36
9596,1709190000000,512390.64
9597,1709193600000,510845.95
9598,1709197200000,506747.65
9599,1709200800000,504418.57
9600,1709204400000,507256.01
9601,1709208000000,514090.89
9602,1709211600000,512628.72
9603,1709215200000,512212.15
9604,1709218800000,509385.76
9605,1709222400000,506647.18
9606,1709226000000,499668.36
9607,1709229600000,494348.79
9608,1709233200000,491123.62
9609,1709236800000,498060.66
9610,1709240400000,500194.59
9611,1709244000000,488560.3
9612,1709247600000,493715.02
9613,1709251200000,499386.5
9614,1709254800000,504107.45
9615,1709258400000,508424.46
9616,1709262000000,509519.16
9617,1709265600000,511021.24
9618,1709269200000,508605.16
9619,1709272800000,509403.56
9620,1709276400000,510146.79
9621,1709280000000,511684.91
9622,1709283600000,497204.04
9623,1709287200000,498324.62
9624,1709290800000,497080.13
9625,1709294400000,499313.14
9626,1709298000000,503968.48
9627,1709301600000,499708.0
9628,1709305200000,489391.71
9629,1709308800000,488155.07
9630,1709312400000,492519.48
9631,1709316000000,490938.89
9632,1709319600000,488318.53
9633,1709323200000,486310.48
9634,1709326800000,480652.19
9635,1709330400000,479424.54
9636,1709334000000,479691.12
9637,1709337600000,479588.48
9638,1709341200000,480928.03
9639,1709344800000,480619.59
9640,1709348400000,480326.33
9641,1709352000000,480119.4
9642,1709355600000,479175.08
9643,1709359200000,478422.76
9644,1709362800000,480515.0
9645,1709366400000,477982.35
9646,1709370000000,473815.25
9647,1709373600000,471267.49
9648,1709377200000,471553.56
9649,1709380800000,474930.68
9650,1709384400000,474651.93
9651,1709388000000,473337.52
9652,1709391600000,477521.69
9653,1709395200000,479989.6
9654,1709398800000,481797.25
9655,1709402400000,483329.82
9656,1709406000000,485564.9
9657,1709409600000,485515.37
9658,1709413200000,483691.79
9659,1709416800000,482584.82
9660,1709420400000,483261.2
9661,1709424000000,482861.78
9662,1709427600000,483014.27
9663,1709431200000,483713.0
9664,1709434800000,482661.22
9665,1709438400000,483132.9
9666,1709442000000,484151.28
9667,1709445600000,482755.05
9668,1709449200000,482761.03
9669,1709452800000,482678.64
9670,1709456400000,483298.59
9671,1709460000000,485352.33
9672,1709463600000,484104.24
9673,1709467200000,484830.79
9674,1709470800000,486771.9
9675,1709474400000,488210.28
9676,1709478000000,488404.48
9677,1709481600000,490194.9
9678,1709485200000,480180.0
9679,1709488800000,478133.22
9680,1709492400000,478156.92
9681,1709496000000,477539.67
9682,1709499600000,476446.26
9683,1709503200000,473144.86
9684,1709506800000,472006.76
9685,1709510400000,474409.98
9686,1709514000000,468984.86
9687,1709517600000,469573.0
9688,1709521200000,468316.31
9689,1709524800000,469677.2
9690,1709528400000,470569.45
9691,1709532000000,468691.54
9692,1709535600000,468006.16
9693,1709539200000,469628.7
9694,1709542800000,473625.52
9695,1709546400000,479447.4
9696,1709550000000,480918.93
9697,1709553600000,482532.98
9698,1709557200000,478993.34
9699,1709560800000,474869.21
9700,1709564400000,474367.94
9701,1709568000000,479649.55
9702,1709571600000,474594.36
9703,1709575200000,475665.09
9704,1709578800000,483390.98
9705,1709582400000,477519.22
9706,1709586000000,472463.85
9707,1709589600000,468473.57
9708,1709593200000,468872.31
9709,1709596800000,469151.54
9710,1709600400000,467136.28
9711,1709604000000,471009.6
9712,1709607600000,465393.44
9713,1709611200000,469569.82
9714,1709614800000,483678.73
9715,1709618400000,497930.21
9716,1709622000000,501017.82
9717,1709625600000,499475.94
9718,1709629200000,502810.23
9719,1709632800000,499096.73
9720,1709636400000,499733.07
9721,1709640000000,508643.63
9722,1709643600000,509356.36
9723,1709647200000,513609.24
9724,1709650800000,516734.13
9725,1709654400000,527138.99
9726,1709658000000,522691.32
9727,1709661600000,512830.87
9728,1709665200000,517884.15
9729,1709668800000,493378.78
9730,1709672400000,502338.73
9731,1709676000000,495490.25
9732,1709679600000,506971.74
9733,1709683200000,510529.57
9734,1709686800000,512389.01
9735,1709690400000,512609.14
9736,1709694000000,506535.42
9737,1709697600000,506424.24
9738,1709701200000,493103.9
9739,1709704800000,504658.17
9740,1709708400000,504644.23
9741,1709712000000,508402.36
9742,1709715600000,505353.39
9743,1709719200000,511943.99
9744,1709722800000,518707.65
9745,1709726400000,524445.4
9746,1709730000000,512032.56
9747,1709733600000,517533.46
9748,1709737200000,510317.2
9749,1709740800000,508505.46
9750,1709744400000,502623.32
9751,1709748000000,502921.18
9752,1709751600000,502749.59
9753,1709755200000,506617.56
9754,1709758800000,509515.61
9755,1709762400000,507157.87
9756,1709766000000,501859.66
9757,1709769600000,502229.81
9758,1709773200000,501821.04
9759,1709776800000,502563.14
9760,1709780400000,506128.6
9761,1709784000000,507017.12
9762,1709787600000,506236.3
9763,1709791200000,493174.98
9764,1709794800000,501953.77
9765,1709798400000,500063.24
9766,1709802000000,499938.81
9767,1709805600000,499349.97
9768,1709809200000,500759.25
9769,1709812800000,501158.75
9770,1709816400000,499609.59
9771,1709820000000,498811.61
9772,1709823600000,494171.5
9773,1709827200000,490615.39
9774,1709830800000,489204.65
9775,1709834400000,485896.93
9776,1709838000000,485595.98
9777,1709841600000,486935.88
9778,1709845200000,488206.95
9779,1709848800000,486818.66
9780,1709852400000,486197.75
9781,1709856000000,483877.13
9782,1709859600000,485299.26
9783,1709863200000,488950.75
9784,1709866800000,487558.26
9785,1709870400000,489401.21
9786,1709874000000,488613.18
9787,1709877600000,490610.75
9788,1709881200000,489295.66
9789,1709884800000,491731.93
9790,1709888400000,500612.56
9791,1709892000000,506629.72
9792,1709895600000,506506.14
9793,1709899200000,502383.64
9794,1709902800000,500929.24
9795,1709906400000,498393.27
9796,1709910000000,500070.45
9797,1709913600000,505976.64
9798,1709917200000,517173.21
9799,1709920800000,509800.75
9800,1709924400000,506770.06
9801,1709928000000,508011.77
9802,1709931600000,506839.28
9803,1709935200000,503186.71
9804,1709938800000,507209.77
9805,1709942400000,510901.75
9806,1709946000000,513174.86
9807,1709949600000,513128.08
9808,1709953200000,513204.79
9809,1709956800000,511580.97
9810,1709960400000,513862.08
9811,1709964000000,513246.76
9812,1709967600000,507743.77
9813,1709971200000,504442.68
9814,1709974800000,505971.88
9815,1709978400000,507562.11
9816,1709982000000,509187.32
9817,1709985600000,509379.68
9818,1709989200000,509951.56
9819,1709992800000,509370.92
9820,1709996400000,505743.16
9821,1710000000000,505054.99
9822,1710003600000,504368.73
9823,1710007200000,505395.2
9824,1710010800000,506854.49
9825,1710014400000,507272.55
9826,1710018000000,505364.66
9827,1710021600000,505420.11
9828,1710025200000,504689.28
9829,1710028800000,504302.39
9830,1710032400000,503664.71
9831,1710036000000,496544.37
9832,1710039600000,496340.37
9833,1710043200000,494962.59
9834,1710046800000,494836.08
9835,1710050400000,495671.43
9836,1710054000000,495724.91
9837,1710057600000,497182.71
9838,1710061200000,495113.63
9839,1710064800000,496375.17
9840,1710068400000,498500.04
9841,1710072000000,497006.68
9842,1710075600000,497575.55
9843,1710079200000,489910.31
9844,1710082800000,486869.07
9845,1710086400000,486030.95
9846,1710090000000,488568.1
9847,1710093600000,487762.59
9848,1710097200000,486432.71
9849,1710100800000,488488.44
9850,1710104400000,489228.5
9851,1710108000000,488261.37
9852,1710111600000,486270.26
9853,1710115200000,490484.83
9854,1710118800000,488313.3
9855,1710122400000,494326.43
9856,1710126000000,492907.18
9857,1710129600000,491911.69
9858,1710133200000,492816.8
9859,1710136800000,492482.44
9860,1710140400000,494975.77
9861,1710144000000,489119.24
9862,1710147600000,494699.53
9863,1710151200000,491513.59
9864,1710154800000,491696.06
9865,1710158400000,487154.04
9866,1710162000000,500053.78
9867,1710165600000,503360.15
9868,1710169200000,506336.18
9869,1710172800000,505244.52
9870,1710176400000,501242.78
9871,1710180000000,499964.4
9872,1710183600000,493283.53
9873,1710187200000,490531.11
9874,1710190800000,487643.78
9875,1710194400000,484692.32
9876,1710198000000,484874.77
9877,1710201600000,485811.82
9878,1710205200000,482162.85
9879,1710208800000,480502.52
9880,1710212400000,480065.56
9881,1710216000000,474482.09
9882,1710219600000,476134.83
9883,1710223200000,476078.95
9884,1710226800000,476315.85
9885,1710230400000,479662.72
9886,1710234000000,482512.94
9887,1710237600000,482340.55
9888,1710241200000,481970.43
9889,1710244800000,486976.28
9890,1710248400000,486549.37
9891,1710252000000,485834.53
9892,1710255600000,486095.98
9893,1710259200000,487538.14
9894,1710262800000,491149.0
9895,1710266400000,492787.78
9896,1710270000000,492529.41
9897,1710273600000,492641.38
9898,1710277200000,490643.32
9899,1710280800000,489546.93
9900,1710284400000,490926.02
9901,1710288000000,493284.31
9902,1710291600000,493653.67
9903,1710295200000,492301.02
9904,1710298800000,495181.68
9905,1710302400000,497042.74
9906,1710306000000,495373.31
9907,1710309600000,495777.19
9908,1710313200000,500708.33
9909,1710316800000,496730.31
9910,1710320400000,502093.21
9911,1710324000000,501018.3
9912,1710327600000,504880.43
9913,1710331200000,507814.88
9914,1710334800000,499487.01
9915,1710338400000,501087.97
9916,1710342000000,499940.87
9917,1710345600000,504959.38
9918,1710349200000,507070.45
9919,1710352800000,508945.72
9920,1710356400000,512153.71
9921,1710360000000,510939.55
9922,1710363600000,508427.5
9923,1710367200000,508059.02
9924,1710370800000,507497.97
9925,1710374400000,505303.43
9926,1710378000000,506051.05
9927,1710381600000,511638.69
9928,1710385200000,508617.15
9929,1710388800000,508841.02
9930,1710392400000,510480.32
9931,1710396000000,514556.57
9932,1710399600000,512448.05
9933,1710403200000,515576.46
9934,1710406800000,515484.23
9935,1710410400000,513975.72
9936,1710414000000,511957.06
9937,1710417600000,518191.71
9938,1710421200000,519886.48
9939,1710424800000,528840.54
9940,1710428400000,531467.99
9941,1710432000000,534210.18
9942,1710435600000,538201.66
9943,1710439200000,537240.27
9944,1710442800000,524567.06999999
9945,1710446400000,519204.47
9946,1710450000000,516791.63
9947,1710453600000,517113.7
9948,1710457200000,520847.13
9949,1710460800000,517755.98
9950,1710464400000,509676.47
9951,1710468000000,508519.74
9952,1710471600000,504521.05
9953,1710475200000,500613.94
9954,1710478800000,501039.39
9955,1710482400000,503981.53
9956,1710486000000,504637.34
9957,1710489600000,504737.5
9958,1710493200000,512074.69
9959,1710496800000,499907.49
9960,1710500400000,501851.71
9961,1710504000000,505180.68
9962,1710507600000,507826.48
9963,1710511200000,504886.17
9964,1710514800000,504464.58
9965,1710518400000,506007.17
9966,1710522000000,503984.69
9967,1710525600000,504476.62
9968,1710529200000,501687.25
9969,1710532800000,508573.36
9970,1710536400000,501536.55
9971,1710540000000,507533.82
9972,1710543600000,505912.54
9973,1710547200000,501773.46
9974,1710550800000,500298.33
9975,1710554400000,499305.58
9976,1710558000000,497988.28
9977,1710561600000,497504.54
9978,1710565200000,500330.24
9979,1710568800000,504371.85
9980,1710572400000,501122.27
9981,1710576000000,499698.71
9982,1710579600000,499556.11
9983,1710583200000,499766.66
9984,1710586800000,500572.11
9985,1710590400000,501546.31
9986,1710594000000,502048.5
9987,1710597600000,505237.53
9988,1710601200000,502462.78
9989,1710604800000,506667.82
9990,1710608400000,506001.76
9991,1710612000000,508096.8
9992,1710615600000,514827.39
9993,1710619200000,515379.65
9994,1710622800000,514416.46
9995,1710626400000,510885.55
9996,1710630000000,511955.97
9997,1710633600000,512804.47
9998,1710637200000,512267.58
9999,1710640800000,513104.74
10000,1710644400000,513845.32
10001,1710648000000,515727.6
10002,1710651600000,517245.57
10003,1710655200000,520937.24
10004,1710658800000,518924.79
10005,1710662400000,516832.3
10006,1710666000000,496500.55
10007,1710669600000,506505.18
10008,1710673200000,507303.74
10009,1710676800000,505030.15
10010,1710680400000,512698.86
10011,1710684000000,512336.35
10012,1710687600000,513454.7
10013,1710691200000,507153.81
10014,1710694800000,506058.26
10015,1710698400000,505777.57
10016,1710702000000,505544.63
10017,1710705600000,506203.93
10018,1710709200000,506271.61
10019,1710712800000,507940.03
10020,1710716400000,513094.99
10021,1710720000000,514155.14
10022,1710723600000,506885.3
10023,1710727200000,506771.91
10024,1710730800000,507564.16
10025,1710734400000,507788.29
10026,1710738000000,505678.15
10027,1710741600000,506016.25
10028,1710745200000,507379.38
10029,1710748800000,506348.33
10030,1710752400000,506214.47
10031,1710756000000,501434.25
10032,1710759600000,500713.95
10033,1710763200000,500846.28
10034,1710766800000,501782.45
10035,1710770400000,515087.11
10036,1710774000000,514245.6
10037,1710777600000,516713.53
10038,1710781200000,514771.33
10039,1710784800000,510261.43
10040,1710788400000,509962.64
10041,1710792000000,508254.44
10042,1710795600000,508290.23
10043,1710799200000,509199.86
10044,1710802800000,508558.81
10045,1710806400000,507767.54
10046,1710810000000,502820.47
10047,1710813600000,508719.76
10048,1710817200000,516093.47
10049,1710820800000,507960.98
10050,1710824400000,512829.68
10051,1710828000000,511387.28
10052,1710831600000,515369.43
10053,1710835200000,524046.61
10054,1710838800000,511955.26
10055,1710842400000,513924.7
10056,1710846000000,516149.34
10057,1710849600000,517979.94
10058,1710853200000,531099.07999999
10059,1710856800000,527298.13
10060,1710860400000,533999.0
10061,1710864000000,535922.01
10062,1710867600000,534815.68
10063,1710871200000,530015.06999999
10064,1710874800000,527427.75
10065,1710878400000,532785.97
10066,1710882000000,525932.61
10067,1710885600000,526874.73
10068,1710889200000,524834.42
10069,1710892800000,543060.39
10070,1710896400000,542956.46
10071,1710900000000,538820.09
10072,1710903600000,538325.56
10073,1710907200000,539797.37
10074,1710910800000,518668.04
10075,1710914400000,519022.94
10076,1710918000000,516261.08
10077,1710921600000,519223.47
10078,1710925200000,532555.65
10079,1710928800000,538856.8
10080,1710932400000,542164.66
10081,1710936000000,542794.61
10082,1710939600000,550100.85
10083,1710943200000,550163.98
10084,1710946800000,554343.98
10085,1710950400000,560256.36
10086,1710954000000,561839.29
10087,1710957600000,545206.22
10088,1710961200000,562550.56
10089,1710964800000,567789.62
10090,1710968400000,562981.3
10091,1710972000000,564098.64
10092,1710975600000,554295.55
10093,1710979200000,563490.36
10094,1710982800000,555070.21
10095,1710986400000,555392.89
10096,1710990000000,554806.81999999
10097,1710993600000,553327.6
10098,1710997200000,558005.62
10099,1711000800000,559474.41
10100,1711004400000,560771.68
10101,1711008000000,559232.54
10102,1711011600000,567057.32999999
10103,1711015200000,563914.13
10104,1711018800000,565681.55
10105,1711022400000,560341.18
10106,1711026000000,568813.8
10107,1711029600000,558585.81999999
10108,1711033200000,556111.52
10109,1711036800000,552717.22
10110,1711040400000,553089.73
10111,1711044000000,543146.68999999
10112,1711047600000,543280.31999999
10113,1711051200000,551153.14
10114,1711054800000,552990.59
10115,1711058400000,552710.94999999
10116,1711062000000,549854.07999999
10117,1711065600000,550367.18
10118,1711069200000,550971.35
10119,1711072800000,549774.49
10120,1711076400000,550851.56999999
10121,1711080000000,552768.02
10122,1711083600000,550891.81999999
10123,1711087200000,553855.42
10124,1711090800000,557421.28
10125,1711094400000,558592.02
10126,1711098000000,556407.1
10127,1711101600000,554572.22
10128,1711105200000,556790.04
10129,1711108800000,556663.43
10130,1711112400000,554527.53
10131,1711116000000,544014.89
10132,1711119600000,546818.34
10133,1711123200000,551694.37
10134,1711126800000,549177.92
10135,1711130400000,548590.77
10136,1711134000000,548490.62
10137,1711137600000,551627.1
10138,1711141200000,558302.8
10139,1711144800000,547840.04
10140,1711148400000,548963.79
10141,1711152000000,549563.88
10142,1711155600000,549732.98
10143,1711159200000,551712.24
10144,1711162800000,552305.52
10145,1711166400000,549174.91
10146,1711170000000,550958.29
10147,1711173600000,551847.57999999
10148,1711177200000,552028.49
10149,1711180800000,553160.9
10150,1711184400000,551838.84
10151,1711188000000,552375.69999999
10152,1711191600000,562194.5
10153,1711195200000,563922.72
10154,1711198800000,566948.96
10155,1711202400000,568155.03
10156,1711206000000,564204.17
10157,1711209600000,564267.14
10158,1711213200000,567011.66
10159,1711216800000,568181.72
10160,1711220400000,568584.9
10161,1711224000000,565164.98
10162,1711227600000,564604.46
10163,1711231200000,560737.89
10164,1711234800000,560843.56
10165,1711238400000,556383.56999999
10166,1711242000000,555641.49
10167,1711245600000,554865.29
10168,1711249200000,555347.39
10169,1711252800000,556321.27
10170,1711256400000,552708.76
10171,1711260000000,553544.24
10172,1711263600000,553904.41
10173,1711267200000,553434.65
10174,1711270800000,554865.18
10175,1711274400000,554857.94999999
10176,1711278000000,555922.52
10177,1711281600000,556787.16
10178,1711285200000,555497.43999999
10179,1711288800000,555761.81999999
10180,1711292400000,554476.56999999
10181,1711296000000,554210.0
10182,1711299600000,554517.46
10183,1711303200000,552524.56
10184,1711306800000,553032.36
10185,1711310400000,552523.06
10186,1711314000000,555776.14
10187,1711317600000,556171.98
10188,1711321200000,556952.81999999
10189,1711324800000,558919.32999999
10190,1711328400000,560129.09
10191,1711332000000,556725.84
10192,1711335600000,558597.18999999
10193,1711339200000,558291.72
10194,1711342800000,559987.75
10195,1711346400000,563953.07999999
10196,1711350000000,562626.96
10197,1711353600000,560303.97
10198,1711357200000,560151.37
10199,1711360800000,562732.15
10200,1711364400000,562627.53
10201,1711368000000,562696.59
10202,1711371600000,561946.9
10203,1711375200000,563324.16
10204,1711378800000,572489.93999999
10205,1711382400000,571041.85
10206,1711386000000,562473.38
10207,1711389600000,560710.71
10208,1711393200000,561643.64
10209,1711396800000,559743.12
10210,1711400400000,558655.18
10211,1711404000000,555824.82999999
10212,1711407600000,558466.8
10213,1711411200000,556681.18999999
10214,1711414800000,556407.89
10215,1711418400000,560430.43
10216,1711422000000,559538.02
10217,1711425600000,556088.75
10218,1711429200000,557776.31
10219,1711432800000,557242.3
10220,1711436400000,559215.55
10221,1711440000000,560878.81999999
10222,1711443600000,559324.9
10223,1711447200000,561280.96
10224,1711450800000,561566.74
10225,1711454400000,559368.24
10226,1711458000000,563694.18
10227,1711461600000,565447.98
10228,1711465200000,557326.92
10229,1711468800000,557264.23
10230,1711472400000,556766.0
10231,1711476000000,558575.14
10232,1711479600000,560338.43999999
10233,1711483200000,562709.43999999
10234,1711486800000,562423.91
10235,1711490400000,568835.04
10236,1711494000000,568321.51
10237,1711497600000,568818.73
10238,1711501200000,568591.44999999
10239,1711504800000,568764.3
10240,1711508400000,569979.74
10241,1711512000000,569946.62
10242,1711515600000,568813.56
10243,1711519200000,569264.87
10244,1711522800000,569413.53
10245,1711526400000,571087.47
10246,1711530000000,572779.54
10247,1711533600000,570233.49
10248,1711537200000,574055.84
10249,1711540800000,576591.59
10250,1711544400000,576740.67
10251,1711548000000,581142.37
10252,1711551600000,560702.28
10253,1711555200000,565935.55
10254,1711558800000,560832.43
10255,1711562400000,557116.26
10256,1711566000000,553631.72
10257,1711569600000,551894.42
10258,1711573200000,553217.85
10259,1711576800000,553053.81
10260,1711580400000,553388.38
10261,1711584000000,554920.96
10262,1711587600000,554368.96
10263,1711591200000,554013.02
10264,1711594800000,551446.93999999
10265,1711598400000,551101.69999999
10266,1711602000000,551598.36
10267,1711605600000,554395.43
10268,1711609200000,556881.93999999
10269,1711612800000,559870.21
10270,1711616400000,561011.22
10271,1711620000000,566485.43
10272,1711623600000,565706.89
10273,1711627200000,566915.93999999
10274,1711630800000,566184.84
10275,1711634400000,565110.55
10276,1711638000000,566403.94999999
10277,1711641600000,561420.41
10278,1711645200000,558777.72
10279,1711648800000,553367.59
10280,1711652400000,553737.21
10281,1711656000000,554373.99
10282,1711659600000,553236.56999999
10283,1711663200000,553679.51
10284,1711666800000,553268.81999999
10285,1711670400000,552004.01
10286,1711674000000,551959.04
10287,1711677600000,550646.16
10288,1711681200000,549904.86
10289,1711684800000,549050.05
10290,1711688400000,554604.32999999
10291,1711692000000,554673.68999999
10292,1711695600000,555846.21
10293,1711699200000,553386.18999999
10294,1711702800000,558133.13
10295,1711706400000,564740.57999999
10296,1711710000000,562620.0
10297,1711713600000,561258.71
10298,1711717200000,562031.22
10299,1711720800000,565383.97
10300,1711724400000,563824.71
10301,1711728000000,560050.42
10302,1711731600000,558915.09
10303,1711735200000,558162.78
10304,1711738800000,558355.17
10305,1711742400000,559149.76
10306,1711746000000,559411.68999999
10307,1711749600000,556616.89
10308,1711753200000,555701.51
10309,1711756800000,559652.55
10310,1711760400000,557187.99
10311,1711764000000,556578.29
10312,1711767600000,558318.49
10313,1711771200000,559336.46
10314,1711774800000,555721.68999999
10315,1711778400000,555530.31
10316,1711782000000,555246.3
10317,1711785600000,553825.65
10318,1711789200000,556006.44999999
10319,1711792800000,556696.79
10320,1711796400000,567194.8
10321,1711800000000,568891.06
10322,1711803600000,570473.28
10323,1711807200000,570492.65
10324,1711810800000,569479.65
10325,1711814400000,569013.25
10326,1711818000000,571404.05
10327,1711821600000,570539.06
10328,1711825200000,572105.91
10329,1711828800000,570372.81999999
10330,1711832400000,570812.46
10331,1711836000000,570658.54
10332,1711839600000,569582.43999999
10333,1711843200000,570731.12
10334,1711846800000,571359.9
10335,1711850400000,570516.78
10336,1711854000000,569549.64
10337,1711857600000,569945.57999999
10338,1711861200000,569490.32999999
10339,1711864800000,575145.57999999
10340,1711868400000,579184.74
10341,1711872000000,584580.52
10342,1711875600000,588046.43999999
10343,1711879200000,585092.8
10344,1711882800000,583066.6
10345,1711886400000,585878.23
10346,1711890000000,583746.8
10347,1711893600000,580573.11
10348,1711897200000,577646.96
10349,1711900800000,576292.52
10350,1711904400000,577096.46
10351,1711908000000,577337.56999999
10352,1711911600000,572080.12
10353,1711915200000,571050.85
10354,1711918800000,572981.96
10355,1711922400000,572075.35
10356,1711926000000,572351.55
10357,1711929600000,573743.24
10358,1711933200000,571384.6
10359,1711936800000,570286.84
10360,1711940400000,568929.1
10361,1711944000000,570190.85
10362,1711947600000,567812.09
10363,1711951200000,558283.54
10364,1711954800000,563097.66
10365,1711958400000,561928.79
10366,1711962000000,554443.28
10367,1711965600000,554415.07999999
10368,1711969200000,557361.97
10369,1711972800000,560154.43999999
10370,1711976400000,573531.84
10371,1711980000000,584925.97
10372,1711983600000,587078.9
10373,1711987200000,582474.78
10374,1711990800000,587108.14
10375,1711994400000,577783.06
10376,1711998000000,581705.87
10377,1712001600000,579985.8
10378,1712005200000,579079.12
10379,1712008800000,574576.78
10380,1712012400000,574067.43999999
10381,1712016000000,572782.35
10382,1712019600000,568807.15
10383,1712023200000,569000.41
10384,1712026800000,540076.51
10385,1712030400000,547787.65
10386,1712034000000,548523.89
10387,1712037600000,551010.65
10388,1712041200000,556050.02
10389,1712044800000,560237.35
10390,1712048400000,557524.84
10391,1712052000000,555871.82999999
10392,1712055600000,550657.17
10393,1712059200000,549757.17
10394,1712062800000,554416.36
10395,1712066400000,542184.4
10396,1712070000000,553154.19999999
10397,1712073600000,541208.73
10398,1712077200000,550546.6
10399,1712080800000,547151.67
10400,1712084400000,549743.42
10401,1712088000000,551909.77
10402,1712091600000,549240.36
10403,1712095200000,544007.25
10404,1712098800000,545700.56
10405,1712102400000,546072.94999999
10406,1712106000000,544329.34
10407,1712109600000,547288.24
10408,1712113200000,546663.46
10409,1712116800000,547456.63
10410,1712120400000,549294.89
10411,1712124000000,551872.99
10412,1712127600000,551025.66
10413,1712131200000,548574.56
10414,1712134800000,550114.68999999
10415,1712138400000,554908.6
10416,1712142000000,552483.24
10417,1712145600000,549616.15
10418,1712149200000,552460.55
10419,1712152800000,556273.15
10420,1712156400000,564866.35
10421,1712160000000,551759.35
10422,1712163600000,556254.36
10423,1712167200000,546427.48
10424,1712170800000,553872.14
10425,1712174400000,548317.48
10426,1712178000000,550137.37
10427,1712181600000,555781.78
10428,1712185200000,550341.55
10429,1712188800000,549437.47
10430,1712192400000,549355.52
10431,1712196000000,546282.31999999
10432,1712199600000,546994.43999999
10433,1712203200000,550865.18999999
10434,1712206800000,545576.77
10435,1712210400000,541494.54
10436,1712214000000,545049.96
10437,1712217600000,551476.65
10438,1712221200000,552503.49
10439,1712224800000,552033.23
10440,1712228400000,559116.63
10441,1712232000000,560962.75
10442,1712235600000,563573.11
10443,1712239200000,556057.57999999
10444,1712242800000,555153.37
10445,1712246400000,557332.8
10446,1712250000000,555924.25
10447,1712253600000,555224.34
10448,1712257200000,550973.8
10449,1712260800000,558640.35
10450,1712264400000,542616.66
10451,1712268000000,545151.96
10452,1712271600000,548282.92
10453,1712275200000,548620.85
10454,1712278800000,550815.71
10455,1712282400000,550566.53
10456,1712286000000,549529.65
10457,1712289600000,545075.01
10458,1712293200000,550264.57999999
10459,1712296800000,554595.65
10460,1712300400000,543999.05
10461,1712304000000,544003.75
10462,1712307600000,542227.85
10463,1712311200000,545452.93
10464,1712314800000,549482.73
10465,1712318400000,548922.47
10466,1712322000000,534968.67
10467,1712325600000,551081.31999999
10468,1712329200000,563922.31
10469,1712332800000,564047.18
10470,1712336400000,554824.85
10471,1712340000000,549793.65
10472,1712343600000,548145.64
10473,1712347200000,546068.68999999
10474,1712350800000,548375.11
10475,1712354400000,547818.05
10476,1712358000000,543037.72
10477,1712361600000,544218.68
10478,1712365200000,543586.43999999
10479,1712368800000,542511.15
10480,1712372400000,542323.65
10481,1712376000000,542446.55
10482,1712379600000,541665.6
10483,1712383200000,541577.04
10484,1712386800000,542114.24
10485,1712390400000,541715.96
10486,1712394000000,542854.35
10487,1712397600000,543181.81999999
10488,1712401200000,543985.56
10489,1712404800000,542739.43
10490,1712408400000,542190.26
10491,1712412000000,541871.66
10492,1712415600000,541854.66
10493,1712419200000,542893.69999999
10494,1712422800000,543273.09
10495,1712426400000,545582.55
10496,1712430000000,545944.41
10497,1712433600000,545985.56
10498,1712437200000,547050.29
10499,1712440800000,545676.81999999
10500,1712444400000,549327.14
10501,1712448000000,545276.47
10502,1712451600000,546814.9
10503,1712455200000,551003.68999999
10504,1712458800000,552956.35
10505,1712462400000,553407.06999999
10506,1712466000000,552501.56
10507,1712469600000,552925.02
10508,1712473200000,553718.8
10509,1712476800000,554267.65
10510,1712480400000,553188.56999999
10511,1712484000000,551707.27
10512,1712487600000,551202.96
10513,1712491200000,551523.15
10514,1712494800000,556004.28
10515,1712498400000,558217.12
10516,1712502000000,559143.16
10517,1712505600000,559092.63
10518,1712509200000,556690.98
10519,1712512800000,552747.22
10520,1712516400000,552544.43999999
10521,1712520000000,553663.0
10522,1712523600000,553270.25
10523,1712527200000,555024.47
10524,1712530800000,559934.41
10525,1712534400000,562070.84
10526,1712538000000,564724.47
10527,1712541600000,562482.54
10528,1712545200000,560885.5
10529,1712548800000,560032.39
10530,1712552400000,559224.5
10531,1712556000000,563064.68999999
10532,1712559600000,563440.66
10533,1712563200000,561459.68
10534,1712566800000,573491.71
10535,1712570400000,581167.76
10536,1712574000000,579324.16
10537,1712577600000,581648.73
10538,1712581200000,582746.87
10539,1712584800000,592131.74
10540,1712588400000,579367.73
10541,1712592000000,582177.28
10542,1712595600000,584147.49
10543,1712599200000,585731.57999999
10544,1712602800000,581020.88
10545,1712606400000,582134.91
10546,1712610000000,582607.24
10547,1712613600000,584216.39
10548,1712617200000,584845.63
10549,1712620800000,582443.1
10550,1712624400000,582062.38
10551,1712628000000,590096.89
10552,1712631600000,590140.48
10553,1712635200000,586295.14
10554,1712638800000,587448.18999999
10555,1712642400000,584141.03
10556,1712646000000,576600.87
10557,1712649600000,588862.4
10558,1712653200000,576314.63
10559,1712656800000,578205.71
10560,1712660400000,579918.84
10561,1712664000000,578348.55
10562,1712667600000,578349.25
10563,1712671200000,574998.02
10564,1712674800000,567093.3
10565,1712678400000,574438.27
10566,1712682000000,570534.46
10567,1712685600000,574654.51
10568,1712689200000,575302.32999999
10569,1712692800000,572360.82999999
10570,1712696400000,569002.46
10571,1712700000000,570362.31999999
10572,1712703600000,571619.71
10573,1712707200000,563697.06999999
10574,1712710800000,569023.92
10575,1712714400000,561453.54
10576,1712718000000,558426.68999999
10577,1712721600000,558519.34
10578,1712725200000,561776.22
10579,1712728800000,563920.87
10580,1712732400000,564665.31
10581,1712736000000,565417.37
10582,1712739600000,561776.24
10583,1712743200000,559541.64
10584,1712746800000,557006.27
10585,1712750400000,558946.68999999
10586,1712754000000,564168.42
10587,1712757600000,563904.61
10588,1712761200000,561534.28
10589,1712764800000,562629.31
10590,1712768400000,563892.69999999
10591,1712772000000,556762.75
10592,1712775600000,558439.5
10593,1712779200000,555013.92
10594,1712782800000,556913.85
10595,1712786400000,559643.93
10596,1712790000000,558313.23
10597,1712793600000,555809.76
10598,1712797200000,555270.42
10599,1712800800000,555675.75
10600,1712804400000,554086.24
10601,1712808000000,553580.73
10602,1712811600000,553369.51
10603,1712815200000,552395.91
10604,1712818800000,552010.62
10605,1712822400000,548929.78
10606,1712826000000,551383.5
10607,1712829600000,550871.49
10608,1712833200000,551292.02
10609,1712836800000,548214.01
10610,1712840400000,552881.24
10611,1712844000000,545598.19999999
10612,1712847600000,537725.89
10613,1712851200000,541402.54
10614,1712854800000,544526.37
10615,1712858400000,544346.06
10616,1712862000000,548348.31
10617,1712865600000,549059.04
10618,1712869200000,550090.37
10619,1712872800000,542841.63
10620,1712876400000,545015.44999999
10621,1712880000000,543830.61
10622,1712883600000,545514.18999999
10623,1712887200000,545023.44999999
10624,1712890800000,545257.02
10625,1712894400000,544599.93999999
10626,1712898000000,544880.63
10627,1712901600000,543653.02
10628,1712905200000,542423.35
10629,1712908800000,542639.82999999
10630,1712912400000,543160.43
10631,1712916000000,543050.68999999
10632,1712919600000,548187.39
10633,1712923200000,549727.07999999
10634,1712926800000,548537.93
10635,1712930400000,545126.91
10636,1712934000000,543270.17
10637,1712937600000,545993.26
10638,1712941200000,550314.62
10639,1712944800000,540883.14
10640,1712948400000,539315.48
10641,1712952000000,532468.61
10642,1712955600000,535003.41
10643,1712959200000,538522.97
10644,1712962800000,539871.3
10645,1712966400000,538915.97
10646,1712970000000,538936.55
10647,1712973600000,538431.72
10648,1712977200000,534525.15
10649,1712980800000,529982.16
10650,1712984400000,525743.18
10651,1712988000000,524970.64
10652,1712991600000,527015.31
10653,1712995200000,525271.37
10654,1712998800000,525300.44999999
10655,1713002400000,525200.19999999
10656,1713006000000,527257.73
10657,1713009600000,525591.39
10658,1713013200000,527504.34
10659,1713016800000,529828.42
10660,1713020400000,527239.06999999
10661,1713024000000,528820.57999999
10662,1713027600000,525793.43999999
10663,1713031200000,526603.0
10664,1713034800000,524782.46
10665,1713038400000,513740.14
10666,1713042000000,510494.6
10667,1713045600000,511765.38
10668,1713049200000,503729.25
10669,1713052800000,499355.21
10670,1713056400000,499017.97
10671,1713060000000,505742.21
10672,1713063600000,507314.51
10673,1713067200000,512844.19
10674,1713070800000,511914.16
10675,1713074400000,510838.98
10676,1713078000000,514465.4
10677,1713081600000,516722.03
10678,1713085200000,515917.37
10679,1713088800000,516533.02
10680,1713092400000,520450.18
10681,1713096000000,522072.01
10682,1713099600000,523584.73
10683,1713103200000,523860.72
10684,1713106800000,520908.68
10685,1713110400000,520672.2
10686,1713114000000,518143.53
10687,1713117600000,507522.32
10688,1713121200000,508106.18
10689,1713124800000,507962.62
10690,1713128400000,507639.89
10691,1713132000000,505950.26
10692,1713135600000,516525.2
10693,1713139200000,511481.16
10694,1713142800000,510256.6
10695,1713146400000,514942.38
10696,1713150000000,513462.59
10697,1713153600000,517317.03
10698,1713157200000,513950.99
10699,1713160800000,515048.05
10700,1713164400000,518429.55
10701,1713168000000,514465.82
10702,1713171600000,516866.89
10703,1713175200000,514974.06
10704,1713178800000,516068.14
10705,1713182400000,515089.72
10706,1713186000000,512044.21
10707,1713189600000,509361.93
10708,1713193200000,503916.48
10709,1713196800000,509196.87
10710,1713200400000,509531.01
10711,1713204000000,508233.74
10712,1713207600000,503671.49
10713,1713211200000,506589.47
10714,1713214800000,508042.45
10715,1713218400000,515009.99
10716,1713222000000,512049.87
10717,1713225600000,510789.93
10718,1713229200000,507295.72
10719,1713232800000,505284.6
10720,1713236400000,505247.42
10721,1713240000000,505281.78
10722,1713243600000,501618.11
10723,1713247200000,503146.38
10724,1713250800000,507708.3
10725,1713254400000,503426.96
10726,1713258000000,504247.53
10727,1713261600000,502337.12
10728,1713265200000,513184.31
10729,1713268800000,510736.2
10730,1713272400000,513044.12
10731,1713276000000,514984.16
10732,1713279600000,509168.44
10733,1713283200000,514479.08
10734,1713286800000,515450.16
10735,1713290400000,514160.48
10736,1713294000000,516773.24
10737,1713297600000,516164.94
10738,1713301200000,516973.56
10739,1713304800000,516110.87
10740,1713308400000,513168.61
10741,1713312000000,514205.6
10742,1713315600000,515601.29
10743,1713319200000,516088.8
10744,1713322800000,517151.79
10745,1713326400000,516499.07
10746,1713330000000,520109.66
10747,1713333600000,518755.11
10748,1713337200000,526736.87
10749,1713340800000,523863.24
10750,1713344400000,514224.43
10751,1713348000000,513394.7
10752,1713351600000,521377.88
10753,1713355200000,513807.96
10754,1713358800000,513919.11
10755,1713362400000,518884.62
10756,1713366000000,509773.96
10757,1713369600000,511435.97
10758,1713373200000,511271.14
10759,1713376800000,513575.12
10760,1713380400000,518421.7
10761,1713384000000,526544.79
10762,1713387600000,523333.84
10763,1713391200000,525533.77
10764,1713394800000,527119.43
10765,1713398400000,526771.96
10766,1713402000000,528136.5
10767,1713405600000,527470.72
10768,1713409200000,527843.1
10769,1713412800000,529714.24
10770,1713416400000,523999.78
10771,1713420000000,510439.28
10772,1713423600000,514070.69
10773,1713427200000,516310.9
10774,1713430800000,515153.26
10775,1713434400000,511569.67
10776,1713438000000,509803.07
10777,1713441600000,516651.03
10778,1713445200000,514273.18
10779,1713448800000,513517.2
10780,1713452400000,498792.94
10781,1713456000000,509087.14
10782,1713459600000,510239.37
10783,1713463200000,494222.75
10784,1713466800000,504504.57
10785,1713470400000,496284.54
10786,1713474000000,509391.7
10787,1713477600000,509388.81
10788,1713481200000,508073.73
10789,1713484800000,508679.36
10790,1713488400000,505604.72
10791,1713492000000,516334.14
10792,1713495600000,516901.43
10793,1713499200000,513046.71
10794,1713502800000,524568.5
10795,1713506400000,518407.51
10796,1713510000000,518202.68
10797,1713513600000,535671.92
10798,1713517200000,530428.41
10799,1713520800000,530583.41
10800,1713524400000,535667.61
10801,1713528000000,537737.61
10802,1713531600000,534496.22
10803,1713535200000,534270.54
10804,1713538800000,530877.26
10805,1713542400000,528157.67
10806,1713546000000,521112.3
10807,1713549600000,518961.35
10808,1713553200000,522322.64
10809,1713556800000,526640.81
10810,1713560400000,514418.84
10811,1713564000000,520716.45
10812,1713567600000,513091.34
10813,1713571200000,511799.82
10814,1713574800000,509472.06
10815,1713578400000,508728.96
10816,1713582000000,507590.86
10817,1713585600000,508719.44
10818,1713589200000,509439.9
10819,1713592800000,510575.13
10820,1713596400000,511525.18
10821,1713600000000,512167.93
10822,1713603600000,511442.87
10823,1713607200000,507637.06
10824,1713610800000,506293.98
10825,1713614400000,505958.33
10826,1713618000000,506741.97
10827,1713621600000,504647.87
10828,1713625200000,504060.94
10829,1713628800000,506030.84
10830,1713632400000,506626.78
10831,1713636000000,504027.49
10832,1713639600000,505830.45
10833,1713643200000,502964.25
10834,1713646800000,498637.74
10835,1713650400000,500184.47
10836,1713654000000,499364.8
10837,1713657600000,501297.95
10838,1713661200000,499432.9
10839,1713664800000,499777.17
10840,1713668400000,499685.56
10841,1713672000000,499316.45
10842,1713675600000,500248.07
10843,1713679200000,501745.23
10844,1713682800000,507770.15
10845,1713686400000,510144.39
10846,1713690000000,509635.33
10847,1713693600000,511246.41
10848,1713697200000,505133.02
10849,1713700800000,503448.18
10850,1713704400000,501797.57
10851,1713708000000,501299.57
10852,1713711600000,501187.0
10853,1713715200000,501068.53
10854,1713718800000,503865.43
10855,1713722400000,505549.16
10856,1713726000000,505700.03
10857,1713729600000,506837.05
10858,1713733200000,503562.14
10859,1713736800000,503025.13
10860,1713740400000,505976.19
10861,1713744000000,505837.05
10862,1713747600000,506001.02
10863,1713751200000,514641.68
10864,1713754800000,519314.48
10865,1713758400000,510903.43
10866,1713762000000,513241.9
10867,1713765600000,513860.92
10868,1713769200000,509730.91
10869,1713772800000,508713.92
10870,1713776400000,509870.75
10871,1713780000000,510624.04
10872,1713783600000,511862.65
10873,1713787200000,508805.95
10874,1713790800000,512643.26
10875,1713794400000,501041.48
10876,1713798000000,498983.53
10877,1713801600000,498974.33
10878,1713805200000,497839.34
10879,1713808800000,501889.51
10880,1713812400000,508518.79
10881,1713816000000,511082.75
10882,1713819600000,500812.0
10883,1713823200000,500883.69
10884,1713826800000,495883.82
10885,1713830400000,500935.7
10886,1713834000000,501448.6
10887,1713837600000,500617.79
10888,1713841200000,499195.69
10889,1713844800000,498343.61
10890,1713848400000,498402.2
10891,1713852000000,497185.11
10892,1713855600000,500679.91
10893,1713859200000,500289.51
10894,1713862800000,499312.25
10895,1713866400000,498766.09
10896,1713870000000,498504.21
10897,1713873600000,496978.82
10898,1713877200000,495513.87
10899,1713880800000,498326.32
10900,1713884400000,510674.43
10901,1713888000000,512283.87
10902,1713891600000,511547.92
10903,1713895200000,511003.93
10904,1713898800000,509055.02
10905,1713902400000,504913.9
10906,1713906000000,500397.02
10907,1713909600000,500536.81
10908,1713913200000,501211.17
10909,1713916800000,500822.55
10910,1713920400000,499911.34
10911,1713924000000,501129.28
10912,1713927600000,505376.31
10913,1713931200000,507363.99
10914,1713934800000,506840.73
10915,1713938400000,507928.45
10916,1713942000000,508981.95
10917,1713945600000,508631.52
10918,1713949200000,508859.83
10919,1713952800000,508915.56
10920,1713956400000,510149.83
10921,1713960000000,514029.04
10922,1713963600000,511342.38
10923,1713967200000,514445.21
10924,1713970800000,514176.6
10925,1713974400000,511764.41
10926,1713978000000,510820.43
10927,1713981600000,517750.38
10928,1713985200000,513113.02
10929,1713988800000,515048.79
10930,1713992400000,512202.01
10931,1713996000000,513726.15
10932,1713999600000,514041.56
10933,1714003200000,510488.73
10934,1714006800000,518109.63
10935,1714010400000,513623.31
10936,1714014000000,517636.94
10937,1714017600000,520025.49
10938,1714021200000,519342.19
10939,1714024800000,518281.34
10940,1714028400000,515276.41
10941,1714032000000,502510.29
10942,1714035600000,504367.13
10943,1714039200000,503601.77
10944,1714042800000,497672.54
10945,1714046400000,494699.46
10946,1714050000000,495298.15
10947,1714053600000,514872.68
10948,1714057200000,515274.58
10949,1714060800000,518537.81
10950,1714064400000,520554.33
10951,1714068000000,516512.22
10952,1714071600000,515992.63
10953,1714075200000,514547.89
10954,1714078800000,513143.71
10955,1714082400000,510735.04
10956,1714086000000,510169.07
10957,1714089600000,508924.14
10958,1714093200000,509933.31
10959,1714096800000,511086.35
10960,1714100400000,509056.88
10961,1714104000000,504257.76
10962,1714107600000,504836.48
10963,1714111200000,504778.42
10964,1714114800000,505295.82
10965,1714118400000,505888.63
10966,1714122000000,506942.64
10967,1714125600000,506867.17
10968,1714129200000,505820.85
10969,1714132800000,507509.73
10970,1714136400000,503832.04
10971,1714140000000,500979.06
10972,1714143600000,502407.28
10973,1714147200000,508645.06
10974,1714150800000,508627.73
10975,1714154400000,512280.81
10976,1714158000000,518076.65
10977,1714161600000,512248.93
10978,1714165200000,514936.61
10979,1714168800000,511524.38
10980,1714172400000,505619.06
10981,1714176000000,504822.12
10982,1714179600000,513623.01
10983,1714183200000,519892.45
10984,1714186800000,513362.67
10985,1714190400000,511056.99
10986,1714194000000,512067.86
10987,1714197600000,510288.23
10988,1714201200000,513483.98
10989,1714204800000,512522.57
10990,1714208400000,510287.48
10991,1714212000000,509474.66
10992,1714215600000,508681.69
10993,1714219200000,512808.92
10994,1714222800000,514682.17
10995,1714226400000,515357.83
10996,1714230000000,517772.19
10997,1714233600000,518310.91
10998,1714237200000,517779.99
10999,1714240800000,534587.65
11000,1714244400000,534658.37
11001,1714248000000,529095.14
11002,1714251600000,526380.06
11003,1714255200000,527026.07999999
11004,1714258800000,530172.32999999
11005,1714262400000,531465.59
11006,1714266000000,535245.4
11007,1714269600000,537168.48
11008,1714273200000,533592.71
11009,1714276800000,536315.41
11010,1714280400000,540427.34
11011,1714284000000,542285.52
11012,1714287600000,549593.72
11013,1714291200000,550978.32999999
11014,1714294800000,551841.93
11015,1714298400000,551623.64
11016,1714302000000,542738.3
11017,1714305600000,540565.42
11018,1714309200000,536684.37
11019,1714312800000,534009.37
11020,1714316400000,532794.22
11021,1714320000000,535900.96
11022,1714323600000,538360.11
11023,1714327200000,537766.06
11024,1714330800000,525770.6
11025,1714334400000,527121.65
11026,1714338000000,525492.09
11027,1714341600000,525256.68999999
11028,1714345200000,523786.99
11029,1714348800000,507559.71
11030,1714352400000,514974.05
11031,1714356000000,521690.2
11032,1714359600000,518866.14
11033,1714363200000,508808.05
11034,1714366800000,515374.76
11035,1714370400000,516821.76
11036,1714374000000,518497.35
11037,1714377600000,516952.8
11038,1714381200000,514570.95
11039,1714384800000,516720.44
11040,1714388400000,513083.21
11041,1714392000000,516580.95
11042,1714395600000,515101.21
11043,1714399200000,511892.47
11044,1714402800000,517384.73
11045,1714406400000,518483.65
11046,1714410000000,513438.4
11047,1714413600000,514143.53
11048,1714417200000,522569.75
11049,1714420800000,528290.31999999
11050,1714424400000,524910.25
11051,1714428000000,522295.12
11052,1714431600000,519258.08
11053,1714435200000,522994.46
11054,1714438800000,522536.67
11055,1714442400000,511999.52
11056,1714446000000,511421.26
11057,1714449600000,512918.78
11058,1714453200000,518706.85
11059,1714456800000,518315.02
11060,1714460400000,520734.29
11061,1714464000000,522429.94
11062,1714467600000,511868.96
11063,1714471200000,519043.03
11064,1714474800000,526586.35
11065,1714478400000,520419.52
11066,1714482000000,517306.98
11067,1714485600000,518062.46
11068,1714489200000,525557.68
11069,1714492800000,525164.49
11070,1714496400000,520671.14
11071,1714500000000,520531.61
11072,1714503600000,519341.57
11073,1714507200000,518511.55
11074,1714510800000,516477.48
11075,1714514400000,513302.95
11076,1714518000000,513761.89
11077,1714521600000,517108.81
11078,1714525200000,513796.82
11079,1714528800000,513077.26
11080,1714532400000,505040.14
11081,1714536000000,504746.99
11082,1714539600000,506497.9
11083,1714543200000,509749.74
11084,1714546800000,507716.17
11085,1714550400000,507657.48
11086,1714554000000,509607.72
11087,1714557600000,517164.55
11088,1714561200000,513712.54
11089,1714564800000,513393.64
11090,1714568400000,512957.95
11091,1714572000000,509098.49
11092,1714575600000,501908.63
11093,1714579200000,499474.41
11094,1714582800000,501834.28
11095,1714586400000,501761.5
11096,1714590000000,512112.5
11097,1714593600000,517301.71
11098,1714597200000,520586.22
11099,1714600800000,524592.6
11100,1714604400000,522946.1
11101,1714608000000,522078.99
11102,1714611600000,519117.2
11103,1714615200000,505716.1
11104,1714618800000,505624.87
11105,1714622400000,503727.03
11106,1714626000000,504595.5
11107,1714629600000,507255.61
11108,1714633200000,505144.83
11109,1714636800000,506532.84
11110,1714640400000,506801.13
11111,1714644000000,518615.22
11112,1714647600000,523078.9
11113,1714651200000,526349.0
11114,1714654800000,500579.43
11115,1714658400000,501177.27
11116,1714662000000,509355.36
11117,1714665600000,510222.78
11118,1714669200000,504487.02
11119,1714672800000,502621.16
11120,1714676400000,500816.76
11121,1714680000000,500160.5
11122,1714683600000,503825.82
11123,1714687200000,505957.72
11124,1714690800000,507434.45
11125,1714694400000,506616.79
11126,1714698000000,503740.54
11127,1714701600000,505574.66
11128,1714705200000,502620.15
11129,1714708800000,505060.15
11130,1714712400000,505545.59
11131,1714716000000,503553.58
11132,1714719600000,498674.79
11133,1714723200000,496260.94
11134,1714726800000,493018.92
11135,1714730400000,495136.35
11136,1714734000000,495080.03
11137,1714737600000,493613.83
11138,1714741200000,492455.26
11139,1714744800000,493799.72
11140,1714748400000,493440.01
11141,1714752000000,493305.69
11142,1714755600000,488785.42
11143,1714759200000,491111.18
11144,1714762800000,490692.62
11145,1714766400000,490222.12
11146,1714770000000,485464.6
11147,1714773600000,486851.75
11148,1714777200000,489433.77
11149,1714780800000,491391.97
11150,1714784400000,491413.61
11151,1714788000000,492750.98
11152,1714791600000,492521.74
11153,1714795200000,492610.21
11154,1714798800000,493083.61
11155,1714802400000,492985.36
11156,1714806000000,491272.2
11157,1714809600000,491844.64
11158,1714813200000,491282.66
11159,1714816800000,491538.81
11160,1714820400000,489336.8
11161,1714824000000,492623.41
11162,1714827600000,493585.42
11163,1714831200000,492513.72
11164,1714834800000,495799.82
11165,1714838400000,494708.14
11166,1714842000000,494539.92
11167,1714845600000,493699.88
11168,1714849200000,492872.42
11169,1714852800000,492527.11
11170,1714856400000,492355.89
11171,1714860000000,486825.93
11172,1714863600000,486729.39
11173,1714867200000,487361.65
11174,1714870800000,485301.49
11175,1714874400000,482199.86
11176,1714878000000,480126.61
11177,1714881600000,480135.45
11178,1714885200000,479782.32
11179,1714888800000,479768.76
11180,1714892400000,479688.82
11181,1714896000000,479518.49
11182,1714899600000,483376.11
11183,1714903200000,482251.34
11184,1714906800000,484625.53
11185,1714910400000,492528.81
11186,1714914000000,492856.95
11187,1714917600000,491158.43
11188,1714921200000,488303.98
11189,1714924800000,488422.62
11190,1714928400000,488860.01
11191,1714932000000,489122.6
11192,1714935600000,483566.63
11193,1714939200000,483195.11
11194,1714942800000,483469.28
11195,1714946400000,485140.97
11196,1714950000000,485421.64
11197,1714953600000,487659.1
11198,1714957200000,488518.8
11199,1714960800000,489031.58
11200,1714964400000,489196.58
11201,1714968000000,489895.53
11202,1714971600000,492156.83
11203,1714975200000,490196.5
11204,1714978800000,492158.59
11205,1714982400000,491103.02
11206,1714986000000,490644.19
11207,1714989600000,497420.51
11208,1714993200000,496168.85
11209,1714996800000,496577.93
11210,1715000400000,495507.58
11211,1715004000000,493969.01
11212,1715007600000,487499.54
11213,1715011200000,487125.4
11214,1715014800000,486977.48
11215,1715018400000,485791.22
11216,1715022000000,487659.86
11217,1715025600000,488393.18
11218,1715029200000,495239.98
11219,1715032800000,499643.41
11220,1715036400000,499547.43
11221,1715040000000,501911.33
11222,1715043600000,500697.66
11223,1715047200000,504398.0
11224,1715050800000,504098.7
11225,1715054400000,502712.28
11226,1715058000000,502019.08
11227,1715061600000,502187.55
11228,1715065200000,502950.09
11229,1715068800000,503325.84
11230,1715072400000,499784.56
11231,1715076000000,503333.51
11232,1715079600000,499606.01
11233,1715083200000,505322.01
11234,1715086800000,504286.48
11235,1715090400000,502603.6
11236,1715094000000,502028.8
11237,1715097600000,503056.21
11238,1715101200000,503617.36
11239,1715104800000,505066.92
11240,1715108400000,502647.64
11241,1715112000000,502141.83
11242,1715115600000,506301.52
11243,1715119200000,501966.4
11244,1715122800000,501898.46
11245,1715126400000,507668.94
11246,1715130000000,508422.77
11247,1715133600000,506344.54
11248,1715137200000,508521.96
11249,1715140800000,509607.64
11250,1715144400000,510766.17
11251,1715148000000,512303.66
11252,1715151600000,514072.81
11253,1715155200000,515637.15
11254,1715158800000,515454.85
11255,1715162400000,511892.69
11256,1715166000000,514210.47
11257,1715169600000,510892.51
11258,1715173200000,512202.15
11259,1715176800000,515949.8
11260,1715180400000,519289.65
11261,1715184000000,519846.26
11262,1715187600000,518244.27
11263,1715191200000,518740.17
11264,1715194800000,520043.15
11265,1715198400000,520599.3
11266,1715202000000,518074.28
11267,1715205600000,514162.06
11268,1715209200000,515629.19
11269,1715212800000,520562.55
11270,1715216400000,519289.96
11271,1715220000000,518313.05
11272,1715223600000,516290.71
11273,1715227200000,518535.77
11274,1715230800000,519696.42
11275,1715234400000,517420.91
11276,1715238000000,518309.62
11277,1715241600000,515842.11
11278,1715245200000,519216.45
11279,1715248800000,517220.42
11280,1715252400000,513033.9
11281,1715256000000,515148.42
11282,1715259600000,519028.78
11283,1715263200000,517362.12
11284,1715266800000,518039.54
11285,1715270400000,516281.14
11286,1715274000000,516996.0
11287,1715277600000,516967.54
11288,1715281200000,515205.07
11289,1715284800000,514744.92
11290,1715288400000,516398.45
11291,1715292000000,516760.0
11292,1715295600000,515055.93
11293,1715299200000,515874.49
11294,1715302800000,515737.94
11295,1715306400000,516507.03
11296,1715310000000,516182.4
11297,1715313600000,516807.33
11298,1715317200000,516534.19
11299,1715320800000,515293.88
11300,1715324400000,516390.86
11301,1715328000000,517377.02
11302,1715331600000,516838.77
11303,1715335200000,518036.46
11304,1715338800000,519618.77
11305,1715342400000,520831.4
11306,1715346000000,521138.96
11307,1715349600000,521191.35
11308,1715353200000,524548.65
11309,1715356800000,548484.75
11310,1715360400000,552309.31
11311,1715364000000,536223.94999999
11312,1715367600000,530349.29
11313,1715371200000,529506.82999999
11314,1715374800000,528293.79
11315,1715378400000,531095.05
11316,1715382000000,530980.11
11317,1715385600000,534205.1
11318,1715389200000,534790.81999999
11319,1715392800000,539013.02
11320,1715396400000,539254.48
11321,1715400000000,536072.78
11322,1715403600000,530825.73
11323,1715407200000,529224.39
11324,1715410800000,528373.78
11325,1715414400000,522906.6
11326,1715418000000,521763.3
11327,1715421600000,520223.56
11328,1715425200000,520595.08
11329,1715428800000,520434.54
11330,1715432400000,520901.89
11331,1715436000000,520187.98
11332,1715439600000,522940.85
11333,1715443200000,521752.68
11334,1715446800000,521285.75
11335,1715450400000,521951.69
11336,1715454000000,520723.33
11337,1715457600000,519861.67
11338,1715461200000,517307.5
11339,1715464800000,516124.74
11340,1715468400000,516058.95
11341,1715472000000,516821.42
11342,1715475600000,517514.83
11343,1715479200000,517364.32
11344,1715482800000,516681.2
11345,1715486400000,516586.56
11346,1715490000000,516608.16
11347,1715493600000,516322.83
11348,1715497200000,516879.67
11349,1715500800000,518017.54
11350,1715504400000,517471.44
11351,1715508000000,517926.49
11352,1715511600000,517863.46
11353,1715515200000,518384.0
11354,1715518800000,516743.96
11355,1715522400000,516567.12
11356,1715526000000,516540.55
11357,1715529600000,518361.7
11358,1715533200000,519089.98
11359,1715536800000,519171.52
11360,1715540400000,518888.68
11361,1715544000000,519909.47
11362,1715547600000,520455.48
11363,1715551200000,518778.56
11364,1715554800000,518631.35
11365,1715558400000,517772.96
11366,1715562000000,515996.06
11367,1715565600000,517416.3
11368,1715569200000,524259.94
11369,1715572800000,524775.05
11370,1715576400000,528490.4
11371,1715580000000,527360.78
11372,1715583600000,515973.69
11373,1715587200000,513191.57
11374,1715590800000,519559.97
11375,1715594400000,524413.41
11376,1715598000000,524983.23
11377,1715601600000,521874.7
11378,1715605200000,518816.04
11379,1715608800000,519742.85
11380,1715612400000,523648.09
11381,1715616000000,527059.69999999
11382,1715619600000,532732.28
11383,1715623200000,532367.49
11384,1715626800000,521777.0
11385,1715630400000,523368.71
11386,1715634000000,523331.59
11387,1715637600000,522444.08
11388,1715641200000,522114.3
11389,1715644800000,523138.66
11390,1715648400000,524125.96
11391,1715652000000,524869.1
11392,1715655600000,526153.72
11393,1715659200000,526264.12
11394,1715662800000,525639.06
11395,1715666400000,523735.93
11396,1715670000000,521973.94
11397,1715673600000,521292.59
11398,1715677200000,521165.08
11399,1715680800000,522254.42
11400,1715684400000,522724.34
11401,1715688000000,525445.99
11402,1715691600000,528645.84
11403,1715695200000,532913.14
11404,1715698800000,537735.5
11405,1715702400000,535221.47
11406,1715706000000,536777.76
11407,1715709600000,537457.79
11408,1715713200000,536246.22
11409,1715716800000,536053.51
11410,1715720400000,540277.29
11411,1715724000000,540606.9
11412,1715727600000,540275.49
11413,1715731200000,541069.62
11414,1715734800000,542090.96
11415,1715738400000,540030.19999999
11416,1715742000000,540329.51
11417,1715745600000,539942.88
11418,1715749200000,539827.99
11419,1715752800000,548576.06
11420,1715756400000,548777.75
11421,1715760000000,552930.6
11422,1715763600000,554192.18
11423,1715767200000,549121.3
11424,1715770800000,549149.74
11425,1715774400000,549748.37
11426,1715778000000,554774.47
11427,1715781600000,551973.61
11428,1715785200000,551689.43
11429,1715788800000,553793.66
11430,1715792400000,552247.47
11431,1715796000000,549513.38
11432,1715799600000,548757.74
11433,1715803200000,551656.43
11434,1715806800000,554666.6
11435,1715810400000,554021.05
11436,1715814000000,552047.24
11437,1715817600000,551491.92
11438,1715821200000,551882.3
11439,1715824800000,550881.51
11440,1715828400000,548673.43
11441,1715832000000,547296.25
11442,1715835600000,547754.81999999
11443,1715839200000,549555.76
11444,1715842800000,549506.5
11445,1715846400000,549960.55
11446,1715850000000,548973.02
11447,1715853600000,547523.68999999
11448,1715857200000,550173.77
11449,1715860800000,551344.25
11450,1715864400000,551584.02
11451,1715868000000,551826.55
11452,1715871600000,552057.81
11453,1715875200000,553948.63
11454,1715878800000,554246.73
11455,1715882400000,554495.74
11456,1715886000000,558302.63
11457,1715889600000,559757.1
11458,1715893200000,559990.53
11459,1715896800000,559274.84
11460,1715900400000,561667.79
11461,1715904000000,564378.65
11462,1715907600000,565254.43999999
11463,1715911200000,565296.43
11464,1715914800000,565781.85
11465,1715918400000,567762.76
11466,1715922000000,564977.75
11467,1715925600000,565867.07999999
11468,1715929200000,564202.42
11469,1715932800000,565839.93
11470,1715936400000,574240.39
11471,1715940000000,576716.48
11472,1715943600000,588112.3
11473,1715947200000,589387.22
11474,1715950800000,616615.81
11475,1715954400000,615164.16
11476,1715958000000,622035.74
11477,1715961600000,619475.56
11478,1715965200000,618984.61
11479,1715968800000,611289.23
11480,1715972400000,607276.38
11481,1715976000000,608101.99
11482,1715979600000,606711.29
11483,1715983200000,606383.48
11484,1715986800000,612067.44999999
11485,1715990400000,613295.17
11486,1715994000000,614039.61
11487,1715997600000,613632.23
11488,1716001200000,609161.26
11489,1716004800000,609114.81999999
11490,1716008400000,611561.26
11491,1716012000000,610576.29
11492,1716015600000,611647.89
11493,1716019200000,611868.35
11494,1716022800000,613262.27
11495,1716026400000,615192.99
11496,1716030000000,614690.4
11497,1716033600000,616371.38
11498,1716037200000,610595.74
11499,1716040800000,608717.06
11500,1716044400000,610160.75
11501,1716048000000,612616.55
11502,1716051600000,616733.66
11503,1716055200000,616901.35
11504,1716058800000,617457.1
11505,1716062400000,621059.53
11506,1716066000000,622084.85
11507,1716069600000,621059.07999999
11508,1716073200000,620286.27
11509,1716076800000,620770.85
11510,1716080400000,620402.06999999
11511,1716084000000,620284.29
11512,1716087600000,621627.35
11513,1716091200000,622362.13
11514,1716094800000,619868.21
11515,1716098400000,619175.31
11516,1716102000000,617457.65
11517,1716105600000,615561.76
11518,1716109200000,616387.31999999
11519,1716112800000,616421.46
11520,1716116400000,617275.01
11521,1716120000000,611959.56
11522,1716123600000,611667.72
11523,1716127200000,612136.49
11524,1716130800000,612391.04
11525,1716134400000,610807.72
11526,1716138000000,604364.87
11527,1716141600000,605169.74
11528,1716145200000,604641.23
11529,1716148800000,603342.12
11530,1716152400000,601982.76
11531,1716156000000,599704.85
11532,1716159600000,601981.15
11533,1716163200000,598488.66
11534,1716166800000,597747.63
11535,1716170400000,591443.09
11536,1716174000000,592526.43
11537,1716177600000,593592.72
11538,1716181200000,594661.1
11539,1716184800000,598220.93999999
11540,1716188400000,599045.38
11541,1716192000000,601491.3
11542,1716195600000,602405.37
11543,1716199200000,601753.8
11544,1716202800000,601848.86
11545,1716206400000,594268.04
11546,1716210000000,595189.66
11547,1716213600000,597111.78
11548,1716217200000,594816.44999999
11549,1716220800000,598093.17
11550,1716224400000,608803.71
11551,1716228000000,600698.04
11552,1716231600000,601165.3
11553,1716235200000,691225.02
11554,1716238800000,703986.91
11555,1716242400000,729083.03
11556,1716246000000,729897.52
11557,1716249600000,741355.46
11558,1716253200000,749732.37
11559,1716256800000,733114.09
11560,1716260400000,719508.56
11561,1716264000000,719926.86
11562,1716267600000,721254.33
11563,1716271200000,717069.98
11564,1716274800000,723610.56
11565,1716278400000,720776.68
11566,1716282000000,722377.75
11567,1716285600000,727129.42
11568,1716289200000,762198.04
11569,1716292800000,780435.01
11570,1716296400000,789993.34
11571,1716300000000,786251.99
11572,1716303600000,780190.85
11573,1716307200000,777283.83
11574,1716310800000,781070.02
11575,1716314400000,763408.49
11576,1716318000000,762993.77
11577,1716321600000,746840.31
11578,1716325200000,753139.92
11579,1716328800000,746252.91
11580,1716332400000,756263.38
11581,1716336000000,754680.7
11582,1716339600000,749339.64
11583,1716343200000,746870.46
11584,1716346800000,743391.85
11585,1716350400000,742740.58
11586,1716354000000,731986.23
11587,1716357600000,736092.17
11588,1716361200000,737405.76
11589,1716364800000,732383.94
11590,1716368400000,742997.7
11591,1716372000000,727728.72
11592,1716375600000,723930.79
11593,1716379200000,722405.44
11594,1716382800000,719674.17
11595,1716386400000,718725.33
11596,1716390000000,735756.99
11597,1716393600000,741128.77
11598,1716397200000,732416.8
11599,1716400800000,715480.54
11600,1716404400000,726509.6
11601,1716408000000,727848.38
11602,1716411600000,727557.23
11603,1716415200000,745298.59
11604,1716418800000,739635.11
11605,1716422400000,740786.44
11606,1716426000000,740919.96
11607,1716429600000,743577.49
11608,1716433200000,751186.22
11609,1716436800000,752216.27
11610,1716440400000,759609.72
11611,1716444000000,756759.32
11612,1716447600000,757880.69
11613,1716451200000,761340.2
11614,1716454800000,764843.51
11615,1716458400000,769495.02
11616,1716462000000,773840.1
11617,1716465600000,777369.64
11618,1716469200000,756444.25
11619,1716472800000,752872.85
11620,1716476400000,780812.35
11621,1716480000000,796941.82
11622,1716483600000,778899.79
11623,1716487200000,778666.96
11624,1716490800000,784519.93
11625,1716494400000,786716.37
11626,1716498000000,795364.26
11627,1716501600000,736617.51
11628,1716505200000,735088.57
11629,1716508800000,730207.33
11630,1716512400000,737458.77
11631,1716516000000,733605.7
11632,1716519600000,730216.52
11633,1716523200000,725985.9
11634,1716526800000,729160.64
11635,1716530400000,724636.61
11636,1716534000000,731127.67
11637,1716537600000,727213.29
11638,1716541200000,725412.49
11639,1716544800000,721381.14
11640,1716548400000,724445.7
11641,1716552000000,729572.88
11642,1716555600000,727328.93
11643,1716559200000,722450.0
11644,1716562800000,727934.73
11645,1716566400000,723597.78
11646,1716570000000,719413.42
11647,1716573600000,723220.01
11648,1716577200000,720992.6
11649,1716580800000,719511.99
11650,1716584400000,715594.21
11651,1716588000000,713179.52
11652,1716591600000,714930.26
11653,1716595200000,716021.32
11654,1716598800000,713890.13
11655,1716602400000,714882.23
11656,1716606000000,714667.65
11657,1716609600000,719169.65
11658,1716613200000,722721.28
11659,1716616800000,720516.27
11660,1716620400000,722039.68
11661,1716624000000,725615.06
11662,1716627600000,719561.82
11663,1716631200000,720449.28
11664,1716634800000,721557.29
11665,1716638400000,714941.63
11666,1716642000000,714577.41
11667,1716645600000,716006.12
11668,1716649200000,717188.18
11669,1716652800000,714447.96
11670,1716656400000,714766.1
11671,1716660000000,713699.55
11672,1716663600000,712841.03
11673,1716667200000,712451.47
11674,1716670800000,711313.36
11675,1716674400000,710143.82
11676,1716678000000,710892.86
11677,1716681600000,711890.64
11678,1716685200000,710903.58
11679,1716688800000,714601.2
11680,1716692400000,716195.36
11681,1716696000000,715285.54
11682,1716699600000,714452.75
11683,1716703200000,715905.44
11684,1716706800000,718665.29
11685,1716710400000,721185.18
11686,1716714000000,734690.39
11687,1716717600000,737912.33
11688,1716721200000,741427.73
11689,1716724800000,741669.41
11690,1716728400000,739513.21
11691,1716732000000,741319.92
11692,1716735600000,743718.88
11693,1716739200000,744909.84
11694,1716742800000,752967.03
11695,1716746400000,751151.62
11696,1716750000000,744925.29
11697,1716753600000,750064.45
11698,1716757200000,749193.39
11699,1716760800000,743457.08
11700,1716764400000,745239.58
11701,1716768000000,745572.9
11702,1716771600000,746782.11
11703,1716775200000,753934.74
11704,1716778800000,760194.19
11705,1716782400000,761754.27
11706,1716786000000,760379.13
11707,1716789600000,758870.06
11708,1716793200000,761682.27
11709,1716796800000,763109.4
11710,1716800400000,763944.16
11711,1716804000000,763636.59
11712,1716807600000,764383.48
11713,1716811200000,765702.15
11714,1716814800000,767275.44
11715,1716818400000,768953.52
11716,1716822000000,770784.17
11717,1716825600000,777047.41
11718,1716829200000,779131.93
11719,1716832800000,773325.9
11720,1716836400000,767681.43
11721,1716840000000,749793.65
11722,1716843600000,749011.15
11723,1716847200000,752830.65
11724,1716850800000,752398.87
11725,1716854400000,752586.7
11726,1716858000000,760160.48
11727,1716861600000,764638.42
11728,1716865200000,771435.65
11729,1716868800000,763704.02
11730,1716872400000,768771.75
11731,1716876000000,772361.86
11732,1716879600000,773664.95
11733,1716883200000,774398.1
11734,1716886800000,779006.73
11735,1716890400000,783603.85
11736,1716894000000,786835.07
11737,1716897600000,786979.2
11738,1716901200000,784097.94
11739,1716904800000,775913.14
11740,1716908400000,779084.12
11741,1716912000000,779626.69
11742,1716915600000,778027.11
11743,1716919200000,785952.79
11744,1716922800000,777927.45
11745,1716926400000,789052.27
11746,1716930000000,785871.58
11747,1716933600000,786256.1
11748,1716937200000,785269.11
11749,1716940800000,783591.32
11750,1716944400000,788231.15
11751,1716948000000,791550.22
11752,1716951600000,791816.8
11753,1716955200000,790696.79
11754,1716958800000,789741.33
11755,1716962400000,790399.78
11756,1716966000000,790583.77
11757,1716969600000,787216.99
11758,1716973200000,781544.05
11759,1716976800000,774953.86
11760,1716980400000,774217.04
11761,1716984000000,775955.83
11762,1716987600000,778374.39
11763,1716991200000,776795.59
11764,1716994800000,774066.29
11765,1716998400000,764080.58
11766,1717002000000,759735.42
11767,1717005600000,751787.98
11768,1717009200000,751220.11
11769,1717012800000,753218.5
11770,1717016400000,744283.22
11771,1717020000000,745380.85
11772,1717023600000,749004.77
11773,1717027200000,740691.27
11774,1717030800000,741164.09
11775,1717034400000,743277.89
11776,1717038000000,743608.03
11777,1717041600000,743382.73
11778,1717045200000,739898.37
11779,1717048800000,741499.01
11780,1717052400000,736405.42
11781,1717056000000,730707.33
11782,1717059600000,726450.65
11783,1717063200000,722922.54
11784,1717066800000,724284.71
11785,1717070400000,723578.85
11786,1717074000000,723357.49
11787,1717077600000,731261.65
11788,1717081200000,722723.36
11789,1717084800000,724558.43
11790,1717088400000,722720.89
11791,1717092000000,724083.26
11792,1717095600000,723528.43
11793,1717099200000,716931.79
11794,1717102800000,712693.31
11795,1717106400000,712304.15
11796,1717110000000,715656.81
11797,1717113600000,716380.19
11798,1717117200000,717131.84
11799,1717120800000,714515.75
11800,1717124400000,714899.77
11801,1717128000000,714492.57
11802,1717131600000,714527.59
11803,1717135200000,712066.56
11804,1717138800000,709776.78
11805,1717142400000,717893.41
11806,1717146000000,720251.81
11807,1717149600000,721933.38
11808,1717153200000,733150.06
11809,1717156800000,729705.34
11810,1717160400000,742364.32
11811,1717164000000,733666.25
11812,1717167600000,731312.81
11813,1717171200000,725200.31
11814,1717174800000,720903.46
11815,1717178400000,725832.23
11816,1717182000000,724194.41
11817,1717185600000,725691.37
11818,1717189200000,726704.37
11819,1717192800000,727121.4
11820,1717196400000,724274.71
11821,1717200000000,721840.28
11822,1717203600000,720600.98
11823,1717207200000,722264.15
11824,1717210800000,721671.89
11825,1717214400000,721895.36
11826,1717218000000,727243.98
11827,1717221600000,728693.41
11828,1717225200000,728532.77
11829,1717228800000,729519.84
11830,1717232400000,725940.44
11831,1717236000000,722419.59
11832,1717239600000,723223.42
11833,1717243200000,723981.16
11834,1717246800000,723803.41
11835,1717250400000,726445.39
11836,1717254000000,729086.41
11837,1717257600000,729986.07
11838,1717261200000,729080.03
11839,1717264800000,730248.94
11840,1717268400000,729130.59
11841,1717272000000,728726.54
11842,1717275600000,729342.91
11843,1717279200000,732676.86
11844,1717282800000,734152.81
11845,1717286400000,738549.18
11846,1717290000000,741114.15
11847,1717293600000,745811.49
11848,1717297200000,743725.01
11849,1717300800000,745928.53
11850,1717304400000,746619.89
11851,1717308000000,741841.48
11852,1717311600000,741955.84
11853,1717315200000,736494.88
11854,1717318800000,736161.13
11855,1717322400000,736841.5
11856,1717326000000,737972.14
11857,1717329600000,733881.14
11858,1717333200000,732037.65
11859,1717336800000,732063.99
11860,1717340400000,733532.19
11861,1717344000000,733320.07
11862,1717347600000,732558.47
11863,1717351200000,730785.0
11864,1717354800000,729376.7
11865,1717358400000,729109.76
11866,1717362000000,730654.42
11867,1717365600000,731127.67
11868,1717369200000,730938.89
11869,1717372800000,732200.11
11870,1717376400000,731450.9
11871,1717380000000,737694.13
11872,1717383600000,736237.8
11873,1717387200000,737766.78
11874,1717390800000,739644.28
11875,1717394400000,744179.93
11876,1717398000000,745796.43
11877,1717401600000,739378.16
11878,1717405200000,741277.61
11879,1717408800000,740059.0
11880,1717412400000,738855.45
11881,1717416000000,734965.31
11882,1717419600000,739902.03
11883,1717423200000,738874.71
11884,1717426800000,734405.86
11885,1717430400000,742061.83
11886,1717434000000,742336.75
11887,1717437600000,745161.99
11888,1717441200000,741362.26
11889,1717444800000,741450.21
11890,1717448400000,743676.98
11891,1717452000000,743875.75
11892,1717455600000,740889.56
11893,1717459200000,740610.74
11894,1717462800000,744222.45
11895,1717466400000,745678.66
11896,1717470000000,742336.75
11897,1717473600000,742524.32
11898,1717477200000,744429.12
11899,1717480800000,743857.97
11900,1717484400000,748053.74
11901,1717488000000,750468.21
11902,1717491600000,750894.01
11903,1717495200000,747667.18
11904,1717498800000,745261.87
11905,1717502400000,744179.72
11906,1717506000000,742760.58
11907,1717509600000,748111.82
11908,1717513200000,746762.72
11909,1717516800000,742258.46
11910,1717520400000,740687.16
11911,1717524000000,739602.52
11912,1717527600000,741010.86
11913,1717531200000,734767.59
11914,1717534800000,739230.87
11915,1717538400000,742108.86
11916,1717542000000,742826.94
11917,1717545600000,743033.13
11918,1717549200000,742288.42
11919,1717552800000,736948.32
11920,1717556400000,735515.76
11921,1717560000000,742540.94
11922,1717563600000,743250.34
11923,1717567200000,742713.25
11924,1717570800000,745422.43
11925,1717574400000,746573.04
11926,1717578000000,744897.36
11927,1717581600000,742770.49
11928,1717585200000,740746.81
11929,1717588800000,741345.63
11930,1717592400000,742031.21
11931,1717596000000,739144.73
11932,1717599600000,741381.57
11933,1717603200000,744902.25
11934,1717606800000,742831.21
11935,1717610400000,746453.04
11936,1717614000000,757955.23
11937,1717617600000,760764.42
11938,1717621200000,760571.77
11939,1717624800000,752038.32
11940,1717628400000,751538.26
11941,1717632000000,753834.33
11942,1717635600000,753701.94
11943,1717639200000,753872.61
11944,1717642800000,755708.71
11945,1717646400000,755407.2
11946,1717650000000,754459.31
11947,1717653600000,752557.28
11948,1717657200000,745671.52
11949,1717660800000,748358.86
11950,1717664400000,746760.67
11951,1717668000000,748534.09
11952,1717671600000,749280.44
11953,1717675200000,751946.75
11954,1717678800000,748256.66
11955,1717682400000,746977.43
11956,1717686000000,745830.73
11957,1717689600000,746776.24
11958,1717693200000,744740.42
11959,1717696800000,742892.72
11960,1717700400000,743893.83
11961,1717704000000,735950.01
11962,1717707600000,738277.86
11963,1717711200000,740514.83
11964,1717714800000,741004.34
11965,1717718400000,741457.64
11966,1717722000000,741341.11
11967,1717725600000,738458.67
11968,1717729200000,738701.09
11969,1717732800000,740200.87
11970,1717736400000,742100.94
11971,1717740000000,743920.07
11972,1717743600000,744090.71
11973,1717747200000,744565.82
11974,1717750800000,746006.22
11975,1717754400000,745124.49
11976,1717758000000,745736.15
11977,1717761600000,746223.97
11978,1717765200000,743908.2
11979,1717768800000,745231.72
11980,1717772400000,746349.35
11981,1717776000000,743501.31
11982,1717779600000,743679.97
11983,1717783200000,742454.66
11984,1717786800000,753913.45
11985,1717790400000,751872.37
11986,1717794000000,753706.73
11987,1717797600000,756849.58
11988,1717801200000,758803.32
11989,1717804800000,753673.51
11990,1717808400000,754018.29
11991,1717812000000,755104.67
11992,1717815600000,754615.55
11993,1717819200000,755698.9
11994,1717822800000,755783.97
11995,1717826400000,751944.47
11996,1717830000000,753301.08
11997,1717833600000,761788.1
11998,1717837200000,758043.73
11999,1717840800000,758426.5
12000,1717844400000,757943.72
12001,1717848000000,756655.61
12002,1717851600000,757725.08
12003,1717855200000,754851.44
12004,1717858800000,755848.69
12005,1717862400000,755032.17
12006,1717866000000,753994.92
12007,1717869600000,752844.38
12008,1717873200000,752349.78
12009,1717876800000,752242.34
12010,1717880400000,752282.44
12011,1717884000000,752001.87
12012,1717887600000,751406.39
12013,1717891200000,751615.16
12014,1717894800000,750794.76
12015,1717898400000,750587.41
12016,1717902000000,750041.01
12017,1717905600000,750633.43
12018,1717909200000,752090.61
12019,1717912800000,751089.93
12020,1717916400000,750859.69
12021,1717920000000,751095.15
12022,1717923600000,751595.43
12023,1717927200000,752626.92
12024,1717930800000,752522.88
12025,1717934400000,752741.07
12026,1717938000000,752053.06
12027,1717941600000,753314.42
12028,1717945200000,753277.61
12029,1717948800000,753382.04
12030,1717952400000,753262.89
12031,1717956000000,752700.5
12032,1717959600000,751959.23
12033,1717963200000,751718.64
12034,1717966800000,751841.14
12035,1717970400000,751163.72
12036,1717974000000,749276.84
12037,1717977600000,748522.96
12038,1717981200000,748462.63
12039,1717984800000,747868.35
12040,1717988400000,747568.72
12041,1717992000000,746849.04
12042,1717995600000,747961.08
12043,1717999200000,747925.45
12044,1718002800000,746153.31
12045,1718006400000,746304.75
12046,1718010000000,751228.45
12047,1718013600000,752918.99
12048,1718017200000,754318.85
12049,1718020800000,750926.89
12050,1718024400000,749740.68
12051,1718028000000,746696.33
12052,1718031600000,745513.74
12053,1718035200000,744829.19
12054,1718038800000,747340.26
12055,1718042400000,747095.48
12056,1718046000000,746220.82
12057,1718049600000,745251.72
12058,1718053200000,743961.51
12059,1718056800000,744316.57
12060,1718060400000,744961.47
12061,1718064000000,746041.67
12062,1718067600000,745361.09
12063,1718071200000,738471.78
12064,1718074800000,737218.95
12065,1718078400000,737691.12
12066,1718082000000,726532.89
12067,1718085600000,729052.86
12068,1718089200000,721256.79
12069,1718092800000,722300.49
12070,1718096400000,730004.68
12071,1718100000000,729195.97
12072,1718103600000,731071.93
12073,1718107200000,732078.19
12074,1718110800000,733809.5
12075,1718114400000,732141.24
12076,1718118000000,735964.32
12077,1718121600000,739071.18
12078,1718125200000,738244.37
12079,1718128800000,730964.97
12080,1718132400000,737583.24
12081,1718136000000,743054.39
12082,1718139600000,743430.0
12083,1718143200000,742805.79
12084,1718146800000,743784.5
12085,1718150400000,743985.69
12086,1718154000000,743487.18
12087,1718157600000,743398.43
12088,1718161200000,747668.25
12089,1718164800000,746521.04
12090,1718168400000,748627.1
12091,1718172000000,743332.05
12092,1718175600000,745429.83
12093,1718179200000,748561.19
12094,1718182800000,749860.58
12095,1718186400000,748298.18
12096,1718190000000,745580.24
12097,1718193600000,742862.5
12098,1718197200000,737460.85
12099,1718200800000,741960.57
12100,1718204400000,735745.9
12101,1718208000000,734273.74
12102,1718211600000,732197.48
12103,1718215200000,728300.5
12104,1718218800000,726614.09
12105,1718222400000,727064.65
12106,1718226000000,723207.92
12107,1718229600000,718817.77
12108,1718233200000,717446.21
12109,1718236800000,717159.89
12110,1718240400000,716638.2
12111,1718244000000,716497.24
12112,1718247600000,715907.29
12113,1718251200000,719699.35
12114,1718254800000,718909.26
12115,1718258400000,720737.53
12116,1718262000000,720467.37
12117,1718265600000,722021.52
12118,1718269200000,725170.46
12119,1718272800000,723158.52
12120,1718276400000,720471.52
12121,1718280000000,718591.42
12122,1718283600000,712167.81
12123,1718287200000,715845.73
12124,1718290800000,723128.67
12125,1718294400000,713929.47
12126,1718298000000,707358.85
12127,1718301600000,701130.99
12128,1718305200000,703558.15
12129,1718308800000,707036.33
12130,1718312400000,704878.32
12131,1718316000000,704193.68
12132,1718319600000,704137.61
12133,1718323200000,699461.05
12134,1718326800000,698205.01
12135,1718330400000,701908.56999999
12136,1718334000000,701386.68
12137,1718337600000,701635.81999999
12138,1718341200000,706245.89
12139,1718344800000,703761.19
12140,1718348400000,705598.18
12141,1718352000000,703842.13
12142,1718355600000,703105.85
12143,1718359200000,703254.96
12144,1718362800000,703595.37
12145,1718366400000,703192.19999999
12146,1718370000000,701873.63
12147,1718373600000,702050.26
12148,1718377200000,700725.93
12149,1718380800000,703441.52
12150,1718384400000,700772.59
12151,1718388000000,702589.02
12152,1718391600000,704386.43
12153,1718395200000,707202.35
12154,1718398800000,707857.8
12155,1718402400000,735466.11
12156,1718406000000,730255.52
12157,1718409600000,736733.51
12158,1718413200000,747150.25
12159,1718416800000,739249.11
12160,1718420400000,739061.78
12161,1718424000000,740040.04
12162,1718427600000,747038.69
12163,1718431200000,754497.23
12164,1718434800000,758017.15
12165,1718438400000,758186.49
12166,1718442000000,761902.98
12167,1718445600000,760191.96
12168,1718449200000,761747.58
12169,1718452800000,761395.49
12170,1718456400000,767615.44
12171,1718460000000,769802.38
12172,1718463600000,767946.48
12173,1718467200000,770727.15
12174,1718470800000,765311.98
12175,1718474400000,763927.31
12176,1718478000000,763308.69
12177,1718481600000,762377.95
12178,1718485200000,759282.94
12179,1718488800000,759380.33
12180,1718492400000,761833.54
12181,1718496000000,762205.83
12182,1718499600000,759562.93
12183,1718503200000,762138.58
12184,1718506800000,762762.59
12185,1718510400000,761191.86
12186,1718514000000,756918.48
12187,1718517600000,760124.82
12188,1718521200000,760259.81
12189,1718524800000,760308.06
12190,1718528400000,759007.54
12191,1718532000000,760255.07
12192,1718535600000,759423.09
12193,1718539200000,759874.68
12194,1718542800000,759542.3
12195,1718546400000,763327.32
12196,1718550000000,766674.07
12197,1718553600000,768532.97
12198,1718557200000,770959.46
12199,1718560800000,768047.48
12200,1718564400000,769295.9
12201,1718568000000,769535.74
12202,1718571600000,770017.2
12203,1718575200000,767981.36
12204,1718578800000,765271.24
12205,1718582400000,764774.56
12206,1718586000000,762808.4
12207,1718589600000,765960.67
12208,1718593200000,763174.76
12209,1718596800000,763418.37
12210,1718600400000,763283.47
12211,1718604000000,762698.23
12212,1718607600000,750139.93
12213,1718611200000,745630.55
12214,1718614800000,742498.95
12215,1718618400000,740297.64
12216,1718622000000,737204.7
12217,1718625600000,746794.82
12218,1718629200000,742248.2
12219,1718632800000,738141.29
12220,1718636400000,737924.76
12221,1718640000000,737470.68
12222,1718643600000,736208.63
12223,1718647200000,740683.5
12224,1718650800000,733108.8
12225,1718654400000,727267.16
12226,1718658000000,720898.17
12227,1718661600000,718445.89
12228,1718665200000,717473.7
12229,1718668800000,713407.48
12230,1718672400000,714880.66
12231,1718676000000,707874.51
12232,1718679600000,717141.78
12233,1718683200000,718464.83
12234,1718686800000,717239.95
12235,1718690400000,716012.34
12236,1718694000000,715024.82
12237,1718697600000,714658.64
12238,1718701200000,714862.79
12239,1718704800000,711660.35
12240,1718708400000,710852.32
12241,1718712000000,708862.37
12242,1718715600000,708046.39
12243,1718719200000,706969.91
12244,1718722800000,705995.18
12245,1718726400000,711921.49
12246,1718730000000,711475.77
12247,1718733600000,709866.38
12248,1718737200000,706109.45
12249,1718740800000,704408.34
12250,1718744400000,712991.16
12251,1718748000000,716434.93
12252,1718751600000,718307.41
12253,1718755200000,718770.33
12254,1718758800000,723034.36
12255,1718762400000,740364.3
12256,1718766000000,754266.16
12257,1718769600000,760520.03
12258,1718773200000,761078.78
12259,1718776800000,754783.99
12260,1718780400000,755505.34
12261,1718784000000,753854.76
12262,1718787600000,748596.58
12263,1718791200000,745798.61
12264,1718794800000,756922.95
12265,1718798400000,753273.42
12266,1718802000000,757505.86
12267,1718805600000,756867.51
12268,1718809200000,758471.38
12269,1718812800000,761079.15
12270,1718816400000,765034.46
12271,1718820000000,763587.12
12272,1718823600000,769235.46
12273,1718827200000,769405.45
12274,1718830800000,770436.13
12275,1718834400000,774011.39
12276,1718838000000,770784.1
12277,1718841600000,772527.66
12278,1718845200000,771887.67
12279,1718848800000,762105.48
12280,1718852400000,763481.19
12281,1718856000000,764716.75
12282,1718859600000,767381.91
12283,1718863200000,774201.48
12284,1718866800000,767299.44
12285,1718870400000,761985.49
12286,1718874000000,759864.1
12287,1718877600000,759798.64
12288,1718881200000,762423.69
12289,1718884800000,761414.27
12290,1718888400000,758466.63
12291,1718892000000,743032.45
12292,1718895600000,737256.08
12293,1718899200000,741711.03
12294,1718902800000,735522.56
12295,1718906400000,742856.66
12296,1718910000000,747168.53
12297,1718913600000,749077.26
12298,1718917200000,747763.67
12299,1718920800000,742483.31
12300,1718924400000,736299.52
12301,1718928000000,736961.71
12302,1718931600000,738361.56
12303,1718935200000,746139.61
12304,1718938800000,742736.16
12305,1718942400000,740341.25
12306,1718946000000,740848.95
12307,1718949600000,741511.78
12308,1718953200000,747457.21
12309,1718956800000,740015.98
12310,1718960400000,728344.35
12311,1718964000000,749512.26
12312,1718967600000,746576.02
12313,1718971200000,748144.47
12314,1718974800000,749040.14
12315,1718978400000,743273.01
12316,1718982000000,758654.61
12317,1718985600000,755015.38
12318,1718989200000,756090.86
12319,1718992800000,758988.67
12320,1718996400000,766015.69
12321,1719000000000,770003.53
12322,1719003600000,757996.92
12323,1719007200000,753075.29
12324,1719010800000,758167.41
12325,1719014400000,755906.87
12326,1719018000000,747542.46
12327,1719021600000,746087.47
12328,1719025200000,745965.27
12329,1719028800000,745028.43
12330,1719032400000,744532.12
12331,1719036000000,744827.96
12332,1719039600000,744030.36
12333,1719043200000,742730.29
12334,1719046800000,737513.89
12335,1719050400000,738583.21
12336,1719054000000,737142.07
12337,1719057600000,736811.88
12338,1719061200000,736035.47
12339,1719064800000,738202.44
12340,1719068400000,738105.35
12341,1719072000000,739816.52
12342,1719075600000,747126.22
12343,1719079200000,746343.53
12344,1719082800000,745383.74
12345,1719086400000,744411.89
12346,1719090000000,744297.6
12347,1719093600000,743794.98
12348,1719097200000,743725.05
12349,1719100800000,744023.26
12350,1719104400000,754917.73
12351,1719108000000,749930.0
12352,1719111600000,750277.13
12353,1719115200000,752903.32
12354,1719118800000,753303.05
12355,1719122400000,753876.32
12356,1719126000000,752156.92
12357,1719129600000,751700.86
12358,1719133200000,750212.83
12359,1719136800000,748585.37
12360,1719140400000,747441.73
12361,1719144000000,746898.97
12362,1719147600000,748788.88
12363,1719151200000,748095.46
12364,1719154800000,746278.76
12365,1719158400000,746774.19
12366,1719162000000,744949.02
12367,1719165600000,746879.86
12368,1719169200000,747819.76
12369,1719172800000,748470.16
12370,1719176400000,720481.42
12371,1719180000000,712432.75
12372,1719183600000,708393.71
12373,1719187200000,710848.64
12374,1719190800000,713935.83
12375,1719194400000,711748.56
12376,1719198000000,705030.91
12377,1719201600000,706136.01
12378,1719205200000,709940.92
12379,1719208800000,698866.32999999
12380,1719212400000,701118.25
12381,1719216000000,703330.63
12382,1719219600000,697595.9
12383,1719223200000,685899.35
12384,1719226800000,688272.15
12385,1719230400000,692743.16
12386,1719234000000,697291.88
12387,1719237600000,703482.43
12388,1719241200000,707122.72
12389,1719244800000,708734.09
12390,1719248400000,708954.81
12391,1719252000000,709072.94
12392,1719255600000,710290.79
12393,1719259200000,709947.56
12394,1719262800000,721375.46
12395,1719266400000,727761.89
12396,1719270000000,732200.42
12397,1719273600000,732984.34
12398,1719277200000,733129.69
12399,1719280800000,730382.8
12400,1719284400000,730576.9
12401,1719288000000,713722.74
12402,1719291600000,717077.78
12403,1719295200000,708396.06
12404,1719298800000,709080.79
12405,1719302400000,706249.72
12406,1719306000000,708966.14
12407,1719309600000,706489.71
12408,1719313200000,706699.73
12409,1719316800000,707043.64
12410,1719320400000,707398.96
12411,1719324000000,707656.12
12412,1719327600000,708794.46
12413,1719331200000,722073.68
12414,1719334800000,712829.74
12415,1719338400000,715055.89
12416,1719342000000,727572.39
12417,1719345600000,722342.71
12418,1719349200000,722857.99
12419,1719352800000,721065.73
12420,1719356400000,721477.86
12421,1719360000000,718637.42
12422,1719363600000,716875.86
12423,1719367200000,721695.53
12424,1719370800000,724756.08
12425,1719374400000,720974.25
12426,1719378000000,721658.42
12427,1719381600000,719975.16
12428,1719385200000,719528.3
12429,1719388800000,717242.55
12430,1719392400000,719514.94
12431,1719396000000,723307.96
12432,1719399600000,719370.32
12433,1719403200000,719449.12
12434,1719406800000,718134.35
12435,1719410400000,720010.81
12436,1719414000000,721787.11
12437,1719417600000,720629.32
12438,1719421200000,719797.18
12439,1719424800000,715171.32
12440,1719428400000,719917.68
12441,1719432000000,724068.73
12442,1719435600000,727121.36
12443,1719439200000,727646.49
12444,1719442800000,728159.69
12445,1719446400000,724317.25
12446,1719450000000,724647.88
12447,1719453600000,725901.36
12448,1719457200000,729790.41
12449,1719460800000,734213.94
12450,1719464400000,737028.52
12451,1719468000000,735486.16
12452,1719471600000,730236.98
12453,1719475200000,729441.88
12454,1719478800000,729911.93
12455,1719482400000,732897.91
12456,1719486000000,736175.64
12457,1719489600000,739171.18
12458,1719493200000,741325.54
12459,1719496800000,742019.66
12460,1719500400000,738363.95
12461,1719504000000,742052.88
12462,1719507600000,742664.72
12463,1719511200000,745817.24
12464,1719514800000,743872.31
12465,1719518400000,742107.26
12466,1719522000000,739683.87
12467,1719525600000,741217.6
12468,1719529200000,746394.46
12469,1719532800000,746411.91
12470,1719536400000,742723.09
12471,1719540000000,740307.92
12472,1719543600000,732114.02
12473,1719547200000,731916.25
12474,1719550800000,734544.31
12475,1719554400000,735442.35
12476,1719558000000,735924.88
12477,1719561600000,736481.37
12478,1719565200000,735598.09
12479,1719568800000,736113.19
12480,1719572400000,736462.54
12481,1719576000000,734272.39
12482,1719579600000,739199.23
12483,1719583200000,741324.0
12484,1719586800000,738697.02
12485,1719590400000,740148.23
12486,1719594000000,741727.11
12487,1719597600000,742361.2
12488,1719601200000,742844.96
12489,1719604800000,737935.71
12490,1719608400000,744121.33
12491,1719612000000,743506.01
12492,1719615600000,744849.17
12493,1719619200000,746543.42
12494,1719622800000,746250.79
12495,1719626400000,743710.98
12496,1719630000000,744063.25
12497,1719633600000,744279.46
12498,1719637200000,742844.48
12499,1719640800000,741707.97
12500,1719644400000,743341.14
12501,1719648000000,739568.56
12502,1719651600000,734290.38
12503,1719655200000,732336.68
12504,1719658800000,734449.53
12505,1719662400000,734547.14
12506,1719666000000,735095.51
12507,1719669600000,737942.91
12508,1719673200000,739090.28
12509,1719676800000,733678.43
12510,1719680400000,734673.12
12511,1719684000000,733514.76
12512,1719687600000,732604.85
12513,1719691200000,730028.03
12514,1719694800000,730098.99
12515,1719698400000,729735.94
12516,1719702000000,728730.54
12517,1719705600000,729062.75
12518,1719709200000,728745.73
12519,1719712800000,728952.4
12520,1719716400000,727927.52
12521,1719720000000,726071.84
12522,1719723600000,725539.62
12523,1719727200000,726941.67
12524,1719730800000,730822.65
12525,1719734400000,732065.32
12526,1719738000000,732654.37
12527,1719741600000,731183.68
12528,1719745200000,730186.3
12529,1719748800000,731335.47
12530,1719752400000,728409.16
12531,1719756000000,729117.94
12532,1719759600000,731622.0
12533,1719763200000,733158.97
12534,1719766800000,732786.43
12535,1719770400000,729751.67
12536,1719774000000,729913.33
12537,1719777600000,730443.59
12538,1719781200000,728883.44
12539,1719784800000,730027.57
12540,1719788400000,723403.55
12541,1719792000000,721469.64
12542,1719795600000,722045.23
12543,1719799200000,716313.89
12544,1719802800000,714345.83
12545,1719806400000,711475.67
12546,1719810000000,708339.86
12547,1719813600000,707896.14
12548,1719817200000,709309.45
12549,1719820800000,710048.45
12550,1719824400000,708126.09
12551,1719828000000,707435.12
12552,1719831600000,709749.57
12553,1719835200000,715568.01
12554,1719838800000,717405.83
12555,1719842400000,714441.42
12556,1719846000000,713594.61
12557,1719849600000,714198.44
12558,1719853200000,715299.9
12559,1719856800000,714221.34
12560,1719860400000,716938.91
12561,1719864000000,716508.22
12562,1719867600000,715440.9
12563,1719871200000,713029.94
12564,1719874800000,706976.51
12565,1719878400000,704684.29
12566,1719882000000,705052.46
12567,1719885600000,705375.84
12568,1719889200000,706282.92
12569,1719892800000,707097.3
12570,1719896400000,708541.29
12571,1719900000000,707799.56
12572,1719903600000,706317.32
12573,1719907200000,705753.99
12574,1719910800000,707649.59
12575,1719914400000,708452.03
12576,1719918000000,713440.21
12577,1719921600000,715308.43
12578,1719925200000,718538.39
12579,1719928800000,719402.0
12580,1719932400000,724403.91
12581,1719936000000,725404.57
12582,1719939600000,723800.64
12583,1719943200000,724815.37
12584,1719946800000,726876.87
12585,1719950400000,725157.17
12586,1719954000000,722982.68
12587,1719957600000,722377.38
12588,1719961200000,724669.8
12589,1719964800000,726050.92
12590,1719968400000,727269.42
12591,1719972000000,719267.22
12592,1719975600000,722866.13
12593,1719979200000,718935.31
12594,1719982800000,720604.52
12595,1719986400000,719583.52
12596,1719990000000,720024.77
12597,1719993600000,718467.17
12598,1719997200000,716625.38
12599,1720000800000,718013.67
12600,1720004400000,711989.45
12601,1720008000000,711959.2
12602,1720011600000,710939.19
12603,1720015200000,710059.65
12604,1720018800000,710243.01
12605,1720022400000,709302.4
12606,1720026000000,713214.73
12607,1720029600000,708437.98
12608,1720033200000,710317.23
12609,1720036800000,701310.18999999
12610,1720040400000,700823.06
12611,1720044000000,698996.55
12612,1720047600000,702382.77
12613,1720051200000,703717.0
12614,1720054800000,702658.48
12615,1720058400000,693596.56999999
12616,1720062000000,693405.76
12617,1720065600000,688598.76
12618,1720069200000,685584.35
12619,1720072800000,683982.91
12620,1720076400000,681626.0
12621,1720080000000,688966.1
12622,1720083600000,696808.44999999
12623,1720087200000,693050.26
12624,1720090800000,692128.16
12625,1720094400000,695965.68999999
12626,1720098000000,693708.15
12627,1720101600000,686575.16
12628,1720105200000,692983.81999999
12629,1720108800000,693529.96
12630,1720112400000,698632.09
12631,1720116000000,699717.56999999
12632,1720119600000,698526.28
12633,1720123200000,700401.07999999
12634,1720126800000,701925.32999999
12635,1720130400000,703128.47
12636,1720134000000,699385.53
12637,1720137600000,693030.14
12638,1720141200000,691859.43999999
12639,1720144800000,687978.13
12640,1720148400000,651982.07999999
12641,1720152000000,670452.47
12642,1720155600000,665099.14
12643,1720159200000,687019.3
12644,1720162800000,678597.18999999
12645,1720166400000,688607.17
12646,1720170000000,677593.27
12647,1720173600000,676365.85
12648,1720177200000,675891.24
12649,1720180800000,680304.82999999
12650,1720184400000,673272.71
12651,1720188000000,680355.51
12652,1720191600000,680014.98
12653,1720195200000,675369.66
12654,1720198800000,667740.49
12655,1720202400000,671082.5
12656,1720206000000,660924.36
12657,1720209600000,657565.8
12658,1720213200000,659678.74
12659,1720216800000,654563.52
12660,1720220400000,653658.61
12661,1720224000000,653559.1
12662,1720227600000,650468.86
12663,1720231200000,650417.67
12664,1720234800000,653292.28
12665,1720238400000,652517.37
12666,1720242000000,650525.37
12667,1720245600000,650341.31
12668,1720249200000,656404.73
12669,1720252800000,661723.9
12670,1720256400000,657696.43
12671,1720260000000,657813.87
12672,1720263600000,662375.23
12673,1720267200000,661295.96
12674,1720270800000,660453.62
12675,1720274400000,660706.23
12676,1720278000000,663530.64
12677,1720281600000,666053.72
12678,1720285200000,672642.81999999
12679,1720288800000,673402.18999999
12680,1720292400000,673023.68999999
12681,1720296000000,673227.28
12682,1720299600000,672139.18
12683,1720303200000,676749.34
12684,1720306800000,676444.44999999
12685,1720310400000,677729.1
12686,1720314000000,679287.73
12687,1720317600000,673961.68999999
12688,1720321200000,676351.34
12689,1720324800000,673323.72
12690,1720328400000,663661.69999999
12691,1720332000000,658767.78
12692,1720335600000,658877.0
12693,1720339200000,649996.26
12694,1720342800000,645343.07999999
12695,1720346400000,644640.99
12696,1720350000000,646908.93
12697,1720353600000,645833.13
12698,1720357200000,643840.61
12699,1720360800000,643900.19999999
12700,1720364400000,640815.85
12701,1720368000000,641960.17
12702,1720371600000,642046.78
12703,1720375200000,643432.02
12704,1720378800000,641205.66
12705,1720382400000,641561.06999999
12706,1720386000000,641301.41
12707,1720389600000,645833.4
12708,1720393200000,652402.06999999
12709,1720396800000,648818.02
12710,1720400400000,647213.92
12711,1720404000000,637369.56999999
12712,1720407600000,643212.63
12713,1720411200000,641153.74
12714,1720414800000,638788.94999999
12715,1720418400000,639018.99
12716,1720422000000,640766.92
12717,1720425600000,640379.96
12718,1720429200000,642954.66
12719,1720432800000,655398.92
12720,1720436400000,654757.86
12721,1720440000000,663010.12
12722,1720443600000,669819.64
12723,1720447200000,671209.32999999
12724,1720450800000,647003.62
12725,1720454400000,645245.78
12726,1720458000000,646636.18
12727,1720461600000,647772.54
12728,1720465200000,645850.91
12729,1720468800000,648809.05
12730,1720472400000,647947.01
12731,1720476000000,649043.77
12732,1720479600000,661127.16
12733,1720483200000,660620.8
12734,1720486800000,665366.55
12735,1720490400000,658518.59
12736,1720494000000,668322.38
12737,1720497600000,676584.23
12738,1720501200000,686809.27
12739,1720504800000,693086.06
12740,1720508400000,704619.15
12741,1720512000000,710300.77
12742,1720515600000,712765.92
12743,1720519200000,720119.69
12744,1720522800000,717986.04
12745,1720526400000,723881.06
12746,1720530000000,723212.9
12747,1720533600000,719875.8
12748,1720537200000,721040.91
12749,1720540800000,718436.55
12750,1720544400000,713858.98
12751,1720548000000,708812.0
12752,1720551600000,705135.79
12753,1720555200000,704488.89
12754,1720558800000,704966.87
12755,1720562400000,707095.23
12756,1720566000000,707349.57
12757,1720569600000,706440.89
12758,1720573200000,698897.97
12759,1720576800000,700524.22
12760,1720580400000,703776.34
12761,1720584000000,703900.99
12762,1720587600000,704575.11
12763,1720591200000,706351.02
12764,1720594800000,708133.18
12765,1720598400000,706086.36
12766,1720602000000,708556.87
12767,1720605600000,706630.73
12768,1720609200000,704550.42
12769,1720612800000,708262.02
12770,1720616400000,709435.63
12771,1720620000000,715333.89
12772,1720623600000,719634.17
12773,1720627200000,725810.35
12774,1720630800000,723894.45
12775,1720634400000,723823.51
12776,1720638000000,722073.68
12777,1720641600000,723122.23
12778,1720645200000,720526.45
12779,1720648800000,718369.12
12780,1720652400000,716974.84
12781,1720656000000,716368.27
12782,1720659600000,714186.82
12783,1720663200000,712504.38
12784,1720666800000,714406.0
12785,1720670400000,713121.65
12786,1720674000000,713275.12
12787,1720677600000,710988.38
12788,1720681200000,707407.95
12789,1720684800000,709197.68
12790,1720688400000,712667.69
12791,1720692000000,710162.95
12792,1720695600000,709006.41
12793,1720699200000,706851.63
12794,1720702800000,707675.72
12795,1720706400000,715894.6
12796,1720710000000,715965.67
12797,1720713600000,718509.0
12798,1720717200000,719261.15
12799,1720720800000,722886.76
12800,1720724400000,711527.01
12801,1720728000000,703761.4
12802,1720731600000,704428.41
12803,1720735200000,700593.38
12804,1720738800000,699209.09
12805,1720742400000,701525.9
12806,1720746000000,702753.79
12807,1720749600000,694552.02
12808,1720753200000,694584.18
12809,1720756800000,693660.38
12810,1720760400000,691306.96
12811,1720764000000,694192.72
12812,1720767600000,693550.9
12813,1720771200000,693693.52
12814,1720774800000,693776.86
12815,1720778400000,693568.34
12816,1720782000000,690021.42
12817,1720785600000,687795.49
12818,1720789200000,690232.4
12819,1720792800000,697867.55
12820,1720796400000,704661.14
12821,1720800000000,710488.18
12822,1720803600000,714772.25
12823,1720807200000,716102.93
12824,1720810800000,713706.45
12825,1720814400000,715243.87
12826,1720818000000,716151.91
12827,1720821600000,714121.79
12828,1720825200000,708686.8
12829,1720828800000,710188.32
12830,1720832400000,716807.6
12831,1720836000000,717305.66
12832,1720839600000,716497.09
12833,1720843200000,715557.11
12834,1720846800000,712724.16
12835,1720850400000,712472.06
12836,1720854000000,712170.89
12837,1720857600000,712172.36
12838,1720861200000,711818.29
12839,1720864800000,707185.9
12840,1720868400000,707661.62
12841,1720872000000,707449.14
12842,1720875600000,706554.87
12843,1720879200000,708177.21
12844,1720882800000,708294.73
12845,1720886400000,709288.34
12846,1720890000000,710608.98
12847,1720893600000,709763.5
12848,1720897200000,709556.05
12849,1720900800000,708014.6
12850,1720904400000,707728.62
12851,1720908000000,707006.85
12852,1720911600000,711645.51
12853,1720915200000,706880.7
12854,1720918800000,706999.91
12855,1720922400000,704958.24
12856,1720926000000,699161.29
12857,1720929600000,697983.75
12858,1720933200000,697095.43999999
12859,1720936800000,699732.72
12860,1720940400000,701453.76
12861,1720944000000,702065.39
12862,1720947600000,703710.29
12863,1720951200000,704725.46
12864,1720954800000,705697.86
12865,1720958400000,704502.88
12866,1720962000000,703358.44999999
12867,1720965600000,703718.22
12868,1720969200000,702291.86
12869,1720972800000,706017.78
12870,1720976400000,707834.93
12871,1720980000000,707953.62
12872,1720983600000,707564.24
12873,1720987200000,708860.01
12874,1720990800000,710582.32
12875,1720994400000,700112.01
12876,1720998000000,697272.18999999
12877,1721001600000,703418.55
12878,1721005200000,703297.64
12879,1721008800000,707346.5
12880,1721012400000,697712.66
12881,1721016000000,700583.26
12882,1721019600000,701781.69999999
12883,1721023200000,701145.93
12884,1721026800000,701875.97
12885,1721030400000,700849.26
12886,1721034000000,702988.18
12887,1721037600000,705549.9
12888,1721041200000,702629.09
12889,1721044800000,701562.0
12890,1721048400000,706885.07
12891,1721052000000,716103.45
12892,1721055600000,716744.35
12893,1721059200000,717188.35
12894,1721062800000,715322.03
12895,1721066400000,712402.16
12896,1721070000000,707077.85
12897,1721073600000,714070.23
12898,1721077200000,715559.45
12899,1721080800000,715383.49
12900,1721084400000,705379.49
12901,1721088000000,709120.58
12902,1721091600000,703101.32999999
12903,1721095200000,697667.18
12904,1721098800000,699692.74
12905,1721102400000,699894.07999999
12906,1721106000000,699112.19999999
12907,1721109600000,688649.0
12908,1721113200000,678020.54
12909,1721116800000,682789.9
12910,1721120400000,679540.36
12911,1721124000000,683245.18
12912,1721127600000,688985.63
12913,1721131200000,686670.47
12914,1721134800000,681410.52
12915,1721138400000,677416.01
12916,1721142000000,673782.66
12917,1721145600000,696313.93999999
12918,1721149200000,698502.73
12919,1721152800000,697542.11
12920,1721156400000,696126.88
12921,1721160000000,696490.68
12922,1721163600000,689552.65
12923,1721167200000,688035.04
12924,1721170800000,683458.34
12925,1721174400000,686457.79
12926,1721178000000,683680.31
12927,1721181600000,686408.02
12928,1721185200000,687845.89
12929,1721188800000,688056.86
12930,1721192400000,690072.05
12931,1721196000000,693262.19999999
12932,1721199600000,697247.26
12933,1721203200000,699285.72
12934,1721206800000,700905.86
12935,1721210400000,702258.36
12936,1721214000000,700617.01
12937,1721217600000,696805.11
12938,1721221200000,685859.93999999
12939,1721224800000,688739.18999999
12940,1721228400000,690978.11
12941,1721232000000,682817.78
12942,1721235600000,680416.67
12943,1721239200000,686480.97
12944,1721242800000,686568.18999999
12945,1721246400000,686197.6
12946,1721250000000,691905.4
12947,1721253600000,689006.06999999
12948,1721257200000,686397.01
12949,1721260800000,688005.23
12950,1721264400000,696171.36
12951,1721268000000,698682.5
12952,1721271600000,696884.97
12953,1721275200000,695445.97
12954,1721278800000,693848.57999999
12955,1721282400000,691097.91
12956,1721286000000,694945.1
12957,1721289600000,696385.18
12958,1721293200000,703716.35
12959,1721296800000,704928.95
12960,1721300400000,702857.93999999
12961,1721304000000,706718.01
12962,1721307600000,709846.36
12963,1721311200000,707219.2
12964,1721314800000,695738.8
12965,1721318400000,686264.93
12966,1721322000000,690186.16
12967,1721325600000,688928.99
12968,1721329200000,692023.18
12969,1721332800000,690293.68999999
12970,1721336400000,695324.19999999
12971,1721340000000,695508.89
12972,1721343600000,696511.51
12973,1721347200000,696815.22
12974,1721350800000,687168.31999999
12975,1721354400000,685535.73
12976,1721358000000,686055.57999999
12977,1721361600000,687554.97
12978,1721365200000,687166.38
12979,1721368800000,685863.75
12980,1721372400000,686705.53
12981,1721376000000,687650.9
12982,1721379600000,691628.12
12983,1721383200000,694198.99
12984,1721386800000,692414.18999999
12985,1721390400000,690058.51
12986,1721394000000,688895.88
12987,1721397600000,681358.01
12988,1721401200000,680362.82999999
12989,1721404800000,685012.98
12990,1721408400000,681283.64
12991,1721412000000,702521.53
12992,1721415600000,707856.96
12993,1721419200000,702973.56
12994,1721422800000,701929.31
12995,1721426400000,711232.05
12996,1721430000000,713951.91
12997,1721433600000,711561.07
12998,1721437200000,707696.68
12999,1721440800000,706599.36
13000,1721444400000,705286.62
13001,1721448000000,704915.67
13002,1721451600000,702969.9
13003,1721455200000,703081.61
13004,1721458800000,703295.6
13005,1721462400000,704561.69
13006,1721466000000,702481.53
13007,1721469600000,698491.26
13008,1721473200000,698159.98
13009,1721476800000,700976.21
13010,1721480400000,700904.17
13011,1721484000000,699790.66
13012,1721487600000,700641.76
13013,1721491200000,702005.26
13014,1721494800000,701759.96
13015,1721498400000,696881.72
13016,1721502000000,701275.88
13017,1721505600000,699634.13
13018,1721509200000,699779.03
13019,1721512800000,699311.3
13020,1721516400000,700347.05
13021,1721520000000,702233.02
13022,1721523600000,699607.71
13023,1721527200000,699861.85
13024,1721530800000,700707.72
13025,1721534400000,700047.34
13026,1721538000000,699008.11
13027,1721541600000,699397.99
13028,1721545200000,699540.27
13029,1721548800000,698513.98
13030,1721552400000,698239.37
13031,1721556000000,700516.19999999
13032,1721559600000,700181.43999999
13033,1721563200000,699941.02
13034,1721566800000,700456.82999999
13035,1721570400000,698597.9
13036,1721574000000,697031.93999999
13037,1721577600000,695537.77
13038,1721581200000,691755.68999999
13039,1721584800000,684709.34
13040,1721588400000,679024.81
13041,1721592000000,675945.94999999
13042,1721595600000,677739.57999999
13043,1721599200000,672921.92
13044,1721602800000,676211.18999999
13045,1721606400000,677339.05
13046,1721610000000,675472.28
13047,1721613600000,677207.3
13048,1721617200000,676311.06999999
13049,1721620800000,674889.22
13050,1721624400000,675077.76
13051,1721628000000,675221.51
13052,1721631600000,672190.43
13053,1721635200000,672787.04
13054,1721638800000,672596.88
13055,1721642400000,674160.34
13056,1721646000000,675470.64
13057,1721649600000,676715.49
13058,1721653200000,677129.27
13059,1721656800000,674028.64
13060,1721660400000,674595.63
13061,1721664000000,680304.59
13062,1721667600000,680106.62
13063,1721671200000,679686.37
13064,1721674800000,679257.32999999
13065,1721678400000,677701.99
13066,1721682000000,685047.88
13067,1721685600000,682215.57999999
13068,1721689200000,682389.96
13069,1721692800000,678823.36
13070,1721696400000,688979.05
13071,1721700000000,683277.21
13072,1721703600000,683102.82999999
13073,1721707200000,685003.05
13074,1721710800000,682375.53
13075,1721714400000,682749.0
13076,1721718000000,685902.18
13077,1721721600000,692041.61
13078,1721725200000,721457.71
13079,1721728800000,732650.98
13080,1721732400000,740991.23
13081,1721736000000,762713.57
13082,1721739600000,750280.64
13083,1721743200000,761225.21
13084,1721746800000,767541.08
13085,1721750400000,766782.04
13086,1721754000000,735568.82
13087,1721757600000,751542.39
13088,1721761200000,753453.94
13089,1721764800000,765394.44
13090,1721768400000,782360.61
13091,1721772000000,779986.47
13092,1721775600000,790202.79
13093,1721779200000,770951.13
13094,1721782800000,756404.94
13095,1721786400000,737856.23
13096,1721790000000,732412.49
13097,1721793600000,730384.84
13098,1721797200000,725119.66
13099,1721800800000,724136.32
13100,1721804400000,725260.58
13101,1721808000000,727754.02
13102,1721811600000,737210.35
13103,1721815200000,739404.93
13104,1721818800000,750174.12
13105,1721822400000,751064.01
13106,1721826000000,752775.74
13107,1721829600000,753471.35
13108,1721833200000,755872.53
13109,1721836800000,750453.77
13110,1721840400000,749637.39
13111,1721844000000,750723.48
13112,1721847600000,742927.45
13113,1721851200000,734573.7
13114,1721854800000,737263.12
13115,1721858400000,732499.87
13116,1721862000000,736916.52
13117,1721865600000,736697.67
13118,1721869200000,734533.29
13119,1721872800000,715300.15
13120,1721876400000,713118.58
13121,1721880000000,718343.31
13122,1721883600000,720973.56
13123,1721887200000,724108.75
13124,1721890800000,722139.39
13125,1721894400000,728413.51
13126,1721898000000,728740.28
13127,1721901600000,729885.06
13128,1721905200000,728284.0
13129,1721908800000,728039.54
13130,1721912400000,733358.98
13131,1721916000000,732354.53
13132,1721919600000,729008.05
13133,1721923200000,726363.55
13134,1721926800000,716683.62
13135,1721930400000,722247.24
13136,1721934000000,720457.09
13137,1721937600000,730551.69
13138,1721941200000,722334.4
13139,1721944800000,705646.56
13140,1721948400000,706082.32
13141,1721952000000,705331.0
13142,1721955600000,708221.12
13143,1721959200000,702737.09
13144,1721962800000,705437.1
13145,1721966400000,706746.58
13146,1721970000000,707829.47
13147,1721973600000,715878.7
13148,1721977200000,722728.04
13149,1721980800000,723718.35
13150,1721984400000,726593.27
13151,1721988000000,738226.62
13152,1721991600000,735870.68
13153,1721995200000,735432.09
13154,1721998800000,733483.64
13155,1722002400000,738772.84
13156,1722006000000,738562.1
13157,1722009600000,733590.85
13158,1722013200000,741000.07
13159,1722016800000,739111.37
13160,1722020400000,740068.78
13161,1722024000000,737744.12
13162,1722027600000,735364.76
13163,1722031200000,733876.11
13164,1722034800000,733747.56
13165,1722038400000,733401.68
13166,1722042000000,731978.92
13167,1722045600000,725006.23
13168,1722049200000,720704.18
13169,1722052800000,720462.07
13170,1722056400000,722273.69
13171,1722060000000,719440.92
13172,1722063600000,719597.55
13173,1722067200000,719208.4
13174,1722070800000,718614.52
13175,1722074400000,719208.47
13176,1722078000000,720602.05
13177,1722081600000,720360.59
13178,1722085200000,725055.89
13179,1722088800000,720875.19
13180,1722092400000,718051.02
13181,1722096000000,706078.26
13182,1722099600000,702356.06999999
13183,1722103200000,687865.86
13184,1722106800000,688969.65
13185,1722110400000,697033.43
13186,1722114000000,690526.12
13187,1722117600000,683392.56
13188,1722121200000,681709.5
13189,1722124800000,686610.75
13190,1722128400000,683859.71
13191,1722132000000,684290.15
13192,1722135600000,685857.19999999
13193,1722139200000,685947.39
13194,1722142800000,685430.27
13195,1722146400000,686892.89
13196,1722150000000,687020.24
13197,1722153600000,685719.39
13198,1722157200000,681986.43
13199,1722160800000,679716.18999999
13200,1722164400000,684552.31
13201,1722168000000,685746.91
13202,1722171600000,690966.78
13203,1722175200000,689401.52
13204,1722178800000,686823.27
13205,1722182400000,687052.47
13206,1722186000000,686324.09
13207,1722189600000,686329.94999999
13208,1722193200000,684693.86
13209,1722196800000,683303.6
13210,1722200400000,683980.87
13211,1722204000000,681148.1
13212,1722207600000,681716.71
13213,1722211200000,680976.54
13214,1722214800000,685399.68
13215,1722218400000,682053.94999999
13216,1722222000000,681273.99
13217,1722225600000,682636.73
13218,1722229200000,685174.22
13219,1722232800000,690150.31999999
13220,1722236400000,699565.41
13221,1722240000000,698950.97
13222,1722243600000,706706.07
13223,1722247200000,710787.17
13224,1722250800000,715664.5
13225,1722254400000,711823.42
13226,1722258000000,705952.8
13227,1722261600000,699819.91
13228,1722265200000,694937.15
13229,1722268800000,694613.29
13230,1722272400000,701165.24
13231,1722276000000,710039.1
13232,1722279600000,712551.47
13233,1722283200000,713420.89
13234,1722286800000,715214.3
13235,1722290400000,712984.16
13236,1722294000000,718976.7
13237,1722297600000,713121.88
13238,1722301200000,719326.04
13239,1722304800000,718231.82
13240,1722308400000,715634.48
13241,1722312000000,718162.05
13242,1722315600000,714738.66
13243,1722319200000,713043.84
13244,1722322800000,714741.17
13245,1722326400000,718196.11
13246,1722330000000,721536.76
13247,1722333600000,721002.06
13248,1722337200000,725673.08
13249,1722340800000,723978.47
13250,1722344400000,720899.24
13251,1722348000000,720444.13
13252,1722351600000,719883.42
13253,1722355200000,722933.15
13254,1722358800000,722711.67
13255,1722362400000,721206.11
13256,1722366000000,711459.94
13257,1722369600000,712358.14
13258,1722373200000,708431.92
13259,1722376800000,709690.36
13260,1722380400000,712654.15
13261,1722384000000,711287.85
13262,1722387600000,709397.83
13263,1722391200000,710867.05
13264,1722394800000,704802.44
13265,1722398400000,706677.6
13266,1722402000000,705197.63
13267,1722405600000,708889.57
13268,1722409200000,716438.42
13269,1722412800000,717508.14
13270,1722416400000,716602.24
13271,1722420000000,716150.64
13272,1722423600000,716185.09
13273,1722427200000,717955.06
13274,1722430800000,717664.69
13275,1722434400000,721915.82
13276,1722438000000,723755.2
13277,1722441600000,719453.15
13278,1722445200000,716347.85
13279,1722448800000,709083.34
13280,1722452400000,705458.67
13281,1722456000000,702370.92
13282,1722459600000,702547.8
13283,1722463200000,702343.98
13284,1722466800000,704187.48
13285,1722470400000,705357.38
13286,1722474000000,704647.65
13287,1722477600000,699029.26
13288,1722481200000,697974.52
13289,1722484800000,695359.54
13290,1722488400000,688195.07999999
13291,1722492000000,690982.15
13292,1722495600000,680223.8
13293,1722499200000,682325.74
13294,1722502800000,685925.15
13295,1722506400000,682515.13
13296,1722510000000,685916.64
13297,1722513600000,686030.1
13298,1722517200000,689827.64
13299,1722520800000,694071.06
13300,1722524400000,691306.3
13301,1722528000000,687961.34
13302,1722531600000,680697.77
13303,1722535200000,681129.79
13304,1722538800000,682151.15
13305,1722542400000,678958.65
13306,1722546000000,673563.48
13307,1722549600000,663662.93
13308,1722553200000,669217.77
13309,1722556800000,671042.72
13310,1722560400000,669954.34
13311,1722564000000,669826.71
13312,1722567600000,667260.55
13313,1722571200000,665832.43
13314,1722574800000,663909.22
13315,1722578400000,663179.93
13316,1722582000000,665609.34
13317,1722585600000,662883.41
13318,1722589200000,665498.06
13319,1722592800000,665445.07999999
13320,1722596400000,664826.03
13321,1722600000000,665897.06
13322,1722603600000,670532.9
13323,1722607200000,674269.0
13324,1722610800000,687601.21
13325,1722614400000,684362.34
13326,1722618000000,686327.62
13327,1722621600000,690540.0
13328,1722625200000,704575.09
13329,1722628800000,703922.25
13330,1722632400000,707544.0
13331,1722636000000,708023.99
13332,1722639600000,707347.81
13333,1722643200000,711475.01
13334,1722646800000,703286.55
13335,1722650400000,699031.55
13336,1722654000000,698539.61
13337,1722657600000,698717.12
13338,1722661200000,698250.91
13339,1722664800000,698206.29
13340,1722668400000,701901.0
13341,1722672000000,701780.77
13342,1722675600000,699787.34
13343,1722679200000,700591.61
13344,1722682800000,699893.47
13345,1722686400000,701761.25
13346,1722690000000,703236.61
13347,1722693600000,701166.23
13348,1722697200000,701123.63
13349,1722700800000,697530.85
13350,1722704400000,701541.89
13351,1722708000000,704062.04
13352,1722711600000,706414.2
13353,1722715200000,701106.15
13354,1722718800000,696634.62
13355,1722722400000,689795.28
13356,1722726000000,689696.37
13357,1722729600000,694213.06999999
13358,1722733200000,694049.64
13359,1722736800000,696585.85
13360,1722740400000,698830.81999999
13361,1722744000000,698230.67
13362,1722747600000,695139.49
13363,1722751200000,695109.46
13364,1722754800000,695069.04
13365,1722758400000,699001.67
13366,1722762000000,698379.4
13367,1722765600000,696771.89
13368,1722769200000,695300.62
13369,1722772800000,695993.36
13370,1722776400000,696016.1
13371,1722780000000,697749.53
13372,1722783600000,697073.59
13373,1722787200000,695365.22
13374,1722790800000,694116.81999999
13375,1722794400000,698724.01
13376,1722798000000,688187.31
13377,1722801600000,687734.68999999
13378,1722805200000,685244.77
13379,1722808800000,689238.27
13380,1722812400000,688471.17
13381,1722816000000,684768.49
13382,1722819600000,671865.05
13383,1722823200000,623672.63
13384,1722826800000,636473.15
13385,1722830400000,623083.48
13386,1722834000000,618511.72
13387,1722837600000,606816.47
13388,1722841200000,620401.69999999
13389,1722844800000,626028.06
13390,1722848400000,623025.79
13391,1722852000000,626242.57999999
13392,1722855600000,630576.62
13393,1722859200000,630260.3
13394,1722862800000,620648.55
13395,1722866400000,623801.53
13396,1722870000000,623784.93999999
13397,1722873600000,629917.53
13398,1722877200000,612530.29
13399,1722880800000,612764.68
13400,1722884400000,614215.64
13401,1722888000000,608593.88
13402,1722891600000,605188.8
13403,1722895200000,605551.55
13404,1722898800000,610420.77
13405,1722902400000,605203.91
13406,1722906000000,608918.14
13407,1722909600000,610169.59
13408,1722913200000,608077.82999999
13409,1722916800000,603189.35
13410,1722920400000,599935.38
13411,1722924000000,598061.59
13412,1722927600000,603295.77
13413,1722931200000,603549.99
13414,1722934800000,595254.61
13415,1722938400000,598001.96
13416,1722942000000,596087.18999999
13417,1722945600000,598788.46
13418,1722949200000,604070.97
13419,1722952800000,600885.56
13420,1722956400000,608592.54
13421,1722960000000,616594.96
13422,1722963600000,618449.76
13423,1722967200000,615437.4
13424,1722970800000,618335.62
13425,1722974400000,619188.72
13426,1722978000000,616936.52
13427,1722981600000,617088.37
13428,1722985200000,610986.98
13429,1722988800000,610704.68
13430,1722992400000,601731.68999999
13431,1722996000000,598905.25
13432,1722999600000,591807.86
13433,1723003200000,593928.37
13434,1723006800000,599353.26
13435,1723010400000,598142.12
13436,1723014000000,599801.37
13437,1723017600000,603087.81999999
13438,1723021200000,607863.06
13439,1723024800000,610089.79
13440,1723028400000,610272.42
13441,1723032000000,614784.14
13442,1723035600000,627216.22
13443,1723039200000,634960.79
13444,1723042800000,628688.26
13445,1723046400000,628082.76
13446,1723050000000,631990.62
13447,1723053600000,622706.66
13448,1723057200000,625059.85
13449,1723060800000,624047.03
13450,1723064400000,616714.28
13451,1723068000000,619670.79
13452,1723071600000,623116.79
13453,1723075200000,624322.55
13454,1723078800000,626260.31999999
13455,1723082400000,612226.47
13456,1723086000000,610872.46
13457,1723089600000,614989.43
13458,1723093200000,618719.39
13459,1723096800000,621854.81
13460,1723100400000,627865.37
13461,1723104000000,629977.59
13462,1723107600000,629481.12
13463,1723111200000,622864.12
13464,1723114800000,620922.4
13465,1723118400000,626047.61
13466,1723122000000,615756.56
13467,1723125600000,619827.42
13468,1723129200000,617068.99
13469,1723132800000,621711.15
13470,1723136400000,633569.1
13471,1723140000000,627252.87
13472,1723143600000,629077.71
13473,1723147200000,627398.91
13474,1723150800000,626991.18
13475,1723154400000,615033.69999999
13476,1723158000000,610715.48
13477,1723161600000,609298.38
13478,1723165200000,616140.87
13479,1723168800000,615595.42
13480,1723172400000,613981.72
13481,1723176000000,620667.15
13482,1723179600000,620215.94999999
13483,1723183200000,620849.24
13484,1723186800000,627259.18
13485,1723190400000,630084.6
13486,1723194000000,632109.67
13487,1723197600000,628481.8
13488,1723201200000,621842.67
13489,1723204800000,621728.93999999
13490,1723208400000,624442.81999999
13491,1723212000000,617294.81
13492,1723215600000,612056.29
13493,1723219200000,610367.31999999
13494,1723222800000,611244.66
13495,1723226400000,608845.3
13496,1723230000000,607734.36
13497,1723233600000,609196.56
13498,1723237200000,608325.57999999
13499,1723240800000,606623.56999999
13500,1723244400000,606663.31999999
13501,1723248000000,607422.3
13502,1723251600000,606735.6
13503,1723255200000,594712.31
13504,1723258800000,592567.55
13505,1723262400000,591759.41
13506,1723266000000,593316.67
13507,1723269600000,592438.47
13508,1723273200000,594366.41
13509,1723276800000,596704.23
13510,1723280400000,600722.31999999
13511,1723284000000,599978.81999999
13512,1723287600000,600223.02
13513,1723291200000,599984.06
13514,1723294800000,600593.78
13515,1723298400000,595669.42
13516,1723302000000,595741.28
13517,1723305600000,593825.49
13518,1723309200000,591938.82999999
13519,1723312800000,591767.3
13520,1723316400000,589790.78
13521,1723320000000,589521.64
13522,1723323600000,590307.66
13523,1723327200000,589010.81999999
13524,1723330800000,588027.93
13525,1723334400000,587912.81
13526,1723338000000,589177.99
13527,1723341600000,590008.35
13528,1723345200000,589761.29
13529,1723348800000,589272.91
13530,1723352400000,585608.19999999
13531,1723356000000,588123.15
13532,1723359600000,593082.27
13533,1723363200000,596667.03
13534,1723366800000,597644.79
13535,1723370400000,605403.18
13536,1723374000000,605534.24
13537,1723377600000,612292.39
13538,1723381200000,615226.71
13539,1723384800000,614880.32999999
13540,1723388400000,613507.34
13541,1723392000000,615260.28
13542,1723395600000,615099.87
13543,1723399200000,613683.77
13544,1723402800000,617195.34
13545,1723406400000,612669.65
13546,1723410000000,607921.64
13547,1723413600000,609984.88
13548,1723417200000,606096.59
13549,1723420800000,607933.05
13550,1723424400000,601249.51
13551,1723428000000,605640.1
13552,1723431600000,604815.5
13553,1723435200000,603481.97
13554,1723438800000,604354.29
13555,1723442400000,604215.74
13556,1723446000000,607350.28
13557,1723449600000,607996.35
13558,1723453200000,605228.15
13559,1723456800000,608872.66
13560,1723460400000,619732.22
13561,1723464000000,618137.8
13562,1723467600000,625535.64
13563,1723471200000,615846.36
13564,1723474800000,622138.51
13565,1723478400000,629182.29
13566,1723482000000,626894.12
13567,1723485600000,624766.61
13568,1723489200000,618290.23
13569,1723492800000,619023.31999999
13570,1723496400000,631822.05
13571,1723500000000,624829.67
13572,1723503600000,625238.98
13573,1723507200000,635561.26
13574,1723510800000,645753.65
13575,1723514400000,642230.81
13576,1723518000000,634680.07999999
13577,1723521600000,632968.6
13578,1723525200000,630881.92
13579,1723528800000,626899.03
13580,1723532400000,624889.4
13581,1723536000000,620427.53
13582,1723539600000,620214.54
13583,1723543200000,619796.28
13584,1723546800000,620008.24
13585,1723550400000,621804.18999999
13586,1723554000000,628197.24
13587,1723557600000,638638.28
13588,1723561200000,624834.05
13589,1723564800000,619872.89
13590,1723568400000,628220.53
13591,1723572000000,643000.93
13592,1723575600000,642404.79
13593,1723579200000,633386.21
13594,1723582800000,633167.43999999
13595,1723586400000,639182.56999999
13596,1723590000000,640123.56
13597,1723593600000,636454.85
13598,1723597200000,636914.17
13599,1723600800000,635807.17
13600,1723604400000,639359.96
13601,1723608000000,639636.52
13602,1723611600000,639410.31999999
13603,1723615200000,644427.29
13604,1723618800000,649746.47
13605,1723622400000,646211.8
13606,1723626000000,645442.98
13607,1723629600000,644275.42
13608,1723633200000,638172.43
13609,1723636800000,636788.73
13610,1723640400000,637846.51
13611,1723644000000,606407.23
13612,1723647600000,607100.63
13613,1723651200000,616078.96
13614,1723654800000,615132.29
13615,1723658400000,615017.61
13616,1723662000000,614681.04
13617,1723665600000,616675.61
13618,1723669200000,616343.18999999
13619,1723672800000,611770.54
13620,1723676400000,609824.9
13621,1723680000000,609162.61
13622,1723683600000,609912.11
13623,1723687200000,610961.76
13624,1723690800000,611447.5
13625,1723694400000,610853.68
13626,1723698000000,608216.37
13627,1723701600000,609936.84
13628,1723705200000,608991.36
13629,1723708800000,615626.41
13630,1723712400000,611042.59
13631,1723716000000,614252.61
13632,1723719600000,613341.85
13633,1723723200000,614130.65
13634,1723726800000,620695.47
13635,1723730400000,621044.31999999
13636,1723734000000,623585.38
13637,1723737600000,621238.3
13638,1723741200000,621079.43
13639,1723744800000,611824.34
13640,1723748400000,602822.03
13641,1723752000000,613195.68999999
13642,1723755600000,601197.51
13643,1723759200000,619250.32999999
13644,1723762800000,615867.77
13645,1723766400000,615982.3
13646,1723770000000,617667.54
13647,1723773600000,614286.37
13648,1723777200000,605854.85
13649,1723780800000,610673.29
13650,1723784400000,616714.63
13651,1723788000000,617790.93
13652,1723791600000,620586.23
13653,1723795200000,623483.15
13654,1723798800000,630663.48
13655,1723802400000,634012.07999999
13656,1723806000000,633926.44999999
13657,1723809600000,633463.91
13658,1723813200000,626860.23
13659,1723816800000,627441.57999999
13660,1723820400000,630677.01
13661,1723824000000,631247.43999999
13662,1723827600000,634578.67
13663,1723831200000,636055.17
13664,1723834800000,632723.86
13665,1723838400000,630169.24
13666,1723842000000,633872.34
13667,1723845600000,632177.81999999
13668,1723849200000,630363.24
13669,1723852800000,628627.48
13670,1723856400000,625592.04
13671,1723860000000,620994.76
13672,1723863600000,617992.63
13673,1723867200000,619037.5
13674,1723870800000,619023.42
13675,1723874400000,618916.6
13676,1723878000000,618485.97
13677,1723881600000,619232.75
13678,1723885200000,621881.43
13679,1723888800000,623106.62
13680,1723892400000,623631.26
13681,1723896000000,622404.56
13682,1723899600000,623333.77
13683,1723903200000,629590.11
13684,1723906800000,629293.82999999
13685,1723910400000,629266.8
13686,1723914000000,631888.81
13687,1723917600000,631980.44999999
13688,1723921200000,631777.03
13689,1723924800000,632510.07999999
13690,1723928400000,633552.78
13691,1723932000000,635344.14
13692,1723935600000,634949.6
13693,1723939200000,634662.26
13694,1723942800000,634786.93
13695,1723946400000,630885.15
13696,1723950000000,630411.52
13697,1723953600000,623225.32999999
13698,1723957200000,624193.19999999
13699,1723960800000,622974.75
13700,1723964400000,622332.74
13701,1723968000000,621961.71
13702,1723971600000,624874.22
13703,1723975200000,621597.93999999
13704,1723978800000,625315.56
13705,1723982400000,630966.98
13706,1723986000000,633153.07999999
13707,1723989600000,634413.13
13708,1723993200000,638772.96
13709,1723996800000,639631.68
13710,1724000400000,639736.87
13711,1724004000000,639406.31
13712,1724007600000,639894.22
13713,1724011200000,640934.5
13714,1724014800000,641596.64
13715,1724018400000,636469.15
13716,1724022000000,634545.1
13717,1724025600000,625372.51
13718,1724029200000,626303.39
13719,1724032800000,627341.64
13720,1724036400000,628031.61
13721,1724040000000,641407.0
13722,1724043600000,639831.03
13723,1724047200000,643440.68
13724,1724050800000,646906.76
13725,1724054400000,647113.38
13726,1724058000000,643332.21
13727,1724061600000,630646.4
13728,1724065200000,641583.67
13729,1724068800000,645330.1
13730,1724072400000,650888.46
13731,1724076000000,647699.04
13732,1724079600000,647979.04
13733,1724083200000,649718.89
13734,1724086800000,656763.56999999
13735,1724090400000,651933.87
13736,1724094000000,649036.94999999
13737,1724097600000,648855.38
13738,1724101200000,645404.48
13739,1724104800000,647594.24
13740,1724108400000,646920.18
13741,1724112000000,642176.66
13742,1724115600000,653495.81999999
13743,1724119200000,651307.15
13744,1724122800000,651250.12
13745,1724126400000,653322.09
13746,1724130000000,651452.07999999
13747,1724133600000,650159.63
13748,1724137200000,651620.05
13749,1724140800000,653675.56999999
13750,1724144400000,651923.5
13751,1724148000000,655404.75
13752,1724151600000,654404.18
13753,1724155200000,658149.85
13754,1724158800000,658261.38
13755,1724162400000,646003.0
13756,1724166000000,643891.68
13757,1724169600000,631619.59
13758,1724173200000,634540.81
13759,1724176800000,641669.68
13760,1724180400000,642189.66
13761,1724184000000,643144.18999999
13762,1724187600000,644557.81
13763,1724191200000,635306.26
13764,1724194800000,638414.18
13765,1724198400000,639392.43
13766,1724202000000,639031.43999999
13767,1724205600000,638575.42
13768,1724209200000,638259.14
13769,1724212800000,639656.15
13770,1724216400000,640065.39
13771,1724220000000,639725.11
13772,1724223600000,637241.15
13773,1724227200000,639979.43
13774,1724230800000,634434.16
13775,1724234400000,634464.78
13776,1724238000000,634632.15
13777,1724241600000,635687.5
13778,1724245200000,638440.73
13779,1724248800000,637389.39
13780,1724252400000,648298.18999999
13781,1724256000000,643126.69999999
13782,1724259600000,642325.34
13783,1724263200000,643005.46
13784,1724266800000,641581.8
13785,1724270400000,648107.42
13786,1724274000000,654196.38
13787,1724277600000,649838.88
13788,1724281200000,648486.04
13789,1724284800000,645256.18
13790,1724288400000,645608.78
13791,1724292000000,641583.87
13792,1724295600000,626752.27
13793,1724299200000,627529.52
13794,1724302800000,626784.49
13795,1724306400000,628040.56999999
13796,1724310000000,628966.82999999
13797,1724313600000,629880.62
13798,1724317200000,630263.14
13799,1724320800000,630974.93
13800,1724324400000,630808.65
13801,1724328000000,630400.04
13802,1724331600000,630019.65
13803,1724335200000,638574.27
13804,1724338800000,637874.72
13805,1724342400000,638232.37
13806,1724346000000,642368.25
13807,1724349600000,647291.73
13808,1724353200000,649184.43
13809,1724356800000,648400.8
13810,1724360400000,647611.93
13811,1724364000000,650483.81999999
13812,1724367600000,648515.0
13813,1724371200000,648680.8
13814,1724374800000,647464.01
13815,1724378400000,647296.41
13816,1724382000000,648360.3
13817,1724385600000,652988.69999999
13818,1724389200000,660751.16
13819,1724392800000,675475.5
13820,1724396400000,684086.97
13821,1724400000000,681187.41
13822,1724403600000,682812.62
13823,1724407200000,683870.48
13824,1724410800000,686987.85
13825,1724414400000,684438.92
13826,1724418000000,683130.89
13827,1724421600000,678567.97
13828,1724425200000,678391.8
13829,1724428800000,686237.94999999
13830,1724432400000,687868.15
13831,1724436000000,665740.98
13832,1724439600000,669613.19999999
13833,1724443200000,675422.51
13834,1724446800000,677330.81999999
13835,1724450400000,673885.36
13836,1724454000000,668607.02
13837,1724457600000,670015.26
13838,1724461200000,666140.4
13839,1724464800000,666587.86
13840,1724468400000,665190.85
13841,1724472000000,664635.31
13842,1724475600000,665448.27
13843,1724479200000,662042.28
13844,1724482800000,665089.3
13845,1724486400000,667077.46
13846,1724490000000,670611.78
13847,1724493600000,679811.89
13848,1724497200000,678425.13
13849,1724500800000,677248.88
13850,1724504400000,671469.67
13851,1724508000000,673212.01
13852,1724511600000,674766.01
13853,1724515200000,677295.19999999
13854,1724518800000,678149.38
13855,1724522400000,673613.41
13856,1724526000000,676830.53
13857,1724529600000,677714.35
13858,1724533200000,682472.32999999
13859,1724536800000,680734.24
13860,1724540400000,679972.0
13861,1724544000000,678138.27
13862,1724547600000,673677.47
13863,1724551200000,670962.5
13864,1724554800000,672271.81
13865,1724558400000,674590.56
13866,1724562000000,674993.5
13867,1724565600000,673491.73
13868,1724569200000,677689.37
13869,1724572800000,677254.21
13870,1724576400000,676430.62
13871,1724580000000,677488.78
13872,1724583600000,677120.76
13873,1724587200000,676528.46
13874,1724590800000,675521.09
13875,1724594400000,676848.01
13876,1724598000000,679317.9
13877,1724601600000,679885.62
13878,1724605200000,682061.17
13879,1724608800000,681027.73
13880,1724612400000,682939.8
13881,1724616000000,682917.29
13882,1724619600000,678209.49
13883,1724623200000,679433.61
13884,1724626800000,680990.74
13885,1724630400000,680158.86
13886,1724634000000,677749.93999999
13887,1724637600000,677018.02
13888,1724641200000,674342.43999999
13889,1724644800000,675190.43999999
13890,1724648400000,676408.66
13891,1724652000000,675565.13
13892,1724655600000,677274.61
13893,1724659200000,678710.68999999
13894,1724662800000,680161.51
13895,1724666400000,680112.59
13896,1724670000000,685334.13
13897,1724673600000,686617.9
13898,1724677200000,690549.14
13899,1724680800000,684501.56
13900,1724684400000,683032.56999999
13901,1724688000000,680632.94999999
13902,1724691600000,682716.91
13903,1724695200000,676880.51
13904,1724698800000,675823.37
13905,1724702400000,673910.38
13906,1724706000000,675201.04
13907,1724709600000,677508.89
13908,1724713200000,676825.16
13909,1724716800000,678596.81999999
13910,1724720400000,678746.93999999
13911,1724724000000,683183.15
13912,1724727600000,681919.09
13913,1724731200000,680116.46
13914,1724734800000,681520.88
13915,1724738400000,680683.37
13916,1724742000000,682531.98
13917,1724745600000,687281.5
13918,1724749200000,686982.46
13919,1724752800000,686518.88
13920,1724756400000,685034.46
13921,1724760000000,682528.03
13922,1724763600000,681012.26
13923,1724767200000,687954.67
13924,1724770800000,678474.86
13925,1724774400000,690669.6
13926,1724778000000,685957.79
13927,1724781600000,688106.77
13928,1724785200000,689923.6
13929,1724788800000,690589.67
13930,1724792400000,690338.27
13931,1724796000000,643940.42
13932,1724799600000,636577.92
13933,1724803200000,636631.81
13934,1724806800000,636625.64
13935,1724810400000,635414.46
13936,1724814000000,640325.5
13937,1724817600000,648235.97
13938,1724821200000,645317.63
13939,1724824800000,647051.34
13940,1724828400000,647191.88
13941,1724832000000,642013.41
13942,1724835600000,642892.17
13943,1724839200000,637047.21
13944,1724842800000,641917.71
13945,1724846400000,642697.93999999
13946,1724850000000,645910.67
13947,1724853600000,646608.26
13948,1724857200000,631666.42
13949,1724860800000,633944.51
13950,1724864400000,626849.28
13951,1724868000000,633471.46
13952,1724871600000,639969.56
13953,1724875200000,637218.43
13954,1724878800000,632457.34
13955,1724882400000,630491.81
13956,1724886000000,630180.66
13957,1724889600000,627830.27
13958,1724893200000,627055.34
13959,1724896800000,626308.48
13960,1724900400000,622685.04
13961,1724904000000,622330.28
13962,1724907600000,620774.04
13963,1724911200000,621968.42
13964,1724914800000,629848.68
13965,1724918400000,625991.68
13966,1724922000000,625679.22
13967,1724925600000,627817.12
13968,1724929200000,627157.63
13969,1724932800000,626858.12
13970,1724936400000,634823.53
13971,1724940000000,635480.14
13972,1724943600000,630581.39
13973,1724947200000,636728.55
13974,1724950800000,633897.72
13975,1724954400000,636241.05
13976,1724958000000,620250.18999999
13977,1724961600000,619024.12
13978,1724965200000,622236.0
13979,1724968800000,622268.36
13980,1724972400000,614324.37
13981,1724976000000,612519.74
13982,1724979600000,613731.89
13983,1724983200000,609736.32999999
13984,1724986800000,610871.54
13985,1724990400000,612025.05
13986,1724994000000,612127.79
13987,1724997600000,613087.28
13988,1725001200000,612804.55
13989,1725004800000,613534.71
13990,1725008400000,614091.48
13991,1725012000000,612906.39
13992,1725015600000,611793.98
13993,1725019200000,613289.06999999
13994,1725022800000,614822.32999999
13995,1725026400000,610530.79
13996,1725030000000,613467.16
13997,1725033600000,621173.5
13998,1725037200000,615572.78
13999,1725040800000,621178.41
14000,1725044400000,618250.06999999
14001,1725048000000,613761.5
14002,1725051600000,614450.06
14003,1725055200000,622221.09
14004,1725058800000,620331.53
14005,1725062400000,619464.37
14006,1725066000000,619231.73
14007,1725069600000,619447.69999999
14008,1725073200000,619366.68
14009,1725076800000,619761.97
14010,1725080400000,620306.57999999
14011,1725084000000,620837.61
14012,1725087600000,621355.22
14013,1725091200000,621126.81999999
14014,1725094800000,619080.93
14015,1725098400000,623567.13
14016,1725102000000,621789.52
14017,1725105600000,621100.19999999
14018,1725109200000,620077.22
14019,1725112800000,620436.18999999
14020,1725116400000,620378.81999999
14021,1725120000000,620693.37
14022,1725123600000,621015.86
14023,1725127200000,617253.63
14024,1725130800000,613249.67
14025,1725134400000,615286.78
14026,1725138000000,614621.43999999
14027,1725141600000,610285.69999999
14028,1725145200000,611445.07999999
14029,1725148800000,610558.98
14030,1725152400000,610034.73
14031,1725156000000,609462.11
14032,1725159600000,608126.51
14033,1725163200000,609070.68
14034,1725166800000,610194.81
14035,1725170400000,613980.56999999
14036,1725174000000,621069.87
14037,1725177600000,626519.8
14038,1725181200000,627026.92
14039,1725184800000,622656.77
14040,1725188400000,622749.51
14041,1725192000000,624254.31999999
14042,1725195600000,623606.37
14043,1725199200000,622807.74
14044,1725202800000,613752.75
14045,1725206400000,618944.73
14046,1725210000000,621148.11
14047,1725213600000,622203.47
14048,1725217200000,617058.79
14049,1725220800000,617910.43
14050,1725224400000,623433.67
14051,1725228000000,622636.39
14052,1725231600000,597657.43999999
14053,1725235200000,603362.37
14054,1725238800000,602901.15
14055,1725242400000,608430.35
14056,1725246000000,609593.05
14057,1725249600000,606598.56
14058,1725253200000,608046.62
14059,1725256800000,607028.35
14060,1725260400000,607731.55
14061,1725264000000,605516.4
14062,1725267600000,604111.3
14063,1725271200000,603207.41
14064,1725274800000,610288.15
14065,1725278400000,615767.54
14066,1725282000000,616384.56
14067,1725285600000,619528.3
14068,1725289200000,626877.42
14069,1725292800000,630189.11
14070,1725296400000,623623.5
14071,1725300000000,626693.84
14072,1725303600000,625745.69999999
14073,1725307200000,626459.75
14074,1725310800000,625445.86
14075,1725314400000,628364.96
14076,1725318000000,628369.99
14077,1725321600000,629378.31
14078,1725325200000,627866.47
14079,1725328800000,625836.71
14080,1725332400000,623383.09
14081,1725336000000,621443.22
14082,1725339600000,621364.61
14083,1725343200000,623193.43
14084,1725346800000,623189.78
14085,1725350400000,626096.6
14086,1725354000000,623356.0
14087,1725357600000,625975.24
14088,1725361200000,628994.39
14089,1725364800000,629173.71
14090,1725368400000,628993.76
14091,1725372000000,634736.54
14092,1725375600000,631120.55
14093,1725379200000,635469.23
14094,1725382800000,642157.06999999
14095,1725386400000,644009.88
14096,1725390000000,648757.75
14097,1725393600000,647664.18999999
14098,1725397200000,647763.97
14099,1725400800000,644496.03
14100,1725404400000,645113.81
14101,1725408000000,635347.07999999
14102,1725411600000,624584.55
14103,1725415200000,611587.48
14104,1725418800000,616190.99
14105,1725422400000,621619.91
14106,1725426000000,619818.85
14107,1725429600000,619573.01
14108,1725433200000,614122.15
14109,1725436800000,617583.0
14110,1725440400000,617514.28
14111,1725444000000,619249.87
14112,1725447600000,617440.38
14113,1725451200000,615278.82999999
14114,1725454800000,614786.84
14115,1725458400000,613254.74
14116,1725462000000,611541.13
14117,1725465600000,615246.81
14118,1725469200000,618199.71
14119,1725472800000,620073.89
14120,1725476400000,624888.88
14121,1725480000000,622163.46
14122,1725483600000,622405.93
14123,1725487200000,620640.67
14124,1725490800000,619950.87
14125,1725494400000,621063.89
14126,1725498000000,617418.55
14127,1725501600000,615431.49
14128,1725505200000,617051.03
14129,1725508800000,612956.04
14130,1725512400000,615396.54
14131,1725516000000,622955.76
14132,1725519600000,627679.59
14133,1725523200000,627955.05
14134,1725526800000,631003.43
14135,1725530400000,632322.94999999
14136,1725534000000,631783.74
14137,1725537600000,635617.06999999
14138,1725541200000,642771.55
14139,1725544800000,649269.61
14140,1725548400000,648602.03
14141,1725552000000,658872.79
14142,1725555600000,656552.14
14143,1725559200000,652786.38
14144,1725562800000,653372.56
14145,1725566400000,650618.17
14146,1725570000000,650584.68
14147,1725573600000,652391.93999999
14148,1725577200000,656042.21
14149,1725580800000,654188.86
14150,1725584400000,652934.63
14151,1725588000000,651799.18999999
14152,1725591600000,651075.99
14153,1725595200000,649215.52
14154,1725598800000,649714.07999999
14155,1725602400000,649748.52
14156,1725606000000,647890.0
14157,1725609600000,654238.9
14158,1725613200000,649248.35
14159,1725616800000,646304.09
14160,1725620400000,643538.74
14161,1725624000000,631713.28
14162,1725627600000,638656.67
14163,1725631200000,634845.28
14164,1725634800000,623696.93999999
14165,1725638400000,633051.5
14166,1725642000000,638139.25
14167,1725645600000,633304.77
14168,1725649200000,636977.61
14169,1725652800000,635195.26
14170,1725656400000,628765.27
14171,1725660000000,626356.43999999
14172,1725663600000,624228.74
14173,1725667200000,623275.85
14174,1725670800000,623084.56
14175,1725674400000,624821.78
14176,1725678000000,625291.68999999
14177,1725681600000,625416.9
14178,1725685200000,624353.92
14179,1725688800000,619712.31999999
14180,1725692400000,619804.92
14181,1725696000000,618908.56999999
14182,1725699600000,620160.62
14183,1725703200000,621374.34
14184,1725706800000,622644.93999999
14185,1725710400000,623662.89
14186,1725714000000,619331.22
14187,1725717600000,629173.14
14188,1725721200000,628515.26
14189,1725724800000,627932.51
14190,1725728400000,630857.73
14191,1725732000000,625096.93999999
14192,1725735600000,624000.07999999
14193,1725739200000,623258.71
14194,1725742800000,622544.49
14195,1725746400000,621823.18
14196,1725750000000,622232.1
14197,1725753600000,619227.85
14198,1725757200000,620433.39
14199,1725760800000,618852.66
14200,1725764400000,622011.78
14201,1725768000000,622090.84
14202,1725771600000,618678.85
14203,1725775200000,621102.51
14204,1725778800000,622670.64
14205,1725782400000,624590.55
14206,1725786000000,625814.43
14207,1725789600000,625718.1
14208,1725793200000,627073.09
14209,1725796800000,631829.56999999
14210,1725800400000,634710.68
14211,1725804000000,632241.94999999
14212,1725807600000,632276.52
14213,1725811200000,632476.86
14214,1725814800000,627004.52
14215,1725818400000,625045.16
14216,1725822000000,626022.98
14217,1725825600000,626721.48
14218,1725829200000,629575.31999999
14219,1725832800000,628921.41
14220,1725836400000,653528.56999999
14221,1725840000000,654722.81
14222,1725843600000,654427.59
14223,1725847200000,655830.94999999
14224,1725850800000,656348.06999999
14225,1725854400000,653838.92
14226,1725858000000,655249.67
14227,1725861600000,649932.31
14228,1725865200000,649449.97
14229,1725868800000,649869.19999999
14230,1725872400000,651678.27
14231,1725876000000,647389.63
14232,1725879600000,651024.93999999
14233,1725883200000,650545.43999999
14234,1725886800000,648476.82999999
14235,1725890400000,651545.68999999
14236,1725894000000,644379.18
14237,1725897600000,639504.22
14238,1725901200000,642859.65
14239,1725904800000,645093.12
14240,1725908400000,642329.73
14241,1725912000000,642069.27
14242,1725915600000,644290.3
14243,1725919200000,637405.56
14244,1725922800000,646704.38
14245,1725926400000,645334.67
14246,1725930000000,641551.18999999
14247,1725933600000,644439.51
14248,1725937200000,643045.06
14249,1725940800000,643395.03
14250,1725944400000,639985.81999999
14251,1725948000000,641276.88
14252,1725951600000,640364.23
14253,1725955200000,643062.99
14254,1725958800000,642705.05
14255,1725962400000,640196.63
14256,1725966000000,640404.55
14257,1725969600000,641402.86
14258,1725973200000,638471.56
14259,1725976800000,641308.6
14260,1725980400000,641323.71
14261,1725984000000,638631.13
14262,1725987600000,640729.94999999
14263,1725991200000,638957.46
14264,1725994800000,631288.06
14265,1725998400000,630050.23
14266,1726002000000,629736.11
14267,1726005600000,628256.12
14268,1726009200000,630895.26
14269,1726012800000,633102.25
14270,1726016400000,637020.76
14271,1726020000000,647278.26
14272,1726023600000,642742.66
14273,1726027200000,642163.81999999
14274,1726030800000,635916.39
14275,1726034400000,640862.04
14276,1726038000000,642873.31999999
14277,1726041600000,643829.72
14278,1726045200000,644348.32999999
14279,1726048800000,644774.01
14280,1726052400000,640649.98
14281,1726056000000,641594.66
14282,1726059600000,634995.96
14283,1726063200000,645460.38
14284,1726066800000,660978.73
14285,1726070400000,645477.24
14286,1726074000000,643437.56999999
14287,1726077600000,641740.63
14288,1726081200000,641105.49
14289,1726084800000,640455.68
14290,1726088400000,640543.74
14291,1726092000000,640915.26
14292,1726095600000,641248.44999999
14293,1726099200000,641287.99
14294,1726102800000,644091.19999999
14295,1726106400000,644199.34
14296,1726110000000,639253.42
14297,1726113600000,640592.44999999
14298,1726117200000,640137.67
14299,1726120800000,642094.01
14300,1726124400000,642562.26
14301,1726128000000,643382.24
14302,1726131600000,645355.37
14303,1726135200000,644159.99
14304,1726138800000,642088.73
14305,1726142400000,643829.87
14306,1726146000000,645271.35
14307,1726149600000,639371.9
14308,1726153200000,635785.17
14309,1726156800000,638096.91
14310,1726160400000,640146.98
14311,1726164000000,641967.06999999
14312,1726167600000,639145.43
14313,1726171200000,639756.71
14314,1726174800000,639532.25
14315,1726178400000,637863.48
14316,1726182000000,638227.59
14317,1726185600000,636457.81
14318,1726189200000,635310.43999999
14319,1726192800000,629987.39
14320,1726196400000,629995.18999999
14321,1726200000000,632335.88
14322,1726203600000,632217.91
14323,1726207200000,632819.98
14324,1726210800000,631197.82999999
14325,1726214400000,630184.41
14326,1726218000000,631894.52
14327,1726221600000,635629.75
14328,1726225200000,640521.3
14329,1726228800000,641281.81999999
14330,1726232400000,642942.87
14331,1726236000000,648791.9
14332,1726239600000,651466.03
14333,1726243200000,641574.68999999
14334,1726246800000,647821.27
14335,1726250400000,651270.04
14336,1726254000000,652164.06999999
14337,1726257600000,651923.99
14338,1726261200000,650553.97
14339,1726264800000,641974.55
14340,1726268400000,649515.56999999
14341,1726272000000,653054.8
14342,1726275600000,653903.06
14343,1726279200000,653576.52
14344,1726282800000,653686.87
14345,1726286400000,653949.76
14346,1726290000000,653378.71
14347,1726293600000,652374.06
14348,1726297200000,651000.04
14349,1726300800000,650108.78
14350,1726304400000,656279.49
14351,1726308000000,655249.61
14352,1726311600000,655622.4
14353,1726315200000,656359.9
14354,1726318800000,660264.91
14355,1726322400000,661262.73
14356,1726326000000,664173.98
14357,1726329600000,663276.29
14358,1726333200000,661410.99
14359,1726336800000,660472.49
14360,1726340400000,655897.3
14361,1726344000000,653913.64
14362,1726347600000,654895.12
14363,1726351200000,654420.13
14364,1726354800000,651399.17
14365,1726358400000,651603.17
14366,1726362000000,654788.97
14367,1726365600000,654193.09
14368,1726369200000,653454.69999999
14369,1726372800000,652400.44999999
14370,1726376400000,654644.07999999
14371,1726380000000,656129.26
14372,1726383600000,657310.91
14373,1726387200000,659094.32999999
14374,1726390800000,660203.96
14375,1726394400000,663325.32999999
14376,1726398000000,661609.64
14377,1726401600000,660697.72
14378,1726405200000,659919.68999999
14379,1726408800000,659160.44999999
14380,1726412400000,657640.04
14381,1726416000000,658341.35
14382,1726419600000,654085.18999999
14383,1726423200000,659158.62
14384,1726426800000,655763.82999999
14385,1726430400000,657447.06999999
14386,1726434000000,658160.19999999
14387,1726437600000,655704.26
14388,1726441200000,655476.04
14389,1726444800000,644069.39
14390,1726448400000,655252.62
14391,1726452000000,645813.07999999
14392,1726455600000,642048.48
14393,1726459200000,641746.52
14394,1726462800000,644373.03
14395,1726466400000,649649.53
14396,1726470000000,650358.67
14397,1726473600000,650017.52
14398,1726477200000,654643.91
14399,1726480800000,652556.17
14400,1726484400000,656379.25
14401,1726488000000,658073.27
14402,1726491600000,655661.54
14403,1726495200000,661099.14
14404,1726498800000,658873.43
14405,1726502400000,662368.54
14406,1726506000000,660258.75
14407,1726509600000,658219.78
14408,1726513200000,654319.34
14409,1726516800000,652965.09
14410,1726520400000,656559.53
14411,1726524000000,654360.69999999
14412,1726527600000,655892.41
14413,1726531200000,653764.88
14414,1726534800000,656565.38
14415,1726538400000,656809.73
14416,1726542000000,656373.21
14417,1726545600000,653962.0
14418,1726549200000,655098.13
14419,1726552800000,656649.74
14420,1726556400000,655949.73
14421,1726560000000,653789.77
14422,1726563600000,654362.92
14423,1726567200000,661806.75
14424,1726570800000,662769.05
14425,1726574400000,657666.61
14426,1726578000000,658721.34
14427,1726581600000,656186.04
14428,1726585200000,655140.64
14429,1726588800000,652595.42
14430,1726592400000,650575.31999999
14431,1726596000000,652003.43999999
14432,1726599600000,645162.88
14433,1726603200000,643406.47
14434,1726606800000,644320.63
14435,1726610400000,642747.07999999
14436,1726614000000,648290.51
14437,1726617600000,646450.26
14438,1726621200000,644429.47
14439,1726624800000,642658.42
14440,1726628400000,641672.81
14441,1726632000000,641678.66
14442,1726635600000,645347.23
14443,1726639200000,646954.31
14444,1726642800000,651750.43
14445,1726646400000,653037.85
14446,1726650000000,654297.73
14447,1726653600000,646886.3
14448,1726657200000,644033.46
14449,1726660800000,643539.43
14450,1726664400000,643870.92
14451,1726668000000,643695.11
14452,1726671600000,641494.96
14453,1726675200000,640238.37
14454,1726678800000,641030.39
14455,1726682400000,641278.47
14456,1726686000000,639860.38
14457,1726689600000,641273.52
14458,1726693200000,636581.32999999
14459,1726696800000,640197.32999999
14460,1726700400000,640204.57999999
14461,1726704000000,643094.66
14462,1726707600000,646303.06999999
14463,1726711200000,646058.62
14464,1726714800000,647041.56
14465,1726718400000,649402.59
14466,1726722000000,652411.24
14467,1726725600000,659260.47
14468,1726729200000,663330.22
14469,1726732800000,668593.35
14470,1726736400000,675184.71
14471,1726740000000,673127.9
14472,1726743600000,674191.04
14473,1726747200000,675828.68
14474,1726750800000,676713.54
14475,1726754400000,674885.9
14476,1726758000000,676751.47
14477,1726761600000,672371.31999999
14478,1726765200000,681156.46
14479,1726768800000,672817.54
14480,1726772400000,672708.01
14481,1726776000000,670378.93999999
14482,1726779600000,670537.26
14483,1726783200000,665046.46
14484,1726786800000,662680.06
14485,1726790400000,660743.89
14486,1726794000000,660822.69999999
14487,1726797600000,660492.37
14488,1726801200000,657317.65
14489,1726804800000,655782.93999999
14490,1726808400000,662702.44999999
14491,1726812000000,661993.29
14492,1726815600000,659340.65
14493,1726819200000,672400.72
14494,1726822800000,674417.55
14495,1726826400000,670673.13
14496,1726830000000,674945.47
14497,1726833600000,676123.21
14498,1726837200000,682325.35
14499,1726840800000,672713.17
14500,1726844400000,676765.0
14501,1726848000000,673054.93999999
14502,1726851600000,687023.25
14503,1726855200000,692303.11
14504,1726858800000,693052.18999999
14505,1726862400000,691532.36
14506,1726866000000,690398.06999999
14507,1726869600000,690595.27
14508,1726873200000,691584.61
14509,1726876800000,694108.61
14510,1726880400000,698861.18
14511,1726884000000,695142.13
14512,1726887600000,693035.94999999
14513,1726891200000,694162.3
14514,1726894800000,691715.69999999
14515,1726898400000,684871.06
14516,1726902000000,686126.68
14517,1726905600000,686728.67
14518,1726909200000,690737.48
14519,1726912800000,696551.0
14520,1726916400000,697501.92
14521,1726920000000,698944.06
14522,1726923600000,700065.64
14523,1726927200000,703604.88
14524,1726930800000,706695.36
14525,1726934400000,705788.79
14526,1726938000000,703808.64
14527,1726941600000,698909.99
14528,1726945200000,697406.4
14529,1726948800000,696360.41
14530,1726952400000,696839.62
14531,1726956000000,695832.5
14532,1726959600000,693853.64
14533,1726963200000,683128.66
14534,1726966800000,693247.11
14535,1726970400000,698927.36
14536,1726974000000,697323.43
14537,1726977600000,697340.0
14538,1726981200000,697059.69999999
14539,1726984800000,695034.9
14540,1726988400000,696928.06
14541,1726992000000,698544.43
14542,1726995600000,699694.47
14543,1726999200000,700191.78
14544,1727002800000,693534.67
14545,1727006400000,693709.24
14546,1727010000000,688986.78
14547,1727013600000,682056.5
14548,1727017200000,681518.61
14549,1727020800000,681208.91
14550,1727024400000,680823.53
14551,1727028000000,673887.8
14552,1727031600000,675885.93
14553,1727035200000,676371.32999999
14554,1727038800000,673783.99
14555,1727042400000,667782.05
14556,1727046000000,667303.57999999
14557,1727049600000,666133.94999999
14558,1727053200000,662871.65
14559,1727056800000,666010.87
14560,1727060400000,677104.93999999
14561,1727064000000,679747.18999999
14562,1727067600000,678892.53
14563,1727071200000,676016.05
14564,1727074800000,680799.15
14565,1727078400000,679949.98
14566,1727082000000,682736.1
14567,1727085600000,676528.18999999
14568,1727089200000,665583.96
14569,1727092800000,674626.93999999
14570,1727096400000,678470.09
14571,1727100000000,672804.94999999
14572,1727103600000,677161.15
14573,1727107200000,682725.6
14574,1727110800000,683557.56999999
14575,1727114400000,687751.81999999
14576,1727118000000,693773.56999999
14577,1727121600000,689111.06
14578,1727125200000,689060.5
14579,1727128800000,683280.84
14580,1727132400000,682236.4
14581,1727136000000,681480.97
14582,1727139600000,681272.43999999
14583,1727143200000,681799.38
14584,1727146800000,671393.86
14585,1727150400000,667299.56
14586,1727154000000,664958.05
14587,1727157600000,665634.32999999
14588,1727161200000,668851.88
14589,1727164800000,670475.0
14590,1727168400000,692507.62
14591,1727172000000,691523.54
14592,1727175600000,693532.96
14593,1727179200000,691858.06
14594,1727182800000,690354.47
14595,1727186400000,688541.18
14596,1727190000000,682546.61
14597,1727193600000,685966.62
14598,1727197200000,684392.81
14599,1727200800000,687803.82999999
14600,1727204400000,685484.47
14601,1727208000000,680886.29
14602,1727211600000,673879.85
14603,1727215200000,667099.97
14604,1727218800000,684401.13
14605,1727222400000,688181.67
14606,1727226000000,687669.07999999
14607,1727229600000,684444.65
14608,1727233200000,685838.41
14609,1727236800000,685578.1
14610,1727240400000,683251.11
14611,1727244000000,682692.93
14612,1727247600000,678559.02
14613,1727251200000,679928.86
14614,1727254800000,681964.18999999
14615,1727258400000,686451.68
14616,1727262000000,687721.68999999
14617,1727265600000,691734.65
14618,1727269200000,694921.88
14619,1727272800000,694096.43999999
14620,1727276400000,694744.88
14621,1727280000000,696075.24
14622,1727283600000,698651.79
14623,1727287200000,696896.29
14624,1727290800000,697023.17
14625,1727294400000,696679.43999999
14626,1727298000000,700495.26
14627,1727301600000,702836.17
14628,1727305200000,698118.78
14629,1727308800000,696869.49
14630,1727312400000,697891.73
14631,1727316000000,700569.9
14632,1727319600000,704806.57
14633,1727323200000,703996.14
14634,1727326800000,706159.7
14635,1727330400000,703228.18
14636,1727334000000,701208.31999999
14637,1727337600000,706213.14
14638,1727341200000,700535.57999999
14639,1727344800000,700018.55
14640,1727348400000,704641.31
14641,1727352000000,710356.5
14642,1727355600000,720767.9
14643,1727359200000,721620.51
14644,1727362800000,730184.08
14645,1727366400000,713460.46
14646,1727370000000,702232.94999999
14647,1727373600000,695679.24
14648,1727377200000,696440.97
14649,1727380800000,696379.73
14650,1727384400000,699524.85
14651,1727388000000,699216.81
14652,1727391600000,702830.55
14653,1727395200000,702911.42
14654,1727398800000,703681.55
14655,1727402400000,712159.25
14656,1727406000000,715021.65
14657,1727409600000,712987.81
14658,1727413200000,714202.55
14659,1727416800000,709484.75
14660,1727420400000,715985.43
14661,1727424000000,718655.94
14662,1727427600000,719259.87
14663,1727431200000,724685.29
14664,1727434800000,713187.49
14665,1727438400000,712532.19
14666,1727442000000,716084.54
14667,1727445600000,715518.7
14668,1727449200000,708320.07
14669,1727452800000,712134.84
14670,1727456400000,714023.17
14671,1727460000000,708885.38
14672,1727463600000,707363.21
14673,1727467200000,707117.55
14674,1727470800000,712247.1
14675,1727474400000,711193.19
14676,1727478000000,710913.4
14677,1727481600000,710217.96
14678,1727485200000,714372.56
14679,1727488800000,714438.41
14680,1727492400000,716772.73
14681,1727496000000,717677.67
14682,1727499600000,718231.6
14683,1727503200000,717794.77
14684,1727506800000,718098.47
14685,1727510400000,718844.3
14686,1727514000000,721169.95
14687,1727517600000,720611.1
14688,1727521200000,721477.5
14689,1727524800000,721391.44
14690,1727528400000,723082.37
14691,1727532000000,722603.32
14692,1727535600000,724533.64
14693,1727539200000,723770.22
14694,1727542800000,727741.59
14695,1727546400000,726141.39
14696,1727550000000,730875.17
14697,1727553600000,729977.26
14698,1727557200000,730186.33
14699,1727560800000,726278.86
14700,1727564400000,724497.85
14701,1727568000000,724389.41
14702,1727571600000,723385.85
14703,1727575200000,722414.09
14704,1727578800000,722159.62
14705,1727582400000,721433.39
14706,1727586000000,720552.93
14707,1727589600000,720441.86
14708,1727593200000,725657.54
14709,1727596800000,726749.35
14710,1727600400000,728865.92
14711,1727604000000,729749.81
14712,1727607600000,728862.02
14713,1727611200000,729141.25
14714,1727614800000,714409.13
14715,1727618400000,711984.78
14716,1727622000000,710430.62
14717,1727625600000,705879.22
14718,1727629200000,711621.4
14719,1727632800000,713068.1
14720,1727636400000,713811.15
14721,1727640000000,713497.01
14722,1727643600000,713271.45
14723,1727647200000,713468.11
14724,1727650800000,711660.35
14725,1727654400000,711506.06
14726,1727658000000,703394.68
14727,1727661600000,706417.37
14728,1727665200000,701247.21
14729,1727668800000,696065.99
14730,1727672400000,704774.55
14731,1727676000000,704841.97
14732,1727679600000,706146.51
14733,1727683200000,714016.5
14734,1727686800000,714883.86
14735,1727690400000,734729.13
14736,1727694000000,725255.82
14737,1727697600000,721436.27
14738,1727701200000,723233.92
14739,1727704800000,728250.38
14740,1727708400000,735478.87
14741,1727712000000,735595.49
14742,1727715600000,750781.15
14743,1727719200000,752839.72
14744,1727722800000,761027.26
14745,1727726400000,759240.53
14746,1727730000000,763242.42
14747,1727733600000,760860.28
14748,1727737200000,756447.86
14749,1727740800000,755138.06
14750,1727744400000,743928.31
14751,1727748000000,747132.71
14752,1727751600000,745046.14
14753,1727755200000,754137.23
14754,1727758800000,758453.69
14755,1727762400000,757408.21
14756,1727766000000,752896.62
14757,1727769600000,754725.41
14758,1727773200000,755078.2
14759,1727776800000,755894.02
14760,1727780400000,753912.24
14761,1727784000000,752133.03
14762,1727787600000,738182.24
14763,1727791200000,735146.27
14764,1727794800000,744801.05
14765,1727798400000,725340.33
14766,1727802000000,724958.65
14767,1727805600000,711801.51
14768,1727809200000,698838.06999999
14769,1727812800000,696282.94999999
14770,1727816400000,680729.38
14771,1727820000000,683700.29
14772,1727823600000,684903.88
14773,1727827200000,686716.74
14774,1727830800000,686818.37
14775,1727834400000,693687.5
14776,1727838000000,693969.06
14777,1727841600000,692160.74
14778,1727845200000,693102.18999999
14779,1727848800000,693803.85
14780,1727852400000,694937.88
14781,1727856000000,692042.71
14782,1727859600000,690463.16
14783,1727863200000,686005.77
14784,1727866800000,682706.03
14785,1727870400000,674849.43
14786,1727874000000,668638.46
14787,1727877600000,656595.53
14788,1727881200000,664656.23
14789,1727884800000,669033.96
14790,1727888400000,668599.22
14791,1727892000000,669643.89
14792,1727895600000,666939.25
14793,1727899200000,662252.56999999
14794,1727902800000,656563.79
14795,1727906400000,660502.24
14796,1727910000000,652770.93
14797,1727913600000,653002.82999999
14798,1727917200000,658841.28
14799,1727920800000,664799.81999999
14800,1727924400000,666739.64
14801,1727928000000,666456.64
14802,1727931600000,664352.62
14803,1727935200000,668901.15
14804,1727938800000,677414.98
14805,1727942400000,681930.12
14806,1727946000000,686808.93999999
14807,1727949600000,684902.8
14808,1727953200000,675244.46
14809,1727956800000,685455.96
14810,1727960400000,683487.76
14811,1727964000000,692311.31999999
14812,1727967600000,700225.36
14813,1727971200000,684033.98
14814,1727974800000,689144.47
14815,1727978400000,690169.56999999
14816,1727982000000,684664.85
14817,1727985600000,682100.34
14818,1727989200000,681224.55
14819,1727992800000,680909.86
14820,1727996400000,683027.61
14821,1728000000000,681710.77
14822,1728003600000,680513.88
14823,1728007200000,681150.67
14824,1728010800000,680407.31999999
14825,1728014400000,683451.92
14826,1728018000000,680641.14
14827,1728021600000,682144.8
14828,1728025200000,681417.34
14829,1728028800000,682849.43
14830,1728032400000,678576.1
14831,1728036000000,683571.74
14832,1728039600000,683072.27
14833,1728043200000,682360.37
14834,1728046800000,678513.98
14835,1728050400000,677424.19999999
14836,1728054000000,691172.3
14837,1728057600000,683556.5
14838,1728061200000,678518.31999999
14839,1728064800000,689358.75
14840,1728068400000,685862.52
14841,1728072000000,686037.55
14842,1728075600000,685245.23
14843,1728079200000,688696.41
14844,1728082800000,688012.46
14845,1728086400000,687034.87
14846,1728090000000,685886.31
14847,1728093600000,685033.4
14848,1728097200000,678533.79
14849,1728100800000,677027.32999999
14850,1728104400000,676889.27
14851,1728108000000,675567.76
14852,1728111600000,679784.14
14853,1728115200000,682094.89
14854,1728118800000,680854.54
14855,1728122400000,681576.52
14856,1728126000000,684610.84
14857,1728129600000,684087.65
14858,1728133200000,684257.67
14859,1728136800000,682390.52
14860,1728140400000,678850.68999999
14861,1728144000000,682628.48
14862,1728147600000,684072.06
14863,1728151200000,683566.19999999
14864,1728154800000,686310.73
14865,1728158400000,686866.75
14866,1728162000000,686928.99
14867,1728165600000,682413.96
14868,1728169200000,676911.48
14869,1728172800000,677513.43
14870,1728176400000,678243.49
14871,1728180000000,675728.75
14872,1728183600000,677464.82999999
14873,1728187200000,677928.42
14874,1728190800000,677577.01
14875,1728194400000,678283.18
14876,1728198000000,676620.39
14877,1728201600000,676855.43
14878,1728205200000,682438.41
14879,1728208800000,687423.13
14880,1728212400000,688128.11
14881,1728216000000,688430.72
14882,1728219600000,692033.93999999
14883,1728223200000,691939.6
14884,1728226800000,700442.21
14885,1728230400000,703821.81
14886,1728234000000,705205.46
14887,1728237600000,704426.36
14888,1728241200000,702527.88
14889,1728244800000,702585.67
14890,1728248400000,704249.23
14891,1728252000000,699271.06999999
14892,1728255600000,694515.92
14893,1728259200000,689812.72
14894,1728262800000,672746.86
14895,1728266400000,665894.43999999
14896,1728270000000,656046.13
14897,1728273600000,659905.39
14898,1728277200000,659375.97
14899,1728280800000,659581.09
14900,1728284400000,660457.3
14901,1728288000000,662309.35
14902,1728291600000,660014.14
14903,1728295200000,668250.25
14904,1728298800000,672158.31999999
14905,1728302400000,677518.99
14906,1728306000000,676348.53
14907,1728309600000,682196.28
14908,1728313200000,662893.59
14909,1728316800000,661476.93
14910,1728320400000,658661.19999999
14911,1728324000000,658155.29
14912,1728327600000,654909.24
14913,1728331200000,657373.92
14914,1728334800000,660179.92
14915,1728338400000,664796.69999999
14916,1728342000000,666590.41
14917,1728345600000,659945.14
14918,1728349200000,661569.99
14919,1728352800000,663872.63
14920,1728356400000,664224.93999999
14921,1728360000000,663559.79
14922,1728363600000,664965.43
14923,1728367200000,670024.27
14924,1728370800000,669005.41
14925,1728374400000,670780.53
14926,1728378000000,671200.31999999
14927,1728381600000,668432.37
14928,1728385200000,667906.62
14929,1728388800000,667533.87
14930,1728392400000,670917.1
14931,1728396000000,672240.03
14932,1728399600000,675552.22
14933,1728403200000,666611.68999999
14934,1728406800000,662396.46
14935,1728410400000,667551.62
14936,1728414000000,662715.9
14937,1728417600000,666280.12
14938,1728421200000,666578.16
14939,1728424800000,665156.8
14940,1728428400000,664277.18999999
14941,1728432000000,663645.69999999
14942,1728435600000,662811.75
14943,1728439200000,658863.81
14944,1728442800000,661165.06999999
14945,1728446400000,662058.57999999
14946,1728450000000,662367.97
14947,1728453600000,663385.52
14948,1728457200000,663816.13
14949,1728460800000,665560.75
14950,1728464400000,665615.81
14951,1728468000000,666676.85
14952,1728471600000,668975.92
14953,1728475200000,669422.52
14954,1728478800000,668363.15
14955,1728482400000,669946.8
14956,1728486000000,670023.59
14957,1728489600000,670652.07999999
14958,1728493200000,675862.91
14959,1728496800000,673930.01
14960,1728500400000,683542.89
14961,1728504000000,691150.78
14962,1728507600000,712893.95
14963,1728511200000,711022.77
14964,1728514800000,716130.57
14965,1728518400000,711696.14
14966,1728522000000,707083.5
14967,1728525600000,698037.52
14968,1728529200000,696281.28
14969,1728532800000,694392.48
14970,1728536400000,693755.69999999
14971,1728540000000,689313.96
14972,1728543600000,688170.09
14973,1728547200000,688839.24
14974,1728550800000,677258.57999999
14975,1728554400000,673591.63
14976,1728558000000,676471.54
14977,1728561600000,682079.3
14978,1728565200000,689696.96
14979,1728568800000,688260.41
14980,1728572400000,701682.75
14981,1728576000000,706011.39
14982,1728579600000,708993.53
14983,1728583200000,698116.02
14984,1728586800000,704604.59
14985,1728590400000,710509.04
14986,1728594000000,713068.18
14987,1728597600000,706276.1
14988,1728601200000,705085.14
14989,1728604800000,704274.36
14990,1728608400000,704388.74
14991,1728612000000,699992.4
14992,1728615600000,703441.62
14993,1728619200000,705283.64
14994,1728622800000,706594.36
14995,1728626400000,707900.54
14996,1728630000000,711648.08
14997,1728633600000,716914.35
14998,1728637200000,715738.09
14999,1728640800000,721524.38
15000,1728644400000,712271.95
15001,1728648000000,708738.66
15002,1728651600000,717020.33
15003,1728655200000,707514.74
15004,1728658800000,706385.97
15005,1728662400000,687545.11
15006,1728666000000,681373.6
15007,1728669600000,685088.31
15008,1728673200000,687009.39
15009,1728676800000,690019.39
15010,1728680400000,682876.36
15011,1728684000000,680368.19999999
15012,1728687600000,673984.3
15013,1728691200000,670431.81999999
15014,1728694800000,672944.23
15015,1728698400000,673985.32999999
15016,1728702000000,669743.1
15017,1728705600000,668864.32999999
15018,1728709200000,670419.68999999
15019,1728712800000,672593.31
15020,1728716400000,672582.23
15021,1728720000000,672227.29
15022,1728723600000,672916.42
15023,1728727200000,674019.91
15024,1728730800000,671843.73
15025,1728734400000,671836.93999999
15026,1728738000000,673144.69999999
15027,1728741600000,674783.57999999
15028,1728745200000,679167.11
15029,1728748800000,672304.5
15030,1728752400000,674584.49
15031,1728756000000,673906.87
15032,1728759600000,671856.14
15033,1728763200000,673556.43999999
15034,1728766800000,673702.4
15035,1728770400000,673981.43999999
15036,1728774000000,672413.07999999
15037,1728777600000,670611.23
15038,1728781200000,672047.24
15039,1728784800000,668889.47
15040,1728788400000,670423.5
15041,1728792000000,672778.75
15042,1728795600000,671030.79
15043,1728799200000,671870.47
15044,1728802800000,673189.1
15045,1728806400000,671695.79
15046,1728810000000,666908.35
15047,1728813600000,662920.19999999
15048,1728817200000,663049.34
15049,1728820800000,664423.4
15050,1728824400000,666921.29
15051,1728828000000,669069.19999999
15052,1728831600000,663071.76
15053,1728835200000,655537.28
15054,1728838800000,655077.51
15055,1728842400000,654306.63
15056,1728846000000,653089.14
15057,1728849600000,653460.82999999
15058,1728853200000,663130.93
15059,1728856800000,670982.04
15060,1728860400000,669897.14
15061,1728864000000,669921.68999999
15062,1728867600000,666471.38
15063,1728871200000,665044.68999999
15064,1728874800000,666088.44999999
15065,1728878400000,677557.93
15066,1728882000000,685188.46
15067,1728885600000,681611.22
15068,1728889200000,689117.9
15069,1728892800000,691122.68999999
15070,1728896400000,689648.56
15071,1728900000000,689619.73
15072,1728903600000,698235.47
15073,1728907200000,701006.39
15074,1728910800000,703203.19999999
15075,1728914400000,704952.13
15076,1728918000000,714285.73
15077,1728921600000,720723.29
15078,1728925200000,716553.87
15079,1728928800000,718047.93
15080,1728932400000,721647.77
15081,1728936000000,722155.61
15082,1728939600000,722102.85
15083,1728943200000,719432.09
15084,1728946800000,719977.31
15085,1728950400000,726552.33
15086,1728954000000,721338.98
15087,1728957600000,724431.35
15088,1728961200000,726027.83
15089,1728964800000,718173.23
15090,1728968400000,717605.86
15091,1728972000000,701581.12
15092,1728975600000,700450.89
15093,1728979200000,704527.75
15094,1728982800000,707059.26
15095,1728986400000,706045.74
15096,1728990000000,704201.57
15097,1728993600000,698397.09
15098,1728997200000,696013.21
15099,1729000800000,698397.41
15100,1729004400000,688225.39
15101,1729008000000,692135.61
15102,1729011600000,691436.4
15103,1729015200000,688598.55
15104,1729018800000,689292.56
15105,1729022400000,685169.88
15106,1729026000000,671458.43999999
15107,1729029600000,669449.14
15108,1729033200000,669559.36
15109,1729036800000,669319.21
15110,1729040400000,667323.85
15111,1729044000000,672625.43999999
15112,1729047600000,673910.31999999
15113,1729051200000,672011.36
15114,1729054800000,679405.46
15115,1729058400000,681527.52
15116,1729062000000,681130.26
15117,1729065600000,682748.03
15118,1729069200000,683256.57999999
15119,1729072800000,688665.44999999
15120,1729076400000,684717.1
15121,1729080000000,691936.02
15122,1729083600000,692480.63
15123,1729087200000,693095.94999999
15124,1729090800000,693170.05
15125,1729094400000,693978.91
15126,1729098000000,693126.47
15127,1729101600000,693552.81999999
15128,1729105200000,692709.86
15129,1729108800000,693742.88
15130,1729112400000,693191.87
15131,1729116000000,691313.52
15132,1729119600000,692310.43
15133,1729123200000,691059.75
15134,1729126800000,689715.97
15135,1729130400000,686372.06999999
15136,1729134000000,685123.75
15137,1729137600000,685006.62
15138,1729141200000,687276.46
15139,1729144800000,689810.54
15140,1729148400000,691442.31
15141,1729152000000,692681.97
15142,1729155600000,692080.88
15143,1729159200000,692397.42
15144,1729162800000,690074.13
15145,1729166400000,699578.11
15146,1729170000000,701467.03
15147,1729173600000,701035.52
15148,1729177200000,709099.98
15149,1729180800000,702071.0
15150,1729184400000,693986.59
15151,1729188000000,693524.36
15152,1729191600000,693629.71
15153,1729195200000,692967.38
15154,1729198800000,687879.72
15155,1729202400000,687316.22
15156,1729206000000,687311.0
15157,1729209600000,685783.47
15158,1729213200000,684611.42
15159,1729216800000,683099.43
15160,1729220400000,687657.34
15161,1729224000000,675107.56999999
15162,1729227600000,686035.5
15163,1729231200000,686197.67
15164,1729234800000,690056.75
15165,1729238400000,695462.88
15166,1729242000000,700188.27
15167,1729245600000,696734.98
15168,1729249200000,696602.42
15169,1729252800000,696572.06
15170,1729256400000,698305.39
15171,1729260000000,695026.85
15172,1729263600000,700716.13
15173,1729267200000,708909.79
15174,1729270800000,713253.74
15175,1729274400000,712568.25
15176,1729278000000,717818.95
15177,1729281600000,707189.51
15178,1729285200000,700773.72
15179,1729288800000,699577.06999999
15180,1729292400000,699047.12
15181,1729296000000,697649.65
15182,1729299600000,695751.02
15183,1729303200000,696882.63
15184,1729306800000,697107.28
15185,1729310400000,698477.29
15186,1729314000000,700996.06999999
15187,1729317600000,701471.07999999
15188,1729321200000,700930.87
15189,1729324800000,701193.21
15190,1729328400000,703994.25
15191,1729332000000,703517.49
15192,1729335600000,703878.34
15193,1729339200000,701520.03
15194,1729342800000,702630.23
15195,1729346400000,702778.75
15196,1729350000000,708479.36
15197,1729353600000,708711.97
15198,1729357200000,708201.3
15199,1729360800000,707231.19
15200,1729364400000,708041.32
15201,1729368000000,709962.87
15202,1729371600000,709497.5
15203,1729375200000,709657.87
15204,1729378800000,709928.66
15205,1729382400000,711794.13
15206,1729386000000,710222.81
15207,1729389600000,709333.11
15208,1729393200000,707368.9
15209,1729396800000,707489.13
15210,1729400400000,706015.52
15211,1729404000000,707285.9
15212,1729407600000,707507.35
15213,1729411200000,707198.6
15214,1729414800000,710992.66
15215,1729418400000,714711.61
15216,1729422000000,716278.06
15217,1729425600000,716653.23
15218,1729429200000,717848.42
15219,1729432800000,713717.03
15220,1729436400000,730785.52
15221,1729440000000,727693.73
15222,1729443600000,724352.43
15223,1729447200000,720835.3
15224,1729450800000,725073.59
15225,1729454400000,724941.38
15226,1729458000000,724672.99
15227,1729461600000,727096.54
15228,1729465200000,726910.67
15229,1729468800000,716896.11
15230,1729472400000,714027.1
15231,1729476000000,710074.63
15232,1729479600000,707470.85
15233,1729483200000,710149.26
15234,1729486800000,712089.4
15235,1729490400000,712245.04
15236,1729494000000,715423.99
15237,1729497600000,712239.8
15238,1729501200000,714031.94
15239,1729504800000,712268.43
15240,1729508400000,714839.49
15241,1729512000000,714194.36
15242,1729515600000,715498.17
15243,1729519200000,715666.49
15244,1729522800000,719534.93
15245,1729526400000,723289.27
15246,1729530000000,720053.87
15247,1729533600000,719981.84
15248,1729537200000,717823.51
15249,1729540800000,720754.49
15250,1729544400000,720728.21
15251,1729548000000,719829.41
15252,1729551600000,721245.98
15253,1729555200000,717479.42
15254,1729558800000,699737.86
15255,1729562400000,709154.22
15256,1729566000000,709796.83
15257,1729569600000,709865.35
15258,1729573200000,711653.33
15259,1729576800000,714555.65
15260,1729580400000,713172.86
15261,1729584000000,713091.33
15262,1729587600000,712708.5
15263,1729591200000,712520.74
15264,1729594800000,715319.62
15265,1729598400000,713048.66
15266,1729602000000,713212.84
15267,1729605600000,710647.24
15268,1729609200000,723928.75
15269,1729612800000,727107.47
15270,1729616400000,725908.15
15271,1729620000000,725472.45
15272,1729623600000,722125.22
15273,1729627200000,722840.53
15274,1729630800000,724247.9
15275,1729634400000,727694.32
15276,1729638000000,720684.98
15277,1729641600000,717055.18
15278,1729645200000,720986.09
15279,1729648800000,723235.97
15280,1729652400000,723304.33
15281,1729656000000,724301.91
15282,1729659600000,722904.59
15283,1729663200000,725004.64
15284,1729666800000,726549.64
15285,1729670400000,733971.94
15286,1729674000000,731335.43
15287,1729677600000,733238.59
15288,1729681200000,726346.52
15289,1729684800000,725135.05
15290,1729688400000,721686.71
15291,1729692000000,724098.74
15292,1729695600000,721218.76
15293,1729699200000,722123.56
15294,1729702800000,728874.73
15295,1729706400000,745759.95
15296,1729710000000,729441.16
15297,1729713600000,721496.86
15298,1729717200000,724699.97
15299,1729720800000,718284.15
15300,1729724400000,718414.4
15301,1729728000000,711819.07
15302,1729731600000,710749.17
15303,1729735200000,707735.58
15304,1729738800000,705755.51
15305,1729742400000,703921.43
15306,1729746000000,707643.91
15307,1729749600000,707357.41
15308,1729753200000,706629.47
15309,1729756800000,704732.83
15310,1729760400000,701034.02
15311,1729764000000,704135.21
15312,1729767600000,705676.26
15313,1729771200000,709934.49
15314,1729774800000,710746.93
15315,1729778400000,715129.5
15316,1729782000000,713386.08
15317,1729785600000,712263.96
15318,1729789200000,708903.74
15319,1729792800000,708602.3
15320,1729796400000,711037.01
15321,1729800000000,717858.89
15322,1729803600000,720779.74
15323,1729807200000,715421.55
15324,1729810800000,714407.43
15325,1729814400000,716481.82
15326,1729818000000,713133.83
15327,1729821600000,710176.54
15328,1729825200000,712498.25
15329,1729828800000,713775.12
15330,1729832400000,713448.7
15331,1729836000000,717857.37
15332,1729839600000,720532.66
15333,1729843200000,719653.07
15334,1729846800000,726631.57
15335,1729850400000,735881.45
15336,1729854000000,742665.11
15337,1729857600000,743265.95
15338,1729861200000,742578.24
15339,1729864800000,745083.33
15340,1729868400000,745521.72
15341,1729872000000,739348.04
15342,1729875600000,736229.78
15343,1729879200000,713943.29
15344,1729882800000,713126.89
15345,1729886400000,715048.13
15346,1729890000000,718725.65
15347,1729893600000,718114.26
15348,1729897200000,722243.25
15349,1729900800000,706221.31
15350,1729904400000,707102.35
15351,1729908000000,705899.96
15352,1729911600000,705839.95
15353,1729915200000,708115.77
15354,1729918800000,708126.48
15355,1729922400000,707895.71
15356,1729926000000,707659.21
15357,1729929600000,707400.48
15358,1729933200000,708459.22
15359,1729936800000,708804.84
15360,1729940400000,708036.05
15361,1729944000000,709166.13
15362,1729947600000,711456.16
15363,1729951200000,713211.19
15364,1729954800000,715755.18
15365,1729958400000,717120.39
15366,1729962000000,714532.35
15367,1729965600000,714246.56
15368,1729969200000,720727.36
15369,1729972800000,723193.73
15370,1729976400000,720701.0
15371,1729980000000,714803.0
15372,1729983600000,713882.67
15373,1729987200000,714621.33
15374,1729990800000,715495.08
15375,1729994400000,712828.0
15376,1729998000000,713338.68
15377,1730001600000,714141.42
15378,1730005200000,714914.51
15379,1730008800000,715961.34
15380,1730012400000,715914.11
15381,1730016000000,716292.61
15382,1730019600000,715527.21
15383,1730023200000,714712.42
15384,1730026800000,713976.56
15385,1730030400000,714281.28
15386,1730034000000,717276.4
15387,1730037600000,718263.08
15388,1730041200000,720173.92
15389,1730044800000,719890.13
15390,1730048400000,719808.1
15391,1730052000000,720862.19
15392,1730055600000,714948.31
15393,1730059200000,716223.59
15394,1730062800000,717870.55
15395,1730066400000,711595.59
15396,1730070000000,712231.24
15397,1730073600000,710773.49
15398,1730077200000,709715.07
15399,1730080800000,708334.58
15400,1730084400000,706019.5
15401,1730088000000,702397.81
15402,1730091600000,704272.52
15403,1730095200000,705007.88
15404,1730098800000,705863.73
15405,1730102400000,710608.27
15406,1730106000000,715341.9
15407,1730109600000,717014.84
15408,1730113200000,716372.39
15409,1730116800000,714674.91
15410,1730120400000,721614.83
15411,1730124000000,721876.48
15412,1730127600000,723115.16
15413,1730131200000,722309.5
15414,1730134800000,722750.91
15415,1730138400000,719947.73
15416,1730142000000,718801.73
15417,1730145600000,722632.16
15418,1730149200000,726683.48
15419,1730152800000,731365.09
15420,1730156400000,733265.76
15421,1730160000000,728957.33
15422,1730163600000,729557.8
15423,1730167200000,730523.65
15424,1730170800000,711510.63
15425,1730174400000,705641.67
15426,1730178000000,712732.25
15427,1730181600000,712684.14
15428,1730185200000,714007.15
15429,1730188800000,716049.27
15430,1730192400000,720568.72
15431,1730196000000,726319.5
15432,1730199600000,728273.61
15433,1730203200000,729584.54
15434,1730206800000,725839.28
15435,1730210400000,736880.55
15436,1730214000000,733370.98
15437,1730217600000,750047.37
15438,1730221200000,742027.34
15439,1730224800000,747928.7
15440,1730228400000,749942.71
15441,1730232000000,730949.01
15442,1730235600000,731054.65
15443,1730239200000,728511.96
15444,1730242800000,732646.56
15445,1730246400000,733565.06
15446,1730250000000,727374.72
15447,1730253600000,719945.55
15448,1730257200000,729450.17
15449,1730260800000,725054.08
15450,1730264400000,726046.19
15451,1730268000000,727488.69
15452,1730271600000,735893.95
15453,1730275200000,750718.79
15454,1730278800000,753890.47
15455,1730282400000,765862.35
15456,1730286000000,776067.22
15457,1730289600000,763447.45
15458,1730293200000,768300.03
15459,1730296800000,781242.62
15460,1730300400000,783304.6
15461,1730304000000,770192.96
15462,1730307600000,774107.84
15463,1730311200000,770651.09
15464,1730314800000,773556.02
15465,1730318400000,768264.92
15466,1730322000000,762527.41
15467,1730325600000,754574.85
15468,1730329200000,750034.85
15469,1730332800000,752546.19
15470,1730336400000,752067.09
15471,1730340000000,740889.87
15472,1730343600000,739800.75
15473,1730347200000,738708.15
15474,1730350800000,734183.12
15475,1730354400000,733492.0
15476,1730358000000,734579.79
15477,1730361600000,739017.82
15478,1730365200000,737184.91
15479,1730368800000,742606.6
15480,1730372400000,744837.83
15481,1730376000000,742191.95
15482,1730379600000,742777.32
15483,1730383200000,745886.68
15484,1730386800000,751234.19
15485,1730390400000,753251.33
15486,1730394000000,753420.02
15487,1730397600000,750999.08
15488,1730401200000,757112.83
15489,1730404800000,761035.6
15490,1730408400000,765664.24
15491,1730412000000,769668.19
15492,1730415600000,776327.38
15493,1730419200000,775846.45
15494,1730422800000,775616.28
15495,1730426400000,781597.68
15496,1730430000000,760637.29
15497,1730433600000,756887.62
15498,1730437200000,759078.41
15499,1730440800000,759027.02
15500,1730444400000,756058.11
15501,1730448000000,755096.34
15502,1730451600000,756348.47
15503,1730455200000,758438.85
15504,1730458800000,757880.73
15505,1730462400000,754638.66
15506,1730466000000,761644.34
15507,1730469600000,760228.8
15508,1730473200000,747889.16
15509,1730476800000,734876.76
15510,1730480400000,737848.69
15511,1730484000000,738625.24
15512,1730487600000,741884.27
15513,1730491200000,734118.02
15514,1730494800000,734570.31
15515,1730498400000,733147.69
15516,1730502000000,735189.59
15517,1730505600000,734847.68
15518,1730509200000,735960.09
15519,1730512800000,738456.68
15520,1730516400000,735594.82
15521,1730520000000,734606.21
15522,1730523600000,734599.24
15523,1730527200000,734930.81
15524,1730530800000,738296.35
15525,1730534400000,736679.48
15526,1730538000000,738823.75
15527,1730541600000,738077.92
15528,1730545200000,739152.24
15529,1730548800000,737235.49
15530,1730552400000,738543.57
15531,1730556000000,733664.05
15532,1730559600000,737003.76
15533,1730563200000,736548.79
15534,1730566800000,736510.83
15535,1730570400000,737605.62
15536,1730574000000,737550.38
15537,1730577600000,735948.96
15538,1730581200000,736110.67
15539,1730584800000,735394.77
15540,1730588400000,735730.0
15541,1730592000000,736192.67
15542,1730595600000,736820.18
15543,1730599200000,738534.15
15544,1730602800000,737054.39
15545,1730606400000,732991.32
15546,1730610000000,732301.43
15547,1730613600000,729507.81
15548,1730617200000,726759.39
15549,1730620800000,726450.06
15550,1730624400000,727254.3
15551,1730628000000,726363.44
15552,1730631600000,728190.21
15553,1730635200000,727281.2
15554,1730638800000,728373.37
15555,1730642400000,728407.71
15556,1730646000000,742331.98
15557,1730649600000,744831.35
15558,1730653200000,739477.54
15559,1730656800000,739197.78
15560,1730660400000,733440.22
15561,1730664000000,732872.14
15562,1730667600000,728515.6
15563,1730671200000,727263.5
15564,1730674800000,738092.21
15565,1730678400000,730677.43
15566,1730682000000,726475.67
15567,1730685600000,729494.59
15568,1730689200000,721110.92
15569,1730692800000,717094.93
15570,1730696400000,716259.75
15571,1730700000000,715932.52
15572,1730703600000,718089.56
15573,1730707200000,719389.01
15574,1730710800000,716690.96
15575,1730714400000,717726.83
15576,1730718000000,718237.05
15577,1730721600000,717075.73
15578,1730725200000,717358.29
15579,1730728800000,715494.39
15580,1730732400000,717523.02
15581,1730736000000,722082.28
15582,1730739600000,727793.25
15583,1730743200000,737459.02
15584,1730746800000,735735.57
15585,1730750400000,735143.68
15586,1730754000000,740934.93
15587,1730757600000,728181.12
15588,1730761200000,737017.08
15589,1730764800000,739280.94
15590,1730768400000,743117.63
15591,1730772000000,737767.88
15592,1730775600000,730641.97
15593,1730779200000,725986.47
15594,1730782800000,724618.34
15595,1730786400000,725884.3
15596,1730790000000,728007.68
15597,1730793600000,735720.93
15598,1730797200000,726901.72
15599,1730800800000,727547.54
15600,1730804400000,728183.13
15601,1730808000000,727756.73
15602,1730811600000,729656.43
15603,1730815200000,730904.5
15604,1730818800000,724382.66
15605,1730822400000,728385.03
15606,1730826000000,721697.33
15607,1730829600000,718925.61
15608,1730833200000,718776.77
15609,1730836800000,709830.88
15610,1730840400000,711158.11
15611,1730844000000,711985.44
15612,1730847600000,708444.94
15613,1730851200000,708047.09
15614,1730854800000,717239.05
15615,1730858400000,717965.57
15616,1730862000000,742095.43
15617,1730865600000,737137.36
15618,1730869200000,738815.79
15619,1730872800000,725854.15
15620,1730876400000,738535.67
15621,1730880000000,782422.78
15622,1730883600000,776655.22
15623,1730887200000,787999.99
15624,1730890800000,789356.0
15625,1730894400000,788003.2
15626,1730898000000,810094.03
15627,1730901600000,797786.34
15628,1730905200000,790142.15
15629,1730908800000,790017.29
15630,1730912400000,804530.26
15631,1730916000000,801455.41
15632,1730919600000,814938.92
15633,1730923200000,813582.71
15634,1730926800000,799817.19
15635,1730930400000,800019.76
15636,1730934000000,806097.93
15637,1730937600000,813818.19
15638,1730941200000,809170.14
15639,1730944800000,836805.65
15640,1730948400000,875092.26
15641,1730952000000,869683.49
15642,1730955600000,873572.0
15643,1730959200000,875314.97
15644,1730962800000,869918.69
15645,1730966400000,873220.5
15646,1730970000000,875926.35
15647,1730973600000,880843.85
15648,1730977200000,891904.27
15649,1730980800000,898636.57
15650,1730984400000,899249.93
15651,1730988000000,902012.12
15652,1730991600000,904002.85
15653,1730995200000,900086.32
15654,1730998800000,902012.86
15655,1731002400000,905140.07
15656,1731006000000,900838.22
15657,1731009600000,916838.54
15658,1731013200000,920028.43
15659,1731016800000,919145.56
15660,1731020400000,909144.12
15661,1731024000000,917348.89
15662,1731027600000,923006.13
15663,1731031200000,926577.45
15664,1731034800000,917113.78
15665,1731038400000,915688.59
15666,1731042000000,918595.87
15667,1731045600000,924788.06
15668,1731049200000,924537.68
15669,1731052800000,918619.8
15670,1731056400000,917922.77
15671,1731060000000,918704.65
15672,1731063600000,926934.94
15673,1731067200000,934003.72
15674,1731070800000,936480.72
15675,1731074400000,947875.58
15676,1731078000000,937945.54
15677,1731081600000,940913.14
15678,1731085200000,939190.25
15679,1731088800000,929980.42
15680,1731092400000,921019.94
15681,1731096000000,929291.54
15682,1731099600000,930800.99
15683,1731103200000,937157.59
15684,1731106800000,949842.91
15685,1731110400000,951488.31
15686,1731114000000,942503.97
15687,1731117600000,948237.3
15688,1731121200000,946210.89
15689,1731124800000,943716.03
15690,1731128400000,941559.91
15691,1731132000000,955637.11
15692,1731135600000,951821.01
15693,1731139200000,948313.71
15694,1731142800000,948753.12
15695,1731146400000,950038.81
15696,1731150000000,952727.12
15697,1731153600000,957574.49
15698,1731157200000,961322.87
15699,1731160800000,962527.14
15700,1731164400000,950984.52
15701,1731168000000,948596.34
15702,1731171600000,944189.93
15703,1731175200000,939618.43
15704,1731178800000,949950.92
15705,1731182400000,957093.77
15706,1731186000000,961548.23
15707,1731189600000,961098.74
15708,1731193200000,970267.82
15709,1731196800000,951421.85
15710,1731200400000,952249.09
15711,1731204000000,951369.22
15712,1731207600000,954881.69
15713,1731211200000,958111.38
15714,1731214800000,955140.77
15715,1731218400000,957430.95
15716,1731222000000,957463.7
15717,1731225600000,946412.45
15718,1731229200000,934386.99
15719,1731232800000,935962.39
15720,1731236400000,935411.69
15721,1731240000000,938738.84
15722,1731243600000,921555.2
15723,1731247200000,924774.8
15724,1731250800000,917589.32
15725,1731254400000,919782.22
15726,1731258000000,918978.86
15727,1731261600000,904723.07
15728,1731265200000,910314.25
15729,1731268800000,887346.52
15730,1731272400000,873488.88
15731,1731276000000,881829.24
15732,1731279600000,883599.32
15733,1731283200000,885186.14
15734,1731286800000,893848.1
15735,1731290400000,892155.88
15736,1731294000000,893187.48
15737,1731297600000,889018.51
15738,1731301200000,892605.39
15739,1731304800000,868259.64
15740,1731308400000,869833.26
15741,1731312000000,871572.73
15742,1731315600000,877868.53
15743,1731319200000,880351.61
15744,1731322800000,886796.63
15745,1731326400000,897147.13
15746,1731330000000,892324.99
15747,1731333600000,878580.04
15748,1731337200000,881604.22
15749,1731340800000,900763.03
15750,1731344400000,909555.8
15751,1731348000000,916479.37
15752,1731351600000,924029.22
15753,1731355200000,930047.75
15754,1731358800000,925219.22
15755,1731362400000,919357.91
15756,1731366000000,906353.38
15757,1731369600000,890330.43
15758,1731373200000,867558.15
15759,1731376800000,870204.68
15760,1731380400000,869944.09
15761,1731384000000,865242.39
15762,1731387600000,837815.48
15763,1731391200000,836313.72
15764,1731394800000,851794.02
15765,1731398400000,846515.26
15766,1731402000000,851223.53
15767,1731405600000,852135.32
15768,1731409200000,831648.51
15769,1731412800000,833991.79
15770,1731416400000,827914.24
15771,1731420000000,844583.32
15772,1731423600000,843004.2
15773,1731427200000,843290.43
15774,1731430800000,831433.11
15775,1731434400000,829963.23
15776,1731438000000,833076.45
15777,1731441600000,839991.41
15778,1731445200000,834749.71
15779,1731448800000,829062.28
15780,1731452400000,823498.66
15781,1731456000000,830177.92
15782,1731459600000,829552.67
15783,1731463200000,828091.64
15784,1731466800000,830174.71
15785,1731470400000,835061.63
15786,1731474000000,816905.51
15787,1731477600000,813952.75
15788,1731481200000,806972.56
15789,1731484800000,806366.96
15790,1731488400000,802660.67
15791,1731492000000,799786.29
15792,1731495600000,796091.48
15793,1731499200000,794617.56
15794,1731502800000,798081.06
15795,1731506400000,801025.96
15796,1731510000000,807000.53
15797,1731513600000,789168.43
15798,1731517200000,782926.93
15799,1731520800000,781791.44
15800,1731524400000,784212.47
15801,1731528000000,780419.89
15802,1731531600000,777834.53
15803,1731535200000,773094.06
15804,1731538800000,774681.4
15805,1731542400000,772208.69
15806,1731546000000,770743.74
15807,1731549600000,772897.19
15808,1731553200000,772571.53
15809,1731556800000,774569.84
15810,1731560400000,781030.22
15811,1731564000000,779356.96
15812,1731567600000,776417.57
15813,1731571200000,776165.9
15814,1731574800000,775815.7
15815,1731578400000,780448.41
15816,1731582000000,784391.91
15817,1731585600000,788353.57
15818,1731589200000,789180.26
15819,1731592800000,792628.49
15820,1731596400000,789201.59
15821,1731600000000,793230.05
15822,1731603600000,805008.05
15823,1731607200000,798710.05
15824,1731610800000,794405.57
15825,1731614400000,798596.53
15826,1731618000000,795145.05
15827,1731621600000,795333.92
15828,1731625200000,800786.87
15829,1731628800000,791452.73
15830,1731632400000,785234.38
15831,1731636000000,778969.33
15832,1731639600000,783108.42
15833,1731643200000,784613.79
15834,1731646800000,782391.2
15835,1731650400000,784299.17
15836,1731654000000,784082.73
15837,1731657600000,784573.98
15838,1731661200000,783169.59
15839,1731664800000,781503.15
15840,1731668400000,783582.4
15841,1731672000000,786109.82
15842,1731675600000,789652.42
15843,1731679200000,788516.03
15844,1731682800000,786374.7
15845,1731686400000,799674.7
15846,1731690000000,803806.01
15847,1731693600000,802668.27
15848,1731697200000,806045.54
15849,1731700800000,803243.08
15850,1731704400000,807356.98
15851,1731708000000,813348.82
15852,1731711600000,806906.95
15853,1731715200000,803449.15
15854,1731718800000,802310.2
15855,1731722400000,803778.31
15856,1731726000000,805738.86
15857,1731729600000,811274.31
15858,1731733200000,812452.97
15859,1731736800000,815902.71
15860,1731740400000,811875.96
15861,1731744000000,814908.78
15862,1731747600000,816429.42
15863,1731751200000,816416.42
15864,1731754800000,819485.69
15865,1731758400000,830488.44
15866,1731762000000,834416.72
15867,1731765600000,830345.83
15868,1731769200000,835756.88
15869,1731772800000,825894.59
15870,1731776400000,823577.08
15871,1731780000000,830649.53
15872,1731783600000,833232.69
15873,1731787200000,835072.78
15874,1731790800000,828388.6
15875,1731794400000,827220.9
15876,1731798000000,824967.6
15877,1731801600000,824816.77
15878,1731805200000,825378.78
15879,1731808800000,818440.15
15880,1731812400000,825477.3
15881,1731816000000,823853.14
15882,1731819600000,823360.9
15883,1731823200000,825035.74
15884,1731826800000,828331.4
15885,1731830400000,829035.71
15886,1731834000000,836042.85
15887,1731837600000,835576.14
15888,1731841200000,834050.3
15889,1731844800000,824897.92
15890,1731848400000,829345.71
15891,1731852000000,827773.62
15892,1731855600000,829904.08
15893,1731859200000,829417.53
15894,1731862800000,826146.12
15895,1731866400000,829284.31
15896,1731870000000,828426.27
15897,1731873600000,828629.9
15898,1731877200000,826479.45
15899,1731880800000,828286.1
15900,1731884400000,829176.16
15901,1731888000000,833047.7
15902,1731891600000,836628.1
15903,1731895200000,834824.76
15904,1731898800000,834930.22
15905,1731902400000,835654.29
15906,1731906000000,843531.12
15907,1731909600000,845094.01
15908,1731913200000,852943.79
15909,1731916800000,865324.69
15910,1731920400000,858864.31
15911,1731924000000,852177.47
15912,1731927600000,855840.38
15913,1731931200000,859868.03
15914,1731934800000,863044.22
15915,1731938400000,855528.17
15916,1731942000000,857342.52
15917,1731945600000,851997.44
15918,1731949200000,857492.62
15919,1731952800000,866204.14
15920,1731956400000,880257.25
15921,1731960000000,856764.64
15922,1731963600000,864373.98
15923,1731967200000,868247.4
15924,1731970800000,867311.65
15925,1731974400000,868879.25
15926,1731978000000,855779.2
15927,1731981600000,856596.68
15928,1731985200000,850266.95
15929,1731988800000,850146.54
15930,1731992400000,847826.07
15931,1731996000000,845491.34
15932,1731999600000,846215.88
15933,1732003200000,832988.65
15934,1732006800000,827918.22
15935,1732010400000,825538.76
15936,1732014000000,828427.63
15937,1732017600000,829798.68
15938,1732021200000,830292.94
15939,1732024800000,830905.34
15940,1732028400000,837763.68
15941,1732032000000,840993.24
15942,1732035600000,839167.3
15943,1732039200000,838995.35
15944,1732042800000,837322.38
15945,1732046400000,837565.37
15946,1732050000000,833774.54
15947,1732053600000,824833.19
15948,1732057200000,830664.14
15949,1732060800000,837924.06
15950,1732064400000,838652.36
15951,1732068000000,836879.75
15952,1732071600000,837559.29
15953,1732075200000,832989.23
15954,1732078800000,834621.83
15955,1732082400000,831733.31
15956,1732086000000,833623.82
15957,1732089600000,831520.57
15958,1732093200000,836102.53
15959,1732096800000,839049.12
15960,1732100400000,839592.96
15961,1732104000000,835371.16
15962,1732107600000,842481.78
15963,1732111200000,838578.52
15964,1732114800000,844807.73
15965,1732118400000,855640.27
15966,1732122000000,860884.98
15967,1732125600000,869670.85
15968,1732129200000,869444.9
15969,1732132800000,869339.8
15970,1732136400000,864368.45
15971,1732140000000,865098.87
15972,1732143600000,861015.69
15973,1732147200000,860794.16
15974,1732150800000,860512.67
15975,1732154400000,857534.67
15976,1732158000000,864035.46
15977,1732161600000,856790.0
15978,1732165200000,858329.62
15979,1732168800000,861672.41
15980,1732172400000,865052.71
15981,1732176000000,875402.93
15982,1732179600000,881564.9
15983,1732183200000,872761.54
15984,1732186800000,868747.64
15985,1732190400000,876514.85
15986,1732194000000,934657.95
15987,1732197600000,966603.73
15988,1732201200000,973501.77
15989,1732204800000,969506.39
15990,1732208400000,979094.92
15991,1732212000000,979642.85
15992,1732215600000,981136.86
15993,1732219200000,960512.18
15994,1732222800000,958805.91
15995,1732226400000,952281.58
15996,1732230000000,968763.3
15997,1732233600000,964404.48
15998,1732237200000,960793.01
15999,1732240800000,951172.83
16000,1732244400000,945394.15
16001,1732248000000,948629.82
16002,1732251600000,972154.44
16003,1732255200000,972113.3
16004,1732258800000,967715.13
16005,1732262400000,969645.57
16006,1732266000000,978861.96
16007,1732269600000,983325.79
16008,1732273200000,970818.74
16009,1732276800000,977992.64
16010,1732280400000,975702.26
16011,1732284000000,937955.75
16012,1732287600000,933109.58
16013,1732291200000,938779.35
16014,1732294800000,937196.34
16015,1732298400000,938805.71
16016,1732302000000,934666.12
16017,1732305600000,936002.03
16018,1732309200000,939351.65
16019,1732312800000,945220.97
16020,1732316400000,940174.38
16021,1732320000000,942190.33
16022,1732323600000,945841.36
16023,1732327200000,943696.27
16024,1732330800000,941174.53
16025,1732334400000,945377.41
16026,1732338000000,947070.01
16027,1732341600000,947861.68
16028,1732345200000,949465.85
16029,1732348800000,947243.94
16030,1732352400000,953237.53
16031,1732356000000,956080.69
16032,1732359600000,944476.99
16033,1732363200000,943199.17
16034,1732366800000,955318.76
16035,1732370400000,979165.74
16036,1732374000000,991319.58
16037,1732377600000,980838.17
16038,1732381200000,963418.33
16039,1732384800000,966974.29
16040,1732388400000,966206.84
16041,1732392000000,966016.99
16042,1732395600000,961382.01
16043,1732399200000,962302.38
16044,1732402800000,963473.62
16045,1732406400000,956976.31
16046,1732410000000,953812.87
16047,1732413600000,953770.86
16048,1732417200000,949488.11
16049,1732420800000,947409.08
16050,1732424400000,947933.17
16051,1732428000000,944864.26
16052,1732431600000,947870.08
16053,1732435200000,950278.86
16054,1732438800000,945713.14
16055,1732442400000,947627.61
16056,1732446000000,942286.28
16057,1732449600000,939958.55
16058,1732453200000,939175.14
16059,1732456800000,933711.24
16060,1732460400000,939945.71
16061,1732464000000,933865.73
16062,1732467600000,941224.93
16063,1732471200000,938769.92
16064,1732474800000,943638.2
16065,1732478400000,942313.58
16066,1732482000000,938421.45
16067,1732485600000,934683.67
16068,1732489200000,938036.93
16069,1732492800000,936042.95
16070,1732496400000,935983.13
16071,1732500000000,931269.89
16072,1732503600000,937801.57
16073,1732507200000,939264.31
16074,1732510800000,939296.73
16075,1732514400000,936444.98
16076,1732518000000,936719.55
16077,1732521600000,941052.28
16078,1732525200000,944849.93
16079,1732528800000,951114.96
16080,1732532400000,999737.93
16081,1732536000000,993802.82
16082,1732539600000,1005938.65
16083,1732543200000,1005559.88
16084,1732546800000,1002930.66
16085,1732550400000,1015986.1
16086,1732554000000,1006951.2
16087,1732557600000,1001039.86
16088,1732561200000,998713.7
16089,1732564800000,990785.61
16090,1732568400000,987850.08
16091,1732572000000,979472.7
16092,1732575600000,987627.08
16093,1732579200000,972376.21
16094,1732582800000,976826.94
16095,1732586400000,980885.02
16096,1732590000000,983144.55
16097,1732593600000,980389.04
16098,1732597200000,978603.63
16099,1732600800000,978217.53
16100,1732604400000,979574.86
16101,1732608000000,973948.97
16102,1732611600000,983964.82
16103,1732615200000,965988.23
16104,1732618800000,963766.19
16105,1732622400000,981424.41
16106,1732626000000,980867.86
16107,1732629600000,973733.61
16108,1732633200000,982161.79
16109,1732636800000,983157.22
16110,1732640400000,993692.89
16111,1732644000000,987175.98
16112,1732647600000,970874.22
16113,1732651200000,972731.76
16114,1732654800000,986948.12
16115,1732658400000,989980.73
16116,1732662000000,990631.09
16117,1732665600000,991963.99
16118,1732669200000,985311.09
16119,1732672800000,979452.69
16120,1732676400000,990832.48
16121,1732680000000,995611.34
16122,1732683600000,1027320.16
16123,1732687200000,1024572.06
16124,1732690800000,1036086.24
16125,1732694400000,1038482.61
16126,1732698000000,1034132.16
16127,1732701600000,1030351.08
16128,1732705200000,1030232.07
16129,1732708800000,1039058.55
16130,1732712400000,1061141.54
16131,1732716000000,1090036.01
16132,1732719600000,1089582.71
16133,1732723200000,1126570.52
16134,1732726800000,1127928.88999999
16135,1732730400000,1134322.90999999
16136,1732734000000,1151292.55
16137,1732737600000,1145371.15999999
16138,1732741200000,1150630.01
16139,1732744800000,1146740.77
16140,1732748400000,1158900.0
16141,1732752000000,1161746.13999999
16142,1732755600000,1162407.24
16143,1732759200000,1156945.78
16144,1732762800000,1157523.69
16145,1732766400000,1141764.7
16146,1732770000000,1147948.40999999
16147,1732773600000,1141595.03
16148,1732777200000,1142612.95
16149,1732780800000,1141889.46
16150,1732784400000,1145572.08
16151,1732788000000,1141201.58
16152,1732791600000,1140600.85
16153,1732795200000,1152529.43
16154,1732798800000,1153470.52
16155,1732802400000,1153778.5
16156,1732806000000,1150787.92
16157,1732809600000,1154522.7
16158,1732813200000,1154335.6
16159,1732816800000,1156630.18
16160,1732820400000,1166523.31
16161,1732824000000,1166812.69
16162,1732827600000,1165974.39999999
16163,1732831200000,1174941.54
16164,1732834800000,1175384.18
16165,1732838400000,1174835.55
16166,1732842000000,1169464.52
16167,1732845600000,1170246.63999999
16168,1732849200000,1171911.58
16169,1732852800000,1169776.79
16170,1732856400000,1166436.12
16171,1732860000000,1168055.40999999
16172,1732863600000,1158048.04
16173,1732867200000,1143717.79
16174,1732870800000,1142251.35
16175,1732874400000,1142199.68
16176,1732878000000,1142422.98
16177,1732881600000,1147843.52
16178,1732885200000,1151004.44
16179,1732888800000,1159098.32
16180,1732892400000,1157054.94
16181,1732896000000,1146251.61
16182,1732899600000,1123191.43
16183,1732903200000,1115659.13999999
16184,1732906800000,1095692.40999999
16185,1732910400000,1092329.72
16186,1732914000000,1083674.87
16187,1732917600000,1079224.32
16188,1732921200000,1079531.37
16189,1732924800000,1076399.46
16190,1732928400000,1074340.78
16191,1732932000000,1081862.44
16192,1732935600000,1094668.81
16193,1732939200000,1113836.31
16194,1732942800000,1117023.38999999
16195,1732946400000,1124932.77
16196,1732950000000,1137502.61
16197,1732953600000,1131460.90999999
16198,1732957200000,1125932.11
16199,1732960800000,1126563.8
16200,1732964400000,1105856.85
16201,1732968000000,1114910.79
16202,1732971600000,1129865.06
16203,1732975200000,1136106.76
16204,1732978800000,1135387.37999999
16205,1732982400000,1140320.29
16206,1732986000000,1141002.68
16207,1732989600000,1141754.79
16208,1732993200000,1142776.89999999
16209,1732996800000,1140878.99
16210,1733000400000,1144465.81
16211,1733004000000,1148403.93
16212,1733007600000,1146086.13999999
16213,1733011200000,1142281.03
16214,1733014800000,1134534.88999999
16215,1733018400000,1135401.57
16216,1733022000000,1123222.94
16217,1733025600000,1119193.19
16218,1733029200000,1117955.61
16219,1733032800000,1120718.11
16220,1733036400000,1121383.36
16221,1733040000000,1123458.14999999
16222,1733043600000,1127841.42
16223,1733047200000,1123396.11
16224,1733050800000,1117527.54
16225,1733054400000,1119205.96
16226,1733058000000,1118540.12
16227,1733061600000,1125994.96
16228,1733065200000,1128325.72
16229,1733068800000,1142896.8
16230,1733072400000,1152522.45
16231,1733076000000,1141209.97
16232,1733079600000,1145576.2
16233,1733083200000,1137243.12
16234,1733086800000,1123200.19
16235,1733090400000,1117180.61
16236,1733094000000,1108572.47
16237,1733097600000,1105652.88999999
16238,1733101200000,1104132.29
16239,1733104800000,1094447.88999999
16240,1733108400000,1093049.01
16241,1733112000000,1100309.24
16242,1733115600000,1099437.99
16243,1733119200000,1093606.29
16244,1733122800000,1100796.32
16245,1733126400000,1102809.88999999
16246,1733130000000,1071463.88999999
16247,1733133600000,1076716.61
16248,1733137200000,1063037.28
16249,1733140800000,1067447.81
16250,1733144400000,1072869.85
16251,1733148000000,1076640.97
16252,1733151600000,1075513.1
16253,1733155200000,1065534.19
16254,1733158800000,1050074.79
16255,1733162400000,1039604.13
16256,1733166000000,1041839.37
16257,1733169600000,1041154.16
16258,1733173200000,1039237.5
16259,1733176800000,1041429.7
16260,1733180400000,1042477.33
16261,1733184000000,1050463.25
16262,1733187600000,1047928.01
16263,1733191200000,1043587.96
16264,1733194800000,1037687.81
16265,1733198400000,1046803.31
16266,1733202000000,1052226.64999999
16267,1733205600000,1054686.22
16268,1733209200000,1052011.85
16269,1733212800000,1050250.64999999
16270,1733216400000,1051419.0
16271,1733220000000,1049468.14999999
16272,1733223600000,1058640.36
16273,1733227200000,1060981.47
16274,1733230800000,1059711.68
16275,1733234400000,1069199.51
16276,1733238000000,1078706.7
16277,1733241600000,1061625.69
16278,1733245200000,1052714.83
16279,1733248800000,1049457.54
16280,1733252400000,1053275.22
16281,1733256000000,1048782.67
16282,1733259600000,1060968.74
16283,1733263200000,1058650.69
16284,1733266800000,1057688.14999999
16285,1733270400000,1058864.52
16286,1733274000000,1061335.19
16287,1733277600000,1071628.1
16288,1733281200000,1070194.17
16289,1733284800000,1086967.02
16290,1733288400000,1089754.15999999
16291,1733292000000,1099117.51
16292,1733295600000,1115489.1
16293,1733299200000,1114974.04
16294,1733302800000,1116036.92
16295,1733306400000,1120815.32
16296,1733310000000,1134109.56
16297,1733313600000,1146087.72
16298,1733317200000,1151114.43
16299,1733320800000,1141131.06
16300,1733324400000,1155915.0
16301,1733328000000,1164847.63999999
16302,1733331600000,1155628.62999999
16303,1733335200000,1172181.11
16304,1733338800000,1167977.69
16305,1733342400000,1170038.40999999
16306,1733346000000,1163227.03
16307,1733349600000,1155170.43
16308,1733353200000,1156009.96
16309,1733356800000,1156186.12
16310,1733360400000,1151682.47
16311,1733364000000,1141981.28
16312,1733367600000,1139444.32
16313,1733371200000,1127546.32
16314,1733374800000,1126370.74
16315,1733378400000,1117988.97
16316,1733382000000,1122413.19
16317,1733385600000,1127802.67
16318,1733389200000,1140017.87999999
16319,1733392800000,1144661.62
16320,1733396400000,1151038.57
16321,1733400000000,1160273.29
16322,1733403600000,1153801.89999999
16323,1733407200000,1165042.52
16324,1733410800000,1162023.52
16325,1733414400000,1167454.56
16326,1733418000000,1158967.34
16327,1733421600000,1162810.62
16328,1733425200000,1159908.53
16329,1733428800000,1151260.09
16330,1733432400000,1147065.5
16331,1733436000000,1154068.18
16332,1733439600000,1127741.39999999
16333,1733443200000,1140743.94
16334,1733446800000,1127061.37
16335,1733450400000,1145059.63999999
16336,1733454000000,1155778.79
16337,1733457600000,1159844.06
16338,1733461200000,1162392.01
16339,1733464800000,1172063.38999999
16340,1733468400000,1174250.87
16341,1733472000000,1175787.53
16342,1733475600000,1173364.37999999
16343,1733479200000,1171567.51
16344,1733482800000,1166420.27
16345,1733486400000,1163737.46
16346,1733490000000,1164804.18
16347,1733493600000,1160407.88999999
16348,1733497200000,1170314.06
16349,1733500800000,1200240.19
16350,1733504400000,1207780.98
16351,1733508000000,1215322.29
16352,1733511600000,1221968.02
16353,1733515200000,1215960.17
16354,1733518800000,1201531.38999999
16355,1733522400000,1205401.68
16356,1733526000000,1204963.6
16357,1733529600000,1201659.43
16358,1733533200000,1197696.97
16359,1733536800000,1205217.28
16360,1733540400000,1201986.72
16361,1733544000000,1194785.86
16362,1733547600000,1193064.0
16363,1733551200000,1193256.82
16364,1733554800000,1190405.39999999
16365,1733558400000,1187439.25
16366,1733562000000,1190562.21
16367,1733565600000,1188861.67
16368,1733569200000,1190030.49
16369,1733572800000,1205850.88999999
16370,1733576400000,1210482.97
16371,1733580000000,1214022.68
16372,1733583600000,1218555.25
16373,1733587200000,1218742.14999999
16374,1733590800000,1220806.18
16375,1733594400000,1220578.6
16376,1733598000000,1218067.83
16377,1733601600000,1218860.96
16378,1733605200000,1221126.87999999
16379,1733608800000,1218768.31
16380,1733612400000,1211742.99
16381,1733616000000,1208570.65999999
16382,1733619600000,1206347.86
16383,1733623200000,1209609.75
16384,1733626800000,1209058.37
16385,1733630400000,1213075.65999999
16386,1733634000000,1203341.89999999
16387,1733637600000,1209276.8
16388,1733641200000,1215696.96
16389,1733644800000,1214147.31
16390,1733648400000,1218560.04
16391,1733652000000,1222927.52
16392,1733655600000,1234569.24
16393,1733659200000,1232619.52
16394,1733662800000,1235184.55
16395,1733666400000,1236897.06
16396,1733670000000,1234508.61
16397,1733673600000,1240789.23
16398,1733677200000,1235292.38999999
16399,1733680800000,1234308.2
16400,1733684400000,1232497.85
16401,1733688000000,1229755.62999999
16402,1733691600000,1230064.03
16403,1733695200000,1226991.76
16404,1733698800000,1233547.72
16405,1733702400000,1228853.0
16406,1733706000000,1230903.0
16407,1733709600000,1229140.77
16408,1733713200000,1228099.40999999
16409,1733716800000,1224305.97
16410,1733720400000,1229295.23
16411,1733724000000,1227834.73
16412,1733727600000,1228665.59
16413,1733731200000,1219263.21
16414,1733734800000,1214708.53
16415,1733738400000,1222528.14999999
16416,1733742000000,1226180.71
16417,1733745600000,1225642.95
16418,1733749200000,1226592.33
16419,1733752800000,1227194.5
16420,1733756400000,1231155.6
16421,1733760000000,1221254.62999999
16422,1733763600000,1215415.13999999
16423,1733767200000,1205600.36
16424,1733770800000,1207356.02
16425,1733774400000,1200917.05
16426,1733778000000,1215707.94
16427,1733781600000,1137810.15999999
16428,1733785200000,1128403.12
16429,1733788800000,1134155.34
16430,1733792400000,1131313.21
16431,1733796000000,1136906.0
16432,1733799600000,1133983.78
16433,1733803200000,1127410.07
16434,1733806800000,1131857.22
16435,1733810400000,1126237.54
16436,1733814000000,1121823.35
16437,1733817600000,1120874.09
16438,1733821200000,1124809.05
16439,1733824800000,1123485.51
16440,1733828400000,1119269.46
16441,1733832000000,1105031.27
16442,1733835600000,1100047.83
16443,1733839200000,1100033.85
16444,1733842800000,1091464.95
16445,1733846400000,1090102.74
16446,1733850000000,1088623.31
16447,1733853600000,1078453.24
16448,1733857200000,1073786.79
16449,1733860800000,1073851.14999999
16450,1733864400000,1072314.33
16451,1733868000000,1073116.69
16452,1733871600000,1069852.43
16453,1733875200000,1063651.40999999
16454,1733878800000,1055164.81
16455,1733882400000,1056857.25
16456,1733886000000,1055788.25
16457,1733889600000,1059017.48
16458,1733893200000,1056636.73
16459,1733896800000,1054171.25
16460,1733900400000,1061097.42
16461,1733904000000,1060551.17
16462,1733907600000,1065547.78
16463,1733911200000,1066144.06
16464,1733914800000,1067151.5
16465,1733918400000,1066267.54
16466,1733922000000,1067068.63999999
16467,1733925600000,1069907.75
16468,1733929200000,1071918.87
16469,1733932800000,1069780.75
16470,1733936400000,1073979.37
16471,1733940000000,1063868.0
16472,1733943600000,1062885.07
16473,1733947200000,1068821.02
16474,1733950800000,1070101.15999999
16475,1733954400000,1070509.33
16476,1733958000000,1071194.87999999
16477,1733961600000,1069566.84
16478,1733965200000,1065564.95
16479,1733968800000,1067476.8
16480,1733972400000,1075574.85
16481,1733976000000,1085004.42
16482,1733979600000,1074836.42
16483,1733983200000,1087385.65999999
16484,1733986800000,1086105.06
16485,1733990400000,1085769.69
16486,1733994000000,1088212.48
16487,1733997600000,1092323.54
16488,1734001200000,1098804.75
16489,1734004800000,1109640.56
16490,1734008400000,1124590.46
16491,1734012000000,1127452.49
16492,1734015600000,1141647.15999999
16493,1734019200000,1140185.39999999
16494,1734022800000,1150956.63999999
16495,1734026400000,1149687.62
16496,1734030000000,1142909.88999999
16497,1734033600000,1109069.62
16498,1734037200000,1115588.15999999
16499,1734040800000,1112213.17
16500,1734044400000,1121885.51
16501,1734048000000,1118609.1
16502,1734051600000,1120848.12999999
16503,1734055200000,1124524.87999999
16504,1734058800000,1132885.79
16505,1734062400000,1135513.88999999
16506,1734066000000,1135265.68
16507,1734069600000,1139148.42
16508,1734073200000,1142193.58
16509,1734076800000,1145017.61
16510,1734080400000,1147498.87
16511,1734084000000,1147791.45
16512,1734087600000,1148021.65999999
16513,1734091200000,1149216.62999999
16514,1734094800000,1154035.14999999
16515,1734098400000,1157801.64999999
16516,1734102000000,1170971.08
16517,1734105600000,1139033.61
16518,1734109200000,1148019.22
16519,1734112800000,1159017.99
16520,1734116400000,1153921.44
16521,1734120000000,1152462.22
16522,1734123600000,1145566.94
16523,1734127200000,1133586.96
16524,1734130800000,1131174.62999999
16525,1734134400000,1131057.67
16526,1734138000000,1129562.38999999
16527,1734141600000,1134413.67
16528,1734145200000,1130970.94
16529,1734148800000,1131731.39999999
16530,1734152400000,1136851.11
16531,1734156000000,1139219.5
16532,1734159600000,1150782.15999999
16533,1734163200000,1152774.96
16534,1734166800000,1154886.87999999
16535,1734170400000,1152106.12999999
16536,1734174000000,1149894.01
16537,1734177600000,1150978.04
16538,1734181200000,1148903.87999999
16539,1734184800000,1144956.26
16540,1734188400000,1150399.21
16541,1734192000000,1145603.97
16542,1734195600000,1154114.65999999
16543,1734199200000,1141325.6
16544,1734202800000,1135305.82
16545,1734206400000,1138973.86
16546,1734210000000,1136390.12
16547,1734213600000,1135945.27
16548,1734217200000,1142399.8
16549,1734220800000,1138341.52
16550,1734224400000,1136982.86
16551,1734228000000,1136102.86
16552,1734231600000,1133501.2
16553,1734235200000,1129996.62
16554,1734238800000,1137495.94
16555,1734242400000,1136512.95
16556,1734246000000,1137371.25
16557,1734249600000,1131532.74
16558,1734253200000,1127368.62999999
16559,1734256800000,1123897.33
16560,1734260400000,1122876.33
16561,1734264000000,1123834.5
16562,1734267600000,1129429.86
16563,1734271200000,1130104.95
16564,1734274800000,1136099.99
16565,1734278400000,1137104.38999999
16566,1734282000000,1139981.79
16567,1734285600000,1136722.59
16568,1734289200000,1133004.52
16569,1734292800000,1134177.51
16570,1734296400000,1129247.46
16571,1734300000000,1115957.6
16572,1734303600000,1119320.12
16573,1734307200000,1161846.33
16574,1734310800000,1162469.62
16575,1734314400000,1176367.61
16576,1734318000000,1175476.69
16577,1734321600000,1160954.13999999
16578,1734325200000,1163852.68
16579,1734328800000,1166666.93
16580,1734332400000,1170012.33
16581,1734336000000,1176761.98
16582,1734339600000,1176428.0
16583,1734343200000,1172007.15999999
16584,1734346800000,1169934.11
16585,1734350400000,1162088.21
16586,1734354000000,1150084.5
16587,1734357600000,1150610.48
16588,1734361200000,1158027.2
16589,1734364800000,1158679.29
16590,1734368400000,1158231.81
16591,1734372000000,1186183.86
16592,1734375600000,1210445.57
16593,1734379200000,1218845.15999999
16594,1734382800000,1215122.25
16595,1734386400000,1215228.48
16596,1734390000000,1213008.61
16597,1734393600000,1199294.23
16598,1734397200000,1178840.89999999
16599,1734400800000,1176165.09
16600,1734404400000,1196659.24
16601,1734408000000,1212903.45
16602,1734411600000,1195721.82
16603,1734415200000,1201013.7
16604,1734418800000,1198138.44
16605,1734422400000,1189557.34
16606,1734426000000,1186531.6
16607,1734429600000,1187568.79
16608,1734433200000,1181347.95
16609,1734436800000,1174983.81
16610,1734440400000,1171693.86
16611,1734444000000,1172996.02
16612,1734447600000,1178750.56
16613,1734451200000,1182240.68
16614,1734454800000,1199313.39999999
16615,1734458400000,1206532.17
16616,1734462000000,1198721.73
16617,1734465600000,1200732.95
16618,1734469200000,1207780.02
16619,1734472800000,1208646.46
16620,1734476400000,1175541.12999999
16621,1734480000000,1165950.81
16622,1734483600000,1175719.33
16623,1734487200000,1180480.06
16624,1734490800000,1182474.74
16625,1734494400000,1179376.40999999
16626,1734498000000,1171906.90999999
16627,1734501600000,1169036.69
16628,1734505200000,1160495.65999999
16629,1734508800000,1149968.88999999
16630,1734512400000,1141833.63999999
16631,1734516000000,1141685.79
16632,1734519600000,1142007.02
16633,1734523200000,1144475.61
16634,1734526800000,1148804.33
16635,1734530400000,1150938.83
16636,1734534000000,1152630.07
16637,1734537600000,1150265.02
16638,1734541200000,1142849.93
16639,1734544800000,1145888.05
16640,1734548400000,1142236.64999999
16641,1734552000000,1138245.55
16642,1734555600000,1149772.82
16643,1734559200000,1154496.2
16644,1734562800000,1156463.21
16645,1734566400000,1149045.59
16646,1734570000000,1143918.42
16647,1734573600000,1146823.62999999
16648,1734577200000,1134980.57
16649,1734580800000,1144015.35
16650,1734584400000,1142477.42
16651,1734588000000,1142832.83
16652,1734591600000,1139335.43
16653,1734595200000,1142981.68
16654,1734598800000,1134398.51
16655,1734602400000,1134884.29
16656,1734606000000,1137201.07
16657,1734609600000,1143724.32
16658,1734613200000,1140390.12
16659,1734616800000,1135190.82
16660,1734620400000,1135692.37999999
16661,1734624000000,1134516.53
16662,1734627600000,1138402.15999999
16663,1734631200000,1109629.86
16664,1734634800000,1128770.58
16665,1734638400000,1126463.02
16666,1734642000000,1113585.69
16667,1734645600000,1113034.29
16668,1734649200000,1118635.31
16669,1734652800000,1115020.17
16670,1734656400000,1112284.29
16671,1734660000000,1113753.44
16672,1734663600000,1113483.69
16673,1734667200000,1117874.93
16674,1734670800000,1117534.1
16675,1734674400000,1114100.65999999
16676,1734678000000,1117327.97
16677,1734681600000,1122782.08
16678,1734685200000,1121474.62
16679,1734688800000,1107642.17
16680,1734692400000,1076154.58
16681,1734696000000,1065386.85
16682,1734699600000,1084382.99
16683,1734703200000,1091802.62999999
16684,1734706800000,1089619.51
16685,1734710400000,1093530.08
16686,1734714000000,1087760.74
16687,1734717600000,1090175.61
16688,1734721200000,1079689.74
16689,1734724800000,1090545.99
16690,1734728400000,1082219.14999999
16691,1734732000000,1075335.42
16692,1734735600000,1080063.08
16693,1734739200000,1081398.37999999
16694,1734742800000,1081045.73
16695,1734746400000,1082598.01
16696,1734750000000,1082575.23
16697,1734753600000,1083986.63999999
16698,1734757200000,1084042.21
16699,1734760800000,1087730.87999999
16700,1734764400000,1099044.98
16701,1734768000000,1096234.99
16702,1734771600000,1089211.03
16703,1734775200000,1084906.39999999
16704,1734778800000,1082244.02
16705,1734782400000,1076658.53
16706,1734786000000,1068585.51
16707,1734789600000,1072397.02
16708,1734793200000,1068663.05
16709,1734796800000,1069115.51
16710,1734800400000,1071180.06
16711,1734804000000,1074283.72
16712,1734807600000,1076701.55
16713,1734811200000,1080602.48
16714,1734814800000,1073488.12
16715,1734818400000,1080441.58
16716,1734822000000,1084049.52
16717,1734825600000,1081039.19
16718,1734829200000,1082642.69
16719,1734832800000,1080024.37
16720,1734836400000,1079321.24
16721,1734840000000,1076416.13999999
16722,1734843600000,1072065.06
16723,1734847200000,1069824.92
16724,1734850800000,1068603.98
16725,1734854400000,1064609.8
16726,1734858000000,1063841.55
16727,1734861600000,1067880.09
16728,1734865200000,1065673.98
16729,1734868800000,1067894.90999999
16730,1734872400000,1066791.15999999
16731,1734876000000,1062682.03
16732,1734879600000,1061062.74
16733,1734883200000,1060790.32
16734,1734886800000,1066175.62999999
16735,1734890400000,1065136.73
16736,1734894000000,1062696.11
16737,1734897600000,1061645.42
16738,1734901200000,1065106.99
16739,1734904800000,1060668.7
16740,1734908400000,1056671.65999999
16741,1734912000000,1057695.76
16742,1734915600000,1061446.04
16743,1734919200000,1056802.25
16744,1734922800000,1058488.65999999
16745,1734926400000,1064165.98
16746,1734930000000,1054509.56
16747,1734933600000,1054975.62
16748,1734937200000,1059464.12
16749,1734940800000,1062972.57
16750,1734944400000,1058334.17
16751,1734948000000,1054738.14999999
16752,1734951600000,1056237.33
16753,1734955200000,1056687.33
16754,1734958800000,1057547.62
16755,1734962400000,1056783.68
16756,1734966000000,1056239.25
16757,1734969600000,1061809.62999999
16758,1734973200000,1084748.87999999
16759,1734976800000,1073581.83
16760,1734980400000,1070549.2
16761,1734984000000,1071203.28
16762,1734987600000,1086385.98
16763,1734991200000,1086783.44
16764,1734994800000,1090569.97
16765,1734998400000,1088837.61
16766,1735002000000,1078600.40999999
16767,1735005600000,1071631.44
16768,1735009200000,1064906.62999999
16769,1735012800000,1066659.45
16770,1735016400000,1066591.28
16771,1735020000000,1071461.06
16772,1735023600000,1070077.15999999
16773,1735027200000,1071656.62
16774,1735030800000,1074575.05
16775,1735034400000,1076203.29
16776,1735038000000,1076928.27
16777,1735041600000,1081409.53
16778,1735045200000,1082291.62
16779,1735048800000,1087695.31
16780,1735052400000,1101746.01
16781,1735056000000,1106354.14999999
16782,1735059600000,1091464.28
16783,1735063200000,1084209.55
16784,1735066800000,1087566.37999999
16785,1735070400000,1084358.24
16786,1735074000000,1062207.98
16787,1735077600000,1052960.24
16788,1735081200000,1050773.29
16789,1735084800000,1053877.40999999
16790,1735088400000,1052613.46
16791,1735092000000,1050226.79
16792,1735095600000,1054320.99
16793,1735099200000,1045413.42
16794,1735102800000,1047672.9
16795,1735106400000,1049084.13999999
16796,1735110000000,1048270.56
16797,1735113600000,1047550.53
16798,1735117200000,1048805.1
16799,1735120800000,1058735.69
16800,1735124400000,1052918.5
16801,1735128000000,1045913.74
16802,1735131600000,1045983.0
16803,1735135200000,1048025.68
16804,1735138800000,1048376.87
16805,1735142400000,1048734.97
16806,1735146000000,1044349.72
16807,1735149600000,1044374.75
16808,1735153200000,1042622.59
16809,1735156800000,1046670.1
16810,1735160400000,1046039.37
16811,1735164000000,1046043.82
16812,1735167600000,1051132.02
16813,1735171200000,1048341.92
16814,1735174800000,1042122.16
16815,1735178400000,1041808.66
16816,1735182000000,1042353.1
16817,1735185600000,1041785.78
16818,1735189200000,1045663.91
16819,1735192800000,1050395.96
16820,1735196400000,1052506.54
16821,1735200000000,1055729.08
16822,1735203600000,1065351.97
16823,1735207200000,1068999.65999999
16824,1735210800000,1067811.64999999
16825,1735214400000,1069170.99
16826,1735218000000,1066705.82
16827,1735221600000,1061816.87
16828,1735225200000,1060236.25
16829,1735228800000,1059129.39999999
16830,1735232400000,1062974.79
16831,1735236000000,1057487.17
16832,1735239600000,1060820.18
16833,1735243200000,1059861.72
16834,1735246800000,1056410.83
16835,1735250400000,1051147.27
16836,1735254000000,1050607.17
16837,1735257600000,1047430.26
16838,1735261200000,1047162.88
16839,1735264800000,1045953.27
16840,1735268400000,1037592.95
16841,1735272000000,1037027.14
16842,1735275600000,1034812.86
16843,1735279200000,1036233.69
16844,1735282800000,1039451.39
16845,1735286400000,1032530.42
16846,1735290000000,1049011.04
16847,1735293600000,1039130.61
16848,1735297200000,1032246.73
16849,1735300800000,1033934.77
16850,1735304400000,1037158.2
16851,1735308000000,1036310.89
16852,1735311600000,1035010.61
16853,1735315200000,1040680.31
16854,1735318800000,1041302.48
16855,1735322400000,1050066.25
16856,1735326000000,1047326.46
16857,1735329600000,1045594.84
16858,1735333200000,1042882.86
16859,1735336800000,1040379.27
16860,1735340400000,1039127.35
16861,1735344000000,1036770.93
16862,1735347600000,1039131.42
16863,1735351200000,1038100.7
16864,1735354800000,1038305.21
16865,1735358400000,1038228.35
16866,1735362000000,1039184.36
16867,1735365600000,1043975.06
16868,1735369200000,1040045.39
16869,1735372800000,1041150.65
16870,1735376400000,1041386.63
16871,1735380000000,1041008.87
16872,1735383600000,1042928.39
16873,1735387200000,1045217.74
16874,1735390800000,1047834.91
16875,1735394400000,1050963.37999999
16876,1735398000000,1049244.11
16877,1735401600000,1048323.45
16878,1735405200000,1052170.31
16879,1735408800000,1061076.54
16880,1735412400000,1054273.88999999
16881,1735416000000,1054824.28
16882,1735419600000,1055775.48
16883,1735423200000,1056740.08
16884,1735426800000,1056277.0
16885,1735430400000,1055320.3
16886,1735434000000,1053291.32
16887,1735437600000,1049771.96
16888,1735441200000,1051018.29
16889,1735444800000,1052492.07
16890,1735448400000,1051398.74
16891,1735452000000,1051942.39999999
16892,1735455600000,1050516.55
16893,1735459200000,1052790.31
16894,1735462800000,1052784.95
16895,1735466400000,1055889.3
16896,1735470000000,1057597.52
16897,1735473600000,1057063.1
16898,1735477200000,1055909.94
16899,1735480800000,1057580.52
16900,1735484400000,1049917.07
16901,1735488000000,1053802.72
16902,1735491600000,1050892.46
16903,1735495200000,1049521.56
16904,1735498800000,1053145.13999999
16905,1735502400000,1056831.7
16906,1735506000000,1053884.52
16907,1735509600000,1050658.96
16908,1735513200000,1042596.63
16909,1735516800000,1044937.81
16910,1735520400000,1046903.6
16911,1735524000000,1052011.5
16912,1735527600000,1055021.74
16913,1735531200000,1054223.47
16914,1735534800000,1059144.42
16915,1735538400000,1058308.5
16916,1735542000000,1064524.81
16917,1735545600000,1066963.0
16918,1735549200000,1071394.65999999
16919,1735552800000,1068292.62
16920,1735556400000,1066534.78
16921,1735560000000,1068802.26
16922,1735563600000,1070031.27
16923,1735567200000,1070635.33
16924,1735570800000,1071559.24
16925,1735574400000,1092342.03
16926,1735578000000,1090966.04
16927,1735581600000,1084031.39999999
16928,1735585200000,1083565.08
16929,1735588800000,1084170.19
16930,1735592400000,1081009.38999999
16931,1735596000000,1083174.22
16932,1735599600000,1075849.94
16933,1735603200000,1078160.69
16934,1735606800000,1072266.75
16935,1735610400000,1072926.44
16936,1735614000000,1072118.0
16937,1735617600000,1071445.44
16938,1735621200000,1066845.73
16939,1735624800000,1068712.94
16940,1735628400000,1068429.59
16941,1735632000000,1067670.94
16942,1735635600000,1062047.83
16943,1735639200000,1066363.74
16944,1735642800000,1067982.8
16945,1735646400000,1069156.95
16946,1735650000000,1074693.86
16947,1735653600000,1078761.46
16948,1735657200000,1075896.46
16949,1735660800000,1080170.65999999
16950,1735664400000,1084101.96
16951,1735668000000,1079073.82
16952,1735671600000,1081020.46
16953,1735675200000,1085834.73
16954,1735678800000,1089466.12999999
16955,1735682400000,1092842.64999999
16956,1735686000000,1093636.29
16957,1735689600000,1092839.33
16958,1735693200000,1095946.12999999
16959,1735696800000,1092786.57
16960,1735700400000,1093552.72
16961,1735704000000,1095677.37999999
16962,1735707600000,1097591.21
16963,1735711200000,1097005.25
16964,1735714800000,1099259.62
16965,1735718400000,1100456.19
16966,1735722000000,1099569.48
16967,1735725600000,1099551.28
16968,1735729200000,1100807.87999999
16969,1735732800000,1106674.06
16970,1735736400000,1106587.43
16971,1735740000000,1111112.36
16972,1735743600000,1112358.37
16973,1735747200000,1110708.39999999
16974,1735750800000,1111262.13999999
16975,1735754400000,1116931.59
16976,1735758000000,1124215.82
16977,1735761600000,1119003.14999999
16978,1735765200000,1123618.05
16979,1735768800000,1123616.37
16980,1735772400000,1128809.08
16981,1735776000000,1128014.03
16982,1735779600000,1120989.47
16983,1735783200000,1114208.62999999
16984,1735786800000,1113893.79
16985,1735790400000,1114314.61
16986,1735794000000,1119728.04
16987,1735797600000,1124379.45
16988,1735801200000,1124110.94
16989,1735804800000,1130089.13999999
16990,1735808400000,1124207.09
16991,1735812000000,1128430.37
16992,1735815600000,1130930.53
16993,1735819200000,1137187.78
16994,1735822800000,1140323.34
16995,1735826400000,1141366.74
16996,1735830000000,1140838.38999999
16997,1735833600000,1143170.8
16998,1735837200000,1143141.21
16999,1735840800000,1138461.45
17000,1735844400000,1139633.45
17001,1735848000000,1141472.62
17002,1735851600000,1143933.90999999
17003,1735855200000,1142890.11
17004,1735858800000,1135621.99
17005,1735862400000,1135785.82
17006,1735866000000,1136563.62
17007,1735869600000,1138730.43
17008,1735873200000,1135421.62
17009,1735876800000,1136265.92
17010,1735880400000,1135074.61
17011,1735884000000,1136991.09
17012,1735887600000,1137548.1
17013,1735891200000,1134724.89999999
17014,1735894800000,1133539.14999999
17015,1735898400000,1137803.18
17016,1735902000000,1143295.21
17017,1735905600000,1146033.73
17018,1735909200000,1148406.75
17019,1735912800000,1155348.35
17020,1735916400000,1166590.63999999
17021,1735920000000,1175786.96
17022,1735923600000,1183095.34
17023,1735927200000,1184491.83
17024,1735930800000,1186450.67
17025,1735934400000,1197960.8
17026,1735938000000,1186648.62
17027,1735941600000,1191716.84
17028,1735945200000,1191424.03
17029,1735948800000,1193832.62
17030,1735952400000,1195971.75
17031,1735956000000,1194599.12
17032,1735959600000,1195112.12999999
17033,1735963200000,1194686.97
17034,1735966800000,1195712.96
17035,1735970400000,1195538.31
17036,1735974000000,1195802.32
17037,1735977600000,1191798.88999999
17038,1735981200000,1196680.58
17039,1735984800000,1199771.37
17040,1735988400000,1199032.93
17041,1735992000000,1203616.06
17042,1735995600000,1209460.17
17043,1735999200000,1210932.99
17044,1736002800000,1210438.47
17045,1736006400000,1210383.33
17046,1736010000000,1212786.6
17047,1736013600000,1214973.17
17048,1736017200000,1212823.09
17049,1736020800000,1211553.37999999
17050,1736024400000,1216655.82
17051,1736028000000,1220329.53
17052,1736031600000,1216314.14999999
17053,1736035200000,1222840.75
17054,1736038800000,1219226.99
17055,1736042400000,1217616.21
17056,1736046000000,1216553.96
17057,1736049600000,1216331.69
17058,1736053200000,1216237.49
17059,1736056800000,1215728.13999999
17060,1736060400000,1212754.37999999
17061,1736064000000,1214478.87999999
17062,1736067600000,1207860.06
17063,1736071200000,1207188.22
17064,1736074800000,1212814.18
17065,1736078400000,1216552.29
17066,1736082000000,1215734.32
17067,1736085600000,1218671.39999999
17068,1736089200000,1215830.01
17069,1736092800000,1207135.45
17070,1736096400000,1204165.48
17071,1736100000000,1197170.1
17072,1736103600000,1197095.84
17073,1736107200000,1198183.38999999
17074,1736110800000,1198630.75
17075,1736114400000,1199274.26
17076,1736118000000,1198950.33
17077,1736121600000,1196348.45
17078,1736125200000,1194436.71
17079,1736128800000,1196086.28
17080,1736132400000,1192782.15999999
17081,1736136000000,1192985.54
17082,1736139600000,1190911.5
17083,1736143200000,1192984.96
17084,1736146800000,1195165.36
17085,1736150400000,1191760.83
17086,1736154000000,1191959.64999999
17087,1736157600000,1192704.84
17088,1736161200000,1190309.35
17089,1736164800000,1190276.7
17090,1736168400000,1186370.77
17091,1736172000000,1188192.11
17092,1736175600000,1181685.87
17093,1736179200000,1184577.92
17094,1736182800000,1183336.82
17095,1736186400000,1176051.87
17096,1736190000000,1171852.58
17097,1736193600000,1173283.57
17098,1736197200000,1172048.79
17099,1736200800000,1172585.97
17100,1736204400000,1173823.37
17101,1736208000000,1173010.36
17102,1736211600000,1176673.13999999
17103,1736215200000,1176191.05
17104,1736218800000,1179291.76
17105,1736222400000,1177887.87
17106,1736226000000,1178213.64999999
17107,1736229600000,1179475.05
17108,1736233200000,1180416.40999999
17109,1736236800000,1177351.17
17110,1736240400000,1175748.01
17111,1736244000000,1177928.83
17112,1736247600000,1176897.36
17113,1736251200000,1179922.65999999
17114,1736254800000,1175469.78
17115,1736258400000,1184622.94
17116,1736262000000,1174300.64999999
17117,1736265600000,1179951.89999999
17118,1736269200000,1187205.52
17119,1736272800000,1200027.12
17120,1736276400000,1203650.04
17121,1736280000000,1188611.59
17122,1736283600000,1185080.47
17123,1736287200000,1180568.76
17124,1736290800000,1181035.63999999
17125,1736294400000,1182217.97
17126,1736298000000,1187821.11
17127,1736301600000,1179860.87999999
17128,1736305200000,1179084.45
17129,1736308800000,1168734.37999999
17130,1736312400000,1166163.04
17131,1736316000000,1163122.55
17132,1736319600000,1160160.61
17133,1736323200000,1156034.69
17134,1736326800000,1157368.93
17135,1736330400000,1154856.01
17136,1736334000000,1157799.18
17137,1736337600000,1163757.87999999
17138,1736341200000,1167870.59
17139,1736344800000,1171887.43
17140,1736348400000,1178576.76
17141,1736352000000,1179407.56
17142,1736355600000,1180928.56
17143,1736359200000,1180631.19
17144,1736362800000,1173786.03
17145,1736366400000,1177526.8
17146,1736370000000,1182896.73
17147,1736373600000,1182285.28
17148,1736377200000,1191353.67
17149,1736380800000,1190770.93
17150,1736384400000,1190040.98
17151,1736388000000,1186705.09
17152,1736391600000,1182029.51
17153,1736395200000,1175699.55
17154,1736398800000,1182198.33
17155,1736402400000,1182329.62999999
17156,1736406000000,1178175.27
17157,1736409600000,1175483.8
17158,1736413200000,1186451.49
17159,1736416800000,1188865.12
17160,1736420400000,1179519.2
17161,1736424000000,1178631.95
17162,1736427600000,1182928.18
17163,1736431200000,1175557.49
17164,1736434800000,1181641.43
17165,1736438400000,1179974.98
17166,1736442000000,1175862.2
17167,1736445600000,1169829.36
17168,1736449200000,1170899.39999999
17169,1736452800000,1168679.74
17170,1736456400000,1167509.07
17171,1736460000000,1156910.33
17172,1736463600000,1147941.0
17173,1736467200000,1144049.1
17174,1736470800000,1144224.28
17175,1736474400000,1142987.76
17176,1736478000000,1138779.48
17177,1736481600000,1144496.69
17178,1736485200000,1138798.09
17179,1736488800000,1135872.2
17180,1736492400000,1139686.96
17181,1736496000000,1137679.02
17182,1736499600000,1137916.69
17183,1736503200000,1139511.0
17184,1736506800000,1145178.07
17185,1736510400000,1142637.05
17186,1736514000000,1141329.31
17187,1736517600000,1123859.32
17188,1736521200000,1125534.45
17189,1736524800000,1131443.90999999
17190,1736528400000,1127901.59
17191,1736532000000,1138242.46
17192,1736535600000,1132821.57
17193,1736539200000,1125380.45
17194,1736542800000,1118695.03
17195,1736546400000,1119017.23
17196,1736550000000,1121363.69
17197,1736553600000,1121276.76
17198,1736557200000,1123780.44
17199,1736560800000,1124964.48
17200,1736564400000,1128459.6
17201,1736568000000,1129289.68
17202,1736571600000,1128899.88999999
17203,1736575200000,1126903.11
17204,1736578800000,1128240.29
17205,1736582400000,1127371.1
17206,1736586000000,1129991.43
17207,1736589600000,1133870.29
17208,1736593200000,1130270.44
17209,1736596800000,1126201.8
17210,1736600400000,1129024.86
17211,1736604000000,1128385.13999999
17212,1736607600000,1132008.65999999
17213,1736611200000,1130868.17
17214,1736614800000,1132175.86
17215,1736618400000,1132066.04
17216,1736622000000,1132654.03
17217,1736625600000,1132770.88999999
17218,1736629200000,1138631.01
17219,1736632800000,1140448.44
17220,1736636400000,1137931.11
17221,1736640000000,1136991.99
17222,1736643600000,1138213.73
17223,1736647200000,1137483.21
17224,1736650800000,1139092.98
17225,1736654400000,1138801.05
17226,1736658000000,1138924.85
17227,1736661600000,1138490.08
17228,1736665200000,1136414.39999999
17229,1736668800000,1137443.36
17230,1736672400000,1134319.54
17231,1736676000000,1138491.6
17232,1736679600000,1144968.27
17233,1736683200000,1146274.29
17234,1736686800000,1148326.54
17235,1736690400000,1147098.83
17236,1736694000000,1142952.32
17237,1736697600000,1137324.93
17238,1736701200000,1136027.75
17239,1736704800000,1138278.5
17240,1736708400000,1137895.12
17241,1736712000000,1139285.77
17242,1736715600000,1139063.09
17243,1736719200000,1135919.69
17244,1736722800000,1136171.13999999
17245,1736726400000,1136187.79
17246,1736730000000,1133312.01
17247,1736733600000,1131761.35
17248,1736737200000,1131464.98
17249,1736740800000,1128352.27
17250,1736744400000,1130275.09
17251,1736748000000,1138153.22
17252,1736751600000,1139608.92
17253,1736755200000,1142840.38999999
17254,1736758800000,1149453.63999999
17255,1736762400000,1153490.87999999
17256,1736766000000,1148439.45
17257,1736769600000,1136899.45
17258,1736773200000,1130811.71
17259,1736776800000,1128256.81
17260,1736780400000,1067783.99
17261,1736784000000,1071733.40999999
17262,1736787600000,1051669.44
17263,1736791200000,1048314.79
17264,1736794800000,1041280.24
17265,1736798400000,1038477.94
17266,1736802000000,1034523.79
17267,1736805600000,1026400.09
17268,1736809200000,1021921.29
17269,1736812800000,1018516.54
17270,1736816400000,1014016.6
17271,1736820000000,1012897.11
17272,1736823600000,1011190.32
17273,1736827200000,1010944.01
17274,1736830800000,1011072.85
17275,1736834400000,1009683.55
17276,1736838000000,1009912.66
17277,1736841600000,1006965.17
17278,1736845200000,1015047.18
17279,1736848800000,1026645.67
17280,1736852400000,1027292.47
17281,1736856000000,1025913.43
17282,1736859600000,1023662.4
17283,1736863200000,1032524.75
17284,1736866800000,1040448.99
17285,1736870400000,1043795.12
17286,1736874000000,1039501.43
17287,1736877600000,1044074.53
17288,1736881200000,1047849.36
17289,1736884800000,1046133.03
17290,1736888400000,1044482.07
17291,1736892000000,1045278.95
17292,1736895600000,1047318.24
17293,1736899200000,1051015.31
17294,1736902800000,1048302.52
17295,1736906400000,1047661.89
17296,1736910000000,1050718.99
17297,1736913600000,1052817.34
17298,1736917200000,1051421.05
17299,1736920800000,1050450.62999999
17300,1736924400000,1045157.77
17301,1736928000000,1047246.62
17302,1736931600000,1047719.95
17303,1736935200000,1042117.97
17304,1736938800000,1044794.07
17305,1736942400000,1041985.53
17306,1736946000000,1040005.46
17307,1736949600000,1040036.1
17308,1736953200000,1053614.44
17309,1736956800000,1058168.93
17310,1736960400000,1065334.35
17311,1736964000000,1065473.01
17312,1736967600000,1066843.49
17313,1736971200000,1073273.44
17314,1736974800000,1066951.32
17315,1736978400000,1070771.87999999
17316,1736982000000,1065614.52
17317,1736985600000,1062850.06
17318,1736989200000,1059936.02
17319,1736992800000,1060511.42
17320,1736996400000,1060330.36
17321,1737000000000,1056416.76
17322,1737003600000,1054915.86
17323,1737007200000,1054287.76
17324,1737010800000,1055235.77
17325,1737014400000,1057031.48
17326,1737018000000,1054034.56
17327,1737021600000,1046369.45
17328,1737025200000,1048500.45
17329,1737028800000,1058938.55
17330,1737032400000,1066271.87
17331,1737036000000,1058317.06
17332,1737039600000,1058575.18
17333,1737043200000,1056847.69
17334,1737046800000,1067761.06
17335,1737050400000,1070132.87
17336,1737054000000,1067701.97
17337,1737057600000,1070980.1
17338,1737061200000,1073043.27
17339,1737064800000,1073851.74
17340,1737068400000,1062211.15999999
17341,1737072000000,1061860.05
17342,1737075600000,1064407.73
17343,1737079200000,1076081.44
17344,1737082800000,1070086.67
17345,1737086400000,1068535.36
17346,1737090000000,1067308.26
17347,1737093600000,1066609.92
17348,1737097200000,1069703.31
17349,1737100800000,1064200.21
17350,1737104400000,1071872.82
17351,1737108000000,1073243.09
17352,1737111600000,1078397.34
17353,1737115200000,1078775.95
17354,1737118800000,1077870.39999999
17355,1737122400000,1081294.29
17356,1737126000000,1094210.98
17357,1737129600000,1089489.36
17358,1737133200000,1083719.08
17359,1737136800000,1079465.55
17360,1737140400000,1081390.8
17361,1737144000000,1078583.23
17362,1737147600000,1103627.25
17363,1737151200000,1098118.63999999
17364,1737154800000,1095842.90999999
17365,1737158400000,1092497.51
17366,1737162000000,1091095.15999999
17367,1737165600000,1092844.96
17368,1737169200000,1089411.6
17369,1737172800000,1069242.05
17370,1737176400000,1059674.92
17371,1737180000000,1057349.21
17372,1737183600000,1059872.14999999
17373,1737187200000,1063693.26
17374,1737190800000,1064380.28
17375,1737194400000,1062865.15999999
17376,1737198000000,1070198.39999999
17377,1737201600000,1080157.81
17378,1737205200000,1078113.31
17379,1737208800000,1079949.17
17380,1737212400000,1076134.96
17381,1737216000000,1070955.85
17382,1737219600000,1061917.8
17383,1737223200000,1065905.96
17384,1737226800000,1074279.55
17385,1737230400000,1076726.31
17386,1737234000000,1074617.03
17387,1737237600000,1074433.77
17388,1737241200000,1076099.3
17389,1737244800000,1083791.42
17390,1737248400000,1079640.37
17391,1737252000000,1085380.47
17392,1737255600000,1086892.96
17393,1737259200000,1082469.87999999
17394,1737262800000,1071570.39999999
17395,1737266400000,1073621.11
17396,1737270000000,1075586.01
17397,1737273600000,1075369.06
17398,1737277200000,1083695.44
17399,1737280800000,1091683.14999999
17400,1737284400000,1096279.07
17401,1737288000000,1108519.09
17402,1737291600000,1107645.88999999
17403,1737295200000,1123382.04
17404,1737298800000,1126746.95
17405,1737302400000,1115197.32
17406,1737306000000,1119502.83
17407,1737309600000,1122414.35
17408,1737313200000,1121869.98
17409,1737316800000,1117103.7
17410,1737320400000,1109705.37999999
17411,1737324000000,1091780.3
17412,1737327600000,1091649.35
17413,1737331200000,1092048.81
17414,1737334800000,1107777.27
17415,1737338400000,1119180.1
17416,1737342000000,1129119.84
17417,1737345600000,1131019.32
17418,1737349200000,1127907.8
17419,1737352800000,1132021.34
17420,1737356400000,1130598.13999999
17421,1737360000000,1136497.62999999
17422,1737363600000,1149613.01
17423,1737367200000,1136467.01
17424,1737370800000,1128586.69
17425,1737374400000,1130960.99
17426,1737378000000,1104621.29
17427,1737381600000,1101960.25
17428,1737385200000,1111862.46
17429,1737388800000,1105647.40999999
17430,1737392400000,1116160.78
17431,1737396000000,1095820.04
17432,1737399600000,1098979.61
17433,1737403200000,1108609.39999999
17434,1737406800000,1104617.51
17435,1737410400000,1096363.49
17436,1737414000000,1091495.40999999
17437,1737417600000,1087802.28
17438,1737421200000,1088748.84
17439,1737424800000,1091220.43
17440,1737428400000,1091475.27
17441,1737432000000,1098243.3
17442,1737435600000,1093641.39999999
17443,1737439200000,1093306.26
17444,1737442800000,1093710.42
17445,1737446400000,1094207.38999999
17446,1737450000000,1093498.55
17447,1737453600000,1096069.2
17448,1737457200000,1105746.47
17449,1737460800000,1108775.5
17450,1737464400000,1105624.43
17451,1737468000000,1107846.05
17452,1737471600000,1100436.45
17453,1737475200000,1102195.03
17454,1737478800000,1101603.0
17455,1737482400000,1109815.09
17456,1737486000000,1106902.1
17457,1737489600000,1105543.04
17458,1737493200000,1103322.42
17459,1737496800000,1104234.67
17460,1737500400000,1102301.27
17461,1737504000000,1099417.27
17462,1737507600000,1104579.38999999
17463,1737511200000,1099528.23
17464,1737514800000,1101675.6
17465,1737518400000,1102151.96
17466,1737522000000,1100860.0
17467,1737525600000,1102825.67
17468,1737529200000,1103983.46
17469,1737532800000,1090504.83
17470,1737536400000,1088611.93
17471,1737540000000,1086654.58
17472,1737543600000,1087575.42
17473,1737547200000,1096788.8
17474,1737550800000,1095416.09
17475,1737554400000,1091013.86
17476,1737558000000,1093384.23
17477,1737561600000,1097070.69
17478,1737565200000,1095220.07
17479,1737568800000,1097772.07
17480,1737572400000,1092085.96
17481,1737576000000,1090321.26
17482,1737579600000,1085336.53
17483,1737583200000,1084693.96
17484,1737586800000,1086258.58
17485,1737590400000,1082480.46
17486,1737594000000,1083668.6
17487,1737597600000,1079082.98
17488,1737601200000,1080475.55
17489,1737604800000,1077407.58
17490,1737608400000,1077914.54
17491,1737612000000,1077464.67
17492,1737615600000,1079955.84
17493,1737619200000,1079629.07
17494,1737622800000,1079308.51
17495,1737626400000,1073918.28
17496,1737630000000,1078809.28
17497,1737633600000,1081190.92
17498,1737637200000,1081277.68
17499,1737640800000,1088290.6
17500,1737644400000,1073784.82
17501,1737648000000,1062446.5
17502,1737651600000,1060167.08
17503,1737655200000,1065324.63999999
17504,1737658800000,1065058.61
17505,1737662400000,1059868.81
17506,1737666000000,1059047.3
17507,1737669600000,1062850.8
17508,1737673200000,1091892.05
17509,1737676800000,1114818.06
17510,1737680400000,1103010.62999999
17511,1737684000000,1106465.43
17512,1737687600000,1101550.93
17513,1737691200000,1096448.99
17514,1737694800000,1096838.55
17515,1737698400000,1108822.83
17516,1737702000000,1115085.15999999
17517,1737705600000,1120247.95
17518,1737709200000,1128192.17
17519,1737712800000,1129971.46
17520,1737716400000,1135365.38999999
17521,1737720000000,1136583.86
17522,1737723600000,1138958.34
17523,1737727200000,1141075.18
17524,1737730800000,1146589.35
17525,1737734400000,1139196.87
17526,1737738000000,1138165.64999999
17527,1737741600000,1144373.28
17528,1737745200000,1138288.11
17529,1737748800000,1133555.90999999
17530,1737752400000,1101567.89999999
17531,1737756000000,1096126.81
17532,1737759600000,1092130.64999999
17533,1737763200000,1085913.0
17534,1737766800000,1076585.48
17535,1737770400000,1073273.40999999
17536,1737774000000,1073658.35
17537,1737777600000,1085228.25
17538,1737781200000,1084393.25
17539,1737784800000,1078563.0
17540,1737788400000,1078646.81
17541,1737792000000,1078651.28
17542,1737795600000,1071834.75
17543,1737799200000,1068878.14999999
17544,1737802800000,1069764.56
17545,1737806400000,1075250.04
17546,1737810000000,1073314.07
17547,1737813600000,1073157.36
17548,1737817200000,1072363.53
17549,1737820800000,1077378.7
17550,1737824400000,1077372.68
17551,1737828000000,1077948.51
17552,1737831600000,1077546.96
17553,1737835200000,1074569.45
17554,1737838800000,1074679.7
17555,1737842400000,1071942.59
17556,1737846000000,1072229.33
17557,1737849600000,1064877.38999999
17558,1737853200000,1067393.76
17559,1737856800000,1067505.65999999
17560,1737860400000,1066212.51
17561,1737864000000,1064448.84
17562,1737867600000,1066703.05
17563,1737871200000,1067059.27
17564,1737874800000,1066197.97
17565,1737878400000,1063658.43
17566,1737882000000,1063150.32
17567,1737885600000,1063883.57
17568,1737889200000,1063145.77
17569,1737892800000,1064102.1
17570,1737896400000,1065584.47
17571,1737900000000,1066026.51
17572,1737903600000,1068194.11
17573,1737907200000,1070715.04
17574,1737910800000,1071468.05
17575,1737914400000,1071690.29
17576,1737918000000,1071588.51
17577,1737921600000,1071514.44
17578,1737925200000,1077304.38999999
17579,1737928800000,1066014.52
17580,1737932400000,1064192.45
17581,1737936000000,1069373.85
17582,1737939600000,1064977.05
17583,1737943200000,1070357.71
17584,1737946800000,1073257.14999999
17585,1737950400000,1078319.89999999
17586,1737954000000,1068510.17
17587,1737957600000,1063016.68
17588,1737961200000,1052660.04
17589,1737964800000,1044310.87
17590,1737968400000,1048367.53
17591,1737972000000,1050106.62999999
17592,1737975600000,1051515.8
17593,1737979200000,1050373.05
17594,1737982800000,1063614.40999999
17595,1737986400000,1053637.48
17596,1737990000000,1049204.89999999
17597,1737993600000,1048835.2
17598,1737997200000,1043968.41
17599,1738000800000,1044852.54
17600,1738004400000,1043131.5
17601,1738008000000,1043500.43
17602,1738011600000,1045530.14
17603,1738015200000,1039082.15
17604,1738018800000,1036866.65
17605,1738022400000,1038508.23
17606,1738026000000,1034343.83
17607,1738029600000,1033858.76
17608,1738033200000,1032056.67
17609,1738036800000,1037061.09
17610,1738040400000,1040109.87
17611,1738044000000,1039552.66
17612,1738047600000,1036128.71
17613,1738051200000,1033987.69
17614,1738054800000,1031893.44
17615,1738058400000,1031674.39
17616,1738062000000,1032274.3
17617,1738065600000,1030559.9
17618,1738069200000,1031337.03
17619,1738072800000,1032318.91
17620,1738076400000,1029927.79
17621,1738080000000,1029779.64
17622,1738083600000,1035015.81
17623,1738087200000,1044029.48
17624,1738090800000,1043067.68
17625,1738094400000,1043329.09
17626,1738098000000,1042586.57
17627,1738101600000,1052749.0
17628,1738105200000,1048884.3
17629,1738108800000,1044136.27
17630,1738112400000,1045061.92
17631,1738116000000,1048415.77
17632,1738119600000,1044884.45
17633,1738123200000,1040551.58
17634,1738126800000,1041219.48
17635,1738130400000,1041442.18
17636,1738134000000,1041299.6
17637,1738137600000,1039272.68
17638,1738141200000,1037888.21
17639,1738144800000,1037386.95
17640,1738148400000,1038549.34
17641,1738152000000,1039156.17
17642,1738155600000,1045705.39
17643,1738159200000,1047918.6
17644,1738162800000,1047454.35
17645,1738166400000,1044407.55
17646,1738170000000,1047013.04
17647,1738173600000,1047333.56
17648,1738177200000,1047224.59
17649,1738180800000,1063336.23
17650,1738184400000,1055926.5
17651,1738188000000,1051405.29
17652,1738191600000,1046194.59
17653,1738195200000,1044281.77
17654,1738198800000,1045443.82
17655,1738202400000,1040735.0
17656,1738206000000,1042577.49
17657,1738209600000,1060605.21
17658,1738213200000,1065848.32
17659,1738216800000,1065282.55
17660,1738220400000,1066466.53
17661,1738224000000,1067414.07
17662,1738227600000,1076202.19
17663,1738231200000,1080319.19
17664,1738234800000,1079668.42
17665,1738238400000,1081041.67
17666,1738242000000,1083211.83
17667,1738245600000,1094312.58
17668,1738249200000,1108177.77
17669,1738252800000,1103973.29
17670,1738256400000,1109840.04
17671,1738260000000,1115662.29
17672,1738263600000,1116584.54
17673,1738267200000,1116876.63999999
17674,1738270800000,1102481.72
17675,1738274400000,1102441.21
17676,1738278000000,1103822.18
17677,1738281600000,1102772.45
17678,1738285200000,1106737.7
17679,1738288800000,1111633.62
17680,1738292400000,1111132.6
17681,1738296000000,1103749.69
17682,1738299600000,1101211.51
17683,1738303200000,1100582.64999999
17684,1738306800000,1105517.73
17685,1738310400000,1105316.37
17686,1738314000000,1107079.63999999
17687,1738317600000,1118673.12999999
17688,1738321200000,1118919.03
17689,1738324800000,1160959.54
17690,1738328400000,1168594.87999999
17691,1738332000000,1172651.88999999
17692,1738335600000,1167468.53
17693,1738339200000,1177657.44
17694,1738342800000,1193480.51
17695,1738346400000,1197223.99
17696,1738350000000,1177121.87
17697,1738353600000,1183913.04
17698,1738357200000,1178521.52
17699,1738360800000,1168751.84
17700,1738364400000,1158578.62
17701,1738368000000,1160328.54
17702,1738371600000,1155151.26
17703,1738375200000,1150647.06
17704,1738378800000,1151661.12999999
17705,1738382400000,1150818.85
17706,1738386000000,1151310.27
17707,1738389600000,1152201.31
17708,1738393200000,1143654.08
17709,1738396800000,1143097.97
17710,1738400400000,1132802.12
17711,1738404000000,1126209.62999999
17712,1738407600000,1123085.06
17713,1738411200000,1125285.07
17714,1738414800000,1123727.69
17715,1738418400000,1123172.11
17716,1738422000000,1121659.68
17717,1738425600000,1129606.42
17718,1738429200000,1123369.62
17719,1738432800000,1125154.79
17720,1738436400000,1121375.15999999
17721,1738440000000,1100431.87999999
17722,1738443600000,1094145.02
17723,1738447200000,1091314.26
17724,1738450800000,1092541.95
17725,1738454400000,1096001.36
17726,1738458000000,1093751.21
17727,1738461600000,1093049.08
17728,1738465200000,1092904.22
17729,1738468800000,1080009.68
17730,1738472400000,1088184.58
17731,1738476000000,1095532.92
17732,1738479600000,1084414.72
17733,1738483200000,1094245.89999999
17734,1738486800000,1089689.64999999
17735,1738490400000,1094059.65999999
17736,1738494000000,1104606.27
17737,1738497600000,1100809.03
17738,1738501200000,1103099.01
17739,1738504800000,1102363.88999999
17740,1738508400000,1101701.01
17741,1738512000000,1101560.09
17742,1738515600000,1091081.56
17743,1738519200000,1091376.39999999
17744,1738522800000,1083679.83
17745,1738526400000,1085657.04
17746,1738530000000,1079612.33
17747,1738533600000,1075850.96
17748,1738537200000,1050906.22
17749,1738540800000,1061142.55
17750,1738544400000,1065475.52
17751,1738548000000,1026194.55
17752,1738551600000,1034824.21
17753,1738555200000,1025663.86
17754,1738558800000,1015522.53
17755,1738562400000,998464.4
17756,1738566000000,983964.02
17757,1738569600000,986243.72
17758,1738573200000,989801.0
17759,1738576800000,976646.49
17760,1738580400000,978932.73
17761,1738584000000,968310.42
17762,1738587600000,965362.7
17763,1738591200000,958525.51
17764,1738594800000,945594.89
17765,1738598400000,950403.79
17766,1738602000000,962769.05
17767,1738605600000,965147.85
17768,1738609200000,968218.08
17769,1738612800000,971089.49
17770,1738616400000,967139.37
17771,1738620000000,993791.77
17772,1738623600000,1004259.2
17773,1738627200000,991018.52
17774,1738630800000,983550.53
17775,1738634400000,981946.68
17776,1738638000000,980911.33
17777,1738641600000,984476.98
17778,1738645200000,984232.82
17779,1738648800000,970013.05
17780,1738652400000,986463.26
17781,1738656000000,990563.37
17782,1738659600000,985123.63
17783,1738663200000,976849.88
17784,1738666800000,971441.17
17785,1738670400000,972178.41
17786,1738674000000,971661.15
17787,1738677600000,986031.95
17788,1738681200000,991011.86
17789,1738684800000,996954.33
17790,1738688400000,1003819.66
17791,1738692000000,990328.23
17792,1738695600000,989381.48
17793,1738699200000,992301.72
17794,1738702800000,986970.18
17795,1738706400000,978620.05
17796,1738710000000,984494.47
17797,1738713600000,994732.34
17798,1738717200000,993242.26
17799,1738720800000,985625.74
17800,1738724400000,980594.14
17801,1738728000000,981741.06
17802,1738731600000,986227.11
17803,1738735200000,983006.88
17804,1738738800000,985521.87
17805,1738742400000,984163.42
17806,1738746000000,983945.62
17807,1738749600000,977219.69
17808,1738753200000,987819.4
17809,1738756800000,982723.68
17810,1738760400000,973243.71
17811,1738764000000,981819.2
17812,1738767600000,976483.82
17813,1738771200000,977768.19
17814,1738774800000,970796.09
17815,1738778400000,970794.34
17816,1738782000000,970964.94
17817,1738785600000,974145.14
17818,1738789200000,970852.19
17819,1738792800000,966937.68
17820,1738796400000,967024.49
17821,1738800000000,966675.79
17822,1738803600000,961691.52
17823,1738807200000,959207.0
17824,1738810800000,965726.71
17825,1738814400000,970882.88
17826,1738818000000,971563.91
17827,1738821600000,974719.83
17828,1738825200000,972174.91
17829,1738828800000,968712.34
17830,1738832400000,972520.66
17831,1738836000000,974052.07
17832,1738839600000,971748.14
17833,1738843200000,969542.86
17834,1738846800000,973049.26
17835,1738850400000,966642.85
17836,1738854000000,974140.4
17837,1738857600000,971314.76
17838,1738861200000,969347.5
17839,1738864800000,968797.17
17840,1738868400000,967395.42
17841,1738872000000,967126.69
17842,1738875600000,966082.22
17843,1738879200000,975940.21
17844,1738882800000,968150.64
17845,1738886400000,960719.19
17846,1738890000000,947735.23
17847,1738893600000,944062.88
17848,1738897200000,955764.46
17849,1738900800000,942145.9
17850,1738904400000,935063.54
17851,1738908000000,934436.5
17852,1738911600000,931923.6
17853,1738915200000,925211.52
17854,1738918800000,927384.16
17855,1738922400000,929723.2
17856,1738926000000,931262.42
17857,1738929600000,943476.09
17858,1738933200000,950958.43
17859,1738936800000,950105.77
17860,1738940400000,951905.05
17861,1738944000000,944952.53
17862,1738947600000,944904.88
17863,1738951200000,936268.98
17864,1738954800000,937485.23
17865,1738958400000,942087.89
17866,1738962000000,951797.66
17867,1738965600000,951038.14
17868,1738969200000,941663.69
17869,1738972800000,942808.1
17870,1738976400000,936848.11
17871,1738980000000,931325.22
17872,1738983600000,933579.99
17873,1738987200000,934234.88
17874,1738990800000,934723.54
17875,1738994400000,935123.72
17876,1738998000000,929535.94
17877,1739001600000,939990.22
17878,1739005200000,936119.17
17879,1739008800000,936359.05
17880,1739012400000,936790.59
17881,1739016000000,934281.62
17882,1739019600000,937318.65
17883,1739023200000,939467.16
17884,1739026800000,944375.42
17885,1739030400000,947310.62
17886,1739034000000,945058.92
17887,1739037600000,948678.41
17888,1739041200000,946057.63
17889,1739044800000,945557.04
17890,1739048400000,946773.82
17891,1739052000000,947048.81
17892,1739055600000,947061.44
17893,1739059200000,946738.26
17894,1739062800000,947059.27
17895,1739066400000,945658.41
17896,1739070000000,951650.17
17897,1739073600000,941421.85
17898,1739077200000,945962.86
17899,1739080800000,945103.32
17900,1739084400000,943417.42
17901,1739088000000,944829.45
17902,1739091600000,945652.56
17903,1739095200000,942934.54
17904,1739098800000,944449.78
17905,1739102400000,943836.17
17906,1739106000000,944357.38
17907,1739109600000,945369.94
17908,1739113200000,945727.03
17909,1739116800000,943539.18
17910,1739120400000,942556.1
17911,1739124000000,946736.83
17912,1739127600000,947284.04
17913,1739131200000,945208.98
17914,1739134800000,942068.32
17915,1739138400000,936862.48
17916,1739142000000,921378.75
17917,1739145600000,928679.64
17918,1739149200000,925591.86
17919,1739152800000,938649.5
17920,1739156400000,928063.85
17921,1739160000000,920101.19
17922,1739163600000,925828.17
17923,1739167200000,923027.92
17924,1739170800000,927697.42
17925,1739174400000,927937.69
17926,1739178000000,932592.85
17927,1739181600000,931908.47
17928,1739185200000,933043.28
17929,1739188800000,936831.06
17930,1739192400000,937972.14
17931,1739196000000,943800.18
17932,1739199600000,945509.21
17933,1739203200000,947804.85
17934,1739206800000,951102.21
17935,1739210400000,956441.29
17936,1739214000000,955518.48
17937,1739217600000,956209.57
17938,1739221200000,954714.92
17939,1739224800000,951069.83
17940,1739228400000,951278.21
17941,1739232000000,951655.62
17942,1739235600000,947963.25
17943,1739239200000,956945.51
17944,1739242800000,953850.05
17945,1739246400000,954907.41
17946,1739250000000,954868.56
17947,1739253600000,959170.78
17948,1739257200000,960166.45
17949,1739260800000,959452.04
17950,1739264400000,961510.9
17951,1739268000000,961916.33
17952,1739271600000,962300.02
17953,1739275200000,963804.49
17954,1739278800000,960710.35
17955,1739282400000,944049.58
17956,1739286000000,939451.21
17957,1739289600000,938092.78
17958,1739293200000,940663.67
17959,1739296800000,943317.69
17960,1739300400000,940025.65
17961,1739304000000,937991.35
17962,1739307600000,939056.15
17963,1739311200000,934484.12
17964,1739314800000,929400.94
17965,1739318400000,935821.12
17966,1739322000000,934996.94
17967,1739325600000,935622.34
17968,1739329200000,935870.0
17969,1739332800000,929289.18
17970,1739336400000,934778.18
17971,1739340000000,934671.47
17972,1739343600000,936238.86
17973,1739347200000,936701.2
17974,1739350800000,935874.95
17975,1739354400000,937459.2
17976,1739358000000,933305.56
17977,1739361600000,933729.29
17978,1739365200000,933299.07
17979,1739368800000,930710.39
17980,1739372400000,934077.1
17981,1739376000000,937865.72
17982,1739379600000,948474.03
17983,1739383200000,952332.79
17984,1739386800000,953318.67
17985,1739390400000,956262.71
17986,1739394000000,957716.23
17987,1739397600000,958082.7
17988,1739401200000,966924.23
17989,1739404800000,974951.61
17990,1739408400000,977649.14
17991,1739412000000,986133.17
17992,1739415600000,986347.28
17993,1739419200000,987231.07
17994,1739422800000,984462.73
17995,1739426400000,982943.63
17996,1739430000000,981393.19
17997,1739433600000,975705.72
17998,1739437200000,960585.25
17999,1739440800000,960265.26
18000,1739444400000,958731.82
18001,1739448000000,951729.22
18002,1739451600000,952660.7
18003,1739455200000,955058.61
18004,1739458800000,951434.55
18005,1739462400000,943009.24
18006,1739466000000,945219.99
18007,1739469600000,945990.09
18008,1739473200000,945212.51
18009,1739476800000,941275.03
18010,1739480400000,938383.55
18011,1739484000000,938566.14
18012,1739487600000,940870.02
18013,1739491200000,940391.72
18014,1739494800000,940569.12
18015,1739498400000,939563.28
18016,1739502000000,939672.5
18017,1739505600000,951290.45
18018,1739509200000,946405.28
18019,1739512800000,952000.83
18020,1739516400000,952499.96
18021,1739520000000,954197.87
18022,1739523600000,955156.76
18023,1739527200000,960473.29
18024,1739530800000,962242.47
18025,1739534400000,961317.66
18026,1739538000000,963912.32
18027,1739541600000,966878.38
18028,1739545200000,967324.51
18029,1739548800000,972613.77
18030,1739552400000,979460.9
18031,1739556000000,989662.31
18032,1739559600000,990198.42
18033,1739563200000,978215.7
18034,1739566800000,974951.18
18035,1739570400000,978368.25
18036,1739574000000,968820.74
18037,1739577600000,967753.32
18038,1739581200000,967814.16
18039,1739584800000,968229.67
18040,1739588400000,967615.66
18041,1739592000000,968841.24
18042,1739595600000,967131.45
18043,1739599200000,964777.54
18044,1739602800000,960304.49
18045,1739606400000,956521.95
18046,1739610000000,957270.67
18047,1739613600000,955949.7
18048,1739617200000,955561.3
18049,1739620800000,958448.27
18050,1739624400000,958433.92
18051,1739628000000,961616.42
18052,1739631600000,952296.62
18053,1739635200000,948177.81
18054,1739638800000,944884.49
18055,1739642400000,942530.91
18056,1739646000000,940166.53
18057,1739649600000,939543.46
18058,1739653200000,939809.57
18059,1739656800000,937144.23
18060,1739660400000,935301.26
18061,1739664000000,935359.79
18062,1739667600000,932812.92
18063,1739671200000,933073.46
18064,1739674800000,931479.12
18065,1739678400000,930944.89
18066,1739682000000,932172.05
18067,1739685600000,927026.4
18068,1739689200000,926853.14
18069,1739692800000,925261.7
18070,1739696400000,924511.0
18071,1739700000000,923394.55
18072,1739703600000,925911.7
18073,1739707200000,928286.23
18074,1739710800000,930548.76
18075,1739714400000,928935.51
18076,1739718000000,925637.93
18077,1739721600000,927220.24
18078,1739725200000,926806.12
18079,1739728800000,927304.54
18080,1739732400000,919196.41
18081,1739736000000,921368.11
18082,1739739600000,925214.07
18083,1739743200000,922720.05
18084,1739746800000,921583.53
18085,1739750400000,931648.38
18086,1739754000000,925142.18
18087,1739757600000,924685.86
18088,1739761200000,925379.79
18089,1739764800000,925067.82
18090,1739768400000,923870.48
18091,1739772000000,922781.09
18092,1739775600000,926794.19
18093,1739779200000,923023.2
18094,1739782800000,939805.82
18095,1739786400000,959259.23
18096,1739790000000,985279.42
18097,1739793600000,997299.18
18098,1739797200000,999814.23
18099,1739800800000,1010743.27
18100,1739804400000,1028207.09
18101,1739808000000,1016535.27
18102,1739811600000,1002377.27
18103,1739815200000,993625.29
18104,1739818800000,963257.85
18105,1739822400000,954868.33
18106,1739826000000,950639.74
18107,1739829600000,962646.55
18108,1739833200000,957052.72
18109,1739836800000,958453.46
18110,1739840400000,953261.75
18111,1739844000000,953819.66
18112,1739847600000,952854.62
18113,1739851200000,963931.9
18114,1739854800000,962971.78
18115,1739858400000,955622.53
18116,1739862000000,944479.71
18117,1739865600000,938513.77
18118,1739869200000,935751.42
18119,1739872800000,940426.49
18120,1739876400000,941616.89
18121,1739880000000,939075.67
18122,1739883600000,944577.73
18123,1739887200000,945894.05
18124,1739890800000,956682.01
18125,1739894400000,947191.33
18126,1739898000000,936021.45
18127,1739901600000,926691.17
18128,1739905200000,939638.56
18129,1739908800000,945981.3
18130,1739912400000,949433.8
18131,1739916000000,950018.32
18132,1739919600000,953823.53
18133,1739923200000,955015.49
18134,1739926800000,953211.27
18135,1739930400000,952051.15
18136,1739934000000,948866.01
18137,1739937600000,952557.09
18138,1739941200000,942294.87
18139,1739944800000,943312.43
18140,1739948400000,957869.38
18141,1739952000000,963691.0
18142,1739955600000,962990.37
18143,1739959200000,965085.71
18144,1739962800000,964173.62
18145,1739966400000,962964.35
18146,1739970000000,964535.92
18147,1739973600000,964114.95
18148,1739977200000,957523.73
18149,1739980800000,956973.29
18150,1739984400000,952024.29
18151,1739988000000,953238.09
18152,1739991600000,950217.01
18153,1739995200000,950989.66
18154,1739998800000,953005.57
18155,1740002400000,948891.38
18156,1740006000000,952425.28
18157,1740009600000,954311.76
18158,1740013200000,956063.23
18159,1740016800000,956854.45
18160,1740020400000,956857.6
18161,1740024000000,960906.71
18162,1740027600000,964689.56
18163,1740031200000,968757.58
18164,1740034800000,966762.7
18165,1740038400000,970349.49
18166,1740042000000,968506.91
18167,1740045600000,968066.83
18168,1740049200000,979538.61
18169,1740052800000,981054.64
18170,1740056400000,980924.91
18171,1740060000000,982391.02
18172,1740063600000,968443.9
18173,1740067200000,965044.93
18174,1740070800000,959042.56
18175,1740074400000,959563.0
18176,1740078000000,958736.16
18177,1740081600000,964309.74
18178,1740085200000,962957.35
18179,1740088800000,960606.61
18180,1740092400000,960018.73
18181,1740096000000,954515.42
18182,1740099600000,953115.14
18183,1740103200000,951727.34
18184,1740106800000,954153.21
18185,1740110400000,961499.76
18186,1740114000000,963933.5
18187,1740117600000,965869.17
18188,1740121200000,965635.63
18189,1740124800000,966100.15
18190,1740128400000,977540.83
18191,1740132000000,980172.65
18192,1740135600000,993033.6
18193,1740139200000,998595.49
18194,1740142800000,996983.86
18195,1740146400000,999953.03
18196,1740150000000,997872.7
18197,1740153600000,938172.86
18198,1740157200000,879073.93
18199,1740160800000,867316.99
18200,1740164400000,868771.02
18201,1740168000000,836111.85
18202,1740171600000,830442.42
18203,1740175200000,827904.02
18204,1740178800000,831119.82
18205,1740182400000,832517.63
18206,1740186000000,833618.18
18207,1740189600000,841792.53
18208,1740193200000,836468.07
18209,1740196800000,833677.25
18210,1740200400000,835788.31
18211,1740204000000,832081.5
18212,1740207600000,830241.33
18213,1740211200000,826625.76
18214,1740214800000,826920.04
18215,1740218400000,826591.18
18216,1740222000000,819221.32
18217,1740225600000,820746.95
18218,1740229200000,832647.42
18219,1740232800000,833937.93
18220,1740236400000,833309.83
18221,1740240000000,833780.59
18222,1740243600000,823037.66
18223,1740247200000,832016.34
18224,1740250800000,828849.16
18225,1740254400000,827685.53
18226,1740258000000,830931.52
18227,1740261600000,831321.27
18228,1740265200000,831180.92
18229,1740268800000,832428.99
18230,1740272400000,832080.06
18231,1740276000000,832948.11
18232,1740279600000,831669.48
18233,1740283200000,826923.38
18234,1740286800000,827237.65
18235,1740290400000,830075.35
18236,1740294000000,832816.03
18237,1740297600000,842387.11
18238,1740301200000,849454.59
18239,1740304800000,854895.9
18240,1740308400000,858420.77
18241,1740312000000,858778.64
18242,1740315600000,860773.68
18243,1740319200000,860937.99
18244,1740322800000,862104.99
18245,1740326400000,862025.43
18246,1740330000000,863449.6
18247,1740333600000,867689.07
18248,1740337200000,867918.42
18249,1740340800000,867549.23
18250,1740344400000,864842.42
18251,1740348000000,866900.42
18252,1740351600000,860359.49
18253,1740355200000,853854.68
18254,1740358800000,851272.51
18255,1740362400000,849084.52
18256,1740366000000,842468.62
18257,1740369600000,816703.16
18258,1740373200000,805042.23
18259,1740376800000,806674.44
18260,1740380400000,806186.46
18261,1740384000000,801725.8
18262,1740387600000,787683.74
18263,1740391200000,786271.15
18264,1740394800000,786587.06
18265,1740398400000,788222.58
18266,1740402000000,789535.89
18267,1740405600000,791779.74
18268,1740409200000,798214.06
18269,1740412800000,802302.7
18270,1740416400000,804022.23
18271,1740420000000,806772.0
18272,1740423600000,803513.33
18273,1740427200000,807576.97
18274,1740430800000,803052.33
18275,1740434400000,803544.79
18276,1740438000000,788668.06
18277,1740441600000,775539.32
18278,1740445200000,768257.71
18279,1740448800000,784623.63
18280,1740452400000,777049.9
18281,1740456000000,771492.56
18282,1740459600000,759538.99
18283,1740463200000,753889.86
18284,1740466800000,756158.93
18285,1740470400000,726947.36
18286,1740474000000,729860.81
18287,1740477600000,724451.71
18288,1740481200000,725210.9
18289,1740484800000,749774.32
18290,1740488400000,741310.94
18291,1740492000000,743863.65
18292,1740495600000,745123.44
18293,1740499200000,744977.18
18294,1740502800000,753968.2
18295,1740506400000,758666.29
18296,1740510000000,758128.1
18297,1740513600000,748446.32
18298,1740517200000,731509.79
18299,1740520800000,746521.43
18300,1740524400000,739505.97
18301,1740528000000,740609.62
18302,1740531600000,733461.02
18303,1740535200000,734869.91
18304,1740538800000,736347.7
18305,1740542400000,737839.28
18306,1740546000000,740091.42
18307,1740549600000,741607.21
18308,1740553200000,743312.89
18309,1740556800000,740734.68
18310,1740560400000,738852.48
18311,1740564000000,745342.19
18312,1740567600000,743542.78
18313,1740571200000,742643.99
18314,1740574800000,745119.71
18315,1740578400000,748167.22
18316,1740582000000,746751.83
18317,1740585600000,755844.53
18318,1740589200000,748737.43
18319,1740592800000,747254.27
18320,1740596400000,748783.6
18321,1740600000000,761165.82
18322,1740603600000,742984.12
18323,1740607200000,745922.78
18324,1740610800000,745581.85
18325,1740614400000,737662.93
18326,1740618000000,735511.04
18327,1740621600000,742240.77
18328,1740625200000,742122.4
18329,1740628800000,741109.27
18330,1740632400000,742722.22
18331,1740636000000,745530.49
18332,1740639600000,740849.6
18333,1740643200000,761750.03
18334,1740646800000,751999.04
18335,1740650400000,749454.45
18336,1740654000000,744950.3
18337,1740657600000,729895.61
18338,1740661200000,731726.86
18339,1740664800000,732222.85
18340,1740668400000,734446.51
18341,1740672000000,742255.86
18342,1740675600000,736903.46
18343,1740679200000,733810.12
18344,1740682800000,726637.19
18345,1740686400000,731092.94
18346,1740690000000,730777.95
18347,1740693600000,732228.66
18348,1740697200000,726516.44
18349,1740700800000,732510.87
18350,1740704400000,729428.47
18351,1740708000000,722890.38
18352,1740711600000,700713.57999999
18353,1740715200000,696890.43999999
18354,1740718800000,696307.25
18355,1740722400000,692045.19999999
18356,1740726000000,684266.15
18357,1740729600000,675547.57999999
18358,1740733200000,669529.53
18359,1740736800000,669447.6
18360,1740740400000,669564.93999999
18361,1740744000000,672921.35
18362,1740747600000,677599.65
18363,1740751200000,673407.51
18364,1740754800000,669620.34
18365,1740758400000,661871.05
18366,1740762000000,652375.41
18367,1740765600000,649467.52
18368,1740769200000,646727.15
18369,1740772800000,647165.43
18370,1740776400000,642867.57999999
18371,1740780000000,642147.5
18372,1740783600000,641770.06
18373,1740787200000,643108.66
18374,1740790800000,642350.62
18375,1740794400000,642718.29
18376,1740798000000,646029.56
18377,1740801600000,645304.77
18378,1740805200000,647123.03
18379,1740808800000,666339.28
18380,1740812400000,665424.49
18381,1740816000000,665229.54
18382,1740819600000,669462.19999999
18383,1740823200000,667251.89
18384,1740826800000,661410.06
18385,1740830400000,657861.31999999
18386,1740834000000,663943.91
18387,1740837600000,669829.63
18388,1740841200000,676527.5
18389,1740844800000,678724.27
18390,1740848400000,681459.5
18391,1740852000000,685250.5
18392,1740855600000,675158.53
18393,1740859200000,664902.59
18394,1740862800000,664412.0
18395,1740866400000,662891.61
18396,1740870000000,656317.07999999
18397,1740873600000,658043.19999999
18398,1740877200000,658721.59
18399,1740880800000,662635.18999999
18400,1740884400000,662937.53
18401,1740888000000,664626.56999999
18402,1740891600000,679086.62
18403,1740895200000,679046.03
18404,1740898800000,681012.72
18405,1740902400000,677999.8
18406,1740906000000,669108.71
18407,1740909600000,673988.79
18408,1740913200000,678014.94999999
18409,1740916800000,678872.4
18410,1740920400000,678518.55
18411,1740924000000,672815.48
18412,1740927600000,677707.05
18413,1740931200000,690458.35
18414,1740934800000,739077.08
18415,1740938400000,734509.52
18416,1740942000000,730660.44
18417,1740945600000,735167.32
18418,1740949200000,741814.48
18419,1740952800000,749564.64
18420,1740956400000,753665.44
18421,1740960000000,743328.34
18422,1740963600000,741324.06
18423,1740967200000,748718.34
18424,1740970800000,742816.37
18425,1740974400000,744861.87
18426,1740978000000,746942.49
18427,1740981600000,747331.75
18428,1740985200000,740133.32
18429,1740988800000,724072.51
18430,1740992400000,715167.72
18431,1740996000000,712925.39
18432,1740999600000,721065.73
18433,1741003200000,721753.35
18434,1741006800000,727061.4
18435,1741010400000,730200.34
18436,1741014000000,727822.79
18437,1741017600000,732964.77
18438,1741021200000,742693.43
18439,1741024800000,749459.13
18440,1741028400000,754043.17
18441,1741032000000,741639.64
18442,1741035600000,739527.88
18443,1741039200000,739612.74
18444,1741042800000,742698.19
18445,1741046400000,742307.61
18446,1741050000000,751698.9
18447,1741053600000,743416.37
18448,1741057200000,744138.7
18449,1741060800000,754275.23
18450,1741064400000,761028.13
18451,1741068000000,773485.61
18452,1741071600000,762488.3
18453,1741075200000,768920.37
18454,1741078800000,768997.61
18455,1741082400000,769463.01
18456,1741086000000,766511.86
18457,1741089600000,768320.95
18458,1741093200000,760245.08
18459,1741096800000,762562.64
18460,1741100400000,752044.55
18461,1741104000000,747276.92
18462,1741107600000,750286.49
18463,1741111200000,739515.24
18464,1741114800000,724097.41
18465,1741118400000,732456.28
18466,1741122000000,729838.49
18467,1741125600000,729475.96
18468,1741129200000,729749.19
18469,1741132800000,734014.85
18470,1741136400000,736176.24
18471,1741140000000,740692.69
18472,1741143600000,738550.29
18473,1741147200000,736666.8
18474,1741150800000,736552.84
18475,1741154400000,739808.84
18476,1741158000000,745652.27
18477,1741161600000,744678.33
18478,1741165200000,750546.42
18479,1741168800000,754434.62
18480,1741172400000,758906.94
18481,1741176000000,757161.19
18482,1741179600000,759729.67
18483,1741183200000,760874.98
18484,1741186800000,766285.91
18485,1741190400000,766393.02
18486,1741194000000,767479.9
18487,1741197600000,769297.4
18488,1741201200000,767876.32
18489,1741204800000,765515.01
18490,1741208400000,770415.66
18491,1741212000000,765316.92
18492,1741215600000,779325.77
18493,1741219200000,781903.86
18494,1741222800000,781984.72
18495,1741226400000,779827.31
18496,1741230000000,786551.89
18497,1741233600000,788800.13
18498,1741237200000,789173.44
18499,1741240800000,800755.92
18500,1741244400000,801119.15
18501,1741248000000,799468.78
18502,1741251600000,803350.14
18503,1741255200000,799168.27
18504,1741258800000,806603.44
18505,1741262400000,802951.78
18506,1741266000000,796386.65
18507,1741269600000,795699.21
18508,1741273200000,791498.85
18509,1741276800000,782264.39
18510,1741280400000,778871.77
18511,1741284000000,766491.25
18512,1741287600000,760551.23
18513,1741291200000,756032.25
18514,1741294800000,755657.48
18515,1741298400000,758440.9
18516,1741302000000,752192.37
18517,1741305600000,753186.15
18518,1741309200000,747729.02
18519,1741312800000,742444.25
18520,1741316400000,751864.88
18521,1741320000000,746647.54
18522,1741323600000,745073.76
18523,1741327200000,741765.48
18524,1741330800000,741001.22
18525,1741334400000,743239.39
18526,1741338000000,742712.01
18527,1741341600000,746101.45
18528,1741345200000,747376.64
18529,1741348800000,747112.75
18530,1741352400000,745212.31
18531,1741356000000,742345.42
18532,1741359600000,741415.3
18533,1741363200000,744896.13
18534,1741366800000,743825.93
18535,1741370400000,746871.63
18536,1741374000000,750618.91
18537,1741377600000,751246.28
18538,1741381200000,750413.92
18539,1741384800000,758842.09
18540,1741388400000,756496.84
18541,1741392000000,758650.88
18542,1741395600000,753752.73
18543,1741399200000,757270.39
18544,1741402800000,755719.94
18545,1741406400000,758509.88
18546,1741410000000,758563.28
18547,1741413600000,756447.75
18548,1741417200000,754931.12
18549,1741420800000,755474.48
18550,1741424400000,755445.43
18551,1741428000000,757449.75
18552,1741431600000,757331.66
18553,1741435200000,754987.68
18554,1741438800000,751912.57
18555,1741442400000,763624.42
18556,1741446000000,760530.02
18557,1741449600000,759528.4
18558,1741453200000,760254.88
18559,1741456800000,764539.98
18560,1741460400000,767455.64
18561,1741464000000,770526.79
18562,1741467600000,770596.84
18563,1741471200000,769451.99
18564,1741474800000,763077.93
18565,1741478400000,757482.86
18566,1741482000000,757147.61
18567,1741485600000,754973.41
18568,1741489200000,750827.43
18569,1741492800000,749789.3
18570,1741496400000,750591.32
18571,1741500000000,751500.65
18572,1741503600000,752730.46
18573,1741507200000,752483.72
18574,1741510800000,751664.29
18575,1741514400000,752556.88
18576,1741518000000,748766.45
18577,1741521600000,750217.14
18578,1741525200000,752171.03
18579,1741528800000,751608.28
18580,1741532400000,751286.23
18581,1741536000000,754475.04
18582,1741539600000,758284.56
18583,1741543200000,755950.88
18584,1741546800000,760656.41
18585,1741550400000,760433.21
18586,1741554000000,763819.05
18587,1741557600000,758919.27
18588,1741561200000,757997.38
18589,1741564800000,757930.54
18590,1741568400000,755902.81
18591,1741572000000,750200.84
18592,1741575600000,735105.4
18593,1741579200000,729297.52
18594,1741582800000,729428.11
18595,1741586400000,732048.46
18596,1741590000000,729714.32
18597,1741593600000,729711.43
18598,1741597200000,726492.33
18599,1741600800000,713456.31
18600,1741604400000,721350.49
18601,1741608000000,709294.67
18602,1741611600000,707268.51
18603,1741615200000,707837.29
18604,1741618800000,730373.68
18605,1741622400000,732354.38
18606,1741626000000,751473.3
18607,1741629600000,717986.89
18608,1741633200000,741147.57
18609,1741636800000,740561.89
18610,1741640400000,745702.52
18611,1741644000000,728516.06
18612,1741647600000,729321.94
18613,1741651200000,737995.96
18614,1741654800000,720342.02
18615,1741658400000,724314.44
18616,1741662000000,706669.31
18617,1741665600000,706533.46
18618,1741669200000,706114.76
18619,1741672800000,713774.34
18620,1741676400000,715131.74
18621,1741680000000,712319.82
18622,1741683600000,717696.19
18623,1741687200000,714599.24
18624,1741690800000,716072.1
18625,1741694400000,721186.34
18626,1741698000000,736123.66
18627,1741701600000,728359.73
18628,1741705200000,729869.68
18629,1741708800000,739487.83
18630,1741712400000,741755.52
18631,1741716000000,734272.86
18632,1741719600000,736601.44
18633,1741723200000,749347.41
18634,1741726800000,746259.35
18635,1741730400000,742821.28
18636,1741734000000,742471.85
18637,1741737600000,738671.61
18638,1741741200000,736797.65
18639,1741744800000,734127.03
18640,1741748400000,733490.95
18641,1741752000000,731657.12
18642,1741755600000,733203.14
18643,1741759200000,732321.36
18644,1741762800000,734419.91
18645,1741766400000,750231.32
18646,1741770000000,743587.87
18647,1741773600000,734592.58
18648,1741777200000,730744.67
18649,1741780800000,712580.13
18650,1741784400000,719722.23
18651,1741788000000,725741.26
18652,1741791600000,735741.07
18653,1741795200000,741534.55
18654,1741798800000,724186.81
18655,1741802400000,727332.33
18656,1741806000000,727039.55
18657,1741809600000,741614.97
18658,1741813200000,742902.39
18659,1741816800000,733826.68
18660,1741820400000,722029.63
18661,1741824000000,719172.53
18662,1741827600000,718306.86
18663,1741831200000,725120.7
18664,1741834800000,725266.15
18665,1741838400000,726467.4
18666,1741842000000,725517.25
18667,1741845600000,721787.45
18668,1741849200000,730866.7
18669,1741852800000,723773.04
18670,1741856400000,722084.13
18671,1741860000000,725174.68
18672,1741863600000,721887.1
18673,1741867200000,725389.6
18674,1741870800000,725314.37
18675,1741874400000,727983.84
18676,1741878000000,724416.75
18677,1741881600000,738456.26
18678,1741885200000,747555.05
18679,1741888800000,744340.98
18680,1741892400000,729710.78
18681,1741896000000,727669.19
18682,1741899600000,722943.84
18683,1741903200000,717040.14
18684,1741906800000,711614.87
18685,1741910400000,709880.51
18686,1741914000000,706572.34
18687,1741917600000,703794.21
18688,1741921200000,699961.99
18689,1741924800000,700717.56999999
18690,1741928400000,705637.54
18691,1741932000000,708293.53
18692,1741935600000,710164.18
18693,1741939200000,717381.42
18694,1741942800000,719148.65
18695,1741946400000,720979.9
18696,1741950000000,726703.85
18697,1741953600000,724305.74
18698,1741957200000,725174.66
18699,1741960800000,735616.53
18700,1741964400000,748787.88
18701,1741968000000,767271.91
18702,1741971600000,761650.99
18703,1741975200000,760684.84
18704,1741978800000,762304.24
18705,1741982400000,763267.26
18706,1741986000000,762400.52
18707,1741989600000,758813.74
18708,1741993200000,754406.24
18709,1741996800000,756602.19
18710,1742000400000,756531.23
18711,1742004000000,752411.92
18712,1742007600000,752484.59
18713,1742011200000,751609.67
18714,1742014800000,745128.6
18715,1742018400000,744199.73
18716,1742022000000,744203.68
18717,1742025600000,740294.85
18718,1742029200000,739433.48
18719,1742032800000,740365.73
18720,1742036400000,743639.69
18721,1742040000000,749451.63
18722,1742043600000,751040.07
18723,1742047200000,754034.42
18724,1742050800000,753209.64
18725,1742054400000,757363.04
18726,1742058000000,761346.35
18727,1742061600000,767486.04
18728,1742065200000,765729.6
18729,1742068800000,765188.44
18730,1742072400000,772026.61
18731,1742076000000,777489.54
18732,1742079600000,778046.65
18733,1742083200000,774681.4
18734,1742086800000,772300.98
18735,1742090400000,771018.87
18736,1742094000000,764519.94
18737,1742097600000,766030.81
18738,1742101200000,762311.74
18739,1742104800000,761180.53
18740,1742108400000,759779.97
18741,1742112000000,757226.65
18742,1742115600000,756480.71
18743,1742119200000,749177.75
18744,1742122800000,750924.03
18745,1742126400000,739414.83
18746,1742130000000,738594.84
18747,1742133600000,736323.38
18748,1742137200000,739001.08
18749,1742140800000,738472.82
18750,1742144400000,728665.03
18751,1742148000000,732409.06
18752,1742151600000,733079.39
18753,1742155200000,726743.73
18754,1742158800000,722550.07
18755,1742162400000,721338.91
18756,1742166000000,722095.52
18757,1742169600000,725586.96
18758,1742173200000,724539.59
18759,1742176800000,726280.32
18760,1742180400000,724306.85
18761,1742184000000,723868.86
18762,1742187600000,723633.82
18763,1742191200000,728698.06
18764,1742194800000,726571.12
18765,1742198400000,728776.82
18766,1742202000000,730545.64
18767,1742205600000,728187.19
18768,1742209200000,730370.34
18769,1742212800000,732609.36
18770,1742216400000,719063.1
18771,1742220000000,722591.69
18772,1742223600000,720772.77
18773,1742227200000,727350.02
18774,1742230800000,724097.55
18775,1742234400000,733522.04
18776,1742238000000,736935.78
18777,1742241600000,746512.01
18778,1742245200000,754194.69
18779,1742248800000,747916.36
18780,1742252400000,747293.34
18781,1742256000000,744506.82
18782,1742259600000,741394.18
18783,1742263200000,740460.21
18784,1742266800000,739256.19
18785,1742270400000,739067.91
18786,1742274000000,740934.27
18787,1742277600000,740523.0
18788,1742281200000,735109.9
18789,1742284800000,736130.41
18790,1742288400000,740827.2
18791,1742292000000,739881.02
18792,1742295600000,744054.19
18793,1742299200000,746246.67
18794,1742302800000,746578.42
18795,1742306400000,747591.26
18796,1742310000000,754768.93
18797,1742313600000,751470.84
18798,1742317200000,745629.38
18799,1742320800000,747378.15
18800,1742324400000,743019.01
18801,1742328000000,738410.01
18802,1742331600000,735955.25
18803,1742335200000,737768.97
18804,1742338800000,735520.55
18805,1742342400000,727297.62
18806,1742346000000,724128.09
18807,1742349600000,727525.11
18808,1742353200000,729802.58
18809,1742356800000,734636.2
18810,1742360400000,736069.03
18811,1742364000000,739737.86
18812,1742367600000,743630.38
18813,1742371200000,747818.94
18814,1742374800000,748310.25
18815,1742378400000,749599.57
18816,1742382000000,752142.22
18817,1742385600000,771930.36
18818,1742389200000,779462.0
18819,1742392800000,787554.35
18820,1742396400000,789465.28
18821,1742400000000,785517.84
18822,1742403600000,785007.63
18823,1742407200000,785514.84
18824,1742410800000,772538.65
18825,1742414400000,771188.43
18826,1742418000000,773675.36
18827,1742421600000,777009.52
18828,1742425200000,779710.92
18829,1742428800000,776275.36
18830,1742432400000,776301.57
18831,1742436000000,774504.28
18832,1742439600000,774224.31
18833,1742443200000,776181.54
18834,1742446800000,777030.21
18835,1742450400000,778542.0
18836,1742454000000,770528.78
18837,1742457600000,766047.34
18838,1742461200000,766735.75
18839,1742464800000,762523.1
18840,1742468400000,747233.73
18841,1742472000000,743216.69
18842,1742475600000,745876.1
18843,1742479200000,742634.26
18844,1742482800000,742661.04
18845,1742486400000,730005.35
18846,1742490000000,728658.7
18847,1742493600000,726974.16
18848,1742497200000,723691.83
18849,1742500800000,725923.12
18850,1742504400000,722309.28
18851,1742508000000,719568.44
18852,1742511600000,718768.09
18853,1742515200000,722017.37
18854,1742518800000,724066.55
18855,1742522400000,725152.97
18856,1742526000000,724288.75
18857,1742529600000,720397.39
18858,1742533200000,719027.61
18859,1742536800000,716008.72
18860,1742540400000,718524.26
18861,1742544000000,719546.23
18862,1742547600000,717069.45
18863,1742551200000,720564.27
18864,1742554800000,725443.8
18865,1742558400000,727281.62
18866,1742562000000,720210.0
18867,1742565600000,728729.77
18868,1742569200000,727152.07
18869,1742572800000,728639.91
18870,1742576400000,726615.4
18871,1742580000000,727044.61
18872,1742583600000,725370.37
18873,1742587200000,720647.38
18874,1742590800000,718045.64
18875,1742594400000,715222.78
18876,1742598000000,717653.8
18877,1742601600000,717293.74
18878,1742605200000,714236.29
18879,1742608800000,710015.64
18880,1742612400000,710068.43
18881,1742616000000,711267.66
18882,1742619600000,712762.82
18883,1742623200000,712129.04
18884,1742626800000,714116.21
18885,1742630400000,712841.89
18886,1742634000000,714722.86
18887,1742637600000,718431.33
18888,1742641200000,723883.33
18889,1742644800000,721368.95
18890,1742648400000,724392.06
18891,1742652000000,723381.97
18892,1742655600000,729052.22
18893,1742659200000,728460.88
18894,1742662800000,730285.93
18895,1742666400000,726802.48
18896,1742670000000,723852.52
18897,1742673600000,727065.4
18898,1742677200000,727160.2
18899,1742680800000,725943.62
18900,1742684400000,727601.53
18901,1742688000000,724223.81
18902,1742691600000,723414.13
18903,1742695200000,723552.09
18904,1742698800000,726268.95
18905,1742702400000,730678.21
18906,1742706000000,733789.68
18907,1742709600000,732280.23
18908,1742713200000,734618.03
18909,1742716800000,730339.74
18910,1742720400000,734726.55
18911,1742724000000,739603.79
18912,1742727600000,740842.22
18913,1742731200000,748622.69
18914,1742734800000,753953.56
18915,1742738400000,755040.65
18916,1742742000000,752145.86
18917,1742745600000,755846.99
18918,1742749200000,752688.71
18919,1742752800000,746683.24
18920,1742756400000,747259.83
18921,1742760000000,746269.43
18922,1742763600000,744036.92
18923,1742767200000,742298.58
18924,1742770800000,735658.22
18925,1742774400000,732161.88
18926,1742778000000,726668.33
18927,1742781600000,726552.7
18928,1742785200000,727229.35
18929,1742788800000,724147.58
18930,1742792400000,731614.32
18931,1742796000000,735546.77
18932,1742799600000,741221.7
18933,1742803200000,757480.81
18934,1742806800000,761909.75
18935,1742810400000,770044.77
18936,1742814000000,775762.26
18937,1742817600000,789276.12
18938,1742821200000,796170.11
18939,1742824800000,799309.1
18940,1742828400000,802061.46
18941,1742832000000,802984.97
18942,1742835600000,798078.0
18943,1742839200000,804817.33
18944,1742842800000,805428.71
18945,1742846400000,801017.24
18946,1742850000000,800067.52
18947,1742853600000,800440.97
18948,1742857200000,803825.57
18949,1742860800000,793975.99
18950,1742864400000,797208.37
18951,1742868000000,771418.56
18952,1742871600000,768663.01
18953,1742875200000,765948.33
18954,1742878800000,758028.81
18955,1742882400000,753193.39
18956,1742886000000,749058.45
18957,1742889600000,744200.89
18958,1742893200000,753474.46
18959,1742896800000,750752.84
18960,1742900400000,749994.28
18961,1742904000000,749488.98
18962,1742907600000,757143.06
18963,1742911200000,751395.5
18964,1742914800000,757396.27
18965,1742918400000,763846.27
18966,1742922000000,763305.43
18967,1742925600000,769062.06
18968,1742929200000,763021.84
18969,1742932800000,761314.54
18970,1742936400000,758648.7
18971,1742940000000,762386.19
18972,1742943600000,764401.52
18973,1742947200000,762629.93
18974,1742950800000,758567.94
18975,1742954400000,760241.45
18976,1742958000000,760933.87
18977,1742961600000,758839.52
18978,1742965200000,756832.83
18979,1742968800000,755247.39
18980,1742972400000,756405.03
18981,1742976000000,756376.26
18982,1742979600000,756851.75
18983,1742983200000,761807.39
18984,1742986800000,760757.17
18985,1742990400000,766619.95
18986,1742994000000,767749.04
18987,1742997600000,796783.06
18988,1743001200000,817876.83
18989,1743004800000,831557.49
18990,1743008400000,840581.99
18991,1743012000000,843046.17
18992,1743015600000,836048.18
18993,1743019200000,818221.29
18994,1743022800000,810487.96
18995,1743026400000,802102.37
18996,1743030000000,800532.42
18997,1743033600000,797578.15
18998,1743037200000,787797.03
18999,1743040800000,786821.03
19000,1743044400000,787141.86
19001,1743048000000,786222.84
19002,1743051600000,785648.9
19003,1743055200000,785572.17
19004,1743058800000,787680.66
19005,1743062400000,785666.71
19006,1743066000000,785154.42
19007,1743069600000,777207.38
19008,1743073200000,770063.59
19009,1743076800000,767304.76
19010,1743080400000,768906.83
19011,1743084000000,784270.31
19012,1743087600000,794689.54
19013,1743091200000,796479.36
19014,1743094800000,801196.62
19015,1743098400000,800391.49
19016,1743102000000,797423.94
19017,1743105600000,803356.56
19018,1743109200000,803350.6
19019,1743112800000,802789.59
19020,1743116400000,802312.89
19021,1743120000000,808807.41
19022,1743123600000,814781.56
19023,1743127200000,819188.22
19024,1743130800000,815077.59
19025,1743134400000,821224.18
19026,1743138000000,802840.94
19027,1743141600000,825384.15
19028,1743145200000,810728.06
19029,1743148800000,797794.02
19030,1743152400000,808319.78
19031,1743156000000,810825.13
19032,1743159600000,810443.27
19033,1743163200000,792010.65
19034,1743166800000,798426.5
19035,1743170400000,793635.78
19036,1743174000000,795953.35
19037,1743177600000,808683.55
19038,1743181200000,809313.47
19039,1743184800000,815394.41
19040,1743188400000,817022.19
19041,1743192000000,816820.54
19042,1743195600000,814670.45
19043,1743199200000,812710.21
19044,1743202800000,808581.46
19045,1743206400000,808949.88
19046,1743210000000,806178.2
19047,1743213600000,801606.26
19048,1743217200000,796832.09
19049,1743220800000,794191.61
19050,1743224400000,793130.59
19051,1743228000000,796097.82
19052,1743231600000,793300.08
19053,1743235200000,794743.56
19054,1743238800000,797706.65
19055,1743242400000,792214.68
19056,1743246000000,791880.98
19057,1743249600000,796741.59
19058,1743253200000,803136.65
19059,1743256800000,804109.8
19060,1743260400000,812963.24
19061,1743264000000,814304.17
19062,1743267600000,809582.69
19063,1743271200000,823156.14
19064,1743274800000,828158.46
19065,1743278400000,827814.26
19066,1743282000000,830763.85
19067,1743285600000,830781.2
19068,1743289200000,831970.04
19069,1743292800000,832485.77
19070,1743296400000,832303.44
19071,1743300000000,830001.52
19072,1743303600000,835165.92
19073,1743307200000,832901.74
19074,1743310800000,832194.85
19075,1743314400000,836396.12
19076,1743318000000,838203.11
19077,1743321600000,831501.76
19078,1743325200000,831500.14
19079,1743328800000,833542.78
19080,1743332400000,831435.71
19081,1743336000000,832073.52
19082,1743339600000,831388.76
19083,1743343200000,832834.13
19084,1743346800000,837496.16
19085,1743350400000,837468.88
19086,1743354000000,823417.68
19087,1743357600000,828552.15
19088,1743361200000,827923.77
19089,1743364800000,829115.08
19090,1743368400000,827599.2
19091,1743372000000,829809.74
19092,1743375600000,835115.53
19093,1743379200000,837072.91
19094,1743382800000,836649.8
19095,1743386400000,835198.68
19096,1743390000000,836581.31
19097,1743393600000,835332.52
19098,1743397200000,838432.02
19099,1743400800000,842943.23
19100,1743404400000,842942.06
19101,1743408000000,843355.25
19102,1743411600000,842825.34
19103,1743415200000,837358.37
19104,1743418800000,843800.79
19105,1743422400000,845654.74
19106,1743426000000,845871.05
19107,1743429600000,843154.66
19108,1743433200000,852788.68
19109,1743436800000,837941.96
19110,1743440400000,837025.63
19111,1743444000000,834028.54
19112,1743447600000,830740.58
19113,1743451200000,831857.37
19114,1743454800000,831412.51
19115,1743458400000,831401.84
19116,1743462000000,830034.33
19117,1743465600000,828368.72
19118,1743469200000,828406.08
19119,1743472800000,830790.02
19120,1743476400000,830378.74
19121,1743480000000,834566.29
19122,1743483600000,836022.79
19123,1743487200000,838600.55
19124,1743490800000,840794.66
19125,1743494400000,836701.77
19126,1743498000000,826091.86
19127,1743501600000,831028.88
19128,1743505200000,829871.44
19129,1743508800000,827920.18
19130,1743512400000,832484.5
19131,1743516000000,833768.99
19132,1743519600000,830991.21
19133,1743523200000,838759.62
19134,1743526800000,849705.26
19135,1743530400000,850942.39
19136,1743534000000,845104.08
19137,1743537600000,847843.87
19138,1743541200000,843680.1
19139,1743544800000,842915.15
19140,1743548400000,843534.78
19141,1743552000000,847013.43
19142,1743555600000,841671.11
19143,1743559200000,841126.7
19144,1743562800000,843138.85
19145,1743566400000,841845.04
19146,1743570000000,840462.63
19147,1743573600000,835049.85
19148,1743577200000,832572.31
19149,1743580800000,832956.77
19150,1743584400000,826611.66
19151,1743588000000,826191.45
19152,1743591600000,830358.29
19153,1743595200000,828569.15
19154,1743598800000,827555.59
19155,1743602400000,828342.85
19156,1743606000000,831132.89
19157,1743609600000,823015.84
19158,1743613200000,830268.08
19159,1743616800000,827662.48
19160,1743620400000,832400.21
19161,1743624000000,828988.97
19162,1743627600000,796161.08
19163,1743631200000,793537.39
19164,1743634800000,795886.02
19165,1743638400000,792469.3
19166,1743642000000,795155.54
19167,1743645600000,795765.45
19168,1743649200000,794951.37
19169,1743652800000,798146.55
19170,1743656400000,805132.59
19171,1743660000000,809084.06
19172,1743663600000,807136.69
19173,1743667200000,807534.31
19174,1743670800000,807132.32
19175,1743674400000,810253.5
19176,1743678000000,814773.37
19177,1743681600000,821759.18
19178,1743685200000,835934.16
19179,1743688800000,842807.54
19180,1743692400000,841858.5
19181,1743696000000,842797.73
19182,1743699600000,842970.6
19183,1743703200000,842969.29
19184,1743706800000,840242.24
19185,1743710400000,840979.07
19186,1743714000000,840027.29
19187,1743717600000,839396.96
19188,1743721200000,838547.82
19189,1743724800000,835677.13
19190,1743728400000,833742.01
19191,1743732000000,828301.88
19192,1743735600000,836028.7
19193,1743739200000,838170.59
19194,1743742800000,839523.71
19195,1743746400000,836258.49
19196,1743750000000,837404.31
19197,1743753600000,832578.19
19198,1743757200000,834175.46
19199,1743760800000,844004.72
19200,1743764400000,834515.57
19201,1743768000000,839157.28
19202,1743771600000,853784.01
19203,1743775200000,851956.44
19204,1743778800000,847845.94
19205,1743782400000,842818.17
19206,1743786000000,837637.48
19207,1743789600000,826512.11
19208,1743793200000,829210.11
19209,1743796800000,828310.61
19210,1743800400000,826575.33
19211,1743804000000,825676.14
19212,1743807600000,824806.31
19213,1743811200000,822147.19
19214,1743814800000,823588.07
19215,1743818400000,830720.79
19216,1743822000000,829719.88
19217,1743825600000,828172.77
19218,1743829200000,829492.43
19219,1743832800000,828706.49
19220,1743836400000,829834.44
19221,1743840000000,833554.8
19222,1743843600000,835084.53
19223,1743847200000,840089.9
19224,1743850800000,837327.37
19225,1743854400000,830628.8
19226,1743858000000,826123.03
19227,1743861600000,829584.7
19228,1743865200000,834492.61
19229,1743868800000,839264.78
19230,1743872400000,842263.94
19231,1743876000000,844643.02
19232,1743879600000,843931.65
19233,1743883200000,843221.75
19234,1743886800000,838170.39
19235,1743890400000,835226.41
19236,1743894000000,836038.39
19237,1743897600000,830896.79
19238,1743901200000,834190.31
19239,1743904800000,829727.12
19240,1743908400000,829392.52
19241,1743912000000,830913.46
19242,1743915600000,832085.43
19243,1743919200000,835978.76
19244,1743922800000,834339.04
19245,1743926400000,834274.32
19246,1743930000000,831481.76
19247,1743933600000,834485.13
19248,1743937200000,833908.43
19249,1743940800000,836791.18
19250,1743944400000,839952.95
19251,1743948000000,863851.75
19252,1743951600000,872321.55
19253,1743955200000,875331.03
19254,1743958800000,866596.59
19255,1743962400000,866352.43
19256,1743966000000,846146.29
19257,1743969600000,855186.59
19258,1743973200000,850427.69
19259,1743976800000,868467.79
19260,1743980400000,865420.16
19261,1743984000000,852608.6
19262,1743987600000,859272.11
19263,1743991200000,865949.52
19264,1743994800000,867196.24
19265,1743998400000,866384.32
19266,1744002000000,862233.1
19267,1744005600000,860377.08
19268,1744009200000,849583.5
19269,1744012800000,853754.08
19270,1744016400000,839972.9
19271,1744020000000,838230.35
19272,1744023600000,835252.95
19273,1744027200000,834581.32
19274,1744030800000,856674.21
19275,1744034400000,865006.2
19276,1744038000000,836627.06
19277,1744041600000,834841.29
19278,1744045200000,832325.19
19279,1744048800000,832164.68
19280,1744052400000,836471.97
19281,1744056000000,836826.09
19282,1744059600000,825584.6
19283,1744063200000,823600.78
19284,1744066800000,823084.95
19285,1744070400000,845140.82
19286,1744074000000,844048.92
19287,1744077600000,842138.42
19288,1744081200000,818091.46
19289,1744084800000,822162.41
19290,1744088400000,821719.62
19291,1744092000000,827464.04
19292,1744095600000,829666.72
19293,1744099200000,825820.35
19294,1744102800000,831278.0
19295,1744106400000,833366.47
19296,1744110000000,834383.52
19297,1744113600000,839965.64
19298,1744117200000,845321.99
19299,1744120800000,839166.51
19300,1744124400000,838849.33
19301,1744128000000,845907.78
19302,1744131600000,837156.29
19303,1744135200000,839918.41
19304,1744138800000,838561.49
19305,1744142400000,845331.68
19306,1744146000000,840609.66
19307,1744149600000,837277.83
19308,1744153200000,835573.56
19309,1744156800000,827856.94
19310,1744160400000,822706.86
19311,1744164000000,820937.54
19312,1744167600000,820330.98
19313,1744171200000,812898.96
19314,1744174800000,820757.43
19315,1744178400000,821471.36
19316,1744182000000,827515.81
19317,1744185600000,826876.41
19318,1744189200000,831523.09
19319,1744192800000,836976.24
19320,1744196400000,847057.21
19321,1744200000000,851600.05
19322,1744203600000,850604.01
19323,1744207200000,840376.42
19324,1744210800000,833147.53
19325,1744214400000,850790.26
19326,1744218000000,861390.35
19327,1744221600000,923878.44
19328,1744225200000,900188.81
19329,1744228800000,912288.88
19330,1744232400000,909912.59
19331,1744236000000,912313.52
19332,1744239600000,931545.03
19333,1744243200000,933191.92
19334,1744246800000,925708.68
19335,1744250400000,917031.33
19336,1744254000000,905614.33
19337,1744257600000,883964.21
19338,1744261200000,884976.26
19339,1744264800000,882030.76
19340,1744268400000,882729.79
19341,1744272000000,884066.16
19342,1744275600000,879695.57
19343,1744279200000,870695.95
19344,1744282800000,896848.42
19345,1744286400000,894308.16
19346,1744290000000,878891.68
19347,1744293600000,874387.72
19348,1744297200000,874312.39
19349,1744300800000,890236.25
19350,1744304400000,868441.49
19351,1744308000000,861356.88
19352,1744311600000,859317.49
19353,1744315200000,850905.68
19354,1744318800000,845290.08
19355,1744322400000,850881.82
19356,1744326000000,853404.85
19357,1744329600000,846516.68
19358,1744333200000,846356.36
19359,1744336800000,848152.16
19360,1744340400000,848759.46
19361,1744344000000,852055.16
19362,1744347600000,855304.96
19363,1744351200000,856867.74
19364,1744354800000,878739.37
19365,1744358400000,881914.88
19366,1744362000000,906046.0
19367,1744365600000,909269.53
19368,1744369200000,906772.6
19369,1744372800000,891562.92
19370,1744376400000,898615.8
19371,1744380000000,903751.73
19372,1744383600000,904398.95
19373,1744387200000,905609.76
19374,1744390800000,905682.53
19375,1744394400000,913642.22
19376,1744398000000,914912.19
19377,1744401600000,930144.72
19378,1744405200000,922871.23
19379,1744408800000,907426.78
19380,1744412400000,909329.87
19381,1744416000000,901685.72
19382,1744419600000,899289.63
19383,1744423200000,902314.34
19384,1744426800000,898618.75
19385,1744430400000,903209.51
19386,1744434000000,903676.34
19387,1744437600000,907209.26
19388,1744441200000,902690.18
19389,1744444800000,905723.87
19390,1744448400000,907457.86
19391,1744452000000,907618.61
19392,1744455600000,910814.6
19393,1744459200000,915399.64
19394,1744462800000,926941.83
19395,1744466400000,939345.72
19396,1744470000000,961976.94
19397,1744473600000,972339.7
19398,1744477200000,997772.57
19399,1744480800000,1010268.36
19400,1744484400000,1002304.82
19401,1744488000000,1005428.55
19402,1744491600000,986639.48
19403,1744495200000,1015432.56
19404,1744498800000,1016078.22
19405,1744502400000,1012364.12
19406,1744506000000,1004932.86
19407,1744509600000,949854.98
19408,1744513200000,958687.67
19409,1744516800000,960110.81
19410,1744520400000,976400.09
19411,1744524000000,976950.2
19412,1744527600000,968354.33
19413,1744531200000,969138.94
19414,1744534800000,968066.34
19415,1744538400000,969669.77
19416,1744542000000,960033.25
19417,1744545600000,957961.17
19418,1744549200000,957151.43
19419,1744552800000,945075.0
19420,1744556400000,941648.74
19421,1744560000000,962336.28
19422,1744563600000,978075.5
19423,1744567200000,985138.04
19424,1744570800000,990473.49
19425,1744574400000,921618.76
19426,1744578000000,929368.05
19427,1744581600000,930659.89
19428,1744585200000,925817.99
19429,1744588800000,916032.05
19430,1744592400000,891002.38
19431,1744596000000,891940.39
19432,1744599600000,858384.48
19433,1744603200000,868852.99
19434,1744606800000,876972.05
19435,1744610400000,872971.02
19436,1744614000000,875195.95
19437,1744617600000,879443.27
19438,1744621200000,885559.07
19439,1744624800000,889683.29
19440,1744628400000,925592.27
19441,1744632000000,963427.79
19442,1744635600000,972492.77
19443,1744639200000,950760.7
19444,1744642800000,953615.87
19445,1744646400000,933182.81
19446,1744650000000,916933.79
19447,1744653600000,921972.46
19448,1744657200000,914199.99
19449,1744660800000,907271.28
19450,1744664400000,915216.62
19451,1744668000000,897547.29
19452,1744671600000,898459.29
19453,1744675200000,895903.34
19454,1744678800000,892613.52
19455,1744682400000,892843.31
19456,1744686000000,908496.36
19457,1744689600000,909345.56
19458,1744693200000,912300.31
19459,1744696800000,915739.17
19460,1744700400000,918648.58
19461,1744704000000,923950.9
19462,1744707600000,924581.91
19463,1744711200000,929137.17
19464,1744714800000,931317.6
19465,1744718400000,936121.09
19466,1744722000000,932056.87
19467,1744725600000,900003.49
19468,1744729200000,917398.98
19469,1744732800000,898845.83
19470,1744736400000,895901.63
19471,1744740000000,896319.3
19472,1744743600000,904577.31
19473,1744747200000,917225.16
19474,1744750800000,892195.15
19475,1744754400000,898804.01
19476,1744758000000,900956.58
19477,1744761600000,905814.03
19478,1744765200000,905062.51
19479,1744768800000,903320.09
19480,1744772400000,900286.87
19481,1744776000000,903638.22
19482,1744779600000,929833.59
19483,1744783200000,932125.77
19484,1744786800000,925388.61
19485,1744790400000,921410.13
19486,1744794000000,917911.38
19487,1744797600000,918834.32
19488,1744801200000,921699.62
19489,1744804800000,931079.79
19490,1744808400000,927125.19
19491,1744812000000,931699.79
19492,1744815600000,929460.48
19493,1744819200000,890664.62
19494,1744822800000,895642.42
19495,1744826400000,886416.83
19496,1744830000000,870244.33
19497,1744833600000,862897.83
19498,1744837200000,862951.34
19499,1744840800000,846749.17
19500,1744844400000,844381.9
19501,1744848000000,850573.06
19502,1744851600000,851380.02
19503,1744855200000,851800.39
19504,1744858800000,852231.83
19505,1744862400000,855347.31
19506,1744866000000,865156.24
19507,1744869600000,878900.99
19508,1744873200000,871632.41
19509,1744876800000,879565.31
19510,1744880400000,883026.14
19511,1744884000000,878503.36
19512,1744887600000,877632.83
19513,1744891200000,875431.5
19514,1744894800000,880210.36
19515,1744898400000,895326.42
19516,1744902000000,890404.38
19517,1744905600000,896397.7
19518,1744909200000,888820.73
19519,1744912800000,894527.24
19520,1744916400000,887226.67
19521,1744920000000,878239.42
19522,1744923600000,866833.39
19523,1744927200000,861110.49
19524,1744930800000,873396.21
19525,1744934400000,869598.12
19526,1744938000000,872689.67
19527,1744941600000,876246.87
19528,1744945200000,875224.18
19529,1744948800000,877274.63
19530,1744952400000,878779.39
19531,1744956000000,888036.69
19532,1744959600000,890191.4
19533,1744963200000,889022.2
19534,1744966800000,885123.84
19535,1744970400000,887065.65
19536,1744974000000,888164.02
19537,1744977600000,887907.18
19538,1744981200000,889749.78
19539,1744984800000,892628.55
19540,1744988400000,894815.77
19541,1744992000000,874676.16
19542,1744995600000,872075.5
19543,1744999200000,875046.43
19544,1745002800000,875541.75
19545,1745006400000,880915.34
19546,1745010000000,878598.29
19547,1745013600000,878260.37
19548,1745017200000,887770.86
19549,1745020800000,891523.09
19550,1745024400000,874104.87
19551,1745028000000,872766.84
19552,1745031600000,889892.18
19553,1745035200000,903359.86
19554,1745038800000,897497.77
19555,1745042400000,903151.74
19556,1745046000000,890403.16
19557,1745049600000,893221.76
19558,1745053200000,892713.43
19559,1745056800000,895567.45
19560,1745060400000,896047.87
19561,1745064000000,898711.63
19562,1745067600000,900738.25
19563,1745071200000,899915.42
19564,1745074800000,906141.09
19565,1745078400000,914971.89
19566,1745082000000,917550.91
19567,1745085600000,907423.39
19568,1745089200000,913670.99
19569,1745092800000,913736.14
19570,1745096400000,911569.29
19571,1745100000000,912333.93
19572,1745103600000,908988.82
19573,1745107200000,911770.6
19574,1745110800000,910572.6
19575,1745114400000,912408.1
19576,1745118000000,912550.58
19577,1745121600000,909163.08
19578,1745125200000,911103.25
19579,1745128800000,909904.49
19580,1745132400000,908942.13
19581,1745136000000,896428.92
19582,1745139600000,897578.46
19583,1745143200000,897961.58
19584,1745146800000,871340.46
19585,1745150400000,867869.57
19586,1745154000000,872370.4
19587,1745157600000,875473.22
19588,1745161200000,856394.96
19589,1745164800000,854467.8
19590,1745168400000,855523.92
19591,1745172000000,855746.46
19592,1745175600000,855580.4
19593,1745179200000,851618.73
19594,1745182800000,843563.01
19595,1745186400000,851854.32
19596,1745190000000,867600.05
19597,1745193600000,852876.61
19598,1745197200000,856802.12
19599,1745200800000,858268.0
19600,1745204400000,868512.03
19601,1745208000000,879459.53
19602,1745211600000,896384.92
19603,1745215200000,899221.32
19604,1745218800000,903071.6
19605,1745222400000,907739.93
19606,1745226000000,918672.71
19607,1745229600000,916288.66
19608,1745233200000,921292.89
19609,1745236800000,910166.03
19610,1745240400000,905562.65
19611,1745244000000,901722.27
19612,1745247600000,894175.44
19613,1745251200000,897915.22
19614,1745254800000,893684.71
19615,1745258400000,851185.83
19616,1745262000000,886875.46
19617,1745265600000,887642.66
19618,1745269200000,892179.65
19619,1745272800000,892842.85
19620,1745276400000,897150.0
19621,1745280000000,899490.78
19622,1745283600000,888190.45
19623,1745287200000,888124.32
19624,1745290800000,873264.55
19625,1745294400000,867581.48
19626,1745298000000,867922.22
19627,1745301600000,871298.86
19628,1745305200000,871327.36
19629,1745308800000,855387.79
19630,1745312400000,857502.09
19631,1745316000000,871791.77
19632,1745319600000,877054.06
19633,1745323200000,886431.59
19634,1745326800000,898777.08
19635,1745330400000,920032.21
19636,1745334000000,953066.01
19637,1745337600000,954610.19
19638,1745341200000,958730.47
19639,1745344800000,957812.7
19640,1745348400000,958636.36
19641,1745352000000,954370.65
19642,1745355600000,962884.91
19643,1745359200000,929785.67
19644,1745362800000,952840.71
19645,1745366400000,945935.69
19646,1745370000000,953609.93
19647,1745373600000,940368.82
19648,1745377200000,961255.57
19649,1745380800000,959666.92
19650,1745384400000,963108.76
19651,1745388000000,957931.23
19652,1745391600000,949119.96
19653,1745395200000,945370.1
19654,1745398800000,948316.89
19655,1745402400000,943099.93
19656,1745406000000,951967.16
19657,1745409600000,953834.92
19658,1745413200000,960503.32
19659,1745416800000,933024.46
19660,1745420400000,956814.39
19661,1745424000000,940205.38
19662,1745427600000,936565.02
19663,1745431200000,930490.29
19664,1745434800000,914163.06
19665,1745438400000,907284.62
19666,1745442000000,906695.13
19667,1745445600000,903545.3
19668,1745449200000,907744.69
19669,1745452800000,906490.47
19670,1745456400000,905478.89
19671,1745460000000,905750.19
19672,1745463600000,902749.67
19673,1745467200000,900647.02
19674,1745470800000,898950.09
19675,1745474400000,899993.47
19676,1745478000000,901262.2
19677,1745481600000,904418.74
19678,1745485200000,892361.99
19679,1745488800000,888970.21
19680,1745492400000,887156.77
19681,1745496000000,898619.53
19682,1745499600000,897562.66
19683,1745503200000,900502.41
19684,1745506800000,889745.47
19685,1745510400000,873734.65
19686,1745514000000,875775.34
19687,1745517600000,903405.03
19688,1745521200000,877554.25
19689,1745524800000,891525.46
19690,1745528400000,890674.58
19691,1745532000000,868911.29
19692,1745535600000,868018.21
19693,1745539200000,871447.7
19694,1745542800000,874008.84
19695,1745546400000,867049.66
19696,1745550000000,859687.58
19697,1745553600000,851065.8
19698,1745557200000,848812.45
19699,1745560800000,852969.47
19700,1745564400000,855719.31
19701,1745568000000,859926.28
19702,1745571600000,868129.08
19703,1745575200000,878842.11
19704,1745578800000,890978.82
19705,1745582400000,911900.45
19706,1745586000000,905277.0
19707,1745589600000,918459.7
19708,1745593200000,886823.11
19709,1745596800000,900911.48
19710,1745600400000,898943.45
19711,1745604000000,913196.05
19712,1745607600000,912878.58
19713,1745611200000,918978.46
19714,1745614800000,923476.36
19715,1745618400000,904937.94
19716,1745622000000,904620.27
19717,1745625600000,901482.92
19718,1745629200000,897296.19
19719,1745632800000,896059.06
19720,1745636400000,907777.08
19721,1745640000000,918351.71
19722,1745643600000,917888.12
19723,1745647200000,922206.26
19724,1745650800000,917579.87
19725,1745654400000,925030.67
19726,1745658000000,943813.91
19727,1745661600000,947472.98
19728,1745665200000,948647.67
19729,1745668800000,934136.35
19730,1745672400000,928228.21
19731,1745676000000,926928.59
19732,1745679600000,910882.2
19733,1745683200000,899221.17
19734,1745686800000,902988.31
19735,1745690400000,905598.9
19736,1745694000000,905838.82
19737,1745697600000,905329.4
19738,1745701200000,907192.64
19739,1745704800000,908027.69
19740,1745708400000,917715.51
19741,1745712000000,916626.79
19742,1745715600000,943046.65
19743,1745719200000,917388.74
19744,1745722800000,919122.25
19745,1745726400000,916259.92
19746,1745730000000,924241.02
19747,1745733600000,918050.75
19748,1745737200000,917003.1
19749,1745740800000,914887.71
19750,1745744400000,912910.46
19751,1745748000000,915328.06
19752,1745751600000,916158.24
19753,1745755200000,914989.71
19754,1745758800000,912891.16
19755,1745762400000,909282.54
19756,1745766000000,902806.08
19757,1745769600000,911179.95
19758,1745773200000,913500.33
19759,1745776800000,909542.05
19760,1745780400000,913502.02
19761,1745784000000,915176.96
19762,1745787600000,896086.05
19763,1745791200000,895718.0
19764,1745794800000,913255.96
19765,1745798400000,913342.26
19766,1745802000000,905425.8
19767,1745805600000,898347.11
19768,1745809200000,901912.92
19769,1745812800000,911181.27
19770,1745816400000,912911.29
19771,1745820000000,911521.99
19772,1745823600000,907696.63
19773,1745827200000,899118.08
19774,1745830800000,897090.19
19775,1745834400000,900892.58
19776,1745838000000,897696.62
19777,1745841600000,909474.71
19778,1745845200000,911920.09
19779,1745848800000,909313.94
19780,1745852400000,916002.54
19781,1745856000000,929731.9
19782,1745859600000,930854.29
19783,1745863200000,928019.73
19784,1745866800000,929752.04
19785,1745870400000,907610.85
19786,1745874000000,902714.34
19787,1745877600000,907293.74
19788,1745881200000,905623.21
19789,1745884800000,877857.54
19790,1745888400000,869542.9
19791,1745892000000,893444.74
19792,1745895600000,872565.71
19793,1745899200000,862540.54
19794,1745902800000,856571.95
19795,1745906400000,857603.34
19796,1745910000000,869365.19
19797,1745913600000,878216.33
19798,1745917200000,919181.88
19799,1745920800000,927505.6
19800,1745924400000,920980.21
19801,1745928000000,931420.72
19802,1745931600000,935453.53
19803,1745935200000,924901.39
19804,1745938800000,923295.22
19805,1745942400000,907121.72
19806,1745946000000,918369.12
19807,1745949600000,882423.06
19808,1745953200000,879174.57
19809,1745956800000,880719.59
19810,1745960400000,909348.37
19811,1745964000000,896000.68
19812,1745967600000,887465.31
19813,1745971200000,878043.59
19814,1745974800000,878130.68
19815,1745978400000,884012.35
19816,1745982000000,882027.26
19817,1745985600000,884311.39
19818,1745989200000,891286.48
19819,1745992800000,889938.02
19820,1745996400000,890588.09
19821,1746000000000,894374.36
19822,1746003600000,896038.25
19823,1746007200000,896891.2
19824,1746010800000,897487.8
19825,1746014400000,884567.8
19826,1746018000000,907212.2
19827,1746021600000,922386.83
19828,1746025200000,924874.83
19829,1746028800000,927971.9
19830,1746032400000,919810.17
19831,1746036000000,910531.16
19832,1746039600000,899109.46
19833,1746043200000,889374.85
19834,1746046800000,861993.87
19835,1746050400000,856854.43
19836,1746054000000,854744.39
19837,1746057600000,854882.61
19838,1746061200000,858489.7
19839,1746064800000,855491.24
19840,1746068400000,852171.8
19841,1746072000000,851055.28
19842,1746075600000,851923.2
19843,1746079200000,853299.61
19844,1746082800000,856862.04
19845,1746086400000,856562.86
19846,1746090000000,861053.37
19847,1746093600000,866190.12
19848,1746097200000,868114.4
19849,1746100800000,856824.72
19850,1746104400000,862020.55
19851,1746108000000,906449.23
19852,1746111600000,908074.34
19853,1746115200000,893171.57
19854,1746118800000,886728.55
19855,1746122400000,886634.76
19856,1746126000000,883800.5
19857,1746129600000,892295.8
19858,1746133200000,899514.91
19859,1746136800000,898682.43
19860,1746140400000,908578.32
19861,1746144000000,908134.67
19862,1746147600000,909238.48
19863,1746151200000,909928.46
19864,1746154800000,903874.35
19865,1746158400000,900851.88
19866,1746162000000,905712.24
19867,1746165600000,884290.69
19868,1746169200000,883609.34
19869,1746172800000,871833.11
19870,1746176400000,859852.98
19871,1746180000000,863364.44
19872,1746183600000,856204.48
19873,1746187200000,855282.52
19874,1746190800000,863263.74
19875,1746194400000,877253.69
19876,1746198000000,883159.09
19877,1746201600000,883081.3
19878,1746205200000,855490.46
19879,1746208800000,854038.36
19880,1746212400000,850951.43
19881,1746216000000,856047.07
19882,1746219600000,851586.3
19883,1746223200000,852483.73
19884,1746226800000,862502.79
19885,1746230400000,862138.33
19886,1746234000000,862270.42
19887,1746237600000,869921.99
19888,1746241200000,868343.84
19889,1746244800000,865602.17
19890,1746248400000,865490.09
19891,1746252000000,862830.3
19892,1746255600000,870947.24
19893,1746259200000,865339.46
19894,1746262800000,866231.44
19895,1746266400000,863916.74
19896,1746270000000,869465.21
19897,1746273600000,870466.57
19898,1746277200000,873594.26
19899,1746280800000,877988.02
19900,1746284400000,877708.48
19901,1746288000000,876128.69
19902,1746291600000,882594.31
19903,1746295200000,878031.35
19904,1746298800000,879444.05
19905,1746302400000,876330.57
19906,1746306000000,878467.37
19907,1746309600000,861753.73
19908,1746313200000,867970.55
19909,1746316800000,845755.24
19910,1746320400000,841363.78
19911,1746324000000,840693.31
19912,1746327600000,841172.16
19913,1746331200000,849081.54
19914,1746334800000,863621.9
19915,1746338400000,869607.96
19916,1746342000000,873959.65
19917,1746345600000,870551.66
19918,1746349200000,864309.89
19919,1746352800000,873408.81
19920,1746356400000,876641.73
19921,1746360000000,877825.41
19922,1746363600000,881165.96
19923,1746367200000,881401.46
19924,1746370800000,886140.6
19925,1746374400000,885916.64
19926,1746378000000,884992.25
19927,1746381600000,887103.11
19928,1746385200000,887302.7
19929,1746388800000,887110.09
19930,1746392400000,862303.13
19931,1746396000000,881238.6
19932,1746399600000,870507.23
19933,1746403200000,871932.73
19934,1746406800000,885624.84
19935,1746410400000,885397.88
19936,1746414000000,878853.14
19937,1746417600000,887306.69
19938,1746421200000,895178.21
19939,1746424800000,896218.73
19940,1746428400000,893582.3
19941,1746432000000,880883.09
19942,1746435600000,887628.73
19943,1746439200000,885780.16
19944,1746442800000,872142.07
19945,1746446400000,889187.45
19946,1746450000000,894190.92
19947,1746453600000,895853.68
19948,1746457200000,894522.1
19949,1746460800000,899327.3
19950,1746464400000,897781.2
19951,1746468000000,898479.04
19952,1746471600000,898241.18
19953,1746475200000,891505.23
19954,1746478800000,890876.83
19955,1746482400000,880483.31
19956,1746486000000,881653.72
19957,1746489600000,868566.35
19958,1746493200000,865813.6
19959,1746496800000,872451.06
19960,1746500400000,889089.28
19961,1746504000000,893518.67
19962,1746507600000,900027.1
19963,1746511200000,898031.57
19964,1746514800000,899338.27
19965,1746518400000,899648.04
19966,1746522000000,927848.15
19967,1746525600000,922374.29
19968,1746529200000,926131.85
19969,1746532800000,918281.76
19970,1746536400000,928484.89
19971,1746540000000,928200.8
19972,1746543600000,930104.86
19973,1746547200000,945082.95
19974,1746550800000,944343.59
19975,1746554400000,948185.52
19976,1746558000000,937850.99
19977,1746561600000,919773.46
19978,1746565200000,916601.63
19979,1746568800000,916207.57
19980,1746572400000,875533.21
19981,1746576000000,862749.84
19982,1746579600000,834358.16
19983,1746583200000,824628.25
19984,1746586800000,838717.8
19985,1746590400000,837368.89
19986,1746594000000,842071.41
19987,1746597600000,846687.62
19988,1746601200000,847633.49
19989,1746604800000,850250.09
19990,1746608400000,862460.12
19991,1746612000000,868193.6
19992,1746615600000,846126.96
19993,1746619200000,851821.18
19994,1746622800000,866821.22
19995,1746626400000,873967.85
19996,1746630000000,875500.46
19997,1746633600000,880451.87
19998,1746637200000,873685.27
19999,1746640800000,864657.99
20000,1746644400000,877218.23
20001,1746648000000,877949.97
20002,1746651600000,882498.77
20003,1746655200000,884166.03
20004,1746658800000,895549.09
20005,1746662400000,890756.27
20006,1746666000000,894579.46
20007,1746669600000,894186.25
20008,1746673200000,882471.21
20009,1746676800000,891883.71
20010,1746680400000,913027.65
20011,1746684000000,910625.23
20012,1746687600000,921045.78
20013,1746691200000,922716.19
20014,1746694800000,928001.76
20015,1746698400000,922646.48
20016,1746702000000,926527.5
20017,1746705600000,927627.63
20018,1746709200000,946244.0
20019,1746712800000,953225.1
20020,1746716400000,973448.44
20021,1746720000000,941295.55
20022,1746723600000,936826.89
20023,1746727200000,929101.59
20024,1746730800000,920559.17
20025,1746734400000,909686.43
20026,1746738000000,895659.19
20027,1746741600000,873743.66
20028,1746745200000,878267.08
20029,1746748800000,878637.39
20030,1746752400000,883340.17
20031,1746756000000,877624.19
20032,1746759600000,893235.78
20033,1746763200000,894507.97
20034,1746766800000,901014.01
20035,1746770400000,898590.12
20036,1746774000000,908292.74
20037,1746777600000,910965.57
20038,1746781200000,890474.88
20039,1746784800000,859397.76
20040,1746788400000,868730.86
20041,1746792000000,863018.38
20042,1746795600000,857797.48
20043,1746799200000,870119.13
20044,1746802800000,860837.32
20045,1746806400000,862025.0
20046,1746810000000,858099.03
20047,1746813600000,882901.13
20048,1746817200000,877379.3
20049,1746820800000,862460.1
20050,1746824400000,875316.17
20051,1746828000000,880086.6
20052,1746831600000,879717.61
20053,1746835200000,882386.9
20054,1746838800000,852797.1
20055,1746842400000,855572.08
20056,1746846000000,854497.55
20057,1746849600000,854780.63
20058,1746853200000,859346.52
20059,1746856800000,862770.63
20060,1746860400000,862364.56
20061,1746864000000,868940.62
20062,1746867600000,867968.33
20063,1746871200000,897600.32
20064,1746874800000,881878.99
20065,1746878400000,874784.91
20066,1746882000000,879105.47
20067,1746885600000,886970.67
20068,1746889200000,898559.72
20069,1746892800000,915908.85
20070,1746896400000,897499.49
20071,1746900000000,890077.52
20072,1746903600000,887871.61
20073,1746907200000,889726.54
20074,1746910800000,890822.46
20075,1746914400000,882168.76
20076,1746918000000,885549.14
20077,1746921600000,890841.09
20078,1746925200000,872740.19
20079,1746928800000,873146.39
20080,1746932400000,871921.53
20081,1746936000000,872973.41
20082,1746939600000,874203.06
20083,1746943200000,883486.98
20084,1746946800000,882024.41
20085,1746950400000,884868.95
20086,1746954000000,891272.13
20087,1746957600000,894207.71
20088,1746961200000,897142.71
20089,1746964800000,899635.05
20090,1746968400000,906041.37
20091,1746972000000,914367.28
20092,1746975600000,914239.42
20093,1746979200000,895089.77
20094,1746982800000,892609.13
20095,1746986400000,898378.02
20096,1746990000000,897081.25
20097,1746993600000,880386.15
20098,1746997200000,887814.44
20099,1747000800000,885273.99
20100,1747004400000,892144.26
20101,1747008000000,888721.59
20102,1747011600000,889893.81
20103,1747015200000,894039.68
20104,1747018800000,887639.41
20105,1747022400000,894025.8
20106,1747026000000,898937.79
20107,1747029600000,923921.07
20108,1747033200000,927586.18
20109,1747036800000,910306.03
20110,1747040400000,914135.0
20111,1747044000000,894572.19
20112,1747047600000,894521.7
20113,1747051200000,896802.48
20114,1747054800000,909362.91
20115,1747058400000,925202.47
20116,1747062000000,940729.38
20117,1747065600000,932663.8
20118,1747069200000,934800.9
20119,1747072800000,939949.67
20120,1747076400000,907448.87
20121,1747080000000,923086.42
20122,1747083600000,911575.36
20123,1747087200000,908046.27
20124,1747090800000,907164.56
20125,1747094400000,922745.52
20126,1747098000000,931511.05
20127,1747101600000,924590.46
20128,1747105200000,920442.59
20129,1747108800000,928616.12
20130,1747112400000,929046.16
20131,1747116000000,927038.94
20132,1747119600000,927356.72
20133,1747123200000,929095.03
20134,1747126800000,931717.15
20135,1747130400000,935509.61
20136,1747134000000,936711.09
20137,1747137600000,932598.86
20138,1747141200000,908864.07
20139,1747144800000,914345.93
20140,1747148400000,932871.55
20141,1747152000000,973407.94
20142,1747155600000,936501.44
20143,1747159200000,975676.45
20144,1747162800000,962212.15
20145,1747166400000,954235.13
20146,1747170000000,954230.63
20147,1747173600000,948063.69
20148,1747177200000,944697.13
20149,1747180800000,948723.0
20150,1747184400000,957015.91
20151,1747188000000,974219.77
20152,1747191600000,967313.47
20153,1747195200000,962223.06
20154,1747198800000,958776.75
20155,1747202400000,963049.94
20156,1747206000000,965882.47
20157,1747209600000,975635.22
20158,1747213200000,977409.81
20159,1747216800000,981729.57
20160,1747220400000,989395.94
20161,1747224000000,993411.37
20162,1747227600000,990808.04
20163,1747231200000,987229.3
20164,1747234800000,1008875.44
20165,1747238400000,1007657.35
20166,1747242000000,1013269.31
20167,1747245600000,1020990.06
20168,1747249200000,1021272.65
20169,1747252800000,1019947.88
20170,1747256400000,1018274.69
20171,1747260000000,1018657.36
20172,1747263600000,1018426.23
20173,1747267200000,1021742.26
20174,1747270800000,1004506.32
20175,1747274400000,983221.35
20176,1747278000000,996467.34
20177,1747281600000,995605.6
20178,1747285200000,993765.18
20179,1747288800000,998171.26
20180,1747292400000,997758.14
20181,1747296000000,994585.41
20182,1747299600000,1013002.45
20183,1747303200000,1005074.15
20184,1747306800000,1003443.14
20185,1747310400000,1009646.51
20186,1747314000000,1013091.64
20187,1747317600000,1009804.59
20188,1747321200000,992038.42
20189,1747324800000,999681.46
20190,1747328400000,994738.37
20191,1747332000000,996058.91
20192,1747335600000,992538.66
20193,1747339200000,999884.67
20194,1747342800000,990265.38
20195,1747346400000,989889.13
20196,1747350000000,971588.01
20197,1747353600000,962571.01
20198,1747357200000,959515.45
20199,1747360800000,959498.98
20200,1747364400000,973331.02
20201,1747368000000,967685.89
20202,1747371600000,971212.98
20203,1747375200000,976686.64
20204,1747378800000,981074.72
20205,1747382400000,982656.02
20206,1747386000000,973247.02
20207,1747389600000,981353.98
20208,1747393200000,988332.74
20209,1747396800000,995198.3
20210,1747400400000,1000827.02
20211,1747404000000,1000893.84
20212,1747407600000,992866.59
20213,1747411200000,989992.41
20214,1747414800000,1013819.33
20215,1747418400000,1012732.55
20216,1747422000000,1006476.35
20217,1747425600000,1009885.98
20218,1747429200000,1015267.97
20219,1747432800000,1003295.7
20220,1747436400000,1005096.36
20221,1747440000000,1005777.5
20222,1747443600000,995377.57
20223,1747447200000,989645.66
20224,1747450800000,1001758.4
20225,1747454400000,995857.55
20226,1747458000000,1003396.97
20227,1747461600000,1007981.76
20228,1747465200000,1004601.29
20229,1747468800000,1011040.79
20230,1747472400000,1014641.4
20231,1747476000000,1013710.34
20232,1747479600000,1015824.68
20233,1747483200000,1018237.75
20234,1747486800000,1023415.66
20235,1747490400000,1027694.11
20236,1747494000000,1027713.88
20237,1747497600000,1029932.68
20238,1747501200000,1026095.0
20239,1747504800000,1027695.24
20240,1747508400000,1023511.03
20241,1747512000000,1022270.1
20242,1747515600000,1024128.82
20243,1747519200000,1022560.89
20244,1747522800000,1019936.56
20245,1747526400000,1016027.26
20246,1747530000000,1014070.9
20247,1747533600000,1014109.53
20248,1747537200000,1012094.54
20249,1747540800000,1013342.22
20250,1747544400000,1014463.56
20251,1747548000000,1002813.88
20252,1747551600000,1012149.04
20253,1747555200000,1011471.16
20254,1747558800000,1016289.66
20255,1747562400000,1012520.79
20256,1747566000000,1022427.97
20257,1747569600000,1022930.17
20258,1747573200000,1004073.3
20259,1747576800000,991829.99
20260,1747580400000,1003475.64
20261,1747584000000,1000617.74
20262,1747587600000,994794.87
20263,1747591200000,1005913.83
20264,1747594800000,1016173.42
20265,1747598400000,1002896.29
20266,1747602000000,986500.06
20267,1747605600000,997950.72
20268,1747609200000,972928.29
20269,1747612800000,967733.79
20270,1747616400000,991507.68
20271,1747620000000,995272.78
20272,1747623600000,987232.53
20273,1747627200000,993318.25
20274,1747630800000,994527.59
20275,1747634400000,1000661.03
20276,1747638000000,992028.82
20277,1747641600000,984792.42
20278,1747645200000,995062.74
20279,1747648800000,992537.57
20280,1747652400000,995490.44
20281,1747656000000,996831.56
20282,1747659600000,992355.87
20283,1747663200000,1000585.76
20284,1747666800000,977009.14
20285,1747670400000,976110.34
20286,1747674000000,963972.53
20287,1747677600000,943574.82
20288,1747681200000,966608.96
20289,1747684800000,988185.49
20290,1747688400000,981639.57
20291,1747692000000,981537.6
20292,1747695600000,984139.44
20293,1747699200000,987106.46
20294,1747702800000,972923.25
20295,1747706400000,965687.41
20296,1747710000000,971603.21
20297,1747713600000,962405.85
20298,1747717200000,984672.4
20299,1747720800000,995094.48
20300,1747724400000,1000196.97
20301,1747728000000,1004877.96
20302,1747731600000,1006291.37
20303,1747735200000,1006521.85
20304,1747738800000,1005402.91
20305,1747742400000,1005463.69
20306,1747746000000,1007309.85
20307,1747749600000,1005005.79
20308,1747753200000,1009217.74
20309,1747756800000,1003788.92
20310,1747760400000,997611.24
20311,1747764000000,994893.15
20312,1747767600000,997175.24
20313,1747771200000,993443.84
20314,1747774800000,990438.93
20315,1747778400000,978225.14
20316,1747782000000,973169.35
20317,1747785600000,966446.53
20318,1747789200000,966381.71
20319,1747792800000,968035.14
20320,1747796400000,972534.79
20321,1747800000000,973174.63
20322,1747803600000,978954.48
20323,1747807200000,999189.62
20324,1747810800000,1008386.89
20325,1747814400000,972262.2
20326,1747818000000,970631.02
20327,1747821600000,995938.77
20328,1747825200000,996854.61
20329,1747828800000,987561.86
20330,1747832400000,989384.48
20331,1747836000000,992242.84
20332,1747839600000,971640.19
20333,1747843200000,984113.59
20334,1747846800000,1002969.38
20335,1747850400000,982263.96
20336,1747854000000,983380.06
20337,1747857600000,976828.71
20338,1747861200000,971873.4
20339,1747864800000,965483.41
20340,1747868400000,977972.71
20341,1747872000000,968991.38
20342,1747875600000,961463.52
20343,1747879200000,936011.66
20344,1747882800000,941992.14
20345,1747886400000,948356.51
20346,1747890000000,955556.86
20347,1747893600000,961487.3
20348,1747897200000,984591.74
20349,1747900800000,988004.19
20350,1747904400000,999737.46
20351,1747908000000,1025257.64
20352,1747911600000,1025771.59
20353,1747915200000,1015984.35
20354,1747918800000,1027631.39
20355,1747922400000,1013390.39
20356,1747926000000,1018162.02
20357,1747929600000,1021203.2
20358,1747933200000,1017323.17
20359,1747936800000,1018531.1
20360,1747940400000,1011005.24
20361,1747944000000,1025532.5
20362,1747947600000,1019195.63
20363,1747951200000,1017695.55
20364,1747954800000,1012049.35
20365,1747958400000,1000953.33
20366,1747962000000,989210.71
20367,1747965600000,1000450.4
20368,1747969200000,1013476.13
20369,1747972800000,1023858.3
20370,1747976400000,1014333.75
20371,1747980000000,1018286.22
20372,1747983600000,1011370.49
20373,1747987200000,1013292.61
20374,1747990800000,1020942.46
20375,1747994400000,1027846.95
20376,1747998000000,1020172.87
20377,1748001600000,1031035.37
20378,1748005200000,1047052.16
20379,1748008800000,1052222.90999999
20380,1748012400000,1038550.71
20381,1748016000000,1034420.77
20382,1748019600000,1018680.42
20383,1748023200000,1027839.28
20384,1748026800000,1042714.09
20385,1748030400000,1035001.35
20386,1748034000000,1031748.07
20387,1748037600000,1024240.41
20388,1748041200000,1023240.99
20389,1748044800000,995874.87
20390,1748048400000,993980.52
20391,1748052000000,990288.45
20392,1748055600000,992593.24
20393,1748059200000,1012142.41
20394,1748062800000,1018370.89
20395,1748066400000,1024706.01
20396,1748070000000,1016426.21
20397,1748073600000,1032285.24
20398,1748077200000,1029967.61
20399,1748080800000,1033419.48
20400,1748084400000,1042554.5
20401,1748088000000,1032448.64
20402,1748091600000,1018190.4
20403,1748095200000,1016570.96
20404,1748098800000,1017151.28
20405,1748102400000,1024994.27
20406,1748106000000,1033818.71
20407,1748109600000,1038542.29
20408,1748113200000,1038463.38
20409,1748116800000,1038379.51
20410,1748120400000,1038452.2
20411,1748124000000,1032278.23
20412,1748127600000,1032534.9
20413,1748131200000,1036401.4
20414,1748134800000,1036601.68
20415,1748138400000,1042285.96
20416,1748142000000,1040761.7
20417,1748145600000,1025631.89
20418,1748149200000,1029436.93
20419,1748152800000,1041856.71
20420,1748156400000,1043214.3
20421,1748160000000,1048525.05
20422,1748163600000,1053040.13999999
20423,1748167200000,1061730.36
20424,1748170800000,1065453.88999999
20425,1748174400000,1063114.79
20426,1748178000000,1058938.90999999
20427,1748181600000,1057330.11
20428,1748185200000,1056895.11
20429,1748188800000,1050396.89999999
20430,1748192400000,1059688.12999999
20431,1748196000000,1059551.61
20432,1748199600000,1058449.36
20433,1748203200000,1054867.05
20434,1748206800000,1053948.56
20435,1748210400000,1050296.37
20436,1748214000000,1043298.76
20437,1748217600000,1053946.53
20438,1748221200000,1050711.83
20439,1748224800000,1052757.24
20440,1748228400000,1050078.43
20441,1748232000000,1052923.44
20442,1748235600000,1055013.75
20443,1748239200000,1056833.99
20444,1748242800000,1056384.11
20445,1748246400000,1056639.85
20446,1748250000000,1053779.38999999
20447,1748253600000,1072924.97
20448,1748257200000,1077033.15999999
20449,1748260800000,1075971.64999999
20450,1748264400000,1073028.12
20451,1748268000000,1065235.19
20452,1748271600000,1074461.43
20453,1748275200000,1073255.52
20454,1748278800000,1072832.8
20455,1748282400000,1064443.98
20456,1748286000000,1063950.15999999
20457,1748289600000,1064799.69
20458,1748293200000,1046526.88
20459,1748296800000,1066364.77
20460,1748300400000,1061287.7
20461,1748304000000,1062406.32
20462,1748307600000,1062157.49
20463,1748311200000,1076261.28
20464,1748314800000,1065884.27
20465,1748318400000,1078772.47
20466,1748322000000,1079251.34
20467,1748325600000,1092419.5
20468,1748329200000,1091158.90999999
20469,1748332800000,1081072.31
20470,1748336400000,1097935.06
20471,1748340000000,1087477.02
20472,1748343600000,1093437.21
20473,1748347200000,1097964.59
20474,1748350800000,1097453.87999999
20475,1748354400000,1091201.22
20476,1748358000000,1093144.11
20477,1748361600000,1099792.21
20478,1748365200000,1102892.48
20479,1748368800000,1118889.37
20480,1748372400000,1124587.90999999
20481,1748376000000,1114823.22
20482,1748379600000,1098253.81
20483,1748383200000,1094682.24
20484,1748386800000,1089618.72
20485,1748390400000,1088047.57
20486,1748394000000,1079980.86
20487,1748397600000,1075078.14999999
20488,1748401200000,1074866.59
20489,1748404800000,1073769.72
20490,1748408400000,1071064.65999999
20491,1748412000000,1068773.24
20492,1748415600000,1073703.52
20493,1748419200000,1081203.96
20494,1748422800000,1080344.21
20495,1748426400000,1078919.94
20496,1748430000000,1071267.44
20497,1748433600000,1068035.31
20498,1748437200000,1076727.71
20499,1748440800000,1071277.04
20500,1748444400000,1061331.23
20501,1748448000000,1071638.35
20502,1748451600000,1073574.64999999
20503,1748455200000,1074276.04
20504,1748458800000,1069784.77
20505,1748462400000,1074203.81
20506,1748466000000,1077448.27
20507,1748469600000,1070778.08
20508,1748473200000,1070913.13999999
20509,1748476800000,1086750.15999999
20510,1748480400000,1090138.38999999
20511,1748484000000,1083102.36
20512,1748487600000,1090188.59
20513,1748491200000,1097937.61
20514,1748494800000,1091229.84
20515,1748498400000,1098880.8
20516,1748502000000,1102481.73
20517,1748505600000,1105800.5
20518,1748509200000,1110879.14999999
20519,1748512800000,1118171.03
20520,1748516400000,1116486.68
20521,1748520000000,1109935.58
20522,1748523600000,1113119.02
20523,1748527200000,1092792.06
20524,1748530800000,1062109.67
20525,1748534400000,1067284.15999999
20526,1748538000000,1066385.26
20527,1748541600000,1057154.14999999
20528,1748545200000,1069399.94
20529,1748548800000,1063760.63999999
20530,1748552400000,1078644.32
20531,1748556000000,1072473.77
20532,1748559600000,1102348.64999999
20533,1748563200000,1100679.68
20534,1748566800000,1055825.92
20535,1748570400000,1081557.04
20536,1748574000000,1107189.18
20537,1748577600000,1110434.08
20538,1748581200000,1108030.57
20539,1748584800000,1108373.47
20540,1748588400000,1104650.62
20541,1748592000000,1100944.61
20542,1748595600000,1094018.34
20543,1748599200000,1084906.77
20544,1748602800000,1092137.28
20545,1748606400000,1091936.24
20546,1748610000000,1080903.54
20547,1748613600000,1060396.87
20548,1748617200000,1079657.25
20549,1748620800000,1077260.2
20550,1748624400000,1070384.22
20551,1748628000000,1081898.73
20552,1748631600000,1051654.31
20553,1748635200000,1052611.17
20554,1748638800000,1059921.79
20555,1748642400000,1057760.81
20556,1748646000000,1065708.5
20557,1748649600000,1079681.1
20558,1748653200000,1082466.02
20559,1748656800000,1076117.77
20560,1748660400000,1070676.38999999
20561,1748664000000,1072093.84
20562,1748667600000,1063932.2
20563,1748671200000,1066748.03
20564,1748674800000,1064710.8
20565,1748678400000,1060934.92
20566,1748682000000,1060329.67
20567,1748685600000,1060511.29
20568,1748689200000,1061453.42
20569,1748692800000,1064078.62
20570,1748696400000,1084543.51
20571,1748700000000,1067889.3
20572,1748703600000,1077805.73
20573,1748707200000,1083330.11
20574,1748710800000,1078053.31
20575,1748714400000,1075052.99
20576,1748718000000,1075119.65999999
20577,1748721600000,1072710.01
20578,1748725200000,1075097.6
20579,1748728800000,1058871.65999999
20580,1748732400000,1050121.38999999
20581,1748736000000,1039587.8
20582,1748739600000,1061262.85
20583,1748743200000,1051781.03
20584,1748746800000,1065129.96
20585,1748750400000,1060810.44
20586,1748754000000,1057009.27
20587,1748757600000,1061501.58
20588,1748761200000,1057387.19
20589,1748764800000,1061307.78
20590,1748768400000,1062566.99
20591,1748772000000,1069193.7
20592,1748775600000,1068172.69
20593,1748779200000,1066413.11
20594,1748782800000,1082776.81
20595,1748786400000,1080887.69
20596,1748790000000,1070502.61
20597,1748793600000,1070838.99
20598,1748797200000,1071884.31
20599,1748800800000,1068039.62999999
20600,1748804400000,1048756.23
20601,1748808000000,1043366.61
20602,1748811600000,1046414.98
20603,1748815200000,1038729.77
20604,1748818800000,1038811.9
20605,1748822400000,1043485.14
20606,1748826000000,1034122.83
20607,1748829600000,1036885.3
20608,1748833200000,1033166.62
20609,1748836800000,1036823.25
20610,1748840400000,1043831.05
20611,1748844000000,1048859.68
20612,1748847600000,1054230.87999999
20613,1748851200000,1055420.54
20614,1748854800000,1051236.43
20615,1748858400000,1070084.35
20616,1748862000000,1071516.12999999
20617,1748865600000,1068163.23
20618,1748869200000,1063992.1
20619,1748872800000,1065516.29
20620,1748876400000,1068783.14999999
20621,1748880000000,1079015.07
20622,1748883600000,1082566.52
20623,1748887200000,1090315.42
20624,1748890800000,1097619.48
20625,1748894400000,1090481.62
20626,1748898000000,1084443.94
20627,1748901600000,1106755.04
20628,1748905200000,1118059.97
20629,1748908800000,1112787.71
20630,1748912400000,1124551.5
20631,1748916000000,1137465.37999999
20632,1748919600000,1113233.73
20633,1748923200000,1110074.22
20634,1748926800000,1105913.03
20635,1748930400000,1105586.69
20636,1748934000000,1109938.7
20637,1748937600000,1105545.08
20638,1748941200000,1107190.43
20639,1748944800000,1090929.74
20640,1748948400000,1094277.09
20641,1748952000000,1093596.95
20642,1748955600000,1091168.40999999
20643,1748959200000,1107465.90999999
20644,1748962800000,1110824.82
20645,1748966400000,1117131.74
20646,1748970000000,1098037.06
20647,1748973600000,1096966.75
20648,1748977200000,1096003.24
20649,1748980800000,1107551.59
20650,1748984400000,1084682.99
20651,1748988000000,1071596.49
20652,1748991600000,1063783.6
20653,1748995200000,1060341.65999999
20654,1748998800000,1063338.87
20655,1749002400000,1066666.23
20656,1749006000000,1063789.01
20657,1749009600000,1093469.69
20658,1749013200000,1105399.67
20659,1749016800000,1112558.26
20660,1749020400000,1121494.84
20661,1749024000000,1123999.27
20662,1749027600000,1134390.24
20663,1749031200000,1132508.42
20664,1749034800000,1134751.32
20665,1749038400000,1131467.09
20666,1749042000000,1115848.84
20667,1749045600000,1105292.88999999
20668,1749049200000,1139657.6
20669,1749052800000,1182224.57
20670,1749056400000,1180127.49
20671,1749060000000,1163589.03
20672,1749063600000,1151662.32
20673,1749067200000,1143370.97
20674,1749070800000,1130132.49
20675,1749074400000,1128362.07
20676,1749078000000,1121279.12
20677,1749081600000,1119442.01
20678,1749085200000,1116222.47
20679,1749088800000,1117074.97
20680,1749092400000,1137517.32
20681,1749096000000,1140751.03
20682,1749099600000,1150979.65999999
20683,1749103200000,1154333.86
20684,1749106800000,1164744.83
20685,1749110400000,1166889.96
20686,1749114000000,1165450.72
20687,1749117600000,1163714.15999999
20688,1749121200000,1120028.7
20689,1749124800000,1118042.68
20690,1749128400000,1131047.28
20691,1749132000000,1107221.40999999
20692,1749135600000,1099756.33
20693,1749139200000,1100870.37
20694,1749142800000,1110096.7
20695,1749146400000,1137104.17
20696,1749150000000,1147360.37999999
20697,1749153600000,1105413.04
20698,1749157200000,1083069.87
20699,1749160800000,1117006.07
20700,1749164400000,1120546.0
20701,1749168000000,1121801.90999999
20702,1749171600000,1121001.0
20703,1749175200000,1114154.78
20704,1749178800000,1135217.11
20705,1749182400000,1140971.89999999
20706,1749186000000,1149990.74
20707,1749189600000,1159398.56
20708,1749193200000,1157305.02
20709,1749196800000,1151262.32
20710,1749200400000,1145242.90999999
20711,1749204000000,1149764.03
20712,1749207600000,1154731.26
20713,1749211200000,1156149.93
20714,1749214800000,1156898.32
20715,1749218400000,1135782.83
20716,1749222000000,1132494.11
20717,1749225600000,1105891.52
20718,1749229200000,1096632.97
20719,1749232800000,1089500.1
20720,1749236400000,1093077.34
20721,1749240000000,1088870.87
20722,1749243600000,1086057.58
20723,1749247200000,1091730.51
20724,1749250800000,1090120.21
20725,1749254400000,1086104.01
20726,1749258000000,1076361.83
20727,1749261600000,1078732.56
20728,1749265200000,1080541.12
20729,1749268800000,1078437.67
20730,1749272400000,1086333.0
20731,1749276000000,1093455.07
20732,1749279600000,1095431.1
20733,1749283200000,1084780.76
20734,1749286800000,1084175.58
20735,1749290400000,1084357.52
20736,1749294000000,1091100.07
20737,1749297600000,1102796.28
20738,1749301200000,1107680.40999999
20739,1749304800000,1103336.97
20740,1749308400000,1103914.62
20741,1749312000000,1100936.75
20742,1749315600000,1101074.97
20743,1749319200000,1104345.72
20744,1749322800000,1103123.45
20745,1749326400000,1096162.08
20746,1749330000000,1086199.93
20747,1749333600000,1082055.28
20748,1749337200000,1078482.3
20749,1749340800000,1077780.61
20750,1749344400000,1077034.63999999
20751,1749348000000,1083562.75
20752,1749351600000,1084395.71
20753,1749355200000,1083675.37
20754,1749358800000,1086848.81
20755,1749362400000,1086684.53
20756,1749366000000,1085526.59
20757,1749369600000,1085542.87999999
20758,1749373200000,1084428.02
20759,1749376800000,1082809.3
20760,1749380400000,1087687.77
20761,1749384000000,1077806.38999999
20762,1749387600000,1078827.88999999
20763,1749391200000,1073790.90999999
20764,1749394800000,1077834.21
20765,1749398400000,1099036.99
20766,1749402000000,1091638.42
20767,1749405600000,1086507.56
20768,1749409200000,1088264.25
20769,1749412800000,1097489.39999999
20770,1749416400000,1093997.74
20771,1749420000000,1093825.09
20772,1749423600000,1082695.14999999
20773,1749427200000,1081604.62999999
20774,1749430800000,1084102.0
20775,1749434400000,1101622.35
20776,1749438000000,1094495.26
20777,1749441600000,1092873.99
20778,1749445200000,1097583.35
20779,1749448800000,1105387.39999999
20780,1749452400000,1107373.03
20781,1749456000000,1114332.87
20782,1749459600000,1112290.5
20783,1749463200000,1121179.95
20784,1749466800000,1116726.15999999
20785,1749470400000,1100371.88999999
20786,1749474000000,1105801.03
20787,1749477600000,1093227.77
20788,1749481200000,1086629.25
20789,1749484800000,1108992.67
20790,1749488400000,1106022.0
20791,1749492000000,1107685.38999999
20792,1749495600000,1110153.97
20793,1749499200000,1107140.74
20794,1749502800000,1108371.04
20795,1749506400000,1077964.46
20796,1749510000000,1093697.95
20797,1749513600000,1095509.47
20798,1749517200000,1107158.42
20799,1749520800000,1117561.40999999
20800,1749524400000,1117845.23
20801,1749528000000,1127034.48
20802,1749531600000,1131598.87999999
20803,1749535200000,1136278.64999999
20804,1749538800000,1130449.63999999
20805,1749542400000,1137179.86
20806,1749546000000,1148058.7
20807,1749549600000,1152973.74
20808,1749553200000,1158905.89999999
20809,1749556800000,1227961.93
20810,1749560400000,1256495.93
20811,1749564000000,1246993.94
20812,1749567600000,1253446.45
20813,1749571200000,1221658.44
20814,1749574800000,1227825.49
20815,1749578400000,1227410.01
20816,1749582000000,1233229.44
20817,1749585600000,1231154.05
20818,1749589200000,1231152.22
20819,1749592800000,1219766.36
20820,1749596400000,1207705.84
20821,1749600000000,1209800.93
20822,1749603600000,1205882.28
20823,1749607200000,1198765.05
20824,1749610800000,1192030.56
20825,1749614400000,1194428.93
20826,1749618000000,1196431.79
20827,1749621600000,1195780.93
20828,1749625200000,1197536.48
20829,1749628800000,1199089.67
20830,1749632400000,1196235.15999999
20831,1749636000000,1196007.55
20832,1749639600000,1194937.51
20833,1749643200000,1199697.78
20834,1749646800000,1257047.38999999
20835,1749650400000,1230155.1
20836,1749654000000,1230463.21
20837,1749657600000,1242565.51
20838,1749661200000,1249386.55
20839,1749664800000,1238274.81
20840,1749668400000,1226550.2
20841,1749672000000,1229701.8
20842,1749675600000,1217332.89999999
20843,1749679200000,1203639.49
20844,1749682800000,1195416.99
20845,1749686400000,1193903.2
20846,1749690000000,1192760.73
20847,1749693600000,1185007.42
20848,1749697200000,1176709.1
20849,1749700800000,1168243.34
20850,1749704400000,1170737.01
20851,1749708000000,1173028.74
20852,1749711600000,1181550.96
20853,1749715200000,1173810.61
20854,1749718800000,1155483.78
20855,1749722400000,1158159.42
20856,1749726000000,1150562.11
20857,1749729600000,1150791.74
20858,1749733200000,1155375.78
20859,1749736800000,1172424.59
20860,1749740400000,1191127.36
20861,1749744000000,1170846.64999999
20862,1749747600000,1161476.57
20863,1749751200000,1174355.1
20864,1749754800000,1164761.87999999
20865,1749758400000,1138491.33
20866,1749762000000,1111893.87999999
20867,1749765600000,1103690.48
20868,1749769200000,1106205.12
20869,1749772800000,1109365.31
20870,1749776400000,1070989.26
20871,1749780000000,1054313.98
20872,1749783600000,1061034.29
20873,1749787200000,1093305.02
20874,1749790800000,1081966.43
20875,1749794400000,1087386.13999999
20876,1749798000000,1094440.69
20877,1749801600000,1091630.2
20878,1749805200000,1079920.51
20879,1749808800000,1083040.82
20880,1749812400000,1080370.37999999
20881,1749816000000,1077277.31
20882,1749819600000,1072997.55
20883,1749823200000,1078357.34
20884,1749826800000,1071475.95
20885,1749830400000,1070105.52
20886,1749834000000,1065645.89999999
20887,1749837600000,1046023.8
20888,1749841200000,1058792.27
20889,1749844800000,1061015.39999999
20890,1749848400000,1058401.13999999
20891,1749852000000,1061359.79
20892,1749855600000,1059593.13999999
20893,1749859200000,1064528.71
20894,1749862800000,1059228.17
20895,1749866400000,1059590.15999999
20896,1749870000000,1056415.07
20897,1749873600000,1055466.08
20898,1749877200000,1056880.96
20899,1749880800000,1059157.82
20900,1749884400000,1056361.36
20901,1749888000000,1051869.38999999
20902,1749891600000,1053229.03
20903,1749895200000,1054303.74
20904,1749898800000,1055760.08
20905,1749902400000,1066502.57
20906,1749906000000,1059103.88999999
20907,1749909600000,1065401.85
20908,1749913200000,1066594.2
20909,1749916800000,1064330.62999999
20910,1749920400000,1069790.17
20911,1749924000000,1076773.62999999
20912,1749927600000,1076303.13999999
20913,1749931200000,1065217.09
20914,1749934800000,1059842.72
20915,1749938400000,1075444.14999999
20916,1749942000000,1072586.69
20917,1749945600000,1064065.5
20918,1749949200000,1054967.59
20919,1749952800000,1048575.55
20920,1749956400000,1050329.49
20921,1749960000000,1051219.14999999
20922,1749963600000,1047450.27
20923,1749967200000,1049561.13999999
20924,1749970800000,1053958.53
20925,1749974400000,1052660.72
20926,1749978000000,1062400.97
20927,1749981600000,1065278.35
20928,1749985200000,1074186.94
20929,1749988800000,1074800.04
20930,1749992400000,1076761.93
20931,1749996000000,1068043.49
20932,1749999600000,1075206.62
20933,1750003200000,1078956.7
20934,1750006800000,1076057.19
20935,1750010400000,1081843.65999999
20936,1750014000000,1078542.06
20937,1750017600000,1071583.23
20938,1750021200000,1061805.25
20939,1750024800000,1062234.93
20940,1750028400000,1054591.31
20941,1750032000000,1053902.75
20942,1750035600000,1053255.83
20943,1750039200000,1045002.89
20944,1750042800000,1044648.72
20945,1750046400000,1048033.24
20946,1750050000000,1056024.86
20947,1750053600000,1051232.37999999
20948,1750057200000,1053684.40999999
20949,1750060800000,1055445.48
20950,1750064400000,1059674.25
20951,1750068000000,1063867.54
20952,1750071600000,1061270.83
20953,1750075200000,1071281.48
20954,1750078800000,1086417.07
20955,1750082400000,1089137.11
20956,1750086000000,1084182.5
20957,1750089600000,1074894.08
20958,1750093200000,1078871.48
20959,1750096800000,1073073.3
20960,1750100400000,1086215.71
20961,1750104000000,1090424.36
20962,1750107600000,1086380.76
20963,1750111200000,1087483.26
20964,1750114800000,1063649.44
20965,1750118400000,1027360.86
20966,1750122000000,1038284.66
20967,1750125600000,1036204.81
20968,1750129200000,1031010.08
20969,1750132800000,1034251.85
20970,1750136400000,1033016.76
20971,1750140000000,1036387.9
20972,1750143600000,1041010.72
20973,1750147200000,1045341.13
20974,1750150800000,1043624.05
20975,1750154400000,1042507.12
20976,1750158000000,1043123.1
20977,1750161600000,1040221.89
20978,1750165200000,1052858.2
20979,1750168800000,1061443.89999999
20980,1750172400000,1057486.53
20981,1750176000000,1082862.21
20982,1750179600000,1089710.82
20983,1750183200000,1094535.45
20984,1750186800000,1093265.75
20985,1750190400000,1097299.81
20986,1750194000000,1090331.51
20987,1750197600000,1080514.87999999
20988,1750201200000,1081008.55
20989,1750204800000,1074761.54
20990,1750208400000,1073690.98
20991,1750212000000,1075501.82
20992,1750215600000,1074611.24
20993,1750219200000,1078778.87
20994,1750222800000,1083363.22
20995,1750226400000,1085093.85
20996,1750230000000,1077744.89999999
20997,1750233600000,1078291.09
20998,1750237200000,1080361.19
20999,1750240800000,1082926.96
21000,1750244400000,1066282.12999999
21001,1750248000000,1077361.62
21002,1750251600000,1078433.86
21003,1750255200000,1088425.69
21004,1750258800000,1082152.87999999
21005,1750262400000,1092207.61
21006,1750266000000,1082398.0
21007,1750269600000,1077087.48
21008,1750273200000,1080420.62999999
21009,1750276800000,1080264.09
21010,1750280400000,1074203.97
21011,1750284000000,1063525.42
21012,1750287600000,1063864.18
21013,1750291200000,1060128.94
21014,1750294800000,1055664.98
21015,1750298400000,1059206.97
21016,1750302000000,1058845.39999999
21017,1750305600000,1058633.90999999
21018,1750309200000,1066375.65999999
21019,1750312800000,1070199.0
21020,1750316400000,1070084.77
21021,1750320000000,1071369.46
21022,1750323600000,1074457.32
21023,1750327200000,1082191.34
21024,1750330800000,1089491.85
21025,1750334400000,1083815.65999999
21026,1750338000000,1079464.92
21027,1750341600000,1068169.58
21028,1750345200000,1070929.63999999
21029,1750348800000,1088195.44
21030,1750352400000,1095038.27
21031,1750356000000,1093194.35
21032,1750359600000,1094144.3
21033,1750363200000,1091179.27
21034,1750366800000,1093205.79
21035,1750370400000,1094288.93
21036,1750374000000,1089473.96
21037,1750377600000,1094380.39999999
21038,1750381200000,1094115.14999999
21039,1750384800000,1089165.67
21040,1750388400000,1087547.51
21041,1750392000000,1088023.83
21042,1750395600000,1090625.28
21043,1750399200000,1092298.39999999
21044,1750402800000,1093535.69
21045,1750406400000,1101583.92
21046,1750410000000,1112307.42
21047,1750413600000,1113582.97
21048,1750417200000,1105614.64999999
21049,1750420800000,1099061.92
21050,1750424400000,1101635.61
21051,1750428000000,1096366.6
21052,1750431600000,1089637.77
21053,1750435200000,1107368.05
21054,1750438800000,1127924.31
21055,1750442400000,1124204.37999999
21056,1750446000000,1138292.87999999
21057,1750449600000,1133649.90999999
21058,1750453200000,1128951.27
21059,1750456800000,1118640.1
21060,1750460400000,1124402.82
21061,1750464000000,1127546.22
21062,1750467600000,1126543.49
21063,1750471200000,1129899.06
21064,1750474800000,1125475.18
21065,1750478400000,1123270.12
21066,1750482000000,1119386.27
21067,1750485600000,1118518.98
21068,1750489200000,1115304.75
21069,1750492800000,1116820.17
21070,1750496400000,1108819.64999999
21071,1750500000000,1111472.71
21072,1750503600000,1104116.6
21073,1750507200000,1107822.63999999
21074,1750510800000,1104595.09
21075,1750514400000,1101810.0
21076,1750518000000,1109578.31
21077,1750521600000,1108777.62999999
21078,1750525200000,1109674.15999999
21079,1750528800000,1115805.74
21080,1750532400000,1129422.33
21081,1750536000000,1126585.05
21082,1750539600000,1127317.34
21083,1750543200000,1082310.42
21084,1750546800000,1081482.37
21085,1750550400000,1060619.48
21086,1750554000000,1059404.6
21087,1750557600000,1061782.52
21088,1750561200000,1059488.72
21089,1750564800000,1060397.09
21090,1750568400000,1059652.06
21091,1750572000000,1058000.58
21092,1750575600000,1054143.88999999
21093,1750579200000,1056592.99
21094,1750582800000,1057138.63999999
21095,1750586400000,1065043.89999999
21096,1750590000000,1076430.17
21097,1750593600000,1069534.55
21098,1750597200000,1070783.34
21099,1750600800000,1061770.97
21100,1750604400000,1079473.67
21101,1750608000000,1070372.44
21102,1750611600000,1072969.5
21103,1750615200000,1063596.73
21104,1750618800000,1060874.21
21105,1750622400000,1060403.08
21106,1750626000000,1050939.47
21107,1750629600000,1046204.28
21108,1750633200000,1036822.73
21109,1750636800000,1033400.31
21110,1750640400000,1018192.93
21111,1750644000000,1024706.91
21112,1750647600000,1031012.8
21113,1750651200000,1029755.88
21114,1750654800000,1034943.38
21115,1750658400000,1037745.55
21116,1750662000000,1037871.18
21117,1750665600000,1026911.21
21118,1750669200000,1035015.5
21119,1750672800000,1045461.79
21120,1750676400000,1050972.46
21121,1750680000000,1062321.2
21122,1750683600000,1060569.93
21123,1750687200000,1050355.83
21124,1750690800000,1049619.88999999
21125,1750694400000,1048991.08
21126,1750698000000,1038237.22
21127,1750701600000,1032322.15
21128,1750705200000,1043316.04
21129,1750708800000,1036945.25
21130,1750712400000,1015148.67
21131,1750716000000,1022327.58
21132,1750719600000,1043127.27
21133,1750723200000,1041200.67
21134,1750726800000,1035701.04
21135,1750730400000,1032049.87
21136,1750734000000,1033794.06
21137,1750737600000,1044822.03
21138,1750741200000,1051191.40999999
21139,1750744800000,1045986.05
21140,1750748400000,1049008.0
21141,1750752000000,1056983.26
21142,1750755600000,1075675.15999999
21143,1750759200000,1062839.46
21144,1750762800000,1065617.46
21145,1750766400000,1070758.76
21146,1750770000000,1075102.82
21147,1750773600000,1085962.86
21148,1750777200000,1077573.58
21149,1750780800000,1075611.23
21150,1750784400000,1063204.09
21151,1750788000000,1067071.81
21152,1750791600000,1058227.83
21153,1750795200000,1041283.37
21154,1750798800000,1047309.07
21155,1750802400000,1045987.56
21156,1750806000000,1042827.87
21157,1750809600000,1038364.44
21158,1750813200000,1025284.0
21159,1750816800000,1027509.58
21160,1750820400000,1027269.39
21161,1750824000000,1031193.25
21162,1750827600000,1031071.9
21163,1750831200000,1031700.7
21164,1750834800000,1031223.21
21165,1750838400000,1028601.9
21166,1750842000000,1022142.25
21167,1750845600000,1023802.72
21168,1750849200000,1037774.15
21169,1750852800000,1039850.41
21170,1750856400000,1036982.48
21171,1750860000000,1041941.18
21172,1750863600000,1038033.57
21173,1750867200000,1026054.45
21174,1750870800000,1024185.93
21175,1750874400000,1013939.09
21176,1750878000000,1018506.43
21177,1750881600000,1023040.29
21178,1750885200000,1024342.39
21179,1750888800000,1015781.6
21180,1750892400000,999471.29
21181,1750896000000,995942.36
21182,1750899600000,994182.01
21183,1750903200000,976716.74
21184,1750906800000,982249.5
21185,1750910400000,1009380.78
21186,1750914000000,1010598.61
21187,1750917600000,1014200.69
21188,1750921200000,1017118.51
21189,1750924800000,1027208.51
21190,1750928400000,1024343.82
21191,1750932000000,1022057.42
21192,1750935600000,1014651.04
21193,1750939200000,1008756.76
21194,1750942800000,1015809.29
21195,1750946400000,1004973.71
21196,1750950000000,1012544.31
21197,1750953600000,1009171.78
21198,1750957200000,1002792.33
21199,1750960800000,1000014.62
21200,1750964400000,1006251.48
21201,1750968000000,1009028.45
21202,1750971600000,1009353.35
21203,1750975200000,1000526.87
21204,1750978800000,997016.92
21205,1750982400000,995086.97
21206,1750986000000,990411.26
21207,1750989600000,984294.48
21208,1750993200000,981009.05
21209,1750996800000,977226.58
21210,1751000400000,989684.97
21211,1751004000000,995938.48
21212,1751007600000,997149.05
21213,1751011200000,993383.84
21214,1751014800000,993839.28
21215,1751018400000,997805.52
21216,1751022000000,1002595.4
21217,1751025600000,1004469.66
21218,1751029200000,990641.97
21219,1751032800000,992716.21
21220,1751036400000,1002357.37
21221,1751040000000,998763.5
21222,1751043600000,993370.15
21223,1751047200000,992798.13
21224,1751050800000,1000879.58
21225,1751054400000,1005575.87
21226,1751058000000,998545.74
21227,1751061600000,986466.14
21228,1751065200000,991861.18
21229,1751068800000,992540.69
21230,1751072400000,993254.63
21231,1751076000000,989410.41
21232,1751079600000,989316.0
21233,1751083200000,990011.6
21234,1751086800000,986831.38
21235,1751090400000,985058.74
21236,1751094000000,984288.35
21237,1751097600000,978930.87
21238,1751101200000,978220.93
21239,1751104800000,979607.43
21240,1751108400000,981258.35
21241,1751112000000,980890.42
21242,1751115600000,981588.04
21243,1751119200000,983548.52
21244,1751122800000,983832.31
21245,1751126400000,980456.15
21246,1751130000000,984589.69
21247,1751133600000,981369.46
21248,1751137200000,984063.21
21249,1751140800000,988710.74
21250,1751144400000,993087.85
21251,1751148000000,986227.88
21252,1751151600000,984849.59
21253,1751155200000,980027.36
21254,1751158800000,989877.0
21255,1751162400000,999679.88
21256,1751166000000,996745.63
21257,1751169600000,997260.73
21258,1751173200000,998788.14
21259,1751176800000,996517.65
21260,1751180400000,998868.01
21261,1751184000000,1000086.79
21262,1751187600000,1005124.47
21263,1751191200000,1002207.54
21264,1751194800000,1012480.09
21265,1751198400000,1023365.84
21266,1751202000000,1014908.42
21267,1751205600000,1013007.57
21268,1751209200000,1015392.69
21269,1751212800000,1021520.03
21270,1751216400000,1014429.09
21271,1751220000000,1013019.84
21272,1751223600000,1018324.01
21273,1751227200000,1016518.54
21274,1751230800000,1016977.12
21275,1751234400000,996017.78
21276,1751238000000,989034.85
21277,1751241600000,984264.29
21278,1751245200000,993982.09
21279,1751248800000,1010816.7
21280,1751252400000,1008628.14
21281,1751256000000,1013368.55
21282,1751259600000,1019791.09
21283,1751263200000,1020897.02
21284,1751266800000,1012082.62
21285,1751270400000,1009227.67
21286,1751274000000,1008486.0
21287,1751277600000,1013641.47
21288,1751281200000,1006231.17
21289,1751284800000,1008361.54
21290,1751288400000,1007591.74
21291,1751292000000,1006048.15
21292,1751295600000,1001597.56
21293,1751299200000,1012836.44
21294,1751302800000,1007527.97
21295,1751306400000,1010065.73
21296,1751310000000,1020713.46
21297,1751313600000,1030916.83
21298,1751317200000,1036393.33
21299,1751320800000,1039389.27
21300,1751324400000,1035960.12
21301,1751328000000,1033003.79
21302,1751331600000,1028823.53
21303,1751335200000,1024856.75
21304,1751338800000,1022222.68
21305,1751342400000,1024442.07
21306,1751346000000,1024043.71
21307,1751349600000,1006693.64
21308,1751353200000,1004558.5
21309,1751356800000,1005774.8
21310,1751360400000,1000501.29
21311,1751364000000,1007235.4
21312,1751367600000,1007760.04
21313,1751371200000,1006103.53
21314,1751374800000,1003168.83
21315,1751378400000,1018260.05
21316,1751382000000,1032575.61
21317,1751385600000,1037145.49
21318,1751389200000,1038359.21
21319,1751392800000,1037466.33
21320,1751396400000,1027469.46
21321,1751400000000,1027356.04
21322,1751403600000,1022668.4
21323,1751407200000,1021489.23
21324,1751410800000,1023877.21
21325,1751414400000,1018532.53
21326,1751418000000,1020683.08
21327,1751421600000,1026127.56
21328,1751425200000,1020594.39
21329,1751428800000,1020096.67
21330,1751432400000,1018195.15
21331,1751436000000,1013776.9
21332,1751439600000,1015464.08
21333,1751443200000,1015225.82
21334,1751446800000,1024147.1
21335,1751450400000,1023108.98
21336,1751454000000,1022504.79
21337,1751457600000,1017838.73
21338,1751461200000,1014180.17
21339,1751464800000,1017328.69
21340,1751468400000,1026649.69
21341,1751472000000,1026743.86
21342,1751475600000,1023947.32
21343,1751479200000,1042447.7
21344,1751482800000,1042975.47
21345,1751486400000,1038611.51
21346,1751490000000,1049270.12
21347,1751493600000,1051499.77
21348,1751497200000,1056769.40999999
21349,1751500800000,1061866.72
21350,1751504400000,1053102.93
21351,1751508000000,1048106.17
21352,1751511600000,1043043.49
21353,1751515200000,1046434.02
21354,1751518800000,1044992.4
21355,1751522400000,1048394.89
21356,1751526000000,1059659.54
21357,1751529600000,1059453.19
21358,1751533200000,1070558.39999999
21359,1751536800000,1086761.87999999
21360,1751540400000,1089754.43
21361,1751544000000,1081320.33
21362,1751547600000,1077478.08
21363,1751551200000,1078404.22
21364,1751554800000,1067365.87999999
21365,1751558400000,1050266.84
21366,1751562000000,1048594.43
21367,1751565600000,1045148.99
21368,1751569200000,1054859.07
21369,1751572800000,1048927.02
21370,1751576400000,1049068.62999999
21371,1751580000000,1045352.16
21372,1751583600000,1045509.92
21373,1751587200000,1042607.85
21374,1751590800000,1040780.76
21375,1751594400000,1041287.85
21376,1751598000000,1038452.79
21377,1751601600000,1036435.61
21378,1751605200000,1035396.52
21379,1751608800000,1035848.95
21380,1751612400000,1035275.01
21381,1751616000000,1025642.54
21382,1751619600000,996005.41
21383,1751623200000,996756.22
21384,1751626800000,994924.96
21385,1751630400000,995507.06
21386,1751634000000,996723.21
21387,1751637600000,992275.8
21388,1751641200000,988422.02
21389,1751644800000,995420.9
21390,1751648400000,1003755.36
21391,1751652000000,1013680.5
21392,1751655600000,1009629.84
21393,1751659200000,1015568.31
21394,1751662800000,1012144.51
21395,1751666400000,1009772.97
21396,1751670000000,1008611.63
21397,1751673600000,1003796.03
21398,1751677200000,1002255.37
21399,1751680800000,1000978.83
21400,1751684400000,999331.83
21401,1751688000000,1002829.49
21402,1751691600000,1002025.52
21403,1751695200000,1006090.64
21404,1751698800000,1003651.81
21405,1751702400000,1003402.63
21406,1751706000000,1000410.69
21407,1751709600000,999412.17
21408,1751713200000,1003427.3
21409,1751716800000,1005221.82
21410,1751720400000,1005406.8
21411,1751724000000,1004509.87
21412,1751727600000,1007398.42
21413,1751731200000,1001217.91
21414,1751734800000,997661.52
21415,1751738400000,998395.21
21416,1751742000000,1001629.35
21417,1751745600000,996986.69
21418,1751749200000,997440.66
21419,1751752800000,992465.92
21420,1751756400000,996957.57
21421,1751760000000,998215.14
21422,1751763600000,996428.17
21423,1751767200000,995958.62
21424,1751770800000,997484.21
21425,1751774400000,996856.4
21426,1751778000000,997973.13
21427,1751781600000,995368.07
21428,1751785200000,999824.43
21429,1751788800000,996111.97
21430,1751792400000,997758.8
21431,1751796000000,1004121.76
21432,1751799600000,1002500.35
21433,1751803200000,1001686.98
21434,1751806800000,999252.29
21435,1751810400000,995742.67
21436,1751814000000,993902.06
21437,1751817600000,1000896.1
21438,1751821200000,999060.62
21439,1751824800000,999518.04
21440,1751828400000,994457.0
21441,1751832000000,993862.81
21442,1751835600000,995549.41
21443,1751839200000,985155.65
21444,1751842800000,993167.38
21445,1751846400000,990490.61
21446,1751850000000,991832.02
21447,1751853600000,990868.21
21448,1751857200000,989839.72
21449,1751860800000,988069.34
21450,1751864400000,993282.73
21451,1751868000000,993102.97
21452,1751871600000,995287.98
21453,1751875200000,1007264.98
21454,1751878800000,1020496.14
21455,1751882400000,1022415.87
21456,1751886000000,1021198.6
21457,1751889600000,1017067.88
21458,1751893200000,1006557.4
21459,1751896800000,1014607.04
21460,1751900400000,1020775.33
21461,1751904000000,1013946.17
21462,1751907600000,1006918.01
21463,1751911200000,1009287.31
21464,1751914800000,1010701.22
21465,1751918400000,1005787.01
21466,1751922000000,1000532.25
21467,1751925600000,998065.47
21468,1751929200000,998172.61
21469,1751932800000,998663.1
21470,1751936400000,1002385.65
21471,1751940000000,999698.55
21472,1751943600000,997517.16
21473,1751947200000,996530.76
21474,1751950800000,995155.14
21475,1751954400000,991914.5
21476,1751958000000,990042.72
21477,1751961600000,1001421.9
21478,1751965200000,995966.43
21479,1751968800000,993597.5
21480,1751972400000,1005062.8
21481,1751976000000,1014347.82
21482,1751979600000,1011714.76
21483,1751983200000,1020768.18
21484,1751986800000,1001820.72
21485,1751990400000,1005367.12
21486,1751994000000,1005397.6
21487,1751997600000,1050400.96
21488,1752001200000,1070885.22
21489,1752004800000,1062463.95
21490,1752008400000,1059779.84
21491,1752012000000,1056956.55
21492,1752015600000,1056126.29
21493,1752019200000,1056049.97
21494,1752022800000,1054785.09
21495,1752026400000,1051741.27
21496,1752030000000,1052782.34
21497,1752033600000,1050881.0
21498,1752037200000,1055934.83
21499,1752040800000,1068951.03
21500,1752044400000,1072575.52
21501,1752048000000,1080605.98
21502,1752051600000,1098280.5
21503,1752055200000,1091306.58
21504,1752058800000,1091552.42
21505,1752062400000,1096453.83
21506,1752066000000,1129476.6
21507,1752069600000,1126815.18
21508,1752073200000,1116459.45
21509,1752076800000,1107866.08
21510,1752080400000,1111508.81
21511,1752084000000,1103971.13999999
21512,1752087600000,1117074.12999999
21513,1752091200000,1109610.13999999
21514,1752094800000,1105181.95
21515,1752098400000,1113626.92
21516,1752102000000,1109843.27
21517,1752105600000,1121440.7
21518,1752109200000,1126351.35
21519,1752112800000,1123711.75
21520,1752116400000,1136104.38999999
21521,1752120000000,1139478.92
21522,1752123600000,1137007.36
21523,1752127200000,1144739.43
21524,1752130800000,1153804.34
21525,1752134400000,1161383.33
21526,1752138000000,1161782.37
21527,1752141600000,1161650.59
21528,1752145200000,1159258.26
21529,1752148800000,1161799.82
21530,1752152400000,1157488.23
21531,1752156000000,1148450.18
21532,1752159600000,1147638.26
21533,1752163200000,1146616.99
21534,1752166800000,1139113.61
21535,1752170400000,1136787.39999999
21536,1752174000000,1134034.71
21537,1752177600000,1133922.12
21538,1752181200000,1135455.36
21539,1752184800000,1094269.06
21540,1752188400000,1082140.35
21541,1752192000000,1071251.13999999
21542,1752195600000,1071125.46
21543,1752199200000,1070570.19
21544,1752202800000,1076655.6
21545,1752206400000,1077548.62
21546,1752210000000,1084325.98
21547,1752213600000,1093337.06
21548,1752217200000,1099427.49
21549,1752220800000,1093702.59
21550,1752224400000,1089811.65999999
21551,1752228000000,1090861.94
21552,1752231600000,1097114.04
21553,1752235200000,1095184.19
21554,1752238800000,1095790.75
21555,1752242400000,1110569.19
21556,1752246000000,1111489.56
21557,1752249600000,1094080.58
21558,1752253200000,1100028.49
21559,1752256800000,1102554.76
21560,1752260400000,1121091.63999999
21561,1752264000000,1129290.58
21562,1752267600000,1111892.68
21563,1752271200000,1101675.37999999
21564,1752274800000,1090544.05
21565,1752278400000,1097395.55
21566,1752282000000,1090212.87999999
21567,1752285600000,1084886.47
21568,1752289200000,1082678.23
21569,1752292800000,1080727.06
21570,1752296400000,1088608.36
21571,1752300000000,1083359.69
21572,1752303600000,1079090.21
21573,1752307200000,1080623.84
21574,1752310800000,1082155.43
21575,1752314400000,1085109.56
21576,1752318000000,1088961.53
21577,1752321600000,1080917.44
21578,1752325200000,1087460.83
21579,1752328800000,1078335.73
21580,1752332400000,1075940.23
21581,1752336000000,1084509.73
21582,1752339600000,1096728.64999999
21583,1752343200000,1100341.11
21584,1752346800000,1103554.59
21585,1752350400000,1099502.51
21586,1752354000000,1094544.04
21587,1752357600000,1092702.56
21588,1752361200000,1093470.76
21589,1752364800000,1100234.40999999
21590,1752368400000,1101393.29
21591,1752372000000,1104382.83
21592,1752375600000,1106207.79
21593,1752379200000,1107958.64999999
21594,1752382800000,1109532.88999999
21595,1752386400000,1110562.25
21596,1752390000000,1109134.0
21597,1752393600000,1110063.87999999
21598,1752397200000,1107368.65999999
21599,1752400800000,1106015.99
21600,1752404400000,1108669.37999999
21601,1752408000000,1112114.61
21602,1752411600000,1114099.45
21603,1752415200000,1116009.22
21604,1752418800000,1115962.46
21605,1752422400000,1114705.40999999
21606,1752426000000,1117737.35
21607,1752429600000,1112825.14999999
21608,1752433200000,1114650.42
21609,1752436800000,1115086.59
21610,1752440400000,1112020.48
21611,1752444000000,1096535.64999999
21612,1752447600000,1098605.48
21613,1752451200000,1102612.7
21614,1752454800000,1103819.38999999
21615,1752458400000,1127022.45
21616,1752462000000,1135257.73
21617,1752465600000,1141014.04
21618,1752469200000,1146472.07
21619,1752472800000,1150310.83
21620,1752476400000,1149860.44
21621,1752480000000,1170083.86
21622,1752483600000,1178356.0
21623,1752487200000,1168271.14999999
21624,1752490800000,1177925.94
21625,1752494400000,1177595.75
21626,1752498000000,1178744.99
21627,1752501600000,1177317.26
21628,1752505200000,1178359.36
21629,1752508800000,1158513.39999999
21630,1752512400000,1176936.86
21631,1752516000000,1169732.09
21632,1752519600000,1152386.74
21633,1752523200000,1155147.62999999
21634,1752526800000,1159818.99
21635,1752530400000,1164254.53
21636,1752534000000,1163672.35
21637,1752537600000,1163430.98
21638,1752541200000,1151396.54
21639,1752544800000,1139039.37
21640,1752548400000,1129928.58
21641,1752552000000,1105823.09
21642,1752555600000,1117085.76
21643,1752559200000,1118600.45
21644,1752562800000,1130837.45
21645,1752566400000,1136122.72
21646,1752570000000,1126713.71
21647,1752573600000,1128550.32
21648,1752577200000,1130593.71
21649,1752580800000,1126564.51
21650,1752584400000,1134368.99
21651,1752588000000,1170469.02
21652,1752591600000,1108192.61
21653,1752595200000,1109752.35
21654,1752598800000,1128808.07
21655,1752602400000,1162638.36
21656,1752606000000,1166091.86
21657,1752609600000,1151262.62999999
21658,1752613200000,1142248.84
21659,1752616800000,1158149.22
21660,1752620400000,1165369.87
21661,1752624000000,1178692.37999999
21662,1752627600000,1182098.12999999
21663,1752631200000,1186377.6
21664,1752634800000,1175831.95
21665,1752638400000,1173478.44
21666,1752642000000,1179576.37
21667,1752645600000,1194210.56
21668,1752649200000,1202760.63999999
21669,1752652800000,1209227.12
21670,1752656400000,1218798.19
21671,1752660000000,1211317.3
21672,1752663600000,1209931.76
21673,1752667200000,1204396.92
21674,1752670800000,1224300.25
21675,1752674400000,1261550.01
21676,1752678000000,1249731.05
21677,1752681600000,1240473.49
21678,1752685200000,1231844.09
21679,1752688800000,1226433.82
21680,1752692400000,1222494.33
21681,1752696000000,1223547.32
21682,1752699600000,1215754.98
21683,1752703200000,1204481.1
21684,1752706800000,1196387.07
21685,1752710400000,1195775.7
21686,1752714000000,1185199.29
21687,1752717600000,1181470.68
21688,1752721200000,1184033.12
21689,1752724800000,1179572.86
21690,1752728400000,1194751.1
21691,1752732000000,1179252.19
21692,1752735600000,1179709.56
21693,1752739200000,1181465.35
21694,1752742800000,1196650.73
21695,1752746400000,1210928.72
21696,1752750000000,1208367.79
21697,1752753600000,1212467.32
21698,1752757200000,1210666.49
21699,1752760800000,1195967.14999999
21700,1752764400000,1217199.18
21701,1752768000000,1196946.44
21702,1752771600000,1187611.84
21703,1752775200000,1180339.88999999
21704,1752778800000,1189968.48
21705,1752782400000,1172605.49
21706,1752786000000,1167064.96
21707,1752789600000,1147828.32
21708,1752793200000,1147898.7
21709,1752796800000,1171519.81
21710,1752800400000,1177291.83
21711,1752804000000,1189829.83
21712,1752807600000,1178984.63999999
21713,1752811200000,1184941.44
21714,1752814800000,1191979.79
21715,1752818400000,1209583.84
21716,1752822000000,1203485.98
21717,1752825600000,1193637.76
21718,1752829200000,1199236.85
21719,1752832800000,1196459.51
21720,1752836400000,1191949.12999999
21721,1752840000000,1177715.32
21722,1752843600000,1173188.97
21723,1752847200000,1173536.49
21724,1752850800000,1171252.15999999
21725,1752854400000,1173541.34
21726,1752858000000,1173331.34
21727,1752861600000,1188778.28
21728,1752865200000,1178463.74
21729,1752868800000,1164881.38999999
21730,1752872400000,1139530.55
21731,1752876000000,1144015.12999999
21732,1752879600000,1145284.24
21733,1752883200000,1139293.82
21734,1752886800000,1154366.77
21735,1752890400000,1164941.45
21736,1752894000000,1172513.57
21737,1752897600000,1173706.90999999
21738,1752901200000,1189224.34
21739,1752904800000,1181441.88999999
21740,1752908400000,1186796.72
21741,1752912000000,1185902.78
21742,1752915600000,1184240.36
21743,1752919200000,1180178.29
21744,1752922800000,1180768.86
21745,1752926400000,1178022.38999999
21746,1752930000000,1172091.64999999
21747,1752933600000,1164457.98
21748,1752937200000,1169071.72
21749,1752940800000,1171002.12999999
21750,1752944400000,1170910.34
21751,1752948000000,1168630.06
21752,1752951600000,1166087.22
21753,1752955200000,1173058.53
21754,1752958800000,1190506.84
21755,1752962400000,1186107.43
21756,1752966000000,1199830.08
21757,1752969600000,1206949.83
21758,1752973200000,1200342.32
21759,1752976800000,1205796.97
21760,1752980400000,1200801.07
21761,1752984000000,1190402.09
21762,1752987600000,1187831.73
21763,1752991200000,1186449.13999999
21764,1752994800000,1197215.3
21765,1752998400000,1209465.97
21766,1753002000000,1213075.3
21767,1753005600000,1217950.56
21768,1753009200000,1243227.23
21769,1753012800000,1239572.22
21770,1753016400000,1241658.40999999
21771,1753020000000,1252161.77
21772,1753023600000,1245452.31
21773,1753027200000,1246898.37
21774,1753030800000,1235108.44
21775,1753034400000,1226502.75
21776,1753038000000,1214194.03
21777,1753041600000,1215566.62
21778,1753045200000,1206657.27
21779,1753048800000,1229214.55
21780,1753052400000,1249525.83
21781,1753056000000,1250652.11
21782,1753059600000,1239516.06
21783,1753063200000,1231507.12
21784,1753066800000,1237808.25
21785,1753070400000,1241953.59
21786,1753074000000,1242422.94
21787,1753077600000,1258220.65999999
21788,1753081200000,1263195.04
21789,1753084800000,1184336.67
21790,1753088400000,1187484.37
21791,1753092000000,1181820.26
21792,1753095600000,1192812.32
21793,1753099200000,1192810.26
21794,1753102800000,1190033.19
21795,1753106400000,1177780.64999999
21796,1753110000000,1163481.86
21797,1753113600000,1160378.14999999
21798,1753117200000,1179183.1
21799,1753120800000,1188609.49
21800,1753124400000,1181029.21
21801,1753128000000,1181793.61
21802,1753131600000,1168490.52
21803,1753135200000,1165522.99
21804,1753138800000,1166490.76
21805,1753142400000,1161279.83
21806,1753146000000,1159682.5
21807,1753149600000,1149847.12
21808,1753153200000,1152313.90999999
21809,1753156800000,1149848.77
21810,1753160400000,1117301.46
21811,1753164000000,1119071.79
21812,1753167600000,1109765.37
21813,1753171200000,1108534.04
21814,1753174800000,1114148.99
21815,1753178400000,1117733.3
21816,1753182000000,1115784.27
21817,1753185600000,1116843.73
21818,1753189200000,1125998.62999999
21819,1753192800000,1102598.87999999
21820,1753196400000,1095731.06
21821,1753200000000,1070877.02
21822,1753203600000,1049329.44
21823,1753207200000,1055610.51
21824,1753210800000,1058564.12
21825,1753214400000,1053755.42
21826,1753218000000,1059341.92
21827,1753221600000,1059402.25
21828,1753225200000,1054219.84
21829,1753228800000,1050801.8
21830,1753232400000,1079743.55
21831,1753236000000,1063837.87
21832,1753239600000,1074985.23
21833,1753243200000,1081677.02
21834,1753246800000,1081192.90999999
21835,1753250400000,1087312.81
21836,1753254000000,1087509.82
21837,1753257600000,1099811.58
21838,1753261200000,1100799.94
21839,1753264800000,1091570.67
21840,1753268400000,1077720.95
21841,1753272000000,1075857.73
21842,1753275600000,1070775.51
21843,1753279200000,1051026.57
21844,1753282800000,1078667.23
21845,1753286400000,1079700.71
21846,1753290000000,1064350.74
21847,1753293600000,1068036.47
21848,1753297200000,1070778.7
21849,1753300800000,1069511.11
21850,1753304400000,1066116.39999999
21851,1753308000000,1054258.53
21852,1753311600000,1040989.12
21853,1753315200000,1044455.16
21854,1753318800000,1048859.36
21855,1753322400000,1049725.78
21856,1753326000000,1051615.53
21857,1753329600000,1046665.97
21858,1753333200000,1036903.83
21859,1753336800000,1021543.98
21860,1753340400000,1031702.31
21861,1753344000000,1032108.83
21862,1753347600000,1023929.68
21863,1753351200000,1013577.03
21864,1753354800000,1000419.42
21865,1753358400000,1020442.7
21866,1753362000000,1014915.02
21867,1753365600000,1024754.14
21868,1753369200000,1062706.88999999
21869,1753372800000,1055389.62
21870,1753376400000,1053443.12999999
21871,1753380000000,1032724.82
21872,1753383600000,1042361.23
21873,1753387200000,1058058.02
21874,1753390800000,1053676.82
21875,1753394400000,1046092.68
21876,1753398000000,1045461.93
21877,1753401600000,1043272.75
21878,1753405200000,1018783.64
21879,1753408800000,1008681.51
21880,1753412400000,997963.65
21881,1753416000000,997321.54
21882,1753419600000,1006486.07
21883,1753423200000,1004199.63
21884,1753426800000,995469.86
21885,1753430400000,1012700.23
21886,1753434000000,1021620.72
21887,1753437600000,1096986.29
21888,1753441200000,1125849.26
21889,1753444800000,1139746.69
21890,1753448400000,1172301.21
21891,1753452000000,1174613.75
21892,1753455600000,1118382.27
21893,1753459200000,1098730.8
21894,1753462800000,1101313.83
21895,1753466400000,1117033.99
21896,1753470000000,1117106.05
21897,1753473600000,1122780.37
21898,1753477200000,1123083.38999999
21899,1753480800000,1108197.24
21900,1753484400000,1101692.24
21901,1753488000000,1103016.65999999
21902,1753491600000,1110214.96
21903,1753495200000,1106715.19
21904,1753498800000,1133285.33
21905,1753502400000,1128611.48
21906,1753506000000,1138819.03
21907,1753509600000,1140524.89999999
21908,1753513200000,1142351.34
21909,1753516800000,1148097.90999999
21910,1753520400000,1155538.46
21911,1753524000000,1157588.26
21912,1753527600000,1164601.93
21913,1753531200000,1170305.0
21914,1753534800000,1164771.37999999
21915,1753538400000,1165526.75
21916,1753542000000,1169485.28
21917,1753545600000,1165447.07
21918,1753549200000,1170048.34
21919,1753552800000,1156352.14999999
21920,1753556400000,1154367.43
21921,1753560000000,1150910.18
21922,1753563600000,1147613.73
21923,1753567200000,1149920.7
21924,1753570800000,1142313.07
21925,1753574400000,1142373.82
21926,1753578000000,1143079.40999999
21927,1753581600000,1146271.06
21928,1753585200000,1155109.8
21929,1753588800000,1156981.76
21930,1753592400000,1166695.43
21931,1753596000000,1165303.89999999
21932,1753599600000,1171287.02
21933,1753603200000,1170041.83
21934,1753606800000,1168791.3
21935,1753610400000,1171092.58
21936,1753614000000,1188696.62
21937,1753617600000,1197711.42
21938,1753621200000,1202043.6
21939,1753624800000,1190072.0
21940,1753628400000,1187738.14999999
21941,1753632000000,1190941.69
21942,1753635600000,1187619.89999999
21943,1753639200000,1193521.52
21944,1753642800000,1194667.47
21945,1753646400000,1183822.7
21946,1753650000000,1181875.45
21947,1753653600000,1188248.1
21948,1753657200000,1169050.33
21949,1753660800000,1175182.97
21950,1753664400000,1179976.17
21951,1753668000000,1194508.87
21952,1753671600000,1184171.26
21953,1753675200000,1184959.07
21954,1753678800000,1195537.35
21955,1753682400000,1183181.5
21956,1753686000000,1182977.1
21957,1753689600000,1182953.59
21958,1753693200000,1191096.49
21959,1753696800000,1197593.79
21960,1753700400000,1202823.39999999
21961,1753704000000,1205980.81
21962,1753707600000,1213254.5
21963,1753711200000,1180778.46
21964,1753714800000,1151702.77
21965,1753718400000,1158537.7
21966,1753722000000,1155139.19
21967,1753725600000,1152305.05
21968,1753729200000,1145288.15999999
21969,1753732800000,1134645.42
21970,1753736400000,1129898.72
21971,1753740000000,1132194.77
21972,1753743600000,1128878.46
21973,1753747200000,1121618.81
21974,1753750800000,1120744.71
21975,1753754400000,1119970.06
21976,1753758000000,1114845.48
21977,1753761600000,1108925.81
21978,1753765200000,1121868.2
21979,1753768800000,1133136.26
21980,1753772400000,1118912.27
21981,1753776000000,1115593.87
21982,1753779600000,1112275.15999999
21983,1753783200000,1114083.12
21984,1753786800000,1117078.53
21985,1753790400000,1103034.87999999
21986,1753794000000,1099830.83
21987,1753797600000,1092721.73
21988,1753801200000,1089841.88999999
21989,1753804800000,1071664.63999999
21990,1753808400000,1072495.23
21991,1753812000000,1085802.92
21992,1753815600000,1080517.29
21993,1753819200000,1074920.08
21994,1753822800000,1068973.14999999
21995,1753826400000,1067509.73
21996,1753830000000,1065247.3
21997,1753833600000,1061342.75
21998,1753837200000,1069928.87999999
21999,1753840800000,1059402.43
22000,1753844400000,1053379.36
22001,1753848000000,1050203.92
22002,1753851600000,1047350.92
22003,1753855200000,1046682.16
22004,1753858800000,1052720.76
22005,1753862400000,1055373.38999999
22006,1753866000000,1056842.42
22007,1753869600000,1060542.03
22008,1753873200000,1055054.53
22009,1753876800000,1031531.65
22010,1753880400000,1046212.69
22011,1753884000000,1047178.65
22012,1753887600000,1045229.91
22013,1753891200000,1035026.02
22014,1753894800000,1037584.75
22015,1753898400000,1039955.61
22016,1753902000000,1034999.59
22017,1753905600000,1064544.21
22018,1753909200000,1041236.28
22019,1753912800000,1042416.98
22020,1753916400000,1044130.29
22021,1753920000000,1055506.65999999
22022,1753923600000,1060281.71
22023,1753927200000,1059481.5
22024,1753930800000,1067692.77
22025,1753934400000,1072074.40999999
22026,1753938000000,1085146.90999999
22027,1753941600000,1079891.59
22028,1753945200000,1079760.68
22029,1753948800000,1083484.54
22030,1753952400000,1083834.77
22031,1753956000000,1089273.02
22032,1753959600000,1084459.23
22033,1753963200000,1082734.75
22034,1753966800000,1067005.76
22035,1753970400000,1064533.51
22036,1753974000000,1060458.85
22037,1753977600000,1059625.77
22038,1753981200000,1077946.96
22039,1753984800000,1065980.31
22040,1753988400000,1035266.47
22041,1753992000000,1039385.79
22042,1753995600000,1025352.86
22043,1753999200000,1016793.95
22044,1754002800000,1008671.23
22045,1754006400000,1001049.59
22046,1754010000000,991153.34
22047,1754013600000,996216.05
22048,1754017200000,1009578.38
22049,1754020800000,1003541.38
22050,1754024400000,992411.12
22051,1754028000000,991665.14
22052,1754031600000,991206.36
22053,1754035200000,982244.99
22054,1754038800000,978544.93
22055,1754042400000,994993.6
22056,1754046000000,988730.26
22057,1754049600000,984781.32
22058,1754053200000,981328.81
22059,1754056800000,961325.26
22060,1754060400000,959864.85
22061,1754064000000,945625.85
22062,1754067600000,944679.2
22063,1754071200000,948773.51
22064,1754074800000,967623.04
22065,1754078400000,970505.84
22066,1754082000000,970829.83
22067,1754085600000,966699.34
22068,1754089200000,963682.47
22069,1754092800000,964830.41
22070,1754096400000,961449.01
22071,1754100000000,972867.78
22072,1754103600000,967624.3
22073,1754107200000,969943.31
22074,1754110800000,966983.6
22075,1754114400000,969045.88
22076,1754118000000,968304.88
22077,1754121600000,968625.86
22078,1754125200000,977541.44
22079,1754128800000,982554.03
22080,1754132400000,975465.13
22081,1754136000000,978633.07
22082,1754139600000,981055.34
22083,1754143200000,983634.15
22084,1754146800000,978873.4
22085,1754150400000,977469.54
22086,1754154000000,987324.26
22087,1754157600000,984585.88
22088,1754161200000,976097.13
22089,1754164800000,976858.06
22090,1754168400000,984101.76
22091,1754172000000,995840.54
22092,1754175600000,990971.52
22093,1754179200000,977013.2
22094,1754182800000,979799.02
22095,1754186400000,981377.82
22096,1754190000000,976841.91
22097,1754193600000,979279.72
22098,1754197200000,982809.15
22099,1754200800000,983388.15
22100,1754204400000,984548.93
22101,1754208000000,981839.7
22102,1754211600000,982099.05
22103,1754215200000,986883.06
22104,1754218800000,987621.01
22105,1754222400000,982016.39
22106,1754226000000,984596.24
22107,1754229600000,990194.36
22108,1754233200000,986768.98
22109,1754236800000,988033.04
22110,1754240400000,992293.44
22111,1754244000000,983540.84
22112,1754247600000,984427.46
22113,1754251200000,984933.42
22114,1754254800000,987195.1
22115,1754258400000,985830.52
22116,1754262000000,986537.97
22117,1754265600000,985040.96
22118,1754269200000,988153.82
22119,1754272800000,999603.82
22120,1754276400000,1010346.06
22121,1754280000000,1014473.04
22122,1754283600000,1012969.07
22123,1754287200000,1014834.52
22124,1754290800000,1019023.38
22125,1754294400000,1016294.39
22126,1754298000000,1019178.88
22127,1754301600000,1020855.07
22128,1754305200000,1027559.79
22129,1754308800000,1030024.41
22130,1754312400000,1032041.16
22131,1754316000000,1025394.6
22132,1754319600000,1012337.07
22133,1754323200000,1030041.66
22134,1754326800000,1017576.38
22135,1754330400000,1005784.31
22136,1754334000000,1006947.47
22137,1754337600000,1005512.85
22138,1754341200000,980870.35
22139,1754344800000,982989.93
22140,1754348400000,984215.95
22141,1754352000000,989897.85
22142,1754355600000,987984.86
22143,1754359200000,983304.98
22144,1754362800000,986941.3
22145,1754366400000,985735.18
22146,1754370000000,983081.41
22147,1754373600000,961634.92
22148,1754377200000,952049.95
22149,1754380800000,941520.4
22150,1754384400000,951324.14
22151,1754388000000,957419.19
22152,1754391600000,963514.63
22153,1754395200000,961425.62
22154,1754398800000,952165.29
22155,1754402400000,975010.79
22156,1754406000000,947336.69
22157,1754409600000,950758.05
22158,1754413200000,945933.39
22159,1754416800000,949283.97
22160,1754420400000,942002.97
22161,1754424000000,942827.7
22162,1754427600000,937779.21
22163,1754431200000,931504.31
22164,1754434800000,935854.01
22165,1754438400000,935706.77
22166,1754442000000,928089.45
22167,1754445600000,934190.16
22168,1754449200000,935896.7
22169,1754452800000,939546.38
22170,1754456400000,942947.02
22171,1754460000000,928698.0
22172,1754463600000,933352.28
22173,1754467200000,938751.4
22174,1754470800000,931732.02
22175,1754474400000,937780.4
22176,1754478000000,933100.83
22177,1754481600000,930850.36
22178,1754485200000,905658.75
22179,1754488800000,912938.03
22180,1754492400000,913969.44
22181,1754496000000,893730.32
22182,1754499600000,897824.67
22183,1754503200000,905323.76
22184,1754506800000,899179.44
22185,1754510400000,932677.06
22186,1754514000000,938145.89
22187,1754517600000,943635.43
22188,1754521200000,940799.75
22189,1754524800000,949395.33
22190,1754528400000,954188.28
22191,1754532000000,947370.47
22192,1754535600000,952396.59
22193,1754539200000,949747.44
22194,1754542800000,950608.97
22195,1754546400000,956927.41
22196,1754550000000,970268.13
22197,1754553600000,980842.31
22198,1754557200000,998456.93
22199,1754560800000,1002156.22
22200,1754564400000,1027391.34
22201,1754568000000,1029749.31
22202,1754571600000,1055779.87999999
22203,1754575200000,1063461.27
22204,1754578800000,1061977.46
22205,1754582400000,1045654.02
22206,1754586000000,1041177.6
22207,1754589600000,1040857.13
22208,1754593200000,1038559.92
22209,1754596800000,1019023.43
22210,1754600400000,1033051.42
22211,1754604000000,1036058.5
22212,1754607600000,1028869.02
22213,1754611200000,1037419.48
22214,1754614800000,1047712.08
22215,1754618400000,1049687.89999999
22216,1754622000000,1048077.26
22217,1754625600000,1057159.36
22218,1754629200000,1059506.72
22219,1754632800000,1063660.04
22220,1754636400000,1064110.58
22221,1754640000000,1064567.76
22222,1754643600000,1066174.94
22223,1754647200000,1076434.09
22224,1754650800000,1081988.12
22225,1754654400000,1078689.05
22226,1754658000000,1081955.37
22227,1754661600000,1135272.62999999
22228,1754665200000,1112401.92
22229,1754668800000,1104400.67
22230,1754672400000,1109367.62999999
22231,1754676000000,1140422.45
22232,1754679600000,1137125.73
22233,1754683200000,1150460.87
22234,1754686800000,1146184.5
22235,1754690400000,1142280.45
22236,1754694000000,1135093.04
22237,1754697600000,1136466.94
22238,1754701200000,1127973.72
22239,1754704800000,1120874.02
22240,1754708400000,1120384.28
22241,1754712000000,1127516.84
22242,1754715600000,1132638.67
22243,1754719200000,1159500.01
22244,1754722800000,1145040.31
22245,1754726400000,1156901.56
22246,1754730000000,1181370.5
22247,1754733600000,1166189.56
22248,1754737200000,1170389.47
22249,1754740800000,1139870.18
22250,1754744400000,1146603.97
22251,1754748000000,1145032.97
22252,1754751600000,1146283.88999999
22253,1754755200000,1149084.58
22254,1754758800000,1153984.81
22255,1754762400000,1161093.24
22256,1754766000000,1163843.14999999
22257,1754769600000,1185804.31
22258,1754773200000,1190859.28
22259,1754776800000,1168676.6
22260,1754780400000,1178907.93
22261,1754784000000,1166569.55
22262,1754787600000,1175935.45
22263,1754791200000,1182388.62
22264,1754794800000,1187298.44
22265,1754798400000,1158577.83
22266,1754802000000,1170137.35
22267,1754805600000,1165836.65999999
22268,1754809200000,1167023.05
22269,1754812800000,1152754.45
22270,1754816400000,1157697.1
22271,1754820000000,1163560.52
22272,1754823600000,1155142.03
22273,1754827200000,1156724.57
22274,1754830800000,1155740.72
22275,1754834400000,1156421.15999999
22276,1754838000000,1170285.15999999
22277,1754841600000,1172949.84
22278,1754845200000,1175572.76
22279,1754848800000,1169452.52
22280,1754852400000,1168013.2
22281,1754856000000,1170479.62
22282,1754859600000,1152346.27
22283,1754863200000,1139292.99
22284,1754866800000,1133964.0
22285,1754870400000,1139406.84
22286,1754874000000,1145403.85
22287,1754877600000,1158502.57
22288,1754881200000,1169752.3
22289,1754884800000,1154954.97
22290,1754888400000,1149915.56
22291,1754892000000,1148197.42
22292,1754895600000,1152924.01
22293,1754899200000,1149962.55
22294,1754902800000,1147299.6
22295,1754906400000,1138852.38999999
22296,1754910000000,1129295.45
22297,1754913600000,1116314.8
22298,1754917200000,1126382.37999999
22299,1754920800000,1128729.06
22300,1754924400000,1141776.39999999
22301,1754928000000,1148835.44
22302,1754931600000,1144896.62
22303,1754935200000,1126986.28
22304,1754938800000,1123432.63999999
22305,1754942400000,1117790.14999999
22306,1754946000000,1102672.31
22307,1754949600000,1086299.42
22308,1754953200000,1077067.37
22309,1754956800000,1071040.61
22310,1754960400000,1078685.25
22311,1754964000000,1080658.53
22312,1754967600000,1075430.99
22313,1754971200000,1065832.68
22314,1754974800000,1078246.62
22315,1754978400000,1071703.48
22316,1754982000000,1077802.53
22317,1754985600000,1082042.49
22318,1754989200000,1069913.7
22319,1754992800000,1059116.04
22320,1754996400000,1058623.54
22321,1755000000000,1055626.90999999
22322,1755003600000,1127959.39999999
22323,1755007200000,1129126.37999999
22324,1755010800000,1145231.26
22325,1755014400000,1159224.90999999
22326,1755018000000,1154480.32
22327,1755021600000,1146671.92
22328,1755025200000,1143256.42
22329,1755028800000,1149162.92
22330,1755032400000,1152021.23
22331,1755036000000,1158852.8
22332,1755039600000,1149325.21
22333,1755043200000,1149674.63999999
22334,1755046800000,1154616.87
22335,1755050400000,1144520.57
22336,1755054000000,1145440.65999999
22337,1755057600000,1173685.85
22338,1755061200000,1185820.61
22339,1755064800000,1177258.24
22340,1755068400000,1176544.02
22341,1755072000000,1180911.01
22342,1755075600000,1169250.37999999
22343,1755079200000,1172535.07
22344,1755082800000,1172234.87999999
22345,1755086400000,1187974.86
22346,1755090000000,1186082.88999999
22347,1755093600000,1176149.32
22348,1755097200000,1178749.69
22349,1755100800000,1172370.8
22350,1755104400000,1165213.05
22351,1755108000000,1170405.21
22352,1755111600000,1158826.26
22353,1755115200000,1147484.86
22354,1755118800000,1139311.52
22355,1755122400000,1130410.34
22356,1755126000000,1118564.53
22357,1755129600000,1113906.87
22358,1755133200000,1137408.01
22359,1755136800000,1136296.12
22360,1755140400000,1125531.64999999
22361,1755144000000,1130003.87999999
22362,1755147600000,1126062.26
22363,1755151200000,1131054.88999999
22364,1755154800000,1116556.94
22365,1755158400000,1117504.40999999
22366,1755162000000,1136576.48
22367,1755165600000,1129095.72
22368,1755169200000,1107463.63999999
22369,1755172800000,1123291.56
22370,1755176400000,1104317.43
22371,1755180000000,1129479.67
22372,1755183600000,1136699.86
22373,1755187200000,1134456.3
22374,1755190800000,1149909.44
22375,1755194400000,1154837.12999999
22376,1755198000000,1164120.17
22377,1755201600000,1167700.94
22378,1755205200000,1150941.76
22379,1755208800000,1129525.32
22380,1755212400000,1130926.64999999
22381,1755216000000,1122638.42
22382,1755219600000,1128887.93
22383,1755223200000,1125768.71
22384,1755226800000,1124051.53
22385,1755230400000,1130191.74
22386,1755234000000,1131222.13999999
22387,1755237600000,1131360.5
22388,1755241200000,1159876.04
22389,1755244800000,1155743.1
22390,1755248400000,1154147.01
22391,1755252000000,1158191.18
22392,1755255600000,1164212.35
22393,1755259200000,1164555.49
22394,1755262800000,1156926.73
22395,1755266400000,1141828.18
22396,1755270000000,1127263.42
22397,1755273600000,1118623.78
22398,1755277200000,1123578.31
22399,1755280800000,1129291.62
22400,1755284400000,1116097.54
22401,1755288000000,1113882.97
22402,1755291600000,1110217.19
22403,1755295200000,1111176.71
22404,1755298800000,1134884.77
22405,1755302400000,1116632.25
22406,1755306000000,1117914.72
22407,1755309600000,1107893.54
22408,1755313200000,1111700.42
22409,1755316800000,1107940.22
22410,1755320400000,1109703.43
22411,1755324000000,1110380.37999999
22412,1755327600000,1105082.22
22413,1755331200000,1098139.09
22414,1755334800000,1097451.56
22415,1755338400000,1097135.59
22416,1755342000000,1108899.46
22417,1755345600000,1112337.03
22418,1755349200000,1114635.22
22419,1755352800000,1119129.6
22420,1755356400000,1117974.62
22421,1755360000000,1129374.02
22422,1755363600000,1131077.26
22423,1755367200000,1130460.94
22424,1755370800000,1123878.52
22425,1755374400000,1117655.11
22426,1755378000000,1115594.19
22427,1755381600000,1106545.26
22428,1755385200000,1109013.51
22429,1755388800000,1108749.29
22430,1755392400000,1109106.12999999
22431,1755396000000,1113836.09
22432,1755399600000,1117350.39999999
22433,1755403200000,1120294.35
22434,1755406800000,1107653.25
22435,1755410400000,1102883.04
22436,1755414000000,1101989.48
22437,1755417600000,1102057.2
22438,1755421200000,1101937.04
22439,1755424800000,1097624.25
22440,1755428400000,1091650.43
22441,1755432000000,1098676.95
22442,1755435600000,1092187.2
22443,1755439200000,1081674.81
22444,1755442800000,1084798.72
22445,1755446400000,1087641.47
22446,1755450000000,1076623.32
22447,1755453600000,1076479.68
22448,1755457200000,1061255.42
22449,1755460800000,1066219.79
22450,1755464400000,1067457.87
22451,1755468000000,1065820.71
22452,1755471600000,1067612.72
22453,1755475200000,1059160.76
22454,1755478800000,1055563.07
22455,1755482400000,1060137.29
22456,1755486000000,1063778.97
22457,1755489600000,1074670.38999999
22458,1755493200000,1089762.95
22459,1755496800000,1085576.67
22460,1755500400000,1089096.93
22461,1755504000000,1093489.56
22462,1755507600000,1100823.73
22463,1755511200000,1083218.7
22464,1755514800000,1087896.39999999
22465,1755518400000,1092670.35
22466,1755522000000,1090453.99
22467,1755525600000,1087133.88999999
22468,1755529200000,1084319.6
22469,1755532800000,1092299.03
22470,1755536400000,1081094.2
22471,1755540000000,1068421.08
22472,1755543600000,1084007.21
22473,1755547200000,1063759.74
22474,1755550800000,1053248.44
22475,1755554400000,1047886.17
22476,1755558000000,1050107.51
22477,1755561600000,1051678.28
22478,1755565200000,1034274.87
22479,1755568800000,1036907.56
22480,1755572400000,1043107.95
22481,1755576000000,1035834.37
22482,1755579600000,1053676.96
22483,1755583200000,1053365.89999999
22484,1755586800000,1052807.62
22485,1755590400000,1051155.18
22486,1755594000000,1047801.72
22487,1755597600000,1046470.55
22488,1755601200000,1040624.35
22489,1755604800000,1040581.44
22490,1755608400000,1036906.59
22491,1755612000000,1040432.01
22492,1755615600000,1059340.99
22493,1755619200000,1066423.86
22494,1755622800000,1071509.76
22495,1755626400000,1082578.04
22496,1755630000000,1076872.11
22497,1755633600000,1084832.27
22498,1755637200000,1098353.36
22499,1755640800000,1101360.48
22500,1755644400000,1102142.21
22501,1755648000000,1126604.82
22502,1755651600000,1121157.01
22503,1755655200000,1116831.62
22504,1755658800000,1124477.5
22505,1755662400000,1124122.1
22506,1755666000000,1127092.92
22507,1755669600000,1127722.5
22508,1755673200000,1125345.17
22509,1755676800000,1117872.57
22510,1755680400000,1114624.33
22511,1755684000000,1107745.29
22512,1755687600000,1106452.24
22513,1755691200000,1104700.78
22514,1755694800000,1101687.31
22515,1755698400000,1071283.13999999
22516,1755702000000,1087552.22
22517,1755705600000,1084378.49
22518,1755709200000,1069018.1
22519,1755712800000,1072226.89999999
22520,1755716400000,1073345.43
22521,1755720000000,1060619.12999999
22522,1755723600000,1056280.61
22523,1755727200000,1059576.52
22524,1755730800000,1063004.06
22525,1755734400000,1060837.25
22526,1755738000000,1053671.79
22527,1755741600000,1056831.76
22528,1755745200000,1049562.8
22529,1755748800000,1040735.25
22530,1755752400000,1043596.61
22531,1755756000000,1044733.6
22532,1755759600000,1049490.75
22533,1755763200000,1057382.3
22534,1755766800000,1059729.83
22535,1755770400000,1057326.72
22536,1755774000000,1058972.8
22537,1755777600000,1057925.83
22538,1755781200000,1041716.61
22539,1755784800000,1056183.87999999
22540,1755788400000,1052642.86
22541,1755792000000,1061119.51
22542,1755795600000,1049744.77
22543,1755799200000,1047937.58
22544,1755802800000,1049382.15999999
22545,1755806400000,1054953.33
22546,1755810000000,1051981.99
22547,1755813600000,1047675.07
22548,1755817200000,1046861.84
22549,1755820800000,1043738.92
22550,1755824400000,1045275.98
22551,1755828000000,1052629.42
22552,1755831600000,1039145.28
22553,1755835200000,1030281.93
22554,1755838800000,1033679.18
22555,1755842400000,1033052.7
22556,1755846000000,1044216.9
22557,1755849600000,1038136.04
22558,1755853200000,1048205.46
22559,1755856800000,1044124.15
22560,1755860400000,1034332.12
22561,1755864000000,1033616.64
22562,1755867600000,1033437.43
22563,1755871200000,1021945.42
22564,1755874800000,1093071.79
22565,1755878400000,1127056.84
22566,1755882000000,1133093.38999999
22567,1755885600000,1144322.69
22568,1755889200000,1153799.06
22569,1755892800000,1148885.27
22570,1755896400000,1154941.34
22571,1755900000000,1159985.0
22572,1755903600000,1171048.64999999
22573,1755907200000,1175201.87
22574,1755910800000,1181489.40999999
22575,1755914400000,1186730.82
22576,1755918000000,1156232.68
22577,1755921600000,1163377.95
22578,1755925200000,1149061.69
22579,1755928800000,1150979.05
22580,1755932400000,1143236.04
22581,1755936000000,1146572.38999999
22582,1755939600000,1141780.93
22583,1755943200000,1141228.83
22584,1755946800000,1142352.73
22585,1755950400000,1135142.79
22586,1755954000000,1138802.36
22587,1755957600000,1139822.04
22588,1755961200000,1136807.94
22589,1755964800000,1148522.0
22590,1755968400000,1150510.62999999
22591,1755972000000,1150257.83
22592,1755975600000,1150498.05
22593,1755979200000,1145635.7
22594,1755982800000,1143551.57
22595,1755986400000,1141054.04
22596,1755990000000,1128524.7
22597,1755993600000,1129529.31
22598,1755997200000,1127812.94
22599,1756000800000,1116123.39999999
22600,1756004400000,1113374.40999999
22601,1756008000000,1112917.39999999
22602,1756011600000,1116335.37
22603,1756015200000,1124323.61
22604,1756018800000,1121692.58
22605,1756022400000,1115393.23
22606,1756026000000,1116715.44
22607,1756029600000,1116208.61
22608,1756033200000,1117345.55
22609,1756036800000,1112334.89999999
22610,1756040400000,1116809.90999999
22611,1756044000000,1130769.23
22612,1756047600000,1134553.47
22613,1756051200000,1142271.93
22614,1756054800000,1160098.43
22615,1756058400000,1146375.06
22616,1756062000000,1169205.76
22617,1756065600000,1135125.62
22618,1756069200000,1118951.08
22619,1756072800000,1114186.57
22620,1756076400000,1110348.0
22621,1756080000000,1118349.37
22622,1756083600000,1101347.24
22623,1756087200000,1105428.53
22624,1756090800000,1104834.5
22625,1756094400000,1108062.0
22626,1756098000000,1089918.12
22627,1756101600000,1086287.93
22628,1756105200000,1087525.32
22629,1756108800000,1094013.15999999
22630,1756112400000,1089010.83
22631,1756116000000,1089732.36
22632,1756119600000,1090066.19
22633,1756123200000,1080444.3
22634,1756126800000,1084637.03
22635,1756130400000,1090198.02
22636,1756134000000,1093762.72
22637,1756137600000,1087294.75
22638,1756141200000,1074204.6
22639,1756144800000,1056464.52
22640,1756148400000,1051648.84
22641,1756152000000,1035778.7
22642,1756155600000,1008283.29
22643,1756159200000,997340.0
22644,1756162800000,1002460.61
22645,1756166400000,1001697.12
22646,1756170000000,997862.88
22647,1756173600000,999541.0
22648,1756177200000,1011138.42
22649,1756180800000,1002617.78
22650,1756184400000,1014825.38
22651,1756188000000,1020038.67
22652,1756191600000,1012893.62
22653,1756195200000,1015712.72
22654,1756198800000,1016448.99
22655,1756202400000,1021628.15
22656,1756206000000,1022183.84
22657,1756209600000,1015071.49
22658,1756213200000,1037521.48
22659,1756216800000,1035417.63
22660,1756220400000,1033801.18
22661,1756224000000,1026839.21
22662,1756227600000,1024762.32
22663,1756231200000,1024304.3
22664,1756234800000,1018840.99
22665,1756238400000,998310.71
22666,1756242000000,988820.17
22667,1756245600000,990147.65
22668,1756249200000,989775.8
22669,1756252800000,981942.02
22670,1756256400000,979101.28
22671,1756260000000,977278.71
22672,1756263600000,984603.27
22673,1756267200000,982279.08
22674,1756270800000,978933.14
22675,1756274400000,984142.91
22676,1756278000000,989933.51
22677,1756281600000,988101.04
22678,1756285200000,983281.59
22679,1756288800000,985417.77
22680,1756292400000,977170.57
22681,1756296000000,977499.81
22682,1756299600000,986842.57
22683,1756303200000,979902.2
22684,1756306800000,986497.89
22685,1756310400000,988938.31
22686,1756314000000,987209.71
22687,1756317600000,985121.87
22688,1756321200000,995185.43
22689,1756324800000,980455.27
22690,1756328400000,969000.37
22691,1756332000000,980870.89
22692,1756335600000,977221.81
22693,1756339200000,980208.32
22694,1756342800000,979121.83
22695,1756346400000,981396.48
22696,1756350000000,985753.76
22697,1756353600000,989423.72
22698,1756357200000,979891.67
22699,1756360800000,986592.0
22700,1756364400000,983395.73
22701,1756368000000,977055.23
22702,1756371600000,967888.25
22703,1756375200000,970712.83
22704,1756378800000,996207.21
22705,1756382400000,1003524.21
22706,1756386000000,996517.5
22707,1756389600000,992029.96
22708,1756393200000,987271.25
22709,1756396800000,988388.28
22710,1756400400000,996891.39
22711,1756404000000,1012625.14
22712,1756407600000,1012999.6
22713,1756411200000,1017951.68
22714,1756414800000,1013994.4
22715,1756418400000,1018390.87
22716,1756422000000,1008249.47
22717,1756425600000,1003843.98
22718,1756429200000,1002343.06
22719,1756432800000,1007596.0
22720,1756436400000,1007936.61
22721,1756440000000,1001747.1
22722,1756443600000,990434.14
22723,1756447200000,989667.64
22724,1756450800000,988323.22
22725,1756454400000,982513.56
22726,1756458000000,1002355.57
22727,1756461600000,1018933.03
22728,1756465200000,1020367.4
22729,1756468800000,1030532.91
22730,1756472400000,1021254.39
22731,1756476000000,1015920.55
22732,1756479600000,1057826.12
22733,1756483200000,1058276.04
22734,1756486800000,1050615.75
22735,1756490400000,1027979.85
22736,1756494000000,1017914.75
22737,1756497600000,1018918.49
22738,1756501200000,1009327.16
22739,1756504800000,1029900.3
22740,1756508400000,1009659.99
22741,1756512000000,1001503.94
22742,1756515600000,1001835.96
22743,1756519200000,1005906.38
22744,1756522800000,1006314.77
22745,1756526400000,997182.99
22746,1756530000000,997409.75
22747,1756533600000,982886.67
22748,1756537200000,981448.1
22749,1756540800000,968046.0
22750,1756544400000,962472.19
22751,1756548000000,966826.33
22752,1756551600000,970020.33
22753,1756555200000,971042.54
22754,1756558800000,973908.05
22755,1756562400000,972412.37
22756,1756566000000,979708.48
22757,1756569600000,978436.43
22758,1756573200000,977984.07
22759,1756576800000,983912.48
22760,1756580400000,983775.65
22761,1756584000000,985714.85
22762,1756587600000,987996.59
22763,1756591200000,987267.11
22764,1756594800000,984417.99
22765,1756598400000,981212.23
22766,1756602000000,958951.92
22767,1756605600000,946990.95
22768,1756609200000,942076.07
22769,1756612800000,948123.74
22770,1756616400000,946021.15
22771,1756620000000,946697.86
22772,1756623600000,942763.46
22773,1756627200000,945569.81
22774,1756630800000,950922.14
22775,1756634400000,950347.31
22776,1756638000000,971723.71
22777,1756641600000,986300.72
22778,1756645200000,992024.11
22779,1756648800000,996050.06
22780,1756652400000,994787.67
22781,1756656000000,984707.46
22782,1756659600000,981516.37
22783,1756663200000,989066.49
22784,1756666800000,990559.66
22785,1756670400000,992806.96
22786,1756674000000,987613.22
22787,1756677600000,988692.15
22788,1756681200000,990775.12
22789,1756684800000,964490.79
22790,1756688400000,965733.65
22791,1756692000000,959299.4
22792,1756695600000,959790.75
22793,1756699200000,952922.8
22794,1756702800000,960102.64
22795,1756706400000,959741.56
22796,1756710000000,965628.69
22797,1756713600000,974047.52
22798,1756717200000,979355.24
22799,1756720800000,946444.0
22800,1756724400000,941944.91
22801,1756728000000,949950.52
22802,1756731600000,961378.47
22803,1756735200000,971032.25
22804,1756738800000,964892.69
22805,1756742400000,969620.05
22806,1756746000000,972313.25
22807,1756749600000,981874.18
22808,1756753200000,984332.03
22809,1756756800000,989386.54
22810,1756760400000,981679.56
22811,1756764000000,1000300.79
22812,1756767600000,995727.21
22813,1756771200000,988993.44
22814,1756774800000,988072.37
22815,1756778400000,985070.76
22816,1756782000000,990409.15
22817,1756785600000,973122.77
22818,1756789200000,969360.06
22819,1756792800000,970580.38
22820,1756796400000,975591.11
22821,1756800000000,967864.53
22822,1756803600000,970063.92
22823,1756807200000,972436.26
22824,1756810800000,979222.8
22825,1756814400000,967620.66
22826,1756818000000,970347.32
22827,1756821600000,976529.56
22828,1756825200000,969190.27
22829,1756828800000,996371.25
22830,1756832400000,1006500.24
22831,1756836000000,1006965.95
22832,1756839600000,1017743.32
22833,1756843200000,1024401.23
22834,1756846800000,1010076.85
22835,1756850400000,1007098.47
22836,1756854000000,1006565.78
22837,1756857600000,1005589.14
22838,1756861200000,1008098.84
22839,1756864800000,1004649.43
22840,1756868400000,1002465.09
22841,1756872000000,997789.27
22842,1756875600000,997766.12
22843,1756879200000,995150.6
22844,1756882800000,1006192.56
22845,1756886400000,1004964.64
22846,1756890000000,1006607.81
22847,1756893600000,1003865.13
22848,1756897200000,1009450.19
22849,1756900800000,1014583.7
22850,1756904400000,1009671.04
22851,1756908000000,1009574.89
22852,1756911600000,1030746.33
22853,1756915200000,1039186.8
22854,1756918800000,1042553.39
22855,1756922400000,1037596.04
22856,1756926000000,1048713.52
22857,1756929600000,1053723.11
22858,1756933200000,1053706.58
22859,1756936800000,1051667.88999999
22860,1756940400000,1045029.67
22861,1756944000000,1047359.37
22862,1756947600000,1046085.28
22863,1756951200000,1044081.68
22864,1756954800000,1048922.13999999
22865,1756958400000,1043923.99
22866,1756962000000,1039116.58
22867,1756965600000,1032360.2
22868,1756969200000,1026282.22
22869,1756972800000,1037600.3
22870,1756976400000,1044827.14
22871,1756980000000,1048683.42
22872,1756983600000,1043541.43
22873,1756987200000,1052395.06
22874,1756990800000,1049166.19
22875,1756994400000,1062995.2
22876,1756998000000,1070882.67
22877,1757001600000,1073010.61
22878,1757005200000,1069586.3
22879,1757008800000,1073102.21
22880,1757012400000,1082991.7
22881,1757016000000,1083481.47
22882,1757019600000,1079784.54
22883,1757023200000,1079699.97
22884,1757026800000,1071770.53
22885,1757030400000,1068314.81
22886,1757034000000,1075674.22
22887,1757037600000,1071804.17
22888,1757041200000,1067637.65999999
22889,1757044800000,1064359.28
22890,1757048400000,1065391.03
22891,1757052000000,1064954.89999999
22892,1757055600000,1065676.31
22893,1757059200000,1035941.86
22894,1757062800000,1036780.22
22895,1757066400000,1016179.46
22896,1757070000000,1030446.86
22897,1757073600000,1034384.0
22898,1757077200000,1037394.89
22899,1757080800000,1049049.71
22900,1757084400000,1044518.97
22901,1757088000000,1059019.43
22902,1757091600000,1072983.37999999
22903,1757095200000,1070005.08
22904,1757098800000,1084437.93
22905,1757102400000,1095439.46
22906,1757106000000,1085205.73
22907,1757109600000,1071888.37999999
22908,1757113200000,1070901.94
22909,1757116800000,1067172.76
22910,1757120400000,1063092.72
22911,1757124000000,1062825.09
22912,1757127600000,1061055.05
22913,1757131200000,1061521.98
22914,1757134800000,1063173.28
22915,1757138400000,1051927.08
22916,1757142000000,1051718.6
22917,1757145600000,1053160.59
22918,1757149200000,1052915.57
22919,1757152800000,1056043.04
22920,1757156400000,1049195.07
22921,1757160000000,1049323.96
22922,1757163600000,1045563.91
22923,1757167200000,1050219.7
22924,1757170800000,1049925.74
22925,1757174400000,1056774.12
22926,1757178000000,1077501.71
22927,1757181600000,1078140.64999999
22928,1757185200000,1081392.44
22929,1757188800000,1081388.90999999
22930,1757192400000,1080854.43
22931,1757196000000,1086446.85
22932,1757199600000,1086423.69
22933,1757203200000,1084987.0
22934,1757206800000,1091808.06
22935,1757210400000,1083807.98
22936,1757214000000,1088365.15999999
22937,1757217600000,1088628.32
22938,1757221200000,1088359.72
22939,1757224800000,1076849.65999999
22940,1757228400000,1070629.3
22941,1757232000000,1066711.62
22942,1757235600000,1070853.45
22943,1757239200000,1075985.68
22944,1757242800000,1076896.19
22945,1757246400000,1080134.33
22946,1757250000000,1078891.79
22947,1757253600000,1079964.89999999
22948,1757257200000,1078018.45
22949,1757260800000,1080181.96
22950,1757264400000,1084355.86
22951,1757268000000,1073812.24
22952,1757271600000,1071818.04
22953,1757275200000,1069727.62
22954,1757278800000,1077649.87999999
22955,1757282400000,1069018.75
22956,1757286000000,1065248.31
22957,1757289600000,1054719.78
22958,1757293200000,1055620.75
22959,1757296800000,1062033.44
22960,1757300400000,1059399.39999999
22961,1757304000000,1058293.26
22962,1757307600000,1061032.0
22963,1757311200000,1069896.57
22964,1757314800000,1076071.78
22965,1757318400000,1090096.17
22966,1757322000000,1094501.39999999
22967,1757325600000,1068697.53
22968,1757329200000,1074836.78
22969,1757332800000,1082765.7
22970,1757336400000,1084437.85
22971,1757340000000,1068231.53
22972,1757343600000,1076486.62999999
22973,1757347200000,1073237.0
22974,1757350800000,1053160.49
22975,1757354400000,1039248.12
22976,1757358000000,1037662.0
22977,1757361600000,1020696.24
22978,1757365200000,1020884.54
22979,1757368800000,1024166.05
22980,1757372400000,1021620.85
22981,1757376000000,1025777.04
22982,1757379600000,1027158.44
22983,1757383200000,1042813.14
22984,1757386800000,1041827.83
22985,1757390400000,1034278.6
22986,1757394000000,1029609.09
22987,1757397600000,1032733.42
22988,1757401200000,1029958.6
22989,1757404800000,1024917.25
22990,1757408400000,1028593.74
22991,1757412000000,1021385.58
22992,1757415600000,1021765.21
22993,1757419200000,1023588.59
22994,1757422800000,1012295.06
22995,1757426400000,1013084.17
22996,1757430000000,1017877.4
22997,1757433600000,1067436.23
22998,1757437200000,1102896.76
22999,1757440800000,1105972.33
23000,1757444400000,1107578.98
23001,1757448000000,1104194.73
23002,1757451600000,1117385.76
23003,1757455200000,1109191.14999999
23004,1757458800000,1105377.74
23005,1757462400000,1108970.74
23006,1757466000000,1116634.63999999
23007,1757469600000,1124348.03
23008,1757473200000,1110241.43
23009,1757476800000,1112601.95
23010,1757480400000,1111711.81
23011,1757484000000,1113501.5
23012,1757487600000,1112155.24
23013,1757491200000,1107334.68
23014,1757494800000,1100857.25
23015,1757498400000,1087333.03
23016,1757502000000,1082622.2
23017,1757505600000,1078471.82
23018,1757509200000,1053186.0
23019,1757512800000,1052168.1
23020,1757516400000,1066946.87
23021,1757520000000,1061905.45
23022,1757523600000,1056217.39999999
23023,1757527200000,1058906.53
23024,1757530800000,1047008.25
23025,1757534400000,1026524.07
23026,1757538000000,1019284.58
23027,1757541600000,1048095.02
23028,1757545200000,1043602.58
23029,1757548800000,1045412.23
23030,1757552400000,1056452.7
23031,1757556000000,1042754.81
23032,1757559600000,1049131.71
23033,1757563200000,1045626.25
23034,1757566800000,1055480.37999999
23035,1757570400000,1050084.74
23036,1757574000000,1059198.25
23037,1757577600000,1063250.57
23038,1757581200000,1068227.22
23039,1757584800000,1057973.38999999
23040,1757588400000,1059190.12999999
23041,1757592000000,1046355.55
23042,1757595600000,1025201.01
23043,1757599200000,1046188.91
23044,1757602800000,1053255.1
23045,1757606400000,1048654.59
23046,1757610000000,1045738.49
23047,1757613600000,1043692.91
23048,1757617200000,1038752.72
23049,1757620800000,1036386.13
23050,1757624400000,1035038.23
23051,1757628000000,1035064.46
23052,1757631600000,1036477.61
23053,1757635200000,1034667.53
23054,1757638800000,1018360.9
23055,1757642400000,1026316.07
23056,1757646000000,1025430.68
23057,1757649600000,1018438.8
23058,1757653200000,1031328.94
23059,1757656800000,1039178.23
23060,1757660400000,1073771.45
23061,1757664000000,1076512.92
23062,1757667600000,1071012.36
23063,1757671200000,1074594.97
23064,1757674800000,1072161.8
23065,1757678400000,1069436.54
23066,1757682000000,1065026.01
23067,1757685600000,1065525.95
23068,1757689200000,1062225.87
23069,1757692800000,1056838.36
23070,1757696400000,1054456.19
23071,1757700000000,1065034.18
23072,1757703600000,1074659.3
23073,1757707200000,1079692.25
23074,1757710800000,1106068.25
23075,1757714400000,1098213.46
23076,1757718000000,1071645.36
23077,1757721600000,1069477.5
23078,1757725200000,1069068.61
23079,1757728800000,1070058.1
23080,1757732400000,1072072.48
23081,1757736000000,1074131.87999999
23082,1757739600000,1073618.86
23083,1757743200000,1079057.71
23084,1757746800000,1084000.43
23085,1757750400000,1081840.12
23086,1757754000000,1075967.69
23087,1757757600000,1071342.87999999
23088,1757761200000,1061052.86
23089,1757764800000,1060136.26
23090,1757768400000,1060080.22
23091,1757772000000,1040127.54
23092,1757775600000,1041225.66
23093,1757779200000,1045474.67
23094,1757782800000,1042365.78
23095,1757786400000,1042096.51
23096,1757790000000,1032273.7
23097,1757793600000,1027837.42
23098,1757797200000,1034903.77
23099,1757800800000,1020417.06
23100,1757804400000,1021436.96
23101,1757808000000,1021837.27
23102,1757811600000,1021971.24
23103,1757815200000,1026276.1
23104,1757818800000,1026933.59
23105,1757822400000,1026120.7
23106,1757826000000,1035343.29
23107,1757829600000,1034287.5
23108,1757833200000,1044436.24
23109,1757836800000,1049267.48
23110,1757840400000,1049838.47
23111,1757844000000,1048358.86
23112,1757847600000,1052580.04
23113,1757851200000,1045617.97
23114,1757854800000,1039400.56
23115,1757858400000,1052043.03
23116,1757862000000,1065008.03
23117,1757865600000,1059076.84
23118,1757869200000,1063171.87999999
23119,1757872800000,1069806.22
23120,1757876400000,1070826.94
23121,1757880000000,1061791.47
23122,1757883600000,1062518.75
23123,1757887200000,1078587.32
23124,1757890800000,1078407.64999999
23125,1757894400000,1066167.89999999
23126,1757898000000,1069520.89999999
23127,1757901600000,1059452.72
23128,1757905200000,1060751.61
23129,1757908800000,1057683.33
23130,1757912400000,1056464.42
23131,1757916000000,1057499.98
23132,1757919600000,1041034.1
23133,1757923200000,1039967.02
23134,1757926800000,1042543.72
23135,1757930400000,1062417.03
23136,1757934000000,1073611.01
23137,1757937600000,1078917.14999999
23138,1757941200000,1080660.99
23139,1757944800000,1087808.76
23140,1757948400000,1088690.85
23141,1757952000000,1082203.18
23142,1757955600000,1083619.42
23143,1757959200000,1083656.25
23144,1757962800000,1096758.3
23145,1757966400000,1102751.54
23146,1757970000000,1109770.59
23147,1757973600000,1106300.35
23148,1757977200000,1104716.37
23149,1757980800000,1106038.13999999
23150,1757984400000,1105454.33
23151,1757988000000,1105245.77
23152,1757991600000,1108101.71
23153,1757995200000,1108474.56
23154,1757998800000,1104310.87
23155,1758002400000,1102630.19
23156,1758006000000,1109665.37
23157,1758009600000,1104379.14999999
23158,1758013200000,1105773.71
23159,1758016800000,1107000.44
23160,1758020400000,1106772.29
23161,1758024000000,1104266.75
23162,1758027600000,1105724.95
23163,1758031200000,1102481.42
23164,1758034800000,1117865.85
23165,1758038400000,1127882.1
23166,1758042000000,1124532.05
23167,1758045600000,1115090.56
23168,1758049200000,1105956.24
23169,1758052800000,1108808.33
23170,1758056400000,1116661.79
23171,1758060000000,1124703.14999999
23172,1758063600000,1121861.17
23173,1758067200000,1100892.65999999
23174,1758070800000,1102003.07
23175,1758074400000,1102951.63999999
23176,1758078000000,1109910.95
23177,1758081600000,1098196.86
23178,1758085200000,1081641.92
23179,1758088800000,1076748.07
23180,1758092400000,1068042.87999999
23181,1758096000000,1068982.68
23182,1758099600000,1059092.72
23183,1758103200000,1061461.63999999
23184,1758106800000,1067721.08
23185,1758110400000,1073428.95
23186,1758114000000,1073254.98
23187,1758117600000,1076580.03
23188,1758121200000,1090893.18
23189,1758124800000,1109285.56
23190,1758128400000,1109302.56
23191,1758132000000,1079412.25
23192,1758135600000,1100947.33
23193,1758139200000,1120810.46
23194,1758142800000,1106834.40999999
23195,1758146400000,1118334.49
23196,1758150000000,1109301.96
23197,1758153600000,1101397.54
23198,1758157200000,1105457.33
23199,1758160800000,1109657.93
23200,1758164400000,1100192.3
23201,1758168000000,1088840.81
23202,1758171600000,1087225.14999999
23203,1758175200000,1084621.12999999
23204,1758178800000,1080652.51
23205,1758182400000,1085020.42
23206,1758186000000,1096839.97
23207,1758189600000,1097363.1
23208,1758193200000,1103005.72
23209,1758196800000,1101871.47
23210,1758200400000,1102807.53
23211,1758204000000,1082594.19
23212,1758207600000,1058845.3
23213,1758211200000,1063665.54
23214,1758214800000,1064201.09
23215,1758218400000,1059464.02
23216,1758222000000,1056767.37999999
23217,1758225600000,1054150.94
23218,1758229200000,1054477.21
23219,1758232800000,1050415.02
23220,1758236400000,1050625.37
23221,1758240000000,1036400.63
23222,1758243600000,1033653.04
23223,1758247200000,1040071.06
23224,1758250800000,1041010.8
23225,1758254400000,1038136.4
23226,1758258000000,1053174.26
23227,1758261600000,1049998.23
23228,1758265200000,1058288.2
23229,1758268800000,1059238.28
23230,1758272400000,1050818.86
23231,1758276000000,1050236.42
23232,1758279600000,1053014.5
23233,1758283200000,1062136.24
23234,1758286800000,1058884.83
23235,1758290400000,1063485.14999999
23236,1758294000000,1067169.43
23237,1758297600000,1114912.85
23238,1758301200000,1117427.37999999
23239,1758304800000,1117100.54
23240,1758308400000,1109819.75
23241,1758312000000,1105419.8
23242,1758315600000,1126847.58
23243,1758319200000,1139683.92
23244,1758322800000,1137282.57
23245,1758326400000,1141518.23
23246,1758330000000,1148681.51
23247,1758333600000,1151357.15999999
23248,1758337200000,1151213.34
23249,1758340800000,1152520.88999999
23250,1758344400000,1153202.04
23251,1758348000000,1152711.97
23252,1758351600000,1151460.35
23253,1758355200000,1160466.28
23254,1758358800000,1158517.87999999
23255,1758362400000,1158195.52
23256,1758366000000,1160314.57
23257,1758369600000,1161368.26
23258,1758373200000,1146458.83
23259,1758376800000,1144189.48
23260,1758380400000,1135006.48
23261,1758384000000,1156125.25
23262,1758387600000,1155987.48
23263,1758391200000,1139058.79
23264,1758394800000,1135923.21
23265,1758398400000,1134980.46
23266,1758402000000,1134594.34
23267,1758405600000,1132530.01
23268,1758409200000,1129074.58
23269,1758412800000,1130844.77
23270,1758416400000,1129488.57
23271,1758420000000,1130210.24
23272,1758423600000,1130730.94
23273,1758427200000,1130896.19
23274,1758430800000,1132094.12
23275,1758434400000,1128393.52
23276,1758438000000,1124218.63999999
23277,1758441600000,1124500.15999999
23278,1758445200000,1126354.96
23279,1758448800000,1121031.92
23280,1758452400000,1125850.42
23281,1758456000000,1126419.74
23282,1758459600000,1126461.07
23283,1758463200000,1126143.36
23284,1758466800000,1122919.98
23285,1758470400000,1123740.76
23286,1758474000000,1120805.61
23287,1758477600000,1119486.17
23288,1758481200000,1125705.71
23289,1758484800000,1125043.7
23290,1758488400000,1114797.54
23291,1758492000000,1105115.51
23292,1758495600000,1106125.26
23293,1758499200000,1111611.90999999
23294,1758502800000,1071538.44
23295,1758506400000,1085158.8
23296,1758510000000,1071355.45
23297,1758513600000,1073556.43
23298,1758517200000,1081713.86
23299,1758520800000,1065329.06
23300,1758524400000,1051725.72
23301,1758528000000,1060515.48
23302,1758531600000,1064349.37
23303,1758535200000,1041683.12
23304,1758538800000,1048804.82
23305,1758542400000,1049389.75
23306,1758546000000,1050034.62999999
23307,1758549600000,1063104.45
23308,1758553200000,1063138.34
23309,1758556800000,1056053.56
23310,1758560400000,1043441.52
23311,1758564000000,1036067.58
23312,1758567600000,1037741.7
23313,1758571200000,1030610.76
23314,1758574800000,1024467.84
23315,1758578400000,1020857.4
23316,1758582000000,1023887.39
23317,1758585600000,1019350.3
23318,1758589200000,1017287.5
23319,1758592800000,1009471.84
23320,1758596400000,1005332.74
23321,1758600000000,995887.36
23322,1758603600000,996276.42
23323,1758607200000,999172.02
23324,1758610800000,1008702.26
23325,1758614400000,1009019.73
23326,1758618000000,1011667.48
23327,1758621600000,1002882.22
23328,1758625200000,1003045.04
23329,1758628800000,1001778.41
23330,1758632400000,1014976.64
23331,1758636000000,1013162.57
23332,1758639600000,1011565.87
23333,1758643200000,1005288.34
23334,1758646800000,1012414.01
23335,1758650400000,1019378.6
23336,1758654000000,1008901.17
23337,1758657600000,1004157.12
23338,1758661200000,1003683.53
23339,1758664800000,1003558.97
23340,1758668400000,992865.28
23341,1758672000000,998143.94
23342,1758675600000,1008209.9
23343,1758679200000,1006683.96
23344,1758682800000,999697.83
23345,1758686400000,998235.79
23346,1758690000000,979238.25
23347,1758693600000,991160.92
23348,1758697200000,990205.48
23349,1758700800000,991549.99
23350,1758704400000,996517.3
23351,1758708000000,1000958.13
23352,1758711600000,1000877.26
23353,1758715200000,999695.94
23354,1758718800000,1004782.09
23355,1758722400000,1000107.36
23356,1758726000000,1017241.1
23357,1758729600000,1003539.25
23358,1758733200000,1010715.82
23359,1758736800000,1005710.41
23360,1758740400000,1002102.2
23361,1758744000000,1001191.28
23362,1758747600000,996054.91
23363,1758751200000,999959.24
23364,1758754800000,996995.29
23365,1758758400000,996565.37
23366,1758762000000,993599.3
23367,1758765600000,1010298.0
23368,1758769200000,1016033.81
23369,1758772800000,1020441.74
23370,1758776400000,1018548.9
23371,1758780000000,1026120.56
23372,1758783600000,1022573.66
23373,1758787200000,1027724.53
23374,1758790800000,1026996.39
23375,1758794400000,1029402.72
23376,1758798000000,1031778.17
23377,1758801600000,1025985.82
23378,1758805200000,1029867.78
23379,1758808800000,1047973.89
23380,1758812400000,1049365.18
23381,1758816000000,1046532.31
23382,1758819600000,1033046.96
23383,1758823200000,1052945.26
23384,1758826800000,1041257.78
23385,1758830400000,1052243.35
23386,1758834000000,1048865.05
23387,1758837600000,1040009.59
23388,1758841200000,1039676.63
23389,1758844800000,1044226.48
23390,1758848400000,1018893.9
23391,1758852000000,1030692.61
23392,1758855600000,1034475.35
23393,1758859200000,1029882.35
23394,1758862800000,1033696.8
23395,1758866400000,1043762.85
23396,1758870000000,1043799.16
23397,1758873600000,1038410.63
23398,1758877200000,1044589.38
23399,1758880800000,1028049.19
23400,1758884400000,1031762.03
23401,1758888000000,1039543.82
23402,1758891600000,1041840.58
23403,1758895200000,1059492.36
23404,1758898800000,1061579.22
23405,1758902400000,1058672.24
23406,1758906000000,1069889.27
23407,1758909600000,1071748.06
23408,1758913200000,1088138.14999999
23409,1758916800000,1092854.48
23410,1758920400000,1092229.43
23411,1758924000000,1086436.05
23412,1758927600000,1085737.13999999
23413,1758931200000,1085707.64999999
23414,1758934800000,1082607.63999999
23415,1758938400000,1078972.06
23416,1758942000000,1077538.35
23417,1758945600000,1076084.24
23418,1758949200000,1075226.52
23419,1758952800000,1077691.0
23420,1758956400000,1077635.84
23421,1758960000000,1077711.28
23422,1758963600000,1066876.93
23423,1758967200000,1068408.89999999
23424,1758970800000,1067266.68
23425,1758974400000,1068994.21
23426,1758978000000,1058551.51
23427,1758981600000,1060143.06
23428,1758985200000,1057393.99
23429,1758988800000,1057975.14999999
23430,1758992400000,1057355.65999999
23431,1758996000000,1064711.07
23432,1758999600000,1058648.23
23433,1759003200000,1056791.76
23434,1759006800000,1056173.63999999
23435,1759010400000,1054137.69
23436,1759014000000,1053051.38999999
23437,1759017600000,1052560.74
23438,1759021200000,1055756.95
23439,1759024800000,1052141.97
23440,1759028400000,1057944.36
23441,1759032000000,1059022.37999999
23442,1759035600000,1058086.84
23443,1759039200000,1058676.74
23444,1759042800000,1061725.98
23445,1759046400000,1059932.2
23446,1759050000000,1061630.86
23447,1759053600000,1069598.78
23448,1759057200000,1068519.44
23449,1759060800000,1068904.02
23450,1759064400000,1061489.63999999
23451,1759068000000,1063145.76
23452,1759071600000,1068846.72
23453,1759075200000,1084079.72
23454,1759078800000,1065144.49
23455,1759082400000,1070796.87999999
23456,1759086000000,1069452.0
23457,1759089600000,1069031.86
23458,1759093200000,1057494.24
23459,1759096800000,1058356.85
23460,1759100400000,1045471.07
23461,1759104000000,1043992.7
23462,1759107600000,1042245.71
23463,1759111200000,1047833.08
23464,1759114800000,1049413.62999999
23465,1759118400000,1040273.74
23466,1759122000000,1036775.41
23467,1759125600000,1037252.15
23468,1759129200000,1033095.98
23469,1759132800000,1036422.09
23470,1759136400000,1039025.56
23471,1759140000000,1045401.54
23472,1759143600000,1044028.08
23473,1759147200000,1039860.14
23474,1759150800000,1032884.2
23475,1759154400000,1033799.05
23476,1759158000000,1041648.06
23477,1759161600000,1041652.21
23478,1759165200000,1041972.86
23479,1759168800000,1040261.3
23480,1759172400000,1034013.04
23481,1759176000000,1028690.56
23482,1759179600000,1030247.1
23483,1759183200000,1029334.52
23484,1759186800000,1033592.41
23485,1759190400000,1035653.01
23486,1759194000000,1024167.36
23487,1759197600000,1027075.96
23488,1759201200000,1031756.19
23489,1759204800000,1028463.8
23490,1759208400000,1026973.96
23491,1759212000000,1025991.25
23492,1759215600000,1027610.97
23493,1759219200000,1026203.42
23494,1759222800000,1024757.48
23495,1759226400000,1026216.07
23496,1759230000000,1030848.49
23497,1759233600000,1039535.7
23498,1759237200000,1042250.2
23499,1759240800000,1045714.01
23500,1759244400000,1046275.16
23501,1759248000000,1039198.74
23502,1759251600000,1040814.44
23503,1759255200000,1030541.72
23504,1759258800000,1028343.68
23505,1759262400000,1026749.49
23506,1759266000000,1023983.7
23507,1759269600000,1008864.55
23508,1759273200000,1009701.56
23509,1759276800000,1005143.56
23510,1759280400000,1000102.08
23511,1759284000000,999031.32
23512,1759287600000,992259.78
23513,1759291200000,979390.42
23514,1759294800000,987865.46
23515,1759298400000,992331.51
23516,1759302000000,987193.18
23517,1759305600000,992708.26
23518,1759309200000,985096.47
23519,1759312800000,1010776.33
23520,1759316400000,1013945.64
23521,1759320000000,1016124.95
23522,1759323600000,1014496.76
23523,1759327200000,1012636.13
23524,1759330800000,1007739.17
23525,1759334400000,1013972.7
23526,1759338000000,1019472.94
23527,1759341600000,1021856.45
23528,1759345200000,1019392.72
23529,1759348800000,1013761.14
23530,1759352400000,1015942.11
23531,1759356000000,1016962.54
23532,1759359600000,1015422.82
23533,1759363200000,1008265.08
23534,1759366800000,1007051.02
23535,1759370400000,1019616.47
23536,1759374000000,1026697.93
23537,1759377600000,1030448.5
23538,1759381200000,1024573.56
23539,1759384800000,1031333.63
23540,1759388400000,1038295.49
23541,1759392000000,1042313.19
23542,1759395600000,1044769.26
23543,1759399200000,1043820.47
23544,1759402800000,1049034.09
23545,1759406400000,1049302.45
23546,1759410000000,1039887.68
23547,1759413600000,1039332.68
23548,1759417200000,1037114.79
23549,1759420800000,1029526.54
23550,1759424400000,1033300.73
23551,1759428000000,1035695.54
23552,1759431600000,1046113.06
23553,1759435200000,1045614.54
23554,1759438800000,1036034.86
23555,1759442400000,1029758.21
23556,1759446000000,1028782.37
23557,1759449600000,1024064.35
23558,1759453200000,1029707.87
23559,1759456800000,1033050.92
23560,1759460400000,1027960.17
23561,1759464000000,1025059.1
23562,1759467600000,1025976.68
23563,1759471200000,1029686.02
23564,1759474800000,1028228.0
23565,1759478400000,1025081.36
23566,1759482000000,1017028.3
23567,1759485600000,1014775.13
23568,1759489200000,1014891.46
23569,1759492800000,1016771.6
23570,1759496400000,1014928.83
23571,1759500000000,1014670.23
23572,1759503600000,1028293.32
23573,1759507200000,1037819.1
23574,1759510800000,1007448.79
23575,1759514400000,1008969.69
23576,1759518000000,1001450.44
23577,1759521600000,1001871.07
23578,1759525200000,992434.68
23579,1759528800000,988168.87
23580,1759532400000,989882.11
23581,1759536000000,991679.71
23582,1759539600000,981078.54
23583,1759543200000,987776.04
23584,1759546800000,985744.82
23585,1759550400000,980055.14
23586,1759554000000,981394.07
23587,1759557600000,987137.84
23588,1759561200000,979737.82
23589,1759564800000,988678.16
23590,1759568400000,1004245.48
23591,1759572000000,1002110.68
23592,1759575600000,1003409.01
23593,1759579200000,1003283.46
23594,1759582800000,1000490.45
23595,1759586400000,1000193.97
23596,1759590000000,998188.44
23597,1759593600000,1001778.64
23598,1759597200000,1005614.37
23599,1759600800000,1008072.89
23600,1759604400000,1006306.02
23601,1759608000000,1006315.16
23602,1759611600000,1009193.74
23603,1759615200000,1005695.04
23604,1759618800000,1006349.42
23605,1759622400000,1005767.27
23606,1759626000000,1002961.62
23607,1759629600000,1003790.69
23608,1759633200000,996429.05
23609,1759636800000,993222.85
23610,1759640400000,985887.87
23611,1759644000000,1002062.35
23612,1759647600000,1014383.04
23613,1759651200000,995790.69
23614,1759654800000,1014184.42
23615,1759658400000,1014683.48
23616,1759662000000,1016725.94
23617,1759665600000,1012694.81
23618,1759669200000,1009466.86
23619,1759672800000,1013888.24
23620,1759676400000,1014676.7
23621,1759680000000,1018449.12
23622,1759683600000,1008434.11
23623,1759687200000,1015339.94
23624,1759690800000,1013796.61
23625,1759694400000,1006809.32
23626,1759698000000,1001376.03
23627,1759701600000,1004557.24
23628,1759705200000,999839.55
23629,1759708800000,1002994.73
23630,1759712400000,998901.97
23631,1759716000000,995530.58
23632,1759719600000,994273.19
23633,1759723200000,996748.84
23634,1759726800000,993737.39
23635,1759730400000,996894.46
23636,1759734000000,994995.22
23637,1759737600000,992107.95
23638,1759741200000,994222.72
23639,1759744800000,995405.55
23640,1759748400000,996763.6
23641,1759752000000,992028.12
23642,1759755600000,986991.95
23643,1759759200000,977906.48
23644,1759762800000,986705.25
23645,1759766400000,983810.68
23646,1759770000000,975591.08
23647,1759773600000,972449.71
23648,1759777200000,970433.59
23649,1759780800000,966195.13
23650,1759784400000,971082.25
23651,1759788000000,973435.82
23652,1759791600000,971786.68
23653,1759795200000,973121.5
23654,1759798800000,971370.22
23655,1759802400000,971790.19
23656,1759806000000,978199.75
23657,1759809600000,983828.37
23658,1759813200000,991886.13
23659,1759816800000,1014034.87
23660,1759820400000,997339.7
23661,1759824000000,992326.88
23662,1759827600000,990344.35
23663,1759831200000,988638.36
23664,1759834800000,991900.6
23665,1759838400000,1003377.6
23666,1759842000000,1008612.31
23667,1759845600000,1029766.6
23668,1759849200000,1026561.35
23669,1759852800000,1014283.46
23670,1759856400000,1039287.06
23671,1759860000000,1017584.53
23672,1759863600000,1029983.21
23673,1759867200000,1042073.31
23674,1759870800000,1042451.38
23675,1759874400000,1031171.58
23676,1759878000000,1032349.8
23677,1759881600000,1013605.84
23678,1759885200000,1021278.45
23679,1759888800000,1022696.8
23680,1759892400000,1020733.8
23681,1759896000000,1019425.55
23682,1759899600000,1025430.41
23683,1759903200000,1021461.2
23684,1759906800000,1023746.68
23685,1759910400000,1046131.81
23686,1759914000000,1064282.15999999
23687,1759917600000,1066307.03
23688,1759921200000,1073066.12
23689,1759924800000,1069670.87999999
23690,1759928400000,1067774.11
23691,1759932000000,1056391.12999999
23692,1759935600000,1058318.31
23693,1759939200000,1062251.13999999
23694,1759942800000,1058700.47
23695,1759946400000,1059807.62999999
23696,1759950000000,1048361.58
23697,1759953600000,1056606.74
23698,1759957200000,1051430.31
23699,1759960800000,1050048.43
23700,1759964400000,1053550.04
23701,1759968000000,1049506.64999999
23702,1759971600000,1050256.86
23703,1759975200000,1050965.55
23704,1759978800000,1048384.36
23705,1759982400000,1063707.12
23706,1759986000000,1069025.47
23707,1759989600000,1072510.90999999
23708,1759993200000,1085732.78
23709,1759996800000,1088232.69
23710,1760000400000,1073271.72
23711,1760004000000,1076316.58
23712,1760007600000,1077951.23
23713,1760011200000,1074829.89999999
23714,1760014800000,1068865.69
23715,1760018400000,1060508.37999999
23716,1760022000000,1058167.78
23717,1760025600000,1060004.55
23718,1760029200000,1056358.81
23719,1760032800000,1081420.29
23720,1760036400000,1085582.0
23721,1760040000000,1084676.34
23722,1760043600000,1085925.21
23723,1760047200000,1079570.29
23724,1760050800000,1080331.11
23725,1760054400000,1082298.90999999
23726,1760058000000,1085213.99
23727,1760061600000,1086375.43
23728,1760065200000,1088423.83
23729,1760068800000,1089527.1
23730,1760072400000,1088034.45
23731,1760076000000,1083785.02
23732,1760079600000,1084378.44
23733,1760083200000,1087003.34
23734,1760086800000,1089051.58
23735,1760090400000,1087808.61
23736,1760094000000,1091564.40999999
23737,1760097600000,1092967.85
23738,1760101200000,1098173.99
23739,1760104800000,1098520.58
23740,1760108400000,1081274.73
23741,1760112000000,1092244.72
23742,1760115600000,1111768.39999999
23743,1760119200000,1131961.64999999
23744,1760122800000,1121956.87999999
23745,1760126400000,1099218.31
23746,1760130000000,1074889.06
23747,1760133600000,791084.43
23748,1760137200000,775332.59
23749,1760140800000,762412.01
23750,1760144400000,749291.77
23751,1760148000000,751586.47
23752,1760151600000,745349.73
23753,1760155200000,734459.62
23754,1760158800000,737854.52
23755,1760162400000,756331.59
23756,1760166000000,754882.92
23757,1760169600000,763839.35
23758,1760173200000,746915.72
23759,1760176800000,740231.48
23760,1760180400000,733008.74
23761,1760184000000,725611.8
23762,1760187600000,727990.09
23763,1760191200000,729490.86
23764,1760194800000,734009.01
23765,1760198400000,729720.11
23766,1760202000000,738421.34
23767,1760205600000,736971.44
23768,1760209200000,736829.2
23769,1760212800000,706920.64
23770,1760216400000,684673.36
23771,1760220000000,678266.75
23772,1760223600000,691549.43999999
23773,1760227200000,690283.52
23774,1760230800000,697345.06999999
23775,1760234400000,701887.55
23776,1760238000000,710272.62
23777,1760241600000,730232.75
23778,1760245200000,709622.85
23779,1760248800000,707908.62
23780,1760252400000,713366.91
23781,1760256000000,713722.32
23782,1760259600000,716732.42
23783,1760263200000,721505.74
23784,1760266800000,713732.69
23785,1760270400000,711549.88
23786,1760274000000,712824.22
23787,1760277600000,713797.9
23788,1760281200000,723609.94
23789,1760284800000,729572.75
23790,1760288400000,725623.72
23791,1760292000000,737266.54
23792,1760295600000,741538.04
23793,1760299200000,745731.49
23794,1760302800000,749219.74
23795,1760306400000,740995.74
23796,1760310000000,737323.39
23797,1760313600000,732483.05
23798,1760317200000,721197.34
23799,1760320800000,723663.05
23800,1760324400000,726285.57
23801,1760328000000,726382.58
23802,1760331600000,727198.92
23803,1760335200000,731234.5
23804,1760338800000,729880.71
23805,1760342400000,727933.96
23806,1760346000000,727733.87
23807,1760349600000,736309.83
23808,1760353200000,736889.2
23809,1760356800000,724985.8
23810,1760360400000,720962.38
23811,1760364000000,728390.43
23812,1760367600000,723605.39
23813,1760371200000,726492.11
23814,1760374800000,731205.39
23815,1760378400000,718765.36
23816,1760382000000,728037.32
23817,1760385600000,731373.25
23818,1760389200000,725504.69
23819,1760392800000,727151.8
23820,1760396400000,724956.87
23821,1760400000000,729964.31
23822,1760403600000,729532.68
23823,1760407200000,724352.12
23824,1760410800000,720373.11
23825,1760414400000,718719.79
23826,1760418000000,725305.14
23827,1760421600000,717797.89
23828,1760425200000,718130.93
23829,1760428800000,711223.94
23830,1760432400000,710280.78
23831,1760436000000,712030.02
23832,1760439600000,694180.6
23833,1760443200000,688097.01
23834,1760446800000,690939.35
23835,1760450400000,697671.39
23836,1760454000000,697422.05
23837,1760457600000,704307.54
23838,1760461200000,703745.7
23839,1760464800000,701155.19999999
23840,1760468400000,699081.06
23841,1760472000000,694198.04
23842,1760475600000,693391.68999999
23843,1760479200000,686786.5
23844,1760482800000,684224.31999999
23845,1760486400000,689319.07999999
23846,1760490000000,694668.03
23847,1760493600000,692508.77
23848,1760497200000,697074.36
23849,1760500800000,680205.12
23850,1760504400000,674152.43
23851,1760508000000,674942.29
23852,1760511600000,661744.97
23853,1760515200000,665998.1
23854,1760518800000,668327.71
23855,1760522400000,667668.88
23856,1760526000000,668973.27
23857,1760529600000,680354.31
23858,1760533200000,675494.68999999
23859,1760536800000,667608.65
23860,1760540400000,664296.93
23861,1760544000000,690743.8
23862,1760547600000,678053.04
23863,1760551200000,696734.1
23864,1760554800000,711574.35
23865,1760558400000,712749.51
23866,1760562000000,689852.19999999
23867,1760565600000,686238.15
23868,1760569200000,685093.81
23869,1760572800000,686447.77
23870,1760576400000,686885.61
23871,1760580000000,682922.5
23872,1760583600000,680228.85
23873,1760587200000,680897.81999999
23874,1760590800000,678396.74
23875,1760594400000,679191.38
23876,1760598000000,683250.21
23877,1760601600000,690058.38
23878,1760605200000,698059.3
23879,1760608800000,710406.22
23880,1760612400000,702196.84
23881,1760616000000,699740.88
23882,1760619600000,699800.31
23883,1760623200000,693478.48
23884,1760626800000,688362.81999999
23885,1760630400000,709681.15
23886,1760634000000,698765.81999999
23887,1760637600000,695439.92
23888,1760641200000,686867.67
23889,1760644800000,692901.67
23890,1760648400000,689568.88
23891,1760652000000,698333.12
23892,1760655600000,693856.84
23893,1760659200000,694139.72
23894,1760662800000,696492.3
23895,1760666400000,694478.13
23896,1760670000000,691651.04
23897,1760673600000,689472.92
23898,1760677200000,681461.21
23899,1760680800000,688602.31999999
23900,1760684400000,679630.93999999
23901,1760688000000,694499.73
23902,1760691600000,703049.41
23903,1760695200000,697916.18
23904,1760698800000,708732.92
23905,1760702400000,688030.56
23906,1760706000000,697070.68
23907,1760709600000,694790.34
23908,1760713200000,690596.79
23909,1760716800000,692238.06
23910,1760720400000,683187.49
23911,1760724000000,681542.42
23912,1760727600000,698928.67
23913,1760731200000,689365.64
23914,1760734800000,682871.01
23915,1760738400000,668878.43999999
23916,1760742000000,672772.16
23917,1760745600000,669327.52
23918,1760749200000,665424.47
23919,1760752800000,664138.17
23920,1760756400000,666908.81
23921,1760760000000,668094.6
23922,1760763600000,669862.29
23923,1760767200000,664658.16
23924,1760770800000,666993.29
23925,1760774400000,686544.11
23926,1760778000000,684248.38
23927,1760781600000,683421.94999999
23928,1760785200000,684474.81
23929,1760788800000,682130.46
23930,1760792400000,682717.31
23931,1760796000000,682531.65
23932,1760799600000,678705.96
23933,1760803200000,676457.38
23934,1760806800000,678820.57999999
23935,1760810400000,671124.99
23936,1760814000000,675357.91
23937,1760817600000,674583.4
23938,1760821200000,694734.23
23939,1760824800000,692579.5
23940,1760828400000,696423.5
23941,1760832000000,695039.27
23942,1760835600000,692659.05
23943,1760839200000,690802.13
23944,1760842800000,692539.12
23945,1760846400000,696021.42
23946,1760850000000,697698.65
23947,1760853600000,699405.38
23948,1760857200000,705372.63
23949,1760860800000,708585.26
23950,1760864400000,701065.1
23951,1760868000000,695137.61
23952,1760871600000,696656.32999999
23953,1760875200000,707222.6
23954,1760878800000,708470.86
23955,1760882400000,703420.54
23956,1760886000000,703091.34
23957,1760889600000,700390.64
23958,1760893200000,711098.59
23959,1760896800000,709749.6
23960,1760900400000,704789.41
23961,1760904000000,706577.09
23962,1760907600000,708315.45
23963,1760911200000,704472.15
23964,1760914800000,717125.34
23965,1760918400000,714842.7
23966,1760922000000,705529.26
23967,1760925600000,713197.25
23968,1760929200000,710203.84
23969,1760932800000,711567.5
23970,1760936400000,717536.3
23971,1760940000000,702387.06999999
23972,1760943600000,711245.29
23973,1760947200000,722091.29
23974,1760950800000,723865.74
23975,1760954400000,723970.6
23976,1760958000000,729952.08
23977,1760961600000,731687.74
23978,1760965200000,733597.54
23979,1760968800000,732468.93
23980,1760972400000,738681.87
23981,1760976000000,735137.1
23982,1760979600000,715226.91
23983,1760983200000,717717.53
23984,1760986800000,713196.25
23985,1760990400000,708076.13
23986,1760994000000,718170.48
23987,1760997600000,723600.34
23988,1761001200000,728425.21
23989,1761004800000,728446.3
23990,1761008400000,731732.51
23991,1761012000000,723114.33
23992,1761015600000,726920.62
23993,1761019200000,727447.05
23994,1761022800000,716676.35
23995,1761026400000,726274.68
23996,1761030000000,740685.84
23997,1761033600000,739186.87
23998,1761037200000,734003.92
23999,1761040800000,740606.16
24000,1761044400000,742061.59
24001,1761048000000,741152.0
24002,1761051600000,748072.49
24003,1761055200000,758833.97
24004,1761058800000,757510.93
24005,1761062400000,759020.16
24006,1761066000000,759127.99
24007,1761069600000,754031.93
24008,1761073200000,748516.03
24009,1761076800000,745894.99
24010,1761080400000,743091.34
24011,1761084000000,719964.89
24012,1761087600000,711664.71
24013,1761091200000,704978.69
24014,1761094800000,692237.96
24015,1761098400000,692163.9
24016,1761102000000,690022.85
24017,1761105600000,678493.61
24018,1761109200000,687912.19999999
24019,1761112800000,696426.53
24020,1761116400000,698229.68
24021,1761120000000,704491.7
24022,1761123600000,708854.78
24023,1761127200000,717739.01
24024,1761130800000,724576.35
24025,1761134400000,711475.48
24026,1761138000000,723299.55
24027,1761141600000,746491.03
24028,1761145200000,738538.73
24029,1761148800000,755138.88
24030,1761152400000,751490.58
24031,1761156000000,753780.89
24032,1761159600000,750690.63
24033,1761163200000,746989.57
24034,1761166800000,745410.35
24035,1761170400000,740859.14
24036,1761174000000,737200.02
24037,1761177600000,735966.48
24038,1761181200000,727382.42
24039,1761184800000,726858.23
24040,1761188400000,722193.51
24041,1761192000000,729400.98
24042,1761195600000,728750.38
24043,1761199200000,730578.53
24044,1761202800000,732287.07
24045,1761206400000,729156.48
24046,1761210000000,734107.31
24047,1761213600000,739323.97
24048,1761217200000,742948.91
24049,1761220800000,730464.8
24050,1761224400000,735288.21
24051,1761228000000,740831.96
24052,1761231600000,733236.98
24053,1761235200000,721743.38
24054,1761238800000,713723.4
24055,1761242400000,724572.67
24056,1761246000000,716952.53
24057,1761249600000,705754.19
24058,1761253200000,695765.14
24059,1761256800000,702429.44999999
24060,1761260400000,695882.84
24061,1761264000000,697025.27
24062,1761267600000,714001.09
24063,1761271200000,714287.88
24064,1761274800000,713505.41
24065,1761278400000,716202.7
24066,1761282000000,710677.46
24067,1761285600000,717501.03
24068,1761289200000,724595.09
24069,1761292800000,731007.21
24070,1761296400000,725605.14
24071,1761300000000,734273.5
24072,1761303600000,740405.57
24073,1761307200000,738542.3
24074,1761310800000,742428.93
24075,1761314400000,743015.89
24076,1761318000000,735917.14
24077,1761321600000,733657.38
24078,1761325200000,737124.91
24079,1761328800000,735382.92
24080,1761332400000,736682.55
24081,1761336000000,735431.89
24082,1761339600000,738780.62
24083,1761343200000,733149.62
24084,1761346800000,731055.88
24085,1761350400000,730983.02
24086,1761354000000,729436.24
24087,1761357600000,732822.14
24088,1761361200000,734495.33
24089,1761364800000,736409.6
24090,1761368400000,736262.48
24091,1761372000000,736068.32
24092,1761375600000,732972.69
24093,1761379200000,734891.18
24094,1761382800000,737459.9
24095,1761386400000,732685.67
24096,1761390000000,736171.81
24097,1761393600000,736674.31
24098,1761397200000,739241.74
24099,1761400800000,742870.14
24100,1761404400000,744412.3
24101,1761408000000,742019.77
24102,1761411600000,742649.5
24103,1761415200000,744422.88
24104,1761418800000,735730.97
24105,1761422400000,736764.88
24106,1761426000000,737135.83
24107,1761429600000,729544.59
24108,1761433200000,731182.78
24109,1761436800000,731391.99
24110,1761440400000,737471.99
24111,1761444000000,726031.49
24112,1761447600000,728380.92
24113,1761451200000,737718.4
24114,1761454800000,738919.31
24115,1761458400000,739832.02
24116,1761462000000,740347.34
24117,1761465600000,742255.41
24118,1761469200000,747752.52
24119,1761472800000,751863.93
24120,1761476400000,758676.75
24121,1761480000000,743317.49
24122,1761483600000,763546.39
24123,1761487200000,781116.57
24124,1761490800000,799243.04
24125,1761494400000,801978.72
24126,1761498000000,800987.59
24127,1761501600000,798920.14
24128,1761505200000,794139.59
24129,1761508800000,794166.7
24130,1761512400000,799630.8
24131,1761516000000,795942.65
24132,1761519600000,779036.31
24133,1761523200000,796191.42
24134,1761526800000,795399.33
24135,1761530400000,798976.12
24136,1761534000000,798015.62
24137,1761537600000,806812.85
24138,1761541200000,818009.0
24139,1761544800000,819795.86
24140,1761548400000,825121.94
24141,1761552000000,830868.68
24142,1761555600000,830431.93
24143,1761559200000,822249.8
24144,1761562800000,809604.83
24145,1761566400000,801949.25
24146,1761570000000,810053.86
24147,1761573600000,800772.05
24148,1761577200000,796053.22
24149,1761580800000,801283.77
24150,1761584400000,803833.95
24151,1761588000000,800261.94
24152,1761591600000,805518.6
24153,1761595200000,798203.9
24154,1761598800000,796625.43
24155,1761602400000,789112.48
24156,1761606000000,777156.96
24157,1761609600000,774776.45
24158,1761613200000,777691.38
24159,1761616800000,776735.1
24160,1761620400000,762330.47
24161,1761624000000,772712.19
24162,1761627600000,786232.91
24163,1761631200000,785566.58
24164,1761634800000,781946.19
24165,1761638400000,780239.48
24166,1761642000000,783835.55
24167,1761645600000,791806.31
24168,1761649200000,796756.95
24169,1761652800000,797524.44
24170,1761656400000,796352.82
24171,1761660000000,790907.68
24172,1761663600000,770883.18
24173,1761667200000,776796.17
24174,1761670800000,769354.45
24175,1761674400000,775620.43
24176,1761678000000,768652.54
24177,1761681600000,748096.36
24178,1761685200000,746228.63
24179,1761688800000,746656.48
24180,1761692400000,754440.12
24181,1761696000000,757177.74
24182,1761699600000,759764.65
24183,1761703200000,758519.86
24184,1761706800000,754462.29
24185,1761710400000,756061.24
24186,1761714000000,762902.56
24187,1761717600000,783307.39
24188,1761721200000,784877.38
24189,1761724800000,789959.2
24190,1761728400000,787023.63
24191,1761732000000,783105.82
24192,1761735600000,780621.64
24193,1761739200000,786586.5
24194,1761742800000,782306.2
24195,1761746400000,782491.63
24196,1761750000000,780113.28
24197,1761753600000,763140.61
24198,1761757200000,766897.6
24199,1761760800000,761803.24
24200,1761764400000,764666.48
24201,1761768000000,751035.53
24202,1761771600000,762779.91
24203,1761775200000,762455.72
24204,1761778800000,761196.7
24205,1761782400000,758853.98
24206,1761786000000,763921.28
24207,1761789600000,763733.54
24208,1761793200000,765751.86
24209,1761796800000,759764.91
24210,1761800400000,753686.69
24211,1761804000000,762639.5
24212,1761807600000,765395.59
24213,1761811200000,767650.64
24214,1761814800000,754490.42
24215,1761818400000,748788.55
24216,1761822000000,763811.96
24217,1761825600000,761020.44
24218,1761829200000,766257.34
24219,1761832800000,763111.66
24220,1761836400000,782293.73
24221,1761840000000,782172.84
24222,1761843600000,784059.99
24223,1761847200000,790808.64
24224,1761850800000,807331.68
24225,1761854400000,801491.95
24226,1761858000000,807320.34
24227,1761861600000,811484.35
24228,1761865200000,806540.58
24229,1761868800000,807626.93
24230,1761872400000,806611.04
24231,1761876000000,790407.01
24232,1761879600000,776129.23
24233,1761883200000,772249.58
24234,1761886800000,770758.71
24235,1761890400000,771266.92
24236,1761894000000,761539.53
24237,1761897600000,763073.97
24238,1761901200000,774794.86
24239,1761904800000,773339.0
24240,1761908400000,771044.41
24241,1761912000000,764818.13
24242,1761915600000,755586.78
24243,1761919200000,754005.9
24244,1761922800000,753620.69
24245,1761926400000,762474.52
24246,1761930000000,741281.17
24247,1761933600000,742675.69
24248,1761937200000,740863.89
24249,1761940800000,722587.04
24250,1761944400000,720098.82
24251,1761948000000,717941.34
24252,1761951600000,719723.06
24253,1761955200000,719494.31
24254,1761958800000,722244.58
24255,1761962400000,721592.92
24256,1761966000000,718353.22
24257,1761969600000,715483.57
24258,1761973200000,716559.86
24259,1761976800000,720475.59
24260,1761980400000,718330.98
24261,1761984000000,716982.39
24262,1761987600000,719502.19
24263,1761991200000,718627.93
24264,1761994800000,715754.69
24265,1761998400000,714840.98
24266,1762002000000,716163.17
24267,1762005600000,715327.82
24268,1762009200000,715032.95
24269,1762012800000,712278.5
24270,1762016400000,714744.42
24271,1762020000000,716602.15
24272,1762023600000,722249.87
24273,1762027200000,722418.31
24274,1762030800000,716585.5
24275,1762034400000,714234.46
24276,1762038000000,717588.71
24277,1762041600000,716586.52
24278,1762045200000,718958.32
24279,1762048800000,718494.68
24280,1762052400000,716751.99
24281,1762056000000,715917.92
24282,1762059600000,718542.99
24283,1762063200000,722256.64
24284,1762066800000,719961.19
24285,1762070400000,724908.46
24286,1762074000000,733663.81
24287,1762077600000,736053.63
24288,1762081200000,747955.08
24289,1762084800000,745626.82
24290,1762088400000,748239.68
24291,1762092000000,749488.95
24292,1762095600000,748097.9
24293,1762099200000,747290.8
24294,1762102800000,744278.9
24295,1762106400000,745973.38
24296,1762110000000,747119.35
24297,1762113600000,748578.84
24298,1762117200000,748272.93
24299,1762120800000,741218.14
24300,1762124400000,742997.34
24301,1762128000000,729476.33
24302,1762131600000,715429.39
24303,1762135200000,728517.92
24304,1762138800000,755020.25
24305,1762142400000,763953.89
24306,1762146000000,769962.13
24307,1762149600000,786539.81
24308,1762153200000,792134.88
24309,1762156800000,794844.37
24310,1762160400000,818106.06
24311,1762164000000,810987.52
24312,1762167600000,803481.33
24313,1762171200000,791431.52
24314,1762174800000,789337.4
24315,1762178400000,792905.5
24316,1762182000000,793135.01
24317,1762185600000,776409.99
24318,1762189200000,774144.14
24319,1762192800000,771826.03
24320,1762196400000,770067.2
24321,1762200000000,766616.12
24322,1762203600000,761927.35
24323,1762207200000,760532.56
24324,1762210800000,764216.21
24325,1762214400000,764314.33
24326,1762218000000,772689.99
24327,1762221600000,771413.91
24328,1762225200000,764648.58
24329,1762228800000,761443.82
24330,1762232400000,754701.41
24331,1762236000000,736788.48
24332,1762239600000,727837.88
24333,1762243200000,739577.22
24334,1762246800000,746461.5
24335,1762250400000,747240.13
24336,1762254000000,746627.74
24337,1762257600000,747348.72
24338,1762261200000,742030.15
24339,1762264800000,737381.01
24340,1762268400000,740413.76
24341,1762272000000,745013.85
24342,1762275600000,733517.6
24343,1762279200000,755494.04
24344,1762282800000,784288.66
24345,1762286400000,763952.74
24346,1762290000000,775622.26
24347,1762293600000,745832.43
24348,1762297200000,726173.95
24349,1762300800000,717545.23
24350,1762304400000,710081.57
24351,1762308000000,691676.98
24352,1762311600000,692866.06
24353,1762315200000,686336.34
24354,1762318800000,686125.06999999
24355,1762322400000,690643.66
24356,1762326000000,690818.16
24357,1762329600000,693669.81999999
24358,1762333200000,703824.87
24359,1762336800000,697674.17
24360,1762340400000,710645.47
24361,1762344000000,704171.47
24362,1762347600000,686734.04
24363,1762351200000,655504.36
24364,1762354800000,650987.82999999
24365,1762358400000,666734.56
24366,1762362000000,658382.91
24367,1762365600000,669731.81
24368,1762369200000,667061.93999999
24369,1762372800000,673398.6
24370,1762376400000,673007.79
24371,1762380000000,666838.73
24372,1762383600000,664314.18
24373,1762387200000,667978.72
24374,1762390800000,661559.54
24375,1762394400000,668975.11
24376,1762398000000,659539.77
24377,1762401600000,665217.55
24378,1762405200000,667772.79
24379,1762408800000,665656.16
24380,1762412400000,667528.19999999
24381,1762416000000,670801.85
24382,1762419600000,669620.9
24383,1762423200000,669567.79
24384,1762426800000,663612.56999999
24385,1762430400000,661668.68
24386,1762434000000,655893.4
24387,1762437600000,667775.21
24388,1762441200000,639088.24
24389,1762444800000,636116.49
24390,1762448400000,653405.47
24391,1762452000000,656590.62
24392,1762455600000,642051.04
24393,1762459200000,639959.25
24394,1762462800000,642830.96
24395,1762466400000,644361.21
24396,1762470000000,638881.12
24397,1762473600000,641286.72
24398,1762477200000,647549.36
24399,1762480800000,639296.29
24400,1762484400000,642901.01
24401,1762488000000,645969.31
24402,1762491600000,641903.71
24403,1762495200000,641613.53
24404,1762498800000,642046.41
24405,1762502400000,638746.43
24406,1762506000000,635689.86
24407,1762509600000,632987.52
24408,1762513200000,640915.43
24409,1762516800000,655163.03
24410,1762520400000,666248.32999999
24411,1762524000000,673692.23
24412,1762527600000,659566.05
24413,1762531200000,647916.22
24414,1762534800000,641561.63
24415,1762538400000,653072.12
24416,1762542000000,652802.93
24417,1762545600000,653857.3
24418,1762549200000,645078.0
24419,1762552800000,649505.98
24420,1762556400000,647919.81999999
24421,1762560000000,657187.07999999
24422,1762563600000,658193.43
24423,1762567200000,659433.56999999
24424,1762570800000,655989.13
24425,1762574400000,658711.04
24426,1762578000000,663997.91
24427,1762581600000,676404.07999999
24428,1762585200000,670383.11
24429,1762588800000,675672.99
24430,1762592400000,675935.5
24431,1762596000000,677014.14
24432,1762599600000,675993.73
24433,1762603200000,670226.31999999
24434,1762606800000,666541.12
24435,1762610400000,667836.56
24436,1762614000000,671378.06999999
24437,1762617600000,670376.51
24438,1762621200000,664885.53
24439,1762624800000,671468.02
24440,1762628400000,664003.37
24441,1762632000000,659156.94999999
24442,1762635600000,663554.14
24443,1762639200000,660807.22
24444,1762642800000,658214.88
24445,1762646400000,657502.21
24446,1762650000000,649021.02
24447,1762653600000,649136.62
24448,1762657200000,650231.81
24449,1762660800000,647725.11
24450,1762664400000,648390.51
24451,1762668000000,655782.75
24452,1762671600000,663094.41
24453,1762675200000,662101.72
24454,1762678800000,668303.49
24455,1762682400000,670246.26
24456,1762686000000,669033.74
24457,1762689600000,663712.64
24458,1762693200000,662333.62
24459,1762696800000,669671.57999999
24460,1762700400000,669422.62
24461,1762704000000,677631.17
24462,1762707600000,672149.86
24463,1762711200000,668934.61
24464,1762714800000,670757.68999999
24465,1762718400000,670231.37
24466,1762722000000,667058.39
24467,1762725600000,671229.48
24468,1762729200000,668201.97
24469,1762732800000,662817.99
24470,1762736400000,667391.27
24471,1762740000000,680325.23
24472,1762743600000,686709.66
24473,1762747200000,683941.11
24474,1762750800000,679744.68
24475,1762754400000,680712.17
24476,1762758000000,679724.05
24477,1762761600000,679733.0
24478,1762765200000,689439.62
24479,1762768800000,691950.46
24480,1762772400000,691962.0
24481,1762776000000,690546.68999999
24482,1762779600000,687284.23
24483,1762783200000,668885.03
24484,1762786800000,637544.56999999
24485,1762790400000,630060.62
24486,1762794000000,632144.68
24487,1762797600000,627731.55
24488,1762801200000,631693.87
24489,1762804800000,632807.43999999
24490,1762808400000,629293.5
24491,1762812000000,619387.34
24492,1762815600000,616042.43999999
24493,1762819200000,623541.66
24494,1762822800000,629339.07999999
24495,1762826400000,616084.68
24496,1762830000000,620324.06
24497,1762833600000,619209.85
24498,1762837200000,621893.54
24499,1762840800000,635146.51
24500,1762844400000,615103.37
24501,1762848000000,613160.34
24502,1762851600000,617820.74
24503,1762855200000,612988.9
24504,1762858800000,614234.69999999
24505,1762862400000,616387.17
24506,1762866000000,622754.62
24507,1762869600000,628926.01
24508,1762873200000,642043.01
24509,1762876800000,654677.23
24510,1762880400000,650875.52
24511,1762884000000,644326.28
24512,1762887600000,644915.37
24513,1762891200000,637828.52
24514,1762894800000,639247.96
24515,1762898400000,632541.54
24516,1762902000000,631517.28
24517,1762905600000,628488.05
24518,1762909200000,628768.41
24519,1762912800000,624275.55
24520,1762916400000,626802.06
24521,1762920000000,628358.78
24522,1762923600000,628114.37
24523,1762927200000,628903.86
24524,1762930800000,627138.34
24525,1762934400000,631437.09
24526,1762938000000,627640.99
24527,1762941600000,620295.41
24528,1762945200000,629213.6
24529,1762948800000,644266.31
24530,1762952400000,654223.57999999
24531,1762956000000,658637.43999999
24532,1762959600000,652044.92
24533,1762963200000,642737.59
24534,1762966800000,622967.71
24535,1762970400000,633116.87
24536,1762974000000,620833.78
24537,1762977600000,605924.66
24538,1762981200000,605415.22
24539,1762984800000,605081.04
24540,1762988400000,604293.51
24541,1762992000000,606192.49
24542,1762995600000,599496.05
24543,1762999200000,596575.61
24544,1763002800000,596727.85
24545,1763006400000,588646.26
24546,1763010000000,584616.06
24547,1763013600000,581328.93
24548,1763017200000,591648.54
24549,1763020800000,598493.73
24550,1763024400000,615597.37
24551,1763028000000,626704.01
24552,1763031600000,624606.93
24553,1763035200000,629771.55
24554,1763038800000,622318.41
24555,1763042400000,619153.12
24556,1763046000000,621725.31
24557,1763049600000,622964.74
24558,1763053200000,634805.57999999
24559,1763056800000,643297.57999999
24560,1763060400000,656501.19999999
24561,1763064000000,662150.43
24562,1763067600000,676148.36
24563,1763071200000,693365.69999999
24564,1763074800000,709699.48
24565,1763078400000,701544.15
24566,1763082000000,707718.1
24567,1763085600000,707845.55
24568,1763089200000,700272.6
24569,1763092800000,692400.32999999
24570,1763096400000,693133.86
24571,1763100000000,686574.94999999
24572,1763103600000,683568.39
24573,1763107200000,668344.71
24574,1763110800000,670416.73
24575,1763114400000,683399.56999999
24576,1763118000000,674683.82999999
24577,1763121600000,683606.27
24578,1763125200000,701930.96
24579,1763128800000,690943.37
24580,1763132400000,692013.21
24581,1763136000000,684013.1
24582,1763139600000,678411.86
24583,1763143200000,670356.56999999
24584,1763146800000,670077.56
24585,1763150400000,667921.27
24586,1763154000000,668380.65
24587,1763157600000,661385.44999999
24588,1763161200000,659551.48
24589,1763164800000,657010.29
24590,1763168400000,656107.02
24591,1763172000000,639813.67
24592,1763175600000,639755.14
24593,1763179200000,633592.13
24594,1763182800000,633704.43999999
24595,1763186400000,632949.6
24596,1763190000000,632683.23
24597,1763193600000,632385.22
24598,1763197200000,630520.68
24599,1763200800000,633762.89
24600,1763204400000,632533.73
24601,1763208000000,634332.39
24602,1763211600000,634708.59
24603,1763215200000,641633.77
24604,1763218800000,644252.88
24605,1763222400000,645995.81
24606,1763226000000,643746.37
24607,1763229600000,658458.8
24608,1763233200000,656213.23
24609,1763236800000,653516.27
24610,1763240400000,650322.79
24611,1763244000000,654406.18
24612,1763247600000,651369.32999999
24613,1763251200000,653504.28
24614,1763254800000,648918.14
24615,1763258400000,657797.97
24616,1763262000000,660704.92
24617,1763265600000,660260.26
24618,1763269200000,658217.69999999
24619,1763272800000,656703.0
24620,1763276400000,656040.3
24621,1763280000000,657942.06999999
24622,1763283600000,657332.52
24623,1763287200000,658513.39
24624,1763290800000,663567.53
24625,1763294400000,663431.62
24626,1763298000000,665813.84
24627,1763301600000,667932.63
24628,1763305200000,673506.28
24629,1763308800000,673721.04
24630,1763312400000,669141.28
24631,1763316000000,675596.04
24632,1763319600000,675141.64
24633,1763323200000,674727.68
24634,1763326800000,671991.1
24635,1763330400000,672832.31999999
24636,1763334000000,681221.84
24637,1763337600000,684852.94999999
24638,1763341200000,668639.84
24639,1763344800000,663254.86
24640,1763348400000,664499.12
24641,1763352000000,663697.42
24642,1763355600000,665678.59
24643,1763359200000,662587.18999999
24644,1763362800000,655972.25
24645,1763366400000,659234.42
24646,1763370000000,665034.25
24647,1763373600000,671832.13
24648,1763377200000,675507.21
24649,1763380800000,685876.94999999
24650,1763384400000,687564.89
24651,1763388000000,698251.85
24652,1763391600000,680329.13
24653,1763395200000,670416.5
24654,1763398800000,662793.54
24655,1763402400000,673237.16
24656,1763406000000,676849.4
24657,1763409600000,700693.77
24658,1763413200000,703337.36
24659,1763416800000,701374.5
24660,1763420400000,709093.33
24661,1763424000000,711871.43
24662,1763427600000,714372.05
24663,1763431200000,717309.92
24664,1763434800000,727476.77
24665,1763438400000,739193.4
24666,1763442000000,734442.36
24667,1763445600000,752068.15
24668,1763449200000,734520.36
24669,1763452800000,762542.66
24670,1763456400000,739046.46
24671,1763460000000,728316.3
24672,1763463600000,725573.33
24673,1763467200000,719230.3
24674,1763470800000,717134.58
24675,1763474400000,721291.04
24676,1763478000000,725306.63
24677,1763481600000,739076.22
24678,1763485200000,750832.04
24679,1763488800000,743709.89
24680,1763492400000,753755.83
24681,1763496000000,744976.65
24682,1763499600000,743632.72
24683,1763503200000,742929.03
24684,1763506800000,730531.8
24685,1763510400000,731040.13
24686,1763514000000,719669.41
24687,1763517600000,718374.67
24688,1763521200000,717048.38
24689,1763524800000,705571.01
24690,1763528400000,701979.31
24691,1763532000000,699835.96
24692,1763535600000,702232.39
24693,1763539200000,705652.11
24694,1763542800000,682227.59
24695,1763546400000,678762.55
24696,1763550000000,683335.73
24697,1763553600000,685232.73
24698,1763557200000,689794.78
24699,1763560800000,710696.63
24700,1763564400000,707738.03
24701,1763568000000,725745.61
24702,1763571600000,732133.56
24703,1763575200000,754348.53
24704,1763578800000,751559.52
24705,1763582400000,752372.19
24706,1763586000000,754053.63
24707,1763589600000,757932.64
24708,1763593200000,748493.8
24709,1763596800000,750323.21
24710,1763600400000,751413.8
24711,1763604000000,751206.46
24712,1763607600000,749677.78
24713,1763611200000,750175.03
24714,1763614800000,736826.53
24715,1763618400000,744794.27
24716,1763622000000,752816.74
24717,1763625600000,752579.44
24718,1763629200000,759138.51
24719,1763632800000,746917.55
24720,1763636400000,743071.9
24721,1763640000000,745019.19
24722,1763643600000,739877.24
24723,1763647200000,742039.87
24724,1763650800000,769333.54
24725,1763654400000,739997.69
24726,1763658000000,686263.81
24727,1763661600000,705022.87
24728,1763665200000,724285.46
24729,1763668800000,720734.97
24730,1763672400000,724877.92
24731,1763676000000,733832.76
24732,1763679600000,727950.09
24733,1763683200000,724447.84
24734,1763686800000,730814.49
24735,1763690400000,736562.84
24736,1763694000000,755827.24
24737,1763697600000,748828.0
24738,1763701200000,748553.97
24739,1763704800000,752822.67
24740,1763708400000,753130.57
24741,1763712000000,740835.43
24742,1763715600000,745701.99
24743,1763719200000,734397.67
24744,1763722800000,746050.74
24745,1763726400000,736317.32
24746,1763730000000,743408.71
24747,1763733600000,740818.84
24748,1763737200000,740554.13
24749,1763740800000,739149.45
24750,1763744400000,731984.18
24751,1763748000000,754313.04
24752,1763751600000,744526.49
24753,1763755200000,744026.28
24754,1763758800000,735694.18
24755,1763762400000,728796.0
24756,1763766000000,724176.22
24757,1763769600000,716654.51
24758,1763773200000,719464.43
24759,1763776800000,723246.86
24760,1763780400000,719471.56
24761,1763784000000,722750.08
24762,1763787600000,721747.33
24763,1763791200000,720551.16
24764,1763794800000,721635.07
24765,1763798400000,729873.57
24766,1763802000000,721648.58
24767,1763805600000,717410.68
24768,1763809200000,716939.65
24769,1763812800000,717701.83
24770,1763816400000,718218.87
24771,1763820000000,714905.17
24772,1763823600000,714369.28
24773,1763827200000,709998.53
24774,1763830800000,715489.07
24775,1763834400000,713318.04
24776,1763838000000,713319.16
24777,1763841600000,713031.53
24778,1763845200000,713141.15
24779,1763848800000,712415.8
24780,1763852400000,722474.38
24781,1763856000000,712415.18
24782,1763859600000,708227.32
24783,1763863200000,716400.62
24784,1763866800000,716785.18
24785,1763870400000,718826.82
24786,1763874000000,724710.5
24787,1763877600000,721933.58
24788,1763881200000,718619.17
24789,1763884800000,706079.69
24790,1763888400000,706493.4
24791,1763892000000,708935.73
24792,1763895600000,712256.35
24793,1763899200000,714288.99
24794,1763902800000,719484.27
24795,1763906400000,726472.91
24796,1763910000000,738967.89
24797,1763913600000,733513.72
24798,1763917200000,732409.8
24799,1763920800000,726159.93
24800,1763924400000,724753.3
24801,1763928000000,723614.18
24802,1763931600000,720651.52
24803,1763935200000,719120.66
24804,1763938800000,719401.98
24805,1763942400000,721544.09
24806,1763946000000,708066.16
24807,1763949600000,711815.19
24808,1763953200000,712677.53
24809,1763956800000,722045.8
24810,1763960400000,713101.3
24811,1763964000000,725996.45
24812,1763967600000,710480.05
24813,1763971200000,704862.01
24814,1763974800000,701289.13
24815,1763978400000,698996.49
24816,1763982000000,699392.78
24817,1763985600000,700655.03
24818,1763989200000,701033.35
24819,1763992800000,700359.97
24820,1763996400000,700849.79
24821,1764000000000,708988.08
24822,1764003600000,708619.81
24823,1764007200000,726198.87
24824,1764010800000,719998.17
24825,1764014400000,729220.17
24826,1764018000000,727253.69
24827,1764021600000,728256.05
24828,1764025200000,731988.2
24829,1764028800000,745504.97
24830,1764032400000,740539.0
24831,1764036000000,734410.75
24832,1764039600000,726207.17
24833,1764043200000,718698.86
24834,1764046800000,709802.74
24835,1764050400000,705792.7
24836,1764054000000,697579.76
24837,1764057600000,695309.38
24838,1764061200000,706996.83
24839,1764064800000,703301.62
24840,1764068400000,705402.3
24841,1764072000000,705970.03
24842,1764075600000,707440.39
24843,1764079200000,707141.41
24844,1764082800000,714229.95
24845,1764086400000,704088.4
24846,1764090000000,705903.74
24847,1764093600000,711001.06
24848,1764097200000,701530.34
24849,1764100800000,679049.68
24850,1764104400000,689238.73
24851,1764108000000,691349.89
24852,1764111600000,691898.02
24853,1764115200000,695351.96
24854,1764118800000,707397.43
24855,1764122400000,717984.26
24856,1764126000000,718663.64
24857,1764129600000,720133.22
24858,1764133200000,709160.29
24859,1764136800000,702530.09
24860,1764140400000,706026.67
24861,1764144000000,710587.83
24862,1764147600000,708570.52
24863,1764151200000,707449.36
24864,1764154800000,700672.07999999
24865,1764158400000,698268.76
24866,1764162000000,702902.28
24867,1764165600000,701203.68999999
24868,1764169200000,702289.3
24869,1764172800000,705001.11
24870,1764176400000,715219.31
24871,1764180000000,700682.38
24872,1764183600000,719410.1
24873,1764187200000,721483.98
24874,1764190800000,719864.02
24875,1764194400000,722677.99
24876,1764198000000,718935.37
24877,1764201600000,721588.22
24878,1764205200000,728829.58
24879,1764208800000,724800.24
24880,1764212400000,725186.0
24881,1764216000000,728870.13
24882,1764219600000,721994.92
24883,1764223200000,723450.89
24884,1764226800000,720207.89
24885,1764230400000,719292.17
24886,1764234000000,719575.57
24887,1764237600000,719026.21
24888,1764241200000,715837.02
24889,1764244800000,714326.03
24890,1764248400000,704920.78
24891,1764252000000,704424.85
24892,1764255600000,700121.77
24893,1764259200000,705625.37
24894,1764262800000,699584.75
24895,1764266400000,697219.87
24896,1764270000000,696054.37
24897,1764273600000,694211.82999999
24898,1764277200000,693487.21
24899,1764280800000,692915.84
24900,1764284400000,687816.53
24901,1764288000000,683723.05
24902,1764291600000,690420.07999999
24903,1764295200000,687244.29
24904,1764298800000,686208.34
24905,1764302400000,686228.73
24906,1764306000000,686842.17
24907,1764309600000,689264.97
24908,1764313200000,689419.01
24909,1764316800000,695352.1
24910,1764320400000,696513.07999999
24911,1764324000000,709833.12
24912,1764327600000,717478.02
24913,1764331200000,718985.81
24914,1764334800000,715759.67
24915,1764338400000,713567.76
24916,1764342000000,722625.71
24917,1764345600000,719653.81
24918,1764349200000,706294.86
24919,1764352800000,710676.78
24920,1764356400000,710514.3
24921,1764360000000,703788.48
24922,1764363600000,701394.07999999
24923,1764367200000,700146.31999999
24924,1764370800000,694927.36
24925,1764374400000,693876.15
24926,1764378000000,695514.44999999
24927,1764381600000,701460.06999999
24928,1764385200000,701950.79
24929,1764388800000,698150.31999999
24930,1764392400000,702993.21
24931,1764396000000,701460.71
24932,1764399600000,698885.24
24933,1764403200000,702684.43
24934,1764406800000,702730.38
24935,1764410400000,706762.93
24936,1764414000000,705549.26
24937,1764417600000,705598.34
24938,1764421200000,706128.57
24939,1764424800000,710796.56
24940,1764428400000,714809.81
24941,1764432000000,710339.42
24942,1764435600000,706537.07
24943,1764439200000,692853.79
24944,1764442800000,701206.85
24945,1764446400000,699468.02
24946,1764450000000,700879.34
24947,1764453600000,696401.17
24948,1764457200000,692743.39
24949,1764460800000,690107.09
24950,1764464400000,687305.01
24951,1764468000000,685570.96
24952,1764471600000,685234.14
24953,1764475200000,678947.63
24954,1764478800000,681833.31999999
24955,1764482400000,681208.55
24956,1764486000000,681533.04
24957,1764489600000,685694.56999999
24958,1764493200000,676291.17
24959,1764496800000,676218.09
24960,1764500400000,678917.18
24961,1764504000000,679796.5
24962,1764507600000,673778.54
24963,1764511200000,680161.23
24964,1764514800000,694884.01
24965,1764518400000,697269.17
24966,1764522000000,693003.09
24967,1764525600000,692926.39
24968,1764529200000,693028.46
24969,1764532800000,696912.93
24970,1764536400000,694834.12
24971,1764540000000,701966.81999999
24972,1764543600000,698438.46
24973,1764547200000,693944.67
24974,1764550800000,681837.71
24975,1764554400000,692032.76
24976,1764558000000,694312.02
24977,1764561600000,701108.59
24978,1764565200000,706201.26
24979,1764568800000,725590.23
24980,1764572400000,728780.63
24981,1764576000000,722291.91
24982,1764579600000,725318.31
24983,1764583200000,730785.46
24984,1764586800000,727873.43
24985,1764590400000,729724.14
24986,1764594000000,715422.51
24987,1764597600000,724456.74
24988,1764601200000,745737.29
24989,1764604800000,713925.7
24990,1764608400000,714403.97
24991,1764612000000,729129.17
24992,1764615600000,734185.37
24993,1764619200000,737105.0
24994,1764622800000,737436.08
24995,1764626400000,730192.15
24996,1764630000000,715511.26
24997,1764633600000,722380.67
24998,1764637200000,716829.32
24999,1764640800000,711599.04
25000,1764644400000,697814.35
25001,1764648000000,696017.96
25002,1764651600000,696058.31
25003,1764655200000,693364.26
25004,1764658800000,699678.22
25005,1764662400000,705803.36
25006,1764666000000,705202.57
25007,1764669600000,708534.9
25008,1764673200000,710852.82
25009,1764676800000,722823.47
25010,1764680400000,725153.4
25011,1764684000000,735209.94
25012,1764687600000,742024.64
25013,1764691200000,730954.87
25014,1764694800000,757579.72
25015,1764698400000,746837.46
25016,1764702000000,744287.29
25017,1764705600000,749145.01
25018,1764709200000,748133.85
25019,1764712800000,744503.74
25020,1764716400000,739494.15
25021,1764720000000,742793.7
25022,1764723600000,744009.36
25023,1764727200000,738481.24
25024,1764730800000,737787.11
25025,1764734400000,739531.93
25026,1764738000000,740735.1
25027,1764741600000,745920.57
25028,1764745200000,740269.47
25029,1764748800000,747378.76
25030,1764752400000,751579.87
25031,1764756000000,758191.25
25032,1764759600000,756701.82
25033,1764763200000,764693.65
25034,1764766800000,773793.59
25035,1764770400000,778705.14
25036,1764774000000,752673.14
25037,1764777600000,756720.44
25038,1764781200000,755481.97
25039,1764784800000,738940.24
25040,1764788400000,732211.41
25041,1764792000000,734681.46
25042,1764795600000,738201.89
25043,1764799200000,735270.48
25044,1764802800000,725584.41
25045,1764806400000,724819.93
25046,1764810000000,727177.09
25047,1764813600000,729156.57
25048,1764817200000,729605.68
25049,1764820800000,727416.66
25050,1764824400000,721311.46
25051,1764828000000,714754.49
25052,1764831600000,708819.36
25053,1764835200000,704685.14
25054,1764838800000,702289.68
25055,1764842400000,696854.56999999
25056,1764846000000,696323.44999999
25057,1764849600000,698801.32999999
25058,1764853200000,693439.09
25059,1764856800000,697662.47
25060,1764860400000,696173.23
25061,1764864000000,680347.79
25062,1764867600000,685741.73
25063,1764871200000,680468.86
25064,1764874800000,682647.05
25065,1764878400000,650150.02
25066,1764882000000,649824.35
25067,1764885600000,643441.54
25068,1764889200000,641358.52
25069,1764892800000,642187.56
25070,1764896400000,648613.93
25071,1764900000000,649567.67
25072,1764903600000,650046.18
25073,1764907200000,649977.39
25074,1764910800000,653295.9
25075,1764914400000,649070.94999999
25076,1764918000000,646390.22
25077,1764921600000,654887.68
25078,1764925200000,652299.89
25079,1764928800000,671218.05
25080,1764932400000,673856.76
25081,1764936000000,681415.92
25082,1764939600000,679203.69999999
25083,1764943200000,669834.09
25084,1764946800000,668989.04
25085,1764950400000,685289.31
25086,1764954000000,672427.43
25087,1764957600000,661941.06999999
25088,1764961200000,665274.43
25089,1764964800000,678740.0
25090,1764968400000,676775.06999999
25091,1764972000000,666386.35
25092,1764975600000,664509.69999999
25093,1764979200000,666299.09
25094,1764982800000,662184.59
25095,1764986400000,664226.9
25096,1764990000000,668025.8
25097,1764993600000,666646.43
25098,1764997200000,666907.44999999
25099,1765000800000,667096.85
25100,1765004400000,666627.04
25101,1765008000000,664451.72
25102,1765011600000,666012.48
25103,1765015200000,661030.53
25104,1765018800000,662642.96
25105,1765022400000,664985.8
25106,1765026000000,666401.32999999
25107,1765029600000,664936.23
25108,1765033200000,654990.15
25109,1765036800000,652911.94999999
25110,1765040400000,659135.73
25111,1765044000000,657792.76
25112,1765047600000,654246.06
25113,1765051200000,659938.06999999
25114,1765054800000,660680.65
25115,1765058400000,661832.41
25116,1765062000000,657134.24
25117,1765065600000,652868.65
25118,1765069200000,655769.28
25119,1765072800000,655319.17
25120,1765076400000,663829.21
25121,1765080000000,665394.32999999
25122,1765083600000,668515.72
25123,1765087200000,667336.75
25124,1765090800000,669378.98
25125,1765094400000,665147.32999999
25126,1765098000000,672838.09
25127,1765101600000,676219.52
25128,1765105200000,677319.84
25129,1765108800000,678605.22
25130,1765112400000,680878.42
25131,1765116000000,679894.28
25132,1765119600000,674575.16
25133,1765123200000,686299.8
25134,1765126800000,684985.09
25135,1765130400000,679882.99
25136,1765134000000,680096.13
25137,1765137600000,676431.87
25138,1765141200000,678924.36
25139,1765144800000,669040.64
25140,1765148400000,654894.75
25141,1765152000000,655692.31999999
25142,1765155600000,655057.73
25143,1765159200000,653505.75
25144,1765162800000,656266.43
25145,1765166400000,659189.86
25146,1765170000000,665462.82999999
25147,1765173600000,669485.44999999
25148,1765177200000,674638.81999999
25149,1765180800000,679662.39
25150,1765184400000,677596.22
25151,1765188000000,673774.12
25152,1765191600000,674867.07999999
25153,1765195200000,677541.57999999
25154,1765198800000,681052.23
25155,1765202400000,683270.29
25156,1765206000000,692183.48
25157,1765209600000,691217.39
25158,1765213200000,685382.18
25159,1765216800000,687655.75
25160,1765220400000,682243.88
25161,1765224000000,680247.59
25162,1765227600000,678007.43999999
25163,1765231200000,677369.87
25164,1765234800000,680837.39
25165,1765238400000,681571.18
25166,1765242000000,678970.81999999
25167,1765245600000,676600.94999999
25168,1765249200000,682147.25
25169,1765252800000,686837.67
25170,1765256400000,675636.14
25171,1765260000000,677591.31999999
25172,1765263600000,681936.31999999
25173,1765267200000,682080.28
25174,1765270800000,682813.56
25175,1765274400000,680399.14
25176,1765278000000,677204.96
25177,1765281600000,682806.93
25178,1765285200000,688311.24
25179,1765288800000,682404.76
25180,1765292400000,682620.06
25181,1765296000000,692339.68999999
25182,1765299600000,693303.18
25183,1765303200000,700119.73
25184,1765306800000,703599.98
25185,1765310400000,703935.16
25186,1765314000000,693037.85
25187,1765317600000,686079.04
25188,1765321200000,680949.35
25189,1765324800000,680073.67
25190,1765328400000,678202.66
25191,1765332000000,675048.69999999
25192,1765335600000,671329.1
25193,1765339200000,666761.22
25194,1765342800000,660452.09
25195,1765346400000,656364.81
25196,1765350000000,655884.47
25197,1765353600000,654656.78
25198,1765357200000,657163.41
25199,1765360800000,650777.75
25200,1765364400000,659783.21
25201,1765368000000,659056.44999999
25202,1765371600000,661781.14
25203,1765375200000,667902.32999999
25204,1765378800000,668837.96
25205,1765382400000,669415.56999999
25206,1765386000000,672818.86
25207,1765389600000,668948.46
25208,1765393200000,652461.88
25209,1765396800000,671142.29
25210,1765400400000,679559.57999999
25211,1765404000000,671389.93
25212,1765407600000,671548.09
25213,1765411200000,670755.63
25214,1765414800000,665958.56999999
25215,1765418400000,664836.22
25216,1765422000000,658095.85
25217,1765425600000,644747.35
25218,1765429200000,643620.29
25219,1765432800000,651495.51
25220,1765436400000,652072.11
25221,1765440000000,658099.59
25222,1765443600000,659435.39
25223,1765447200000,665775.84
25224,1765450800000,671839.18999999
25225,1765454400000,672362.12
25226,1765458000000,677016.13
25227,1765461600000,673320.41
25228,1765465200000,691714.35
25229,1765468800000,688412.04
25230,1765472400000,695063.94999999
25231,1765476000000,692202.15
25232,1765479600000,725915.86
25233,1765483200000,717132.76
25234,1765486800000,726648.5
25235,1765490400000,693682.38
25236,1765494000000,691853.65
25237,1765497600000,691144.77
25238,1765501200000,673565.86
25239,1765504800000,684725.79
25240,1765508400000,689803.44999999
25241,1765512000000,681545.25
25242,1765515600000,681050.51
25243,1765519200000,678288.6
25244,1765522800000,687214.44999999
25245,1765526400000,684271.42
25246,1765530000000,684234.44999999
25247,1765533600000,685469.22
25248,1765537200000,685358.92
25249,1765540800000,683224.15
25250,1765544400000,688900.06
25251,1765548000000,688141.05
25252,1765551600000,696671.64
25253,1765555200000,741608.3
25254,1765558800000,768094.83
25255,1765562400000,755850.59
25256,1765566000000,761052.95
25257,1765569600000,765649.3
25258,1765573200000,770358.08
25259,1765576800000,766214.76
25260,1765580400000,762597.41
25261,1765584000000,760235.85
25262,1765587600000,758961.47
25263,1765591200000,757966.29
25264,1765594800000,756907.17
25265,1765598400000,755270.23
25266,1765602000000,753352.96
25267,1765605600000,751994.62
25268,1765609200000,752169.83
25269,1765612800000,753444.99
25270,1765616400000,746868.71
25271,1765620000000,742930.94
25272,1765623600000,749230.22
25273,1765627200000,745701.29
25274,1765630800000,740474.98
25275,1765634400000,733464.52
25276,1765638000000,742434.82
25277,1765641600000,742854.47
25278,1765645200000,743694.88
25279,1765648800000,740366.56
25280,1765652400000,742729.91
25281,1765656000000,743992.91
25282,1765659600000,743091.89
25283,1765663200000,741570.11
25284,1765666800000,742408.71
25285,1765670400000,744104.16
25286,1765674000000,742700.67
25287,1765677600000,744862.31
25288,1765681200000,746921.84
25289,1765684800000,747391.42
25290,1765688400000,747114.88
25291,1765692000000,747881.76
25292,1765695600000,748721.16
25293,1765699200000,749681.91
25294,1765702800000,751601.14
25295,1765706400000,749049.4
25296,1765710000000,737541.44
25297,1765713600000,720193.12
25298,1765717200000,726404.51
25299,1765720800000,727518.04
25300,1765724400000,723192.0
25301,1765728000000,726078.66
25302,1765731600000,731335.47
25303,1765735200000,728403.12
25304,1765738800000,731780.93
25305,1765742400000,729380.39
25306,1765746000000,725231.21
25307,1765749600000,725462.78
25308,1765753200000,725751.43
25309,1765756800000,714961.26
25310,1765760400000,708188.59
25311,1765764000000,698973.02
25312,1765767600000,685736.52
25313,1765771200000,685701.31999999
25314,1765774800000,691270.43999999
25315,1765778400000,693821.19999999
25316,1765782000000,693284.81999999
25317,1765785600000,692070.43999999
25318,1765789200000,696755.4
25319,1765792800000,697444.93
25320,1765796400000,700879.84
25321,1765800000000,697245.23
25322,1765803600000,699841.04
25323,1765807200000,701659.88
25324,1765810800000,701767.56999999
25325,1765814400000,731472.21
25326,1765818000000,723665.94
25327,1765821600000,718356.79
25328,1765825200000,730039.37
25329,1765828800000,740075.31
25330,1765832400000,736553.2
25331,1765836000000,741744.7
25332,1765839600000,740088.41
25333,1765843200000,747705.92
25334,1765846800000,744957.49
25335,1765850400000,751405.39
25336,1765854000000,755270.46
25337,1765857600000,749062.48
25338,1765861200000,745069.25
25339,1765864800000,737251.65
25340,1765868400000,743488.15
25341,1765872000000,743285.46
25342,1765875600000,746363.46
25343,1765879200000,749401.6
25344,1765882800000,746923.82
25345,1765886400000,747654.09
25346,1765890000000,744941.06
25347,1765893600000,730378.24
25348,1765897200000,735393.01
25349,1765900800000,732323.04
25350,1765904400000,734184.28
25351,1765908000000,726269.98
25352,1765911600000,727387.34
25353,1765915200000,719910.44
25354,1765918800000,720923.15
25355,1765922400000,724551.79
25356,1765926000000,721336.17
25357,1765929600000,722322.36
25358,1765933200000,722263.03
25359,1765936800000,722710.49
25360,1765940400000,720743.9
25361,1765944000000,722024.46
25362,1765947600000,718990.45
25363,1765951200000,720964.4
25364,1765954800000,718695.0
25365,1765958400000,728735.68
25366,1765962000000,722955.7
25367,1765965600000,724075.44
25368,1765969200000,720738.16
25369,1765972800000,723702.83
25370,1765976400000,725646.14
25371,1765980000000,726437.85
25372,1765983600000,711848.22
25373,1765987200000,693547.71
25374,1765990800000,721120.7
25375,1765994400000,730993.46
25376,1765998000000,728828.31
25377,1766001600000,738703.8
25378,1766005200000,740157.85
25379,1766008800000,737081.13
25380,1766012400000,726156.08
25381,1766016000000,722644.79
25382,1766019600000,722337.29
25383,1766023200000,717208.21
25384,1766026800000,719740.93
25385,1766030400000,721851.58
25386,1766034000000,722491.98
25387,1766037600000,719745.57
25388,1766041200000,718407.66
25389,1766044800000,740739.21
25390,1766048400000,736155.44
25391,1766052000000,728604.27
25392,1766055600000,725470.0
25393,1766059200000,728370.51
25394,1766062800000,731453.12
25395,1766066400000,717501.05
25396,1766070000000,728816.19
25397,1766073600000,751124.27
25398,1766077200000,748954.83
25399,1766080800000,712456.17
25400,1766084400000,712528.12
25401,1766088000000,720213.71
25402,1766091600000,727780.93
25403,1766095200000,719388.05
25404,1766098800000,713175.79
25405,1766102400000,700380.05
25406,1766106000000,695064.31
25407,1766109600000,691419.03
25408,1766113200000,698872.43
25409,1766116800000,699040.17
25410,1766120400000,717894.63
25411,1766124000000,728361.0
25412,1766127600000,726707.8
25413,1766131200000,738518.78
25414,1766134800000,739834.99
25415,1766138400000,754658.15
25416,1766142000000,759770.57
25417,1766145600000,770025.45
25418,1766149200000,770475.38
25419,1766152800000,767231.47
25420,1766156400000,767045.33
25421,1766160000000,773082.6
25422,1766163600000,781508.83
25423,1766167200000,778823.42
25424,1766170800000,780792.72
25425,1766174400000,776792.22
25426,1766178000000,780482.55
25427,1766181600000,777780.73
25428,1766185200000,777790.54
25429,1766188800000,777528.7
25430,1766192400000,772658.9
25431,1766196000000,772626.92
25432,1766199600000,770528.68
25433,1766203200000,775778.66
25434,1766206800000,780388.72
25435,1766210400000,778851.87
25436,1766214000000,779022.38
25437,1766217600000,779188.44
25438,1766221200000,776789.88
25439,1766224800000,774537.12
25440,1766228400000,776746.56
25441,1766232000000,778340.89
25442,1766235600000,775277.96
25443,1766239200000,771143.16
25444,1766242800000,770798.36
25445,1766246400000,772456.07
25446,1766250000000,773991.34
25447,1766253600000,770575.64
25448,1766257200000,768022.95
25449,1766260800000,767757.01
25450,1766264400000,768631.86
25451,1766268000000,763826.28
25452,1766271600000,757861.9
25453,1766275200000,757555.23
25454,1766278800000,758151.07
25455,1766282400000,757073.96
25456,1766286000000,759353.71
25457,1766289600000,757877.94
25458,1766293200000,760257.19
25459,1766296800000,763267.9
25460,1766300400000,763039.82
25461,1766304000000,763979.96
25462,1766307600000,760873.27
25463,1766311200000,784038.07
25464,1766314800000,799602.72
25465,1766318400000,806403.94
25466,1766322000000,807069.71
25467,1766325600000,770311.27
25468,1766329200000,761990.81
25469,1766332800000,759022.7
25470,1766336400000,758031.26
25471,1766340000000,757178.28
25472,1766343600000,758054.86
25473,1766347200000,755252.18
25474,1766350800000,757152.51
25475,1766354400000,751783.12
25476,1766358000000,751282.83
25477,1766361600000,752599.22
25478,1766365200000,741354.04
25479,1766368800000,747971.96
25480,1766372400000,745448.53
25481,1766376000000,749017.2
25482,1766379600000,758444.52
25483,1766383200000,760861.82
25484,1766386800000,763918.57
25485,1766390400000,764554.41
25486,1766394000000,756413.8
25487,1766397600000,757391.71
25488,1766401200000,766306.6
25489,1766404800000,767899.81
25490,1766408400000,764344.22
25491,1766412000000,762807.52
25492,1766415600000,759360.98
25493,1766419200000,772963.32
25494,1766422800000,771506.74
25495,1766426400000,775960.14
25496,1766430000000,778970.37
25497,1766433600000,764072.12
25498,1766437200000,765604.58
25499,1766440800000,759956.77
25500,1766444400000,756301.59
25501,1766448000000,757452.77
25502,1766451600000,762829.2
25503,1766455200000,761694.88
25504,1766458800000,754896.72
25505,1766462400000,750205.34
25506,1766466000000,747603.72
25507,1766469600000,743338.79
25508,1766473200000,743521.81
25509,1766476800000,747254.04
25510,1766480400000,753548.31
25511,1766484000000,753101.66
25512,1766487600000,755219.84
25513,1766491200000,756082.17
25514,1766494800000,757690.06
25515,1766498400000,762033.6
25516,1766502000000,761993.76
25517,1766505600000,771601.24
25518,1766509200000,782173.07
25519,1766512800000,759721.77
25520,1766516400000,761125.57
25521,1766520000000,757547.78
25522,1766523600000,749308.24
25523,1766527200000,750464.64
25524,1766530800000,745653.41
25525,1766534400000,749225.42
25526,1766538000000,755951.15
25527,1766541600000,756013.24
25528,1766545200000,741288.64
25529,1766548800000,743453.34
25530,1766552400000,741817.45
25531,1766556000000,740487.2
25532,1766559600000,743652.92
25533,1766563200000,747525.52
25534,1766566800000,746673.94
25535,1766570400000,743751.81
25536,1766574000000,741575.84
25537,1766577600000,741864.3
25538,1766581200000,745923.4
25539,1766584800000,741005.21
25540,1766588400000,741199.67
25541,1766592000000,746749.32
25542,1766595600000,749252.23
25543,1766599200000,737051.21
25544,1766602800000,738140.18
25545,1766606400000,735635.25
25546,1766610000000,730989.45
25547,1766613600000,728985.37
25548,1766617200000,727518.49
25549,1766620800000,727042.88
25550,1766624400000,727087.72
25551,1766628000000,728770.84
25552,1766631600000,728811.16
25553,1766635200000,728789.36
25554,1766638800000,727114.56
25555,1766642400000,726901.55
25556,1766646000000,725137.44
25557,1766649600000,724279.0
25558,1766653200000,721399.44
25559,1766656800000,723327.61
25560,1766660400000,727433.76
25561,1766664000000,727948.92
25562,1766667600000,730723.81
25563,1766671200000,727857.97
25564,1766674800000,726927.92
25565,1766678400000,727644.49
25566,1766682000000,724452.47
25567,1766685600000,730869.89
25568,1766689200000,737492.83
25569,1766692800000,737038.07
25570,1766696400000,735128.73
25571,1766700000000,733015.65
25572,1766703600000,714306.66
25573,1766707200000,725964.27
25574,1766710800000,734033.98
25575,1766714400000,735529.9
25576,1766718000000,711103.04
25577,1766721600000,708362.39
25578,1766725200000,704134.34
25579,1766728800000,706603.98
25580,1766732400000,707701.86
25581,1766736000000,704022.31
25582,1766739600000,707275.47
25583,1766743200000,706428.23
25584,1766746800000,715288.57
25585,1766750400000,712380.21
25586,1766754000000,714866.35
25587,1766757600000,726947.61
25588,1766761200000,712895.47
25589,1766764800000,741877.12
25590,1766768400000,747396.36
25591,1766772000000,738393.07
25592,1766775600000,734540.08
25593,1766779200000,735217.9
25594,1766782800000,734996.8
25595,1766786400000,728595.89
25596,1766790000000,727914.81
25597,1766793600000,729153.16
25598,1766797200000,728768.15
25599,1766800800000,730057.37
25600,1766804400000,727825.44
25601,1766808000000,725027.48
25602,1766811600000,726476.5
25603,1766815200000,726756.45
25604,1766818800000,725416.91
25605,1766822400000,722027.13
25606,1766826000000,721447.65
25607,1766829600000,720047.2
25608,1766833200000,718514.73
25609,1766836800000,718875.5
25610,1766840400000,722781.43
25611,1766844000000,722431.77
25612,1766847600000,721607.85
25613,1766851200000,721383.79
25614,1766854800000,718408.59
25615,1766858400000,715914.75
25616,1766862000000,715054.04
25617,1766865600000,714751.15
25618,1766869200000,710863.83
25619,1766872800000,709691.76
25620,1766876400000,707040.84
25621,1766880000000,707083.56
25622,1766883600000,704739.21
25623,1766887200000,706605.69
25624,1766890800000,706872.11
25625,1766894400000,704063.52
25626,1766898000000,706620.75
25627,1766901600000,700764.36
25628,1766905200000,703419.44999999
25629,1766908800000,704508.7
25630,1766912400000,712121.12
25631,1766916000000,712469.46
25632,1766919600000,710694.11
25633,1766923200000,710670.75
25634,1766926800000,710971.91
25635,1766930400000,710826.04
25636,1766934000000,716521.59
25637,1766937600000,718349.44
25638,1766941200000,720052.49
25639,1766944800000,722965.85
25640,1766948400000,716094.77
25641,1766952000000,713370.83
25642,1766955600000,715575.3
25643,1766959200000,717848.09
25644,1766962800000,713114.45
25645,1766966400000,716387.25
25646,1766970000000,706552.09
25647,1766973600000,720790.1
25648,1766977200000,744307.52
25649,1766980800000,753008.26
25650,1766984400000,762620.13
25651,1766988000000,779276.58
25652,1766991600000,783625.72
25653,1766995200000,771794.32
25654,1766998800000,769230.83
25655,1767002400000,749830.74
25656,1767006000000,741926.14
25657,1767009600000,739178.34
25658,1767013200000,722930.5
25659,1767016800000,729055.88
25660,1767020400000,735298.47
25661,1767024000000,729956.11
25662,1767027600000,736697.19
25663,1767031200000,741477.17
25664,1767034800000,740511.2
25665,1767038400000,726253.34
25666,1767042000000,724509.26
25667,1767045600000,722669.96
25668,1767049200000,720787.06
25669,1767052800000,719521.01
25670,1767056400000,719343.5
25671,1767060000000,718809.32
25672,1767063600000,714882.78
25673,1767067200000,713870.19
25674,1767070800000,708845.58
25675,1767074400000,708281.38
25676,1767078000000,711383.96
25677,1767081600000,714358.65
25678,1767085200000,703713.2
25679,1767088800000,703579.19999999
25680,1767092400000,704005.69
25681,1767096000000,710640.01
25682,1767099600000,711557.94
25683,1767103200000,713951.82
25684,1767106800000,734301.28
25685,1767110400000,735292.95
25686,1767114000000,730688.72
25687,1767117600000,728438.34
25688,1767121200000,733181.44
25689,1767124800000,717618.66
25690,1767128400000,719919.34
25691,1767132000000,715432.4
25692,1767135600000,713809.85
25693,1767139200000,716531.29
25694,1767142800000,719192.68
25695,1767146400000,717538.02
25696,1767150000000,716438.27
25697,1767153600000,714255.14
25698,1767157200000,720246.37
25699,1767160800000,721052.38
25700,1767164400000,721632.8
25701,1767168000000,722980.44
25702,1767171600000,726085.4
25703,1767175200000,724339.3
25704,1767178800000,722743.67
25705,1767182400000,746159.35
25706,1767186000000,763628.09
25707,1767189600000,766739.05
25708,1767193200000,762054.52
25709,1767196800000,735511.51
25710,1767200400000,739971.47
25711,1767204000000,737449.12
25712,1767207600000,739554.54
25713,1767211200000,736539.12
25714,1767214800000,728086.89
25715,1767218400000,726131.32
25716,1767222000000,725553.7
25717,1767225600000,725633.31
25718,1767229200000,726663.73
25719,1767232800000,728943.54
25720,1767236400000,728751.9
25721,1767240000000,726896.55
25722,1767243600000,723117.38
25723,1767247200000,724000.82
25724,1767250800000,724463.72
25725,1767254400000,723145.35
25726,1767258000000,724235.58
25727,1767261600000,721268.33
25728,1767265200000,722296.23
25729,1767268800000,728905.48
25730,1767272400000,725456.72
25731,1767276000000,727132.52
25732,1767279600000,729401.78
25733,1767283200000,733381.19
25734,1767286800000,729952.92
25735,1767290400000,724613.67
25736,1767294000000,722048.99
25737,1767297600000,721901.76
25738,1767301200000,723866.59
25739,1767304800000,723315.71
25740,1767308400000,719862.95
25741,1767312000000,727865.55
25742,1767315600000,727648.24
25743,1767319200000,730318.77
25744,1767322800000,733337.81
25745,1767326400000,770646.75
25746,1767330000000,775541.53
25747,1767333600000,774574.87
25748,1767337200000,793751.8
25749,1767340800000,790662.68
25750,1767344400000,793417.68
25751,1767348000000,814090.65
25752,1767351600000,829453.61
25753,1767355200000,826093.49
25754,1767358800000,826426.23
25755,1767362400000,828473.89
25756,1767366000000,829557.04
25757,1767369600000,839650.76
25758,1767373200000,828862.44
25759,1767376800000,823819.83
25760,1767380400000,819636.18
25761,1767384000000,820257.28
25762,1767387600000,821428.93
25763,1767391200000,827713.56
25764,1767394800000,823068.58
25765,1767398400000,820898.02
25766,1767402000000,818780.24
25767,1767405600000,817967.11
25768,1767409200000,818295.64
25769,1767412800000,815828.64
25770,1767416400000,818166.78
25771,1767420000000,815926.9
25772,1767423600000,816832.73
25773,1767427200000,816663.02
25774,1767430800000,810296.54
25775,1767434400000,807332.28
25776,1767438000000,806495.17
25777,1767441600000,801041.62
25778,1767445200000,798983.77
25779,1767448800000,797692.25
25780,1767452400000,802633.86
25781,1767456000000,799647.84
25782,1767459600000,797353.8
25783,1767463200000,800009.77
25784,1767466800000,801044.27
25785,1767470400000,802562.69
25786,1767474000000,801976.06
25787,1767477600000,796358.02
25788,1767481200000,794328.82
25789,1767484800000,792404.19
25790,1767488400000,790613.47
25791,1767492000000,789715.16
25792,1767495600000,788130.46
25793,1767499200000,785686.18
25794,1767502800000,790573.46
25795,1767506400000,791900.64
25796,1767510000000,786497.27
25797,1767513600000,788166.95
25798,1767517200000,784371.7
25799,1767520800000,783059.83
25800,1767524400000,781908.92
25801,1767528000000,781099.12
25802,1767531600000,778514.92
25803,1767535200000,777633.52
25804,1767538800000,769931.92
25805,1767542400000,763564.83
25806,1767546000000,762710.12
25807,1767549600000,761723.9
25808,1767553200000,761393.07
25809,1767556800000,762841.88
25810,1767560400000,762368.03
25811,1767564000000,760518.94
25812,1767567600000,753569.27
25813,1767571200000,754574.2
25814,1767574800000,747917.04
25815,1767578400000,712602.21
25816,1767582000000,710691.38
25817,1767585600000,718096.6
25818,1767589200000,709448.49
25819,1767592800000,712650.57
25820,1767596400000,709507.55
25821,1767600000000,709218.95
25822,1767603600000,707736.84
25823,1767607200000,709234.39
25824,1767610800000,718937.41
25825,1767614400000,719822.06
25826,1767618000000,719025.42
25827,1767621600000,721436.87
25828,1767625200000,717738.3
25829,1767628800000,710694.54
25830,1767632400000,713707.42
25831,1767636000000,710023.23
25832,1767639600000,712205.5
25833,1767643200000,718934.22
25834,1767646800000,709828.66
25835,1767650400000,709941.52
25836,1767654000000,710840.64
25837,1767657600000,715707.92
25838,1767661200000,707274.71
25839,1767664800000,704767.15
25840,1767668400000,700778.49
25841,1767672000000,700494.31999999
25842,1767675600000,700016.97
25843,1767679200000,701057.65
25844,1767682800000,721210.23
25845,1767686400000,709939.78
25846,1767690000000,713161.12
25847,1767693600000,709692.27
25848,1767697200000,711656.51
25849,1767700800000,712645.94
25850,1767704400000,721273.08
25851,1767708000000,718200.13
25852,1767711600000,723931.63
25853,1767715200000,723202.89
25854,1767718800000,723188.81
25855,1767722400000,697644.31999999
25856,1767726000000,677106.93
25857,1767729600000,677058.47
25858,1767733200000,675202.17
25859,1767736800000,664166.81999999
25860,1767740400000,667297.06
25861,1767744000000,678293.96
25862,1767747600000,680096.66
25863,1767751200000,681445.49
25864,1767754800000,687244.05
25865,1767758400000,686791.27
25866,1767762000000,689631.1
25867,1767765600000,688822.22
25868,1767769200000,687450.8
25869,1767772800000,685007.21
25870,1767776400000,686150.06999999
25871,1767780000000,687846.16
25872,1767783600000,693244.31999999
25873,1767787200000,682434.69999999
25874,1767790800000,681076.8
25875,1767794400000,680805.39
25876,1767798000000,675216.65
25877,1767801600000,678758.67
25878,1767805200000,686815.34
25879,1767808800000,696428.24
25880,1767812400000,692305.31
25881,1767816000000,698509.75
25882,1767819600000,696819.75
25883,1767823200000,701440.48
25884,1767826800000,702754.18999999
25885,1767830400000,710128.68
25886,1767834000000,711220.48
25887,1767837600000,713036.09
25888,1767841200000,698767.59
25889,1767844800000,704481.86
25890,1767848400000,705155.58
25891,1767852000000,710327.51
25892,1767855600000,710613.53
25893,1767859200000,714149.91
25894,1767862800000,705843.37
25895,1767866400000,706769.64
25896,1767870000000,715334.71
25897,1767873600000,712466.18
25898,1767877200000,709973.85
25899,1767880800000,711987.78
25900,1767884400000,714224.19
25901,1767888000000,725995.2
25902,1767891600000,727959.85
25903,1767895200000,729085.53
25904,1767898800000,725102.94
25905,1767902400000,721261.87
25906,1767906000000,713479.74
25907,1767909600000,719909.43
25908,1767913200000,719490.39
25909,1767916800000,718283.85
25910,1767920400000,718207.97
25911,1767924000000,722199.97
25912,1767927600000,722091.16
25913,1767931200000,724969.35
25914,1767934800000,732797.52
25915,1767938400000,731953.13
25916,1767942000000,729630.7
25917,1767945600000,732235.37
25918,1767949200000,736986.78
25919,1767952800000,734734.68
25920,1767956400000,734994.4
25921,1767960000000,733390.18
25922,1767963600000,732328.44
25923,1767967200000,725807.55
25924,1767970800000,744695.28
25925,1767974400000,732306.81
25926,1767978000000,757228.35
25927,1767981600000,744739.61
25928,1767985200000,743533.79
25929,1767988800000,749662.93
25930,1767992400000,751717.47
25931,1767996000000,752699.87
25932,1767999600000,751259.23
25933,1768003200000,749904.41
25934,1768006800000,748209.67
25935,1768010400000,747218.31
25936,1768014000000,746353.57
25937,1768017600000,747099.87
25938,1768021200000,749412.01
25939,1768024800000,748936.52
25940,1768028400000,748511.65
25941,1768032000000,748998.11
25942,1768035600000,749144.25
25943,1768039200000,750063.61
25944,1768042800000,755581.39
25945,1768046400000,754695.24
25946,1768050000000,753391.27
25947,1768053600000,750954.68
25948,1768057200000,750895.15
25949,1768060800000,752937.85
25950,1768064400000,753006.41
25951,1768068000000,748946.49
25952,1768071600000,749242.87
25953,1768075200000,748927.97
25954,1768078800000,746087.15
25955,1768082400000,745016.17
25956,1768086000000,739670.7
25957,1768089600000,742690.73
25958,1768093200000,743157.81
25959,1768096800000,741315.5
25960,1768100400000,742549.27
25961,1768104000000,743795.53
25962,1768107600000,744509.95
25963,1768111200000,749143.99
25964,1768114800000,750386.35
25965,1768118400000,750087.49
25966,1768122000000,749650.05
25967,1768125600000,752233.55
25968,1768129200000,754083.51
25969,1768132800000,757286.22
25970,1768136400000,750300.99
25971,1768140000000,755427.06
25972,1768143600000,753563.76
25973,1768147200000,750182.6
25974,1768150800000,753834.63
25975,1768154400000,750582.87
25976,1768158000000,753248.01
25977,1768161600000,751965.62
25978,1768165200000,744918.57
25979,1768168800000,745530.21
25980,1768172400000,747935.85
25981,1768176000000,745250.02
25982,1768179600000,751734.65
25983,1768183200000,750120.53
25984,1768186800000,750835.84
25985,1768190400000,750280.55
25986,1768194000000,750527.53
25987,1768197600000,749406.71
25988,1768201200000,748485.53
25989,1768204800000,747059.49
25990,1768208400000,744734.66
25991,1768212000000,746638.16
25992,1768215600000,744962.12
25993,1768219200000,746099.61
25994,1768222800000,743509.29
25995,1768226400000,749593.16
25996,1768230000000,759401.18
25997,1768233600000,740129.82
25998,1768237200000,723202.32
25999,1768240800000,730129.64
26000,1768244400000,725536.9
26001,1768248000000,725666.1
26002,1768251600000,727992.84
26003,1768255200000,731633.59
26004,1768258800000,725207.52
26005,1768262400000,730497.83
26006,1768266000000,725727.88
26007,1768269600000,724682.45
26008,1768273200000,724381.63
26009,1768276800000,719519.6
26010,1768280400000,717636.05
26011,1768284000000,729335.7
26012,1768287600000,724776.75
26013,1768291200000,721800.26
26014,1768294800000,725087.59
26015,1768298400000,731961.85
26016,1768302000000,726504.71
26017,1768305600000,724430.18
26018,1768309200000,719485.81
26019,1768312800000,718810.6
26020,1768316400000,712507.57
26021,1768320000000,716343.5
26022,1768323600000,728418.59
26023,1768327200000,734671.5
26024,1768330800000,731671.12
26025,1768334400000,738809.73
26026,1768338000000,733939.41
26027,1768341600000,738778.46
26028,1768345200000,729001.88
26029,1768348800000,729440.26
26030,1768352400000,739083.04
26031,1768356000000,748705.62
26032,1768359600000,749308.08
26033,1768363200000,752073.86
26034,1768366800000,744554.02
26035,1768370400000,745702.16
26036,1768374000000,748871.59
26037,1768377600000,751410.16
26038,1768381200000,752106.42
26039,1768384800000,750188.14
26040,1768388400000,742925.09
26041,1768392000000,744287.79
26042,1768395600000,747451.68
26043,1768399200000,715283.51
26044,1768402800000,711253.09
26045,1768406400000,710686.96
26046,1768410000000,714007.6
26047,1768413600000,708802.88
26048,1768417200000,686959.21
26049,1768420800000,699567.11
26050,1768424400000,697135.68
26051,1768428000000,700821.38
26052,1768431600000,703329.56999999
26053,1768435200000,704770.53
26054,1768438800000,703411.9
26055,1768442400000,696437.64
26056,1768446000000,686223.43999999
26057,1768449600000,674249.43
26058,1768453200000,669036.56
26059,1768456800000,665762.47
26060,1768460400000,666509.1
26061,1768464000000,665285.07999999
26062,1768467600000,666129.04
26063,1768471200000,675287.27
26064,1768474800000,681264.48
26065,1768478400000,681442.67
26066,1768482000000,682641.36
26067,1768485600000,679488.18999999
26068,1768489200000,708486.79
26069,1768492800000,706318.72
26070,1768496400000,706545.02
26071,1768500000000,708473.32
26072,1768503600000,699561.77
26073,1768507200000,699706.61
26074,1768510800000,692459.18999999
26075,1768514400000,690331.19999999
26076,1768518000000,676809.25
26077,1768521600000,676021.03
26078,1768525200000,675825.49
26079,1768528800000,674873.51
26080,1768532400000,680020.74
26081,1768536000000,680092.49
26082,1768539600000,683584.21
26083,1768543200000,689404.25
26084,1768546800000,691674.01
26085,1768550400000,689635.28
26086,1768554000000,689927.77
26087,1768557600000,687304.43
26088,1768561200000,683588.92
26089,1768564800000,686078.31
26090,1768568400000,682061.52
26091,1768572000000,684377.86
26092,1768575600000,681509.44999999
26093,1768579200000,689986.39
26094,1768582800000,692096.22
26095,1768586400000,687494.18999999
26096,1768590000000,690658.77
26097,1768593600000,688773.98
26098,1768597200000,685721.63
26099,1768600800000,679517.25
26100,1768604400000,675137.72
26101,1768608000000,675508.1
26102,1768611600000,677119.96
26103,1768615200000,674562.68
26104,1768618800000,674001.27
26105,1768622400000,676250.3
26106,1768626000000,675084.09
26107,1768629600000,676168.36
26108,1768633200000,676961.3
26109,1768636800000,678238.48
26110,1768640400000,684915.67
26111,1768644000000,695457.87
26112,1768647600000,695271.4
26113,1768651200000,694987.99
26114,1768654800000,696198.12
26115,1768658400000,697835.84
26116,1768662000000,697857.41
26117,1768665600000,714777.27
26118,1768669200000,724167.07
26119,1768672800000,726179.93
26120,1768676400000,726538.14
26121,1768680000000,726894.8
26122,1768683600000,726252.86
26123,1768687200000,722294.74
26124,1768690800000,701295.28
26125,1768694400000,700646.02
26126,1768698000000,699109.26
26127,1768701600000,698025.0
26128,1768705200000,697890.49
26129,1768708800000,704048.78
26130,1768712400000,701851.22
26131,1768716000000,695645.86
26132,1768719600000,694035.1
26133,1768723200000,691488.4
26134,1768726800000,688918.98
26135,1768730400000,689915.59
26136,1768734000000,690273.36
26137,1768737600000,691418.98
26138,1768741200000,693547.54
26139,1768744800000,699938.9
26140,1768748400000,696158.9
26141,1768752000000,698295.93
26142,1768755600000,702355.3
26143,1768759200000,702915.23
26144,1768762800000,725508.03
26145,1768766400000,722634.49
26146,1768770000000,718610.28
26147,1768773600000,717497.88
26148,1768777200000,715703.3
26149,1768780800000,690892.19999999
26150,1768784400000,670197.85
26151,1768788000000,670362.51
26152,1768791600000,675748.96
26153,1768795200000,677430.9
26154,1768798800000,681617.89
26155,1768802400000,680062.86
26156,1768806000000,681395.96
26157,1768809600000,687989.64
26158,1768813200000,691889.72
26159,1768816800000,691336.42
26160,1768820400000,694239.82999999
26161,1768824000000,687059.3
26162,1768827600000,681558.69999999
26163,1768831200000,679498.46
26164,1768834800000,677701.39
26165,1768838400000,679148.63
26166,1768842000000,679519.72
26167,1768845600000,680878.09
26168,1768849200000,672515.99
26169,1768852800000,671126.51
26170,1768856400000,665617.06999999
26171,1768860000000,668657.85
26172,1768863600000,655842.93999999
26173,1768867200000,656749.61
26174,1768870800000,658259.57999999
26175,1768874400000,662636.19999999
26176,1768878000000,665674.73
26177,1768881600000,664579.81
26178,1768885200000,666576.76
26179,1768888800000,677980.39
26180,1768892400000,686049.38
26181,1768896000000,685865.82999999
26182,1768899600000,691513.3
26183,1768903200000,694006.59
26184,1768906800000,698004.23
26185,1768910400000,699178.71
26186,1768914000000,694814.52
26187,1768917600000,694583.77
26188,1768921200000,723148.06
26189,1768924800000,744561.87
26190,1768928400000,739867.15
26191,1768932000000,742151.54
26192,1768935600000,753952.47
26193,1768939200000,757758.36
26194,1768942800000,765644.46
26195,1768946400000,764322.12
26196,1768950000000,747535.61
26197,1768953600000,743764.91
26198,1768957200000,740060.02
26199,1768960800000,738832.55
26200,1768964400000,737349.23
26201,1768968000000,730851.81
26202,1768971600000,728677.09
26203,1768975200000,735320.21
26204,1768978800000,738399.81
26205,1768982400000,743625.16
26206,1768986000000,737541.78
26207,1768989600000,731056.6
26208,1768993200000,723049.88
26209,1768996800000,718462.61
26210,1769000400000,716347.39
26211,1769004000000,721224.56
26212,1769007600000,731951.15
26213,1769011200000,735932.75
26214,1769014800000,716793.78
26215,1769018400000,706445.77
26216,1769022000000,716771.42
26217,1769025600000,738872.73
26218,1769029200000,728021.24
26219,1769032800000,727124.57
26220,1769036400000,724944.17
26221,1769040000000,712703.79
26222,1769043600000,710881.67
26223,1769047200000,723247.48
26224,1769050800000,726424.58
26225,1769054400000,722649.02
26226,1769058000000,716713.88
26227,1769061600000,716656.65
26228,1769065200000,718397.92
26229,1769068800000,719980.36
26230,1769072400000,723341.53
26231,1769076000000,725946.55
26232,1769079600000,729754.94
26233,1769083200000,724087.49
26234,1769086800000,722987.72
26235,1769090400000,729511.01
26236,1769094000000,737601.69
26237,1769097600000,740796.76
26238,1769101200000,739726.43
26239,1769104800000,741611.97
26240,1769108400000,738026.11
26241,1769112000000,733554.03
26242,1769115600000,759584.84
26243,1769119200000,755637.29
26244,1769122800000,756866.3
26245,1769126400000,756627.41
26246,1769130000000,755407.17
26247,1769133600000,754086.59
26248,1769137200000,755881.17
26249,1769140800000,754821.07
26250,1769144400000,744573.56
26251,1769148000000,740551.96
26252,1769151600000,735779.11
26253,1769155200000,728123.74
26254,1769158800000,724094.93
26255,1769162400000,724841.14
26256,1769166000000,725771.12
26257,1769169600000,722139.49
26258,1769173200000,722295.11
26259,1769176800000,726049.4
26260,1769180400000,745766.15
26261,1769184000000,740359.32
26262,1769187600000,750413.53
26263,1769191200000,733382.04
26264,1769194800000,723135.61
26265,1769198400000,710470.71
26266,1769202000000,706747.6
26267,1769205600000,708209.98
26268,1769209200000,707781.5
26269,1769212800000,701385.24
26270,1769216400000,700956.43
26271,1769220000000,702094.98
26272,1769223600000,703198.01
26273,1769227200000,701355.92
26274,1769230800000,707129.96
26275,1769234400000,707898.62
26276,1769238000000,707118.79
26277,1769241600000,706399.03
26278,1769245200000,704990.22
26279,1769248800000,705311.21
26280,1769252400000,706414.39
26281,1769256000000,705507.76
26282,1769259600000,707940.05
26283,1769263200000,707389.16
26284,1769266800000,705358.26
26285,1769270400000,700557.19999999
26286,1769274000000,696966.85
26287,1769277600000,697250.72
26288,1769281200000,697706.3
26289,1769284800000,697646.36
26290,1769288400000,696740.43999999
26291,1769292000000,696174.43999999
26292,1769295600000,692297.63
26293,1769299200000,695141.63
26294,1769302800000,694326.23
26295,1769306400000,697126.21
26296,1769310000000,699233.59
26297,1769313600000,698751.6
26298,1769317200000,702283.71
26299,1769320800000,701032.23
26300,1769324400000,700002.29
26301,1769328000000,700734.0
26302,1769331600000,702463.72
26303,1769335200000,704804.31
26304,1769338800000,705832.86
26305,1769342400000,705832.84
26306,1769346000000,708947.44
26307,1769349600000,710543.84
26308,1769353200000,712648.63
26309,1769356800000,713066.42
26310,1769360400000,720679.46
26311,1769364000000,731439.77
26312,1769367600000,711781.66
26313,1769371200000,705775.84
26314,1769374800000,693509.0
26315,1769378400000,697644.38
26316,1769382000000,705967.4
26317,1769385600000,708134.26
26318,1769389200000,711035.16
26319,1769392800000,701211.72
26320,1769396400000,700241.69999999
26321,1769400000000,699519.92
26322,1769403600000,705458.91
26323,1769407200000,706977.69
26324,1769410800000,705284.41
26325,1769414400000,700543.56
26326,1769418000000,697159.73
26327,1769421600000,700359.82999999
26328,1769425200000,699342.39
26329,1769428800000,702220.87
26330,1769432400000,699708.81999999
26331,1769436000000,698816.85
26332,1769439600000,724216.29
26333,1769443200000,718430.8
26334,1769446800000,734352.68
26335,1769450400000,722486.44
26336,1769454000000,725404.54
26337,1769457600000,729268.22
26338,1769461200000,735381.23
26339,1769464800000,734855.96
26340,1769468400000,726918.16
26341,1769472000000,726511.23
26342,1769475600000,724655.0
26343,1769479200000,729011.71
26344,1769482800000,735224.64
26345,1769486400000,737007.65
26346,1769490000000,737429.81
26347,1769493600000,738960.04
26348,1769497200000,738536.37
26349,1769500800000,737442.59
26350,1769504400000,738145.68
26351,1769508000000,737340.39
26352,1769511600000,738023.54
26353,1769515200000,736447.67
26354,1769518800000,742252.71
26355,1769522400000,741351.77
26356,1769526000000,742769.67
26357,1769529600000,747529.11
26358,1769533200000,752980.75
26359,1769536800000,740079.83
26360,1769540400000,724697.68
26361,1769544000000,738479.94
26362,1769547600000,746925.3
26363,1769551200000,752393.88
26364,1769554800000,756927.62
26365,1769558400000,752139.26
26366,1769562000000,756671.41
26367,1769565600000,759030.05
26368,1769569200000,759057.04
26369,1769572800000,756532.08
26370,1769576400000,755224.7
26371,1769580000000,759880.87
26372,1769583600000,752661.62
26373,1769587200000,752220.4
26374,1769590800000,753189.97
26375,1769594400000,752722.9
26376,1769598000000,753331.97
26377,1769601600000,751322.56
26378,1769605200000,764469.91
26379,1769608800000,763714.54
26380,1769612400000,752635.08
26381,1769616000000,754982.54
26382,1769619600000,757796.86
26383,1769623200000,746198.84
26384,1769626800000,730485.22
26385,1769630400000,733797.77
26386,1769634000000,742405.42
26387,1769637600000,743687.03
26388,1769641200000,737238.82
26389,1769644800000,736534.93
26390,1769648400000,735478.03
26391,1769652000000,735623.49
26392,1769655600000,721583.24
26393,1769659200000,720261.11
26394,1769662800000,718383.11
26395,1769666400000,709752.99
26396,1769670000000,710521.24
26397,1769673600000,711336.09
26398,1769677200000,713956.5
26399,1769680800000,718977.24
26400,1769684400000,717617.81
26401,1769688000000,724972.94
26402,1769691600000,721809.62
26403,1769695200000,716906.5
26404,1769698800000,729312.64
26405,1769702400000,720586.7
26406,1769706000000,747994.58
26407,1769709600000,735910.04
26408,1769713200000,737843.78
26409,1769716800000,743265.55
26410,1769720400000,742478.09
26411,1769724000000,739729.79
26412,1769727600000,737547.22
26413,1769731200000,740447.21
26414,1769734800000,740327.02
26415,1769738400000,709885.2
26416,1769742000000,710141.16
26417,1769745600000,706029.94
26418,1769749200000,707507.58
26419,1769752800000,709752.07
26420,1769756400000,713174.55
26421,1769760000000,717116.38
26422,1769763600000,717700.57
26423,1769767200000,722922.7
26424,1769770800000,728470.69
26425,1769774400000,722314.1
26426,1769778000000,722078.71
26427,1769781600000,723461.74
26428,1769785200000,732025.05
26429,1769788800000,759578.7
26430,1769792400000,753494.57
26431,1769796000000,758471.55
26432,1769799600000,736428.29
26433,1769803200000,731694.38
26434,1769806800000,775283.85
26435,1769810400000,762453.9
26436,1769814000000,760750.44
26437,1769817600000,761129.23
26438,1769821200000,761168.0
26439,1769824800000,764983.29
26440,1769828400000,767654.37
26441,1769832000000,766222.37
26442,1769835600000,765876.3
26443,1769839200000,762671.48
26444,1769842800000,765802.15
26445,1769846400000,762108.36
26446,1769850000000,754147.72
26447,1769853600000,757845.33
26448,1769857200000,758504.3
26449,1769860800000,757273.81
26450,1769864400000,763284.54
26451,1769868000000,769373.63
26452,1769871600000,755353.69
26453,1769875200000,753148.69
26454,1769878800000,734164.62
26455,1769882400000,714111.85
26456,1769886000000,743380.59
26457,1769889600000,734863.87
26458,1769893200000,710225.13
26459,1769896800000,701145.98
26460,1769900400000,698071.69999999
26461,1769904000000,702988.97
26462,1769907600000,708499.01
26463,1769911200000,701897.84
26464,1769914800000,701725.02
26465,1769918400000,700769.71
26466,1769922000000,699258.1
26467,1769925600000,686678.66
26468,1769929200000,696550.42
26469,1769932800000,696782.06999999
26470,1769936400000,703688.86
26471,1769940000000,705757.09
26472,1769943600000,701217.55
26473,1769947200000,702646.01
26474,1769950800000,698423.61
26475,1769954400000,693928.89
26476,1769958000000,716032.98
26477,1769961600000,757341.7
26478,1769965200000,769281.93
26479,1769968800000,769416.03
26480,1769972400000,751758.53
26481,1769976000000,747570.18
26482,1769979600000,742750.61
26483,1769983200000,740991.03
26484,1769986800000,744311.61
26485,1769990400000,765234.89
26486,1769994000000,761678.05
26487,1769997600000,759322.37
26488,1770001200000,748168.39
26489,1770004800000,787997.75
26490,1770008400000,782583.65
26491,1770012000000,784870.94
26492,1770015600000,764977.51
26493,1770019200000,774939.33
26494,1770022800000,782469.11
26495,1770026400000,768311.62
26496,1770030000000,765395.34
26497,1770033600000,765193.31
26498,1770037200000,764368.52
26499,1770040800000,754227.11
26500,1770044400000,762173.08
26501,1770048000000,745655.78
26502,1770051600000,736735.18
26503,1770055200000,730091.35
26504,1770058800000,712281.81
26505,1770062400000,712813.21
26506,1770066000000,710935.81
26507,1770069600000,711288.85
26508,1770073200000,703977.8
26509,1770076800000,704594.9
26510,1770080400000,705338.25
26511,1770084000000,709029.89
26512,1770087600000,712014.72
26513,1770091200000,720622.58
26514,1770094800000,722034.18
26515,1770098400000,721237.86
26516,1770102000000,719146.06
26517,1770105600000,722103.36
26518,1770109200000,723558.95
26519,1770112800000,729205.49
26520,1770116400000,725990.19
26521,1770120000000,729827.73
26522,1770123600000,739633.98
26523,1770127200000,733456.16
26524,1770130800000,730543.01
26525,1770134400000,717397.34
26526,1770138000000,724419.74
26527,1770141600000,722602.82
26528,1770145200000,758893.96
26529,1770148800000,759724.32
26530,1770152400000,725759.4
26531,1770156000000,721648.65
26532,1770159600000,718418.89
26533,1770163200000,738856.82
26534,1770166800000,736932.51
26535,1770170400000,729977.55
26536,1770174000000,726805.96
26537,1770177600000,703609.32999999
26538,1770181200000,704275.46
26539,1770184800000,705167.97
26540,1770188400000,706471.83
26541,1770192000000,712379.48
26542,1770195600000,712472.14
26543,1770199200000,709807.48
26544,1770202800000,711012.55
26545,1770206400000,715083.39
26546,1770210000000,719635.41
26547,1770213600000,727712.24
26548,1770217200000,727106.05
26549,1770220800000,738511.55
26550,1770224400000,767437.21
26551,1770228000000,761094.33
26552,1770231600000,767985.79
26553,1770235200000,757858.38
26554,1770238800000,753646.79
26555,1770242400000,758946.08
26556,1770246000000,750511.38
26557,1770249600000,748086.84
26558,1770253200000,743582.5
26559,1770256800000,738420.59
26560,1770260400000,744615.37
26561,1770264000000,751118.5
26562,1770267600000,749056.39
26563,1770271200000,745838.39
26564,1770274800000,749928.47
26565,1770278400000,757228.96
26566,1770282000000,766136.99
26567,1770285600000,776611.83
26568,1770289200000,764928.13
26569,1770292800000,762743.54
26570,1770296400000,785600.7
26571,1770300000000,785791.39
26572,1770303600000,780585.05
26573,1770307200000,774568.19
26574,1770310800000,785583.77
26575,1770314400000,808526.42
26576,1770318000000,794934.71
26577,1770321600000,797555.05
26578,1770325200000,815969.44
26579,1770328800000,806063.01
26580,1770332400000,802699.66
26581,1770336000000,824384.1
26582,1770339600000,785494.21
26583,1770343200000,780381.37
26584,1770346800000,763013.91
26585,1770350400000,757665.57
26586,1770354000000,757551.84
26587,1770357600000,762883.19
26588,1770361200000,751107.07
26589,1770364800000,753974.82
26590,1770368400000,761976.67
26591,1770372000000,756774.73
26592,1770375600000,761212.85
26593,1770379200000,763199.13
26594,1770382800000,768525.66
26595,1770386400000,770187.27
26596,1770390000000,758121.72
26597,1770393600000,748505.62
26598,1770397200000,753322.08
26599,1770400800000,730320.67
26600,1770404400000,739103.86
26601,1770408000000,738647.46
26602,1770411600000,732835.69
26603,1770415200000,727903.21
26604,1770418800000,726775.08
26605,1770422400000,724468.69
26606,1770426000000,723923.62
26607,1770429600000,723710.88
26608,1770433200000,723975.47
26609,1770436800000,727294.58
26610,1770440400000,723244.38
26611,1770444000000,718905.75
26612,1770447600000,716751.77
26613,1770451200000,725290.89
26614,1770454800000,732424.87
26615,1770458400000,730588.91
26616,1770462000000,750923.8
26617,1770465600000,749936.51
26618,1770469200000,736442.18
26619,1770472800000,732157.28
26620,1770476400000,735304.27
26621,1770480000000,732012.21
26622,1770483600000,760817.78
26623,1770487200000,767220.6
26624,1770490800000,771171.46
26625,1770494400000,768860.65
26626,1770498000000,763355.13
26627,1770501600000,761042.97
26628,1770505200000,757820.6
26629,1770508800000,754923.62
26630,1770512400000,762406.26
26631,1770516000000,758508.41
26632,1770519600000,761565.44
26633,1770523200000,764694.52
26634,1770526800000,763074.92
26635,1770530400000,763912.63
26636,1770534000000,763366.62
26637,1770537600000,765306.49
26638,1770541200000,757315.21
26639,1770544800000,763758.13
26640,1770548400000,765001.14
26641,1770552000000,772852.69
26642,1770555600000,779306.65
26643,1770559200000,781583.58
26644,1770562800000,778104.17
26645,1770566400000,772090.89
26646,1770570000000,765283.07
26647,1770573600000,764885.91
26648,1770577200000,759571.82
26649,1770580800000,759874.78
26650,1770584400000,756793.31
26651,1770588000000,760581.94
26652,1770591600000,759904.81
26653,1770595200000,747985.97
26654,1770598800000,754996.75
26655,1770602400000,750030.93
26656,1770606000000,734492.37
26657,1770609600000,732835.97
26658,1770613200000,735156.35
26659,1770616800000,735935.38
26660,1770620400000,731287.56
26661,1770624000000,730507.18
26662,1770627600000,737601.14
26663,1770631200000,738444.81
26664,1770634800000,746140.19
26665,1770638400000,743303.13
26666,1770642000000,742672.62
26667,1770645600000,737993.63
26668,1770649200000,751420.98
26669,1770652800000,747305.8
26670,1770656400000,749923.44
26671,1770660000000,774299.45
26672,1770663600000,786446.89
26673,1770667200000,787823.95
26674,1770670800000,777789.7
26675,1770674400000,776890.55
26676,1770678000000,773628.95
26677,1770681600000,774161.53
26678,1770685200000,773711.46
26679,1770688800000,770800.0
26680,1770692400000,770807.81
26681,1770696000000,784508.92
26682,1770699600000,774468.45
26683,1770703200000,767724.38
26684,1770706800000,757161.23
26685,1770710400000,750134.21
26686,1770714000000,737857.92
26687,1770717600000,740370.59
26688,1770721200000,742419.39
26689,1770724800000,745511.55
26690,1770728400000,747430.85
26691,1770732000000,746601.46
26692,1770735600000,747741.46
26693,1770739200000,748274.12
26694,1770742800000,744395.72
26695,1770746400000,741955.11
26696,1770750000000,746144.36
26697,1770753600000,747400.34
26698,1770757200000,747035.91
26699,1770760800000,745975.57
26700,1770764400000,744234.66
26701,1770768000000,743759.2
26702,1770771600000,740953.35
26703,1770775200000,742707.18
26704,1770778800000,743805.18
26705,1770782400000,750463.81
26706,1770786000000,742354.38
26707,1770789600000,744330.77
26708,1770793200000,736883.67
26709,1770796800000,734746.39
26710,1770800400000,735521.12
26711,1770804000000,735407.34
26712,1770807600000,736850.85
26713,1770811200000,738149.22
26714,1770814800000,740136.94
26715,1770818400000,738949.82
26716,1770822000000,747657.91
26717,1770825600000,740348.42
26718,1770829200000,750946.76
26719,1770832800000,752518.25
26720,1770836400000,751103.11
26721,1770840000000,749899.12
26722,1770843600000,747609.25
26723,1770847200000,747163.48
26724,1770850800000,739878.45
26725,1770854400000,738792.74
26726,1770858000000,737527.66
26727,1770861600000,738332.71
26728,1770865200000,737349.03
26729,1770868800000,739629.6
26730,1770872400000,739827.07
26731,1770876000000,748381.52
26732,1770879600000,746796.5
26733,1770883200000,746220.01
26734,1770886800000,742699.84
26735,1770890400000,751428.27
26736,1770894000000,757190.71
26737,1770897600000,757883.63
26738,1770901200000,754769.2
26739,1770904800000,755183.37
26740,1770908400000,751930.28
26741,1770912000000,754680.95
26742,1770915600000,774116.37
26743,1770919200000,761870.61
26744,1770922800000,764079.08
26745,1770926400000,756384.91
26746,1770930000000,757218.92
26747,1770933600000,756953.56
26748,1770937200000,756396.61
26749,1770940800000,754766.63
26750,1770944400000,754332.76
26751,1770948000000,752212.04
26752,1770951600000,750901.51
26753,1770955200000,745285.11
26754,1770958800000,746577.05
26755,1770962400000,746134.65
26756,1770966000000,748922.56
26757,1770969600000,753617.93
26758,1770973200000,755538.12
26759,1770976800000,760255.89
26760,1770980400000,763454.96
26761,1770984000000,758246.91
26762,1770987600000,762265.75
26763,1770991200000,762085.84
26764,1770994800000,770339.89
26765,1770998400000,758361.79
26766,1771002000000,789812.79
26767,1771005600000,802806.17
26768,1771009200000,803724.08
26769,1771012800000,797690.87
26770,1771016400000,794297.97
26771,1771020000000,794755.99
26772,1771023600000,789402.01
26773,1771027200000,786959.46
26774,1771030800000,781301.72
26775,1771034400000,780878.51
26776,1771038000000,779873.0
26777,1771041600000,777320.83
26778,1771045200000,776473.63
26779,1771048800000,776693.83
26780,1771052400000,776335.45
26781,1771056000000,771087.42
26782,1771059600000,758775.69
26783,1771063200000,760121.53
26784,1771066800000,761404.74
26785,1771070400000,767038.3
26786,1771074000000,762819.63
26787,1771077600000,762127.37
26788,1771081200000,758147.77
26789,1771084800000,760471.16
26790,1771088400000,758803.74
26791,1771092000000,760735.97
26792,1771095600000,760748.93
26793,1771099200000,761766.42
26794,1771102800000,761692.93
26795,1771106400000,756186.6
26796,1771110000000,755771.97
26797,1771113600000,755869.76
26798,1771117200000,752673.52
26799,1771120800000,756459.83
26800,1771124400000,757716.72
26801,1771128000000,763742.75
26802,1771131600000,750114.91
26803,1771135200000,753165.53
26804,1771138800000,755397.45
26805,1771142400000,759041.07
26806,1771146000000,747933.04
26807,1771149600000,748284.25
26808,1771153200000,748821.21
26809,1771156800000,749677.23
26810,1771160400000,748108.82
26811,1771164000000,773059.39
26812,1771167600000,788019.45
26813,1771171200000,785392.52
26814,1771174800000,794350.15
26815,1771178400000,808858.39
26816,1771182000000,805950.16
26817,1771185600000,785079.54
26818,1771189200000,779534.15
26819,1771192800000,778643.27
26820,1771196400000,785962.9
26821,1771200000000,779822.23
26822,1771203600000,777858.15
26823,1771207200000,780885.4
26824,1771210800000,779848.88
26825,1771214400000,780247.43
26826,1771218000000,779205.09
26827,1771221600000,778692.78
26828,1771225200000,780669.92
26829,1771228800000,777809.1
26830,1771232400000,779023.53
26831,1771236000000,772471.39
26832,1771239600000,770697.86
26833,1771243200000,773507.9
26834,1771246800000,767250.34
26835,1771250400000,758670.26
26836,1771254000000,769645.13
26837,1771257600000,752767.97
26838,1771261200000,751954.68
26839,1771264800000,762886.84
26840,1771268400000,752693.43
26841,1771272000000,752288.26
26842,1771275600000,756342.91
26843,1771279200000,750459.34
26844,1771282800000,746285.09
26845,1771286400000,754462.34
26846,1771290000000,750551.23
26847,1771293600000,743190.53
26848,1771297200000,739250.26
26849,1771300800000,743957.44
26850,1771304400000,742803.36
26851,1771308000000,746734.66
26852,1771311600000,747147.17
26853,1771315200000,746391.17
26854,1771318800000,753574.12
26855,1771322400000,759873.99
26856,1771326000000,757081.1
26857,1771329600000,758293.79
26858,1771333200000,756876.49
26859,1771336800000,749487.48
26860,1771340400000,760388.62
26861,1771344000000,780615.66
26862,1771347600000,775038.55
26863,1771351200000,770089.68
26864,1771354800000,765700.25
26865,1771358400000,780085.99
26866,1771362000000,776861.19
26867,1771365600000,778581.86
26868,1771369200000,770587.02
26869,1771372800000,765908.49
26870,1771376400000,761803.99
26871,1771380000000,768591.0
26872,1771383600000,767099.72
26873,1771387200000,766704.11
26874,1771390800000,773510.45
26875,1771394400000,770561.98
26876,1771398000000,779542.46
26877,1771401600000,794042.18
26878,1771405200000,790540.38
26879,1771408800000,794620.42
26880,1771412400000,799197.6
26881,1771416000000,782401.2
26882,1771419600000,784066.2
26883,1771423200000,793189.12
26884,1771426800000,779348.43
26885,1771430400000,758591.74
26886,1771434000000,768765.51
26887,1771437600000,768803.29
26888,1771441200000,771529.86
26889,1771444800000,775548.05
26890,1771448400000,772338.14
26891,1771452000000,771818.29
26892,1771455600000,772219.64
26893,1771459200000,781270.01
26894,1771462800000,783098.64
26895,1771466400000,777520.85
26896,1771470000000,773639.23
26897,1771473600000,768757.52
26898,1771477200000,776476.83
26899,1771480800000,772610.93
26900,1771484400000,768742.44
26901,1771488000000,772679.8
26902,1771491600000,777311.94
26903,1771495200000,779510.96
26904,1771498800000,779432.72
26905,1771502400000,776526.06
26906,1771506000000,789482.29
26907,1771509600000,803497.44
26908,1771513200000,814306.74
26909,1771516800000,817053.85
26910,1771520400000,814646.04
26911,1771524000000,804524.93
26912,1771527600000,808501.6
26913,1771531200000,809368.46
26914,1771534800000,809366.99
26915,1771538400000,804701.52
26916,1771542000000,796476.7
26917,1771545600000,799158.31
26918,1771549200000,786756.15
26919,1771552800000,783861.54
26920,1771556400000,781804.8
26921,1771560000000,785240.45
26922,1771563600000,791060.11
26923,1771567200000,786036.0
26924,1771570800000,786042.75
26925,1771574400000,787973.89
26926,1771578000000,791116.99
26927,1771581600000,771501.35
26928,1771585200000,772221.1
26929,1771588800000,772189.79
26930,1771592400000,775649.57
26931,1771596000000,799273.81
26932,1771599600000,789632.37
26933,1771603200000,778260.52
26934,1771606800000,777700.21
26935,1771610400000,762460.42
26936,1771614000000,776070.61
26937,1771617600000,785493.88
26938,1771621200000,782281.73
26939,1771624800000,779978.89
26940,1771628400000,779238.89
26941,1771632000000,775623.8
26942,1771635600000,771013.22
26943,1771639200000,768201.29
26944,1771642800000,770829.7
26945,1771646400000,765690.84
26946,1771650000000,765767.05
26947,1771653600000,766081.66
26948,1771657200000,765511.37
26949,1771660800000,765579.92
26950,1771664400000,772237.27
26951,1771668000000,770493.07
26952,1771671600000,772487.25
26953,1771675200000,788864.95
26954,1771678800000,791808.31
26955,1771682400000,797838.45
26956,1771686000000,811893.0
26957,1771689600000,820604.18
26958,1771693200000,823444.35
26959,1771696800000,831019.31
26960,1771700400000,825953.9
26961,1771704000000,827855.95
26962,1771707600000,862650.41
26963,1771711200000,855900.41
26964,1771714800000,853418.51
26965,1771718400000,851974.49
26966,1771722000000,851117.45
26967,1771725600000,848434.21
26968,1771729200000,839817.3
26969,1771732800000,833608.48
26970,1771736400000,833303.35
26971,1771740000000,830464.83
26972,1771743600000,840349.95
26973,1771747200000,843436.41
26974,1771750800000,846143.8
26975,1771754400000,846570.78
26976,1771758000000,846945.23
26977,1771761600000,849579.79
26978,1771765200000,830218.01
26979,1771768800000,815703.11
26980,1771772400000,809190.5
26981,1771776000000,815779.98
26982,1771779600000,821604.62
26983,1771783200000,806252.21
26984,1771786800000,808949.61
26985,1771790400000,810494.91
26986,1771794000000,812526.15
26987,1771797600000,811435.77
26988,1771801200000,799984.15
26989,1771804800000,803381.72
26990,1771808400000,799992.74
26991,1771812000000,808639.5
26992,1771815600000,825917.66
26993,1771819200000,833909.48
26994,1771822800000,837564.34
26995,1771826400000,839167.09
26996,1771830000000,841100.64
26997,1771833600000,841406.65
26998,1771837200000,836504.83
26999,1771840800000,839478.17
27000,1771844400000,841645.53
27001,1771848000000,841260.85
27002,1771851600000,845559.33
27003,1771855200000,840873.77
27004,1771858800000,860073.56
27005,1771862400000,861697.65
27006,1771866000000,861836.33
27007,1771869600000,848853.54
27008,1771873200000,852062.62
27009,1771876800000,853869.8
27010,1771880400000,855315.35
27011,1771884000000,855680.76
27012,1771887600000,859732.79
27013,1771891200000,858847.48
27014,1771894800000,855821.2
27015,1771898400000,850410.48
27016,1771902000000,853022.58
27017,1771905600000,858503.73
27018,1771909200000,867720.23
27019,1771912800000,869106.03
27020,1771916400000,876932.06
27021,1771920000000,873484.37
27022,1771923600000,870713.63
27023,1771927200000,869890.93
27024,1771930800000,871121.88
27025,1771934400000,876669.31
27026,1771938000000,881016.05
27027,1771941600000,875526.95
27028,1771945200000,880343.84
27029,1771948800000,879682.25
27030,1771952400000,860303.68
27031,1771956000000,871725.93
27032,1771959600000,868535.27
27033,1771963200000,869155.26
27034,1771966800000,864316.14
27035,1771970400000,865190.98
27036,1771974000000,870416.64
27037,1771977600000,866690.09
27038,1771981200000,856135.95
27039,1771984800000,812332.68
27040,1771988400000,814499.51
27041,1771992000000,818462.66
27042,1771995600000,804035.81
27043,1771999200000,795651.99
27044,1772002800000,790445.44
27045,1772006400000,790663.31
27046,1772010000000,788998.7
27047,1772013600000,794255.9
27048,1772017200000,797768.93
27049,1772020800000,808419.65
27050,1772024400000,853021.27
27051,1772028000000,876122.77
27052,1772031600000,895663.82
27053,1772035200000,935053.03
27054,1772038800000,940043.3
27055,1772042400000,880290.24
27056,1772046000000,884731.63
27057,1772049600000,895252.19
27058,1772053200000,888702.13
27059,1772056800000,891610.69
27060,1772060400000,897503.07
27061,1772064000000,901998.53
27062,1772067600000,894432.88
27063,1772071200000,899276.36
27064,1772074800000,906847.3
27065,1772078400000,909160.33
27066,1772082000000,898840.42
27067,1772085600000,897200.8
27068,1772089200000,896903.48
27069,1772092800000,899147.64
27070,1772096400000,909002.69
27071,1772100000000,914707.26
27072,1772103600000,913669.91
27073,1772107200000,909249.52
27074,1772110800000,906979.52
27075,1772114400000,907923.12
27076,1772118000000,917325.43
27077,1772121600000,921290.28
27078,1772125200000,919818.09
27079,1772128800000,897109.63
27080,1772132400000,888898.97
27081,1772136000000,864498.28
27082,1772139600000,860083.05
27083,1772143200000,860143.04
27084,1772146800000,857923.47
27085,1772150400000,857901.59
27086,1772154000000,872502.9
27087,1772157600000,867489.04
27088,1772161200000,862297.47
27089,1772164800000,860170.45
27090,1772168400000,855937.7
27091,1772172000000,863312.41
27092,1772175600000,865732.4
27093,1772179200000,862589.08
27094,1772182800000,868969.09
27095,1772186400000,863804.86
27096,1772190000000,857277.37
27097,1772193600000,848613.57
27098,1772197200000,849562.56
27099,1772200800000,841210.65
27100,1772204400000,837924.37
27101,1772208000000,839374.29
27102,1772211600000,835744.94
27103,1772215200000,834205.49
27104,1772218800000,833672.67
27105,1772222400000,825173.52
27106,1772226000000,826368.36
27107,1772229600000,820255.2
27108,1772233200000,822538.77
27109,1772236800000,819723.53
27110,1772240400000,813546.07
27111,1772244000000,823838.33
27112,1772247600000,815876.07
27113,1772251200000,818844.66
27114,1772254800000,813632.43
27115,1772258400000,805702.19
27116,1772262000000,812539.91
27117,1772265600000,790977.38
27118,1772269200000,787659.73
27119,1772272800000,789861.18
27120,1772276400000,797984.45
27121,1772280000000,798993.56
27122,1772283600000,798248.43
27123,1772287200000,778301.74
27124,1772290800000,774764.9
27125,1772294400000,788709.71
27126,1772298000000,789465.95
27127,1772301600000,786816.41
27128,1772305200000,777820.56
27129,1772308800000,779093.14
27130,1772312400000,776935.8
27131,1772316000000,779941.68
27132,1772319600000,780911.19
27133,1772323200000,802397.4
27134,1772326800000,798167.15
27135,1772330400000,804741.13
27136,1772334000000,805499.32
27137,1772337600000,803926.87
27138,1772341200000,817771.59
27139,1772344800000,821652.12
27140,1772348400000,829645.65
27141,1772352000000,831835.88
27142,1772355600000,833337.63
27143,1772359200000,836566.19
27144,1772362800000,834360.07
27145,1772366400000,834738.74
27146,1772370000000,838647.45
27147,1772373600000,833896.41
27148,1772377200000,840847.41
27149,1772380800000,844691.37
27150,1772384400000,846351.78
27151,1772388000000,844185.61
27152,1772391600000,833463.5
27153,1772395200000,834943.36
27154,1772398800000,839992.01
27155,1772402400000,832744.7
27156,1772406000000,811126.5
27157,1772409600000,811305.02
27158,1772413200000,809780.09
27159,1772416800000,798103.15
27160,1772420400000,800464.38
27161,1772424000000,798060.38
27162,1772427600000,804795.1
27163,1772431200000,806466.92
27164,1772434800000,822989.7
27165,1772438400000,822196.85
27166,1772442000000,824286.25
27167,1772445600000,822485.78
27168,1772449200000,819811.96
27169,1772452800000,823201.81
27170,1772456400000,824938.96
27171,1772460000000,828595.65
27172,1772463600000,828992.21
27173,1772467200000,900244.06
27174,1772470800000,892443.61
27175,1772474400000,899864.45
27176,1772478000000,891998.08
27177,1772481600000,896588.43
27178,1772485200000,889108.05
27179,1772488800000,900404.49
27180,1772492400000,916304.1
27181,1772496000000,911204.87
27182,1772499600000,892391.21
27183,1772503200000,891858.97
27184,1772506800000,891037.85
27185,1772510400000,890807.93
27186,1772514000000,889195.27
27187,1772517600000,880364.16
27188,1772521200000,882664.6
27189,1772524800000,882188.35
27190,1772528400000,874070.7
27191,1772532000000,854711.14
27192,1772535600000,857264.98
27193,1772539200000,846799.04
27194,1772542800000,833331.15
27195,1772546400000,832001.88
27196,1772550000000,830429.69
27197,1772553600000,831366.79
27198,1772557200000,826667.01
27199,1772560800000,811211.55
27200,1772564400000,826386.96
27201,1772568000000,826877.59
27202,1772571600000,818059.35
27203,1772575200000,815794.89
27204,1772578800000,809608.05
27205,1772582400000,810646.11
27206,1772586000000,816536.63
27207,1772589600000,817040.28
27208,1772593200000,814666.39
27209,1772596800000,798920.74
27210,1772600400000,798470.69
27211,1772604000000,788054.01
27212,1772607600000,789050.84
27213,1772611200000,786393.89
27214,1772614800000,800001.25
27215,1772618400000,858447.29
27216,1772622000000,880525.69
27217,1772625600000,865422.52
27218,1772629200000,863244.59
27219,1772632800000,855858.3
27220,1772636400000,865853.42
27221,1772640000000,863994.81
27222,1772643600000,874070.4
27223,1772647200000,882281.83
27224,1772650800000,892794.01
27225,1772654400000,882644.97
27226,1772658000000,883144.7
27227,1772661600000,882748.03
27228,1772665200000,880848.45
27229,1772668800000,883422.26
27230,1772672400000,875056.8
27231,1772676000000,862630.15
27232,1772679600000,862405.57
27233,1772683200000,867605.68
27234,1772686800000,862845.34
27235,1772690400000,859254.03
27236,1772694000000,851673.27
27237,1772697600000,846109.05
27238,1772701200000,846560.22
27239,1772704800000,843415.95
27240,1772708400000,835401.99
27241,1772712000000,836148.3
27242,1772715600000,833764.06
27243,1772719200000,835760.16
27244,1772722800000,838763.28
27245,1772726400000,850560.81
27246,1772730000000,824299.02
27247,1772733600000,821266.22
27248,1772737200000,818673.71
27249,1772740800000,812884.98
27250,1772744400000,813026.89
27251,1772748000000,847659.81
27252,1772751600000,838685.47
27253,1772755200000,839580.47
27254,1772758800000,834312.83
27255,1772762400000,836383.2
27256,1772766000000,837082.75
27257,1772769600000,836003.49
27258,1772773200000,829843.57
27259,1772776800000,821285.49
27260,1772780400000,821984.99
27261,1772784000000,818530.97
27262,1772787600000,814622.41
27263,1772791200000,808164.31
27264,1772794800000,810496.56
27265,1772798400000,809689.81
27266,1772802000000,806472.11
27267,1772805600000,801487.18
27268,1772809200000,801620.58
27269,1772812800000,795403.12
27270,1772816400000,799112.86
27271,1772820000000,801682.36
27272,1772823600000,797086.63
27273,1772827200000,807377.09
27274,1772830800000,816555.59
27275,1772834400000,829281.79
27276,1772838000000,828757.51
27277,1772841600000,839580.24
27278,1772845200000,838020.75
27279,1772848800000,834344.25
27280,1772852400000,832381.6
27281,1772856000000,827509.91
27282,1772859600000,821079.72
27283,1772863200000,821032.39
27284,1772866800000,821921.52
27285,1772870400000,825911.13
27286,1772874000000,826001.79
27287,1772877600000,830507.0
27288,1772881200000,831071.48
27289,1772884800000,836093.65
27290,1772888400000,834352.56
27291,1772892000000,834662.22
27292,1772895600000,833791.07
27293,1772899200000,833131.87
27294,1772902800000,833894.66
27295,1772906400000,836753.23
27296,1772910000000,835970.56
27297,1772913600000,830198.07
27298,1772917200000,830064.91
27299,1772920800000,832009.84
27300,1772924400000,830152.81
27301,1772928000000,832381.56
27302,1772931600000,831847.53
27303,1772935200000,832564.33
27304,1772938800000,831342.77
27305,1772942400000,834772.15
27306,1772946000000,829126.53
27307,1772949600000,834022.02
27308,1772953200000,834700.97
27309,1772956800000,839066.6
27310,1772960400000,852396.71
27311,1772964000000,852351.93
27312,1772967600000,854525.11
27313,1772971200000,844610.58
27314,1772974800000,833271.48
27315,1772978400000,835275.03
27316,1772982000000,840112.88
27317,1772985600000,839799.96
27318,1772989200000,837647.78
27319,1772992800000,842117.0
27320,1772996400000,843492.27
27321,1773000000000,835107.36
27322,1773003600000,836574.97
27323,1773007200000,834132.44
27324,1773010800000,845923.24
27325,1773014400000,847258.14
27326,1773018000000,849833.22
27327,1773021600000,852527.55
27328,1773025200000,851305.45
27329,1773028800000,844860.3
27330,1773032400000,842778.19
27331,1773036000000,844126.92
27332,1773039600000,843550.87
27333,1773043200000,844601.89
27334,1773046800000,849034.71
27335,1773050400000,857391.44
27336,1773054000000,858716.96
27337,1773057600000,863931.6
27338,1773061200000,861413.57
27339,1773064800000,867580.28
27340,1773068400000,866524.09
27341,1773072000000,867386.24
27342,1773075600000,869376.09
27343,1773079200000,861510.77
27344,1773082800000,863749.32
27345,1773086400000,854664.12
27346,1773090000000,843549.97
27347,1773093600000,844301.02
27348,1773097200000,842589.31
27349,1773100800000,836747.69
27350,1773104400000,831818.37
27351,1773108000000,837210.46
27352,1773111600000,848076.18
27353,1773115200000,845613.35
27354,1773118800000,850502.25
27355,1773122400000,856401.83
27356,1773126000000,873142.1
27357,1773129600000,883903.95
27358,1773133200000,887056.76
27359,1773136800000,881360.66
27360,1773140400000,882991.2
27361,1773144000000,915056.01
27362,1773147600000,909040.82
27363,1773151200000,867812.37
27364,1773154800000,852464.78
27365,1773158400000,863373.65
27366,1773162000000,872746.86
27367,1773165600000,872720.86
27368,1773169200000,863760.97
27369,1773172800000,860179.24
27370,1773176400000,855681.3
27371,1773180000000,851171.85
27372,1773183600000,853210.69
27373,1773187200000,849142.71
27374,1773190800000,845130.73
27375,1773194400000,844257.11
27376,1773198000000,847952.65
27377,1773201600000,848381.17
27378,1773205200000,845565.77
27379,1773208800000,839295.01
27380,1773212400000,837598.25
27381,1773216000000,837058.94
27382,1773219600000,827457.87
27383,1773223200000,829320.52
27384,1773226800000,830406.18
27385,1773230400000,832907.59
27386,1773234000000,825879.92
27387,1773237600000,840323.86
27388,1773241200000,859500.61
27389,1773244800000,839159.05
27390,1773248400000,849942.63
27391,1773252000000,859245.15
27392,1773255600000,867854.48
27393,1773259200000,873635.43
27394,1773262800000,872867.7
27395,1773266400000,873698.08
27396,1773270000000,863013.49
27397,1773273600000,866193.74
27398,1773277200000,859901.86
27399,1773280800000,854531.77
27400,1773284400000,850952.46
27401,1773288000000,843219.12
27402,1773291600000,843648.04
27403,1773295200000,844223.61
27404,1773298800000,840155.39
27405,1773302400000,849774.44
27406,1773306000000,843954.04
27407,1773309600000,827393.33
27408,1773313200000,843684.1
27409,1773316800000,852516.95
27410,1773320400000,859180.91
27411,1773324000000,883774.82
27412,1773327600000,891182.67
27413,1773331200000,891461.55
27414,1773334800000,890257.86
27415,1773338400000,892105.99
27416,1773342000000,874894.55
27417,1773345600000,870583.83
27418,1773349200000,874388.73
27419,1773352800000,866053.88
27420,1773356400000,867010.32
27421,1773360000000,898053.31
27422,1773363600000,894405.07
27423,1773367200000,902473.08
27424,1773370800000,896022.83
27425,1773374400000,884401.25
27426,1773378000000,890507.19
27427,1773381600000,896354.91
27428,1773385200000,895592.84
27429,1773388800000,900856.79
27430,1773392400000,891077.47
27431,1773396000000,890499.97
27432,1773399600000,897991.82
27433,1773403200000,901927.56
27434,1773406800000,907136.18
27435,1773410400000,928283.33
27436,1773414000000,915037.13
27437,1773417600000,898305.29
27438,1773421200000,876136.29
27439,1773424800000,861644.29
27440,1773428400000,858870.04
27441,1773432000000,853100.76
27442,1773435600000,846622.35
27443,1773439200000,838228.47
27444,1773442800000,824807.12
27445,1773446400000,823859.91
27446,1773450000000,822141.03
27447,1773453600000,828384.52
27448,1773457200000,827159.25
27449,1773460800000,820052.59
27450,1773464400000,824255.05
27451,1773468000000,822192.93
27452,1773471600000,822291.61
27453,1773475200000,820437.43
27454,1773478800000,822152.61
27455,1773482400000,819107.23
27456,1773486000000,832563.91
27457,1773489600000,842286.83
27458,1773493200000,842033.67
27459,1773496800000,845083.57
27460,1773500400000,845174.29
27461,1773504000000,850532.64
27462,1773507600000,846284.55
27463,1773511200000,845414.66
27464,1773514800000,845580.92
27465,1773518400000,843834.75
27466,1773522000000,839741.67
27467,1773525600000,838830.19
27468,1773529200000,837609.25
27469,1773532800000,832652.92
27470,1773536400000,833280.42
27471,1773540000000,833677.57
27472,1773543600000,835838.4
27473,1773547200000,830857.59
27474,1773550800000,833528.31
27475,1773554400000,827168.97
27476,1773558000000,825673.11
27477,1773561600000,823127.33
27478,1773565200000,826946.74
27479,1773568800000,832260.8
27480,1773572400000,832367.68
27481,1773576000000,831682.64
27482,1773579600000,836561.89
27483,1773583200000,822950.22
27484,1773586800000,820491.31
27485,1773590400000,817298.31
27486,1773594000000,819883.58
27487,1773597600000,812707.19
27488,1773601200000,805648.5
27489,1773604800000,807903.19
27490,1773608400000,809235.25
27491,1773612000000,813011.92
27492,1773615600000,828116.65
27493,1773619200000,850275.16
27494,1773622800000,849355.77
27495,1773626400000,861099.87
27496,1773630000000,867597.57
27497,1773633600000,878201.79
27498,1773637200000,872899.79
27499,1773640800000,898548.98
27500,1773644400000,904912.13
27501,1773648000000,919326.45
27502,1773651600000,923334.83
27503,1773655200000,919853.16
27504,1773658800000,922837.39
27505,1773662400000,932088.82
27506,1773666000000,920540.71
27507,1773669600000,919404.09
27508,1773673200000,925957.75
27509,1773676800000,937492.72
27510,1773680400000,964694.07
27511,1773684000000,977965.31
27512,1773687600000,996230.98
27513,1773691200000,971709.51
27514,1773694800000,964000.29
27515,1773698400000,950107.45
27516,1773702000000,941572.35
27517,1773705600000,924167.01
27518,1773709200000,910103.5
27519,1773712800000,909919.65
27520,1773716400000,907962.88
27521,1773720000000,903130.24
27522,1773723600000,907168.66
27523,1773727200000,904737.13
27524,1773730800000,901436.26
27525,1773734400000,896762.25
27526,1773738000000,899437.76
27527,1773741600000,899642.1
27528,1773745200000,889354.81
27529,1773748800000,896314.47
27530,1773752400000,890867.65
27531,1773756000000,902521.65
27532,1773759600000,909858.37
27533,1773763200000,898939.32
27534,1773766800000,894343.97
27535,1773770400000,881986.16
27536,1773774000000,875669.5
27537,1773777600000,871520.1
27538,1773781200000,869511.38
27539,1773784800000,866528.76
27540,1773788400000,867918.61
27541,1773792000000,872116.41
27542,1773795600000,882342.34
27543,1773799200000,880431.42
27544,1773802800000,882571.58
27545,1773806400000,887032.53
27546,1773810000000,885229.23
27547,1773813600000,878347.78
27548,1773817200000,875818.82
27549,1773820800000,876027.74
27550,1773824400000,875654.66
27551,1773828000000,871534.53
27552,1773831600000,864088.04
27553,1773835200000,842789.91
27554,1773838800000,837954.23
27555,1773842400000,830968.77
27556,1773846000000,838331.49
27557,1773849600000,861180.97
27558,1773853200000,853585.77
27559,1773856800000,865890.63
27560,1773860400000,857286.56
27561,1773864000000,859874.75
27562,1773867600000,861243.67
27563,1773871200000,854758.28
27564,1773874800000,856329.57
27565,1773878400000,851902.39
27566,1773882000000,846465.47
27567,1773885600000,851401.4
27568,1773889200000,838039.68
27569,1773892800000,822145.64
27570,1773896400000,815124.52
27571,1773900000000,821139.91
27572,1773903600000,820388.76
27573,1773907200000,818583.24
27574,1773910800000,820168.44
27575,1773914400000,817021.98
27576,1773918000000,817034.15
27577,1773921600000,824531.97
27578,1773925200000,828988.84
27579,1773928800000,817801.22
27580,1773932400000,826147.6
27581,1773936000000,838059.47
27582,1773939600000,840127.88
27583,1773943200000,840024.3
27584,1773946800000,834719.78
27585,1773950400000,831572.05
27586,1773954000000,833918.36
27587,1773957600000,836095.19
27588,1773961200000,837369.04
27589,1773964800000,834079.48
27590,1773968400000,831567.86
27591,1773972000000,838939.32
27592,1773975600000,834262.92
27593,1773979200000,832172.87
27594,1773982800000,832044.55
27595,1773986400000,832078.1
27596,1773990000000,848495.48
27597,1773993600000,822068.4
27598,1773997200000,837195.18
27599,1774000800000,840048.94
27600,1774004400000,829745.51
27601,1774008000000,824984.73
27602,1774011600000,824520.22
27603,1774015200000,818538.82
27604,1774018800000,832760.51
27605,1774022400000,828896.72
27606,1774026000000,823326.78
27607,1774029600000,823485.15
27608,1774033200000,828000.14
27609,1774036800000,846215.44
27610,1774040400000,826008.64
27611,1774044000000,848737.01
27612,1774047600000,840852.41
27613,1774051200000,837419.13
27614,1774054800000,834752.85
27615,1774058400000,836967.68
27616,1774062000000,839041.81
27617,1774065600000,834131.72
27618,1774069200000,834405.77
27619,1774072800000,835082.05
27620,1774076400000,836967.98
27621,1774080000000,841323.3
27622,1774083600000,841727.52
27623,1774087200000,841672.84
27624,1774090800000,836893.4
27625,1774094400000,835411.55
27626,1774098000000,841958.61
27627,1774101600000,844048.29
27628,1774105200000,843981.28
27629,1774108800000,835899.82
27630,1774112400000,832772.97
27631,1774116000000,832397.63
27632,1774119600000,839406.53
27633,1774123200000,840430.21
27634,1774126800000,840115.97
27635,1774130400000,838348.59
27636,1774134000000,835828.99
27637,1774137600000,831714.01
27638,1774141200000,808557.23
27639,1774144800000,812780.19
27640,1774148400000,823395.22
27641,1774152000000,811087.45
27642,1774155600000,807884.17
27643,1774159200000,807265.69
27644,1774162800000,807306.57
27645,1774166400000,806067.2
27646,1774170000000,815725.41
27647,1774173600000,814361.23
27648,1774177200000,823256.53
27649,1774180800000,834619.76
27650,1774184400000,822889.85
27651,1774188000000,827734.05
27652,1774191600000,820104.86
27653,1774195200000,820316.99
27654,1774198800000,820264.17
27655,1774202400000,819317.49
27656,1774206000000,818750.6
27657,1774209600000,814020.81
27658,1774213200000,818209.44
27659,1774216800000,817433.11
27660,1774220400000,823665.07
27661,1774224000000,823590.64
27662,1774227600000,831249.69
27663,1774231200000,825316.37
27664,1774234800000,833514.22
27665,1774238400000,832471.58
27666,1774242000000,833017.23
27667,1774245600000,835533.56
27668,1774249200000,847061.74
27669,1774252800000,847192.18
27670,1774256400000,836348.43
27671,1774260000000,836377.91
27672,1774263600000,835956.45
27673,1774267200000,774628.06
27674,1774270800000,791571.74
27675,1774274400000,814593.08
27676,1774278000000,817516.53
27677,1774281600000,783375.4
27678,1774285200000,796787.21
27679,1774288800000,798580.21
27680,1774292400000,809926.27
27681,1774296000000,799479.21
27682,1774299600000,799006.43
27683,1774303200000,795200.13
27684,1774306800000,795420.45
27685,1774310400000,795232.77
27686,1774314000000,777968.89
27687,1774317600000,779811.87
27688,1774321200000,785476.83
27689,1774324800000,785018.77
27690,1774328400000,782484.0
27691,1774332000000,785447.11
27692,1774335600000,783169.67
27693,1774339200000,787731.33
27694,1774342800000,784974.63
27695,1774346400000,790875.0
27696,1774350000000,792505.83
27697,1774353600000,802336.41
27698,1774357200000,801819.98
27699,1774360800000,792452.48
27700,1774364400000,806342.63
27701,1774368000000,805861.26
27702,1774371600000,811801.01
27703,1774375200000,812240.37
27704,1774378800000,814796.25
27705,1774382400000,808811.75
27706,1774386000000,799410.35
27707,1774389600000,796274.91
27708,1774393200000,796882.46
27709,1774396800000,795786.38
27710,1774400400000,791577.74
27711,1774404000000,795741.04
27712,1774407600000,801898.06
27713,1774411200000,803055.5
27714,1774414800000,809598.35
27715,1774418400000,847070.79
27716,1774422000000,845364.57
27717,1774425600000,849724.23
27718,1774429200000,869066.65
27719,1774432800000,873692.24
27720,1774436400000,886305.61
27721,1774440000000,886530.32
27722,1774443600000,871781.91
27723,1774447200000,885982.5
27724,1774450800000,882320.99
27725,1774454400000,880534.45
27726,1774458000000,874194.62
27727,1774461600000,873122.75
27728,1774465200000,870079.57
27729,1774468800000,870539.53
27730,1774472400000,861948.89
27731,1774476000000,864666.57
27732,1774479600000,858782.71
27733,1774483200000,846132.45
27734,1774486800000,851896.01
27735,1774490400000,848815.33
27736,1774494000000,842055.85
27737,1774497600000,837217.51
27738,1774501200000,834284.44
27739,1774504800000,811501.87
27740,1774508400000,825439.87
27741,1774512000000,829175.64
27742,1774515600000,819123.16
27743,1774519200000,812524.27
27744,1774522800000,825535.59
27745,1774526400000,828063.42
27746,1774530000000,832903.14
27747,1774533600000,874241.68
27748,1774537200000,879780.1
27749,1774540800000,898423.75
27750,1774544400000,893143.87
27751,1774548000000,876568.59
27752,1774551600000,868684.52
27753,1774555200000,872402.19
27754,1774558800000,889687.77
27755,1774562400000,890204.1
27756,1774566000000,889738.42
27757,1774569600000,890674.12
27758,1774573200000,888569.72
27759,1774576800000,891520.79
27760,1774580400000,893193.33
27761,1774584000000,895561.89
27762,1774587600000,901012.96
27763,1774591200000,898329.21
27764,1774594800000,897016.54
27765,1774598400000,900758.74
27766,1774602000000,897157.0
27767,1774605600000,888984.3
27768,1774609200000,862744.52
27769,1774612800000,866799.13
27770,1774616400000,875986.66
27771,1774620000000,878639.04
27772,1774623600000,875431.8
27773,1774627200000,874012.08
27774,1774630800000,878560.26
27775,1774634400000,878773.84
27776,1774638000000,879893.6
27777,1774641600000,853532.06
27778,1774645200000,856778.42
27779,1774648800000,854888.86
27780,1774652400000,851716.78
27781,1774656000000,852070.43
27782,1774659600000,850457.8
27783,1774663200000,847801.32
27784,1774666800000,846154.5
27785,1774670400000,851138.17
27786,1774674000000,853618.44
27787,1774677600000,855205.74
27788,1774681200000,857067.47
27789,1774684800000,859328.4
27790,1774688400000,878545.35
27791,1774692000000,879328.06
27792,1774695600000,874762.87
27793,1774699200000,871960.47
27794,1774702800000,894371.39
27795,1774706400000,876470.32
27796,1774710000000,873481.96
27797,1774713600000,889624.55
27798,1774717200000,890301.12
27799,1774720800000,886133.5
27800,1774724400000,885001.21
27801,1774728000000,885542.64
27802,1774731600000,883710.95
27803,1774735200000,886240.82
27804,1774738800000,885160.3
27805,1774742400000,871625.84
27806,1774746000000,872245.43
27807,1774749600000,870077.78
27808,1774753200000,869637.6
27809,1774756800000,869908.99
27810,1774760400000,869348.97
27811,1774764000000,871287.12
27812,1774767600000,872923.4
27813,1774771200000,871519.52
27814,1774774800000,870312.36
27815,1774778400000,875193.27
27816,1774782000000,884024.93
27817,1774785600000,880804.69
27818,1774789200000,879415.16
27819,1774792800000,888344.81
27820,1774796400000,885272.17
27821,1774800000000,885591.85
27822,1774803600000,886625.08
27823,1774807200000,890517.26
27824,1774810800000,887242.52
27825,1774814400000,886885.53
27826,1774818000000,879351.36
27827,1774821600000,876569.46
27828,1774825200000,870273.32
27829,1774828800000,878168.67
27830,1774832400000,871884.07
27831,1774836000000,867548.33
27832,1774839600000,832741.76
27833,1774843200000,837757.31
27834,1774846800000,849476.97
27835,1774850400000,862517.25
27836,1774854000000,883132.21
27837,1774857600000,888628.54
27838,1774861200000,885109.22
27839,1774864800000,889211.45
27840,1774868400000,895992.66
27841,1774872000000,886106.19
27842,1774875600000,882849.31
27843,1774879200000,913609.86
27844,1774882800000,913615.65
27845,1774886400000,924407.08
27846,1774890000000,926277.93
27847,1774893600000,917356.53
27848,1774897200000,907990.14
27849,1774900800000,884940.69
27850,1774904400000,880814.36
27851,1774908000000,880225.11
27852,1774911600000,878777.75
27853,1774915200000,870591.88
27854,1774918800000,868592.17
27855,1774922400000,871262.31
27856,1774926000000,889085.68
27857,1774929600000,886923.67
27858,1774933200000,889534.16
27859,1774936800000,892774.99
27860,1774940400000,890710.73
27861,1774944000000,896893.42
27862,1774947600000,891457.44
27863,1774951200000,896476.88
27864,1774954800000,894570.36
27865,1774958400000,900503.44
27866,1774962000000,911040.11
27867,1774965600000,900926.89
27868,1774969200000,932743.93
27869,1774972800000,923954.83
27870,1774976400000,940845.76
27871,1774980000000,960226.2
27872,1774983600000,949616.47
27873,1774987200000,949656.82
27874,1774990800000,965635.07
27875,1774994400000,966022.6
27876,1774998000000,954646.57
27877,1775001600000,960181.62
27878,1775005200000,961043.93
27879,1775008800000,946336.39
27880,1775012400000,943296.31
27881,1775016000000,942993.93
27882,1775019600000,956785.86
27883,1775023200000,960703.11
27884,1775026800000,969575.89
27885,1775030400000,965228.48
27886,1775034000000,945239.95
27887,1775037600000,947318.52
27888,1775041200000,938979.6
27889,1775044800000,940124.82
27890,1775048400000,931944.92
27891,1775052000000,911201.12
27892,1775055600000,914000.51
27893,1775059200000,911955.02
27894,1775062800000,935123.16
27895,1775066400000,914254.6
27896,1775070000000,908897.59
27897,1775073600000,917410.29
27898,1775077200000,914840.92
27899,1775080800000,929574.51
27900,1775084400000,932837.62
27901,1775088000000,927799.22
27902,1775091600000,941229.94
27903,1775095200000,865082.16
27904,1775098800000,837252.44
27905,1775102400000,824738.21
27906,1775106000000,828496.12
27907,1775109600000,821254.78
27908,1775113200000,812981.09
27909,1775116800000,808295.82
27910,1775120400000,815353.95
27911,1775124000000,815847.08
27912,1775127600000,812519.33
27913,1775131200000,816549.73
27914,1775134800000,822229.74
27915,1775138400000,822290.07
27916,1775142000000,805436.19
27917,1775145600000,812093.97
27918,1775149200000,800792.91
27919,1775152800000,802158.98
27920,1775156400000,798958.45
27921,1775160000000,796053.81
27922,1775163600000,796915.88
27923,1775167200000,794115.73
27924,1775170800000,796628.76
27925,1775174400000,797971.32
27926,1775178000000,798958.33
27927,1775181600000,798576.41
27928,1775185200000,799142.12
27929,1775188800000,802286.48
27930,1775192400000,802667.38
27931,1775196000000,802683.82
27932,1775199600000,801819.21
27933,1775203200000,817395.38
27934,1775206800000,825176.56
27935,1775210400000,828229.03
27936,1775214000000,822511.47
27937,1775217600000,814784.6
27938,1775221200000,812431.31
27939,1775224800000,804477.22
27940,1775228400000,799583.06
27941,1775232000000,798578.0
27942,1775235600000,805840.56
27943,1775239200000,807824.1
27944,1775242800000,804975.32
27945,1775246400000,801473.97
27946,1775250000000,800805.68
27947,1775253600000,794263.98
27948,1775257200000,794639.15
27949,1775260800000,794993.93
27950,1775264400000,798635.4
27951,1775268000000,798103.62
27952,1775271600000,797656.39
27953,1775275200000,796917.48
27954,1775278800000,797857.86
27955,1775282400000,799409.34
27956,1775286000000,798297.55
27957,1775289600000,799939.51
27958,1775293200000,802050.02
27959,1775296800000,801522.38
27960,1775300400000,803333.72
27961,1775304000000,807080.25
27962,1775307600000,806647.28
27963,1775311200000,805459.48
27964,1775314800000,803142.16
27965,1775318400000,798776.61
27966,1775322000000,800634.03
27967,1775325600000,806436.47
27968,1775329200000,806092.69
27969,1775332800000,800574.25
27970,1775336400000,803277.72
27971,1775340000000,809163.5
27972,1775343600000,807063.89
27973,1775347200000,807732.79
27974,1775350800000,807970.42
27975,1775354400000,812884.38
27976,1775358000000,810927.74
27977,1775361600000,811694.77
27978,1775365200000,813505.49
27979,1775368800000,815122.49
27980,1775372400000,821231.37
27981,1775376000000,826668.19
27982,1775379600000,825557.86
27983,1775383200000,825824.0
27984,1775386800000,820790.08
27985,1775390400000,819916.83
27986,1775394000000,823019.08
27987,1775397600000,827589.75
27988,1775401200000,825947.19
27989,1775404800000,813533.96
27990,1775408400000,812335.03
27991,1775412000000,813173.28
27992,1775415600000,820463.16
27993,1775419200000,814845.07
27994,1775422800000,814857.32
27995,1775426400000,817817.14
27996,1775430000000,837841.21
27997,1775433600000,826072.98
27998,1775437200000,827783.44
27999,1775440800000,831983.48
28000,1775444400000,832006.41
28001,1775448000000,849887.76
28002,1775451600000,855601.48
28003,1775455200000,859594.16
28004,1775458800000,850631.66
28005,1775462400000,861923.05
28006,1775466000000,871083.67
28007,1775469600000,881635.95
28008,1775473200000,877544.89
28009,1775476800000,888307.76
28010,1775480400000,886202.84
28011,1775484000000,904303.76
28012,1775487600000,870039.42
28013,1775491200000,892678.14
28014,1775494800000,889997.51
28015,1775498400000,884183.06
28016,1775502000000,882035.15
28017,1775505600000,869494.08
28018,1775509200000,865808.73
28019,1775512800000,863503.54
28020,1775516400000,842347.36
28021,1775520000000,804904.08
28022,1775523600000,810524.82
28023,1775527200000,809084.81
28024,1775530800000,807872.18
28025,1775534400000,805211.54
28026,1775538000000,813934.93
28027,1775541600000,803666.52
28028,1775545200000,801825.27
28029,1775548800000,803258.85
28030,1775552400000,804223.55
28031,1775556000000,798719.29
28032,1775559600000,781563.28
28033,1775563200000,786799.13
28034,1775566800000,795283.62
28035,1775570400000,805351.44
28036,1775574000000,808496.55
28037,1775577600000,805087.65
28038,1775581200000,795377.33
28039,1775584800000,790637.0
28040,1775588400000,784474.35
28041,1775592000000,778035.17
28042,1775595600000,785022.09
28043,1775599200000,776179.04
28044,1775602800000,794516.87
28045,1775606400000,815542.82
28046,1775610000000,814859.04
28047,1775613600000,820393.55
28048,1775617200000,833645.61
28049,1775620800000,838578.83
28050,1775624400000,843499.82
28051,1775628000000,854556.85
28052,1775631600000,855138.1
28053,1775635200000,858020.82
28054,1775638800000,865286.21
28055,1775642400000,865691.01
28056,1775646000000,875597.11
28057,1775649600000,890290.31
28058,1775653200000,889788.62
28059,1775656800000,900175.78
28060,1775660400000,871800.64
28061,1775664000000,836290.48
28062,1775667600000,846255.53
28063,1775671200000,845114.61
28064,1775674800000,835010.76
28065,1775678400000,836719.37
28066,1775682000000,837592.16
28067,1775685600000,856674.95
28068,1775689200000,836621.16
28069,1775692800000,830789.91
28070,1775696400000,824711.95
28071,1775700000000,812427.31
28072,1775703600000,807038.25
28073,1775707200000,801717.76
28074,1775710800000,811578.47
28075,1775714400000,812279.44
28076,1775718000000,803562.93
28077,1775721600000,782911.31
28078,1775725200000,785151.29
28079,1775728800000,793258.27
28080,1775732400000,787592.31
28081,1775736000000,771654.83
28082,1775739600000,765566.46
28083,1775743200000,767689.21
28084,1775746800000,781976.02
28085,1775750400000,784919.82
28086,1775754000000,781103.3
28087,1775757600000,781272.3
28088,1775761200000,774265.96
28089,1775764800000,777800.73
28090,1775768400000,785507.04
28091,1775772000000,786620.36
28092,1775775600000,775037.94
28093,1775779200000,758256.18
28094,1775782800000,755473.29
28095,1775786400000,749119.55
28096,1775790000000,747848.09
28097,1775793600000,745850.3
28098,1775797200000,743401.59
28099,1775800800000,748670.03
28100,1775804400000,754016.27
28101,1775808000000,756515.99
28102,1775811600000,748604.56
28103,1775815200000,756392.93
28104,1775818800000,748800.39
28105,1775822400000,760518.57
28106,1775826000000,759653.85
28107,1775829600000,761212.28
28108,1775833200000,811273.42
28109,1775836800000,783048.93
28110,1775840400000,775949.34
28111,1775844000000,780384.43
28112,1775847600000,787706.41
28113,1775851200000,801668.82
28114,1775854800000,809254.78
28115,1775858400000,800004.53
28116,1775862000000,799322.44
28117,1775865600000,797311.92
28118,1775869200000,797347.44
28119,1775872800000,795937.06
28120,1775876400000,798530.91
28121,1775880000000,802125.45
28122,1775883600000,803145.73
28123,1775887200000,797437.47
28124,1775890800000,796528.87
28125,1775894400000,793530.92
28126,1775898000000,792276.43
28127,1775901600000,803890.26
28128,1775905200000,802953.8
28129,1775908800000,806535.17
28130,1775912400000,806835.45
28131,1775916000000,801848.49
28132,1775919600000,803345.92
28133,1775923200000,805909.67
28134,1775926800000,804506.26
28135,1775930400000,807060.45
28136,1775934000000,809831.19
28137,1775937600000,795863.96
28138,1775941200000,794325.75
28139,1775944800000,794073.1
28140,1775948400000,813287.16
28141,1775952000000,809084.22
28142,1775955600000,830593.22
28143,1775959200000,806909.93
28144,1775962800000,777424.28
28145,1775966400000,778008.38
28146,1775970000000,778942.95
28147,1775973600000,781723.29
28148,1775977200000,782182.77
28149,1775980800000,778241.46
28150,1775984400000,783510.26
28151,1775988000000,786981.36
28152,1775991600000,791951.6
28153,1775995200000,798617.09
28154,1775998800000,804057.26
28155,1776002400000,796632.61
28156,1776006000000,806430.79
28157,1776009600000,802454.96
28158,1776013200000,800837.22
28159,1776016800000,799646.25
28160,1776020400000,799389.12
28161,1776024000000,797343.73
28162,1776027600000,795564.08
28163,1776031200000,794332.35
28164,1776034800000,798387.79
28165,1776038400000,797734.61
28166,1776042000000,802560.19
28167,1776045600000,793637.49
28168,1776049200000,791548.34
28169,1776052800000,791698.07
28170,1776056400000,789248.85
28171,1776060000000,803751.18
28172,1776063600000,801496.77
28173,1776067200000,802678.23
28174,1776070800000,804138.3
28175,1776074400000,800891.72
28176,1776078000000,803211.66
28177,1776081600000,792181.52
28178,1776085200000,787665.79
28179,1776088800000,777577.16
28180,1776092400000,792197.81
28181,1776096000000,784017.27
28182,1776099600000,795740.93
28183,1776103200000,795949.99
28184,1776106800000,796098.69
28185,1776110400000,807136.01
28186,1776114000000,802180.91
28187,1776117600000,803322.27
28188,1776121200000,787878.19
28189,1776124800000,822904.75
28190,1776128400000,827502.23
28191,1776132000000,837397.61
28192,1776135600000,850874.49
28193,1776139200000,854573.08
28194,1776142800000,861317.57
28195,1776146400000,869661.57
28196,1776150000000,877919.0
28197,1776153600000,887974.16
28198,1776157200000,905252.78
28199,1776160800000,905768.67
28200,1776164400000,910978.49
28201,1776168000000,909797.73
28202,1776171600000,909378.85
28203,1776175200000,905927.1
28204,1776178800000,909378.93
28205,1776182400000,871554.97
28206,1776186000000,869750.95
28207,1776189600000,857307.28
28208,1776193200000,854948.09
28209,1776196800000,854459.56
28210,1776200400000,846685.24
28211,1776204000000,837803.51
28212,1776207600000,838069.67
28213,1776211200000,834523.91
28214,1776214800000,828800.61
28215,1776218400000,833961.55
28216,1776222000000,837990.88
28217,1776225600000,829330.07
28218,1776229200000,827494.75
28219,1776232800000,835281.18
28220,1776236400000,836738.05
28221,1776240000000,837649.18
28222,1776243600000,843045.38
28223,1776247200000,846625.74
28224,1776250800000,833300.78
28225,1776254400000,858682.29
28226,1776258000000,860376.54
28227,1776261600000,846525.53
28228,1776265200000,867491.89
28229,1776268800000,870863.95
28230,1776272400000,872724.27
28231,1776276000000,870477.74
28232,1776279600000,869194.24
28233,1776283200000,868978.61
28234,1776286800000,866902.04
28235,1776290400000,879950.54
28236,1776294000000,877014.1
28237,1776297600000,870238.17
28238,1776301200000,870582.13
28239,1776304800000,866148.71
28240,1776308400000,860158.77
28241,1776312000000,861653.76
28242,1776315600000,859482.3
28243,1776319200000,855961.54
28244,1776322800000,858980.64
28245,1776326400000,867829.87
28246,1776330000000,866801.72
28247,1776333600000,863576.36
28248,1776337200000,851789.82
28249,1776340800000,849363.17
28250,1776344400000,852144.28
28251,1776348000000,854466.52
28252,1776351600000,850770.3
28253,1776355200000,834912.4
28254,1776358800000,833528.6
28255,1776362400000,831885.41
28256,1776366000000,814388.23
28257,1776369600000,823679.05
28258,1776373200000,826568.33
28259,1776376800000,824080.44
28260,1776380400000,820088.67
28261,1776384000000,818908.3
28262,1776387600000,811506.46
28263,1776391200000,807278.41
28264,1776394800000,813539.75
28265,1776398400000,813041.76
28266,1776402000000,816057.89
28267,1776405600000,826304.52
28268,1776409200000,817445.08
28269,1776412800000,825229.53
28270,1776416400000,833182.49
28271,1776420000000,837088.74
28272,1776423600000,824616.09
28273,1776427200000,826580.55
28274,1776430800000,847124.26
28275,1776434400000,870633.44
28276,1776438000000,880538.14
28277,1776441600000,891557.43
28278,1776445200000,887272.24
28279,1776448800000,881214.23
28280,1776452400000,854580.19
28281,1776456000000,850621.0
28282,1776459600000,851655.04
28283,1776463200000,851909.94
28284,1776466800000,851040.68
28285,1776470400000,841995.99
28286,1776474000000,828721.55
28287,1776477600000,825801.44
28288,1776481200000,826016.49
28289,1776484800000,841026.4
28290,1776488400000,840125.54
28291,1776492000000,837089.19
28292,1776495600000,838379.98
28293,1776499200000,836983.01
28294,1776502800000,833600.58
28295,1776506400000,827356.27
28296,1776510000000,815142.59
28297,1776513600000,812542.67
28298,1776517200000,813363.79
28299,1776520800000,822230.61
28300,1776524400000,809921.39
28301,1776528000000,812864.52
28302,1776531600000,815956.2
28303,1776535200000,812125.86
28304,1776538800000,821938.3
28305,1776542400000,823158.08
28306,1776546000000,820656.86
28307,1776549600000,817303.06
28308,1776553200000,813884.86
28309,1776556800000,810904.72
28310,1776560400000,808985.13
28311,1776564000000,807138.27
28312,1776567600000,805300.89
28313,1776571200000,806891.78
28314,1776574800000,799820.82
28315,1776578400000,800731.6
28316,1776582000000,798412.1
28317,1776585600000,787687.13
28318,1776589200000,787606.68
28319,1776592800000,785738.96
28320,1776596400000,785805.59
28321,1776600000000,782380.61
28322,1776603600000,777665.41
28323,1776607200000,771709.36
28324,1776610800000,774767.21
28325,1776614400000,781854.15
28326,1776618000000,802816.06
28327,1776621600000,812201.43
28328,1776625200000,814686.14
28329,1776628800000,812627.89
28330,1776632400000,813790.84
28331,1776636000000,813466.93
28332,1776639600000,795348.5
28333,1776643200000,793442.14
28334,1776646800000,795305.18
28335,1776650400000,790060.83
28336,1776654000000,791711.61
28337,1776657600000,792756.88
28338,1776661200000,806429.19
28339,1776664800000,814111.94
28340,1776668400000,811216.2
28341,1776672000000,808936.37
28342,1776675600000,791772.82
28343,1776679200000,789919.99
28344,1776682800000,791368.32
28345,1776686400000,795639.37
28346,1776690000000,795308.82
28347,1776693600000,797611.93
28348,1776697200000,802256.87
28349,1776700800000,812529.24
28350,1776704400000,812163.28
28351,1776708000000,811604.89
28352,1776711600000,784898.68
28353,1776715200000,791303.08
28354,1776718800000,789065.67
28355,1776722400000,795910.82
28356,1776726000000,800591.62
28357,1776729600000,804484.8
28358,1776733200000,796967.45
28359,1776736800000,792460.03
28360,1776740400000,790694.26
28361,1776744000000,790965.71
28362,1776747600000,789890.83
28363,1776751200000,783887.31
28364,1776754800000,784315.43
28365,1776758400000,788250.51
28366,1776762000000,781639.46
28367,1776765600000,781759.23
28368,1776769200000,780852.57
28369,1776772800000,805545.02
28370,1776776400000,787988.78
28371,1776780000000,803112.0
28372,1776783600000,790567.01
28373,1776787200000,786468.52
28374,1776790800000,781119.89
28375,1776794400000,778399.89
28376,1776798000000,774886.27
28377,1776801600000,777078.38
28378,1776805200000,768466.71
28379,1776808800000,766875.85
28380,1776812400000,768141.61
28381,1776816000000,774162.88
28382,1776819600000,772904.22
28383,1776823200000,766802.96
28384,1776826800000,769293.47
28385,1776830400000,771882.84
28386,1776834000000,783694.99
28387,1776837600000,803241.7
28388,1776841200000,810063.3
28389,1776844800000,811068.05
28390,1776848400000,804031.64
28391,1776852000000,808850.82
28392,1776855600000,808764.16
28393,1776859200000,808883.55
28394,1776862800000,814012.44
28395,1776866400000,812928.08
28396,1776870000000,823809.28
28397,1776873600000,831693.22
28398,1776877200000,836190.05
28399,1776880800000,838117.9
28400,1776884400000,837975.66
28401,1776888000000,837186.48
28402,1776891600000,842108.93
28403,1776895200000,839788.97
28404,1776898800000,842098.27
28405,1776902400000,844263.34
28406,1776906000000,842446.91
28407,1776909600000,837208.07
28408,1776913200000,832039.64
28409,1776916800000,828172.68
28410,1776920400000,816413.18
28411,1776924000000,813421.5
28412,1776927600000,807528.31
28413,1776931200000,810569.99
28414,1776934800000,802873.84
28415,1776938400000,800185.21
28416,1776942000000,808408.58
28417,1776945600000,819946.7
28418,1776949200000,812114.74
28419,1776952800000,812837.36
28420,1776956400000,813627.88
28421,1776960000000,811196.49
28422,1776963600000,798522.74
28423,1776967200000,777599.61
28424,1776970800000,785455.61
28425,1776974400000,784894.47
28426,1776978000000,783746.34
28427,1776981600000,782272.48
28428,1776985200000,786952.64
28429,1776988800000,787430.47
28430,1776992400000,783525.61
28431,1776996000000,784759.16
28432,1776999600000,789800.88
28433,1777003200000,782912.75
28434,1777006800000,794494.46
28435,1777010400000,796347.66
28436,1777014000000,792153.12
28437,1777017600000,791756.69
28438,1777021200000,796132.9
28439,1777024800000,800073.42
28440,1777028400000,798971.4
28441,1777032000000,807137.22
28442,1777035600000,808508.41
28443,1777039200000,808057.97
28444,1777042800000,816159.27
28445,1777046400000,803675.52
28446,1777050000000,814506.73
28447,1777053600000,807187.2
28448,1777057200000,801966.13
28449,1777060800000,801346.1
28450,1777064400000,805678.56
28451,1777068000000,804496.2
28452,1777071600000,803500.96
28453,1777075200000,803096.04
28454,1777078800000,802606.42
28455,1777082400000,802309.94
28456,1777086000000,800808.43
28457,1777089600000,795454.4
28458,1777093200000,795013.93
28459,1777096800000,796337.0
28460,1777100400000,797156.82
28461,1777104000000,796437.39
28462,1777107600000,796688.23
28463,1777111200000,798033.84
28464,1777114800000,796324.93
28465,1777118400000,794223.33
28466,1777122000000,795553.36
28467,1777125600000,796478.0
28468,1777129200000,797796.85
28469,1777132800000,808584.97
28470,1777136400000,800216.73
28471,1777140000000,801018.22
28472,1777143600000,798590.24
28473,1777147200000,799447.26
28474,1777150800000,800330.86
28475,1777154400000,799292.42
28476,1777158000000,797536.3
28477,1777161600000,796963.38
28478,1777165200000,794494.68
28479,1777168800000,794525.88
28480,1777172400000,795859.96
28481,1777176000000,797235.46
28482,1777179600000,802351.29
28483,1777183200000,805611.97
28484,1777186800000,801978.39
28485,1777190400000,804358.38
28486,1777194000000,803356.75
28487,1777197600000,806889.75
28488,1777201200000,805431.21
28489,1777204800000,806577.04
28490,1777208400000,803980.64
28491,1777212000000,805048.04
28492,1777215600000,791098.07
28493,1777219200000,790906.96
28494,1777222800000,789772.53
28495,1777226400000,791476.15
28496,1777230000000,779941.17
28497,1777233600000,784558.11
28498,1777237200000,785604.39
28499,1777240800000,794063.47
28500,1777244400000,792842.54
28501,1777248000000,792795.15
28502,1777251600000,791915.7
28503,1777255200000,795095.03
28504,1777258800000,799698.18
28505,1777262400000,801063.57
28506,1777266000000,794472.62
28507,1777269600000,782138.24
28508,1777273200000,778952.43
28509,1777276800000,780052.72
28510,1777280400000,780825.9
28511,1777284000000,774160.02
28512,1777287600000,777468.97
28513,1777291200000,776050.39
28514,1777294800000,774995.46
28515,1777298400000,775860.6
28516,1777302000000,773811.97
28517,1777305600000,789057.71
28518,1777309200000,798720.3
28519,1777312800000,798913.82
28520,1777316400000,796970.72
28521,1777320000000,798394.8
28522,1777323600000,801495.17
28523,1777327200000,803538.8
28524,1777330800000,803755.48
28525,1777334400000,799927.76
28526,1777338000000,808885.61
28527,1777341600000,806886.6
28528,1777345200000,804624.21
28529,1777348800000,805292.46
28530,1777352400000,795567.6
28531,1777356000000,798294.72
28532,1777359600000,798404.04
28533,1777363200000,797240.04
28534,1777366800000,801895.6
28535,1777370400000,804073.05
28536,1777374000000,807550.06
28537,1777377600000,811141.22
28538,1777381200000,819797.98
28539,1777384800000,824664.08
28540,1777388400000,836268.36
28541,1777392000000,839290.85
28542,1777395600000,851735.64
28543,1777399200000,845434.42
28544,1777402800000,845102.64
28545,1777406400000,836782.69
28546,1777410000000,832484.62
28547,1777413600000,823685.94
28548,1777417200000,823416.24
28549,1777420800000,823792.0
28550,1777424400000,828073.18
28551,1777428000000,830335.74
28552,1777431600000,827291.93
28553,1777435200000,819793.42
28554,1777438800000,798811.79
28555,1777442400000,800091.2
28556,1777446000000,801775.21
28557,1777449600000,806772.89
28558,1777453200000,806358.39
28559,1777456800000,809917.51
28560,1777460400000,803144.46
28561,1777464000000,808347.38
28562,1777467600000,809882.02
28563,1777471200000,806392.51
28564,1777474800000,810610.69
28565,1777478400000,804343.08
28566,1777482000000,813108.8
28567,1777485600000,817140.59
28568,1777489200000,810583.24
28569,1777492800000,811740.97
28570,1777496400000,805925.15
28571,1777500000000,798036.8
28572,1777503600000,799303.05
28573,1777507200000,796838.94
28574,1777510800000,786045.18
28575,1777514400000,774768.95
28576,1777518000000,764764.02
28577,1777521600000,767714.89
28578,1777525200000,766038.47
28579,1777528800000,773587.33
28580,1777532400000,776875.25
28581,1777536000000,791099.29
28582,1777539600000,792078.86
28583,1777543200000,787268.08
28584,1777546800000,786154.97
28585,1777550400000,781421.16
28586,1777554000000,786173.64
28587,1777557600000,789792.74
28588,1777561200000,789306.19
28589,1777564800000,788781.72
28590,1777568400000,786876.06
28591,1777572000000,781103.97
28592,1777575600000,770890.49
28593,1777579200000,766469.5
28594,1777582800000,766822.51
28595,1777586400000,768229.81
28596,1777590000000,769093.52
28597,1777593600000,770424.53
28598,1777597200000,774815.25
28599,1777600800000,776665.19
28600,1777604400000,779698.63
28601,1777608000000,753870.15
28602,1777611600000,756092.52
28603,1777615200000,758762.92
28604,1777618800000,762079.23
28605,1777622400000,761111.81
28606,1777626000000,761330.48
28607,1777629600000,760367.91
28608,1777633200000,760779.46
28609,1777636800000,760405.65
28610,1777640400000,763258.1
28611,1777644000000,786337.34
28612,1777647600000,792852.6
28613,1777651200000,785486.5
28614,1777654800000,783982.68
28615,1777658400000,778534.63
28616,1777662000000,782574.9
28617,1777665600000,781101.77
28618,1777669200000,769404.25
28619,1777672800000,767720.01
28620,1777676400000,766694.79
28621,1777680000000,769120.07
28622,1777683600000,767455.13
28623,1777687200000,767620.89
28624,1777690800000,767264.91
28625,1777694400000,767564.76
28626,1777698000000,765902.96
28627,1777701600000,766366.93
28628,1777705200000,766138.71
28629,1777708800000,766601.3
28630,1777712400000,765075.0
28631,1777716000000,764895.45
28632,1777719600000,767824.93
28633,1777723200000,766765.53
28634,1777726800000,768586.17
28635,1777730400000,769866.65
28636,1777734000000,769732.86
28637,1777737600000,770612.47
28638,1777741200000,767848.35
28639,1777744800000,767984.49
28640,1777748400000,766338.27
28641,1777752000000,766633.78
28642,1777755600000,768828.28
28643,1777759200000,769826.2
28644,1777762800000,775775.4
28645,1777766400000,768419.12
28646,1777770000000,769688.57
28647,1777773600000,770196.44
28648,1777777200000,762618.04
28649,1777780800000,767496.65
28650,1777784400000,768631.72
28651,1777788000000,769125.73
28652,1777791600000,771690.7
28653,1777795200000,770075.59
28654,1777798800000,770888.66
28655,1777802400000,789635.3
28656,1777806000000,788702.79
28657,1777809600000,782631.24
28658,1777813200000,785044.82
28659,1777816800000,784615.59
28660,1777820400000,795402.42
28661,1777824000000,795285.56
28662,1777827600000,796507.46
28663,1777831200000,797896.84
28664,1777834800000,799739.8
28665,1777838400000,800894.6
28666,1777842000000,799974.4
28667,1777845600000,799935.5
28668,1777849200000,799779.07
28669,1777852800000,788738.38
28670,1777856400000,782832.77
28671,1777860000000,789747.77
28672,1777863600000,804398.91
28673,1777867200000,821942.39
28674,1777870800000,822961.31
28675,1777874400000,830522.47
28676,1777878000000,824103.47
28677,1777881600000,825612.67
28678,1777885200000,810151.4
28679,1777888800000,812003.64
28680,1777892400000,802360.61
28681,1777896000000,804260.18
28682,1777899600000,804521.63
28683,1777903200000,814160.14
28684,1777906800000,816754.17
28685,1777910400000,809039.17
28686,1777914000000,807218.51
28687,1777917600000,801397.55
28688,1777921200000,805274.4
28689,1777924800000,801401.6
28690,1777928400000,798898.29
28691,1777932000000,793613.8
28692,1777935600000,795574.74
28693,1777939200000,792643.26
28694,1777942800000,794293.96
28695,1777946400000,795799.59
28696,1777950000000,802537.84
28697,1777953600000,822598.57
28698,1777957200000,833661.51
28699,1777960800000,829244.63
28700,1777964400000,833756.34
28701,1777968000000,837507.79
28702,1777971600000,833157.48
28703,1777975200000,830570.04
28704,1777978800000,823006.93
28705,1777982400000,817534.09
28706,1777986000000,824761.51
28707,1777989600000,835237.26
28708,1777993200000,841888.0
28709,1777996800000,838259.52
28710,1778000400000,820299.7
28711,1778004000000,832146.72
28712,1778007600000,829707.8
28713,1778011200000,832254.12
28714,1778014800000,830148.65
28715,1778018400000,827912.54
28716,1778022000000,825879.31
28717,1778025600000,811180.08
28718,1778029200000,796828.37
28719,1778032800000,801298.23
28720,1778036400000,808015.52
28721,1778040000000,811711.49
28722,1778043600000,817867.61
28723,1778047200000,806958.9
28724,1778050800000,803957.82
28725,1778054400000,794558.11
28726,1778058000000,808148.0
28727,1778061600000,827498.06
28728,1778065200000,834595.35
28729,1778068800000,841136.29
28730,1778072400000,838379.48
28731,1778076000000,827380.58
28732,1778079600000,810646.76
28733,1778083200000,813735.29
28734,1778086800000,811545.6
28735,1778090400000,810118.23
28736,1778094000000,812595.05
28737,1778097600000,814395.11
28738,1778101200000,814773.19
28739,1778104800000,817516.45
28740,1778108400000,811170.16
28741,1778112000000,810416.68
28742,1778115600000,795780.19
28743,1778119200000,792382.47
28744,1778122800000,799752.17
28745,1778126400000,803583.56
28746,1778130000000,801647.24
28747,1778133600000,810246.47
28748,1778137200000,812282.11
28749,1778140800000,819493.38
28750,1778144400000,819610.69
28751,1778148000000,809787.2
28752,1778151600000,819740.64
28753,1778155200000,815025.14
28754,1778158800000,818206.59
28755,1778162400000,825187.65
28756,1778166000000,818695.31
28757,1778169600000,829132.68
28758,1778173200000,830894.12
28759,1778176800000,829814.2
28760,1778180400000,823971.05
28761,1778184000000,827110.16
28762,1778187600000,824690.26
28763,1778191200000,825223.19
28764,1778194800000,837773.39
28765,1778198400000,836025.01
28766,1778202000000,840867.32
28767,1778205600000,848795.05
28768,1778209200000,852589.38
28769,1778212800000,847734.02
28770,1778216400000,843120.08
28771,1778220000000,825019.96
28772,1778223600000,824873.75
28773,1778227200000,823729.14
28774,1778230800000,818241.57
28775,1778234400000,820811.51
28776,1778238000000,820536.23
28777,1778241600000,835818.85
28778,1778245200000,837096.48
28779,1778248800000,833118.93
28780,1778252400000,825845.68
28781,1778256000000,826039.47
28782,1778259600000,833075.57
28783,1778263200000,829360.35
28784,1778266800000,837922.79
28785,1778270400000,831634.32
28786,1778274000000,820998.22
28787,1778277600000,817136.52
28788,1778281200000,817244.35
28789,1778284800000,817987.61
28790,1778288400000,817211.21
28791,1778292000000,817953.1
28792,1778295600000,818713.17
28793,1778299200000,817785.71
28794,1778302800000,815586.75
28795,1778306400000,818889.51
28796,1778310000000,826170.47
28797,1778313600000,831333.47
28798,1778317200000,829851.1
28799,1778320800000,827902.73
28800,1778324400000,828247.85
28801,1778328000000,828169.82
28802,1778331600000,825749.88
28803,1778335200000,824726.41
28804,1778338800000,817475.9
28805,1778342400000,814113.43
28806,1778346000000,818337.04
28807,1778349600000,819414.49
28808,1778353200000,813716.09
28809,1778356800000,811662.96
28810,1778360400000,809465.23
28811,1778364000000,808786.86
28812,1778367600000,809208.92
28813,1778371200000,806456.64
28814,1778374800000,799569.59
28815,1778378400000,788407.14
28816,1778382000000,783469.21
28817,1778385600000,789581.95
28818,1778389200000,788254.92
28819,1778392800000,789139.59
28820,1778396400000,786638.52
28821,1778400000000,783302.52
28822,1778403600000,781333.38
28823,1778407200000,779527.14
28824,1778410800000,777325.25
28825,1778414400000,774773.05
28826,1778418000000,775135.79
28827,1778421600000,775810.33
28828,1778425200000,777525.5
28829,1778428800000,768860.79
28830,1778432400000,776850.96
28831,1778436000000,766412.28
28832,1778439600000,765066.62
28833,1778443200000,772852.72
28834,1778446800000,747828.2
28835,1778450400000,750320.2
28836,1778454000000,757391.28
28837,1778457600000,760066.29
28838,1778461200000,735900.21
28839,1778464800000,741265.25
28840,1778468400000,750137.85
28841,1778472000000,755204.78
28842,1778475600000,756501.25
28843,1778479200000,756640.55
28844,1778482800000,752550.63
28845,1778486400000,756664.57
28846,1778490000000,757989.5
28847,1778493600000,758089.99
28848,1778497200000,757255.21
28849,1778500800000,757767.17
28850,1778504400000,760683.25
28851,1778508000000,777386.14
28852,1778511600000,773120.85
28853,1778515200000,768995.48
28854,1778518800000,765352.85
28855,1778522400000,759043.02
28856,1778526000000,757483.38
28857,1778529600000,756811.84
28858,1778533200000,753133.45
28859,1778536800000,753350.64
28860,1778540400000,755791.64
28861,1778544000000,757749.4
28862,1778547600000,755074.14
28863,1778551200000,756232.38
28864,1778554800000,758330.43
28865,1778558400000,757781.02
28866,1778562000000,760827.86
28867,1778565600000,764215.82
28868,1778569200000,768567.26
28869,1778572800000,780971.67
28870,1778576400000,791589.12
28871,1778580000000,797529.93
28872,1778583600000,800478.48
28873,1778587200000,803053.85
28874,1778590800000,812541.77
28875,1778594400000,812195.62
28876,1778598000000,814714.72
28877,1778601600000,831859.37
28878,1778605200000,832097.07
28879,1778608800000,836076.53
28880,1778612400000,827905.98
28881,1778616000000,820320.49
28882,1778619600000,817700.99
28883,1778623200000,818116.59
28884,1778626800000,817163.89
28885,1778630400000,816247.1
28886,1778634000000,814394.79
28887,1778637600000,809203.3
28888,1778641200000,801592.93
28889,1778644800000,803630.57
28890,1778648400000,798799.77
28891,1778652000000,797187.8
28892,1778655600000,803768.55
28893,1778659200000,803562.71
28894,1778662800000,794627.4
28895,1778666400000,786158.37
28896,1778670000000,781810.23
28897,1778673600000,786697.71
28898,1778677200000,806702.76
28899,1778680800000,829512.57
28900,1778684400000,839136.35
28901,1778688000000,881370.36
28902,1778691600000,896762.05
28903,1778695200000,876012.26
28904,1778698800000,870121.52
28905,1778702400000,882416.49
28906,1778706000000,884805.04
28907,1778709600000,882832.82
28908,1778713200000,884024.4
28909,1778716800000,884512.53
28910,1778720400000,886721.96
28911,1778724000000,886443.36
28912,1778727600000,880209.3
28913,1778731200000,887963.21
28914,1778734800000,885312.86
28915,1778738400000,876540.04
28916,1778742000000,871343.67
28917,1778745600000,867379.9
28918,1778749200000,868271.06
28919,1778752800000,865137.3
28920,1778756400000,860599.89
28921,1778760000000,857198.45
28922,1778763600000,850783.77
28923,1778767200000,856681.34
28924,1778770800000,824146.93
28925,1778774400000,811928.02
28926,1778778000000,792816.95
28927,1778781600000,776476.71
28928,1778785200000,788679.99
28929,1778788800000,802244.71
28930,1778792400000,801035.29
28931,1778796000000,783890.5
28932,1778799600000,783272.53
28933,1778803200000,784874.57
28934,1778806800000,781312.04
28935,1778810400000,776878.45
28936,1778814000000,791111.51
28937,1778817600000,796250.69
28938,1778821200000,804753.91
28939,1778824800000,818955.76
28940,1778828400000,820835.31
28941,1778832000000,808371.41
28942,1778835600000,802577.19
28943,1778839200000,815505.12
28944,1778842800000,799934.61
28945,1778846400000,806230.47
28946,1778850000000,816718.09
28947,1778853600000,827541.07
28948,1778857200000,847307.27
28949,1778860800000,851682.88
28950,1778864400000,854243.31
28951,1778868000000,853724.63
28952,1778871600000,852540.69
28953,1778875200000,849645.94
28954,1778878800000,849790.68
28955,1778882400000,847781.23
28956,1778886000000,844591.04
28957,1778889600000,843641.41
28958,1778893200000,840601.92
28959,1778896800000,840897.07
28960,1778900400000,838910.47
28961,1778904000000,838467.82
28962,1778907600000,837962.31
28963,1778911200000,839563.76
28964,1778914800000,843380.48
28965,1778918400000,851503.92
28966,1778922000000,854138.17
28967,1778925600000,850255.37
28968,1778929200000,850301.11
28969,1778932800000,843883.99
28970,1778936400000,845611.13
28971,1778940000000,846328.29
28972,1778943600000,841813.08
28973,1778947200000,841274.21
28974,1778950800000,848082.14
28975,1778954400000,847510.33
28976,1778958000000,845729.87
28977,1778961600000,846417.64
28978,1778965200000,843860.69
28979,1778968800000,843154.44
28980,1778972400000,842732.61
28981,1778976000000,841064.63
28982,1778979600000,837790.16
28983,1778983200000,840153.98
28984,1778986800000,839334.99
28985,1778990400000,843330.49
28986,1778994000000,838763.39
28987,1778997600000,831243.89
28988,1779001200000,829995.11
28989,1779004800000,828650.51
28990,1779008400000,827707.04
28991,1779012000000,823892.39
28992,1779015600000,817447.86
28993,1779019200000,817246.38
28994,1779022800000,818754.08
28995,1779026400000,816784.07
28996,1779030000000,815093.43
28997,1779033600000,812299.96
28998,1779037200000,814453.25
28999,1779040800000,814365.64
29000,1779044400000,814914.82
29001,1779048000000,814065.37
29002,1779051600000,816299.64
29003,1779055200000,818738.49
29004,1779058800000,822401.65
29005,1779062400000,801493.95
29006,1779066000000,806622.38
29007,1779069600000,808939.37
29008,1779073200000,809714.34
29009,1779076800000,805381.84
29010,1779080400000,816032.42
29011,1779084000000,814027.25
29012,1779087600000,809225.21
29013,1779091200000,808389.15
29014,1779094800000,813567.49
29015,1779098400000,816262.4
29016,1779102000000,826717.34
29017,1779105600000,808600.58
29018,1779109200000,783745.67
29019,1779112800000,793290.04
29020,1779116400000,799643.89
29021,1779120000000,814509.61
29022,1779123600000,819148.21
29023,1779127200000,808955.93
29024,1779130800000,803376.75
29025,1779134400000,785192.04
29026,1779138000000,778117.36
29027,1779141600000,766358.73
29028,1779145200000,786424.63
29029,1779148800000,785714.33
29030,1779152400000,777681.11
29031,1779156000000,778402.09
29032,1779159600000,803151.97
29033,1779163200000,796786.09
29034,1779166800000,801634.87
29035,1779170400000,788667.77
29036,1779174000000,796480.82
29037,1779177600000,789428.3
29038,1779181200000,799508.58
29039,1779184800000,800121.8
29040,1779188400000,800704.7
29041,1779192000000,806758.9
29042,1779195600000,806942.03
29043,1779199200000,812544.56
29044,1779202800000,795895.61
29045,1779206400000,794424.29
29046,1779210000000,789014.8
29047,1779213600000,774662.78
29048,1779217200000,771117.04
29049,1779220800000,784497.97
29050,1779224400000,784858.66
29051,1779228000000,781435.82
29052,1779231600000,791836.66
29053,1779235200000,789117.79
29054,1779238800000,788374.81
29055,1779242400000,788455.36
29056,1779246000000,789251.9
29057,1779249600000,791043.87
29058,1779253200000,804673.96
29059,1779256800000,784325.47
29060,1779260400000,783909.01
29061,1779264000000,786021.68
29062,1779267600000,786634.15
29063,1779271200000,785446.35
29064,1779274800000,795191.94
29065,1779278400000,795844.92
29066,1779282000000,778284.22
29067,1779285600000,779433.94
29068,1779289200000,785650.19
29069,1779292800000,776447.84
29070,1779296400000,771364.0
29071,1779300000000,775662.3
29072,1779303600000,768360.46
29073,1779307200000,769795.13
29074,1779310800000,768847.44
29075,1779314400000,765503.38
29076,1779318000000,764171.19
29077,1779321600000,763202.61
29078,1779325200000,762644.82
29079,1779328800000,763776.2
29080,1779332400000,761228.84
29081,1779336000000,762227.11
29082,1779339600000,762624.09
29083,1779343200000,762044.49
29084,1779346800000,762355.06
29085,1779350400000,765628.33
29086,1779354000000,768771.22
29087,1779357600000,765213.65
29088,1779361200000,774555.2
29089,1779364800000,780501.09
29090,1779368400000,779300.31
29091,1779372000000,780769.79
29092,1779375600000,771084.73
29093,1779379200000,759212.4
29094,1779382800000,755311.7
29095,1779386400000,762208.54
29096,1779390000000,768730.78
29097,1779393600000,764500.27
29098,1779397200000,763068.74
29099,1779400800000,762129.11
29100,1779404400000,758967.19
29101,1779408000000,757152.24
29102,1779411600000,756895.11
29103,1779415200000,752114.87
29104,1779418800000,757929.88
29105,1779422400000,758924.35
29106,1779426000000,760115.02
29107,1779429600000,754820.05
29108,1779433200000,766242.19
29109,1779436800000,768601.6
29110,1779440400000,774508.89
29111,1779444000000,772378.14
29112,1779447600000,772980.43
29113,1779451200000,775260.01
29114,1779454800000,774773.69
29115,1779458400000,783977.1
29116,1779462000000,781676.87
29117,1779465600000,782370.12
29118,1779469200000,791009.85
29119,1779472800000,790087.47
29120,1779476400000,785838.54
29121,1779480000000,794276.22
29122,1779483600000,798248.07
29123,1779487200000,795374.59
29124,1779490800000,802190.03
29125,1779494400000,796145.56
29126,1779498000000,809371.01
29127,1779501600000,808253.84
29128,1779505200000,807021.93
29129,1779508800000,809024.84
29130,1779512400000,809719.06
29131,1779516000000,811932.97
29132,1779519600000,814912.0
29133,1779523200000,823561.47
29134,1779526800000,817087.13
29135,1779530400000,828644.38
29136,1779534000000,831207.11
29137,1779537600000,834205.78
29138,1779541200000,834796.1
29139,1779544800000,818505.46
29140,1779548400000,803587.75
29141,1779552000000,810021.2
29142,1779555600000,807927.44
29143,1779559200000,814264.33
29144,1779562800000,788633.77
29145,1779566400000,774313.29
29146,1779570000000,745001.45
29147,1779573600000,736589.55
29148,1779577200000,727130.15
29149,1779580800000,725805.92
29150,1779584400000,724369.44
29151,1779588000000,729591.54
29152,1779591600000,733316.02
29153,1779595200000,735680.1
29154,1779598800000,736491.38
29155,1779602400000,737815.66
29156,1779606000000,740882.54
29157,1779609600000,742585.97
29158,1779613200000,743175.44
29159,1779616800000,745896.98
29160,1779620400000,748078.22
29161,1779624000000,752093.18
29162,1779627600000,750955.48
29163,1779631200000,755639.38
29164,1779634800000,775492.26
29165,1779638400000,776213.07
29166,1779642000000,760321.39
29167,1779645600000,764055.0
29168,1779649200000,766767.56
29169,1779652800000,768286.82
29170,1779656400000,771116.12
29171,1779660000000,768567.97
29172,1779663600000,773109.89
29173,1779667200000,774835.05
29174,1779670800000,776838.6
29175,1779674400000,779149.92
29176,1779678000000,776202.98
29177,1779681600000,776162.92
29178,1779685200000,762774.82
29179,1779688800000,774135.11
29180,1779692400000,776336.37
29181,1779696000000,777564.91
29182,1779699600000,778671.24
29183,1779703200000,775625.4
29184,1779706800000,776684.38
29185,1779710400000,774036.73
29186,1779714000000,777256.75
29187,1779717600000,778372.67
29188,1779721200000,778724.52
29189,1779724800000,780253.74
29190,1779728400000,788514.57
29191,1779732000000,788566.63
29192,1779735600000,789219.25
29193,1779739200000,784814.78
29194,1779742800000,784592.3
29195,1779746400000,782801.08
29196,1779750000000,778129.34
29197,1779753600000,774419.99
29198,1779757200000,773861.53
29199,1779760800000,771000.02
29200,1779764400000,778431.56
29201,1779768000000,762121.23
29202,1779771600000,771453.42
29203,1779775200000,764208.84
29204,1779778800000,763112.55
29205,1779782400000,763847.5
29206,1779786000000,762633.43
29207,1779789600000,767022.44
29208,1779793200000,765071.09
29209,1779796800000,776573.42
29210,1779800400000,790955.55
29211,1779804000000,793610.35
29212,1779807600000,798119.7
29213,1779811200000,796914.09
29214,1779814800000,816506.56
29215,1779818400000,802496.8
29216,1779822000000,803136.49
29217,1779825600000,806340.44
29218,1779829200000,807641.72
29219,1779832800000,809329.61
29220,1779836400000,810207.06
29221,1779840000000,810777.6
29222,1779843600000,814125.46
29223,1779847200000,817524.44
29224,1779850800000,818156.11
29225,1779854400000,817727.71
29226,1779858000000,821619.91
29227,1779861600000,829434.04
29228,1779865200000,828223.67
29229,1779868800000,831120.3
29230,1779872400000,823131.27
29231,1779876000000,821028.46
29232,1779879600000,822530.28
29233,1779883200000,821873.91
29234,1779886800000,821574.59
29235,1779890400000,848742.0
29236,1779894000000,859726.86
29237,1779897600000,854496.25
29238,1779901200000,861640.44
29239,1779904800000,868525.32
29240,1779908400000,871637.62
29241,1779912000000,872696.64
29242,1779915600000,857581.64
29243,1779919200000,864124.7
29244,1779922800000,878992.66
29245,1779926400000,890684.15
29246,1779930000000,892778.94
29247,1779933600000,892273.48
29248,1779937200000,896864.62
29249,1779940800000,890982.37
29250,1779944400000,890463.69
29251,1779948000000,906602.27
29252,1779951600000,905766.38
29253,1779955200000,918050.16
29254,1779958800000,922512.84
29255,1779962400000,921585.6
29256,1779966000000,917862.72
29257,1779969600000,918560.15
29258,1779973200000,908837.31
29259,1779976800000,905943.67
29260,1779980400000,897297.02
29261,1779984000000,892925.21
29262,1779987600000,857080.36
29263,1779991200000,833418.31
29264,1779994800000,823472.16
29265,1779998400000,821447.74
29266,1780002000000,825614.65
29267,1780005600000,821916.26
29268,1780009200000,840259.57
29269,1780012800000,831827.81
29270,1780016400000,823838.3
29271,1780020000000,830694.53
29272,1780023600000,829289.79
29273,1780027200000,831168.6
29274,1780030800000,836571.75
29275,1780034400000,840983.02
29276,1780038000000,840204.31
29277,1780041600000,842109.09
29278,1780045200000,847344.23
29279,1780048800000,845718.31
29280,1780052400000,843755.79
29281,1780056000000,842286.16
29282,1780059600000,844933.92
29283,1780063200000,839524.41
29284,1780066800000,844114.75
29285,1780070400000,851685.23
29286,1780074000000,843767.42
29287,1780077600000,847016.44
29288,1780081200000,834680.7
29289,1780084800000,836783.14
29290,1780088400000,836109.9
29291,1780092000000,824597.98
29292,1780095600000,832549.74
29293,1780099200000,827918.7
29294,1780102800000,827843.7
29295,1780106400000,830765.64
29296,1780110000000,829921.58
29297,1780113600000,831385.12
29298,1780117200000,834897.3
29299,1780120800000,833161.72
29300,1780124400000,826627.42
29301,1780128000000,825789.76
29302,1780131600000,826052.04
29303,1780135200000,827772.22
29304,1780138800000,828170.3
29305,1780142400000,828367.44
29306,1780146000000,828435.82
29307,1780149600000,826973.87
29308,1780153200000,826744.4
29309,1780156800000,827117.9
29310,1780160400000,828688.16
29311,1780164000000,831365.58
29312,1780167600000,834935.7
29313,1780171200000,843584.59
29314,1780174800000,853932.46
29315,1780178400000,854049.25
29316,1780182000000,850734.76
29317,1780185600000,854839.12
29318,1780189200000,857402.38
29319,1780192800000,861862.35
29320,1780196400000,865284.88
29321,1780200000000,863744.19
29322,1780203600000,865323.62
29323,1780207200000,869452.28
29324,1780210800000,873860.51
29325,1780214400000,873794.53
29326,1780218000000,876516.02
29327,1780221600000,873163.07
29328,1780225200000,875748.92
29329,1780228800000,874818.5
29330,1780232400000,872935.64
29331,1780236000000,873250.08
29332,1780239600000,870110.13
29333,1780243200000,870032.72
29334,1780246800000,854421.82
29335,1780250400000,852413.45
29336,1780254000000,858882.66
29337,1780257600000,865872.68
29338,1780261200000,856210.38
29339,1780264800000,853258.9
29340,1780268400000,852369.22
29341,1780272000000,847534.59
29342,1780275600000,845937.12
29343,1780279200000,848945.11
29344,1780282800000,835634.94
29345,1780286400000,834723.71
29346,1780290000000,832584.92
29347,1780293600000,834475.96
29348,1780297200000,832062.17
29349,1780300800000,829758.23
29350,1780304400000,839887.96
29351,1780308000000,838115.28
29352,1780311600000,837679.29
29353,1780315200000,845391.04
29354,1780318800000,845395.78
29355,1780322400000,832544.95
29356,1780326000000,836059.59
29357,1780329600000,836340.32
29358,1780333200000,848964.52
29359,1780336800000,851461.98
29360,1780340400000,849092.96
29361,1780344000000,828760.38
29362,1780347600000,823360.72
29363,1780351200000,817239.64
29364,1780354800000,827776.68
29365,1780358400000,832663.56
29366,1780362000000,829236.63
29367,1780365600000,824589.82
29368,1780369200000,821793.52
29369,1780372800000,822487.51
29370,1780376400000,814457.41
29371,1780380000000,824741.64
29372,1780383600000,820817.01
29373,1780387200000,821200.72
29374,1780390800000,824626.07
29375,1780394400000,836386.68
29376,1780398000000,832519.08
29377,1780401600000,832917.83
29378,1780405200000,831528.5
29379,1780408800000,819063.34
29380,1780412400000,829462.11
29381,1780416000000,864757.48
29382,1780419600000,867674.83
29383,1780423200000,874999.54
29384,1780426800000,878605.54
29385,1780430400000,892075.24
29386,1780434000000,884296.96
29387,1780437600000,885811.52
29388,1780441200000,870643.45
29389,1780444800000,857673.93
29390,1780448400000,854690.09
29391,1780452000000,849271.61
29392,1780455600000,859892.3
29393,1780459200000,865817.26
29394,1780462800000,855090.3
29395,1780466400000,825396.53
29396,1780470000000,820332.04
29397,1780473600000,817250.66
29398,1780477200000,811747.28
29399,1780480800000,809922.05
29400,1780484400000,806388.39
29401,1780488000000,787542.68
29402,1780491600000,801712.97
29403,1780495200000,802214.55
29404,1780498800000,799962.0
29405,1780502400000,792157.72
29406,1780506000000,814313.78
29407,1780509600000,814376.19
29408,1780513200000,816943.39
29409,1780516800000,826876.21
29410,1780520400000,811535.56
29411,1780524000000,845167.11
29412,1780527600000,831931.79
29413,1780531200000,825726.74
29414,1780534800000,812515.1
29415,1780538400000,811307.95
29416,1780542000000,818375.88
29417,1780545600000,802857.1
29418,1780549200000,814776.96
29419,1780552800000,840261.13
29420,1780556400000,830496.54
29421,1780560000000,837284.53
29422,1780563600000,839279.87
29423,1780567200000,843544.9
29424,1780570800000,867084.63
29425,1780574400000,868652.99
29426,1780578000000,866215.72
29427,1780581600000,866899.08
29428,1780585200000,872979.37
29429,1780588800000,860466.11
29430,1780592400000,851113.31
29431,1780596000000,852066.99
29432,1780599600000,867685.9
29433,1780603200000,862498.62
29434,1780606800000,874371.89
29435,1780610400000,876130.73
29436,1780614000000,876298.25
29437,1780617600000,875051.21
29438,1780621200000,875866.22
29439,1780624800000,886097.39
29440,1780628400000,882179.83
29441,1780632000000,889531.47
29442,1780635600000,898442.66
29443,1780639200000,897580.5
29444,1780642800000,899693.78
29445,1780646400000,883448.13
29446,1780650000000,884580.21
29447,1780653600000,877015.35
29448,1780657200000,874872.66
29449,1780660800000,876367.47
29450,1780664400000,880498.06
29451,1780668000000,857160.85
29452,1780671600000,867503.13
29453,1780675200000,882739.72
29454,1780678800000,875468.79
29455,1780682400000,878857.44
29456,1780686000000,873064.6
29457,1780689600000,862622.87
29458,1780693200000,851270.23
29459,1780696800000,854379.25
29460,1780700400000,834582.41
29461,1780704000000,817414.39
29462,1780707600000,836797.12
29463,1780711200000,831413.74
29464,1780714800000,829135.14
29465,1780718400000,834478.04
29466,1780722000000,863399.31
29467,1780725600000,840024.52
29468,1780729200000,847448.76
29469,1780732800000,850984.29
29470,1780736400000,847654.38
29471,1780740000000,832598.34
29472,1780743600000,857382.57
29473,1780747200000,853860.05
29474,1780750800000,868696.74
29475,1780754400000,877638.05
29476,1780758000000,878095.66
29477,1780761600000,858062.08
29478,1780765200000,878305.22
29479,1780768800000,856710.98
29480,1780772400000,876187.5
29481,1780776000000,879109.6
29482,1780779600000,867235.06
29483,1780783200000,870074.85
29484,1780786800000,860664.08
29485,1780790400000,847030.01
29486,1780794000000,843117.73
29487,1780797600000,840249.65
29488,1780801200000,847317.87
29489,1780804800000,863271.2
29490,1780808400000,867654.85
29491,1780812000000,867243.28
29492,1780815600000,869305.95
29493,1780819200000,870904.88
29494,1780822800000,868887.45
29495,1780826400000,862995.76
29496,1780830000000,863755.57
29497,1780833600000,866592.17
29498,1780837200000,875133.85
29499,1780840800000,888543.62
29500,1780844400000,893544.29
29501,1780848000000,893919.48
29502,1780851600000,892384.98
29503,1780855200000,893997.7
29504,1780858800000,891123.11
29505,1780862400000,895135.95
29506,1780866000000,892000.49
29507,1780869600000,900752.91
29508,1780873200000,893864.46
29509,1780876800000,890934.74
29510,1780880400000,880134.32
29511,1780884000000,918030.47
29512,1780887600000,924625.79
29513,1780891200000,928828.82
29514,1780894800000,941369.38
29515,1780898400000,938449.66
29516,1780902000000,910127.43
29517,1780905600000,912981.73
29518,1780909200000,907777.43
29519,1780912800000,916546.99
29520,1780916400000,891599.14
29521,1780920000000,871723.38
29522,1780923600000,877024.9
29523,1780927200000,872803.58
29524,1780930800000,872325.34
29525,1780934400000,863955.11
29526,1780938000000,898214.98
29527,1780941600000,886721.67
29528,1780945200000,880763.97
29529,1780948800000,874039.75
29530,1780952400000,902682.66
29531,1780956000000,873044.27
29532,1780959600000,877033.13
29533,1780963200000,908906.07
29534,1780966800000,917048.27
29535,1780970400000,906916.44
29536,1780974000000,906192.14
29537,1780977600000,909697.04
29538,1780981200000,913622.35
29539,1780984800000,909606.49
29540,1780988400000,912452.09
29541,1780992000000,892474.23
29542,1780995600000,905389.94
29543,1780999200000,925358.4
29544,1781002800000,909765.0
29545,1781006400000,915643.89
29546,1781010000000,895991.86
29547,1781013600000,897217.65
29548,1781017200000,914242.38
29549,1781020800000,918927.81
29550,1781024400000,907189.8
29551,1781028000000,889716.39
29552,1781031600000,900269.99
29553,1781035200000,896503.9
29554,1781038800000,886176.6
29555,1781042400000,886146.1
29556,1781046000000,909751.58
29557,1781049600000,912814.11
29558,1781053200000,910754.97
29559,1781056800000,910765.89
29560,1781060400000,909440.66
29561,1781064000000,913673.35
29562,1781067600000,912830.01
29563,1781071200000,911120.03
29564,1781074800000,912948.67
29565,1781078400000,910022.48
29566,1781082000000,912877.35
29567,1781085600000,907377.98
29568,1781089200000,908651.63
29569,1781092800000,910977.51
29570,1781096400000,906303.52
29571,1781100000000,880991.6
29572,1781103600000,878825.85
29573,1781107200000,878941.71
29574,1781110800000,878158.1
29575,1781114400000,914971.86
29576,1781118000000,906888.32
29577,1781121600000,901875.05
29578,1781125200000,910127.45
29579,1781128800000,915969.86
29580,1781132400000,909664.78
29581,1781136000000,905156.94
29582,1781139600000,885777.16
29583,1781143200000,874357.77
29584,1781146800000,864536.79
29585,1781150400000,866970.2
29586,1781154000000,866844.94
29587,1781157600000,863476.3
29588,1781161200000,874478.36
29589,1781164800000,877439.38
29590,1781168400000,879266.66
29591,1781172000000,878021.87
29592,1781175600000,876237.16
29593,1781179200000,862740.74
29594,1781182800000,861751.22
29595,1781186400000,858985.63
29596,1781190000000,861838.48
29597,1781193600000,859381.56
29598,1781197200000,857925.37
29599,1781200800000,866672.8
29600,1781204400000,869069.43
29601,1781208000000,855554.61
29602,1781211600000,856018.82
29603,1781215200000,856270.39
29604,1781218800000,857968.14
29605,1781222400000,860475.52
29606,1781226000000,858329.82
29607,1781229600000,852748.31
29608,1781233200000,854683.48
29609,1781236800000,857064.17
29610,1781240400000,860908.78
29611,1781244000000,841684.11
29612,1781247600000,838237.77
29613,1781251200000,838593.9
29614,1781254800000,838789.53
29615,1781258400000,847063.71
29616,1781262000000,849201.11
29617,1781265600000,851216.08
29618,1781269200000,846393.56
29619,1781272800000,844487.19
29620,1781276400000,856935.46
29621,1781280000000,851772.71
29622,1781283600000,840347.44
29623,1781287200000,833636.57
29624,1781290800000,825542.16
29625,1781294400000,821746.92
29626,1781298000000,815783.76
29627,1781301600000,813844.2
29628,1781305200000,816810.09
29629,1781308800000,816352.12
29630,1781312400000,817377.6
29631,1781316000000,822986.11
29632,1781319600000,816568.04
29633,1781323200000,813409.53
29634,1781326800000,812231.73
29635,1781330400000,813937.63
29636,1781334000000,813700.1
29637,1781337600000,804050.72
29638,1781341200000,824229.26
29639,1781344800000,821529.05
29640,1781348400000,822202.7
29641,1781352000000,825366.08
29642,1781355600000,825975.31
29643,1781359200000,827716.96
29644,1781362800000,830234.88
29645,1781366400000,828512.28
29646,1781370000000,822233.04
29647,1781373600000,818110.93
29648,1781377200000,812101.49
29649,1781380800000,810672.01
29650,1781384400000,808327.76
29651,1781388000000,800215.54
29652,1781391600000,797689.54
29653,1781395200000,796875.85
29654,1781398800000,798745.95
29655,1781402400000,799477.15
29656,1781406000000,798807.44
29657,1781409600000,797703.13
29658,1781413200000,798298.51
29659,1781416800000,797896.48
29660,1781420400000,796638.97
29661,1781424000000,795466.32
29662,1781427600000,797407.06
29663,1781431200000,795486.01
29664,1781434800000,795140.88
29665,1781438400000,799501.2
29666,1781442000000,799269.94
29667,1781445600000,808091.97
29668,1781449200000,795790.97
29669,1781452800000,795441.26
29670,1781456400000,790910.98
29671,1781460000000,789621.25
29672,1781463600000,791566.15
29673,1781467200000,791927.02
29674,1781470800000,790013.38
29675,1781474400000,776569.87
29676,1781478000000,775179.93
29677,1781481600000,781197.6
29678,1781485200000,785180.23
29679,1781488800000,790834.59
29680,1781492400000,793159.58
29681,1781496000000,792031.69
29682,1781499600000,792354.92
29683,1781503200000,794750.88
29684,1781506800000,794258.2
29685,1781510400000,791293.16
29686,1781514000000,790445.83
29687,1781517600000,791985.07
29688,1781521200000,777084.88
29689,1781524800000,780929.95
29690,1781528400000,786115.2
29691,1781532000000,825272.1
29692,1781535600000,846934.46
29693,1781539200000,826794.3
29694,1781542800000,825305.7
29695,1781546400000,822230.33
29696,1781550000000,817496.42
29697,1781553600000,797244.86
29698,1781557200000,800555.64
29699,1781560800000,792415.57
29700,1781564400000,772409.53
29701,1781568000000,769898.99
29702,1781571600000,764298.5
29703,1781575200000,763811.72
29704,1781578800000,765479.51
29705,1781582400000,752989.28
29706,1781586000000,759881.14
29707,1781589600000,769524.31
29708,1781593200000,763218.22
29709,1781596800000,771736.2
29710,1781600400000,761083.02
29711,1781604000000,758785.58
29712,1781607600000,760893.15
29713,1781611200000,761956.52
29714,1781614800000,759995.98
29715,1781618400000,756808.94
29716,1781622000000,743848.16
29717,1781625600000,742276.91
29718,1781629200000,743779.96
29719,1781632800000,753556.13
29720,1781636400000,752285.49
29721,1781640000000,744397.91
29722,1781643600000,747920.39
29723,1781647200000,749083.23
29724,1781650800000,748781.38
29725,1781654400000,748580.64
29726,1781658000000,748840.68
29727,1781661600000,745002.74
29728,1781665200000,743855.84
29729,1781668800000,740433.24
29730,1781672400000,741832.85
29731,1781676000000,741300.04
29732,1781679600000,740305.03
29733,1781683200000,740527.24
29734,1781686800000,723993.26
29735,1781690400000,726872.84
29736,1781694000000,727047.21
29737,1781697600000,725334.24
29738,1781701200000,718502.35
29739,1781704800000,719924.86
29740,1781708400000,718761.6
29741,1781712000000,721230.22
29742,1781715600000,716282.8
29743,1781719200000,702046.78
29744,1781722800000,718732.94
29745,1781726400000,702426.18
29746,1781730000000,707011.05
29747,1781733600000,705573.8
29748,1781737200000,701317.22
29749,1781740800000,704531.36
29750,1781744400000,702973.12
29751,1781748000000,700307.44999999
29752,1781751600000,701908.96
29753,1781755200000,730243.65
29754,1781758800000,736567.12
29755,1781762400000,747183.12
29756,1781766000000,753733.98
29757,1781769600000,750553.78
29758,1781773200000,733507.47
29759,1781776800000,732762.31
29760,1781780400000,736406.07
29761,1781784000000,740402.5
29762,1781787600000,743520.58
29763,1781791200000,740695.22
29764,1781794800000,747961.84
29765,1781798400000,760067.5
29766,1781802000000,769612.92
29767,1781805600000,763588.1
29768,1781809200000,746576.63
29769,1781812800000,739968.06
29770,1781816400000,732533.34
29771,1781820000000,726899.22
29772,1781823600000,728250.52
29773,1781827200000,725030.46
29774,1781830800000,722309.55
29775,1781834400000,722385.67
29776,1781838000000,723001.6
29777,1781841600000,707952.86
29778,1781845200000,699578.6
29779,1781848800000,702448.26
29780,1781852400000,706529.14
29781,1781856000000,706756.32
29782,1781859600000,708416.96
29783,1781863200000,715473.48
29784,1781866800000,719894.14
29785,1781870400000,720050.28
29786,1781874000000,736108.28
29787,1781877600000,725608.76
29788,1781881200000,719991.96
29789,1781884800000,723637.8
29790,1781888400000,719780.98
29791,1781892000000,720444.41
29792,1781895600000,719732.64
29793,1781899200000,721129.88
29794,1781902800000,720475.1
29795,1781906400000,720523.2
29796,1781910000000,717769.78
29797,1781913600000,717423.09
29798,1781917200000,719670.99
29799,1781920800000,720905.9
29800,1781924400000,724194.71
29801,1781928000000,724814.28
29802,1781931600000,726726.72
29803,1781935200000,719085.36
29804,1781938800000,720416.75
29805,1781942400000,718884.92
29806,1781946000000,718371.29
29807,1781949600000,715095.85
29808,1781953200000,716894.71
29809,1781956800000,713051.04
29810,1781960400000,710689.38
29811,1781964000000,709189.51
29812,1781967600000,691637.04
29813,1781971200000,694715.3
29814,1781974800000,697197.14
29815,1781978400000,697302.86
29816,1781982000000,706213.74
29817,1781985600000,706494.1
29818,1781989200000,705877.21
29819,1781992800000,707186.97
29820,1781996400000,719796.66
29821,1782000000000,723378.21
29822,1782003600000,721288.48
29823,1782007200000,723822.0
29824,1782010800000,722795.39
29825,1782014400000,723282.9
29826,1782018000000,719894.78
29827,1782021600000,719776.27
29828,1782025200000,720434.19
29829,1782028800000,724752.77
29830,1782032400000,721105.54
29831,1782036000000,721767.3
29832,1782039600000,721538.95
29833,1782043200000,715693.98
29834,1782046800000,725564.68
29835,1782050400000,733336.97
29836,1782054000000,739483.71
29837,1782057600000,736638.28
29838,1782061200000,737962.63
29839,1782064800000,734554.86
29840,1782068400000,735208.82
29841,1782072000000,736533.9
29842,1782075600000,727949.7
29843,1782079200000,717599.75
29844,1782082800000,718990.97
29845,1782086400000,724800.91
29846,1782090000000,700676.87
29847,1782093600000,682994.18
29848,1782097200000,682247.09
29849,1782100800000,707040.48
29850,1782104400000,713326.04
29851,1782108000000,710504.98
29852,1782111600000,710254.16
29853,1782115200000,708575.99
29854,1782118800000,712374.4
29855,1782122400000,716280.09
29856,1782126000000,718280.24
29857,1782129600000,708551.1
29858,1782133200000,708759.25
29859,1782136800000,719064.85
29860,1782140400000,696882.64
29861,1782144000000,690718.29
29862,1782147600000,683903.8
29863,1782151200000,696589.79
29864,1782154800000,661638.36
29865,1782158400000,689086.66
29866,1782162000000,680667.22
29867,1782165600000,677466.69999999
29868,1782169200000,678393.93999999
29869,1782172800000,682961.72
29870,1782176400000,674863.14
29871,1782180000000,678375.05
29872,1782183600000,673909.27
29873,1782187200000,675091.56
29874,1782190800000,675908.92
29875,1782194400000,721279.4
29876,1782198000000,719710.66
29877,1782201600000,714369.69
29878,1782205200000,703599.94999999
29879,1782208800000,705180.01
29880,1782212400000,711789.24
29881,1782216000000,716069.75
29882,1782219600000,712550.27
29883,1782223200000,715811.73
29884,1782226800000,724138.06
29885,1782230400000,728567.05
29886,1782234000000,729312.8
29887,1782237600000,729647.47
29888,1782241200000,720811.83
29889,1782244800000,722841.34
29890,1782248400000,719294.26
29891,1782252000000,722362.18
29892,1782255600000,726862.71
29893,1782259200000,725659.71
29894,1782262800000,730697.82
29895,1782266400000,714788.87
29896,1782270000000,715611.61
29897,1782273600000,714054.65
29898,1782277200000,719790.48
29899,1782280800000,721058.42
29900,1782284400000,721767.4
29901,1782288000000,719299.23
29902,1782291600000,719768.61
29903,1782295200000,720080.69
29904,1782298800000,720934.24
29905,1782302400000,696680.41
29906,1782306000000,701950.0
29907,1782309600000,698158.68
29908,1782313200000,697335.06999999
29909,1782316800000,694981.23
29910,1782320400000,710134.12
29911,1782324000000,702956.52
29912,1782327600000,686392.68999999
29913,1782331200000,685949.84
29914,1782334800000,679748.71
29915,1782338400000,680733.26
29916,1782342000000,678192.9
29917,1782345600000,670290.16
29918,1782349200000,671857.65
29919,1782352800000,677980.22
29920,1782356400000,678052.19999999
29921,1782360000000,683621.07999999
29922,1782363600000,685004.78
29923,1782367200000,679310.24
29924,1782370800000,679735.55
29925,1782374400000,677712.43999999
29926,1782378000000,673441.27
29927,1782381600000,675502.86
29928,1782385200000,672768.21
29929,1782388800000,691074.22
29930,1782392400000,687870.34
29931,1782396000000,682954.0
29932,1782399600000,697890.42
29933,1782403200000,700664.12
29934,1782406800000,697974.81999999
29935,1782410400000,700639.38
29936,1782414000000,698964.17
29937,1782417600000,700940.76
29938,1782421200000,702574.18
29939,1782424800000,690135.9
29940,1782428400000,697581.43
29941,1782432000000,698541.96
29942,1782435600000,698012.41
29943,1782439200000,697280.19999999
29944,1782442800000,690883.4
29945,1782446400000,672247.06
29946,1782450000000,681343.17
29947,1782453600000,682651.11
29948,1782457200000,689700.97
29949,1782460800000,694176.41
29950,1782464400000,700678.63
29951,1782468000000,703144.34
29952,1782471600000,700596.47
29953,1782475200000,695767.39
29954,1782478800000,695329.03
29955,1782482400000,690350.6
29956,1782486000000,687552.18999999
29957,1782489600000,717659.09
29958,1782493200000,726164.01
29959,1782496800000,716989.76
29960,1782500400000,721600.1
29961,1782504000000,718468.15
29962,1782507600000,723132.12
29963,1782511200000,720253.4
29964,1782514800000,720286.56
29965,1782518400000,720309.22
29966,1782522000000,721735.08
29967,1782525600000,722431.8
29968,1782529200000,722536.3
29969,1782532800000,723073.5
29970,1782536400000,725820.93
29971,1782540000000,724147.72
29972,1782543600000,723868.95
29973,1782547200000,726473.56
29974,1782550800000,727043.68
29975,1782554400000,724282.33
29976,1782558000000,727289.63
29977,1782561600000,726715.88
29978,1782565200000,730555.0
29979,1782568800000,733909.24
29980,1782572400000,734818.93
29981,1782576000000,730848.76
29982,1782579600000,730984.68
29983,1782583200000,722853.35
29984,1782586800000,728442.59
29985,1782590400000,715096.39
29986,1782594000000,714113.52
29987,1782597600000,713502.1
29988,1782601200000,701553.99
29989,1782604800000,705588.12
29990,1782608400000,704191.93
29991,1782612000000,704559.96
29992,1782615600000,704425.13
29993,1782619200000,704932.19
29994,1782622800000,711320.11
29995,1782626400000,711561.41
29996,1782630000000,712136.71
29997,1782633600000,696929.03
29998,1782637200000,694590.56999999
29999,1782640800000,695894.55
30000,1782644400000,693099.09
30001,1782648000000,698510.52
30002,1782651600000,698014.43999999
30003,1782655200000,698518.06
30004,1782658800000,700473.78
30005,1782662400000,699727.23
30006,1782666000000,727237.51
30007,1782669600000,726953.16
30008,1782673200000,727706.25
30009,1782676800000,725302.43
30010,1782680400000,723801.17
30011,1782684000000,723161.06
30012,1782687600000,720451.32
30013,1782691200000,705979.83
30014,1782694800000,730594.66
30015,1782698400000,730044.49
30016,1782702000000,714265.42
30017,1782705600000,715417.39
30018,1782709200000,712110.01
30019,1782712800000,720378.29
30020,1782716400000,718188.88
30021,1782720000000,720064.37
30022,1782723600000,715840.33
30023,1782727200000,713508.16
30024,1782730800000,721399.43
30025,1782734400000,711331.6
30026,1782738000000,708022.59
30027,1782741600000,707607.24
30028,1782745200000,710147.89
30029,1782748800000,717912.94
30030,1782752400000,718463.93
30031,1782756000000,720297.06
30032,1782759600000,717590.38
30033,1782763200000,716617.55
30034,1782766800000,715083.02
30035,1782770400000,716683.52
30036,1782774000000,714751.77
30037,1782777600000,711932.01
30038,1782781200000,696280.52
30039,1782784800000,693539.51
30040,1782788400000,689111.39
30041,1782792000000,689661.74
30042,1782795600000,707034.81
30043,1782799200000,707776.66
30044,1782802800000,711936.4
30045,1782806400000,714524.22
30046,1782810000000,716250.68
30047,1782813600000,718299.63
30048,1782817200000,721703.24
30049,1782820800000,722824.11
30050,1782824400000,699710.14
30051,1782828000000,709290.97
30052,1782831600000,702380.1
30053,1782835200000,718882.28
30054,1782838800000,720367.6
30055,1782842400000,715761.18
30056,1782846000000,710960.99
30057,1782849600000,715515.78
30058,1782853200000,712101.49
30059,1782856800000,706483.5
30060,1782860400000,704328.73
30061,1782864000000,704822.21
30062,1782867600000,708301.78
30063,1782871200000,705147.56
30064,1782874800000,706069.84
30065,1782878400000,689097.63
30066,1782882000000,682088.02
30067,1782885600000,685746.73
30068,1782889200000,656888.16
30069,1782892800000,657858.25
30070,1782896400000,658941.03
30071,1782900000000,670033.43
30072,1782903600000,674994.34
30073,1782907200000,672630.56999999
30074,1782910800000,674783.68
30075,1782914400000,689298.87
30076,1782918000000,705471.6
30077,1782921600000,721924.72
30078,1782925200000,718033.01
30079,1782928800000,736374.02
30080,1782932400000,735282.54
30081,1782936000000,725721.7
30082,1782939600000,718464.06
30083,1782943200000,721966.47
30084,1782946800000,716077.31
30085,1782950400000,700280.13
30086,1782954000000,679376.04
30087,1782957600000,669589.04
30088,1782961200000,672286.31
30089,1782964800000,677070.87
30090,1782968400000,682103.21
30091,1782972000000,686466.18999999
30092,1782975600000,677121.81999999
30093,1782979200000,674385.94999999
30094,1782982800000,676079.63
30095,1782986400000,690246.88
30096,1782990000000,692418.37
30097,1782993600000,694010.13
30098,1782997200000,694694.61
30099,1783000800000,725601.24
30100,1783004400000,730946.97
30101,1783008000000,734858.44
30102,1783011600000,753907.53
30103,1783015200000,750762.17
30104,1783018800000,751633.54
30105,1783022400000,745457.62
30106,1783026000000,750136.78
30107,1783029600000,747571.42
30108,1783033200000,745885.75
30109,1783036800000,745813.78
30110,1783040400000,746560.66
30111,1783044000000,730566.25
30112,1783047600000,730403.53
30113,1783051200000,724000.9
30114,1783054800000,723777.41
30115,1783058400000,725948.1
30116,1783062000000,725767.59
30117,1783065600000,729422.0
30118,1783069200000,726040.83
30119,1783072800000,730170.7
30120,1783076400000,739535.56
30121,1783080000000,751552.74
30122,1783083600000,751906.05
30123,1783087200000,754830.14
30124,1783090800000,743302.42
30125,1783094400000,749860.53
30126,1783098000000,748767.18
30127,1783101600000,741781.45
30128,1783105200000,741916.91
30129,1783108800000,747914.14
30130,1783112400000,731221.63
30131,1783116000000,726090.99
30132,1783119600000,724735.09
30133,1783123200000,725037.18
30134,1783126800000,728396.56
30135,1783130400000,725598.46
30136,1783134000000,724875.26
30137,1783137600000,726338.18
30138,1783141200000,728227.68
30139,1783144800000,729221.95
30140,1783148400000,728745.58
30141,1783152000000,729331.52
30142,1783155600000,729675.94
30143,1783159200000,729248.85
30144,1783162800000,730457.7
30145,1783166400000,730466.97
30146,1783170000000,730284.41
30147,1783173600000,726741.45
30148,1783177200000,732973.56
30149,1783180800000,738362.2
30150,1783184400000,734978.58
30151,1783188000000,724966.53
30152,1783191600000,721568.98
30153,1783195200000,719897.01
30154,1783198800000,717560.24
30155,1783202400000,719249.92
30156,1783206000000,717389.86
30157,1783209600000,711053.64
30158,1783213200000,706970.38
30159,1783216800000,721033.4
30160,1783220400000,717194.98
30161,1783224000000,715927.84
30162,1783227600000,711773.3
30163,1783231200000,712028.38
30164,1783234800000,710809.35
30165,1783238400000,709671.54
30166,1783242000000,706989.63
30167,1783245600000,694901.07999999
30168,1783249200000,697647.29
30169,1783252800000,699090.42
30170,1783256400000,702373.63
30171,1783260000000,703703.98
30172,1783263600000,708316.6
30173,1783267200000,707209.19
30174,1783270800000,709381.28
30175,1783274400000,711197.88
30176,1783278000000,711044.04
30177,1783281600000,709602.09
30178,1783285200000,708747.87
30179,1783288800000,711227.4
30180,1783292400000,720486.53
30181,1783296000000,722690.73
30182,1783299600000,732968.12
30183,1783303200000,735675.33
30184,1783306800000,733842.36
30185,1783310400000,733020.63
30186,1783314000000,733637.52
30187,1783317600000,728626.79
30188,1783321200000,730611.83
30189,1783324800000,731717.32
30190,1783328400000,726873.95
30191,1783332000000,719274.05
30192,1783335600000,709658.74
30193,1783339200000,714079.98
30194,1783342800000,707830.42
30195,1783346400000,697539.59
30196,1783350000000,686187.04
30197,1783353600000,711695.79
30198,1783357200000,721551.99
30199,1783360800000,724244.47
30200,1783364400000,725007.48
30201,1783368000000,725162.4
30202,1783371600000,725249.0
30203,1783375200000,726691.33
30204,1783378800000,727413.49
30205,1783382400000,723445.57
30206,1783386000000,719832.42
30207,1783389600000,714982.67
30208,1783393200000,703190.74
30209,1783396800000,697266.81
30210,1783400400000,690268.42
30211,1783404000000,686096.51
30212,1783407600000,690050.65
30213,1783411200000,690551.31999999
30214,1783414800000,691840.77
30215,1783418400000,693203.25
30216,1783422000000,692220.92
30217,1783425600000,691950.16
30218,1783429200000,690340.8
30219,1783432800000,690890.68
30220,1783436400000,690382.3
30221,1783440000000,686739.84
30222,1783443600000,691396.5
30223,1783447200000,694044.4
30224,1783450800000,691320.68999999
30225,1783454400000,692890.24
30226,1783458000000,690642.6
30227,1783461600000,691369.67
30228,1783465200000,691713.85
30229,1783468800000,709677.38
30230,1783472400000,692613.77
30231,1783476000000,701999.67
30232,1783479600000,699410.53
30233,1783483200000,714437.61
30234,1783486800000,710333.3
30235,1783490400000,711969.6
30236,1783494000000,715106.05
30237,1783497600000,705404.48
30238,1783501200000,738821.12
30239,1783504800000,735710.95
30240,1783508400000,743303.58
30241,1783512000000,750128.02
30242,1783515600000,726313.46
30243,1783519200000,717292.41
30244,1783522800000,716769.85
30245,1783526400000,715399.92
30246,1783530000000,708542.33
30247,1783533600000,701348.59
30248,1783537200000,696542.05
30249,1783540800000,695566.02
30250,1783544400000,696799.26
30251,1783548000000,691658.51
30252,1783551600000,690692.89
30253,1783555200000,689047.43
30254,1783558800000,689604.26
30255,1783562400000,688782.56
30256,1783566000000,691618.48
30257,1783569600000,695936.94999999
30258,1783573200000,691486.46
30259,1783576800000,690524.68999999
30260,1783580400000,695938.35
30261,1783584000000,689975.86
30262,1783587600000,691501.3
30263,1783591200000,689153.25
30264,1783594800000,686555.43999999
30265,1783598400000,686968.61
30266,1783602000000,686153.03
30267,1783605600000,690746.62
30268,1783609200000,696840.27
30269,1783612800000,699084.94999999
30270,1783616400000,699232.8
30271,1783620000000,701917.19999999
30272,1783623600000,710627.79
30273,1783627200000,705627.58
30274,1783630800000,702088.32999999
30275,1783634400000,701241.35
30276,1783638000000,700444.55
30277,1783641600000,698390.5
30278,1783645200000,698082.81999999
30279,1783648800000,695805.72
30280,1783652400000,698012.18999999
30281,1783656000000,693593.16
30282,1783659600000,690649.26
30283,1783663200000,690488.21
30284,1783666800000,694710.75
30285,1783670400000,702602.75
30286,1783674000000,708281.82
30287,1783677600000,716973.64
30288,1783681200000,718067.93
30289,1783684800000,723413.04
30290,1783688400000,719467.83
30291,1783692000000,724788.72
30292,1783695600000,736280.76
30293,1783699200000,736416.11
30294,1783702800000,734423.98
30295,1783706400000,745727.63
30296,1783710000000,741302.51
30297,1783713600000,731493.39
30298,1783717200000,730637.02
30299,1783720800000,724306.55
30300,1783724400000,726412.65
30301,1783728000000,730804.56
30302,1783731600000,729167.93
30303,1783735200000,724857.87
30304,1783738800000,721394.21
30305,1783742400000,726136.37
30306,1783746000000,731954.67
30307,1783749600000,732524.88
30308,1783753200000,739996.03
30309,1783756800000,738759.75
30310,1783760400000,740522.41
30311,1783764000000,740074.9
30312,1783767600000,740765.58
30313,1783771200000,742939.41
30314,1783774800000,742653.1
30315,1783778400000,747463.41
30316,1783782000000,746080.86
30317,1783785600000,761718.33
30318,1783789200000,772064.43
30319,1783792800000,775205.57
30320,1783796400000,777510.55
30321,1783800000000,773642.51
30322,1783803600000,773459.12
30323,1783807200000,774773.55
30324,1783810800000,761998.53
30325,1783814400000,730920.09
30326,1783818000000,719131.88
30327,1783821600000,739581.61
30328,1783825200000,738101.45
30329,1783828800000,738724.9
30330,1783832400000,738716.91
30331,1783836000000,740448.61
30332,1783839600000,749530.83
30333,1783843200000,740926.67
30334,1783846800000,737536.45
30335,1783850400000,738192.53
30336,1783854000000,738082.27
30337,1783857600000,739639.21
30338,1783861200000,740506.3
30339,1783864800000,741649.07
30340,1783868400000,743193.71
30341,1783872000000,767995.72
30342,1783875600000,771993.83
30343,1783879200000,780087.3
30344,1783882800000,766169.2
30345,1783886400000,767292.42
30346,1783890000000,780198.19
30347,1783893600000,782433.4
30348,1783897200000,771246.77
30349,1783900800000,772522.65
30350,1783904400000,766052.85
30351,1783908000000,763380.55
30352,1783911600000,745129.8
30353,1783915200000,744720.98
30354,1783918800000,742558.05
30355,1783922400000,748292.71
30356,1783926000000,748838.99
30357,1783929600000,746018.55
30358,1783933200000,739050.3
30359,1783936800000,739269.6
30360,1783940400000,733040.02
30361,1783944000000,727623.12
30362,1783947600000,746823.0
30363,1783951200000,749106.54
30364,1783954800000,763309.59
30365,1783958400000,761869.41
30366,1783962000000,759553.62
30367,1783965600000,743508.59
30368,1783969200000,742400.75
30369,1783972800000,737307.03
30370,1783976400000,733178.68
30371,1783980000000,741530.13
30372,1783983600000,742539.26
30373,1783987200000,749148.79
30374,1783990800000,737887.57
30375,1783994400000,731709.9
30376,1783998000000,739159.29
30377,1784001600000,737644.92
30378,1784005200000,746104.44
30379,1784008800000,749826.33
30380,1784012400000,749338.31
30381,1784016000000,746498.75
30382,1784019600000,749242.22
30383,1784023200000,752897.9
30384,1784026800000,764489.83
30385,1784030400000,771991.6
30386,1784034000000,802349.7
30387,1784037600000,867421.1
30388,1784041200000,873435.49
30389,1784044800000,890366.73
30390,1784048400000,887958.03
30391,1784052000000,874300.58
30392,1784055600000,869276.45
30393,1784059200000,866563.81
30394,1784062800000,865623.77
30395,1784066400000,867602.94
30396,1784070000000,850035.79
30397,1784073600000,854473.46
30398,1784077200000,855433.43
30399,1784080800000,854434.88
30400,1784084400000,845592.15
30401,1784088000000,846526.92
30402,1784091600000,848859.43
30403,1784095200000,843398.66
30404,1784098800000,857920.13
30405,1784102400000,835692.35
30406,1784106000000,828764.75
30407,1784109600000,833677.81
30408,1784113200000,827839.36
30409,1784116800000,830525.32
30410,1784120400000,835256.03
30411,1784124000000,841703.0
30412,1784127600000,828546.61
30413,1784131200000,830830.5
30414,1784134800000,809757.18
30415,1784138400000,817415.13
30416,1784142000000,823010.9
30417,1784145600000,819159.79
30418,1784149200000,815174.21
30419,1784152800000,813921.35
30420,1784156400000,812808.82
30421,1784160000000,813609.15
30422,1784163600000,812636.67
30423,1784167200000,810556.58
30424,1784170800000,812461.72
30425,1784174400000,813295.01
30426,1784178000000,813441.34
30427,1784181600000,812405.45
30428,1784185200000,811241.35
30429,1784188800000,803506.38
30430,1784192400000,789101.5
30431,1784196000000,790555.67
30432,1784199600000,785647.17
30433,1784203200000,785114.48
30434,1784206800000,793741.69
30435,1784210400000,787700.13
30436,1784214000000,796449.01
30437,1784217600000,795579.56
30438,1784221200000,793931.7
30439,1784224800000,775211.78
30440,1784228400000,780853.02
30441,1784232000000,781649.29
30442,1784235600000,784311.21
30443,1784239200000,784191.85
30444,1784242800000,778324.49
30445,1784246400000,775463.42
30446,1784250000000,780618.55
30447,1784253600000,784619.45
30448,1784257200000,783539.35
30449,1784260800000,781163.02
30450,1784264400000,779303.63
30451,1784268000000,772795.33
30452,1784271600000,772372.85
30453,1784275200000,770444.72
30454,1784278800000,770519.47
30455,1784282400000,766028.41
30456,1784286000000,762079.09
30457,1784289600000,764820.67
30458,1784293200000,761922.7
30459,1784296800000,752596.03
30460,1784300400000,748593.52
30461,1784304000000,743763.31
30462,1784307600000,737196.7
30463,1784311200000,730459.71
30464,1784314800000,724235.89
30465,1784318400000,723105.12
30466,1784322000000,726912.75
30467,1784325600000,727143.95
30468,1784329200000,723649.68
30469,1784332800000,721575.58
30470,1784336400000,722592.98
30471,1784340000000,723447.51
30472,1784343600000,721902.8
30473,1784347200000,722729.89
30474,1784350800000,723489.21
30475,1784354400000,725605.84
30476,1784358000000,725762.67
30477,1784361600000,723100.28
30478,1784365200000,721661.22
30479,1784368800000,722411.62
30480,1784372400000,721897.02
30481,1784376000000,721757.69
30482,1784379600000,723492.65
30483,1784383200000,722921.88
30484,1784386800000,725762.92
30485,1784390400000,727298.15
30486,1784394000000,726507.82
30487,1784397600000,736549.73
30488,1784401200000,731830.91
30489,1784404800000,731997.02
30490,1784408400000,731792.46
30491,1784412000000,746154.81
30492,1784415600000,748676.39
30493,1784419200000,749904.42
30494,1784422800000,749893.09
30495,1784426400000,740655.49
30496,1784430000000,747982.14
30497,1784433600000,748689.32
30498,1784437200000,750238.09
30499,1784440800000,751634.59
30500,1784444400000,752586.45
30501,1784448000000,752543.65
30502,1784451600000,756470.13
30503,1784455200000,756645.83
30504,1784458800000,746242.98
30505,1784462400000,748593.58
30506,1784466000000,751609.55
30507,1784469600000,756976.77
30508,1784473200000,759387.43
30509,1784476800000,751732.59
30510,1784480400000,747935.15
30511,1784484000000,747181.89
30512,1784487600000,743951.37
30513,1784491200000,743844.46
30514,1784494800000,743310.08
30515,1784498400000,739091.55
30516,1784502000000,766255.29
30517,1784505600000,753239.23
30518,1784509200000,749315.11
30519,1784512800000,755875.54
30520,1784516400000,759783.79
30521,1784520000000,761005.86
30522,1784523600000,762870.97
30523,1784527200000,745184.0
30524,1784530800000,740503.1
30525,1784534400000,749782.98
30526,1784538000000,757672.09
30527,1784541600000,769002.61
30528,1784545200000,776051.47
30529,1784548800000,788663.82
30530,1784552400000,785713.81
30531,1784556000000,774372.72
30532,1784559600000,772920.09
30533,1784563200000,793774.71
30534,1784566800000,814380.37
30535,1784570400000,809848.37
30536,1784574000000,802485.15
30537,1784577600000,793793.92
30538,1784581200000,802757.01
30539,1784584800000,808287.4
30540,1784588400000,802118.3
30541,1784592000000,803551.26
30542,1784595600000,814887.5
30543,1784599200000,835531.07
30544,1784602800000,836446.22
30545,1784606400000,857180.09
30546,1784610000000,863644.14
30547,1784613600000,864523.03
30548,1784617200000,868413.65
30549,1784620800000,870320.31
30550,1784624400000,872351.57
30551,1784628000000,872765.93
30552,1784631600000,870472.1
30553,1784635200000,862066.23
30554,1784638800000,858926.07
30555,1784642400000,851853.78
30556,1784646000000,849814.18
30557,1784649600000,842917.65
30558,1784653200000,828693.1
30559,1784656800000,828481.11
30560,1784660400000,827942.52
30561,1784664000000,824859.36
30562,1784667600000,821353.41
30563,1784671200000,821403.25
30564,1784674800000,825923.49
30565,1784678400000,826363.29
30566,1784682000000,839051.48
30567,1784685600000,830528.36
30568,1784689200000,831242.04
30569,1784692800000,829808.97
30570,1784696400000,826973.45
30571,1784700000000,819733.67
30572,1784703600000,812216.02
30573,1784707200000,810519.23
30574,1784710800000,807826.5
30575,1784714400000,817876.87
30576,1784718000000,823805.7
30577,1784721600000,827921.81
30578,1784725200000,830587.95
30579,1784728800000,837853.71
30580,1784732400000,843818.17
30581,1784736000000,857911.34
30582,1784739600000,864506.7
30583,1784743200000,852786.93
30584,1784746800000,850092.05
30585,1784750400000,839077.59
30586,1784754000000,836234.81
30587,1784757600000,821862.72
30588,1784761200000,814479.53
30589,1784764800000,813558.6
30590,1784768400000,824163.37
30591,1784772000000,817688.42
30592,1784775600000,812347.51
30593,1784779200000,814883.54
30594,1784782800000,813989.97
30595,1784786400000,815795.43
30596,1784790000000,812832.56
30597,1784793600000,810416.04
30598,1784797200000,813088.86
30599,1784800800000,807687.09
30600,1784804400000,811011.06
30601,1784808000000,811861.89
30602,1784811600000,796275.76
30603,1784815200000,793606.96
30604,1784818800000,794841.36
30605,1784822400000,773483.19
30606,1784826000000,795167.57
30607,1784829600000,778892.7
30608,1784833200000,759369.07
30609,1784836800000,745845.63
30610,1784840400000,753813.85
30611,1784844000000,750716.07
30612,1784847600000,752742.06
30613,1784851200000,754007.49
30614,1784854800000,747298.38
30615,1784858400000,745731.22
30616,1784862000000,746219.09
30617,1784865600000,746502.66
30618,1784869200000,746597.29
30619,1784872800000,731196.2
30620,1784876400000,747930.86
30621,1784880000000,758730.13
30622,1784883600000,760512.12
30623,1784887200000,750309.1
30624,1784890800000,749092.47
30625,1784894400000,741882.58
30626,1784898000000,738091.46
30627,1784901600000,731111.32
30628,1784905200000,731174.69
30629,1784908800000,740578.71
30630,1784912400000,735784.03
30631,1784916000000,735834.69
30632,1784919600000,732475.02
30633,1784923200000,729817.56
30634,1784926800000,725750.72
30635,1784930400000,724099.61
30636,1784934000000,722331.32
30637,1784937600000,722460.96
30638,1784941200000,724372.28
30639,1784944800000,722788.79
30640,1784948400000,722761.61
30641,1784952000000,721447.04
30642,1784955600000,720960.12
30643,1784959200000,721045.12
30644,1784962800000,722384.47
30645,1784966400000,721394.56
30646,1784970000000,719648.85
30647,1784973600000,720995.52
30648,1784977200000,721472.88
30649,1784980800000,722791.09
30650,1784984400000,720674.95
30651,1784988000000,733109.52
30652,1784991600000,733778.36
30653,1784995200000,738997.72
30654,1784998800000,735400.35
30655,1785002400000,737171.6
30656,1785006000000,741507.68
30657,1785009600000,743727.26
30658,1785013200000,740277.6
30659,1785016800000,740953.02
30660,1785020400000,740181.62
30661,1785024000000,739732.37
30662,1785027600000,737692.02
30663,1785031200000,738112.22
30664,1785034800000,739540.6
30665,1785038400000,738658.73
30666,1785042000000,738482.07
30667,1785045600000,739745.74
30668,1785049200000,742254.19
30669,1785052800000,747529.09
30670,1785056400000,750384.89
30671,1785060000000,750478.05
30672,1785063600000,757450.43
30673,1785067200000,759359.85
30674,1785070800000,758216.01
30675,1785074400000,757089.49
30676,1785078000000,756384.18
30677,1785081600000,775634.59
30678,1785085200000,771747.79
30679,1785088800000,776410.36
30680,1785092400000,774106.13
30681,1785096000000,774211.87
30682,1785099600000,776758.09
30683,1785103200000,777601.26
30684,1785106800000,795667.57
30685,1785110400000,821601.96
30686,1785114000000,822015.91
30687,1785117600000,818663.09
30688,1785121200000,816464.83
30689,1785124800000,815168.81
30690,1785128400000,814374.35
30691,1785132000000,819794.71
30692,1785135600000,825043.86
30693,1785139200000,833300.07
30694,1785142800000,840731.84
30695,1785146400000,841701.46
30696,1785150000000,842442.35
30697,1785153600000,848401.34
30698,1785157200000,855222.76
30699,1785160800000,862225.25
30700,1785164400000,838846.1
30701,1785168000000,830764.84
30702,1785171600000,824506.12
30703,1785175200000,828313.3
30704,1785178800000,832355.96
30705,1785182400000,833755.76
30706,1785186000000,838172.66
30707,1785189600000,837474.25
30708,1785193200000,803956.93
30709,1785196800000,779226.07
30710,1785200400000,775942.12
30711,1785204000000,771260.8
30712,1785207600000,766876.6
30713,1785211200000,762819.53
30714,1785214800000,764481.34
30715,1785218400000,768823.97
30716,1785222000000,770012.36
30717,1785225600000,766897.86
30718,1785229200000,769527.25
30719,1785232800000,761850.29
30720,1785236400000,762537.28
30721,1785240000000,760280.86
30722,1785243600000,771131.43
30723,1785247200000,760492.16
30724,1785250800000,762116.85
30725,1785254400000,767284.53
30726,1785258000000,763073.96
30727,1785261600000,765733.59
30728,1785265200000,762601.33
30729,1785268800000,757682.68
30730,1785272400000,759753.61
30731,1785276000000,759918.59
30732,1785279600000,763500.29
30733,1785283200000,775978.05
30734,1785286800000,783110.21
30735,1785290400000,773076.26
30736,1785294000000,761312.42
30737,1785297600000,753336.41
30738,1785301200000,759362.22
30739,1785304800000,770100.56
30740,1785308400000,772885.13
30741,1785312000000,775214.57
30742,1785315600000,767987.77
30743,1785319200000,775656.25
30744,1785322800000,773337.84
30745,1785326400000,768720.12
30746,1785330000000,770190.33
30747,1785333600000,764837.42
30748,1785337200000,747195.86
30749,1785340800000,741418.16
30750,1785344400000,734278.83
30751,1785348000000,728608.02
30752,1785351600000,749231.87
30753,1785355200000,731016.75
30754,1785358800000,706452.99
30755,1785362400000,714095.54
30756,1785366000000,715789.75
30757,1785369600000,709858.34
30758,1785373200000,711313.17
30759,1785376800000,726447.24
30760,1785380400000,728059.27
30761,1785384000000,724433.53
30762,1785387600000,722600.37
30763,1785391200000,720037.87
30764,1785394800000,720441.13
30765,1785398400000,723310.33
30766,1785402000000,725601.31
30767,1785405600000,733181.61
30768,1785409200000,744362.25
30769,1785412800000,747068.48
30770,1785416400000,751376.69
30771,1785420000000,763849.34
30772,1785423600000,765892.79
30773,1785427200000,762979.91
30774,1785430800000,770577.7
30775,1785434400000,772778.68
30776,1785438000000,774982.92
30777,1785441600000,781688.22
30778,1785445200000,786740.67
30779,1785448800000,791802.37
30780,1785452400000,796173.94
30781,1785456000000,808785.92
30782,1785459600000,798915.23
30783,1785463200000,777693.38
30784,1785466800000,758284.77
30785,1785470400000,747820.97
30786,1785474000000,740852.57
30787,1785477600000,737576.63
30788,1785481200000,739989.79
30789,1785484800000,745293.94
30790,1785488400000,749554.79
30791,1785492000000,750945.07
30792,1785495600000,746011.73
30793,1785499200000,749175.35
30794,1785502800000,746567.97
30795,1785506400000,750389.92
30796,1785510000000,747293.61
30797,1785513600000,759914.86
30798,1785517200000,774026.25
30799,1785520800000,768159.75
30800,1785524400000,769997.6
30801,1785528000000,764103.88
30802,1785531600000,754395.55
30803,1785535200000,761979.7
30804,1785538800000,761797.42
30805,1785542400000,762954.3
30806,1785546000000,764895.15
30807,1785549600000,763601.61
30808,1785553200000,763399.65
30809,1785556800000,763030.03
30810,1785560400000,763808.92
30811,1785564000000,762646.3
30812,1785567600000,762206.9
30813,1785571200000,764342.14
30814,1785574800000,764260.3
30815,1785578400000,763983.1
30816,1785582000000,762910.58
30817,1785585600000,764344.5
30818,1785589200000,765583.86
30819,1785592800000,765747.67
30820,1785596400000,769559.52
30821,1785600000000,772823.47
30822,1785603600000,771545.94
30823,1785607200000,762190.11
30824,1785610800000,731401.95
30825,1785614400000,732784.62
30826,1785618000000,732545.76
30827,1785621600000,729187.14
30828,1785625200000,731837.84
30829,1785628800000,733007.39
30830,1785632400000,733561.78
30831,1785636000000,756295.78
30832,1785639600000,748994.34
30833,1785643200000,750527.42
30834,1785646800000,743249.91
30835,1785650400000,739800.54
30836,1785654000000,740798.0
30837,1785657600000,739203.4
30838,1785661200000,738845.92
30839,1785664800000,736341.01
30840,1785668400000,737327.65
30841,1785672000000,745396.6
30842,1785675600000,737256.17
30843,1785679200000,737946.41
30844,1785682800000,738217.12
30845,1785686400000,736316.38
30846,1785690000000,734621.56
30847,1785693600000,735133.43
30848,1785697200000,730736.6
30849,1785700800000,733533.39
30850,1785704400000,736012.07
30851,1785708000000,729773.52
30852,1785711600000,746227.57
30853,1785715200000,750006.07
30854,1785718800000,750412.15
30855,1785722400000,745505.03
30856,1785726000000,741528.08
30857,1785729600000,746743.44
30858,1785733200000,749912.14
30859,1785736800000,754477.27
30860,1785740400000,758876.29
30861,1785744000000,757367.78
30862,1785747600000,762927.52
30863,1785751200000,768375.92
30864,1785754800000,765129.47
30865,1785758400000,761682.88
30866,1785762000000,764674.47
30867,1785765600000,762825.53
30868,1785769200000,762286.36
30869,1785772800000,764603.84
30870,1785776400000,760114.14
30871,1785780000000,760003.18
30872,1785783600000,756190.04
30873,1785787200000,757667.62
30874,1785790800000,750533.31
30875,1785794400000,749498.19
30876,1785798000000,744513.78
30877,1785801600000,742671.1
30878,1785805200000,737102.5
30879,1785808800000,741243.29
30880,1785812400000,739491.62
30881,1785816000000,726579.96
30882,1785819600000,737569.24
30883,1785823200000,730401.68
30884,1785826800000,721214.7
30885,1785830400000,717530.77
30886,1785834000000,721855.82
30887,1785837600000,718416.27
30888,1785841200000,722794.0
30889,1785844800000,731846.0
30890,1785848400000,742434.13
30891,1785852000000,733682.34
30892,1785855600000,739531.45
30893,1785859200000,746554.68
30894,1785862800000,741162.28
30895,1785866400000,746501.63
30896,1785870000000,768423.64
30897,1785873600000,771595.14
30898,1785877200000,764456.16
30899,1785880800000,758624.38
30900,1785884400000,757203.36
30901,1785888000000,758738.44
30902,1785891600000,755684.86
30903,1785895200000,756642.88
30904,1785898800000,764631.98
30905,1785902400000,737377.56
30906,1785906000000,733798.1
30907,1785909600000,753674.41
30908,1785913200000,753755.13
30909,1785916800000,748437.69
30910,1785920400000,744151.66
30911,1785924000000,745515.23
30912,1785927600000,742115.25
30913,1785931200000,749639.59
30914,1785934800000,766157.55
30915,1785938400000,755013.5
30916,1785942000000,749388.1
30917,1785945600000,749127.55
30918,1785949200000,760599.57
30919,1785952800000,766857.85
30920,1785956400000,778618.99
30921,1785960000000,780259.51
30922,1785963600000,788933.29
30923,1785967200000,782467.28
30924,1785970800000,778820.23
30925,1785974400000,776465.25
30926,1785978000000,774760.17
30927,1785981600000,774292.14
30928,1785985200000,768976.76
30929,1785988800000,766017.86
30930,1785992400000,764143.39
30931,1785996000000,779218.91
30932,1785999600000,781725.05
30933,1786003200000,786123.03
30934,1786006800000,783576.56
30935,1786010400000,784376.29
30936,1786014000000,781602.36
30937,1786017600000,774707.41
30938,1786021200000,760207.88
30939,1786024800000,758128.54
30940,1786028400000,778656.54
30941,1786032000000,804488.77
30942,1786035600000,807001.29
30943,1786039200000,809431.39
30944,1786042800000,801113.09
30945,1786046400000,792870.49
30946,1786050000000,789359.95
30947,1786053600000,786728.39
30948,1786057200000,783109.42
30949,1786060800000,771875.16
30950,1786064400000,766048.67
30951,1786068000000,762309.45
30952,1786071600000,760313.39
30953,1786075200000,757286.5
30954,1786078800000,755100.12
30955,1786082400000,754348.37
30956,1786086000000,758506.85
30957,1786089600000,750418.32
30958,1786093200000,755014.82
30959,1786096800000,784459.16
30960,1786100400000,786258.32
30961,1786104000000,814086.61
30962,1786107600000,838932.85
30963,1786111200000,835899.79
30964,1786114800000,824518.05
30965,1786118400000,840027.03
30966,1786122000000,825177.69
30967,1786125600000,814165.9
30968,1786129200000,822322.05
30969,1786132800000,815892.15
30970,1786136400000,813248.43
30971,1786140000000,817662.21
30972,1786143600000,815669.06
30973,1786147200000,814642.85
30974,1786150800000,811846.84
30975,1786154400000,811947.19
30976,1786158000000,812927.91
30977,1786161600000,810091.62
30978,1786165200000,810414.32
30979,1786168800000,811511.23
30980,1786172400000,810261.23
30981,1786176000000,805444.22
30982,1786179600000,805332.99
30983,1786183200000,806281.05
30984,1786186800000,808459.02
30985,1786190400000,809781.28
30986,1786194000000,808735.97
30987,1786197600000,809016.27
30988,1786201200000,830322.36
30989,1786204800000,829787.87
30990,1786208400000,830671.23
30991,1786212000000,831438.66
30992,1786215600000,827355.17
30993,1786219200000,827456.77
30994,1786222800000,827108.05
30995,1786226400000,826310.17
30996,1786230000000,825278.45
30997,1786233600000,822931.46
30998,1786237200000,822864.37
30999,1786240800000,818946.33
31000,1786244400000,817129.43
31001,1786248000000,815209.85
31002,1786251600000,814508.83
31003,1786255200000,813877.19
31004,1786258800000,814035.02
31005,1786262400000,814323.28
31006,1786266000000,811739.47
31007,1786269600000,813742.87
31008,1786273200000,814037.53
31009,1786276800000,814008.45
31010,1786280400000,811972.94
31011,1786284000000,815326.74
31012,1786287600000,828387.17
31013,1786291200000,836070.13
31014,1786294800000,836770.65
31015,1786298400000,834811.07
31016,1786302000000,834299.11
31017,1786305600000,833707.47
31018,1786309200000,830668.27
31019,1786312800000,832334.09
31020,1786316400000,827855.06
31021,1786320000000,812646.37
31022,1786323600000,801748.59
31023,1786327200000,807779.75
31024,1786330800000,807650.44
31025,1786334400000,811612.11
31026,1786338000000,806722.37
31027,1786341600000,808761.6
31028,1786345200000,814183.28
31029,1786348800000,818209.59
31030,1786352400000,819511.73
31031,1786356000000,813844.91
31032,1786359600000,808572.85
31033,1786363200000,803884.91
31034,1786366800000,803217.92
31035,1786370400000,795022.73
31036,1786374000000,804615.76
31037,1786377600000,798368.8
31038,1786381200000,789720.4
31039,1786384800000,793426.88
31040,1786388400000,797838.77
31041,1786392000000,799457.99
31042,1786395600000,799009.42
31043,1786399200000,797451.96
31044,1786402800000,798818.08
31045,1786406400000,797393.43
31046,1786410000000,800221.78
31047,1786413600000,800429.68
31048,1786417200000,802387.52
31049,1786420800000,801555.12
31050,1786424400000,799665.74
31051,1786428000000,801717.54
31052,1786431600000,803644.72
31053,1786435200000,801427.06
31054,1786438800000,803215.99
31055,1786442400000,792061.76
31056,1786446000000,787026.76
31057,1786449600000,772703.75
31058,1786453200000,761343.0
31059,1786456800000,760358.83
31060,1786460400000,783956.9
31061,1786464000000,770746.0
31062,1786467600000,779425.49
31063,1786471200000,780513.21
31064,1786474800000,775288.96
31065,1786478400000,783435.1
31066,1786482000000,771156.58
31067,1786485600000,766139.39
31068,1786489200000,763837.73
31069,1786492800000,762096.55
31070,1786496400000,760854.64
31071,1786500000000,758282.89
31072,1786503600000,756239.37
31073,1786507200000,753133.49
31074,1786510800000,750347.81
31075,1786514400000,749232.29
31076,1786518000000,749985.99
31077,1786521600000,746441.25
31078,1786525200000,747442.11
31079,1786528800000,746397.9
31080,1786532400000,750588.82
31081,1786536000000,747323.16
31082,1786539600000,737843.02
31083,1786543200000,754912.03
31084,1786546800000,734377.28
31085,1786550400000,726483.55
31086,1786554000000,733500.1
31087,1786557600000,730786.52
31088,1786561200000,740422.65
31089,1786564800000,740786.42
31090,1786568400000,737804.58
31091,1786572000000,734219.98
31092,1786575600000,734542.3
31093,1786579200000,736251.17
31094,1786582800000,738329.28
31095,1786586400000,738903.44
31096,1786590000000,742567.62
31097,1786593600000,758878.61
31098,1786597200000,745469.48
31099,1786600800000,725484.61
31100,1786604400000,727699.06
31101,1786608000000,726461.59
31102,1786611600000,733652.75
31103,1786615200000,731483.4
31104,1786618800000,733855.74
31105,1786622400000,739156.27
31106,1786626000000,728520.5
31107,1786629600000,733694.17
31108,1786633200000,733100.44
31109,1786636800000,728047.12
31110,1786640400000,753624.83
31111,1786644000000,750433.49
31112,1786647600000,749950.12
31113,1786651200000,743893.24
31114,1786654800000,743263.76
31115,1786658400000,740728.61
31116,1786662000000,735383.18
31117,1786665600000,734860.71
31118,1786669200000,734091.09
31119,1786672800000,733912.81
31120,1786676400000,734411.45
31121,1786680000000,735576.05
31122,1786683600000,736607.51
31123,1786687200000,737357.78
31124,1786690800000,738315.04
31125,1786694400000,745247.17
31126,1786698000000,753367.1
31127,1786701600000,754337.44
31128,1786705200000,752613.68
31129,1786708800000,752949.9
31130,1786712400000,756414.19
31131,1786716000000,769240.87
31132,1786719600000,764788.26
31133,1786723200000,763268.1
31134,1786726800000,759052.15
31135,1786730400000,754811.1
31136,1786734000000,756017.42
31137,1786737600000,753391.86
31138,1786741200000,750863.94
31139,1786744800000,747243.32
31140,1786748400000,750777.3
31141,1786752000000,751501.58
31142,1786755600000,749844.78
31143,1786759200000,750343.26
31144,1786762800000,749097.81
31145,1786766400000,748295.68
31146,1786770000000,747882.4
31147,1786773600000,748488.02
31148,1786777200000,742145.7
31149,1786780800000,740043.91
31150,1786784400000,739779.16
31151,1786788000000,739236.7
31152,1786791600000,741997.96
31153,1786795200000,742674.95
31154,1786798800000,751070.26
31155,1786802400000,750913.48
31156,1786806000000,753076.88
31157,1786809600000,751979.38
31158,1786813200000,749510.43
31159,1786816800000,750721.58
31160,1786820400000,751077.44
31161,1786824000000,750852.32
31162,1786827600000,751040.5
31163,1786831200000,748310.56
31164,1786834800000,750032.34
31165,1786838400000,749386.82
31166,1786842000000,747320.48
31167,1786845600000,743197.39
31168,1786849200000,746685.47
31169,1786852800000,747092.42
31170,1786856400000,747012.24
31171,1786860000000,747664.58
31172,1786863600000,747009.36
31173,1786867200000,747168.65
31174,1786870800000,747393.18
31175,1786874400000,747827.74
31176,1786878000000,749749.07
31177,1786881600000,749057.44
31178,1786885200000,748772.11
31179,1786888800000,750086.48
31180,1786892400000,751455.11
31181,1786896000000,750224.94
31182,1786899600000,759635.33
31183,1786903200000,759516.2
31184,1786906800000,758569.58
31185,1786910400000,758433.62
31186,1786914000000,757514.86
31187,1786917600000,735612.81
31188,1786921200000,750485.48
31189,1786924800000,746663.89
31190,1786928400000,747252.3
31191,1786932000000,746158.44
31192,1786935600000,748060.13
31193,1786939200000,751551.66
31194,1786942800000,760524.55
31195,1786946400000,762969.13
31196,1786950000000,764308.44
31197,1786953600000,771226.6
31198,1786957200000,754926.75
31199,1786960800000,755998.09
31200,1786964400000,766006.84
31201,1786968000000,766748.15
31202,1786971600000,768279.72
31203,1786975200000,773970.07
31204,1786978800000,773754.81
31205,1786982400000,795145.51
31206,1786986000000,797236.79
31207,1786989600000,804574.37
31208,1786993200000,808700.63
31209,1786996800000,810578.69
31210,1787000400000,808702.85
31211,1787004000000,807017.59
31212,1787007600000,801498.97
31213,1787011200000,805672.82
31214,1787014800000,808290.12
31215,1787018400000,787013.5
31216,1787022000000,765973.34
31217,1787025600000,744459.72
31218,1787029200000,740817.86
31219,1787032800000,741409.27
31220,1787036400000,739922.25
31221,1787040000000,739257.06
31222,1787043600000,741224.71
31223,1787047200000,738446.59
31224,1787050800000,739483.5
31225,1787054400000,743943.68
31226,1787058000000,745358.11
31227,1787061600000,742417.39
31228,1787065200000,782558.17
31229,1787068800000,802816.44
31230,1787072400000,817793.47
31231,1787076000000,820218.91
31232,1787079600000,819257.31
31233,1787083200000,824501.64
31234,1787086800000,821485.15
31235,1787090400000,816900.97
31236,1787094000000,820665.45
31237,1787097600000,825627.41
31238,1787101200000,824918.98
31239,1787104800000,819135.29
31240,1787108400000,806519.5
31241,1787112000000,801202.06
31242,1787115600000,802724.62
31243,1787119200000,796339.19
31244,1787122800000,791476.81
31245,1787126400000,811551.82
31246,1787130000000,829511.4
31247,1787133600000,831160.94
31248,1787137200000,824916.05
31249,1787140800000,824694.36
31250,1787144400000,857913.78
31251,1787148000000,873281.29
31252,1787151600000,875001.66
31253,1787155200000,789311.35
31254,1787158800000,806018.39
31255,1787162400000,811958.58
31256,1787166000000,814305.51
31257,1787169600000,812290.96
31258,1787173200000,807563.79
31259,1787176800000,759156.37
31260,1787180400000,761493.01
31261,1787184000000,763354.54
31262,1787187600000,759729.72
31263,1787191200000,764298.51
31264,1787194800000,757677.6
31265,1787198400000,768625.83
31266,1787202000000,769746.37
31267,1787205600000,770846.41
31268,1787209200000,774146.3
31269,1787212800000,766675.05
31270,1787216400000,758971.8
31271,1787220000000,755596.23
31272,1787223600000,754558.69
31273,1787227200000,753331.84
31274,1787230800000,757117.55
31275,1787234400000,759538.83
31276,1787238000000,760384.27
31277,1787241600000,766327.44
31278,1787245200000,762493.15
31279,1787248800000,755620.31
31280,1787252400000,753020.43
31281,1787256000000,748911.01
31282,1787259600000,750245.34
31283,1787263200000,746013.28
31284,1787266800000,747140.96
31285,1787270400000,745092.75
31286,1787274000000,750314.86
31287,1787277600000,745158.45
31288,1787281200000,750187.53
31289,1787284800000,753174.73
31290,1787288400000,758548.89
31291,1787292000000,759765.12
31292,1787295600000,767831.17
31293,1787299200000,768935.57
31294,1787302800000,764490.54
31295,1787306400000,748625.41
31296,1787310000000,754810.56
31297,1787313600000,771921.27
31298,1787317200000,769517.26
31299,1787320800000,768572.63
31300,1787324400000,753937.04
31301,1787328000000,768984.62
31302,1787331600000,768975.8
31303,1787335200000,762530.62
31304,1787338800000,770359.78
31305,1787342400000,769577.03
31306,1787346000000,772277.82
31307,1787349600000,768187.52
31308,1787353200000,765816.59
31309,1787356800000,767036.64
31310,1787360400000,778863.76
31311,1787364000000,783146.92
31312,1787367600000,778948.57
31313,1787371200000,782419.55
31314,1787374800000,789005.66
31315,1787378400000,757918.39
31316,1787382000000,764954.73
31317,1787385600000,769538.8
31318,1787389200000,790661.77
31319,1787392800000,793950.55
31320,1787396400000,793684.42
31321,1787400000000,793411.15
31322,1787403600000,769277.22
31323,1787407200000,773000.79
31324,1787410800000,789843.53
31325,1787414400000,787205.35
31326,1787418000000,791991.71
31327,1787421600000,791583.09
31328,1787425200000,787454.79
31329,1787428800000,786719.35
31330,1787432400000,787088.77
31331,1787436000000,800841.87
31332,1787439600000,808966.88
31333,1787443200000,811602.09
31334,1787446800000,802754.96
31335,1787450400000,801379.14
31336,1787454000000,800603.31
31337,1787457600000,802491.67
31338,1787461200000,792988.59
31339,1787464800000,803033.37
31340,1787468400000,807785.99
31341,1787472000000,805430.68
31342,1787475600000,797060.41
31343,1787479200000,797517.59
31344,1787482800000,800686.09
31345,1787486400000,795212.92
31346,1787490000000,794552.23
31347,1787493600000,796600.93
31348,1787497200000,786818.8
31349,1787500800000,801035.31
31350,1787504400000,796525.88
31351,1787508000000,794478.22
31352,1787511600000,796205.64
31353,1787515200000,797570.43
31354,1787518800000,792333.17
31355,1787522400000,796426.66
31356,1787526000000,797767.78
31357,1787529600000,799795.06
31358,1787533200000,793791.0
31359,1787536800000,786438.95
31360,1787540400000,785256.75
31361,1787544000000,786853.87
31362,1787547600000,786621.38
31363,1787551200000,789967.12
31364,1787554800000,787628.62
31365,1787558400000,781242.83
31366,1787562000000,789072.84
31367,1787565600000,798407.83
31368,1787569200000,787746.63
31369,1787572800000,803958.22
31370,1787576400000,809435.81
31371,1787580000000,803036.75
31372,1787583600000,823766.75
31373,1787587200000,809282.01
31374,1787590800000,809386.23
31375,1787594400000,779056.93
31376,1787598000000,786836.67
31377,1787601600000,774543.12
31378,1787605200000,785681.11
31379,1787608800000,794600.04
31380,1787612400000,782080.15
31381,1787616000000,790457.84
31382,1787619600000,797906.29
31383,1787623200000,797162.97
31384,1787626800000,788975.57
31385,1787630400000,785470.83
31386,1787634000000,784238.63
31387,1787637600000,784553.88
31388,1787641200000,779131.42
31389,1787644800000,771671.11
31390,1787648400000,772088.54
31391,1787652000000,770725.48
31392,1787655600000,769691.12
31393,1787659200000,774313.46
31394,1787662800000,774962.1
31395,1787666400000,770838.45
31396,1787670000000,782533.32
31397,1787673600000,776226.89
31398,1787677200000,779479.62
31399,1787680800000,777934.46
31400,1787684400000,769979.05
31401,1787688000000,773865.86
31402,1787691600000,764023.27
31403,1787695200000,760653.44
31404,1787698800000,759277.72
31405,1787702400000,770469.67
31406,1787706000000,778716.78
31407,1787709600000,760412.72
31408,1787713200000,758604.47
31409,1787716800000,758971.9
31410,1787720400000,763600.9
31411,1787724000000,762394.76
31412,1787727600000,765614.44
31413,1787731200000,766812.49
31414,1787734800000,763856.98
31415,1787738400000,764317.57
31416,1787742000000,764734.98
31417,1787745600000,767902.88
31418,1787749200000,772889.79
31419,1787752800000,779391.65
31420,1787756400000,781361.95
31421,1787760000000,779119.9
31422,1787763600000,776103.46
31423,1787767200000,777991.86
31424,1787770800000,780926.6
31425,1787774400000,785720.42
31426,1787778000000,784974.68
31427,1787781600000,792686.0
31428,1787785200000,776306.01
31429,1787788800000,779387.94
31430,1787792400000,775271.04
31431,1787796000000,772389.6
31432,1787799600000,775602.39
31433,1787803200000,773508.34
31434,1787806800000,772733.82
31435,1787810400000,772659.21
31436,1787814000000,773304.74
31437,1787817600000,773029.79
31438,1787821200000,790682.19
31439,1787824800000,802701.16
31440,1787828400000,779951.31
31441,1787832000000,777697.08
31442,1787835600000,781603.09
31443,1787839200000,765182.45
31444,1787842800000,764196.42
31445,1787846400000,763633.49
31446,1787850000000,766269.11
31447,1787853600000,764339.04
31448,1787857200000,748293.18
31449,1787860800000,745753.8
31450,1787864400000,748886.79
31451,1787868000000,746766.35
31452,1787871600000,742804.27
31453,1787875200000,744797.64
31454,1787878800000,742976.88
31455,1787882400000,749918.95
31456,1787886000000,743201.36
31457,1787889600000,746320.43
31458,1787893200000,745910.47
31459,1787896800000,748913.38
31460,1787900400000,757386.89
31461,1787904000000,751315.6
31462,1787907600000,748014.76
31463,1787911200000,748903.06
31464,1787914800000,747778.43
31465,1787918400000,748742.6
31466,1787922000000,751751.66
31467,1787925600000,752854.99
31468,1787929200000,773898.36
31469,1787932800000,759589.85
31470,1787936400000,735715.54
31471,1787940000000,742208.31
31472,1787943600000,757185.5
31473,1787947200000,746037.79
31474,1787950800000,743769.72
31475,1787954400000,745748.86
31476,1787958000000,751179.09
31477,1787961600000,742179.66
31478,1787965200000,744080.93
31479,1787968800000,753260.07
31480,1787972400000,745573.48
31481,1787976000000,738810.59
31482,1787979600000,738793.21
31483,1787983200000,740387.25
31484,1787986800000,748941.19
31485,1787990400000,747894.62
31486,1787994000000,747550.99
31487,1787997600000,747276.84
31488,1788001200000,749991.66
31489,1788004800000,750183.19
31490,1788008400000,750688.0
31491,1788012000000,749895.73
31492,1788015600000,757027.15
31493,1788019200000,756516.71
31494,1788022800000,756300.8
31495,1788026400000,756502.05
31496,1788030000000,754890.48
31497,1788033600000,755209.61
31498,1788037200000,755101.54
31499,1788040800000,755720.1
31500,1788044400000,755717.93
31501,1788048000000,758187.69
31502,1788051600000,757613.47
31503,1788055200000,755429.03
31504,1788058800000,758019.51
31505,1788062400000,759774.47
31506,1788066000000,759305.79
31507,1788069600000,760439.37
31508,1788073200000,759710.43
31509,1788076800000,760839.93
31510,1788080400000,761626.61
31511,1788084000000,758557.67
31512,1788087600000,759066.47
31513,1788091200000,761254.15
31514,1788094800000,757566.48
31515,1788098400000,758874.67
31516,1788102000000,761607.84
31517,1788105600000,758765.65
31518,1788109200000,779307.59
31519,1788112800000,783559.09
31520,1788116400000,781066.45
31521,1788120000000,781633.17
31522,1788123600000,777353.49
31523,1788127200000,768589.3
31524,1788130800000,770046.96
31525,1788134400000,743191.47
31526,1788138000000,754382.58
31527,1788141600000,754264.05
31528,1788145200000,756555.8
31529,1788148800000,760626.45
31530,1788152400000,763538.83
31531,1788156000000,747210.72
31532,1788159600000,739802.36
31533,1788163200000,736741.72
31534,1788166800000,735866.86
31535,1788170400000,733593.04
