idx,timestamp,open_interest
0,1674644400000,848266.9
1,1674648000000,869778.7
2,1674651600000,868338.3
3,1674655200000,897690.4
4,1674658800000,879821.8
5,1674662400000,896017.9
6,1674666000000,866533.7
7,1674669600000,857243.6
8,1674673200000,904815.1
9,1674676800000,970653.7
10,1674680400000,940884.2
11,1674684000000,921447.2
12,1674687600000,846882.6
13,1674691200000,817341.9
14,1674694800000,971974.3
15,1674698400000,932984.1
16,1674702000000,895763.7
17,1674705600000,886887.5
18,1674709200000,871127.8
19,1674712800000,869798.6
20,1674716400000,860995.9
21,1674720000000,876652.1
22,1674723600000,874743.7
23,1674727200000,888820.3
24,1674730800000,874689.0
25,1674734400000,891110.2
26,1674738000000,891849.5
27,1674741600000,914898.7
28,1674745200000,965578.3
29,1674748800000,937128.1
30,1674752400000,906573.8
31,1674756000000,947394.0
32,1674759600000,895747.9
33,1674763200000,898058.6
34,1674766800000,906935.0
35,1674770400000,918052.4
36,1674774000000,884015.5
37,1674777600000,911155.6
38,1674781200000,906436.7
39,1674784800000,899995.4
40,1674788400000,898828.5
41,1674792000000,893552.3
42,1674795600000,882017.3
43,1674799200000,888855.3
44,1674802800000,879961.2
45,1674806400000,877381.6
46,1674810000000,910248.9
47,1674813600000,900625.9
48,1674817200000,889409.0
49,1674820800000,880949.4
50,1674824400000,890593.3
51,1674828000000,893394.2
52,1674831600000,905685.1
53,1674835200000,911467.0
54,1674838800000,919041.8
55,1674842400000,914152.1
56,1674846000000,914263.6
57,1674849600000,910552.5
58,1674853200000,927921.4
59,1674856800000,916637.6
60,1674860400000,909408.8
61,1674864000000,907463.5
62,1674867600000,936568.4
63,1674871200000,922717.8
64,1674874800000,933310.9
65,1674878400000,935849.6
66,1674882000000,921861.9
67,1674885600000,933790.4
68,1674889200000,936726.8
69,1674892800000,925761.5
70,1674896400000,929306.9
71,1674900000000,922935.3
72,1674903600000,925335.2
73,1674907200000,916456.1
74,1674910800000,915749.4
75,1674914400000,912021.0
76,1674918000000,930956.5
77,1674921600000,936238.1
78,1674925200000,931200.0
79,1674928800000,931036.3
80,1674932400000,934251.0
81,1674936000000,934494.0
82,1674939600000,946433.9
83,1674943200000,932423.5
84,1674946800000,913427.0
85,1674950400000,909624.3
86,1674954000000,928302.7
87,1674957600000,916462.8
88,1674961200000,908428.8
89,1674964800000,917723.5
90,1674968400000,910533.1
91,1674972000000,909817.0
92,1674975600000,898510.7
93,1674979200000,891749.0
94,1674982800000,892746.1
95,1674986400000,895997.3
96,1674990000000,883589.9
97,1674993600000,878969.5
98,1674997200000,877863.9
99,1675000800000,877420.4
100,1675004400000,917491.4
101,1675008000000,880354.6
102,1675011600000,871277.5
103,1675015200000,881306.8
104,1675018800000,979056.3
105,1675022400000,1065587.6
106,1675026000000,1056272.0
107,1675029600000,1074552.7
108,1675033200000,1065417.2
109,1675036800000,1071026.7
110,1675040400000,1083596.6
111,1675044000000,1041856.0
112,1675047600000,1026490.8
113,1675051200000,1030886.7
114,1675054800000,1030081.4
115,1675058400000,1026720.8
116,1675062000000,1026826.0
117,1675065600000,1034328.6
118,1675069200000,1102460.89999999
119,1675072800000,1110583.5
120,1675076400000,1140728.3
121,1675080000000,1156569.1
122,1675083600000,1148146.0
123,1675087200000,1133496.39999999
124,1675090800000,1146553.8
125,1675094400000,1164259.89999999
126,1675098000000,1162427.6
127,1675101600000,1151822.1
128,1675105200000,1159335.3
129,1675108800000,1091846.89999999
130,1675112400000,1081567.39999999
131,1675116000000,1100166.5
132,1675119600000,1099768.3
133,1675123200000,1092432.1
134,1675126800000,1090573.0
135,1675130400000,1080364.0
136,1675134000000,1086653.8
137,1675137600000,1092145.8
138,1675141200000,1089121.1
139,1675144800000,1089195.7
140,1675148400000,1081675.89999999
141,1675152000000,1081344.7
142,1675155600000,1060857.3
143,1675159200000,1070056.39999999
144,1675162800000,1066822.3
145,1675166400000,1065862.6
146,1675170000000,1054939.1
147,1675173600000,1117170.6
148,1675177200000,1096908.0
149,1675180800000,1071063.89999999
150,1675184400000,1067004.5
151,1675188000000,1062236.6
152,1675191600000,916657.1
153,1675195200000,939692.2
154,1675198800000,938810.9
155,1675202400000,926707.2
156,1675206000000,893940.5
157,1675209600000,903119.6
158,1675213200000,891620.2
159,1675216800000,900312.8
160,1675220400000,905613.6
161,1675224000000,904717.0
162,1675227600000,904729.5
163,1675231200000,918615.3
164,1675234800000,911588.6
165,1675238400000,906677.8
166,1675242000000,931564.9
167,1675245600000,937460.0
168,1675249200000,913247.6
169,1675252800000,914977.5
170,1675256400000,977439.7
171,1675260000000,979181.6
172,1675263600000,1126687.2
173,1675267200000,1012858.6
174,1675270800000,958310.9
175,1675274400000,913490.1
176,1675278000000,914192.7
177,1675281600000,1002625.8
178,1675285200000,1185908.39999999
179,1675288800000,1145755.5
180,1675292400000,1174189.89999999
181,1675296000000,1179537.8
182,1675299600000,1215361.6
183,1675303200000,1215529.7
184,1675306800000,1217741.89999999
185,1675310400000,1179734.7
186,1675314000000,1141186.2
187,1675317600000,1141351.1
188,1675321200000,1185729.1
189,1675324800000,1158906.2
190,1675328400000,1161828.89999999
191,1675332000000,1159264.1
192,1675335600000,1162451.39999999
193,1675339200000,1144878.6
194,1675342800000,1134822.5
195,1675346400000,1109207.2
196,1675350000000,1111583.89999999
197,1675353600000,1089049.39999999
198,1675357200000,1100606.2
199,1675360800000,1106215.5
200,1675364400000,1112004.89999999
201,1675368000000,1078720.1
202,1675371600000,1073169.8
203,1675375200000,1232351.7
204,1675378800000,1273896.5
205,1675382400000,1274676.6
206,1675386000000,1275221.1
207,1675389600000,1272971.0
208,1675393200000,1289444.1
209,1675396800000,1293262.1
210,1675400400000,1300073.6
211,1675404000000,1316946.2
212,1675407600000,1360441.89999999
213,1675411200000,1350330.6
214,1675414800000,1352880.6
215,1675418400000,1423691.8
216,1675422000000,1457640.2
217,1675425600000,1486971.1
218,1675429200000,1613439.4
219,1675432800000,1670851.0
220,1675436400000,1717206.8
221,1675440000000,1720898.9
222,1675443600000,1689321.7
223,1675447200000,1671916.2
224,1675450800000,1673619.8
225,1675454400000,1653781.0
226,1675458000000,1651204.5
227,1675461600000,1657017.9
228,1675465200000,1651219.7
229,1675468800000,1633748.4
230,1675472400000,1595919.4
231,1675476000000,1590725.3
232,1675479600000,1580306.7
233,1675483200000,1571892.1
234,1675486800000,1555633.4
235,1675490400000,1549513.6
236,1675494000000,1553756.9
237,1675497600000,1559374.5
238,1675501200000,1564568.3
239,1675504800000,1576813.0
240,1675508400000,1577229.9
241,1675512000000,1576864.1
242,1675515600000,1593148.1
243,1675519200000,1586572.7
244,1675522800000,1653206.7
245,1675526400000,1643244.6
246,1675530000000,1442612.8
247,1675533600000,1469264.4
248,1675537200000,1485908.7
249,1675540800000,1469750.1
250,1675544400000,1464254.8
251,1675548000000,1476698.2
252,1675551600000,1479228.7
253,1675555200000,1401623.7
254,1675558800000,1366700.1
255,1675562400000,1365382.3
256,1675566000000,1361134.5
257,1675569600000,1352026.7
258,1675573200000,1356774.6
259,1675576800000,1352783.1
260,1675580400000,1377180.2
261,1675584000000,1384030.5
262,1675587600000,1399862.6
263,1675591200000,1414620.6
264,1675594800000,1407091.39999999
265,1675598400000,1405266.39999999
266,1675602000000,1379264.89999999
267,1675605600000,1350452.6
268,1675609200000,1389230.3
269,1675612800000,1347590.89999999
270,1675616400000,1349969.0
271,1675620000000,1267740.8
272,1675623600000,1264379.6
273,1675627200000,1301289.0
274,1675630800000,1299307.0
275,1675634400000,1292885.1
276,1675638000000,1319690.0
277,1675641600000,1357534.89999999
278,1675645200000,1379692.2
279,1675648800000,1370687.8
280,1675652400000,1347462.7
281,1675656000000,1342826.89999999
282,1675659600000,1337163.39999999
283,1675663200000,1351651.0
284,1675666800000,1353829.0
285,1675670400000,1349337.8
286,1675674000000,1352001.8
287,1675677600000,1356378.1
288,1675681200000,1387382.1
289,1675684800000,1376155.1
290,1675688400000,1374661.3
291,1675692000000,1370369.39999999
292,1675695600000,1373589.6
293,1675699200000,1399497.3
294,1675702800000,1409945.3
295,1675706400000,1415504.9
296,1675710000000,1421575.4
297,1675713600000,1404777.5
298,1675717200000,1396057.7
299,1675720800000,1397227.39999999
300,1675724400000,1394136.6
301,1675728000000,1313095.6
302,1675731600000,1309877.1
303,1675735200000,1306604.5
304,1675738800000,1311357.3
305,1675742400000,1319466.5
306,1675746000000,1317194.5
307,1675749600000,1322215.1
308,1675753200000,1301425.0
309,1675756800000,1297785.0
310,1675760400000,1315997.0
311,1675764000000,1352287.3
312,1675767600000,1355915.0
313,1675771200000,1376291.7
314,1675774800000,1403668.7
315,1675778400000,1404778.5
316,1675782000000,1423562.9
317,1675785600000,1490240.0
318,1675789200000,1488894.0
319,1675792800000,1495766.5
320,1675796400000,1429263.7
321,1675800000000,1462354.1
322,1675803600000,1513658.3
323,1675807200000,1570815.4
324,1675810800000,1567501.5
325,1675814400000,1577976.3
326,1675818000000,1578461.7
327,1675821600000,1584220.9
328,1675825200000,1633920.4
329,1675828800000,1662825.5
330,1675832400000,1671363.2
331,1675836000000,1629733.4
332,1675839600000,1630913.2
333,1675843200000,1644256.4
334,1675846800000,1676017.1
335,1675850400000,1693400.9
336,1675854000000,1665033.0
337,1675857600000,1682701.5
338,1675861200000,1694426.1
339,1675864800000,1709750.6
340,1675868400000,1771266.6
341,1675872000000,1647416.1
342,1675875600000,1561427.2
343,1675879200000,1566127.2
344,1675882800000,1593261.7
345,1675886400000,1572058.8
346,1675890000000,1600053.5
347,1675893600000,1587104.2
348,1675897200000,1569535.8
349,1675900800000,1559409.1
350,1675904400000,1549221.8
351,1675908000000,1590584.4
352,1675911600000,1577464.6
353,1675915200000,1532077.4
354,1675918800000,1544559.4
355,1675922400000,1548356.6
356,1675926000000,1554556.9
357,1675929600000,1553131.9
358,1675933200000,1533052.9
359,1675936800000,1453623.1
360,1675940400000,1451634.9
361,1675944000000,1440408.1
362,1675947600000,1425225.4
363,1675951200000,1451375.4
364,1675954800000,1448361.1
365,1675958400000,1449019.6
366,1675962000000,1371973.2
367,1675965600000,1362485.39999999
368,1675969200000,1355985.1
369,1675972800000,1286880.8
370,1675976400000,1272128.7
371,1675980000000,1202931.39999999
372,1675983600000,1140910.6
373,1675987200000,1100508.7
374,1675990800000,1101370.1
375,1675994400000,1091357.5
376,1675998000000,1087898.1
377,1676001600000,1087060.7
378,1676005200000,1091606.7
379,1676008800000,1104204.5
380,1676012400000,1115037.89999999
381,1676016000000,1114361.8
382,1676019600000,1138083.5
383,1676023200000,1143485.5
384,1676026800000,1136856.3
385,1676030400000,1136822.3
386,1676034000000,1131394.2
387,1676037600000,1129838.3
388,1676041200000,1135527.0
389,1676044800000,1084647.8
390,1676048400000,1077320.2
391,1676052000000,1083191.8
392,1676055600000,1077462.2
393,1676059200000,1073291.89999999
394,1676062800000,1074474.7
395,1676066400000,1068351.8
396,1676070000000,1066371.7
397,1676073600000,1060352.0
398,1676077200000,1065192.89999999
399,1676080800000,1066249.6
400,1676084400000,1063267.8
401,1676088000000,1064776.89999999
402,1676091600000,1070543.3
403,1676095200000,1055187.3
404,1676098800000,1054024.0
405,1676102400000,1052390.8
406,1676106000000,1064212.7
407,1676109600000,1071402.1
408,1676113200000,1068746.6
409,1676116800000,1073218.89999999
410,1676120400000,1062297.6
411,1676124000000,1082321.3
412,1676127600000,1084884.2
413,1676131200000,1089186.7
414,1676134800000,1073394.8
415,1676138400000,1059782.3
416,1676142000000,1058891.1
417,1676145600000,1058893.0
418,1676149200000,1059440.7
419,1676152800000,1055880.0
420,1676156400000,1054452.1
421,1676160000000,1064161.6
422,1676163600000,1060524.89999999
423,1676167200000,1063874.8
424,1676170800000,1078289.6
425,1676174400000,1074652.7
426,1676178000000,1055231.1
427,1676181600000,1055666.3
428,1676185200000,1054553.1
429,1676188800000,1047580.2
430,1676192400000,1037834.0
431,1676196000000,1035990.0
432,1676199600000,1042018.6
433,1676203200000,1037912.3
434,1676206800000,1034055.3
435,1676210400000,1046726.8
436,1676214000000,1044873.7
437,1676217600000,1047726.8
438,1676221200000,1051493.7
439,1676224800000,1077675.7
440,1676228400000,1072182.0
441,1676232000000,1102344.6
442,1676235600000,1099064.1
443,1676239200000,1074722.1
444,1676242800000,1088578.0
445,1676246400000,1070006.6
446,1676250000000,1042302.3
447,1676253600000,1049574.39999999
448,1676257200000,1061699.2
449,1676260800000,1056516.89999999
450,1676264400000,1057824.39999999
451,1676268000000,1054511.2
452,1676271600000,1055115.2
453,1676275200000,1052886.7
454,1676278800000,1064573.8
455,1676282400000,1064002.89999999
456,1676286000000,1050406.1
457,1676289600000,1058629.0
458,1676293200000,1062061.5
459,1676296800000,1072769.3
460,1676300400000,1073997.6
461,1676304000000,1074587.39999999
462,1676307600000,1087414.7
463,1676311200000,1076388.1
464,1676314800000,1068829.3
465,1676318400000,1077398.89999999
466,1676322000000,1071688.39999999
467,1676325600000,1064452.3
468,1676329200000,1055847.7
469,1676332800000,1049457.39999999
470,1676336400000,1060801.8
471,1676340000000,1062595.7
472,1676343600000,1061119.6
473,1676347200000,1058055.5
474,1676350800000,1064291.5
475,1676354400000,1053384.2
476,1676358000000,1049366.7
477,1676361600000,1043190.1
478,1676365200000,1043939.5
479,1676368800000,1038162.4
480,1676372400000,1042995.1
481,1676376000000,1039139.9
482,1676379600000,1050087.0
483,1676383200000,1065140.3
484,1676386800000,1085282.39999999
485,1676390400000,1093942.8
486,1676394000000,1088258.0
487,1676397600000,1085283.39999999
488,1676401200000,1084066.5
489,1676404800000,1074370.3
490,1676408400000,1086353.7
491,1676412000000,1085375.5
492,1676415600000,1071009.2
493,1676419200000,1073168.5
494,1676422800000,1076576.2
495,1676426400000,1074942.39999999
496,1676430000000,1075650.3
497,1676433600000,1076768.0
498,1676437200000,1073322.7
499,1676440800000,1074652.8
500,1676444400000,1082757.7
501,1676448000000,1107928.3
502,1676451600000,1107181.39999999
503,1676455200000,1108841.39999999
504,1676458800000,1118195.89999999
505,1676462400000,1112722.8
506,1676466000000,1101144.5
507,1676469600000,1113981.89999999
508,1676473200000,1105634.1
509,1676476800000,1098884.2
510,1676480400000,1103170.3
511,1676484000000,1108598.7
512,1676487600000,1136413.2
513,1676491200000,1125177.3
514,1676494800000,1130354.2
515,1676498400000,1123239.8
516,1676502000000,1111761.3
517,1676505600000,1121784.5
518,1676509200000,1113991.7
519,1676512800000,1122771.8
520,1676516400000,1112025.8
521,1676520000000,1119534.7
522,1676523600000,1146280.6
523,1676527200000,1150964.5
524,1676530800000,1143009.89999999
525,1676534400000,1140544.3
526,1676538000000,1140732.6
527,1676541600000,1151435.0
528,1676545200000,1138234.7
529,1676548800000,1137608.2
530,1676552400000,1134405.5
531,1676556000000,1117360.6
532,1676559600000,1124006.2
533,1676563200000,1151398.7
534,1676566800000,1188585.6
535,1676570400000,1286755.0
536,1676574000000,1286626.39999999
537,1676577600000,1324967.2
538,1676581200000,1310923.39999999
539,1676584800000,1310725.39999999
540,1676588400000,1241570.8
541,1676592000000,1239907.5
542,1676595600000,1238861.1
543,1676599200000,1299212.0
544,1676602800000,1358374.2
545,1676606400000,1528062.3
546,1676610000000,1641692.0
547,1676613600000,1670266.0
548,1676617200000,1662614.2
549,1676620800000,1720889.4
550,1676624400000,1784237.7
551,1676628000000,1816933.8
552,1676631600000,1926718.9
553,1676635200000,1989425.7
554,1676638800000,2003506.6
555,1676642400000,2103750.5
556,1676646000000,2211952.29999999
557,1676649600000,2307226.6
558,1676653200000,2378106.79999999
559,1676656800000,2483183.29999999
560,1676660400000,2333298.7
561,1676664000000,2308492.4
562,1676667600000,2269371.9
563,1676671200000,2252217.4
564,1676674800000,2261713.1
565,1676678400000,2409727.4
566,1676682000000,2308943.6
567,1676685600000,2368540.2
568,1676689200000,2368168.7
569,1676692800000,2467011.79999999
570,1676696400000,2535959.1
571,1676700000000,2538050.5
572,1676703600000,2492014.7
573,1676707200000,2502113.29999999
574,1676710800000,2505651.6
575,1676714400000,2485951.1
576,1676718000000,2443261.5
577,1676721600000,2406486.79999999
578,1676725200000,2390768.2
579,1676728800000,2384514.79999999
580,1676732400000,2388537.2
581,1676736000000,2410245.0
582,1676739600000,2473355.6
583,1676743200000,2490059.29999999
584,1676746800000,2500580.79999999
585,1676750400000,2567872.79999999
586,1676754000000,2586034.0
587,1676757600000,2436072.6
588,1676761200000,2387394.5
589,1676764800000,2375927.5
590,1676768400000,2385374.6
591,1676772000000,2426931.9
592,1676775600000,2459391.79999999
593,1676779200000,2491337.0
594,1676782800000,2569249.79999999
595,1676786400000,2736781.29999999
596,1676790000000,2820634.2
597,1676793600000,2766052.1
598,1676797200000,2837353.7
599,1676800800000,2967988.4
600,1676804400000,2964542.1
601,1676808000000,3067292.7
602,1676811600000,3131514.9
603,1676815200000,3200469.0
604,1676818800000,3232403.4
605,1676822400000,3244526.8
606,1676826000000,2922365.8
607,1676829600000,2904187.5
608,1676833200000,2710229.5
609,1676836800000,2631936.2
610,1676840400000,2631824.2
611,1676844000000,2550494.0
612,1676847600000,2583725.4
613,1676851200000,2437009.4
614,1676854800000,2485730.5
615,1676858400000,2371022.9
616,1676862000000,2366138.79999999
617,1676865600000,2385711.6
618,1676869200000,2452344.1
619,1676872800000,2371064.5
620,1676876400000,2413331.5
621,1676880000000,2409693.6
622,1676883600000,2443279.29999999
623,1676887200000,2415244.79999999
624,1676890800000,2357898.4
625,1676894400000,2390642.0
626,1676898000000,2402718.1
627,1676901600000,2356586.9
628,1676905200000,2299344.1
629,1676908800000,2280432.6
630,1676912400000,2271717.6
631,1676916000000,2251561.5
632,1676919600000,2115580.6
633,1676923200000,2135817.1
634,1676926800000,2112615.5
635,1676930400000,2139685.2
636,1676934000000,2173949.6
637,1676937600000,2323737.6
638,1676941200000,2441535.5
639,1676944800000,2436906.2
640,1676948400000,2430321.29999999
641,1676952000000,2382366.1
642,1676955600000,2205580.2
643,1676959200000,2197532.5
644,1676962800000,2232691.6
645,1676966400000,2206068.6
646,1676970000000,2289705.1
647,1676973600000,2341322.79999999
648,1676977200000,2342936.1
649,1676980800000,2307839.79999999
650,1676984400000,2279094.5
651,1676988000000,2250356.7
652,1676991600000,2180269.9
653,1676995200000,2339273.1
654,1676998800000,2102312.4
655,1677002400000,2142202.9
656,1677006000000,2112326.0
657,1677009600000,2162707.2
658,1677013200000,2102572.1
659,1677016800000,2057315.8
660,1677020400000,2123937.0
661,1677024000000,2124994.2
662,1677027600000,2124763.0
663,1677031200000,2102803.29999999
664,1677034800000,2070324.1
665,1677038400000,2137502.5
666,1677042000000,2133992.1
667,1677045600000,2192424.5
668,1677049200000,2156205.29999999
669,1677052800000,2265327.29999999
670,1677056400000,2238220.0
671,1677060000000,2246618.5
672,1677063600000,2288730.4
673,1677067200000,2285065.1
674,1677070800000,2243742.6
675,1677074400000,2253132.0
676,1677078000000,2349125.79999999
677,1677081600000,2413159.5
678,1677085200000,2375601.1
679,1677088800000,2339022.7
680,1677092400000,2524547.9
681,1677096000000,2562968.0
682,1677099600000,2467973.1
683,1677103200000,2321305.2
684,1677106800000,2505723.7
685,1677110400000,2651489.4
686,1677114000000,2635926.29999999
687,1677117600000,2682189.9
688,1677121200000,2760242.29999999
689,1677124800000,2473090.29999999
690,1677128400000,2362091.79999999
691,1677132000000,2513702.5
692,1677135600000,2514000.6
693,1677139200000,2557903.29999999
694,1677142800000,2560730.9
695,1677146400000,2479546.9
696,1677150000000,2541464.29999999
697,1677153600000,2449923.2
698,1677157200000,2382355.5
699,1677160800000,2330099.5
700,1677164400000,2341012.9
701,1677168000000,2290305.7
702,1677171600000,2216526.29999999
703,1677175200000,2243684.79999999
704,1677178800000,2124927.7
705,1677182400000,2147775.4
706,1677186000000,2203690.6
707,1677189600000,2203334.4
708,1677193200000,2196833.5
709,1677196800000,2201497.4
710,1677200400000,2258259.29999999
711,1677204000000,2257326.5
712,1677207600000,2209435.29999999
713,1677211200000,2255538.7
714,1677214800000,2269389.1
715,1677218400000,2216427.79999999
716,1677222000000,2183121.4
717,1677225600000,2168530.2
718,1677229200000,2168817.1
719,1677232800000,2192347.1
720,1677236400000,2199202.5
721,1677240000000,2211075.4
722,1677243600000,2256785.6
723,1677247200000,2304459.1
724,1677250800000,2341577.4
725,1677254400000,2253102.2
726,1677258000000,2114212.5
727,1677261600000,2107543.1
728,1677265200000,2088588.1
729,1677268800000,2132525.7
730,1677272400000,2105888.0
731,1677276000000,2176959.4
732,1677279600000,2131626.1
733,1677283200000,2108651.7
734,1677286800000,2124099.29999999
735,1677290400000,2138684.4
736,1677294000000,2143594.2
737,1677297600000,2144225.2
738,1677301200000,2135719.5
739,1677304800000,2138822.79999999
740,1677308400000,2178386.6
741,1677312000000,2177954.6
742,1677315600000,2185032.7
743,1677319200000,2230264.79999999
744,1677322800000,2223925.7
745,1677326400000,2196139.6
746,1677330000000,2143899.5
747,1677333600000,2095373.1
748,1677337200000,2108258.9
749,1677340800000,2110291.29999999
750,1677344400000,2071215.9
751,1677348000000,2100727.7
752,1677351600000,2058334.6
753,1677355200000,2050619.7
754,1677358800000,2114837.6
755,1677362400000,2127351.29999999
756,1677366000000,2093168.2
757,1677369600000,2058260.0
758,1677373200000,2068118.8
759,1677376800000,2064083.1
760,1677380400000,2025316.1
761,1677384000000,2064594.2
762,1677387600000,2090177.1
763,1677391200000,2074856.0
764,1677394800000,1966064.0
765,1677398400000,1979237.9
766,1677402000000,1935979.7
767,1677405600000,1992943.5
768,1677409200000,2032843.1
769,1677412800000,2037583.8
770,1677416400000,2062259.9
771,1677420000000,2078253.0
772,1677423600000,2045003.0
773,1677427200000,2075129.7
774,1677430800000,2074056.0
775,1677434400000,2062623.2
776,1677438000000,2085649.8
777,1677441600000,2099952.5
778,1677445200000,2127315.29999999
779,1677448800000,2125821.79999999
780,1677452400000,2110089.9
781,1677456000000,2078975.7
782,1677459600000,2087651.5
783,1677463200000,2097940.2
784,1677466800000,2076424.1
785,1677470400000,2105150.6
786,1677474000000,2050349.0
787,1677477600000,2085007.8
788,1677481200000,2051003.8
789,1677484800000,2035355.4
790,1677488400000,2012264.9
791,1677492000000,2034736.8
792,1677495600000,2052424.1
793,1677499200000,2022713.5
794,1677502800000,2035370.5
795,1677506400000,2057856.6
796,1677510000000,2101089.2
797,1677513600000,2114357.79999999
798,1677517200000,2048698.9
799,1677520800000,2002248.0
800,1677524400000,1973336.0
801,1677528000000,1986589.7
802,1677531600000,1951173.4
803,1677535200000,1974837.1
804,1677538800000,2021106.1
805,1677542400000,2017817.4
806,1677546000000,1984422.3
807,1677549600000,1965948.1
808,1677553200000,1969030.4
809,1677556800000,2003499.8
810,1677560400000,1914775.3
811,1677564000000,1885058.3
812,1677567600000,1874552.6
813,1677571200000,1866486.8
814,1677574800000,1876923.6
815,1677578400000,1972965.0
816,1677582000000,1958650.9
817,1677585600000,2033068.1
818,1677589200000,2029109.9
819,1677592800000,2030837.7
820,1677596400000,2045086.3
821,1677600000000,2067584.0
822,1677603600000,2086703.8
823,1677607200000,2102422.79999999
824,1677610800000,2125610.79999999
825,1677614400000,2070277.3
826,1677618000000,2073462.0
827,1677621600000,2035391.7
828,1677625200000,2029580.9
829,1677628800000,2037471.8
830,1677632400000,2017123.1
831,1677636000000,2058000.0
832,1677639600000,2065486.7
833,1677643200000,2145376.6
834,1677646800000,2203614.79999999
835,1677650400000,2178822.9
836,1677654000000,2224764.5
837,1677657600000,2211480.5
838,1677661200000,2236021.1
839,1677664800000,2466945.6
840,1677668400000,2484822.5
841,1677672000000,2466008.4
842,1677675600000,2520560.1
843,1677679200000,2510542.7
844,1677682800000,2550869.9
845,1677686400000,2537134.1
846,1677690000000,2389974.29999999
847,1677693600000,2756597.7
848,1677697200000,2924924.4
849,1677700800000,2805617.9
850,1677704400000,2977653.0
851,1677708000000,3069877.1
852,1677711600000,3062689.7
853,1677715200000,3064589.7
854,1677718800000,3153662.8
855,1677722400000,2972581.6
856,1677726000000,2794568.6
857,1677729600000,2748029.2
858,1677733200000,2730073.2
859,1677736800000,2697849.29999999
860,1677740400000,2643663.29999999
861,1677744000000,2636690.2
862,1677747600000,2614334.2
863,1677751200000,2623804.1
864,1677754800000,2619242.6
865,1677758400000,2632793.0
866,1677762000000,2537240.5
867,1677765600000,2518518.4
868,1677769200000,2494819.29999999
869,1677772800000,2539561.29999999
870,1677776400000,2603179.9
871,1677780000000,2635222.29999999
872,1677783600000,2820012.2
873,1677787200000,2779049.2
874,1677790800000,2815201.9
875,1677794400000,2828601.2
876,1677798000000,2804282.0
877,1677801600000,2785156.79999999
878,1677805200000,2773084.9
879,1677808800000,2242829.6
880,1677812400000,2232115.29999999
881,1677816000000,2147710.0
882,1677819600000,2238228.1
883,1677823200000,2264576.7
884,1677826800000,2296543.79999999
885,1677830400000,2298913.2
886,1677834000000,2296424.2
887,1677837600000,2221774.5
888,1677841200000,2200598.4
889,1677844800000,2207581.79999999
890,1677848400000,2188140.9
891,1677852000000,2186234.2
892,1677855600000,2133768.7
893,1677859200000,2122673.4
894,1677862800000,2121936.4
895,1677866400000,2137953.1
896,1677870000000,2175096.29999999
897,1677873600000,2251297.7
898,1677877200000,2244794.29999999
899,1677880800000,2087032.0
900,1677884400000,2100699.79999999
901,1677888000000,2148355.79999999
902,1677891600000,2148240.1
903,1677895200000,2138934.29999999
904,1677898800000,2127922.4
905,1677902400000,2134651.29999999
906,1677906000000,2125102.7
907,1677909600000,2144256.0
908,1677913200000,2143606.5
909,1677916800000,2133779.6
910,1677920400000,2109261.7
911,1677924000000,2151366.1
912,1677927600000,2146097.9
913,1677931200000,2179051.0
914,1677934800000,2153043.2
915,1677938400000,2157438.9
916,1677942000000,2183329.6
917,1677945600000,2175598.5
918,1677949200000,2166963.4
919,1677952800000,2156475.0
920,1677956400000,2152940.5
921,1677960000000,2145265.0
922,1677963600000,2157517.7
923,1677967200000,2114148.0
924,1677970800000,2112926.6
925,1677974400000,2104773.7
926,1677978000000,2069776.3
927,1677981600000,2077298.7
928,1677985200000,2060500.9
929,1677988800000,2059134.3
930,1677992400000,2045329.2
931,1677996000000,2067215.7
932,1677999600000,2073320.5
933,1678003200000,2091151.6
934,1678006800000,2063363.0
935,1678010400000,2054481.8
936,1678014000000,2024097.3
937,1678017600000,2024091.2
938,1678021200000,2016078.2
939,1678024800000,2028314.5
940,1678028400000,2043667.9
941,1678032000000,2039302.6
942,1678035600000,2013760.1
943,1678039200000,2002935.9
944,1678042800000,1979842.6
945,1678046400000,1981041.2
946,1678050000000,1990857.3
947,1678053600000,1980648.3
948,1678057200000,1986187.0
949,1678060800000,1978053.4
950,1678064400000,1994736.8
951,1678068000000,1980919.3
952,1678071600000,1983099.2
953,1678075200000,2001642.2
954,1678078800000,2011109.7
955,1678082400000,2030479.8
956,1678086000000,2010978.6
957,1678089600000,2026032.1
958,1678093200000,2046549.3
959,1678096800000,2047173.3
960,1678100400000,2096374.0
961,1678104000000,2111315.1
962,1678107600000,2130227.1
963,1678111200000,2113654.0
964,1678114800000,2110341.7
965,1678118400000,2104612.29999999
966,1678122000000,2115261.7
967,1678125600000,2115582.5
968,1678129200000,2113242.4
969,1678132800000,2096790.4
970,1678136400000,2061192.6
971,1678140000000,2068224.7
972,1678143600000,2090162.4
973,1678147200000,2111976.4
974,1678150800000,2132003.0
975,1678154400000,2141612.9
976,1678158000000,2127493.9
977,1678161600000,2107619.7
978,1678165200000,2128207.2
979,1678168800000,2133506.4
980,1678172400000,2151755.6
981,1678176000000,2185669.4
982,1678179600000,2216913.79999999
983,1678183200000,2183109.2
984,1678186800000,2186771.1
985,1678190400000,2214588.79999999
986,1678194000000,2220792.2
987,1678197600000,2246249.79999999
988,1678201200000,2254696.79999999
989,1678204800000,2202531.5
990,1678208400000,2169914.5
991,1678212000000,2182196.79999999
992,1678215600000,2168710.1
993,1678219200000,2180028.5
994,1678222800000,2198131.9
995,1678226400000,2174199.5
996,1678230000000,2186729.0
997,1678233600000,2162151.5
998,1678237200000,2173067.79999999
999,1678240800000,2210123.9
1000,1678244400000,2247141.0
1001,1678248000000,2230891.4
1002,1678251600000,2273698.0
1003,1678255200000,2245416.2
1004,1678258800000,2256912.0
1005,1678262400000,2265095.7
1006,1678266000000,2257708.4
1007,1678269600000,2260487.2
1008,1678273200000,2268400.6
1009,1678276800000,2266892.79999999
1010,1678280400000,2222932.5
1011,1678284000000,2165890.79999999
1012,1678287600000,2140473.2
1013,1678291200000,2129085.79999999
1014,1678294800000,2130368.5
1015,1678298400000,2143632.79999999
1016,1678302000000,2119117.4
1017,1678305600000,2103550.9
1018,1678309200000,2180618.7
1019,1678312800000,2137041.4
1020,1678316400000,2101526.6
1021,1678320000000,2113936.2
1022,1678323600000,2096717.7
1023,1678327200000,2128691.2
1024,1678330800000,2106943.7
1025,1678334400000,2086225.7
1026,1678338000000,2051337.4
1027,1678341600000,2059971.5
1028,1678345200000,2068583.6
1029,1678348800000,2066695.0
1030,1678352400000,2060301.5
1031,1678356000000,2064037.5
1032,1678359600000,2070861.8
1033,1678363200000,2255740.7
1034,1678366800000,2254147.79999999
1035,1678370400000,2232380.0
1036,1678374000000,2284591.6
1037,1678377600000,2243799.7
1038,1678381200000,2080045.0
1039,1678384800000,2171944.29999999
1040,1678388400000,2164736.2
1041,1678392000000,2216127.6
1042,1678395600000,2071576.0
1043,1678399200000,2034176.1
1044,1678402800000,1952246.0
1045,1678406400000,1896548.3
1046,1678410000000,1938270.8
1047,1678413600000,1933861.8
1048,1678417200000,2133689.0
1049,1678420800000,2120202.5
1050,1678424400000,2105355.2
1051,1678428000000,2150327.29999999
1052,1678431600000,2146201.79999999
1053,1678435200000,2153060.2
1054,1678438800000,2153525.9
1055,1678442400000,2169731.9
1056,1678446000000,2097682.29999999
1057,1678449600000,2132562.4
1058,1678453200000,2123651.9
1059,1678456800000,2049787.7
1060,1678460400000,2064921.1
1061,1678464000000,2101865.4
1062,1678467600000,2120166.2
1063,1678471200000,2111722.6
1064,1678474800000,2054125.3
1065,1678478400000,2075557.9
1066,1678482000000,2103939.6
1067,1678485600000,2083803.8
1068,1678489200000,2130403.9
1069,1678492800000,2123705.2
1070,1678496400000,2112178.5
1071,1678500000000,2004400.8
1072,1678503600000,2034544.9
1073,1678507200000,1984705.3
1074,1678510800000,1989472.6
1075,1678514400000,1980112.1
1076,1678518000000,1979580.3
1077,1678521600000,1940141.7
1078,1678525200000,1949935.6
1079,1678528800000,2010635.2
1080,1678532400000,1915034.0
1081,1678536000000,1871077.0
1082,1678539600000,1890477.9
1083,1678543200000,1919169.4
1084,1678546800000,1902448.5
1085,1678550400000,1891417.8
1086,1678554000000,1936979.8
1087,1678557600000,1957232.9
1088,1678561200000,1983033.9
1089,1678564800000,1989809.1
1090,1678568400000,1983694.4
1091,1678572000000,1954467.0
1092,1678575600000,1947140.7
1093,1678579200000,1943047.0
1094,1678582800000,1921442.8
1095,1678586400000,1902876.2
1096,1678590000000,1901181.8
1097,1678593600000,1897103.2
1098,1678597200000,1895738.2
1099,1678600800000,1898707.6
1100,1678604400000,1855230.6
1101,1678608000000,1838659.6
1102,1678611600000,1844005.9
1103,1678615200000,1862986.5
1104,1678618800000,1856924.8
1105,1678622400000,1874361.5
1106,1678626000000,1842018.4
1107,1678629600000,1907392.9
1108,1678633200000,1922275.9
1109,1678636800000,1881473.4
1110,1678640400000,1876434.0
1111,1678644000000,1805516.0
1112,1678647600000,1872643.3
1113,1678651200000,1854309.4
1114,1678654800000,1940192.0
1115,1678658400000,1964797.5
1116,1678662000000,1970009.2
1117,1678665600000,1974551.1
1118,1678669200000,1989671.6
1119,1678672800000,2016631.9
1120,1678676400000,2028231.9
1121,1678680000000,2063832.3
1122,1678683600000,2137187.0
1123,1678687200000,2179851.4
1124,1678690800000,2232633.79999999
1125,1678694400000,2242899.2
1126,1678698000000,2256407.29999999
1127,1678701600000,2250076.1
1128,1678705200000,2243498.29999999
1129,1678708800000,2325529.4
1130,1678712400000,2317506.5
1131,1678716000000,2318665.0
1132,1678719600000,2285380.4
1133,1678723200000,2170121.5
1134,1678726800000,2207026.9
1135,1678730400000,2190301.9
1136,1678734000000,2188612.4
1137,1678737600000,2215154.1
1138,1678741200000,2174384.5
1139,1678744800000,2149627.29999999
1140,1678748400000,2166507.0
1141,1678752000000,2186581.4
1142,1678755600000,2222625.9
1143,1678759200000,2211438.6
1144,1678762800000,2229767.29999999
1145,1678766400000,2247363.1
1146,1678770000000,2229804.1
1147,1678773600000,2282235.7
1148,1678777200000,2290934.6
1149,1678780800000,2268628.7
1150,1678784400000,2250926.9
1151,1678788000000,2258759.79999999
1152,1678791600000,2264063.7
1153,1678795200000,2245659.6
1154,1678798800000,2166105.7
1155,1678802400000,2200139.9
1156,1678806000000,2203321.9
1157,1678809600000,2267084.79999999
1158,1678813200000,2243653.5
1159,1678816800000,2262250.6
1160,1678820400000,2248778.9
1161,1678824000000,2143842.5
1162,1678827600000,2109237.1
1163,1678831200000,2177533.9
1164,1678834800000,2158703.1
1165,1678838400000,2168188.7
1166,1678842000000,2150680.6
1167,1678845600000,2117767.6
1168,1678849200000,2125062.0
1169,1678852800000,2179296.9
1170,1678856400000,2164079.1
1171,1678860000000,2161699.5
1172,1678863600000,2146448.79999999
1173,1678867200000,2166645.2
1174,1678870800000,2177332.79999999
1175,1678874400000,2185253.4
1176,1678878000000,2194203.2
1177,1678881600000,2127874.5
1178,1678885200000,2213871.0
1179,1678888800000,2140350.6
1180,1678892400000,2148469.7
1181,1678896000000,2087749.2
1182,1678899600000,2002271.7
1183,1678903200000,2008943.7
1184,1678906800000,2593018.5
1185,1678910400000,2580602.6
1186,1678914000000,2669516.79999999
1187,1678917600000,2729605.7
1188,1678921200000,2763372.2
1189,1678924800000,2836622.6
1190,1678928400000,2814197.2
1191,1678932000000,2683228.7
1192,1678935600000,2637771.29999999
1193,1678939200000,2601399.4
1194,1678942800000,2596311.2
1195,1678946400000,2614325.6
1196,1678950000000,2660858.4
1197,1678953600000,2725537.29999999
1198,1678957200000,2768311.4
1199,1678960800000,2721148.6
1200,1678964400000,2743548.0
1201,1678968000000,2741382.1
1202,1678971600000,2555455.2
1203,1678975200000,2384303.4
1204,1678978800000,2367255.29999999
1205,1678982400000,2378624.7
1206,1678986000000,2397355.4
1207,1678989600000,2435778.0
1208,1678993200000,2435426.2
1209,1678996800000,2357572.2
1210,1679000400000,2321030.0
1211,1679004000000,2347005.5
1212,1679007600000,2302155.4
1213,1679011200000,2327435.29999999
1214,1679014800000,2296750.0
1215,1679018400000,2246802.7
1216,1679022000000,2209241.2
1217,1679025600000,2216763.79999999
1218,1679029200000,2258283.0
1219,1679032800000,2315381.29999999
1220,1679036400000,2403178.7
1221,1679040000000,2411390.5
1222,1679043600000,2377142.6
1223,1679047200000,2408152.1
1224,1679050800000,2521395.7
1225,1679054400000,2603204.7
1226,1679058000000,2517075.0
1227,1679061600000,2515154.6
1228,1679065200000,2397088.4
1229,1679068800000,2407707.4
1230,1679072400000,2405483.6
1231,1679076000000,2443564.79999999
1232,1679079600000,2319531.2
1233,1679083200000,2387228.7
1234,1679086800000,2351602.7
1235,1679090400000,2401471.5
1236,1679094000000,2390376.4
1237,1679097600000,2205109.79999999
1238,1679101200000,2166560.79999999
1239,1679104800000,2135336.2
1240,1679108400000,2188361.4
1241,1679112000000,2149586.0
1242,1679115600000,2111471.0
1243,1679119200000,2118562.79999999
1244,1679122800000,2089866.2
1245,1679126400000,2087844.4
1246,1679130000000,2100299.9
1247,1679133600000,2145976.2
1248,1679137200000,2101860.7
1249,1679140800000,2103844.7
1250,1679144400000,2075243.1
1251,1679148000000,2049708.7
1252,1679151600000,2077409.7
1253,1679155200000,2021040.3
1254,1679158800000,1968905.4
1255,1679162400000,1939176.5
1256,1679166000000,1958789.0
1257,1679169600000,1987948.0
1258,1679173200000,1970977.9
1259,1679176800000,1960711.8
1260,1679180400000,1963715.6
1261,1679184000000,1949842.9
1262,1679187600000,1928718.9
1263,1679191200000,1919937.6
1264,1679194800000,1918481.1
1265,1679198400000,1918190.0
1266,1679202000000,1933555.1
1267,1679205600000,1975275.0
1268,1679209200000,1902609.3
1269,1679212800000,1893525.1
1270,1679216400000,1895510.4
1271,1679220000000,1900510.2
1272,1679223600000,1921262.0
1273,1679227200000,1883185.6
1274,1679230800000,1893992.8
1275,1679234400000,1976558.7
1276,1679238000000,1985830.6
1277,1679241600000,1922884.6
1278,1679245200000,1983624.4
1279,1679248800000,2019556.9
1280,1679252400000,1989447.5
1281,1679256000000,1932440.8
1282,1679259600000,1886976.2
1283,1679263200000,1874097.0
1284,1679266800000,1871617.8
1285,1679270400000,1841961.7
1286,1679274000000,1821126.4
1287,1679277600000,1838851.3
1288,1679281200000,1810992.9
1289,1679284800000,1835194.0
1290,1679288400000,1840026.4
1291,1679292000000,1846391.8
1292,1679295600000,1846570.5
1293,1679299200000,1878522.5
1294,1679302800000,1878059.3
1295,1679306400000,1883107.3
1296,1679310000000,1885212.0
1297,1679313600000,1918632.7
1298,1679317200000,1942525.1
1299,1679320800000,1896398.4
1300,1679324400000,1909377.2
1301,1679328000000,1927264.4
1302,1679331600000,1892664.9
1303,1679335200000,1852590.1
1304,1679338800000,1918028.3
1305,1679342400000,1750915.3
1306,1679346000000,1745663.8
1307,1679349600000,1775390.1
1308,1679353200000,1846888.7
1309,1679356800000,1840566.2
1310,1679360400000,1854212.3
1311,1679364000000,1829917.8
1312,1679367600000,1784148.1
1313,1679371200000,1766849.5
1314,1679374800000,1794991.7
1315,1679378400000,1762668.2
1316,1679382000000,1763022.5
1317,1679385600000,1730622.0
1318,1679389200000,1733427.6
1319,1679392800000,1726821.0
1320,1679396400000,1732152.9
1321,1679400000000,1731307.8
1322,1679403600000,1738081.9
1323,1679407200000,1805243.5
1324,1679410800000,1778427.7
1325,1679414400000,1746028.3
1326,1679418000000,1749402.1
1327,1679421600000,1759940.8
1328,1679425200000,1752189.4
1329,1679428800000,1747195.6
1330,1679432400000,1808811.2
1331,1679436000000,1894604.4
1332,1679439600000,1941764.1
1333,1679443200000,1940889.8
1334,1679446800000,1950353.6
1335,1679450400000,1939465.6
1336,1679454000000,1936775.9
1337,1679457600000,1932180.6
1338,1679461200000,1932114.7
1339,1679464800000,1947357.3
1340,1679468400000,1942971.9
1341,1679472000000,1957853.5
1342,1679475600000,1953823.2
1343,1679479200000,1937976.7
1344,1679482800000,1955263.7
1345,1679486400000,1957885.5
1346,1679490000000,1975673.2
1347,1679493600000,1995358.3
1348,1679497200000,1983166.0
1349,1679500800000,2005444.0
1350,1679504400000,2003432.8
1351,1679508000000,1918472.9
1352,1679511600000,1884183.4
1353,1679515200000,1773848.0
1354,1679518800000,1837336.5
1355,1679522400000,1830374.1
1356,1679526000000,1836846.5
1357,1679529600000,1858706.5
1358,1679533200000,1866282.9
1359,1679536800000,1846255.2
1360,1679540400000,1837678.2
1361,1679544000000,1842199.2
1362,1679547600000,1823022.6
1363,1679551200000,1815390.6
1364,1679554800000,1828222.0
1365,1679558400000,1808130.8
1366,1679562000000,1828567.8
1367,1679565600000,1824190.7
1368,1679569200000,1857017.0
1369,1679572800000,1864955.9
1370,1679576400000,1862229.5
1371,1679580000000,1830569.4
1372,1679583600000,1782330.0
1373,1679587200000,1771645.2
1374,1679590800000,1766045.7
1375,1679594400000,1813569.3
1376,1679598000000,1794236.2
1377,1679601600000,1792402.5
1378,1679605200000,1780466.0
1379,1679608800000,1775385.1
1380,1679612400000,1792852.6
1381,1679616000000,1770215.7
1382,1679619600000,1770752.1
1383,1679623200000,1778375.3
1384,1679626800000,1771133.1
1385,1679630400000,1794080.3
1386,1679634000000,1769956.5
1387,1679637600000,1773024.6
1388,1679641200000,1781541.3
1389,1679644800000,1760165.1
1390,1679648400000,1746353.5
1391,1679652000000,1787532.9
1392,1679655600000,1875884.3
1393,1679659200000,1816204.2
1394,1679662800000,1846533.2
1395,1679666400000,1834825.2
1396,1679670000000,1844017.5
1397,1679673600000,1822656.1
1398,1679677200000,1818239.1
1399,1679680800000,1789267.5
1400,1679684400000,1780136.9
1401,1679688000000,1812659.2
1402,1679691600000,1800284.2
1403,1679695200000,1815141.3
1404,1679698800000,1876663.5
1405,1679702400000,1910955.1
1406,1679706000000,1917965.4
1407,1679709600000,1928855.6
1408,1679713200000,1917958.8
1409,1679716800000,1917200.0
1410,1679720400000,1912455.4
1411,1679724000000,1911144.6
1412,1679727600000,1896073.9
1413,1679731200000,1901491.0
1414,1679734800000,1906763.6
1415,1679738400000,1902116.3
1416,1679742000000,1894448.7
1417,1679745600000,1891523.2
1418,1679749200000,1885462.7
1419,1679752800000,1880888.3
1420,1679756400000,1888209.9
1421,1679760000000,1875038.4
1422,1679763600000,1871949.4
1423,1679767200000,1880379.4
1424,1679770800000,1870694.4
1425,1679774400000,1795823.3
1426,1679778000000,1817003.7
1427,1679781600000,1817042.7
1428,1679785200000,1819929.0
1429,1679788800000,1831565.3
1430,1679792400000,1799293.8
1431,1679796000000,1797589.1
1432,1679799600000,1781350.6
1433,1679803200000,1768415.6
1434,1679806800000,1765625.7
1435,1679810400000,1793520.5
1436,1679814000000,1838737.1
1437,1679817600000,1856411.8
1438,1679821200000,1881080.4
1439,1679824800000,1894732.7
1440,1679828400000,1874270.5
1441,1679832000000,1884355.5
1442,1679835600000,1906016.7
1443,1679839200000,1940609.8
1444,1679842800000,1860478.2
1445,1679846400000,1890332.1
1446,1679850000000,1855022.0
1447,1679853600000,1861303.4
1448,1679857200000,1837757.5
1449,1679860800000,1845277.5
1450,1679864400000,1846379.3
1451,1679868000000,1838510.7
1452,1679871600000,1892109.7
1453,1679875200000,1894837.9
1454,1679878800000,1924121.9
1455,1679882400000,1911554.3
1456,1679886000000,1913725.7
1457,1679889600000,1940498.7
1458,1679893200000,1906671.8
1459,1679896800000,1897232.4
1460,1679900400000,1914701.6
1461,1679904000000,1968432.1
1462,1679907600000,1965835.4
1463,1679911200000,2003237.7
1464,1679914800000,1988572.7
1465,1679918400000,2010723.1
1466,1679922000000,2038843.3
1467,1679925600000,2013446.5
1468,1679929200000,1950442.5
1469,1679932800000,1927514.0
1470,1679936400000,1948120.5
1471,1679940000000,1999306.4
1472,1679943600000,2024233.7
1473,1679947200000,2076645.5
1474,1679950800000,2102554.6
1475,1679954400000,2084196.7
1476,1679958000000,2121791.1
1477,1679961600000,2117132.4
1478,1679965200000,2119239.0
1479,1679968800000,2087540.5
1480,1679972400000,2086247.8
1481,1679976000000,2094345.0
1482,1679979600000,2042729.0
1483,1679983200000,2039081.6
1484,1679986800000,2033450.7
1485,1679990400000,2038684.2
1486,1679994000000,2034172.5
1487,1679997600000,2034633.1
1488,1680001200000,2000053.9
1489,1680004800000,2023442.0
1490,1680008400000,2081296.8
1491,1680012000000,2020718.3
1492,1680015600000,2079705.7
1493,1680019200000,2092867.3
1494,1680022800000,2086123.7
1495,1680026400000,2035086.8
1496,1680030000000,2048900.7
1497,1680033600000,2038391.3
1498,1680037200000,1969949.6
1499,1680040800000,1956579.8
1500,1680044400000,1998795.2
1501,1680048000000,2027478.8
1502,1680051600000,2044911.6
1503,1680055200000,2055663.2
1504,1680058800000,2071885.7
1505,1680062400000,2067835.0
1506,1680066000000,2070810.8
1507,1680069600000,2104621.9
1508,1680073200000,2131253.1
1509,1680076800000,2095207.1
1510,1680080400000,2089078.1
1511,1680084000000,2064614.7
1512,1680087600000,2057249.0
1513,1680091200000,2059714.5
1514,1680094800000,2057619.3
1515,1680098400000,2063321.7
1516,1680102000000,2043482.1
1517,1680105600000,2045022.9
1518,1680109200000,2058653.3
1519,1680112800000,2044592.8
1520,1680116400000,2093054.7
1521,1680120000000,2118860.1
1522,1680123600000,2118142.4
1523,1680127200000,2257283.1
1524,1680130800000,2242453.29999999
1525,1680134400000,2248637.79999999
1526,1680138000000,2247357.7
1527,1680141600000,2257409.4
1528,1680145200000,2223579.9
1529,1680148800000,2058026.4
1530,1680152400000,2115604.79999999
1531,1680156000000,2115470.7
1532,1680159600000,2098484.7
1533,1680163200000,2111433.29999999
1534,1680166800000,2096878.3
1535,1680170400000,2024281.5
1536,1680174000000,2018316.7
1537,1680177600000,2042353.5
1538,1680181200000,2061065.8
1539,1680184800000,2031435.0
1540,1680188400000,2038943.3
1541,1680192000000,2033348.1
1542,1680195600000,2117535.2
1543,1680199200000,2190918.1
1544,1680202800000,2212216.5
1545,1680206400000,2180086.29999999
1546,1680210000000,2124889.9
1547,1680213600000,2126755.6
1548,1680217200000,2131054.7
1549,1680220800000,2138902.29999999
1550,1680224400000,2184951.6
1551,1680228000000,2185802.7
1552,1680231600000,2195882.29999999
1553,1680235200000,2209086.7
1554,1680238800000,2221342.7
1555,1680242400000,2204724.0
1556,1680246000000,2205092.6
1557,1680249600000,2209763.79999999
1558,1680253200000,2211365.7
1559,1680256800000,2220144.29999999
1560,1680260400000,2236698.6
1561,1680264000000,2223986.7
1562,1680267600000,2257367.79999999
1563,1680271200000,2302141.1
1564,1680274800000,2246926.4
1565,1680278400000,2208548.1
1566,1680282000000,2192097.0
1567,1680285600000,2209783.29999999
1568,1680289200000,2201988.1
1569,1680292800000,2219097.6
1570,1680296400000,2221293.1
1571,1680300000000,2243827.7
1572,1680303600000,2210199.1
1573,1680307200000,2204106.4
1574,1680310800000,2247551.4
1575,1680314400000,2236496.4
1576,1680318000000,2284042.2
1577,1680321600000,2276816.2
1578,1680325200000,2290411.29999999
1579,1680328800000,2292475.4
1580,1680332400000,2227730.79999999
1581,1680336000000,2211432.7
1582,1680339600000,2196746.7
1583,1680343200000,2192596.79999999
1584,1680346800000,2189692.5
1585,1680350400000,2200560.7
1586,1680354000000,2196536.4
1587,1680357600000,2200644.6
1588,1680361200000,2201727.0
1589,1680364800000,2208069.5
1590,1680368400000,2236745.5
1591,1680372000000,2225932.9
1592,1680375600000,2198123.6
1593,1680379200000,2219689.0
1594,1680382800000,2197444.1
1595,1680386400000,2180223.7
1596,1680390000000,2176908.1
1597,1680393600000,2196352.5
1598,1680397200000,2187689.5
1599,1680400800000,2174284.9
1600,1680404400000,2170861.0
1601,1680408000000,2152309.9
1602,1680411600000,2169347.9
1603,1680415200000,2176615.5
1604,1680418800000,2182964.9
1605,1680422400000,2169839.29999999
1606,1680426000000,2169769.0
1607,1680429600000,2179424.5
1608,1680433200000,2204117.2
1609,1680436800000,2224050.1
1610,1680440400000,2183611.1
1611,1680444000000,2131367.6
1612,1680447600000,2117459.4
1613,1680451200000,2113793.1
1614,1680454800000,2088573.4
1615,1680458400000,2098097.6
1616,1680462000000,2094144.0
1617,1680465600000,2102267.9
1618,1680469200000,2094625.4
1619,1680472800000,2114730.2
1620,1680476400000,2100473.6
1621,1680480000000,2096001.9
1622,1680483600000,2079355.7
1623,1680487200000,2010643.4
1624,1680490800000,2059873.1
1625,1680494400000,2047262.1
1626,1680498000000,2048592.4
1627,1680501600000,2053293.0
1628,1680505200000,2069318.4
1629,1680508800000,2080781.9
1630,1680512400000,2040223.1
1631,1680516000000,2008126.8
1632,1680519600000,1969469.6
1633,1680523200000,1969656.9
1634,1680526800000,2022635.5
1635,1680530400000,2056424.3
1636,1680534000000,2075005.1
1637,1680537600000,2100874.5
1638,1680541200000,2108412.0
1639,1680544800000,2064080.6
1640,1680548400000,1989131.0
1641,1680552000000,1977071.3
1642,1680555600000,1944937.5
1643,1680559200000,1933726.5
1644,1680562800000,1926921.0
1645,1680566400000,1937845.6
1646,1680570000000,1937582.9
1647,1680573600000,1938688.9
1648,1680577200000,1956110.3
1649,1680580800000,1935863.8
1650,1680584400000,1932026.5
1651,1680588000000,1959216.5
1652,1680591600000,1955251.4
1653,1680595200000,1981376.4
1654,1680598800000,1976367.3
1655,1680602400000,1973332.1
1656,1680606000000,2014607.4
1657,1680609600000,2018278.2
1658,1680613200000,2018393.7
1659,1680616800000,1979713.5
1660,1680620400000,1987790.7
1661,1680624000000,1977609.1
1662,1680627600000,1968254.9
1663,1680631200000,1979387.1
1664,1680634800000,1988872.9
1665,1680638400000,1999729.7
1666,1680642000000,2009699.7
1667,1680645600000,1999607.4
1668,1680649200000,1990842.1
1669,1680652800000,1986835.0
1670,1680656400000,2017010.0
1671,1680660000000,2053118.8
1672,1680663600000,2090146.7
1673,1680667200000,2083857.4
1674,1680670800000,2088625.4
1675,1680674400000,2088170.3
1676,1680678000000,2097608.5
1677,1680681600000,2102032.5
1678,1680685200000,2134442.5
1679,1680688800000,2141073.6
1680,1680692400000,2177086.2
1681,1680696000000,2186300.7
1682,1680699600000,2166332.1
1683,1680703200000,2178784.79999999
1684,1680706800000,2116519.9
1685,1680710400000,2053515.4
1686,1680714000000,2067711.4
1687,1680717600000,2078136.5
1688,1680721200000,2101793.2
1689,1680724800000,2076299.1
1690,1680728400000,2067266.3
1691,1680732000000,2067802.9
1692,1680735600000,2077321.6
1693,1680739200000,2080918.5
1694,1680742800000,2067128.1
1695,1680746400000,2078350.2
1696,1680750000000,2097076.6
1697,1680753600000,2087762.3
1698,1680757200000,2105336.4
1699,1680760800000,2121645.4
1700,1680764400000,2112479.6
1701,1680768000000,2114817.6
1702,1680771600000,2110403.0
1703,1680775200000,2105257.0
1704,1680778800000,2094786.8
1705,1680782400000,2101776.0
1706,1680786000000,2109705.4
1707,1680789600000,2111348.9
1708,1680793200000,2105894.6
1709,1680796800000,2121707.29999999
1710,1680800400000,2122320.2
1711,1680804000000,2120728.9
1712,1680807600000,2126238.29999999
1713,1680811200000,2129266.79999999
1714,1680814800000,2099681.29999999
1715,1680818400000,2088384.3
1716,1680822000000,2157582.6
1717,1680825600000,2190956.2
1718,1680829200000,2176206.6
1719,1680832800000,2180756.6
1720,1680836400000,2188283.2
1721,1680840000000,2206154.1
1722,1680843600000,2198535.7
1723,1680847200000,2196207.79999999
1724,1680850800000,2201054.79999999
1725,1680854400000,2112690.9
1726,1680858000000,2080491.9
1727,1680861600000,2107619.9
1728,1680865200000,2083521.4
1729,1680868800000,2094547.7
1730,1680872400000,2173564.0
1731,1680876000000,2215841.29999999
1732,1680879600000,2313455.4
1733,1680883200000,2476277.9
1734,1680886800000,2439714.9
1735,1680890400000,2483382.1
1736,1680894000000,2525105.0
1737,1680897600000,2553085.79999999
1738,1680901200000,2568005.5
1739,1680904800000,2494003.1
1740,1680908400000,2430892.5
1741,1680912000000,2392919.29999999
1742,1680915600000,2390650.79999999
1743,1680919200000,2438151.0
1744,1680922800000,2447737.4
1745,1680926400000,2533808.79999999
1746,1680930000000,2474454.0
1747,1680933600000,2458371.0
1748,1680937200000,2470654.29999999
1749,1680940800000,2487286.79999999
1750,1680944400000,2472352.7
1751,1680948000000,2457557.1
1752,1680951600000,2451857.6
1753,1680955200000,2462450.4
1754,1680958800000,2476606.7
1755,1680962400000,2488243.79999999
1756,1680966000000,2458570.5
1757,1680969600000,2516493.9
1758,1680973200000,2487290.0
1759,1680976800000,2507576.0
1760,1680980400000,2476342.0
1761,1680984000000,2497734.6
1762,1680987600000,2491812.5
1763,1680991200000,2438452.2
1764,1680994800000,2451264.9
1765,1680998400000,2378069.79999999
1766,1681002000000,2411786.9
1767,1681005600000,2443473.29999999
1768,1681009200000,2367185.29999999
1769,1681012800000,2355835.29999999
1770,1681016400000,2337079.79999999
1771,1681020000000,2326597.6
1772,1681023600000,2233321.2
1773,1681027200000,2236025.6
1774,1681030800000,2228720.2
1775,1681034400000,2222958.2
1776,1681038000000,2223402.29999999
1777,1681041600000,2287469.79999999
1778,1681045200000,2347822.2
1779,1681048800000,2387602.1
1780,1681052400000,2203042.6
1781,1681056000000,2175056.0
1782,1681059600000,2183336.1
1783,1681063200000,2181326.6
1784,1681066800000,2154805.0
1785,1681070400000,2184189.2
1786,1681074000000,2165476.2
1787,1681077600000,2164362.5
1788,1681081200000,2139049.29999999
1789,1681084800000,2120512.2
1790,1681088400000,2112083.9
1791,1681092000000,2096200.7
1792,1681095600000,2116859.7
1793,1681099200000,2192923.6
1794,1681102800000,2187291.79999999
1795,1681106400000,2252194.4
1796,1681110000000,2236506.79999999
1797,1681113600000,2238036.7
1798,1681117200000,2246708.79999999
1799,1681120800000,2261696.79999999
1800,1681124400000,2276656.2
1801,1681128000000,2271455.79999999
1802,1681131600000,2273182.0
1803,1681135200000,2275965.4
1804,1681138800000,2341388.5
1805,1681142400000,2372625.7
1806,1681146000000,2342979.29999999
1807,1681149600000,2318596.79999999
1808,1681153200000,2324028.0
1809,1681156800000,2500081.9
1810,1681160400000,2545593.79999999
1811,1681164000000,2508613.9
1812,1681167600000,2547307.9
1813,1681171200000,2598003.0
1814,1681174800000,2556769.1
1815,1681178400000,2555969.4
1816,1681182000000,2510322.1
1817,1681185600000,2440013.1
1818,1681189200000,2419882.4
1819,1681192800000,2503117.1
1820,1681196400000,2497730.5
1821,1681200000000,2498978.0
1822,1681203600000,2512772.2
1823,1681207200000,2596428.0
1824,1681210800000,2630852.0
1825,1681214400000,2616700.0
1826,1681218000000,2542534.79999999
1827,1681221600000,2550527.5
1828,1681225200000,2551496.2
1829,1681228800000,2613891.6
1830,1681232400000,2627301.2
1831,1681236000000,2645206.0
1832,1681239600000,2645527.6
1833,1681243200000,2676655.7
1834,1681246800000,2621971.29999999
1835,1681250400000,2641485.29999999
1836,1681254000000,2651493.29999999
1837,1681257600000,2691813.5
1838,1681261200000,2647307.2
1839,1681264800000,2564158.9
1840,1681268400000,2504581.1
1841,1681272000000,2520634.0
1842,1681275600000,2527722.29999999
1843,1681279200000,2523349.1
1844,1681282800000,2519177.5
1845,1681286400000,2498992.29999999
1846,1681290000000,2498387.9
1847,1681293600000,2484087.4
1848,1681297200000,2482630.5
1849,1681300800000,2496226.0
1850,1681304400000,2457222.0
1851,1681308000000,2519900.7
1852,1681311600000,2532573.7
1853,1681315200000,2544054.4
1854,1681318800000,2550280.6
1855,1681322400000,2538591.0
1856,1681326000000,2515288.0
1857,1681329600000,2485803.29999999
1858,1681333200000,2495753.5
1859,1681336800000,2504895.5
1860,1681340400000,2504330.7
1861,1681344000000,2501899.9
1862,1681347600000,2530439.6
1863,1681351200000,2530851.79999999
1864,1681354800000,2535194.29999999
1865,1681358400000,2537745.5
1866,1681362000000,2542493.79999999
1867,1681365600000,2577294.4
1868,1681369200000,2601385.79999999
1869,1681372800000,2625215.9
1870,1681376400000,2592997.5
1871,1681380000000,2561592.79999999
1872,1681383600000,2560962.79999999
1873,1681387200000,2576379.79999999
1874,1681390800000,2587621.4
1875,1681394400000,2648387.7
1876,1681398000000,2671825.29999999
1877,1681401600000,2645779.29999999
1878,1681405200000,2635400.79999999
1879,1681408800000,2671195.0
1880,1681412400000,2630889.7
1881,1681416000000,2634153.0
1882,1681419600000,2635399.29999999
1883,1681423200000,2637586.9
1884,1681426800000,2647081.79999999
1885,1681430400000,2672598.6
1886,1681434000000,2684055.79999999
1887,1681437600000,2653363.0
1888,1681441200000,2608393.4
1889,1681444800000,2608566.7
1890,1681448400000,2603650.79999999
1891,1681452000000,2614659.5
1892,1681455600000,2603826.5
1893,1681459200000,2573446.29999999
1894,1681462800000,2618316.29999999
1895,1681466400000,2608721.9
1896,1681470000000,2619406.7
1897,1681473600000,2609351.5
1898,1681477200000,2592245.5
1899,1681480800000,2637842.2
1900,1681484400000,2656870.1
1901,1681488000000,2660480.7
1902,1681491600000,2683441.6
1903,1681495200000,2719585.79999999
1904,1681498800000,2785818.79999999
1905,1681502400000,2844962.5
1906,1681506000000,2790966.2
1907,1681509600000,2805180.5
1908,1681513200000,2840562.1
1909,1681516800000,2820604.2
1910,1681520400000,2821579.8
1911,1681524000000,2811179.9
1912,1681527600000,2803159.6
1913,1681531200000,2824779.5
1914,1681534800000,2803938.5
1915,1681538400000,2811690.0
1916,1681542000000,2793382.1
1917,1681545600000,2784404.2
1918,1681549200000,2784852.1
1919,1681552800000,2806240.6
1920,1681556400000,2825233.1
1921,1681560000000,2811524.1
1922,1681563600000,2828708.2
1923,1681567200000,2843434.0
1924,1681570800000,2864283.2
1925,1681574400000,2888989.5
1926,1681578000000,2871253.2
1927,1681581600000,2876404.2
1928,1681585200000,2872680.4
1929,1681588800000,2886984.3
1930,1681592400000,2888798.9
1931,1681596000000,2870798.1
1932,1681599600000,2870532.5
1933,1681603200000,2887995.4
1934,1681606800000,2920330.0
1935,1681610400000,2920780.0
1936,1681614000000,2939817.5
1937,1681617600000,2920483.5
1938,1681621200000,2936112.1
1939,1681624800000,2956145.4
1940,1681628400000,2947439.9
1941,1681632000000,3004130.3
1942,1681635600000,3001616.5
1943,1681639200000,2988421.3
1944,1681642800000,2957217.8
1945,1681646400000,2944894.0
1946,1681650000000,2958850.4
1947,1681653600000,2965901.4
1948,1681657200000,2958466.5
1949,1681660800000,2991332.6
1950,1681664400000,2990331.9
1951,1681668000000,3008302.5
1952,1681671600000,3030594.0
1953,1681675200000,3058179.6
1954,1681678800000,3030219.9
1955,1681682400000,3049210.3
1956,1681686000000,3069691.2
1957,1681689600000,3075744.8
1958,1681693200000,2982442.5
1959,1681696800000,3008074.0
1960,1681700400000,3003288.6
1961,1681704000000,3012594.0
1962,1681707600000,2986941.3
1963,1681711200000,2983427.4
1964,1681714800000,2978686.1
1965,1681718400000,2955672.2
1966,1681722000000,2978615.7
1967,1681725600000,2978232.5
1968,1681729200000,2987867.9
1969,1681732800000,2952683.7
1970,1681736400000,3018581.0
1971,1681740000000,3016778.6
1972,1681743600000,3027972.5
1973,1681747200000,2836900.2
1974,1681750800000,2835365.3
1975,1681754400000,2847278.7
1976,1681758000000,2854551.9
1977,1681761600000,2842147.8
1978,1681765200000,2824312.4
1979,1681768800000,2830767.3
1980,1681772400000,2853763.4
1981,1681776000000,2845889.2
1982,1681779600000,2851549.2
1983,1681783200000,2828523.4
1984,1681786800000,2824345.8
1985,1681790400000,2851673.5
1986,1681794000000,2872096.4
1987,1681797600000,2880191.9
1988,1681801200000,2898328.7
1989,1681804800000,2893700.1
1990,1681808400000,2889578.8
1991,1681812000000,2929900.7
1992,1681815600000,2931839.3
1993,1681819200000,2930343.7
1994,1681822800000,2855211.1
1995,1681826400000,2847247.1
1996,1681830000000,2798033.7
1997,1681833600000,2777611.6
1998,1681837200000,2758432.4
1999,1681840800000,2707039.7
2000,1681844400000,2712896.1
2001,1681848000000,2698979.4
2002,1681851600000,2651548.6
2003,1681855200000,2643073.4
2004,1681858800000,2630238.0
2005,1681862400000,2613089.2
2006,1681866000000,2599531.0
2007,1681869600000,2614656.79999999
2008,1681873200000,2603226.29999999
2009,1681876800000,2608401.79999999
2010,1681880400000,2600423.29999999
2011,1681884000000,2617573.29999999
2012,1681887600000,2590991.7
2013,1681891200000,2572516.5
2014,1681894800000,2220107.0
2015,1681898400000,2184579.7
2016,1681902000000,2220972.79999999
2017,1681905600000,2228409.1
2018,1681909200000,2200051.4
2019,1681912800000,2226715.6
2020,1681916400000,2256013.29999999
2021,1681920000000,2247222.1
2022,1681923600000,2238408.79999999
2023,1681927200000,2226524.5
2024,1681930800000,2215069.0
2025,1681934400000,2228816.9
2026,1681938000000,2206030.2
2027,1681941600000,2135709.2
2028,1681945200000,2141489.7
2029,1681948800000,2164229.7
2030,1681952400000,2148225.9
2031,1681956000000,2140663.0
2032,1681959600000,2136989.29999999
2033,1681963200000,2136093.2
2034,1681966800000,2130286.79999999
2035,1681970400000,2119564.4
2036,1681974000000,2126021.4
2037,1681977600000,2148215.2
2038,1681981200000,2137694.7
2039,1681984800000,2125602.1
2040,1681988400000,2117810.6
2041,1681992000000,2129123.79999999
2042,1681995600000,2135594.6
2043,1681999200000,2121617.29999999
2044,1682002800000,2133021.1
2045,1682006400000,2151422.6
2046,1682010000000,2029740.1
2047,1682013600000,2045758.9
2048,1682017200000,2065253.6
2049,1682020800000,2072761.6
2050,1682024400000,2049634.1
2051,1682028000000,2050962.2
2052,1682031600000,2061841.7
2053,1682035200000,2054941.7
2054,1682038800000,2040859.9
2055,1682042400000,2036992.1
2056,1682046000000,2028539.2
2057,1682049600000,2028267.3
2058,1682053200000,2022310.5
2059,1682056800000,2022292.0
2060,1682060400000,2011717.7
2061,1682064000000,2014817.0
2062,1682067600000,2002426.6
2063,1682071200000,1995251.3
2064,1682074800000,1993089.9
2065,1682078400000,1986377.5
2066,1682082000000,1981808.3
2067,1682085600000,1985627.0
2068,1682089200000,1974931.9
2069,1682092800000,1983310.1
2070,1682096400000,1990796.1
2071,1682100000000,1979572.3
2072,1682103600000,1984511.0
2073,1682107200000,1868200.2
2074,1682110800000,1870876.2
2075,1682114400000,1849777.0
2076,1682118000000,1867943.4
2077,1682121600000,1870018.1
2078,1682125200000,1840429.9
2079,1682128800000,1862070.3
2080,1682132400000,1837864.4
2081,1682136000000,1843444.7
2082,1682139600000,1843826.5
2083,1682143200000,1849473.7
2084,1682146800000,1820459.1
2085,1682150400000,1815436.2
2086,1682154000000,1804947.4
2087,1682157600000,1807759.2
2088,1682161200000,1812446.1
2089,1682164800000,1823316.6
2090,1682168400000,1824673.3
2091,1682172000000,1820722.3
2092,1682175600000,1846071.3
2093,1682179200000,1819350.4
2094,1682182800000,1837154.7
2095,1682186400000,1849987.0
2096,1682190000000,1852240.0
2097,1682193600000,1852989.5
2098,1682197200000,1858142.7
2099,1682200800000,1843546.0
2100,1682204400000,1837324.5
2101,1682208000000,1844910.5
2102,1682211600000,1787312.2
2103,1682215200000,1789837.9
2104,1682218800000,1784309.5
2105,1682222400000,1788366.5
2106,1682226000000,1788819.1
2107,1682229600000,1801243.7
2108,1682233200000,1788886.4
2109,1682236800000,1825760.5
2110,1682240400000,1794816.1
2111,1682244000000,1810338.2
2112,1682247600000,1803883.8
2113,1682251200000,1835647.5
2114,1682254800000,1801912.7
2115,1682258400000,1798708.6
2116,1682262000000,1785789.8
2117,1682265600000,1775221.0
2118,1682269200000,1771049.0
2119,1682272800000,1762373.3
2120,1682276400000,1743781.0
2121,1682280000000,1726624.0
2122,1682283600000,1721347.8
2123,1682287200000,1718907.2
2124,1682290800000,1716870.0
2125,1682294400000,1723275.2
2126,1682298000000,1721951.9
2127,1682301600000,1730602.9
2128,1682305200000,1731515.5
2129,1682308800000,1738875.3
2130,1682312400000,1734632.4
2131,1682316000000,1731667.2
2132,1682319600000,1733923.5
2133,1682323200000,1729306.1
2134,1682326800000,1730731.1
2135,1682330400000,1744032.0
2136,1682334000000,1732590.4
2137,1682337600000,1732431.7
2138,1682341200000,1716856.3
2139,1682344800000,1702670.2
2140,1682348400000,1697305.8
2141,1682352000000,1687718.8
2142,1682355600000,1721355.0
2143,1682359200000,1738955.7
2144,1682362800000,1720311.8
2145,1682366400000,1721194.0
2146,1682370000000,1702994.2
2147,1682373600000,1675365.1
2148,1682377200000,1668137.7
2149,1682380800000,1667383.0
2150,1682384400000,1683138.3
2151,1682388000000,1678363.1
2152,1682391600000,1674227.1
2153,1682395200000,1682302.4
2154,1682398800000,1671926.5
2155,1682402400000,1695024.1
2156,1682406000000,1669519.2
2157,1682409600000,1676924.7
2158,1682413200000,1681525.4
2159,1682416800000,1670257.1
2160,1682420400000,1680101.5
2161,1682424000000,1680609.9
2162,1682427600000,1679407.5
2163,1682431200000,1696445.2
2164,1682434800000,1725000.0
2165,1682438400000,1738766.2
2166,1682442000000,1763673.9
2167,1682445600000,1723100.4
2168,1682449200000,1730016.2
2169,1682452800000,1728846.9
2170,1682456400000,1717137.8
2171,1682460000000,1698673.5
2172,1682463600000,1692442.9
2173,1682467200000,1714166.7
2174,1682470800000,1702793.6
2175,1682474400000,1706263.7
2176,1682478000000,1703547.4
2177,1682481600000,1701863.0
2178,1682485200000,1713173.4
2179,1682488800000,1707697.8
2180,1682492400000,1694167.1
2181,1682496000000,1704072.0
2182,1682499600000,1685509.8
2183,1682503200000,1689147.9
2184,1682506800000,1672539.7
2185,1682510400000,1682509.9
2186,1682514000000,1663667.0
2187,1682517600000,1696754.1
2188,1682521200000,1719662.6
2189,1682524800000,1697772.8
2190,1682528400000,1680277.8
2191,1682532000000,1692045.3
2192,1682535600000,1699379.7
2193,1682539200000,1704651.8
2194,1682542800000,1678345.5
2195,1682546400000,1702179.1
2196,1682550000000,1726281.6
2197,1682553600000,1697311.9
2198,1682557200000,1695268.4
2199,1682560800000,1689966.5
2200,1682564400000,1650617.9
2201,1682568000000,1645369.0
2202,1682571600000,1665432.9
2203,1682575200000,1670305.8
2204,1682578800000,1669161.3
2205,1682582400000,1662554.1
2206,1682586000000,1662324.4
2207,1682589600000,1649338.9
2208,1682593200000,1655544.2
2209,1682596800000,1658793.3
2210,1682600400000,1667832.5
2211,1682604000000,1691711.4
2212,1682607600000,1698610.9
2213,1682611200000,1664968.1
2214,1682614800000,1640133.7
2215,1682618400000,1699190.8
2216,1682622000000,1692934.0
2217,1682625600000,1692174.4
2218,1682629200000,1682958.6
2219,1682632800000,1678200.1
2220,1682636400000,1647597.8
2221,1682640000000,1631003.0
2222,1682643600000,1634649.7
2223,1682647200000,1640602.8
2224,1682650800000,1691787.8
2225,1682654400000,1663008.2
2226,1682658000000,1647416.4
2227,1682661600000,1653915.5
2228,1682665200000,1644451.8
2229,1682668800000,1656180.4
2230,1682672400000,1649990.9
2231,1682676000000,1645126.1
2232,1682679600000,1647333.9
2233,1682683200000,1650255.0
2234,1682686800000,1668925.8
2235,1682690400000,1657498.6
2236,1682694000000,1675287.8
2237,1682697600000,1678891.4
2238,1682701200000,1662400.4
2239,1682704800000,1669786.2
2240,1682708400000,1663625.8
2241,1682712000000,1655834.3
2242,1682715600000,1665712.6
2243,1682719200000,1665269.0
2244,1682722800000,1727985.3
2245,1682726400000,1799713.0
2246,1682730000000,2056338.1
2247,1682733600000,2088205.3
2248,1682737200000,2100554.2
2249,1682740800000,2131254.79999999
2250,1682744400000,2114144.9
2251,1682748000000,2113618.79999999
2252,1682751600000,2123855.2
2253,1682755200000,2117927.6
2254,1682758800000,2103510.1
2255,1682762400000,2113273.5
2256,1682766000000,2135381.79999999
2257,1682769600000,2143978.4
2258,1682773200000,2141098.9
2259,1682776800000,2185180.9
2260,1682780400000,2157664.2
2261,1682784000000,2150966.7
2262,1682787600000,2172189.29999999
2263,1682791200000,2152193.6
2264,1682794800000,2210509.1
2265,1682798400000,2311415.29999999
2266,1682802000000,2254162.9
2267,1682805600000,2224064.9
2268,1682809200000,2190642.6
2269,1682812800000,2181376.5
2270,1682816400000,2172456.1
2271,1682820000000,2160848.7
2272,1682823600000,2154361.0
2273,1682827200000,2145107.4
2274,1682830800000,2109804.9
2275,1682834400000,2115446.0
2276,1682838000000,2098313.6
2277,1682841600000,2115686.9
2278,1682845200000,2096983.4
2279,1682848800000,2118019.0
2280,1682852400000,2133397.79999999
2281,1682856000000,2153599.2
2282,1682859600000,2146620.0
2283,1682863200000,2119994.79999999
2284,1682866800000,2121836.0
2285,1682870400000,2078661.8
2286,1682874000000,2078257.9
2287,1682877600000,2093846.3
2288,1682881200000,2087621.8
2289,1682884800000,2074459.0
2290,1682888400000,2073902.0
2291,1682892000000,2037705.8
2292,1682895600000,2034951.2
2293,1682899200000,2034533.6
2294,1682902800000,2029177.2
2295,1682906400000,1991176.7
2296,1682910000000,1985145.2
2297,1682913600000,1975281.5
2298,1682917200000,1967970.0
2299,1682920800000,1975073.0
2300,1682924400000,1971739.1
2301,1682928000000,1985127.2
2302,1682931600000,1992611.1
2303,1682935200000,1984427.4
2304,1682938800000,1997207.0
2305,1682942400000,2000854.5
2306,1682946000000,2009377.3
2307,1682949600000,2019652.1
2308,1682953200000,1999134.3
2309,1682956800000,2002427.2
2310,1682960400000,2009992.9
2311,1682964000000,1991986.6
2312,1682967600000,1991999.9
2313,1682971200000,1980589.0
2314,1682974800000,1982278.4
2315,1682978400000,1975207.9
2316,1682982000000,1980627.2
2317,1682985600000,1975960.3
2318,1682989200000,1972196.3
2319,1682992800000,1983603.0
2320,1682996400000,1981169.2
2321,1683000000000,1986880.6
2322,1683003600000,1986275.2
2323,1683007200000,1992882.2
2324,1683010800000,1990238.0
2325,1683014400000,1981161.5
2326,1683018000000,1995169.5
2327,1683021600000,2010527.5
2328,1683025200000,2017675.3
2329,1683028800000,2024601.7
2330,1683032400000,2030193.2
2331,1683036000000,2036280.6
2332,1683039600000,2047061.4
2333,1683043200000,2051113.3
2334,1683046800000,2034224.1
2335,1683050400000,2036874.7
2336,1683054000000,2031405.3
2337,1683057600000,2034578.5
2338,1683061200000,2041087.1
2339,1683064800000,2037056.7
2340,1683068400000,2067463.7
2341,1683072000000,2065477.7
2342,1683075600000,2061105.9
2343,1683079200000,2035143.5
2344,1683082800000,2048704.2
2345,1683086400000,2048726.2
2346,1683090000000,2047959.2
2347,1683093600000,2043047.6
2348,1683097200000,2052659.1
2349,1683100800000,2048243.1
2350,1683104400000,2059432.2
2351,1683108000000,2060045.3
2352,1683111600000,2058605.1
2353,1683115200000,2034279.3
2354,1683118800000,2020367.7
2355,1683122400000,2033003.2
2356,1683126000000,2039215.1
2357,1683129600000,2022940.7
2358,1683133200000,2018293.7
2359,1683136800000,1983346.1
2360,1683140400000,1981075.5
2361,1683144000000,1977067.8
2362,1683147600000,2000042.9
2363,1683151200000,1968616.2
2364,1683154800000,1966866.7
2365,1683158400000,1982821.3
2366,1683162000000,1986185.6
2367,1683165600000,1984998.4
2368,1683169200000,1978375.5
2369,1683172800000,1982207.3
2370,1683176400000,1979723.8
2371,1683180000000,1959710.3
2372,1683183600000,1964490.2
2373,1683187200000,1960778.1
2374,1683190800000,1974457.7
2375,1683194400000,1974781.1
2376,1683198000000,1987905.9
2377,1683201600000,1999296.3
2378,1683205200000,1987178.3
2379,1683208800000,1984116.9
2380,1683212400000,1970327.3
2381,1683216000000,1970173.7
2382,1683219600000,1983127.1
2383,1683223200000,1989310.9
2384,1683226800000,2016791.7
2385,1683230400000,2012789.1
2386,1683234000000,2013155.2
2387,1683237600000,1999390.2
2388,1683241200000,1995251.0
2389,1683244800000,2001715.6
2390,1683248400000,2018195.9
2391,1683252000000,2003142.5
2392,1683255600000,2004601.3
2393,1683259200000,2000799.9
2394,1683262800000,1996239.1
2395,1683266400000,2012248.5
2396,1683270000000,2008627.3
2397,1683273600000,2006880.5
2398,1683277200000,2010974.3
2399,1683280800000,2001690.3
2400,1683284400000,2006477.0
2401,1683288000000,1996388.1
2402,1683291600000,1968911.2
2403,1683295200000,1931787.7
2404,1683298800000,1950691.5
2405,1683302400000,1963605.3
2406,1683306000000,1930572.6
2407,1683309600000,1918221.5
2408,1683313200000,1925221.1
2409,1683316800000,1929029.6
2410,1683320400000,1929108.9
2411,1683324000000,1959580.2
2412,1683327600000,2014144.8
2413,1683331200000,2007949.6
2414,1683334800000,1967640.1
2415,1683338400000,2042037.3
2416,1683342000000,2034619.8
2417,1683345600000,2041090.0
2418,1683349200000,2040703.7
2419,1683352800000,2043732.7
2420,1683356400000,2042698.5
2421,1683360000000,2044242.6
2422,1683363600000,2043232.3
2423,1683367200000,2056803.5
2424,1683370800000,2061754.6
2425,1683374400000,2069614.4
2426,1683378000000,2080176.3
2427,1683381600000,2014884.6
2428,1683385200000,2046953.6
2429,1683388800000,2040278.9
2430,1683392400000,2007327.5
2431,1683396000000,2003787.8
2432,1683399600000,2006369.2
2433,1683403200000,2005496.0
2434,1683406800000,1995340.7
2435,1683410400000,2000853.4
2436,1683414000000,2003889.0
2437,1683417600000,1981788.7
2438,1683421200000,1950918.0
2439,1683424800000,1949696.9
2440,1683428400000,1960654.3
2441,1683432000000,1945793.3
2442,1683435600000,1944916.9
2443,1683439200000,1946380.7
2444,1683442800000,1946148.3
2445,1683446400000,1947584.5
2446,1683450000000,1945643.9
2447,1683453600000,1943282.5
2448,1683457200000,1950886.3
2449,1683460800000,1947693.1
2450,1683464400000,1917267.3
2451,1683468000000,1877105.2
2452,1683471600000,1878335.2
2453,1683475200000,1884683.4
2454,1683478800000,1895859.0
2455,1683482400000,1898896.1
2456,1683486000000,1893305.0
2457,1683489600000,1886326.4
2458,1683493200000,1893870.7
2459,1683496800000,1889065.8
2460,1683500400000,1890239.4
2461,1683504000000,1882854.7
2462,1683507600000,1887334.8
2463,1683511200000,1885252.3
2464,1683514800000,1863003.7
2465,1683518400000,1838290.9
2466,1683522000000,1827295.3
2467,1683525600000,1829855.2
2468,1683529200000,1812320.3
2469,1683532800000,1803454.5
2470,1683536400000,1817593.5
2471,1683540000000,1824007.1
2472,1683543600000,1828695.8
2473,1683547200000,1833648.0
2474,1683550800000,1830885.2
2475,1683554400000,1829053.4
2476,1683558000000,1834050.0
2477,1683561600000,1835718.3
2478,1683565200000,1866066.8
2479,1683568800000,1898362.3
2480,1683572400000,1775108.8
2481,1683576000000,1766817.4
2482,1683579600000,1758328.3
2483,1683583200000,1765965.2
2484,1683586800000,1742824.0
2485,1683590400000,1730695.9
2486,1683594000000,1744142.6
2487,1683597600000,1736767.2
2488,1683601200000,1757311.8
2489,1683604800000,1761863.0
2490,1683608400000,1775535.5
2491,1683612000000,1780733.7
2492,1683615600000,1797243.0
2493,1683619200000,1801251.1
2494,1683622800000,1794437.6
2495,1683626400000,1792642.6
2496,1683630000000,1784819.5
2497,1683633600000,1780572.1
2498,1683637200000,1783306.8
2499,1683640800000,1780362.9
2500,1683644400000,1757561.7
2501,1683648000000,1764243.8
2502,1683651600000,1779207.0
2503,1683655200000,1767895.6
2504,1683658800000,1769603.8
2505,1683662400000,1766236.4
2506,1683666000000,1766023.5
2507,1683669600000,1759539.2
2508,1683673200000,1779340.8
2509,1683676800000,1783854.9
2510,1683680400000,1760716.5
2511,1683684000000,1756754.3
2512,1683687600000,1756999.5
2513,1683691200000,1755581.3
2514,1683694800000,1750252.9
2515,1683698400000,1740529.3
2516,1683702000000,1745341.1
2517,1683705600000,1741888.3
2518,1683709200000,1739794.6
2519,1683712800000,1741619.3
2520,1683716400000,1744689.8
2521,1683720000000,1742942.5
2522,1683723600000,1731257.5
2523,1683727200000,1727281.7
2524,1683730800000,1746815.0
2525,1683734400000,1752600.0
2526,1683738000000,1726878.0
2527,1683741600000,1733547.6
2528,1683745200000,1734115.6
2529,1683748800000,1703075.8
2530,1683752400000,1654713.4
2531,1683756000000,1636989.3
2532,1683759600000,1643134.2
2533,1683763200000,1650308.9
2534,1683766800000,1639528.9
2535,1683770400000,1646613.8
2536,1683774000000,1646886.8
2537,1683777600000,1668483.7
2538,1683781200000,1669209.5
2539,1683784800000,1663008.1
2540,1683788400000,1667698.9
2541,1683792000000,1663785.6
2542,1683795600000,1696814.1
2543,1683799200000,1675180.4
2544,1683802800000,1668654.0
2545,1683806400000,1662191.0
2546,1683810000000,1644136.0
2547,1683813600000,1638998.5
2548,1683817200000,1657268.2
2549,1683820800000,1653307.4
2550,1683824400000,1693378.3
2551,1683828000000,1624421.6
2552,1683831600000,1657074.3
2553,1683835200000,1682688.0
2554,1683838800000,1674081.8
2555,1683842400000,1699665.3
2556,1683846000000,1679541.5
2557,1683849600000,1672423.9
2558,1683853200000,1664935.4
2559,1683856800000,1664734.4
2560,1683860400000,1659877.5
2561,1683864000000,1653419.1
2562,1683867600000,1651544.1
2563,1683871200000,1637794.6
2564,1683874800000,1663535.8
2565,1683878400000,1649533.4
2566,1683882000000,1663424.5
2567,1683885600000,1662719.3
2568,1683889200000,1670268.1
2569,1683892800000,1662978.0
2570,1683896400000,1677287.3
2571,1683900000000,1673454.3
2572,1683903600000,1683169.7
2573,1683907200000,1695688.3
2574,1683910800000,1672804.0
2575,1683914400000,1662929.5
2576,1683918000000,1660532.9
2577,1683921600000,1673457.1
2578,1683925200000,1689301.9
2579,1683928800000,1690158.3
2580,1683932400000,1698880.0
2581,1683936000000,1703009.1
2582,1683939600000,1692694.5
2583,1683943200000,1686250.9
2584,1683946800000,1680642.4
2585,1683950400000,1693276.1
2586,1683954000000,1697784.1
2587,1683957600000,1693663.4
2588,1683961200000,1696010.9
2589,1683964800000,1690006.9
2590,1683968400000,1711289.9
2591,1683972000000,1727994.3
2592,1683975600000,1737834.8
2593,1683979200000,1740076.2
2594,1683982800000,1727817.0
2595,1683986400000,1721222.7
2596,1683990000000,1738085.4
2597,1683993600000,1745347.1
2598,1683997200000,1744697.4
2599,1684000800000,1735418.4
2600,1684004400000,1710472.1
2601,1684008000000,1709721.0
2602,1684011600000,1709712.9
2603,1684015200000,1705154.1
2604,1684018800000,1705190.1
2605,1684022400000,1725571.0
2606,1684026000000,1714136.7
2607,1684029600000,1709257.5
2608,1684033200000,1708478.7
2609,1684036800000,1711284.1
2610,1684040400000,1709281.0
2611,1684044000000,1708784.4
2612,1684047600000,1703441.8
2613,1684051200000,1708649.4
2614,1684054800000,1696592.3
2615,1684058400000,1699207.9
2616,1684062000000,1700943.1
2617,1684065600000,1694504.9
2618,1684069200000,1690496.1
2619,1684072800000,1686428.3
2620,1684076400000,1698753.4
2621,1684080000000,1684516.5
2622,1684083600000,1680942.0
2623,1684087200000,1699623.0
2624,1684090800000,1700069.2
2625,1684094400000,1713034.7
2626,1684098000000,1712198.1
2627,1684101600000,1702048.3
2628,1684105200000,1695007.9
2629,1684108800000,1690748.2
2630,1684112400000,1700705.3
2631,1684116000000,1700245.0
2632,1684119600000,1757655.4
2633,1684123200000,1752629.9
2634,1684126800000,1762805.9
2635,1684130400000,1770456.0
2636,1684134000000,1756611.8
2637,1684137600000,1760294.5
2638,1684141200000,1822630.2
2639,1684144800000,1809884.7
2640,1684148400000,1792452.7
2641,1684152000000,1790927.6
2642,1684155600000,1784187.8
2643,1684159200000,1791116.8
2644,1684162800000,1778170.3
2645,1684166400000,1791374.3
2646,1684170000000,1793586.8
2647,1684173600000,1789206.8
2648,1684177200000,1763378.0
2649,1684180800000,1781436.6
2650,1684184400000,1773020.7
2651,1684188000000,1769078.8
2652,1684191600000,1775354.6
2653,1684195200000,1779884.9
2654,1684198800000,1806572.8
2655,1684202400000,1777466.4
2656,1684206000000,1776102.1
2657,1684209600000,1788615.7
2658,1684213200000,1833320.4
2659,1684216800000,1815302.4
2660,1684220400000,1794530.1
2661,1684224000000,1778315.2
2662,1684227600000,1765173.2
2663,1684231200000,1753398.4
2664,1684234800000,1746285.0
2665,1684238400000,1741927.4
2666,1684242000000,1785018.7
2667,1684245600000,1787906.4
2668,1684249200000,1787016.4
2669,1684252800000,1791617.5
2670,1684256400000,1798897.3
2671,1684260000000,1803375.9
2672,1684263600000,1802113.9
2673,1684267200000,1805836.4
2674,1684270800000,1789754.2
2675,1684274400000,1783182.6
2676,1684278000000,1780459.4
2677,1684281600000,1778888.6
2678,1684285200000,1789443.6
2679,1684288800000,1799767.5
2680,1684292400000,1805305.8
2681,1684296000000,1806118.9
2682,1684299600000,1830386.2
2683,1684303200000,1798055.6
2684,1684306800000,1787870.3
2685,1684310400000,1776268.8
2686,1684314000000,1742865.4
2687,1684317600000,1760010.4
2688,1684321200000,1758104.7
2689,1684324800000,1777736.5
2690,1684328400000,1779169.9
2691,1684332000000,1782079.3
2692,1684335600000,1785437.7
2693,1684339200000,1787047.5
2694,1684342800000,1778760.0
2695,1684346400000,1785959.0
2696,1684350000000,1780512.8
2697,1684353600000,1778723.3
2698,1684357200000,1820036.2
2699,1684360800000,1826249.3
2700,1684364400000,1796311.6
2701,1684368000000,1801449.3
2702,1684371600000,1794831.5
2703,1684375200000,1812056.7
2704,1684378800000,1838675.4
2705,1684382400000,1820710.0
2706,1684386000000,1837803.4
2707,1684389600000,1818948.3
2708,1684393200000,1812983.1
2709,1684396800000,1798422.9
2710,1684400400000,1789823.5
2711,1684404000000,1789055.1
2712,1684407600000,1797897.1
2713,1684411200000,1804105.9
2714,1684414800000,1794545.9
2715,1684418400000,1799124.7
2716,1684422000000,1791958.4
2717,1684425600000,1790453.5
2718,1684429200000,1799766.5
2719,1684432800000,1761241.1
2720,1684436400000,1806938.6
2721,1684440000000,1794386.1
2722,1684443600000,1794098.5
2723,1684447200000,1801239.6
2724,1684450800000,1797334.2
2725,1684454400000,1784593.7
2726,1684458000000,1775822.1
2727,1684461600000,1771576.3
2728,1684465200000,1770775.1
2729,1684468800000,1766944.6
2730,1684472400000,1769682.0
2731,1684476000000,1776186.7
2732,1684479600000,1816788.3
2733,1684483200000,1815186.9
2734,1684486800000,1871153.3
2735,1684490400000,1863286.7
2736,1684494000000,1859107.4
2737,1684497600000,1851986.5
2738,1684501200000,1854870.6
2739,1684504800000,1868864.4
2740,1684508400000,1861253.6
2741,1684512000000,1856827.3
2742,1684515600000,1858517.2
2743,1684519200000,1851968.3
2744,1684522800000,1845472.5
2745,1684526400000,1827449.8
2746,1684530000000,1829175.6
2747,1684533600000,1837014.2
2748,1684537200000,1840850.8
2749,1684540800000,1837712.8
2750,1684544400000,1841882.4
2751,1684548000000,1837333.2
2752,1684551600000,1836365.0
2753,1684555200000,1840756.6
2754,1684558800000,1838926.1
2755,1684562400000,1835415.9
2756,1684566000000,1832597.0
2757,1684569600000,1834406.0
2758,1684573200000,1837754.1
2759,1684576800000,1833600.3
2760,1684580400000,1830037.6
2761,1684584000000,1829409.0
2762,1684587600000,1819313.6
2763,1684591200000,1819988.6
2764,1684594800000,1838593.8
2765,1684598400000,1841285.2
2766,1684602000000,1839920.0
2767,1684605600000,1838243.0
2768,1684609200000,1836800.2
2769,1684612800000,1837474.6
2770,1684616400000,1836692.5
2771,1684620000000,1844973.9
2772,1684623600000,1847006.7
2773,1684627200000,1849619.4
2774,1684630800000,1844144.3
2775,1684634400000,1836613.6
2776,1684638000000,1840243.3
2777,1684641600000,1839207.7
2778,1684645200000,1840447.1
2779,1684648800000,1839490.5
2780,1684652400000,1834429.1
2781,1684656000000,1834631.8
2782,1684659600000,1845213.7
2783,1684663200000,1848567.7
2784,1684666800000,1842437.4
2785,1684670400000,1827992.8
2786,1684674000000,1821881.9
2787,1684677600000,1819344.6
2788,1684681200000,1823591.1
2789,1684684800000,1743257.5
2790,1684688400000,1735768.0
2791,1684692000000,1731693.6
2792,1684695600000,1734856.2
2793,1684699200000,1736814.4
2794,1684702800000,1727302.6
2795,1684706400000,1744512.3
2796,1684710000000,1771999.3
2797,1684713600000,1779150.3
2798,1684717200000,1779560.5
2799,1684720800000,1768996.5
2800,1684724400000,1777044.6
2801,1684728000000,1770787.8
2802,1684731600000,1767884.2
2803,1684735200000,1763856.4
2804,1684738800000,1737611.1
2805,1684742400000,1747241.4
2806,1684746000000,1765457.5
2807,1684749600000,1798201.9
2808,1684753200000,1790760.2
2809,1684756800000,1807129.2
2810,1684760400000,1808610.6
2811,1684764000000,1800302.7
2812,1684767600000,1836444.7
2813,1684771200000,1836356.9
2814,1684774800000,1833636.7
2815,1684778400000,1831482.3
2816,1684782000000,1827154.5
2817,1684785600000,1830177.4
2818,1684789200000,1866089.5
2819,1684792800000,1806678.9
2820,1684796400000,1816835.1
2821,1684800000000,1816189.1
2822,1684803600000,1819103.7
2823,1684807200000,1834323.9
2824,1684810800000,1828845.3
2825,1684814400000,1798314.8
2826,1684818000000,1809218.3
2827,1684821600000,1797022.3
2828,1684825200000,1793403.6
2829,1684828800000,1792177.2
2830,1684832400000,1786202.4
2831,1684836000000,1796554.8
2832,1684839600000,1798071.4
2833,1684843200000,1801793.6
2834,1684846800000,1799566.9
2835,1684850400000,1794293.3
2836,1684854000000,1781042.1
2837,1684857600000,1795324.8
2838,1684861200000,1788324.2
2839,1684864800000,1820703.2
2840,1684868400000,1821268.8
2841,1684872000000,1815205.0
2842,1684875600000,1818204.1
2843,1684879200000,1842653.3
2844,1684882800000,1863015.0
2845,1684886400000,1875560.4
2846,1684890000000,1837672.8
2847,1684893600000,1835650.2
2848,1684897200000,1834290.0
2849,1684900800000,1841615.9
2850,1684904400000,1834793.7
2851,1684908000000,1838994.5
2852,1684911600000,1835629.6
2853,1684915200000,1828638.3
2854,1684918800000,1807289.3
2855,1684922400000,1802258.1
2856,1684926000000,1802573.5
2857,1684929600000,1803034.9
2858,1684933200000,1810662.6
2859,1684936800000,1738701.5
2860,1684940400000,1713687.5
2861,1684944000000,1721304.5
2862,1684947600000,1699950.1
2863,1684951200000,1705647.0
2864,1684954800000,1730273.7
2865,1684958400000,1711002.6
2866,1684962000000,1704554.2
2867,1684965600000,1723855.7
2868,1684969200000,1729759.7
2869,1684972800000,1737524.3
2870,1684976400000,1740937.0
2871,1684980000000,1735055.0
2872,1684983600000,1712883.2
2873,1684987200000,1721239.2
2874,1684990800000,1722832.8
2875,1684994400000,1728477.3
2876,1684998000000,1731787.8
2877,1685001600000,1731484.9
2878,1685005200000,1740549.0
2879,1685008800000,1728689.2
2880,1685012400000,1726221.6
2881,1685016000000,1719438.2
2882,1685019600000,1733320.7
2883,1685023200000,1734051.4
2884,1685026800000,1753732.2
2885,1685030400000,1787302.4
2886,1685034000000,1817684.2
2887,1685037600000,1787813.8
2888,1685041200000,1798740.6
2889,1685044800000,1762571.6
2890,1685048400000,1754169.4
2891,1685052000000,1741840.0
2892,1685055600000,1730696.3
2893,1685059200000,1732282.5
2894,1685062800000,1743051.3
2895,1685066400000,1722071.3
2896,1685070000000,1726273.8
2897,1685073600000,1742748.5
2898,1685077200000,1724430.6
2899,1685080800000,1709458.5
2900,1685084400000,1730086.0
2901,1685088000000,1753148.8
2902,1685091600000,1702447.0
2903,1685095200000,1712914.2
2904,1685098800000,1707127.0
2905,1685102400000,1708599.5
2906,1685106000000,1707212.8
2907,1685109600000,1705448.6
2908,1685113200000,1699089.1
2909,1685116800000,1693669.1
2910,1685120400000,1700480.9
2911,1685124000000,1698593.1
2912,1685127600000,1705035.6
2913,1685131200000,1703554.4
2914,1685134800000,1701069.5
2915,1685138400000,1697658.6
2916,1685142000000,1705999.8
2917,1685145600000,1706131.1
2918,1685149200000,1707351.3
2919,1685152800000,1706532.5
2920,1685156400000,1705437.7
2921,1685160000000,1703832.1
2922,1685163600000,1700599.4
2923,1685167200000,1700297.9
2924,1685170800000,1702777.0
2925,1685174400000,1703220.3
2926,1685178000000,1698820.9
2927,1685181600000,1698947.5
2928,1685185200000,1701514.5
2929,1685188800000,1698743.1
2930,1685192400000,1721922.2
2931,1685196000000,1709697.3
2932,1685199600000,1695229.1
2933,1685203200000,1695571.1
2934,1685206800000,1689892.1
2935,1685210400000,1684805.6
2936,1685214000000,1691622.0
2937,1685217600000,1690025.6
2938,1685221200000,1686727.3
2939,1685224800000,1691279.7
2940,1685228400000,1691151.0
2941,1685232000000,1694280.3
2942,1685235600000,1648524.7
2943,1685239200000,1601924.0
2944,1685242800000,1600257.9
2945,1685246400000,1598126.7
2946,1685250000000,1593654.6
2947,1685253600000,1595986.8
2948,1685257200000,1595912.2
2949,1685260800000,1610169.0
2950,1685264400000,1618039.7
2951,1685268000000,1629067.4
2952,1685271600000,1636524.3
2953,1685275200000,1640589.9
2954,1685278800000,1665690.5
2955,1685282400000,1659965.5
2956,1685286000000,1654483.0
2957,1685289600000,1650875.6
2958,1685293200000,1651037.8
2959,1685296800000,1668995.8
2960,1685300400000,1698343.6
2961,1685304000000,1686072.6
2962,1685307600000,1684303.6
2963,1685311200000,1683557.0
2964,1685314800000,1532546.4
2965,1685318400000,1513973.7
2966,1685322000000,1546469.9
2967,1685325600000,1555926.7
2968,1685329200000,1553692.2
2969,1685332800000,1555491.2
2970,1685336400000,1539526.9
2971,1685340000000,1547116.8
2972,1685343600000,1540998.7
2973,1685347200000,1535780.4
2974,1685350800000,1528465.4
2975,1685354400000,1541214.8
2976,1685358000000,1547581.2
2977,1685361600000,1558150.6
2978,1685365200000,1546436.7
2979,1685368800000,1546459.9
2980,1685372400000,1545817.5
2981,1685376000000,1578174.2
2982,1685379600000,1572809.1
2983,1685383200000,1568337.5
2984,1685386800000,1564628.9
2985,1685390400000,1584886.1
2986,1685394000000,1568637.7
2987,1685397600000,1562933.2
2988,1685401200000,1557387.0
2989,1685404800000,1570114.7
2990,1685408400000,1555307.6
2991,1685412000000,1555197.7
2992,1685415600000,1554367.0
2993,1685419200000,1561671.1
2994,1685422800000,1553234.1
2995,1685426400000,1553380.6
2996,1685430000000,1550936.1
2997,1685433600000,1574140.2
2998,1685437200000,1604446.4
2999,1685440800000,1644615.8
3000,1685444400000,1647215.0
3001,1685448000000,1664855.6
3002,1685451600000,1670243.8
3003,1685455200000,1645281.4
3004,1685458800000,1688244.4
3005,1685462400000,1698252.8
3006,1685466000000,1721878.9
3007,1685469600000,1702150.0
3008,1685473200000,1690800.7
3009,1685476800000,1768368.8
3010,1685480400000,1748565.6
3011,1685484000000,1746383.4
3012,1685487600000,1756828.6
3013,1685491200000,1769114.0
3014,1685494800000,1764509.6
3015,1685498400000,1758625.9
3016,1685502000000,1735758.1
3017,1685505600000,1731437.5
3018,1685509200000,1691532.6
3019,1685512800000,1677576.8
3020,1685516400000,1647622.1
3021,1685520000000,1629497.4
3022,1685523600000,1627505.7
3023,1685527200000,1642520.2
3024,1685530800000,1633780.3
3025,1685534400000,1631177.8
3026,1685538000000,1630696.6
3027,1685541600000,1631810.3
3028,1685545200000,1603105.4
3029,1685548800000,1607860.0
3030,1685552400000,1581220.9
3031,1685556000000,1617483.8
3032,1685559600000,1613032.8
3033,1685563200000,1617484.1
3034,1685566800000,1619977.3
3035,1685570400000,1615205.8
3036,1685574000000,1613338.9
3037,1685577600000,1632659.3
3038,1685581200000,1610818.3
3039,1685584800000,1588601.0
3040,1685588400000,1602482.3
3041,1685592000000,1588208.4
3042,1685595600000,1618727.6
3043,1685599200000,1639009.8
3044,1685602800000,1625695.6
3045,1685606400000,1607925.3
3046,1685610000000,1603625.7
3047,1685613600000,1628861.1
3048,1685617200000,1622382.5
3049,1685620800000,1626717.7
3050,1685624400000,1621582.2
3051,1685628000000,1629939.7
3052,1685631600000,1632944.7
3053,1685635200000,1628486.6
3054,1685638800000,1631534.8
3055,1685642400000,1632240.9
3056,1685646000000,1654105.7
3057,1685649600000,1608158.1
3058,1685653200000,1603048.1
3059,1685656800000,1579298.0
3060,1685660400000,1580696.0
3061,1685664000000,1601832.5
3062,1685667600000,1558416.9
3063,1685671200000,1552091.2
3064,1685674800000,1537215.7
3065,1685678400000,1532373.4
3066,1685682000000,1573782.4
3067,1685685600000,1559614.6
3068,1685689200000,1639958.7
3069,1685692800000,1636134.8
3070,1685696400000,1674340.6
3071,1685700000000,1711062.7
3072,1685703600000,1707764.8
3073,1685707200000,1709089.1
3074,1685710800000,1630130.1
3075,1685714400000,1602136.6
3076,1685718000000,1594178.1
3077,1685721600000,1603204.8
3078,1685725200000,1621327.4
3079,1685728800000,1592548.0
3080,1685732400000,1586217.6
3081,1685736000000,1552028.3
3082,1685739600000,1552674.8
3083,1685743200000,1539660.3
3084,1685746800000,1566475.5
3085,1685750400000,1562038.9
3086,1685754000000,1556246.6
3087,1685757600000,1541765.7
3088,1685761200000,1528571.4
3089,1685764800000,1528852.5
3090,1685768400000,1515684.6
3091,1685772000000,1513351.6
3092,1685775600000,1511262.9
3093,1685779200000,1507747.5
3094,1685782800000,1516326.8
3095,1685786400000,1553540.0
3096,1685790000000,1559660.2
3097,1685793600000,1655758.5
3098,1685797200000,1688035.9
3099,1685800800000,1736942.1
3100,1685804400000,1743641.8
3101,1685808000000,1734211.8
3102,1685811600000,1772951.2
3103,1685815200000,1778950.5
3104,1685818800000,1822974.9
3105,1685822400000,1803500.5
3106,1685826000000,1770509.5
3107,1685829600000,1746684.1
3108,1685833200000,1755891.0
3109,1685836800000,1762140.3
3110,1685840400000,1759936.1
3111,1685844000000,1768323.9
3112,1685847600000,1765964.9
3113,1685851200000,1770120.0
3114,1685854800000,1766496.6
3115,1685858400000,1764838.6
3116,1685862000000,1762744.6
3117,1685865600000,1777614.2
3118,1685869200000,1775232.7
3119,1685872800000,1786557.5
3120,1685876400000,1791680.8
3121,1685880000000,1802147.8
3122,1685883600000,1819666.3
3123,1685887200000,1815552.5
3124,1685890800000,1818575.6
3125,1685894400000,1846055.0
3126,1685898000000,1866790.3
3127,1685901600000,1891072.9
3128,1685905200000,1919973.2
3129,1685908800000,1947819.6
3130,1685912400000,1939190.7
3131,1685916000000,1902814.9
3132,1685919600000,1916305.4
3133,1685923200000,1879716.8
3134,1685926800000,1874129.7
3135,1685930400000,1874329.4
3136,1685934000000,1818835.9
3137,1685937600000,1870001.7
3138,1685941200000,1844939.6
3139,1685944800000,1840112.0
3140,1685948400000,1839324.2
3141,1685952000000,1835856.5
3142,1685955600000,1845717.1
3143,1685959200000,1858790.1
3144,1685962800000,1849632.4
3145,1685966400000,1857063.0
3146,1685970000000,1972846.6
3147,1685973600000,1915300.3
3148,1685977200000,1992335.7
3149,1685980800000,1787311.6
3150,1685984400000,1690152.6
3151,1685988000000,1693844.0
3152,1685991600000,1659643.6
3153,1685995200000,1667666.7
3154,1685998800000,1649774.3
3155,1686002400000,1662662.7
3156,1686006000000,1651688.1
3157,1686009600000,1659472.3
3158,1686013200000,1652182.0
3159,1686016800000,1656049.8
3160,1686020400000,1658177.6
3161,1686024000000,1668946.0
3162,1686027600000,1680652.0
3163,1686031200000,1655182.5
3164,1686034800000,1661444.1
3165,1686038400000,1650114.1
3166,1686042000000,1646138.4
3167,1686045600000,1641354.1
3168,1686049200000,1652423.9
3169,1686052800000,1657909.3
3170,1686056400000,1599152.0
3171,1686060000000,1603237.1
3172,1686063600000,1631140.6
3173,1686067200000,1606465.4
3174,1686070800000,1625109.2
3175,1686074400000,1632584.5
3176,1686078000000,1633061.9
3177,1686081600000,1686678.7
3178,1686085200000,1635926.6
3179,1686088800000,1625244.4
3180,1686092400000,1621702.4
3181,1686096000000,1613025.8
3182,1686099600000,1570319.7
3183,1686103200000,1560690.9
3184,1686106800000,1562342.7
3185,1686110400000,1559232.1
3186,1686114000000,1559671.7
3187,1686117600000,1558287.8
3188,1686121200000,1560453.5
3189,1686124800000,1591892.0
3190,1686128400000,1575431.7
3191,1686132000000,1588443.7
3192,1686135600000,1572569.0
3193,1686139200000,1574901.1
3194,1686142800000,1594130.3
3195,1686146400000,1578650.4
3196,1686150000000,1558577.6
3197,1686153600000,1558596.3
3198,1686157200000,1557111.2
3199,1686160800000,1564592.8
3200,1686164400000,1545942.6
3201,1686168000000,1547166.5
3202,1686171600000,1561711.1
3203,1686175200000,1589384.9
3204,1686178800000,1568588.7
3205,1686182400000,1579629.3
3206,1686186000000,1573883.1
3207,1686189600000,1556805.0
3208,1686193200000,1556846.6
3209,1686196800000,1568324.5
3210,1686200400000,1573587.2
3211,1686204000000,1610055.6
3212,1686207600000,1603009.8
3213,1686211200000,1592704.9
3214,1686214800000,1597143.2
3215,1686218400000,1599234.4
3216,1686222000000,1595804.0
3217,1686225600000,1606360.5
3218,1686229200000,1601117.1
3219,1686232800000,1600551.5
3220,1686236400000,1620157.5
3221,1686240000000,1632224.3
3222,1686243600000,1627263.1
3223,1686247200000,1625481.6
3224,1686250800000,1628042.7
3225,1686254400000,1627266.2
3226,1686258000000,1638454.5
3227,1686261600000,1636459.8
3228,1686265200000,1642510.3
3229,1686268800000,1644779.0
3230,1686272400000,1636378.5
3231,1686276000000,1643413.5
3232,1686279600000,1659440.4
3233,1686283200000,1685076.7
3234,1686286800000,1684509.1
3235,1686290400000,1691419.1
3236,1686294000000,1689309.7
3237,1686297600000,1693742.2
3238,1686301200000,1705065.7
3239,1686304800000,1718083.4
3240,1686308400000,1722404.0
3241,1686312000000,1729658.8
3242,1686315600000,1735197.7
3243,1686319200000,1735641.5
3244,1686322800000,1730316.2
3245,1686326400000,1728207.9
3246,1686330000000,1726707.7
3247,1686333600000,1716691.8
3248,1686337200000,1714913.9
3249,1686340800000,1703577.3
3250,1686344400000,1722378.3
3251,1686348000000,1721026.2
3252,1686351600000,1730171.5
3253,1686355200000,1721934.3
3254,1686358800000,1708573.3
3255,1686362400000,1747636.9
3256,1686366000000,1689834.5
3257,1686369600000,1680614.1
3258,1686373200000,1998954.7
3259,1686376800000,1810640.3
3260,1686380400000,1703289.5
3261,1686384000000,1670106.5
3262,1686387600000,1584632.2
3263,1686391200000,1541687.7
3264,1686394800000,1519008.6
3265,1686398400000,1538043.6
3266,1686402000000,1526862.8
3267,1686405600000,1535145.8
3268,1686409200000,1527008.2
3269,1686412800000,1530095.6
3270,1686416400000,1503220.2
3271,1686420000000,1506881.7
3272,1686423600000,1483512.2
3273,1686427200000,1472343.3
3274,1686430800000,1469706.6
3275,1686434400000,1474072.5
3276,1686438000000,1452286.8
3277,1686441600000,1455277.1
3278,1686445200000,1437274.2
3279,1686448800000,1436649.9
3280,1686452400000,1416600.9
3281,1686456000000,1396332.1
3282,1686459600000,1397475.39999999
3283,1686463200000,1383921.89999999
3284,1686466800000,1380664.2
3285,1686470400000,1388345.8
3286,1686474000000,1395595.1
3287,1686477600000,1437744.2
3288,1686481200000,1407465.9
3289,1686484800000,1445057.7
3290,1686488400000,1446898.6
3291,1686492000000,1426390.0
3292,1686495600000,1391256.0
3293,1686499200000,1412286.8
3294,1686502800000,1395965.89999999
3295,1686506400000,1456499.4
3296,1686510000000,1468523.6
3297,1686513600000,1473906.2
3298,1686517200000,1483969.5
3299,1686520800000,1438976.1
3300,1686524400000,1431182.3
3301,1686528000000,1437762.7
3302,1686531600000,1426908.4
3303,1686535200000,1437745.6
3304,1686538800000,1368334.6
3305,1686542400000,1386953.5
3306,1686546000000,1384402.3
3307,1686549600000,1387988.8
3308,1686553200000,1393874.39999999
3309,1686556800000,1408838.2
3310,1686560400000,1419466.3
3311,1686564000000,1421034.6
3312,1686567600000,1432322.0
3313,1686571200000,1464082.3
3314,1686574800000,1494231.3
3315,1686578400000,1508213.0
3316,1686582000000,1517643.6
3317,1686585600000,1523982.9
3318,1686589200000,1523563.1
3319,1686592800000,1479145.9
3320,1686596400000,1474495.3
3321,1686600000000,1476623.9
3322,1686603600000,1476772.1
3323,1686607200000,1542245.8
3324,1686610800000,1544270.9
3325,1686614400000,1496295.8
3326,1686618000000,1498879.3
3327,1686621600000,1510261.4
3328,1686625200000,1488921.6
3329,1686628800000,1467145.1
3330,1686632400000,1445505.8
3331,1686636000000,1443084.9
3332,1686639600000,1447045.8
3333,1686643200000,1445498.8
3334,1686646800000,1425853.4
3335,1686650400000,1421249.7
3336,1686654000000,1426044.9
3337,1686657600000,1435866.3
3338,1686661200000,1416436.2
3339,1686664800000,1406888.2
3340,1686668400000,1423562.3
3341,1686672000000,1440973.7
3342,1686675600000,1440222.1
3343,1686679200000,1440847.1
3344,1686682800000,1461379.6
3345,1686686400000,1477741.9
3346,1686690000000,1499422.4
3347,1686693600000,1460437.0
3348,1686697200000,1462466.7
3349,1686700800000,1459580.3
3350,1686704400000,1438275.1
3351,1686708000000,1446012.6
3352,1686711600000,1437395.2
3353,1686715200000,1427585.2
3354,1686718800000,1429260.2
3355,1686722400000,1428086.6
3356,1686726000000,1435438.0
3357,1686729600000,1428609.5
3358,1686733200000,1485056.4
3359,1686736800000,1483289.3
3360,1686740400000,1491218.7
3361,1686744000000,1489471.2
3362,1686747600000,1463487.1
3363,1686751200000,1473020.4
3364,1686754800000,1480663.9
3365,1686758400000,1483972.6
3366,1686762000000,1462840.6
3367,1686765600000,1456299.1
3368,1686769200000,1427647.8
3369,1686772800000,1421863.4
3370,1686776400000,1338859.8
3371,1686780000000,1345327.39999999
3372,1686783600000,1334476.2
3373,1686787200000,1371534.39999999
3374,1686790800000,1364685.8
3375,1686794400000,1357183.3
3376,1686798000000,1356003.5
3377,1686801600000,1355326.0
3378,1686805200000,1362595.0
3379,1686808800000,1354509.0
3380,1686812400000,1385634.8
3381,1686816000000,1389772.5
3382,1686819600000,1381771.8
3383,1686823200000,1386521.6
3384,1686826800000,1376791.1
3385,1686830400000,1385919.3
3386,1686834000000,1389377.7
3387,1686837600000,1371952.0
3388,1686841200000,1368706.7
3389,1686844800000,1354838.89999999
3390,1686848400000,1360060.2
3391,1686852000000,1342651.39999999
3392,1686855600000,1358735.6
3393,1686859200000,1367850.8
3394,1686862800000,1367732.7
3395,1686866400000,1373812.6
3396,1686870000000,1394990.2
3397,1686873600000,1380493.1
3398,1686877200000,1372080.89999999
3399,1686880800000,1370813.39999999
3400,1686884400000,1361738.6
3401,1686888000000,1367298.6
3402,1686891600000,1383234.5
3403,1686895200000,1385530.39999999
3404,1686898800000,1461795.4
3405,1686902400000,1463488.5
3406,1686906000000,1461969.2
3407,1686909600000,1458557.2
3408,1686913200000,1468188.2
3409,1686916800000,1389976.6
3410,1686920400000,1389067.6
3411,1686924000000,1369160.5
3412,1686927600000,1373264.2
3413,1686931200000,1398387.6
3414,1686934800000,1427343.1
3415,1686938400000,1389860.2
3416,1686942000000,1395243.1
3417,1686945600000,1410039.4
3418,1686949200000,1395269.2
3419,1686952800000,1386913.7
3420,1686956400000,1387314.5
3421,1686960000000,1390037.2
3422,1686963600000,1385160.39999999
3423,1686967200000,1385746.0
3424,1686970800000,1387034.8
3425,1686974400000,1395710.39999999
3426,1686978000000,1395620.89999999
3427,1686981600000,1429183.0
3428,1686985200000,1423964.7
3429,1686988800000,1401097.8
3430,1686992400000,1402892.8
3431,1686996000000,1400734.89999999
3432,1686999600000,1406118.5
3433,1687003200000,1403631.0
3434,1687006800000,1432767.1
3435,1687010400000,1466151.1
3436,1687014000000,1429919.6
3437,1687017600000,1426564.1
3438,1687021200000,1408652.0
3439,1687024800000,1403694.0
3440,1687028400000,1403781.6
3441,1687032000000,1402802.39999999
3442,1687035600000,1389834.7
3443,1687039200000,1390891.2
3444,1687042800000,1389933.39999999
3445,1687046400000,1388599.39999999
3446,1687050000000,1401964.39999999
3447,1687053600000,1398690.6
3448,1687057200000,1399897.0
3449,1687060800000,1393265.8
3450,1687064400000,1397516.7
3451,1687068000000,1401707.8
3452,1687071600000,1410919.0
3453,1687075200000,1426147.7
3454,1687078800000,1414232.4
3455,1687082400000,1408300.6
3456,1687086000000,1413037.0
3457,1687089600000,1413530.2
3458,1687093200000,1451659.3
3459,1687096800000,1467633.5
3460,1687100400000,1445552.6
3461,1687104000000,1445842.4
3462,1687107600000,1456918.8
3463,1687111200000,1449837.8
3464,1687114800000,1456970.5
3465,1687118400000,1453506.2
3466,1687122000000,1411800.2
3467,1687125600000,1401886.3
3468,1687129200000,1419354.1
3469,1687132800000,1396641.1
3470,1687136400000,1401862.8
3471,1687140000000,1399319.2
3472,1687143600000,1393669.7
3473,1687147200000,1395320.89999999
3474,1687150800000,1402863.1
3475,1687154400000,1405693.7
3476,1687158000000,1407158.7
3477,1687161600000,1408685.3
3478,1687165200000,1413256.5
3479,1687168800000,1420725.3
3480,1687172400000,1421747.9
3481,1687176000000,1433263.7
3482,1687179600000,1452126.5
3483,1687183200000,1451932.9
3484,1687186800000,1428521.6
3485,1687190400000,1420566.1
3486,1687194000000,1410684.5
3487,1687197600000,1432813.2
3488,1687201200000,1403994.0
3489,1687204800000,1382667.2
3490,1687208400000,1376925.39999999
3491,1687212000000,1347994.7
3492,1687215600000,1340703.6
3493,1687219200000,1336465.1
3494,1687222800000,1355303.3
3495,1687226400000,1324278.0
3496,1687230000000,1330332.6
3497,1687233600000,1329087.3
3498,1687237200000,1325261.1
3499,1687240800000,1309218.7
3500,1687244400000,1304898.6
3501,1687248000000,1302136.2
3502,1687251600000,1304459.8
3503,1687255200000,1303121.39999999
3504,1687258800000,1302945.1
3505,1687262400000,1307199.39999999
3506,1687266000000,1307668.5
3507,1687269600000,1324386.6
3508,1687273200000,1317005.0
3509,1687276800000,1312504.1
3510,1687280400000,1337256.5
3511,1687284000000,1328755.5
3512,1687287600000,1402529.1
3513,1687291200000,1350254.2
3514,1687294800000,1317223.2
3515,1687298400000,1310287.3
3516,1687302000000,1311308.5
3517,1687305600000,1315138.5
3518,1687309200000,1310004.6
3519,1687312800000,1291455.39999999
3520,1687316400000,1286525.3
3521,1687320000000,1292348.89999999
3522,1687323600000,1284849.2
3523,1687327200000,1291128.2
3524,1687330800000,1303694.3
3525,1687334400000,1297282.89999999
3526,1687338000000,1312343.5
3527,1687341600000,1298458.1
3528,1687345200000,1305890.8
3529,1687348800000,1313633.8
3530,1687352400000,1353807.6
3531,1687356000000,1380158.39999999
3532,1687359600000,1398757.5
3533,1687363200000,1410861.3
3534,1687366800000,1419704.3
3535,1687370400000,1455736.8
3536,1687374000000,1421972.3
3537,1687377600000,1403275.8
3538,1687381200000,1419828.8
3539,1687384800000,1401687.8
3540,1687388400000,1403506.39999999
3541,1687392000000,1415421.4
3542,1687395600000,1444458.2
3543,1687399200000,1456675.1
3544,1687402800000,1458150.9
3545,1687406400000,1460839.3
3546,1687410000000,1448676.7
3547,1687413600000,1462519.8
3548,1687417200000,1447152.3
3549,1687420800000,1458466.9
3550,1687424400000,1428559.8
3551,1687428000000,1422123.0
3552,1687431600000,1417050.1
3553,1687435200000,1417154.8
3554,1687438800000,1396907.0
3555,1687442400000,1378096.89999999
3556,1687446000000,1348147.7
3557,1687449600000,1346804.39999999
3558,1687453200000,1344869.5
3559,1687456800000,1325450.1
3560,1687460400000,1338726.89999999
3561,1687464000000,1347630.5
3562,1687467600000,1351636.7
3563,1687471200000,1358242.5
3564,1687474800000,1365401.89999999
3565,1687478400000,1362862.6
3566,1687482000000,1361082.5
3567,1687485600000,1358404.6
3568,1687489200000,1362554.2
3569,1687492800000,1360263.7
3570,1687496400000,1365773.89999999
3571,1687500000000,1381409.0
3572,1687503600000,1364311.0
3573,1687507200000,1367443.89999999
3574,1687510800000,1364665.5
3575,1687514400000,1361012.1
3576,1687518000000,1360943.2
3577,1687521600000,1366073.0
3578,1687525200000,1367497.0
3579,1687528800000,1348431.8
3580,1687532400000,1343729.1
3581,1687536000000,1364016.8
3582,1687539600000,1359460.3
3583,1687543200000,1370580.8
3584,1687546800000,1398325.6
3585,1687550400000,1394191.8
3586,1687554000000,1381243.3
3587,1687557600000,1380318.0
3588,1687561200000,1378860.0
3589,1687564800000,1383343.0
3590,1687568400000,1380054.7
3591,1687572000000,1365170.8
3592,1687575600000,1399207.1
3593,1687579200000,1381248.0
3594,1687582800000,1368734.5
3595,1687586400000,1360770.6
3596,1687590000000,1359144.8
3597,1687593600000,1373222.5
3598,1687597200000,1355144.1
3599,1687600800000,1376916.1
3600,1687604400000,1368121.5
3601,1687608000000,1371611.3
3602,1687611600000,1361143.8
3603,1687615200000,1375251.7
3604,1687618800000,1367891.6
3605,1687622400000,1319230.6
3606,1687626000000,1283914.6
3607,1687629600000,1275966.6
3608,1687633200000,1264271.7
3609,1687636800000,1262744.2
3610,1687640400000,1271181.1
3611,1687644000000,1256314.6
3612,1687647600000,1262907.1
3613,1687651200000,1308961.0
3614,1687654800000,1290822.89999999
3615,1687658400000,1283625.8
3616,1687662000000,1287613.3
3617,1687665600000,1282811.7
3618,1687669200000,1278091.6
3619,1687672800000,1277830.0
3620,1687676400000,1265885.6
3621,1687680000000,1276130.1
3622,1687683600000,1265155.1
3623,1687687200000,1255731.39999999
3624,1687690800000,1262266.8
3625,1687694400000,1264758.39999999
3626,1687698000000,1262169.7
3627,1687701600000,1296318.2
3628,1687705200000,1293143.2
3629,1687708800000,1280106.6
3630,1687712400000,1322859.8
3631,1687716000000,1302564.2
3632,1687719600000,1260774.8
3633,1687723200000,1310541.8
3634,1687726800000,1279095.1
3635,1687730400000,1258769.0
3636,1687734000000,1258955.8
3637,1687737600000,1252275.0
3638,1687741200000,1258157.8
3639,1687744800000,1265471.39999999
3640,1687748400000,1259553.1
3641,1687752000000,1257462.0
3642,1687755600000,1254641.89999999
3643,1687759200000,1259315.7
3644,1687762800000,1244200.6
3645,1687766400000,1232001.2
3646,1687770000000,1240248.2
3647,1687773600000,1240972.6
3648,1687777200000,1246313.7
3649,1687780800000,1245335.1
3650,1687784400000,1225014.5
3651,1687788000000,1226657.2
3652,1687791600000,1219084.7
3653,1687795200000,1211834.0
3654,1687798800000,1180766.1
3655,1687802400000,1162512.39999999
3656,1687806000000,1165119.5
3657,1687809600000,1164698.3
3658,1687813200000,1149414.3
3659,1687816800000,1139740.1
3660,1687820400000,1141502.1
3661,1687824000000,1151263.6
3662,1687827600000,1156505.0
3663,1687831200000,1157371.39999999
3664,1687834800000,1155974.89999999
3665,1687838400000,1159046.0
3666,1687842000000,1156555.3
3667,1687845600000,1160556.2
3668,1687849200000,1192003.3
3669,1687852800000,1193222.39999999
3670,1687856400000,1188336.8
3671,1687860000000,1198291.39999999
3672,1687863600000,1201823.89999999
3673,1687867200000,1207045.2
3674,1687870800000,1218021.8
3675,1687874400000,1223114.7
3676,1687878000000,1217467.8
3677,1687881600000,1242649.2
3678,1687885200000,1234977.3
3679,1687888800000,1252862.8
3680,1687892400000,1255307.6
3681,1687896000000,1249524.3
3682,1687899600000,1249950.39999999
3683,1687903200000,1250908.39999999
3684,1687906800000,1245213.7
3685,1687910400000,1245119.39999999
3686,1687914000000,1254728.6
3687,1687917600000,1231578.89999999
3688,1687921200000,1233303.2
3689,1687924800000,1199482.39999999
3690,1687928400000,1185741.8
3691,1687932000000,1182720.8
3692,1687935600000,1164553.2
3693,1687939200000,1130904.1
3694,1687942800000,1169645.39999999
3695,1687946400000,1164902.6
3696,1687950000000,1163606.1
3697,1687953600000,1159436.7
3698,1687957200000,1134108.3
3699,1687960800000,1174002.6
3700,1687964400000,1168526.89999999
3701,1687968000000,1161261.89999999
3702,1687971600000,1167732.8
3703,1687975200000,1150595.5
3704,1687978800000,1134949.1
3705,1687982400000,1157180.2
3706,1687986000000,1152524.2
3707,1687989600000,1166179.8
3708,1687993200000,1153209.7
3709,1687996800000,1160312.2
3710,1688000400000,1132364.7
3711,1688004000000,1105567.39999999
3712,1688007600000,1099110.7
3713,1688011200000,1094213.3
3714,1688014800000,1113442.2
3715,1688018400000,1124466.3
3716,1688022000000,1122917.1
3717,1688025600000,1151615.89999999
3718,1688029200000,1168940.2
3719,1688032800000,1153707.0
3720,1688036400000,1152054.8
3721,1688040000000,1152505.8
3722,1688043600000,1147849.0
3723,1688047200000,1146264.89999999
3724,1688050800000,1144224.39999999
3725,1688054400000,1143512.1
3726,1688058000000,1144758.39999999
3727,1688061600000,1141991.5
3728,1688065200000,1154516.2
3729,1688068800000,1145989.89999999
3730,1688072400000,1148544.89999999
3731,1688076000000,1147867.3
3732,1688079600000,1145331.0
3733,1688083200000,1141517.6
3734,1688086800000,1145045.39999999
3735,1688090400000,1139440.89999999
3736,1688094000000,1136360.1
3737,1688097600000,1131675.6
3738,1688101200000,1119482.2
3739,1688104800000,1125075.5
3740,1688108400000,1141351.6
3741,1688112000000,1135779.0
3742,1688115600000,1152303.8
3743,1688119200000,1162647.89999999
3744,1688122800000,1141068.0
3745,1688126400000,1146226.5
3746,1688130000000,1166490.0
3747,1688133600000,1184677.8
3748,1688137200000,1175854.6
3749,1688140800000,1196397.6
3750,1688144400000,1148933.3
3751,1688148000000,1128522.5
3752,1688151600000,1130444.8
3753,1688155200000,1119171.0
3754,1688158800000,1120854.3
3755,1688162400000,1119785.89999999
3756,1688166000000,1136881.6
3757,1688169600000,1126609.7
3758,1688173200000,1121111.3
3759,1688176800000,1137492.7
3760,1688180400000,1152993.3
3761,1688184000000,1167383.3
3762,1688187600000,1146853.5
3763,1688191200000,1144225.1
3764,1688194800000,1150800.89999999
3765,1688198400000,1132234.8
3766,1688202000000,1164708.89999999
3767,1688205600000,1171211.89999999
3768,1688209200000,1160326.5
3769,1688212800000,1140715.89999999
3770,1688216400000,1142737.5
3771,1688220000000,1216169.7
3772,1688223600000,1208212.2
3773,1688227200000,1234168.89999999
3774,1688230800000,1240979.7
3775,1688234400000,1242937.6
3776,1688238000000,1219593.2
3777,1688241600000,1222281.6
3778,1688245200000,1224972.7
3779,1688248800000,1209850.89999999
3780,1688252400000,1216525.6
3781,1688256000000,1241899.39999999
3782,1688259600000,1229703.5
3783,1688263200000,1229365.7
3784,1688266800000,1263261.3
3785,1688270400000,1236682.2
3786,1688274000000,1211335.2
3787,1688277600000,1210995.2
3788,1688281200000,1208104.2
3789,1688284800000,1197670.7
3790,1688288400000,1197641.3
3791,1688292000000,1197743.89999999
3792,1688295600000,1198681.2
3793,1688299200000,1227323.1
3794,1688302800000,1284577.6
3795,1688306400000,1301247.8
3796,1688310000000,1316792.8
3797,1688313600000,1307622.1
3798,1688317200000,1343199.6
3799,1688320800000,1303680.1
3800,1688324400000,1286692.8
3801,1688328000000,1276361.3
3802,1688331600000,1273810.8
3803,1688335200000,1268870.2
3804,1688338800000,1297098.8
3805,1688342400000,1279168.5
3806,1688346000000,1276971.0
3807,1688349600000,1307965.7
3808,1688353200000,1401445.39999999
3809,1688356800000,1581285.9
3810,1688360400000,1663057.7
3811,1688364000000,1654138.4
3812,1688367600000,1613410.0
3813,1688371200000,1668077.6
3814,1688374800000,1687761.1
3815,1688378400000,1659380.3
3816,1688382000000,1763600.1
3817,1688385600000,1767474.1
3818,1688389200000,1907631.2
3819,1688392800000,1800932.4
3820,1688396400000,1953697.7
3821,1688400000000,1863930.9
3822,1688403600000,1924356.7
3823,1688407200000,1846816.4
3824,1688410800000,1857330.0
3825,1688414400000,1906660.5
3826,1688418000000,1927533.8
3827,1688421600000,1889635.7
3828,1688425200000,1874681.6
3829,1688428800000,1898185.7
3830,1688432400000,1909889.1
3831,1688436000000,1926256.9
3832,1688439600000,1906458.9
3833,1688443200000,1917855.9
3834,1688446800000,1883441.5
3835,1688450400000,1888379.5
3836,1688454000000,1888497.7
3837,1688457600000,1882466.8
3838,1688461200000,1884219.8
3839,1688464800000,1832835.2
3840,1688468400000,1818191.8
3841,1688472000000,1848260.6
3842,1688475600000,1819790.0
3843,1688479200000,1828799.8
3844,1688482800000,1809202.7
3845,1688486400000,1785026.6
3846,1688490000000,1747071.9
3847,1688493600000,1721064.0
3848,1688497200000,1717662.8
3849,1688500800000,1687704.8
3850,1688504400000,1693891.2
3851,1688508000000,1677123.6
3852,1688511600000,1691152.9
3853,1688515200000,1674093.4
3854,1688518800000,1656775.5
3855,1688522400000,1645912.5
3856,1688526000000,1644818.0
3857,1688529600000,1642467.6
3858,1688533200000,1645618.3
3859,1688536800000,1656868.0
3860,1688540400000,1665145.7
3861,1688544000000,1731637.2
3862,1688547600000,1569881.4
3863,1688551200000,1601851.8
3864,1688554800000,1483532.2
3865,1688558400000,1441785.6
3866,1688562000000,1434770.8
3867,1688565600000,1529112.9
3868,1688569200000,1460753.9
3869,1688572800000,1615395.8
3870,1688576400000,1504305.0
3871,1688580000000,1545922.9
3872,1688583600000,1559892.4
3873,1688587200000,1685538.1
3874,1688590800000,1764542.0
3875,1688594400000,1590395.4
3876,1688598000000,1545574.8
3877,1688601600000,1554285.5
3878,1688605200000,1542527.6
3879,1688608800000,1601611.0
3880,1688612400000,1596422.5
3881,1688616000000,1594837.7
3882,1688619600000,1572021.0
3883,1688623200000,1540946.4
3884,1688626800000,1546840.0
3885,1688630400000,1583934.7
3886,1688634000000,1589894.7
3887,1688637600000,1581031.7
3888,1688641200000,1562165.8
3889,1688644800000,1552600.9
3890,1688648400000,1524419.5
3891,1688652000000,1510359.9
3892,1688655600000,1482896.6
3893,1688659200000,1504452.6
3894,1688662800000,1503593.1
3895,1688666400000,1500511.1
3896,1688670000000,1523391.1
3897,1688673600000,1527495.7
3898,1688677200000,1512567.5
3899,1688680800000,1486104.0
3900,1688684400000,1483885.3
3901,1688688000000,1501455.4
3902,1688691600000,1461364.3
3903,1688695200000,1456158.3
3904,1688698800000,1463304.7
3905,1688702400000,1488106.7
3906,1688706000000,1472853.5
3907,1688709600000,1469412.3
3908,1688713200000,1470575.5
3909,1688716800000,1458545.0
3910,1688720400000,1456993.7
3911,1688724000000,1475298.1
3912,1688727600000,1470738.9
3913,1688731200000,1485488.7
3914,1688734800000,1456692.4
3915,1688738400000,1448391.9
3916,1688742000000,1451128.5
3917,1688745600000,1462291.5
3918,1688749200000,1447103.5
3919,1688752800000,1429260.5
3920,1688756400000,1426924.6
3921,1688760000000,1419508.4
3922,1688763600000,1421759.4
3923,1688767200000,1406776.3
3924,1688770800000,1411822.3
3925,1688774400000,1422070.4
3926,1688778000000,1417181.4
3927,1688781600000,1412999.0
3928,1688785200000,1424426.8
3929,1688788800000,1416695.6
3930,1688792400000,1419681.8
3931,1688796000000,1391543.89999999
3932,1688799600000,1386810.3
3933,1688803200000,1410892.3
3934,1688806800000,1405940.5
3935,1688810400000,1422006.9
3936,1688814000000,1419054.9
3937,1688817600000,1400757.1
3938,1688821200000,1386216.1
3939,1688824800000,1388112.7
3940,1688828400000,1391348.7
3941,1688832000000,1416842.9
3942,1688835600000,1408609.3
3943,1688839200000,1412000.3
3944,1688842800000,1416773.1
3945,1688846400000,1427113.5
3946,1688850000000,1408626.5
3947,1688853600000,1388275.7
3948,1688857200000,1382412.5
3949,1688860800000,1375096.3
3950,1688864400000,1384208.39999999
3951,1688868000000,1376137.1
3952,1688871600000,1371994.7
3953,1688875200000,1374282.7
3954,1688878800000,1370431.3
3955,1688882400000,1371121.3
3956,1688886000000,1384826.6
3957,1688889600000,1386188.8
3958,1688893200000,1393330.39999999
3959,1688896800000,1395536.39999999
3960,1688900400000,1394474.2
3961,1688904000000,1401975.39999999
3962,1688907600000,1381901.39999999
3963,1688911200000,1387299.39999999
3964,1688914800000,1395561.0
3965,1688918400000,1383510.8
3966,1688922000000,1414083.6
3967,1688925600000,1398212.0
3968,1688929200000,1396110.8
3969,1688932800000,1399187.39999999
3970,1688936400000,1405113.7
3971,1688940000000,1388932.89999999
3972,1688943600000,1394421.89999999
3973,1688947200000,1386072.5
3974,1688950800000,1501816.6
3975,1688954400000,1483328.0
3976,1688958000000,1467530.2
3977,1688961600000,1446939.5
3978,1688965200000,1467758.7
3979,1688968800000,1463181.1
3980,1688972400000,1449516.3
3981,1688976000000,1474630.7
3982,1688979600000,1506152.9
3983,1688983200000,1605150.4
3984,1688986800000,1612944.8
3985,1688990400000,1643184.4
3986,1688994000000,1627755.0
3987,1688997600000,1622880.6
3988,1689001200000,1618260.1
3989,1689004800000,1606198.7
3990,1689008400000,1623452.7
3991,1689012000000,1591850.3
3992,1689015600000,1552194.2
3993,1689019200000,1528624.2
3994,1689022800000,1489350.8
3995,1689026400000,1484427.5
3996,1689030000000,1455203.3
3997,1689033600000,1444517.3
3998,1689037200000,1433193.7
3999,1689040800000,1424562.5
4000,1689044400000,1433194.5
4001,1689048000000,1427321.1
4002,1689051600000,1438161.7
4003,1689055200000,1427543.9
4004,1689058800000,1429711.3
4005,1689062400000,1434764.5
4006,1689066000000,1452419.1
4007,1689069600000,1435622.3
4008,1689073200000,1428274.9
4009,1689076800000,1427302.7
4010,1689080400000,1426954.5
4011,1689084000000,1423040.5
4012,1689087600000,1450646.7
4013,1689091200000,1426098.1
4014,1689094800000,1426881.1
4015,1689098400000,1429959.7
4016,1689102000000,1404774.3
4017,1689105600000,1408619.3
4018,1689109200000,1410830.1
4019,1689112800000,1398941.7
4020,1689116400000,1397424.5
4021,1689120000000,1397947.5
4022,1689123600000,1419158.7
4023,1689127200000,1416617.1
4024,1689130800000,1428622.9
4025,1689134400000,1432161.7
4026,1689138000000,1445023.5
4027,1689141600000,1441588.5
4028,1689145200000,1441033.7
4029,1689148800000,1483000.9
4030,1689152400000,1467340.4
4031,1689156000000,1466759.8
4032,1689159600000,1470052.6
4033,1689163200000,1470997.8
4034,1689166800000,1458611.6
4035,1689170400000,1418927.7
4036,1689174000000,1428869.9
4037,1689177600000,1439276.1
4038,1689181200000,1416509.2
4039,1689184800000,1414427.6
4040,1689188400000,1405916.8
4041,1689192000000,1442243.8
4042,1689195600000,1447132.7
4043,1689199200000,1438857.7
4044,1689202800000,1445000.7
4045,1689206400000,1422813.1
4046,1689210000000,1424301.9
4047,1689213600000,1425124.6
4048,1689217200000,1424702.2
4049,1689220800000,1426528.3
4050,1689224400000,1423774.1
4051,1689228000000,1422035.9
4052,1689231600000,1430302.3
4053,1689235200000,1481831.0
4054,1689238800000,1477331.3
4055,1689242400000,1464673.8
4056,1689246000000,1471056.5
4057,1689249600000,1497212.7
4058,1689253200000,1480887.4
4059,1689256800000,1477054.0
4060,1689260400000,1468307.4
4061,1689264000000,1525533.6
4062,1689267600000,1430484.0
4063,1689271200000,1497486.6
4064,1689274800000,1400494.39999999
4065,1689278400000,1353742.39999999
4066,1689282000000,1373432.5
4067,1689285600000,1355071.8
4068,1689289200000,1363425.6
4069,1689292800000,1386498.8
4070,1689296400000,1406988.89999999
4071,1689300000000,1518779.1
4072,1689303600000,1486661.1
4073,1689307200000,1478079.3
4074,1689310800000,1489177.5
4075,1689314400000,1478896.5
4076,1689318000000,1484751.3
4077,1689321600000,1394225.8
4078,1689325200000,1420158.0
4079,1689328800000,1402772.8
4080,1689332400000,1409341.6
4081,1689336000000,1430027.9
4082,1689339600000,1447126.3
4083,1689343200000,1449170.7
4084,1689346800000,1433554.4
4085,1689350400000,1430665.9
4086,1689354000000,1453926.3
4087,1689357600000,1413751.4
4088,1689361200000,1360804.39999999
4089,1689364800000,1369018.0
4090,1689368400000,1380465.8
4091,1689372000000,1374174.39999999
4092,1689375600000,1448773.8
4093,1689379200000,1439517.3
4094,1689382800000,1432149.7
4095,1689386400000,1415765.3
4096,1689390000000,1415571.3
4097,1689393600000,1382187.7
4098,1689397200000,1376684.7
4099,1689400800000,1364589.7
4100,1689404400000,1373652.3
4101,1689408000000,1407462.9
4102,1689411600000,1389314.5
4103,1689415200000,1400100.89999999
4104,1689418800000,1407930.9
4105,1689422400000,1383864.5
4106,1689426000000,1394015.3
4107,1689429600000,1403827.7
4108,1689433200000,1391161.7
4109,1689436800000,1373033.1
4110,1689440400000,1387238.1
4111,1689444000000,1381614.3
4112,1689447600000,1382254.7
4113,1689451200000,1374520.1
4114,1689454800000,1379414.1
4115,1689458400000,1384022.0
4116,1689462000000,1381632.2
4117,1689465600000,1386430.8
4118,1689469200000,1395192.0
4119,1689472800000,1389859.6
4120,1689476400000,1424361.5
4121,1689480000000,1427011.7
4122,1689483600000,1430075.5
4123,1689487200000,1424766.2
4124,1689490800000,1429031.6
4125,1689494400000,1437655.2
4126,1689498000000,1446917.6
4127,1689501600000,1442939.4
4128,1689505200000,1435018.5
4129,1689508800000,1443183.7
4130,1689512400000,1447979.0
4131,1689516000000,1449102.0
4132,1689519600000,1455481.0
4133,1689523200000,1465604.6
4134,1689526800000,1459877.7
4135,1689530400000,1480191.1
4136,1689534000000,1479066.9
4137,1689537600000,1537754.5
4138,1689541200000,1519313.1
4139,1689544800000,1532416.4
4140,1689548400000,1528438.7
4141,1689552000000,1519474.0
4142,1689555600000,1517311.4
4143,1689559200000,1516042.5
4144,1689562800000,1517272.9
4145,1689566400000,1532650.1
4146,1689570000000,1541393.3
4147,1689573600000,1567368.7
4148,1689577200000,1594014.3
4149,1689580800000,1588870.7
4150,1689584400000,1568405.9
4151,1689588000000,1563082.0
4152,1689591600000,1515295.4
4153,1689595200000,1524731.2
4154,1689598800000,1482363.7
4155,1689602400000,1482070.4
4156,1689606000000,1487663.8
4157,1689609600000,1482633.0
4158,1689613200000,1478572.4
4159,1689616800000,1487975.4
4160,1689620400000,1485369.1
4161,1689624000000,1487941.5
4162,1689627600000,1481043.5
4163,1689631200000,1478724.5
4164,1689634800000,1488536.3
4165,1689638400000,1517839.6
4166,1689642000000,1538215.0
4167,1689645600000,1550665.6
4168,1689649200000,1547586.6
4169,1689652800000,1549146.2
4170,1689656400000,1554085.6
4171,1689660000000,1540867.6
4172,1689663600000,1523767.4
4173,1689667200000,1537152.2
4174,1689670800000,1531368.4
4175,1689674400000,1540549.8
4176,1689678000000,1542756.0
4177,1689681600000,1543676.4
4178,1689685200000,1546238.2
4179,1689688800000,1546763.2
4180,1689692400000,1537906.2
4181,1689696000000,1534663.4
4182,1689699600000,1536233.3
4183,1689703200000,1535559.1
4184,1689706800000,1529005.9
4185,1689710400000,1529301.5
4186,1689714000000,1525402.7
4187,1689717600000,1518429.8
4188,1689721200000,1519517.6
4189,1689724800000,1512600.2
4190,1689728400000,1527048.7
4191,1689732000000,1525514.5
4192,1689735600000,1537418.7
4193,1689739200000,1527894.9
4194,1689742800000,1539492.6
4195,1689746400000,1543131.6
4196,1689750000000,1543764.8
4197,1689753600000,1543773.8
4198,1689757200000,1534490.6
4199,1689760800000,1527847.0
4200,1689764400000,1524278.4
4201,1689768000000,1571506.6
4202,1689771600000,1590986.9
4203,1689775200000,1590571.4
4204,1689778800000,1593174.8
4205,1689782400000,1579774.4
4206,1689786000000,1578157.8
4207,1689789600000,1584246.8
4208,1689793200000,1583442.2
4209,1689796800000,1582565.8
4210,1689800400000,1580875.3
4211,1689804000000,1572641.2
4212,1689807600000,1562638.0
4213,1689811200000,1567892.6
4214,1689814800000,1565813.2
4215,1689818400000,1551350.6
4216,1689822000000,1562638.4
4217,1689825600000,1560129.5
4218,1689829200000,1568321.8
4219,1689832800000,1577596.4
4220,1689836400000,1580420.2
4221,1689840000000,1583742.0
4222,1689843600000,1586804.4
4223,1689847200000,1569526.2
4224,1689850800000,1584707.1
4225,1689854400000,1603398.3
4226,1689858000000,1674004.8
4227,1689861600000,1675085.8
4228,1689865200000,1532156.7
4229,1689868800000,1464805.3
4230,1689872400000,1472086.7
4231,1689876000000,1527532.3
4232,1689879600000,1491434.9
4233,1689883200000,1514844.7
4234,1689886800000,1521884.2
4235,1689890400000,1506033.0
4236,1689894000000,1509852.5
4237,1689897600000,1499582.8
4238,1689901200000,1505552.4
4239,1689904800000,1695752.1
4240,1689908400000,1557084.1
4241,1689912000000,1545368.7
4242,1689915600000,1573771.1
4243,1689919200000,1563555.9
4244,1689922800000,1603143.2
4245,1689926400000,1618890.1
4246,1689930000000,1609663.3
4247,1689933600000,1646143.2
4248,1689937200000,1612611.0
4249,1689940800000,1655237.0
4250,1689944400000,1635009.3
4251,1689948000000,1626356.7
4252,1689951600000,1627858.6
4253,1689955200000,1622500.3
4254,1689958800000,1629478.0
4255,1689962400000,1604793.9
4256,1689966000000,1579458.8
4257,1689969600000,1553562.4
4258,1689973200000,1553205.0
4259,1689976800000,1535071.9
4260,1689980400000,1526913.0
4261,1689984000000,1518899.6
4262,1689987600000,1539041.7
4263,1689991200000,1551139.7
4264,1689994800000,1562357.5
4265,1689998400000,1601403.3
4266,1690002000000,1604123.8
4267,1690005600000,1597098.0
4268,1690009200000,1595099.8
4269,1690012800000,1604352.2
4270,1690016400000,1615282.4
4271,1690020000000,1643616.6
4272,1690023600000,1602992.1
4273,1690027200000,1584400.7
4274,1690030800000,1579979.5
4275,1690034400000,1571983.1
4276,1690038000000,1572575.5
4277,1690041600000,1565734.5
4278,1690045200000,1555670.7
4279,1690048800000,1561259.5
4280,1690052400000,1563167.5
4281,1690056000000,1563822.3
4282,1690059600000,1568167.6
4283,1690063200000,1562217.6
4284,1690066800000,1552116.0
4285,1690070400000,1507774.2
4286,1690074000000,1500237.4
4287,1690077600000,1533054.8
4288,1690081200000,1514810.1
4289,1690084800000,1629451.0
4290,1690088400000,1666871.6
4291,1690092000000,1657594.2
4292,1690095600000,1647809.0
4293,1690099200000,1672652.8
4294,1690102800000,1651803.6
4295,1690106400000,1641074.9
4296,1690110000000,1659496.9
4297,1690113600000,1664078.6
4298,1690117200000,1674023.5
4299,1690120800000,1677902.0
4300,1690124400000,1665677.5
4301,1690128000000,1609967.0
4302,1690131600000,1608032.8
4303,1690135200000,1610746.0
4304,1690138800000,1599178.6
4305,1690142400000,1566109.9
4306,1690146000000,1503456.9
4307,1690149600000,1517906.5
4308,1690153200000,1499932.9
4309,1690156800000,1507276.7
4310,1690160400000,1515519.1
4311,1690164000000,1504878.4
4312,1690167600000,1500628.4
4313,1690171200000,1532137.2
4314,1690174800000,1553175.1
4315,1690178400000,1550199.8
4316,1690182000000,1540769.8
4317,1690185600000,1534561.0
4318,1690189200000,1550608.4
4319,1690192800000,1565423.1
4320,1690196400000,1562309.9
4321,1690200000000,1555326.8
4322,1690203600000,1585746.4
4323,1690207200000,1582919.6
4324,1690210800000,1587327.6
4325,1690214400000,1573991.7
4326,1690218000000,1586334.6
4327,1690221600000,1625954.6
4328,1690225200000,1625177.8
4329,1690228800000,1637611.1
4330,1690232400000,1619113.7
4331,1690236000000,1623419.5
4332,1690239600000,1622980.3
4333,1690243200000,1626492.1
4334,1690246800000,1633920.6
4335,1690250400000,1623408.4
4336,1690254000000,1610879.4
4337,1690257600000,1617110.1
4338,1690261200000,1606736.8
4339,1690264800000,1599057.6
4340,1690268400000,1600054.4
4341,1690272000000,1599569.4
4342,1690275600000,1600236.0
4343,1690279200000,1626332.4
4344,1690282800000,1604497.6
4345,1690286400000,1606975.4
4346,1690290000000,1616081.4
4347,1690293600000,1571118.2
4348,1690297200000,1582736.8
4349,1690300800000,1583806.3
4350,1690304400000,1592756.4
4351,1690308000000,1573913.0
4352,1690311600000,1572578.7
4353,1690315200000,1554896.9
4354,1690318800000,1560974.8
4355,1690322400000,1552163.1
4356,1690326000000,1548400.5
4357,1690329600000,1548321.1
4358,1690333200000,1561819.6
4359,1690336800000,1572956.2
4360,1690340400000,1563683.6
4361,1690344000000,1552417.0
4362,1690347600000,1575040.3
4363,1690351200000,1588141.5
4364,1690354800000,1581898.7
4365,1690358400000,1573092.0
4366,1690362000000,1564998.7
4367,1690365600000,1610236.6
4368,1690369200000,1607798.7
4369,1690372800000,1634329.7
4370,1690376400000,1636609.3
4371,1690380000000,1630829.6
4372,1690383600000,1634544.8
4373,1690387200000,1646828.0
4374,1690390800000,1659924.3
4375,1690394400000,1650855.1
4376,1690398000000,1637191.4
4377,1690401600000,1664556.8
4378,1690405200000,1644596.6
4379,1690408800000,1630351.8
4380,1690412400000,1623390.6
4381,1690416000000,1616400.4
4382,1690419600000,1615233.2
4383,1690423200000,1620330.6
4384,1690426800000,1679987.7
4385,1690430400000,1659864.2
4386,1690434000000,1652506.2
4387,1690437600000,1651694.0
4388,1690441200000,1661559.0
4389,1690444800000,1669999.4
4390,1690448400000,1698312.3
4391,1690452000000,1699163.5
4392,1690455600000,1704826.1
4393,1690459200000,1684142.2
4394,1690462800000,1687669.0
4395,1690466400000,1743190.0
4396,1690470000000,1738560.2
4397,1690473600000,1718984.2
4398,1690477200000,1695045.6
4399,1690480800000,1705139.4
4400,1690484400000,1680782.8
4401,1690488000000,1678886.8
4402,1690491600000,1701431.8
4403,1690495200000,1694227.6
4404,1690498800000,1670324.0
4405,1690502400000,1649946.4
4406,1690506000000,1646641.6
4407,1690509600000,1634298.5
4408,1690513200000,1639950.9
4409,1690516800000,1708219.7
4410,1690520400000,1706978.3
4411,1690524000000,1694149.3
4412,1690527600000,1690800.3
4413,1690531200000,1690842.1
4414,1690534800000,1734159.3
4415,1690538400000,1753490.3
4416,1690542000000,1750490.1
4417,1690545600000,1741909.1
4418,1690549200000,1730482.7
4419,1690552800000,1752657.7
4420,1690556400000,1749349.3
4421,1690560000000,1731400.0
4422,1690563600000,1717088.2
4423,1690567200000,1699236.3
4424,1690570800000,1687466.7
4425,1690574400000,1670616.3
4426,1690578000000,1666136.5
4427,1690581600000,1667238.3
4428,1690585200000,1671766.9
4429,1690588800000,1675986.5
4430,1690592400000,1636337.5
4431,1690596000000,1630100.3
4432,1690599600000,1625815.4
4433,1690603200000,1617183.5
4434,1690606800000,1616337.6
4435,1690610400000,1612001.6
4436,1690614000000,1594382.6
4437,1690617600000,1625759.4
4438,1690621200000,1647244.2
4439,1690624800000,1626150.0
4440,1690628400000,1619832.2
4441,1690632000000,1622708.8
4442,1690635600000,1632431.7
4443,1690639200000,1635310.7
4444,1690642800000,1625955.9
4445,1690646400000,1638581.3
4446,1690650000000,1608842.9
4447,1690653600000,1606502.1
4448,1690657200000,1609445.0
4449,1690660800000,1603911.0
4450,1690664400000,1598597.0
4451,1690668000000,1602588.8
4452,1690671600000,1605810.4
4453,1690675200000,1609494.0
4454,1690678800000,1604091.2
4455,1690682400000,1596427.3
4456,1690686000000,1612467.9
4457,1690689600000,1626688.1
4458,1690693200000,1623390.3
4459,1690696800000,1622903.7
4460,1690700400000,1629777.3
4461,1690704000000,1634495.7
4462,1690707600000,1644220.5
4463,1690711200000,1653461.1
4464,1690714800000,1659215.3
4465,1690718400000,1645317.9
4466,1690722000000,1645522.1
4467,1690725600000,1653840.1
4468,1690729200000,1670845.4
4469,1690732800000,1677697.8
4470,1690736400000,1667447.4
4471,1690740000000,1695539.4
4472,1690743600000,1671748.7
4473,1690747200000,1692660.3
4474,1690750800000,1765517.3
4475,1690754400000,1777945.2
4476,1690758000000,1782508.4
4477,1690761600000,1761820.2
4478,1690765200000,1754769.6
4479,1690768800000,1752987.1
4480,1690772400000,1757229.0
4481,1690776000000,1762936.4
4482,1690779600000,1771223.4
4483,1690783200000,1822806.5
4484,1690786800000,1812366.1
4485,1690790400000,1812182.3
4486,1690794000000,1823688.1
4487,1690797600000,1781773.7
4488,1690801200000,1783151.7
4489,1690804800000,1792547.7
4490,1690808400000,1769954.9
4491,1690812000000,1766926.1
4492,1690815600000,1776654.3
4493,1690819200000,1813347.4
4494,1690822800000,1810967.6
4495,1690826400000,1826282.3
4496,1690830000000,1825827.3
4497,1690833600000,1842651.6
4498,1690837200000,1819614.7
4499,1690840800000,1813777.6
4500,1690844400000,1826719.6
4501,1690848000000,1828870.8
4502,1690851600000,1827385.0
4503,1690855200000,1830781.6
4504,1690858800000,1939014.6
4505,1690862400000,1943957.8
4506,1690866000000,1946435.4
4507,1690869600000,1923043.5
4508,1690873200000,1911288.3
4509,1690876800000,1899043.5
4510,1690880400000,1896739.3
4511,1690884000000,1896671.7
4512,1690887600000,1897325.3
4513,1690891200000,1890547.3
4514,1690894800000,1876109.5
4515,1690898400000,1895467.9
4516,1690902000000,1890321.5
4517,1690905600000,1898591.6
4518,1690909200000,1904721.8
4519,1690912800000,1893246.6
4520,1690916400000,1879877.6
4521,1690920000000,1880057.6
4522,1690923600000,1881818.1
4523,1690927200000,1885651.5
4524,1690930800000,1892071.3
4525,1690934400000,1907114.8
4526,1690938000000,1914009.1
4527,1690941600000,1946168.6
4528,1690945200000,1945886.8
4529,1690948800000,1947883.6
4530,1690952400000,1941291.3
4531,1690956000000,1943357.3
4532,1690959600000,1945662.3
4533,1690963200000,1958618.1
4534,1690966800000,1988215.7
4535,1690970400000,1984083.9
4536,1690974000000,1983461.6
4537,1690977600000,1987583.0
4538,1690981200000,2005970.3
4539,1690984800000,2025741.0
4540,1690988400000,1984029.5
4541,1690992000000,1976451.0
4542,1690995600000,1987687.1
4543,1690999200000,1983785.7
4544,1691002800000,1987393.0
4545,1691006400000,1970785.8
4546,1691010000000,1964553.4
4547,1691013600000,1964239.8
4548,1691017200000,1958534.6
4549,1691020800000,1976565.0
4550,1691024400000,1959857.0
4551,1691028000000,1960093.9
4552,1691031600000,1975333.1
4553,1691035200000,1948007.3
4554,1691038800000,1939010.7
4555,1691042400000,1935542.1
4556,1691046000000,1939636.3
4557,1691049600000,1932197.3
4558,1691053200000,1923189.2
4559,1691056800000,1918620.2
4560,1691060400000,1926581.3
4561,1691064000000,1936966.3
4562,1691067600000,1945234.3
4563,1691071200000,1934150.2
4564,1691074800000,1955662.6
4565,1691078400000,1958991.4
4566,1691082000000,1974254.0
4567,1691085600000,1984398.6
4568,1691089200000,1980230.3
4569,1691092800000,1982592.3
4570,1691096400000,1963764.7
4571,1691100000000,1978202.0
4572,1691103600000,1975044.1
4573,1691107200000,1977348.5
4574,1691110800000,1955237.5
4575,1691114400000,1953772.4
4576,1691118000000,1970763.4
4577,1691121600000,1968633.6
4578,1691125200000,1961890.2
4579,1691128800000,1953956.0
4580,1691132400000,1966122.0
4581,1691136000000,1967846.8
4582,1691139600000,1977034.3
4583,1691143200000,1986596.5
4584,1691146800000,1995444.1
4585,1691150400000,1994735.7
4586,1691154000000,1986382.6
4587,1691157600000,2006949.2
4588,1691161200000,2003981.8
4589,1691164800000,2029426.2
4590,1691168400000,2034322.4
4591,1691172000000,2025003.0
4592,1691175600000,2024018.0
4593,1691179200000,2007310.6
4594,1691182800000,2032695.7
4595,1691186400000,1997577.3
4596,1691190000000,1996290.9
4597,1691193600000,1999420.7
4598,1691197200000,2011189.9
4599,1691200800000,2039029.6
4600,1691204400000,2060048.7
4601,1691208000000,2060613.8
4602,1691211600000,2049243.2
4603,1691215200000,2044280.6
4604,1691218800000,2035421.0
4605,1691222400000,2040395.4
4606,1691226000000,2044136.4
4607,1691229600000,2035357.4
4608,1691233200000,2030240.0
4609,1691236800000,2044705.6
4610,1691240400000,2035413.2
4611,1691244000000,2039513.4
4612,1691247600000,2032011.6
4613,1691251200000,2041435.4
4614,1691254800000,2033865.8
4615,1691258400000,2024687.8
4616,1691262000000,2015109.2
4617,1691265600000,2001820.4
4618,1691269200000,1999460.9
4619,1691272800000,1995154.7
4620,1691276400000,1990470.5
4621,1691280000000,1993257.3
4622,1691283600000,1996761.5
4623,1691287200000,2001076.7
4624,1691290800000,1988727.5
4625,1691294400000,1992482.1
4626,1691298000000,1988005.7
4627,1691301600000,1988605.7
4628,1691305200000,1980200.9
4629,1691308800000,1972468.9
4630,1691312400000,1979602.5
4631,1691316000000,1960603.3
4632,1691319600000,1959848.1
4633,1691323200000,1944721.9
4634,1691326800000,1949884.7
4635,1691330400000,1941402.5
4636,1691334000000,1932868.3
4637,1691337600000,1922763.9
4638,1691341200000,1907322.3
4639,1691344800000,1906586.9
4640,1691348400000,1894062.7
4641,1691352000000,1901796.5
4642,1691355600000,1898424.5
4643,1691359200000,1898151.7
4644,1691362800000,1926993.5
4645,1691366400000,1926102.1
4646,1691370000000,1933346.7
4647,1691373600000,1932499.3
4648,1691377200000,1944706.1
4649,1691380800000,1945748.3
4650,1691384400000,1941016.3
4651,1691388000000,1930747.5
4652,1691391600000,1960384.4
4653,1691395200000,1967821.8
4654,1691398800000,1958566.6
4655,1691402400000,1956870.4
4656,1691406000000,1948989.4
4657,1691409600000,1944896.4
4658,1691413200000,1950474.0
4659,1691416800000,1951810.8
4660,1691420400000,1937433.3
4661,1691424000000,1922789.0
4662,1691427600000,1934697.1
4663,1691431200000,1896208.1
4664,1691434800000,1882297.9
4665,1691438400000,1882386.1
4666,1691442000000,1900201.1
4667,1691445600000,1893514.5
4668,1691449200000,1901265.1
4669,1691452800000,1911483.7
4670,1691456400000,1961630.5
4671,1691460000000,1961397.1
4672,1691463600000,1902805.1
4673,1691467200000,1884477.1
4674,1691470800000,1877304.5
4675,1691474400000,1885723.5
4676,1691478000000,1880072.9
4677,1691481600000,1882098.5
4678,1691485200000,1870774.7
4679,1691488800000,1864878.5
4680,1691492400000,1897438.5
4681,1691496000000,1888149.2
4682,1691499600000,1898945.9
4683,1691503200000,1880844.9
4684,1691506800000,1878854.9
4685,1691510400000,1876549.6
4686,1691514000000,1865175.9
4687,1691517600000,1860264.4
4688,1691521200000,1877959.4
4689,1691524800000,1869070.8
4690,1691528400000,1879640.0
4691,1691532000000,1848605.1
4692,1691535600000,1837547.8
4693,1691539200000,1841678.6
4694,1691542800000,1849280.0
4695,1691546400000,1852566.3
4696,1691550000000,1942602.9
4697,1691553600000,1898987.4
4698,1691557200000,1892901.4
4699,1691560800000,1886590.2
4700,1691564400000,1886762.8
4701,1691568000000,1886084.4
4702,1691571600000,1888427.1
4703,1691575200000,1879134.5
4704,1691578800000,1909180.7
4705,1691582400000,1893400.8
4706,1691586000000,1893851.8
4707,1691589600000,1864753.5
4708,1691593200000,1862497.8
4709,1691596800000,1836682.4
4710,1691600400000,1826157.9
4711,1691604000000,1817500.9
4712,1691607600000,1818497.3
4713,1691611200000,1814311.3
4714,1691614800000,1823158.5
4715,1691618400000,1807535.5
4716,1691622000000,1805168.5
4717,1691625600000,1802596.7
4718,1691629200000,1805118.9
4719,1691632800000,1814569.9
4720,1691636400000,1821635.5
4721,1691640000000,1824592.5
4722,1691643600000,1838254.5
4723,1691647200000,1830591.1
4724,1691650800000,1876550.7
4725,1691654400000,1905173.1
4726,1691658000000,1905590.9
4727,1691661600000,1911816.1
4728,1691665200000,1922501.5
4729,1691668800000,1919648.7
4730,1691672400000,1905622.7
4731,1691676000000,1908729.8
4732,1691679600000,1900885.0
4733,1691683200000,1898725.0
4734,1691686800000,1895679.0
4735,1691690400000,1903659.2
4736,1691694000000,1901263.4
4737,1691697600000,1908415.2
4738,1691701200000,1892302.6
4739,1691704800000,1886299.0
4740,1691708400000,1887605.6
4741,1691712000000,1893125.2
4742,1691715600000,1894149.4
4743,1691719200000,1893530.6
4744,1691722800000,1898472.4
4745,1691726400000,1901985.0
4746,1691730000000,1901692.4
4747,1691733600000,1890585.2
4748,1691737200000,1887741.8
4749,1691740800000,1892924.8
4750,1691744400000,1916766.4
4751,1691748000000,1917132.4
4752,1691751600000,1919913.6
4753,1691755200000,1923520.8
4754,1691758800000,1924263.8
4755,1691762400000,1943697.4
4756,1691766000000,1941414.4
4757,1691769600000,1975978.6
4758,1691773200000,1962400.2
4759,1691776800000,1954871.6
4760,1691780400000,1945056.0
4761,1691784000000,1932149.0
4762,1691787600000,1923040.0
4763,1691791200000,1918659.6
4764,1691794800000,1932148.0
4765,1691798400000,1948395.4
4766,1691802000000,1936772.8
4767,1691805600000,1933129.6
4768,1691809200000,1915703.8
4769,1691812800000,1906909.4
4770,1691816400000,1908551.4
4771,1691820000000,1908843.8
4772,1691823600000,1897093.8
4773,1691827200000,1894833.0
4774,1691830800000,1898994.0
4775,1691834400000,1893563.8
4776,1691838000000,1894476.8
4777,1691841600000,1887650.0
4778,1691845200000,1879563.4
4779,1691848800000,1878947.8
4780,1691852400000,1874394.2
4781,1691856000000,1873725.6
4782,1691859600000,1865536.0
4783,1691863200000,1857546.8
4784,1691866800000,1867535.6
4785,1691870400000,1872522.4
4786,1691874000000,1871179.8
4787,1691877600000,1863112.8
4788,1691881200000,1864979.4
4789,1691884800000,1863191.8
4790,1691888400000,1860933.4
4791,1691892000000,1860938.2
4792,1691895600000,1863126.6
4793,1691899200000,1863408.8
4794,1691902800000,1866299.8
4795,1691906400000,1869194.6
4796,1691910000000,1871125.8
4797,1691913600000,1875735.4
4798,1691917200000,1871708.0
4799,1691920800000,1865739.6
4800,1691924400000,1880823.0
4801,1691928000000,1891228.2
4802,1691931600000,1883061.6
4803,1691935200000,1869791.2
4804,1691938800000,1865313.0
4805,1691942400000,1859632.2
4806,1691946000000,1859996.2
4807,1691949600000,1857463.4
4808,1691953200000,1859873.8
4809,1691956800000,1852204.9
4810,1691960400000,1841851.3
4811,1691964000000,1826047.3
4812,1691967600000,1915566.7
4813,1691971200000,1908954.5
4814,1691974800000,1932195.9
4815,1691978400000,1914837.3
4816,1691982000000,1895468.2
4817,1691985600000,1877290.8
4818,1691989200000,1894639.4
4819,1691992800000,1892671.2
4820,1691996400000,1887310.4
4821,1692000000000,1880446.8
4822,1692003600000,1876704.8
4823,1692007200000,1863138.6
4824,1692010800000,1864929.6
4825,1692014400000,1859207.6
4826,1692018000000,1851121.8
4827,1692021600000,1850779.2
4828,1692025200000,1849160.6
4829,1692028800000,1860145.6
4830,1692032400000,1858374.6
4831,1692036000000,1867439.6
4832,1692039600000,1863823.5
4833,1692043200000,1866230.9
4834,1692046800000,1856210.7
4835,1692050400000,1853994.5
4836,1692054000000,1857469.6
4837,1692057600000,1856613.6
4838,1692061200000,1857200.2
4839,1692064800000,1871842.2
4840,1692068400000,1856099.4
4841,1692072000000,2003599.3
4842,1692075600000,1967157.1
4843,1692079200000,1982351.7
4844,1692082800000,1972523.5
4845,1692086400000,1960952.9
4846,1692090000000,1984306.3
4847,1692093600000,1965152.1
4848,1692097200000,1957870.1
4849,1692100800000,1968935.5
4850,1692104400000,1970188.7
4851,1692108000000,1956880.1
4852,1692111600000,1979969.3
4853,1692115200000,1986999.7
4854,1692118800000,1981678.3
4855,1692122400000,1984150.1
4856,1692126000000,1899070.9
4857,1692129600000,1919768.7
4858,1692133200000,1908703.8
4859,1692136800000,1912432.6
4860,1692140400000,1920260.1
4861,1692144000000,1919527.9
4862,1692147600000,1909578.7
4863,1692151200000,1899362.1
4864,1692154800000,1922864.3
4865,1692158400000,1917796.5
4866,1692162000000,1919354.3
4867,1692165600000,1912996.7
4868,1692169200000,1912039.9
4869,1692172800000,1908773.1
4870,1692176400000,1901903.7
4871,1692180000000,1885965.9
4872,1692183600000,1881976.3
4873,1692187200000,1882983.3
4874,1692190800000,1847222.6
4875,1692194400000,1848527.2
4876,1692198000000,1839567.2
4877,1692201600000,1854424.2
4878,1692205200000,1835589.0
4879,1692208800000,1836769.3
4880,1692212400000,1815689.9
4881,1692216000000,1808468.7
4882,1692219600000,1782629.5
4883,1692223200000,1770919.9
4884,1692226800000,1787749.9
4885,1692230400000,1815566.4
4886,1692234000000,1888650.0
4887,1692237600000,1892225.8
4888,1692241200000,1857491.6
4889,1692244800000,1874147.2
4890,1692248400000,1867576.6
4891,1692252000000,1858030.9
4892,1692255600000,1845306.2
4893,1692259200000,1853484.1
4894,1692262800000,1842711.3
4895,1692266400000,1851904.3
4896,1692270000000,1860101.5
4897,1692273600000,1862484.3
4898,1692277200000,1875280.0
4899,1692280800000,1899440.4
4900,1692284400000,1944836.0
4901,1692288000000,1947798.5
4902,1692291600000,1936461.1
4903,1692295200000,1939151.1
4904,1692298800000,1941512.1
4905,1692302400000,1950041.3
4906,1692306000000,1959519.9
4907,1692309600000,1923444.5
4908,1692313200000,1919702.8
4909,1692316800000,1902538.1
4910,1692320400000,1912108.0
4911,1692324000000,1935724.9
4912,1692327600000,1927450.1
4913,1692331200000,1928684.1
4914,1692334800000,1916550.2
4915,1692338400000,1898998.4
4916,1692342000000,1893589.1
4917,1692345600000,1878600.3
4918,1692349200000,1870968.2
4919,1692352800000,1876810.1
4920,1692356400000,1888085.3
4921,1692360000000,1878867.4
4922,1692363600000,1870074.5
4923,1692367200000,1884892.3
4924,1692370800000,1872529.9
4925,1692374400000,1881862.2
4926,1692378000000,1900227.4
4927,1692381600000,1878082.3
4928,1692385200000,1855222.1
4929,1692388800000,1841823.1
4930,1692392400000,1839162.9
4931,1692396000000,1819314.3
4932,1692399600000,1818876.1
4933,1692403200000,1800402.1
4934,1692406800000,1773833.3
4935,1692410400000,1772266.7
4936,1692414000000,1770217.7
4937,1692417600000,1764609.5
4938,1692421200000,1769157.1
4939,1692424800000,1759078.9
4940,1692428400000,1758279.7
4941,1692432000000,1771781.9
4942,1692435600000,1762158.5
4943,1692439200000,1766615.7
4944,1692442800000,1770997.3
4945,1692446400000,1772823.9
4946,1692450000000,1776387.4
4947,1692453600000,1792317.0
4948,1692457200000,1780117.5
4949,1692460800000,1779864.7
4950,1692464400000,1779532.1
4951,1692468000000,1784431.3
4952,1692471600000,1776601.8
4953,1692475200000,1773836.0
4954,1692478800000,1784411.7
4955,1692482400000,1788844.1
4956,1692486000000,1795094.7
4957,1692489600000,1795233.1
4958,1692493200000,1783726.5
4959,1692496800000,1790545.5
4960,1692500400000,1794043.9
4961,1692504000000,1796685.1
4962,1692507600000,1796403.7
4963,1692511200000,1799123.9
4964,1692514800000,1794644.9
4965,1692518400000,1792711.3
4966,1692522000000,1786527.5
4967,1692525600000,1842032.8
4968,1692529200000,1833222.2
4969,1692532800000,1783950.0
4970,1692536400000,1775315.2
4971,1692540000000,1768634.7
4972,1692543600000,1785259.1
4973,1692547200000,1759092.7
4974,1692550800000,1780428.1
4975,1692554400000,1789341.7
4976,1692558000000,1792174.9
4977,1692561600000,1790537.3
4978,1692565200000,1784735.7
4979,1692568800000,1844391.7
4980,1692572400000,1828094.9
4981,1692576000000,1830437.5
4982,1692579600000,1848272.6
4983,1692583200000,1851656.3
4984,1692586800000,1845187.1
4985,1692590400000,1866722.1
4986,1692594000000,1876857.5
4987,1692597600000,1927260.4
4988,1692601200000,1921293.8
4989,1692604800000,1922816.0
4990,1692608400000,1937628.7
4991,1692612000000,1936123.9
4992,1692615600000,1889010.7
4993,1692619200000,1877163.5
4994,1692622800000,1958347.5
4995,1692626400000,1884488.8
4996,1692630000000,1836733.0
4997,1692633600000,1892126.8
4998,1692637200000,1829486.7
4999,1692640800000,1827252.5
5000,1692644400000,1825646.1
5001,1692648000000,1800886.3
5002,1692651600000,1804964.2
5003,1692655200000,1793894.7
5004,1692658800000,1785765.3
5005,1692662400000,1780630.3
5006,1692666000000,1777351.9
5007,1692669600000,1803054.2
5008,1692673200000,1810213.2
5009,1692676800000,1806445.8
5010,1692680400000,1836834.2
5011,1692684000000,1841025.6
5012,1692687600000,1849030.2
5013,1692691200000,1817381.1
5014,1692694800000,1812616.1
5015,1692698400000,1810262.1
5016,1692702000000,1813620.9
5017,1692705600000,1821431.1
5018,1692709200000,1800054.5
5019,1692712800000,1802234.9
5020,1692716400000,1814039.1
5021,1692720000000,1800929.3
5022,1692723600000,1790972.8
5023,1692727200000,1797112.3
5024,1692730800000,1783251.9
5025,1692734400000,1810838.9
5026,1692738000000,1812541.5
5027,1692741600000,1820307.5
5028,1692745200000,1831850.9
5029,1692748800000,1874515.8
5030,1692752400000,1838421.8
5031,1692756000000,1845705.4
5032,1692759600000,1818155.0
5033,1692763200000,1770177.8
5034,1692766800000,1761782.4
5035,1692770400000,1763764.6
5036,1692774000000,1810190.8
5037,1692777600000,1836422.3
5038,1692781200000,1835011.1
5039,1692784800000,1828484.5
5040,1692788400000,1831607.5
5041,1692792000000,1830726.5
5042,1692795600000,1871245.9
5043,1692799200000,1874096.9
5044,1692802800000,1858393.5
5045,1692806400000,1840456.8
5046,1692810000000,1828807.3
5047,1692813600000,1784186.5
5048,1692817200000,1818244.4
5049,1692820800000,1829016.9
5050,1692824400000,1835492.3
5051,1692828000000,1829331.4
5052,1692831600000,1837036.8
5053,1692835200000,1836177.9
5054,1692838800000,1846738.5
5055,1692842400000,1843541.9
5056,1692846000000,1831757.1
5057,1692849600000,1828594.7
5058,1692853200000,1844237.4
5059,1692856800000,1847073.4
5060,1692860400000,1883492.0
5061,1692864000000,1864742.1
5062,1692867600000,1860682.5
5063,1692871200000,1867489.1
5064,1692874800000,1847110.7
5065,1692878400000,1845966.8
5066,1692882000000,1851181.8
5067,1692885600000,1878063.0
5068,1692889200000,1869982.5
5069,1692892800000,1924379.8
5070,1692896400000,1922163.8
5071,1692900000000,1924631.1
5072,1692903600000,1919827.4
5073,1692907200000,1910064.7
5074,1692910800000,1897373.8
5075,1692914400000,1894380.4
5076,1692918000000,1880185.0
5077,1692921600000,1871025.0
5078,1692925200000,1856825.2
5079,1692928800000,1850799.8
5080,1692932400000,1864317.8
5081,1692936000000,1867408.4
5082,1692939600000,1942102.8
5083,1692943200000,1929345.6
5084,1692946800000,1963941.8
5085,1692950400000,1941284.8
5086,1692954000000,1906895.9
5087,1692957600000,1912697.3
5088,1692961200000,1938477.6
5089,1692964800000,1928248.1
5090,1692968400000,1883826.6
5091,1692972000000,1877221.4
5092,1692975600000,1896759.6
5093,1692979200000,1840755.5
5094,1692982800000,1845472.3
5095,1692986400000,1853011.3
5096,1692990000000,1867066.3
5097,1692993600000,1871727.3
5098,1692997200000,1875494.1
5099,1693000800000,1886817.3
5100,1693004400000,1876030.2
5101,1693008000000,1881333.2
5102,1693011600000,1892892.5
5103,1693015200000,1894992.1
5104,1693018800000,1894734.1
5105,1693022400000,1918231.9
5106,1693026000000,1935020.1
5107,1693029600000,1928692.5
5108,1693033200000,1927117.3
5109,1693036800000,1906093.7
5110,1693040400000,1921499.8
5111,1693044000000,1922034.2
5112,1693047600000,1921929.6
5113,1693051200000,1921872.8
5114,1693054800000,1922072.0
5115,1693058400000,1946527.0
5116,1693062000000,1932371.4
5117,1693065600000,1942028.2
5118,1693069200000,1941936.8
5119,1693072800000,1950420.0
5120,1693076400000,1946647.2
5121,1693080000000,1935405.2
5122,1693083600000,1935840.0
5123,1693087200000,1942466.3
5124,1693090800000,1952384.1
5125,1693094400000,1952039.7
5126,1693098000000,1951694.7
5127,1693101600000,1934922.1
5128,1693105200000,1947646.7
5129,1693108800000,1944941.1
5130,1693112400000,1937506.5
5131,1693116000000,1938205.7
5132,1693119600000,1921906.7
5133,1693123200000,1923702.6
5134,1693126800000,1925469.4
5135,1693130400000,1919413.6
5136,1693134000000,1937254.1
5137,1693137600000,1931708.2
5138,1693141200000,1937463.8
5139,1693144800000,1900071.0
5140,1693148400000,1919063.6
5141,1693152000000,1908312.9
5142,1693155600000,1919017.7
5143,1693159200000,1932047.7
5144,1693162800000,1948194.8
5145,1693166400000,1937447.1
5146,1693170000000,1940743.2
5147,1693173600000,1934124.4
5148,1693177200000,1929748.2
5149,1693180800000,1928286.9
5150,1693184400000,1906318.5
5151,1693188000000,1901423.7
5152,1693191600000,1904680.6
5153,1693195200000,1915576.3
5154,1693198800000,1919578.8
5155,1693202400000,1905075.9
5156,1693206000000,1922205.4
5157,1693209600000,1944706.6
5158,1693213200000,1957307.6
5159,1693216800000,1959371.7
5160,1693220400000,1968887.9
5161,1693224000000,1967519.3
5162,1693227600000,1945656.1
5163,1693231200000,1971374.3
5164,1693234800000,1976533.7
5165,1693238400000,1978576.5
5166,1693242000000,1955906.5
5167,1693245600000,1979294.7
5168,1693249200000,1971746.6
5169,1693252800000,1940259.8
5170,1693256400000,1936104.2
5171,1693260000000,1927254.7
5172,1693263600000,1925645.1
5173,1693267200000,1925498.1
5174,1693270800000,1930227.6
5175,1693274400000,1924967.1
5176,1693278000000,1938914.2
5177,1693281600000,1899852.3
5178,1693285200000,1900824.9
5179,1693288800000,1918079.3
5180,1693292400000,1916760.9
5181,1693296000000,1918080.9
5182,1693299600000,1950339.4
5183,1693303200000,1954018.6
5184,1693306800000,1978067.8
5185,1693310400000,1993305.8
5186,1693314000000,2015412.6
5187,1693317600000,2007900.2
5188,1693321200000,1883809.8
5189,1693324800000,1977614.3
5190,1693328400000,1859844.8
5191,1693332000000,1879242.0
5192,1693335600000,1867218.1
5193,1693339200000,1907859.7
5194,1693342800000,1956359.9
5195,1693346400000,1951905.3
5196,1693350000000,1941807.3
5197,1693353600000,1913590.3
5198,1693357200000,1910263.3
5199,1693360800000,1904840.0
5200,1693364400000,1897908.8
5201,1693368000000,1917840.1
5202,1693371600000,1913675.2
5203,1693375200000,1935338.0
5204,1693378800000,1940203.1
5205,1693382400000,1943241.8
5206,1693386000000,1952419.1
5207,1693389600000,1961467.5
5208,1693393200000,1971581.6
5209,1693396800000,1967646.0
5210,1693400400000,1964908.3
5211,1693404000000,1957163.1
5212,1693407600000,1973743.9
5213,1693411200000,1963262.2
5214,1693414800000,1978662.6
5215,1693418400000,1972920.7
5216,1693422000000,1964580.8
5217,1693425600000,1975979.0
5218,1693429200000,1972949.2
5219,1693432800000,1980082.4
5220,1693436400000,1990329.4
5221,1693440000000,1988842.4
5222,1693443600000,1985913.6
5223,1693447200000,1979695.2
5224,1693450800000,1977687.0
5225,1693454400000,1978052.4
5226,1693458000000,1972566.4
5227,1693461600000,2026880.5
5228,1693465200000,2017041.7
5229,1693468800000,2008149.0
5230,1693472400000,2022610.0
5231,1693476000000,2019107.3
5232,1693479600000,2030461.8
5233,1693483200000,2011947.1
5234,1693486800000,1988014.8
5235,1693490400000,2006053.1
5236,1693494000000,2011345.2
5237,1693497600000,2037282.0
5238,1693501200000,1998441.9
5239,1693504800000,2013449.4
5240,1693508400000,1957372.8
5241,1693512000000,1995197.2
5242,1693515600000,2005212.7
5243,1693519200000,2005929.6
5244,1693522800000,1989921.8
5245,1693526400000,2003956.9
5246,1693530000000,2008558.0
5247,1693533600000,2000002.8
5248,1693537200000,1991047.7
5249,1693540800000,1991416.5
5250,1693544400000,1988350.7
5251,1693548000000,1980048.7
5252,1693551600000,1969711.6
5253,1693555200000,1951825.5
5254,1693558800000,2051079.7
5255,1693562400000,2037064.9
5256,1693566000000,2031332.5
5257,1693569600000,2030526.0
5258,1693573200000,2027938.7
5259,1693576800000,2009259.2
5260,1693580400000,1967088.9
5261,1693584000000,1980644.5
5262,1693587600000,1995774.3
5263,1693591200000,1966598.8
5264,1693594800000,1976781.1
5265,1693598400000,1947950.0
5266,1693602000000,1940393.3
5267,1693605600000,1934639.7
5268,1693609200000,1922335.3
5269,1693612800000,1917309.7
5270,1693616400000,1937218.8
5271,1693620000000,1935845.0
5272,1693623600000,1923042.9
5273,1693627200000,1899302.5
5274,1693630800000,1908338.5
5275,1693634400000,1899963.0
5276,1693638000000,1898607.4
5277,1693641600000,1902923.8
5278,1693645200000,1898058.5
5279,1693648800000,1913244.8
5280,1693652400000,1926370.3
5281,1693656000000,1919451.5
5282,1693659600000,1911334.2
5283,1693663200000,1907230.0
5284,1693666800000,1882957.8
5285,1693670400000,1856534.2
5286,1693674000000,1900668.6
5287,1693677600000,1907386.4
5288,1693681200000,1892929.4
5289,1693684800000,1884983.1
5290,1693688400000,1887996.2
5291,1693692000000,1885647.1
5292,1693695600000,1888262.5
5293,1693699200000,1889920.5
5294,1693702800000,1900003.9
5295,1693706400000,1910027.8
5296,1693710000000,1905240.0
5297,1693713600000,1903537.3
5298,1693717200000,1904902.1
5299,1693720800000,1901913.0
5300,1693724400000,1900076.0
5301,1693728000000,1902345.8
5302,1693731600000,1901706.1
5303,1693735200000,1901344.9
5304,1693738800000,1944767.5
5305,1693742400000,1942203.1
5306,1693746000000,1942895.8
5307,1693749600000,1945136.3
5308,1693753200000,1947477.4
5309,1693756800000,1943975.8
5310,1693760400000,1953135.1
5311,1693764000000,1950123.4
5312,1693767600000,1944819.9
5313,1693771200000,1915676.5
5314,1693774800000,1896149.6
5315,1693778400000,1890809.6
5316,1693782000000,1884835.2
5317,1693785600000,1880234.4
5318,1693789200000,1879596.5
5319,1693792800000,1941924.9
5320,1693796400000,1935193.6
5321,1693800000000,1906937.7
5322,1693803600000,1896202.7
5323,1693807200000,1877052.2
5324,1693810800000,1865536.5
5325,1693814400000,1870509.0
5326,1693818000000,1875745.9
5327,1693821600000,1891762.4
5328,1693825200000,1890683.4
5329,1693828800000,1903503.2
5330,1693832400000,1915801.9
5331,1693836000000,1918579.3
5332,1693839600000,1922290.0
5333,1693843200000,1930823.2
5334,1693846800000,1924513.5
5335,1693850400000,1862716.6
5336,1693854000000,1878577.8
5337,1693857600000,1878370.2
5338,1693861200000,1886468.2
5339,1693864800000,1918436.8
5340,1693868400000,1920748.0
5341,1693872000000,1921120.9
5342,1693875600000,1891953.1
5343,1693879200000,1970756.2
5344,1693882800000,1952968.7
5345,1693886400000,1932969.5
5346,1693890000000,1926216.4
5347,1693893600000,1889772.6
5348,1693897200000,1872385.4
5349,1693900800000,1862342.6
5350,1693904400000,1849203.0
5351,1693908000000,1845103.6
5352,1693911600000,1850391.7
5353,1693915200000,1842301.7
5354,1693918800000,1838953.2
5355,1693922400000,1830188.1
5356,1693926000000,1822958.2
5357,1693929600000,1813145.2
5358,1693933200000,1807329.6
5359,1693936800000,1808180.2
5360,1693940400000,1805853.1
5361,1693944000000,1814346.7
5362,1693947600000,1824554.6
5363,1693951200000,1826291.3
5364,1693954800000,1835457.8
5365,1693958400000,1835838.6
5366,1693962000000,1838850.6
5367,1693965600000,1856452.3
5368,1693969200000,1857685.9
5369,1693972800000,1857230.1
5370,1693976400000,1854191.5
5371,1693980000000,1875840.7
5372,1693983600000,1860886.5
5373,1693987200000,1862148.3
5374,1693990800000,1863695.0
5375,1693994400000,1859766.9
5376,1693998000000,1866248.7
5377,1694001600000,1864125.3
5378,1694005200000,1899422.5
5379,1694008800000,1890514.2
5380,1694012400000,1896319.7
5381,1694016000000,1899910.9
5382,1694019600000,1893703.6
5383,1694023200000,1980314.2
5384,1694026800000,1942923.6
5385,1694030400000,1930645.6
5386,1694034000000,1937161.1
5387,1694037600000,1926797.9
5388,1694041200000,1907503.3
5389,1694044800000,1906848.6
5390,1694048400000,1899524.5
5391,1694052000000,1950853.3
5392,1694055600000,1946444.5
5393,1694059200000,1942480.0
5394,1694062800000,1939825.7
5395,1694066400000,1964355.5
5396,1694070000000,1958217.1
5397,1694073600000,1951980.8
5398,1694077200000,1964412.9
5399,1694080800000,1951940.9
5400,1694084400000,1954121.2
5401,1694088000000,1949491.6
5402,1694091600000,1938866.1
5403,1694095200000,1927901.3
5404,1694098800000,1922812.2
5405,1694102400000,1922181.2
5406,1694106000000,1902894.2
5407,1694109600000,1945400.0
5408,1694113200000,1947215.7
5409,1694116800000,1943612.6
5410,1694120400000,1941756.8
5411,1694124000000,1934088.5
5412,1694127600000,1943866.7
5413,1694131200000,1947004.3
5414,1694134800000,1924329.8
5415,1694138400000,1920814.3
5416,1694142000000,1942692.4
5417,1694145600000,1936854.5
5418,1694149200000,1925228.9
5419,1694152800000,1931671.0
5420,1694156400000,1909321.8
5421,1694160000000,1902660.8
5422,1694163600000,1899357.6
5423,1694167200000,1955682.6
5424,1694170800000,1948235.9
5425,1694174400000,1971298.7
5426,1694178000000,1955465.1
5427,1694181600000,1943530.7
5428,1694185200000,1942767.6
5429,1694188800000,1937333.9
5430,1694192400000,1938688.4
5431,1694196000000,1929653.9
5432,1694199600000,1932368.0
5433,1694203200000,1929744.7
5434,1694206800000,1930906.2
5435,1694210400000,1935160.5
5436,1694214000000,1938170.8
5437,1694217600000,1935501.4
5438,1694221200000,1977181.1
5439,1694224800000,1973571.3
5440,1694228400000,1961405.1
5441,1694232000000,1955323.9
5442,1694235600000,1949861.2
5443,1694239200000,1967051.9
5444,1694242800000,1949585.5
5445,1694246400000,1945015.0
5446,1694250000000,1948471.0
5447,1694253600000,1947334.4
5448,1694257200000,1942176.9
5449,1694260800000,1951945.3
5450,1694264400000,1961280.6
5451,1694268000000,1982991.4
5452,1694271600000,1990134.0
5453,1694275200000,1998407.4
5454,1694278800000,2007559.4
5455,1694282400000,2001444.7
5456,1694286000000,2000294.5
5457,1694289600000,1982273.5
5458,1694293200000,1983660.5
5459,1694296800000,1976907.2
5460,1694300400000,1974542.4
5461,1694304000000,1971349.8
5462,1694307600000,1954767.0
5463,1694311200000,1960925.6
5464,1694314800000,1976939.8
5465,1694318400000,1979735.9
5466,1694322000000,1950851.1
5467,1694325600000,1939278.8
5468,1694329200000,1969542.5
5469,1694332800000,1962158.9
5470,1694336400000,1945355.0
5471,1694340000000,1954100.9
5472,1694343600000,1956989.6
5473,1694347200000,1973286.4
5474,1694350800000,1973086.4
5475,1694354400000,1971411.6
5476,1694358000000,1983544.3
5477,1694361600000,1961618.2
5478,1694365200000,1965285.3
5479,1694368800000,1994968.0
5480,1694372400000,1988000.4
5481,1694376000000,1981821.0
5482,1694379600000,1953351.0
5483,1694383200000,1937698.3
5484,1694386800000,1942651.1
5485,1694390400000,1945403.2
5486,1694394000000,1908422.1
5487,1694397600000,1875450.8
5488,1694401200000,1925535.3
5489,1694404800000,1914271.6
5490,1694408400000,1920420.4
5491,1694412000000,1907183.7
5492,1694415600000,1909750.8
5493,1694419200000,1908367.1
5494,1694422800000,1954116.7
5495,1694426400000,1938111.0
5496,1694430000000,1903164.9
5497,1694433600000,1911825.6
5498,1694437200000,1906960.4
5499,1694440800000,1894631.6
5500,1694444400000,1887097.7
5501,1694448000000,1878088.8
5502,1694451600000,1908724.4
5503,1694455200000,1899541.2
5504,1694458800000,1903109.1
5505,1694462400000,1902272.9
5506,1694466000000,1925717.9
5507,1694469600000,1897479.1
5508,1694473200000,1906387.0
5509,1694476800000,1914449.7
5510,1694480400000,1917154.5
5511,1694484000000,1915316.4
5512,1694487600000,1906077.1
5513,1694491200000,1856744.6
5514,1694494800000,1855003.5
5515,1694498400000,1926547.2
5516,1694502000000,1913935.3
5517,1694505600000,1913630.5
5518,1694509200000,1885706.6
5519,1694512800000,1906817.1
5520,1694516400000,1848914.9
5521,1694520000000,1855190.2
5522,1694523600000,1816090.4
5523,1694527200000,1874980.2
5524,1694530800000,1864014.7
5525,1694534400000,1896732.8
5526,1694538000000,1846533.8
5527,1694541600000,1804800.3
5528,1694545200000,1808006.7
5529,1694548800000,1827376.7
5530,1694552400000,1829068.0
5531,1694556000000,1825902.2
5532,1694559600000,1824896.2
5533,1694563200000,1820419.1
5534,1694566800000,1859320.9
5535,1694570400000,1841328.7
5536,1694574000000,1912852.8
5537,1694577600000,1974047.5
5538,1694581200000,2261574.2
5539,1694584800000,2243084.0
5540,1694588400000,2239183.79999999
5541,1694592000000,2169345.79999999
5542,1694595600000,2072578.5
5543,1694599200000,2029797.1
5544,1694602800000,2032287.5
5545,1694606400000,1896089.5
5546,1694610000000,1877177.6
5547,1694613600000,1901982.2
5548,1694617200000,1878248.0
5549,1694620800000,1866879.0
5550,1694624400000,1937518.3
5551,1694628000000,1920322.3
5552,1694631600000,1920246.3
5553,1694635200000,1913045.1
5554,1694638800000,1904311.0
5555,1694642400000,1915550.6
5556,1694646000000,1917724.6
5557,1694649600000,1903327.4
5558,1694653200000,1901206.5
5559,1694656800000,1876706.2
5560,1694660400000,1868502.6
5561,1694664000000,1870192.6
5562,1694667600000,1850599.6
5563,1694671200000,1852505.0
5564,1694674800000,1857664.2
5565,1694678400000,1859369.8
5566,1694682000000,1877063.8
5567,1694685600000,1887464.4
5568,1694689200000,1929055.1
5569,1694692800000,1870671.0
5570,1694696400000,1885860.8
5571,1694700000000,1839512.9
5572,1694703600000,1808685.8
5573,1694707200000,1789881.8
5574,1694710800000,1764367.7
5575,1694714400000,1761773.7
5576,1694718000000,1766841.0
5577,1694721600000,1762695.0
5578,1694725200000,1755072.5
5579,1694728800000,1744566.2
5580,1694732400000,1722927.0
5581,1694736000000,1719556.6
5582,1694739600000,1733902.4
5583,1694743200000,1742635.5
5584,1694746800000,1671539.7
5585,1694750400000,1694328.1
5586,1694754000000,1689701.6
5587,1694757600000,1683260.8
5588,1694761200000,1698153.0
5589,1694764800000,1700176.3
5590,1694768400000,1690565.6
5591,1694772000000,1692754.9
5592,1694775600000,1690427.3
5593,1694779200000,1685640.6
5594,1694782800000,1764039.8
5595,1694786400000,1787023.4
5596,1694790000000,1811395.8
5597,1694793600000,1797650.8
5598,1694797200000,1821990.9
5599,1694800800000,1819217.4
5600,1694804400000,1812927.8
5601,1694808000000,1821425.3
5602,1694811600000,1793015.1
5603,1694815200000,1781171.9
5604,1694818800000,1712664.0
5605,1694822400000,1726610.2
5606,1694826000000,1724121.8
5607,1694829600000,1658279.1
5608,1694833200000,1659819.3
5609,1694836800000,1638322.5
5610,1694840400000,1578193.5
5611,1694844000000,1578988.6
5612,1694847600000,1556826.4
5613,1694851200000,1549306.1
5614,1694854800000,1577466.4
5615,1694858400000,1571946.9
5616,1694862000000,1574540.0
5617,1694865600000,1582361.1
5618,1694869200000,1622445.0
5619,1694872800000,1638235.2
5620,1694876400000,1668621.5
5621,1694880000000,1660345.3
5622,1694883600000,1645969.2
5623,1694887200000,1640279.1
5624,1694890800000,1634072.7
5625,1694894400000,1633313.9
5626,1694898000000,1628616.6
5627,1694901600000,1580180.2
5628,1694905200000,1571814.7
5629,1694908800000,1568871.1
5630,1694912400000,1647392.7
5631,1694916000000,1620462.7
5632,1694919600000,1576037.4
5633,1694923200000,1558314.0
5634,1694926800000,1555460.8
5635,1694930400000,1560650.7
5636,1694934000000,1591011.8
5637,1694937600000,1595677.4
5638,1694941200000,1609618.3
5639,1694944800000,1599245.9
5640,1694948400000,1591039.7
5641,1694952000000,1599794.3
5642,1694955600000,1599568.2
5643,1694959200000,1599535.2
5644,1694962800000,1595781.1
5645,1694966400000,1599061.8
5646,1694970000000,1582723.6
5647,1694973600000,1598466.8
5648,1694977200000,1625091.1
5649,1694980800000,1669522.5
5650,1694984400000,1677406.9
5651,1694988000000,1676315.4
5652,1694991600000,1635482.7
5653,1694995200000,1646260.2
5654,1694998800000,1623349.3
5655,1695002400000,1673394.6
5656,1695006000000,1662910.8
5657,1695009600000,1669069.4
5658,1695013200000,1655859.1
5659,1695016800000,1615138.4
5660,1695020400000,1597109.4
5661,1695024000000,1599591.6
5662,1695027600000,1637976.0
5663,1695031200000,1631372.3
5664,1695034800000,1615550.8
5665,1695038400000,1617676.2
5666,1695042000000,1611357.2
5667,1695045600000,1648879.3
5668,1695049200000,1668247.8
5669,1695052800000,1664856.4
5670,1695056400000,1670894.7
5671,1695060000000,1628528.7
5672,1695063600000,1706233.4
5673,1695067200000,1687972.6
5674,1695070800000,1684984.9
5675,1695074400000,1682527.2
5676,1695078000000,1684406.7
5677,1695081600000,1695157.2
5678,1695085200000,1697494.2
5679,1695088800000,1710849.3
5680,1695092400000,1708061.8
5681,1695096000000,1700536.8
5682,1695099600000,1674645.3
5683,1695103200000,1675891.7
5684,1695106800000,1667927.9
5685,1695110400000,1671653.5
5686,1695114000000,1707698.7
5687,1695117600000,1708698.7
5688,1695121200000,1680179.8
5689,1695124800000,1712164.9
5690,1695128400000,1693851.2
5691,1695132000000,1730012.7
5692,1695135600000,1701608.7
5693,1695139200000,1710936.0
5694,1695142800000,1687446.5
5695,1695146400000,1687616.1
5696,1695150000000,1685828.8
5697,1695153600000,1682012.4
5698,1695157200000,1666154.9
5699,1695160800000,1671467.8
5700,1695164400000,1658279.1
5701,1695168000000,1644355.8
5702,1695171600000,1653724.5
5703,1695175200000,1673664.8
5704,1695178800000,1657911.5
5705,1695182400000,1641786.6
5706,1695186000000,1638720.7
5707,1695189600000,1646969.5
5708,1695193200000,1630354.4
5709,1695196800000,1649381.2
5710,1695200400000,1623030.9
5711,1695204000000,1619563.2
5712,1695207600000,1649899.5
5713,1695211200000,1673537.2
5714,1695214800000,1630878.8
5715,1695218400000,1635300.0
5716,1695222000000,1652503.5
5717,1695225600000,1637107.5
5718,1695229200000,1635630.7
5719,1695232800000,1632796.3
5720,1695236400000,1683125.0
5721,1695240000000,1651052.5
5722,1695243600000,1659320.0
5723,1695247200000,1645727.6
5724,1695250800000,1653007.4
5725,1695254400000,1654970.5
5726,1695258000000,1648932.4
5727,1695261600000,1662996.5
5728,1695265200000,1671226.2
5729,1695268800000,1665924.9
5730,1695272400000,1667332.2
5731,1695276000000,1668755.3
5732,1695279600000,1672141.9
5733,1695283200000,1678282.6
5734,1695286800000,1755222.5
5735,1695290400000,1713867.5
5736,1695294000000,1655264.3
5737,1695297600000,1645688.2
5738,1695301200000,1645847.5
5739,1695304800000,1642383.0
5740,1695308400000,1635359.2
5741,1695312000000,1640873.8
5742,1695315600000,1634210.3
5743,1695319200000,1632307.8
5744,1695322800000,1622027.4
5745,1695326400000,1618196.3
5746,1695330000000,1613754.8
5747,1695333600000,1618617.9
5748,1695337200000,1603939.0
5749,1695340800000,1615987.1
5750,1695344400000,1619405.5
5751,1695348000000,1625614.2
5752,1695351600000,1625588.7
5753,1695355200000,1618601.7
5754,1695358800000,1602398.6
5755,1695362400000,1616302.2
5756,1695366000000,1613373.4
5757,1695369600000,1598264.0
5758,1695373200000,1623440.4
5759,1695376800000,1656452.0
5760,1695380400000,1658416.4
5761,1695384000000,1652359.1
5762,1695387600000,1645532.3
5763,1695391200000,1640928.3
5764,1695394800000,1649888.2
5765,1695398400000,1644771.3
5766,1695402000000,1641751.1
5767,1695405600000,1640409.4
5768,1695409200000,1661132.8
5769,1695412800000,1690639.2
5770,1695416400000,1683792.2
5771,1695420000000,1673816.8
5772,1695423600000,1669001.2
5773,1695427200000,1664438.0
5774,1695430800000,1661735.4
5775,1695434400000,1661621.4
5776,1695438000000,1663398.2
5777,1695441600000,1648899.0
5778,1695445200000,1645520.0
5779,1695448800000,1636595.9
5780,1695452400000,1640121.6
5781,1695456000000,1633701.3
5782,1695459600000,1656877.6
5783,1695463200000,1632123.3
5784,1695466800000,1614834.2
5785,1695470400000,1612619.3
5786,1695474000000,1608633.7
5787,1695477600000,1638644.5
5788,1695481200000,1648210.5
5789,1695484800000,1677641.7
5790,1695488400000,1621938.4
5791,1695492000000,1529096.2
5792,1695495600000,1499563.2
5793,1695499200000,1502693.1
5794,1695502800000,1483973.9
5795,1695506400000,1470010.2
5796,1695510000000,1445895.3
5797,1695513600000,1431101.9
5798,1695517200000,1409629.1
5799,1695520800000,1432378.7
5800,1695524400000,1405150.39999999
5801,1695528000000,1433668.8
5802,1695531600000,1438549.4
5803,1695535200000,1443833.4
5804,1695538800000,1441316.5
5805,1695542400000,1440723.9
5806,1695546000000,1452706.1
5807,1695549600000,1462649.1
5808,1695553200000,1470834.2
5809,1695556800000,1468515.6
5810,1695560400000,1475868.1
5811,1695564000000,1480158.8
5812,1695567600000,1476958.2
5813,1695571200000,1455774.5
5814,1695574800000,1435688.3
5815,1695578400000,1422964.5
5816,1695582000000,1453282.4
5817,1695585600000,1469472.7
5818,1695589200000,1470324.3
5819,1695592800000,1463838.1
5820,1695596400000,1458281.9
5821,1695600000000,1476199.1
5822,1695603600000,1463748.5
5823,1695607200000,1459713.0
5824,1695610800000,1458152.0
5825,1695614400000,1452801.6
5826,1695618000000,1448252.0
5827,1695621600000,1439622.7
5828,1695625200000,1438316.4
5829,1695628800000,1429237.3
5830,1695632400000,1417620.1
5831,1695636000000,1422723.5
5832,1695639600000,1426347.1
5833,1695643200000,1476937.7
5834,1695646800000,1467144.5
5835,1695650400000,1468615.7
5836,1695654000000,1473916.7
5837,1695657600000,1473973.9
5838,1695661200000,1454597.8
5839,1695664800000,1484910.4
5840,1695668400000,1488741.0
5841,1695672000000,1495668.1
5842,1695675600000,1482391.2
5843,1695679200000,1470975.2
5844,1695682800000,1472246.8
5845,1695686400000,1471750.7
5846,1695690000000,1472667.2
5847,1695693600000,1468270.2
5848,1695697200000,1472828.5
5849,1695700800000,1460600.9
5850,1695704400000,1462391.1
5851,1695708000000,1475403.9
5852,1695711600000,1474895.8
5853,1695715200000,1472528.2
5854,1695718800000,1488274.6
5855,1695722400000,1524900.3
5856,1695726000000,1524174.6
5857,1695729600000,1523878.5
5858,1695733200000,1530111.4
5859,1695736800000,1529157.7
5860,1695740400000,1528121.5
5861,1695744000000,1524527.1
5862,1695747600000,1523904.7
5863,1695751200000,1528693.3
5864,1695754800000,1517440.2
5865,1695758400000,1519778.4
5866,1695762000000,1545970.3
5867,1695765600000,1447747.2
5868,1695769200000,1470350.9
5869,1695772800000,1447902.8
5870,1695776400000,1451683.7
5871,1695780000000,1449248.3
5872,1695783600000,1451448.3
5873,1695787200000,1481087.8
5874,1695790800000,1487725.3
5875,1695794400000,1498798.2
5876,1695798000000,1530737.0
5877,1695801600000,1532506.0
5878,1695805200000,1532962.4
5879,1695808800000,1524884.7
5880,1695812400000,1531553.6
5881,1695816000000,1536970.6
5882,1695819600000,1539743.7
5883,1695823200000,1527033.1
5884,1695826800000,1535578.7
5885,1695830400000,1522428.9
5886,1695834000000,1523298.7
5887,1695837600000,1521126.9
5888,1695841200000,1506434.0
5889,1695844800000,1507702.6
5890,1695848400000,1510470.9
5891,1695852000000,1508040.3
5892,1695855600000,1498172.9
5893,1695859200000,1485264.2
5894,1695862800000,1495398.6
5895,1695866400000,1487981.7
5896,1695870000000,1487532.6
5897,1695873600000,1491943.9
5898,1695877200000,1504996.9
5899,1695880800000,1500847.1
5900,1695884400000,1502058.0
5901,1695888000000,1528749.9
5902,1695891600000,1534149.9
5903,1695895200000,1554101.9
5904,1695898800000,1530289.9
5905,1695902400000,1549458.9
5906,1695906000000,1564060.2
5907,1695909600000,1567733.4
5908,1695913200000,1577762.6
5909,1695916800000,1600201.1
5910,1695920400000,1591591.2
5911,1695924000000,1594832.5
5912,1695927600000,1603047.5
5913,1695931200000,1598654.5
5914,1695934800000,1594078.1
5915,1695938400000,1592326.2
5916,1695942000000,1604393.2
5917,1695945600000,1606213.6
5918,1695949200000,1626486.9
5919,1695952800000,1642184.6
5920,1695956400000,1626554.7
5921,1695960000000,1618629.0
5922,1695963600000,1609978.0
5923,1695967200000,1620244.9
5924,1695970800000,1616487.0
5925,1695974400000,1613780.5
5926,1695978000000,1606390.4
5927,1695981600000,1609988.2
5928,1695985200000,1625269.3
5929,1695988800000,1621036.4
5930,1695992400000,1616731.0
5931,1695996000000,1621778.4
5932,1695999600000,1629086.3
5933,1696003200000,1656467.3
5934,1696006800000,1647736.4
5935,1696010400000,1646859.2
5936,1696014000000,1637883.1
5937,1696017600000,1701470.6
5938,1696021200000,1699058.2
5939,1696024800000,1698125.1
5940,1696028400000,1658111.6
5941,1696032000000,1656399.5
5942,1696035600000,1646484.2
5943,1696039200000,1649189.2
5944,1696042800000,1652201.5
5945,1696046400000,1645384.1
5946,1696050000000,1643075.0
5947,1696053600000,1695151.6
5948,1696057200000,1703577.4
5949,1696060800000,1700389.5
5950,1696064400000,1699445.0
5951,1696068000000,1741766.0
5952,1696071600000,1737799.0
5953,1696075200000,1729449.7
5954,1696078800000,1682126.0
5955,1696082400000,1671381.9
5956,1696086000000,1666588.8
5957,1696089600000,1650083.4
5958,1696093200000,1660743.4
5959,1696096800000,1680065.6
5960,1696100400000,1682206.9
5961,1696104000000,1689979.4
5962,1696107600000,1706914.0
5963,1696111200000,1723083.9
5964,1696114800000,1729000.7
5965,1696118400000,1706398.2
5966,1696122000000,1702194.7
5967,1696125600000,1701980.7
5968,1696129200000,1688747.9
5969,1696132800000,1688026.9
5970,1696136400000,1685379.0
5971,1696140000000,1687576.9
5972,1696143600000,1700022.3
5973,1696147200000,1706333.8
5974,1696150800000,1710137.5
5975,1696154400000,1724993.5
5976,1696158000000,1721465.9
5977,1696161600000,1722728.9
5978,1696165200000,1730831.0
5979,1696168800000,1729597.7
5980,1696172400000,1725705.6
5981,1696176000000,1720226.4
5982,1696179600000,1714962.7
5983,1696183200000,1691229.7
5984,1696186800000,1689316.8
5985,1696190400000,1691336.3
5986,1696194000000,1679629.7
5987,1696197600000,1682065.1
5988,1696201200000,1652455.1
5989,1696204800000,1671612.7
5990,1696208400000,1657909.0
5991,1696212000000,1656715.1
5992,1696215600000,1656436.9
5993,1696219200000,1656749.5
5994,1696222800000,1654189.2
5995,1696226400000,1651728.6
5996,1696230000000,1650208.0
5997,1696233600000,1660354.8
5998,1696237200000,1648897.2
5999,1696240800000,1647651.8
6000,1696244400000,1666543.4
6001,1696248000000,1681347.5
6002,1696251600000,1690746.9
6003,1696255200000,1686312.2
6004,1696258800000,1687528.9
6005,1696262400000,1674056.4
6006,1696266000000,1704429.5
6007,1696269600000,1703753.6
6008,1696273200000,1659429.7
6009,1696276800000,1664330.9
6010,1696280400000,1655004.9
6011,1696284000000,1633205.6
6012,1696287600000,1645821.1
6013,1696291200000,1648928.1
6014,1696294800000,1655579.2
6015,1696298400000,1647067.0
6016,1696302000000,1647893.9
6017,1696305600000,1666971.5
6018,1696309200000,1664917.4
6019,1696312800000,1658305.5
6020,1696316400000,1665217.6
6021,1696320000000,1668273.9
6022,1696323600000,1669485.4
6023,1696327200000,1660352.3
6024,1696330800000,1650088.9
6025,1696334400000,1642115.8
6026,1696338000000,1604471.9
6027,1696341600000,1602663.3
6028,1696345200000,1596020.1
6029,1696348800000,1591990.1
6030,1696352400000,1587456.5
6031,1696356000000,1616471.4
6032,1696359600000,1608338.8
6033,1696363200000,1607170.1
6034,1696366800000,1608157.2
6035,1696370400000,1607949.9
6036,1696374000000,1601707.4
6037,1696377600000,1614992.8
6038,1696381200000,1557186.5
6039,1696384800000,1555896.3
6040,1696388400000,1548117.7
6041,1696392000000,1552783.9
6042,1696395600000,1547702.7
6043,1696399200000,1550597.6
6044,1696402800000,1555788.3
6045,1696406400000,1551555.6
6046,1696410000000,1562214.7
6047,1696413600000,1575860.9
6048,1696417200000,1570669.1
6049,1696420800000,1569786.6
6050,1696424400000,1578719.8
6051,1696428000000,1581177.1
6052,1696431600000,1592355.7
6053,1696435200000,1593730.1
6054,1696438800000,1590586.8
6055,1696442400000,1602999.9
6056,1696446000000,1612593.0
6057,1696449600000,1565110.2
6058,1696453200000,1569589.7
6059,1696456800000,1572805.5
6060,1696460400000,1574852.2
6061,1696464000000,1564780.3
6062,1696467600000,1564776.1
6063,1696471200000,1574766.9
6064,1696474800000,1567916.3
6065,1696478400000,1554426.9
6066,1696482000000,1547733.7
6067,1696485600000,1545891.4
6068,1696489200000,1548446.4
6069,1696492800000,1568236.2
6070,1696496400000,1551332.9
6071,1696500000000,1551143.7
6072,1696503600000,1549014.0
6073,1696507200000,1546955.7
6074,1696510800000,1548908.3
6075,1696514400000,1545815.2
6076,1696518000000,1529676.2
6077,1696521600000,1508206.8
6078,1696525200000,1516788.6
6079,1696528800000,1523434.4
6080,1696532400000,1520290.0
6081,1696536000000,1519096.0
6082,1696539600000,1519405.7
6083,1696543200000,1515612.9
6084,1696546800000,1519542.4
6085,1696550400000,1518036.6
6086,1696554000000,1559762.8
6087,1696557600000,1560313.0
6088,1696561200000,1557060.9
6089,1696564800000,1560544.9
6090,1696568400000,1580475.4
6091,1696572000000,1577791.6
6092,1696575600000,1573322.0
6093,1696579200000,1566660.5
6094,1696582800000,1590354.4
6095,1696586400000,1605592.8
6096,1696590000000,1611812.1
6097,1696593600000,1616869.8
6098,1696597200000,1619810.6
6099,1696600800000,1616193.4
6100,1696604400000,1611202.4
6101,1696608000000,1613989.9
6102,1696611600000,1629706.2
6103,1696615200000,1628643.5
6104,1696618800000,1651095.1
6105,1696622400000,1684498.2
6106,1696626000000,1673636.6
6107,1696629600000,1673253.5
6108,1696633200000,1660018.9
6109,1696636800000,1650926.8
6110,1696640400000,1654227.0
6111,1696644000000,1658872.9
6112,1696647600000,1644013.7
6113,1696651200000,1635451.6
6114,1696654800000,1626244.7
6115,1696658400000,1638031.4
6116,1696662000000,1637143.3
6117,1696665600000,1646060.9
6118,1696669200000,1668073.8
6119,1696672800000,1673628.3
6120,1696676400000,1670903.9
6121,1696680000000,1695675.1
6122,1696683600000,1701053.4
6123,1696687200000,1706970.9
6124,1696690800000,1748030.3
6125,1696694400000,1794965.0
6126,1696698000000,1787806.5
6127,1696701600000,1778407.6
6128,1696705200000,1789527.8
6129,1696708800000,1815114.0
6130,1696712400000,1811016.5
6131,1696716000000,1820302.0
6132,1696719600000,1876808.3
6133,1696723200000,1873989.4
6134,1696726800000,1874767.3
6135,1696730400000,1863428.8
6136,1696734000000,1869928.7
6137,1696737600000,1876772.8
6138,1696741200000,1895441.9
6139,1696744800000,1886053.1
6140,1696748400000,1884702.0
6141,1696752000000,1885584.3
6142,1696755600000,1892888.3
6143,1696759200000,1884166.6
6144,1696762800000,1899213.0
6145,1696766400000,1925450.2
6146,1696770000000,1921023.7
6147,1696773600000,1902099.8
6148,1696777200000,1883427.0
6149,1696780800000,1885939.1
6150,1696784400000,1856083.7
6151,1696788000000,1886128.5
6152,1696791600000,1876441.6
6153,1696795200000,1855443.9
6154,1696798800000,1849043.9
6155,1696802400000,1840096.6
6156,1696806000000,1838280.7
6157,1696809600000,1835184.4
6158,1696813200000,1815036.2
6159,1696816800000,1864281.6
6160,1696820400000,1876217.6
6161,1696824000000,1876724.9
6162,1696827600000,1878977.2
6163,1696831200000,1918007.3
6164,1696834800000,1891109.7
6165,1696838400000,1873762.4
6166,1696842000000,1826895.2
6167,1696845600000,1775091.4
6168,1696849200000,1771650.4
6169,1696852800000,1771017.9
6170,1696856400000,1746945.0
6171,1696860000000,1755797.4
6172,1696863600000,1762859.2
6173,1696867200000,1769488.9
6174,1696870800000,1820283.4
6175,1696874400000,1813860.7
6176,1696878000000,1816076.2
6177,1696881600000,1828475.6
6178,1696885200000,1819860.8
6179,1696888800000,1811591.6
6180,1696892400000,1818297.8
6181,1696896000000,1783025.8
6182,1696899600000,1769584.4
6183,1696903200000,1752787.4
6184,1696906800000,1752329.3
6185,1696910400000,1754457.1
6186,1696914000000,1754261.6
6187,1696917600000,1749967.9
6188,1696921200000,1779910.5
6189,1696924800000,1783193.9
6190,1696928400000,1823081.3
6191,1696932000000,1847110.6
6192,1696935600000,1802169.3
6193,1696939200000,1810610.0
6194,1696942800000,1824419.7
6195,1696946400000,1824784.4
6196,1696950000000,1826202.3
6197,1696953600000,1845573.3
6198,1696957200000,1859287.6
6199,1696960800000,1853258.0
6200,1696964400000,1853295.8
6201,1696968000000,1849250.2
6202,1696971600000,1833718.4
6203,1696975200000,1833709.4
6204,1696978800000,1835520.4
6205,1696982400000,1836984.2
6206,1696986000000,1834342.7
6207,1696989600000,1837690.1
6208,1696993200000,1827938.7
6209,1696996800000,1813167.4
6210,1697000400000,1812936.2
6211,1697004000000,1804357.7
6212,1697007600000,1795330.9
6213,1697011200000,1785766.0
6214,1697014800000,1766045.4
6215,1697018400000,1764482.3
6216,1697022000000,1754398.3
6217,1697025600000,1763103.6
6218,1697029200000,1753411.8
6219,1697032800000,1759145.7
6220,1697036400000,1766164.0
6221,1697040000000,1777030.6
6222,1697043600000,1761321.9
6223,1697047200000,1759223.7
6224,1697050800000,1765337.3
6225,1697054400000,1801193.8
6226,1697058000000,1793587.4
6227,1697061600000,1773473.6
6228,1697065200000,1761171.0
6229,1697068800000,1744505.9
6230,1697072400000,1746748.1
6231,1697076000000,1737802.4
6232,1697079600000,1745485.9
6233,1697083200000,1725878.2
6234,1697086800000,1729575.3
6235,1697090400000,1713361.8
6236,1697094000000,1714706.5
6237,1697097600000,1718968.2
6238,1697101200000,1755259.7
6239,1697104800000,1769523.6
6240,1697108400000,1779478.4
6241,1697112000000,1790148.2
6242,1697115600000,1810887.0
6243,1697119200000,1821769.1
6244,1697122800000,1824582.1
6245,1697126400000,1842758.5
6246,1697130000000,1875990.7
6247,1697133600000,1866840.8
6248,1697137200000,1867089.8
6249,1697140800000,1850568.0
6250,1697144400000,1838874.0
6251,1697148000000,1839787.0
6252,1697151600000,1834788.5
6253,1697155200000,1836767.2
6254,1697158800000,1834531.1
6255,1697162400000,1846692.0
6256,1697166000000,1850369.8
6257,1697169600000,1845782.5
6258,1697173200000,1844602.7
6259,1697176800000,1845017.4
6260,1697180400000,1845194.2
6261,1697184000000,1845785.4
6262,1697187600000,1859469.3
6263,1697191200000,1878135.4
6264,1697194800000,1876478.4
6265,1697198400000,1868679.6
6266,1697202000000,1864571.9
6267,1697205600000,1840602.3
6268,1697209200000,1845704.3
6269,1697212800000,1854853.3
6270,1697216400000,1850434.8
6271,1697220000000,1848144.1
6272,1697223600000,1852799.4
6273,1697227200000,1851287.0
6274,1697230800000,1845514.3
6275,1697234400000,1831009.2
6276,1697238000000,1837264.2
6277,1697241600000,1838813.9
6278,1697245200000,1859292.1
6279,1697248800000,1851772.7
6280,1697252400000,1851912.4
6281,1697256000000,1848848.3
6282,1697259600000,1850636.1
6283,1697263200000,1849747.7
6284,1697266800000,1850461.9
6285,1697270400000,1861473.7
6286,1697274000000,1855395.9
6287,1697277600000,1879470.0
6288,1697281200000,1891882.7
6289,1697284800000,1889962.9
6290,1697288400000,1884189.8
6291,1697292000000,1882354.2
6292,1697295600000,1871842.0
6293,1697299200000,1879542.5
6294,1697302800000,1895418.2
6295,1697306400000,1896143.2
6296,1697310000000,1899485.4
6297,1697313600000,1900124.2
6298,1697317200000,1899129.1
6299,1697320800000,1880960.7
6300,1697324400000,1889119.1
6301,1697328000000,1896167.8
6302,1697331600000,1890129.4
6303,1697335200000,1900109.4
6304,1697338800000,1901351.2
6305,1697342400000,1900741.8
6306,1697346000000,1894663.4
6307,1697349600000,1894787.2
6308,1697353200000,1894974.6
6309,1697356800000,1908163.4
6310,1697360400000,1906810.0
6311,1697364000000,1907127.4
6312,1697367600000,1908474.4
6313,1697371200000,1906449.4
6314,1697374800000,1902294.5
6315,1697378400000,1913457.0
6316,1697382000000,1911682.3
6317,1697385600000,1910982.2
6318,1697389200000,1909615.4
6319,1697392800000,1902381.1
6320,1697396400000,1902149.2
6321,1697400000000,1912514.4
6322,1697403600000,1919390.7
6323,1697407200000,1912905.1
6324,1697410800000,1898616.9
6325,1697414400000,1892451.3
6326,1697418000000,1874493.1
6327,1697421600000,1860011.2
6328,1697425200000,1865717.5
6329,1697428800000,1852222.8
6330,1697432400000,1838456.5
6331,1697436000000,1808764.6
6332,1697439600000,1867605.7
6333,1697443200000,1855372.1
6334,1697446800000,1848950.3
6335,1697450400000,1837819.0
6336,1697454000000,1817736.4
6337,1697457600000,1809999.7
6338,1697461200000,1805285.3
6339,1697464800000,1815829.7
6340,1697468400000,1893859.5
6341,1697472000000,1866652.2
6342,1697475600000,1862844.6
6343,1697479200000,1863119.1
6344,1697482800000,1850975.3
6345,1697486400000,1840635.4
6346,1697490000000,1837415.8
6347,1697493600000,1838831.0
6348,1697497200000,1835162.5
6349,1697500800000,1835825.3
6350,1697504400000,1834828.4
6351,1697508000000,1829817.6
6352,1697511600000,1834700.9
6353,1697515200000,1833801.9
6354,1697518800000,1835268.6
6355,1697522400000,1823052.6
6356,1697526000000,1816017.8
6357,1697529600000,1824586.3
6358,1697533200000,1839523.1
6359,1697536800000,1828326.8
6360,1697540400000,1829940.1
6361,1697544000000,1805102.9
6362,1697547600000,1801570.9
6363,1697551200000,1792189.3
6364,1697554800000,1796213.1
6365,1697558400000,1792189.9
6366,1697562000000,1790871.7
6367,1697565600000,1791426.9
6368,1697569200000,1789176.7
6369,1697572800000,1785543.9
6370,1697576400000,1787887.1
6371,1697580000000,1790457.6
6372,1697583600000,1790382.5
6373,1697587200000,1795914.6
6374,1697590800000,1775190.3
6375,1697594400000,1763572.8
6376,1697598000000,1760511.8
6377,1697601600000,1754078.3
6378,1697605200000,1760145.8
6379,1697608800000,1751843.5
6380,1697612400000,1748241.4
6381,1697616000000,1743148.0
6382,1697619600000,1732852.6
6383,1697623200000,1793571.8
6384,1697626800000,1744632.4
6385,1697630400000,1743688.4
6386,1697634000000,1760820.2
6387,1697637600000,1757094.2
6388,1697641200000,1761680.1
6389,1697644800000,1756982.1
6390,1697648400000,1753252.3
6391,1697652000000,1754886.9
6392,1697655600000,1754096.3
6393,1697659200000,1760183.7
6394,1697662800000,1811062.4
6395,1697666400000,1807358.9
6396,1697670000000,1798124.1
6397,1697673600000,1792342.9
6398,1697677200000,1793147.0
6399,1697680800000,1829646.0
6400,1697684400000,1828483.7
6401,1697688000000,1823341.1
6402,1697691600000,1817978.7
6403,1697695200000,1814939.2
6404,1697698800000,1814264.8
6405,1697702400000,1813231.2
6406,1697706000000,1819885.2
6407,1697709600000,1819588.6
6408,1697713200000,1806909.4
6409,1697716800000,1796554.1
6410,1697720400000,1784678.1
6411,1697724000000,1787536.8
6412,1697727600000,1798647.8
6413,1697731200000,1750814.9
6414,1697734800000,1735872.5
6415,1697738400000,1752139.5
6416,1697742000000,1742722.3
6417,1697745600000,1743742.5
6418,1697749200000,1756644.0
6419,1697752800000,1755238.0
6420,1697756400000,1748617.3
6421,1697760000000,1742294.6
6422,1697763600000,1731379.1
6423,1697767200000,1735104.6
6424,1697770800000,1718473.9
6425,1697774400000,1727631.4
6426,1697778000000,1730520.0
6427,1697781600000,1741149.5
6428,1697785200000,1736732.0
6429,1697788800000,1735090.5
6430,1697792400000,1747722.9
6431,1697796000000,1741767.6
6432,1697799600000,1737906.3
6433,1697803200000,1735110.0
6434,1697806800000,1740292.7
6435,1697810400000,1773933.4
6436,1697814000000,1799478.5
6437,1697817600000,1783331.0
6438,1697821200000,1782889.6
6439,1697824800000,1769432.1
6440,1697828400000,1759825.6
6441,1697832000000,1751450.4
6442,1697835600000,1748571.7
6443,1697839200000,1742048.1
6444,1697842800000,1739296.9
6445,1697846400000,1748350.3
6446,1697850000000,1742936.9
6447,1697853600000,1741474.6
6448,1697857200000,1744539.3
6449,1697860800000,1744102.9
6450,1697864400000,1751147.9
6451,1697868000000,1747422.9
6452,1697871600000,1762455.2
6453,1697875200000,1763359.3
6454,1697878800000,1765937.7
6455,1697882400000,1760051.2
6456,1697886000000,1769906.2
6457,1697889600000,1855696.3
6458,1697893200000,1848441.1
6459,1697896800000,1826330.0
6460,1697900400000,1862647.7
6461,1697904000000,1833586.6
6462,1697907600000,1860981.6
6463,1697911200000,1870618.0
6464,1697914800000,1907422.1
6465,1697918400000,1905504.2
6466,1697922000000,1900359.4
6467,1697925600000,1877634.5
6468,1697929200000,1874382.0
6469,1697932800000,1868145.0
6470,1697936400000,1894605.0
6471,1697940000000,1870380.5
6472,1697943600000,1922177.5
6473,1697947200000,1876790.8
6474,1697950800000,1850490.0
6475,1697954400000,1839582.5
6476,1697958000000,1854487.9
6477,1697961600000,1836719.0
6478,1697965200000,1840327.2
6479,1697968800000,1834356.0
6480,1697972400000,1830018.4
6481,1697976000000,1805068.7
6482,1697979600000,1802610.0
6483,1697983200000,1909395.6
6484,1697986800000,1933622.2
6485,1697990400000,1921044.5
6486,1697994000000,1893127.1
6487,1697997600000,1899891.9
6488,1698001200000,1886456.4
6489,1698004800000,1878709.3
6490,1698008400000,1879614.0
6491,1698012000000,1873039.0
6492,1698015600000,1864561.9
6493,1698019200000,1856630.6
6494,1698022800000,1883525.9
6495,1698026400000,1899967.4
6496,1698030000000,1886571.1
6497,1698033600000,1917899.9
6498,1698037200000,1946399.2
6499,1698040800000,1886211.3
6500,1698044400000,1895992.9
6501,1698048000000,1861394.3
6502,1698051600000,1882304.5
6503,1698055200000,1870991.6
6504,1698058800000,1875255.0
6505,1698062400000,1926016.9
6506,1698066000000,2000632.5
6507,1698069600000,1989324.9
6508,1698073200000,1977369.8
6509,1698076800000,1942958.7
6510,1698080400000,1931349.9
6511,1698084000000,1938576.4
6512,1698087600000,2168566.9
6513,1698091200000,2187855.9
6514,1698094800000,2138543.79999999
6515,1698098400000,2076622.5
6516,1698102000000,2021561.3
6517,1698105600000,1970515.1
6518,1698109200000,1933466.6
6519,1698112800000,1921361.7
6520,1698116400000,1936347.0
6521,1698120000000,1908347.1
6522,1698123600000,1977735.9
6523,1698127200000,1955281.3
6524,1698130800000,1951367.7
6525,1698134400000,1982878.3
6526,1698138000000,1972232.2
6527,1698141600000,2050654.7
6528,1698145200000,2058330.4
6529,1698148800000,2115384.29999999
6530,1698152400000,2110510.7
6531,1698156000000,2081883.2
6532,1698159600000,2078865.7
6533,1698163200000,1944972.6
6534,1698166800000,1915361.9
6535,1698170400000,1924452.8
6536,1698174000000,1950868.0
6537,1698177600000,1967142.8
6538,1698181200000,1934246.0
6539,1698184800000,1944698.8
6540,1698188400000,1925572.8
6541,1698192000000,1915436.5
6542,1698195600000,1942769.1
6543,1698199200000,1926778.1
6544,1698202800000,1958750.3
6545,1698206400000,1955211.5
6546,1698210000000,1978832.1
6547,1698213600000,1953253.0
6548,1698217200000,1953569.9
6549,1698220800000,2011488.1
6550,1698224400000,2014960.4
6551,1698228000000,1969054.7
6552,1698231600000,2023014.4
6553,1698235200000,2007210.3
6554,1698238800000,1994505.0
6555,1698242400000,1994415.2
6556,1698246000000,2008977.6
6557,1698249600000,2163718.6
6558,1698253200000,2112987.5
6559,1698256800000,2106982.0
6560,1698260400000,2109987.7
6561,1698264000000,2117447.2
6562,1698267600000,2137963.2
6563,1698271200000,2141481.29999999
6564,1698274800000,2139107.79999999
6565,1698278400000,2146030.2
6566,1698282000000,2130654.29999999
6567,1698285600000,2125600.0
6568,1698289200000,2126835.6
6569,1698292800000,2205671.0
6570,1698296400000,2192574.9
6571,1698300000000,2223490.29999999
6572,1698303600000,2303525.4
6573,1698307200000,2304568.0
6574,1698310800000,2328354.79999999
6575,1698314400000,2357979.2
6576,1698318000000,2360617.6
6577,1698321600000,2339712.79999999
6578,1698325200000,2364269.7
6579,1698328800000,2342724.4
6580,1698332400000,2099901.2
6581,1698336000000,2079075.2
6582,1698339600000,2067556.0
6583,1698343200000,2055387.7
6584,1698346800000,2045297.3
6585,1698350400000,2043155.0
6586,1698354000000,2097611.9
6587,1698357600000,2100261.1
6588,1698361200000,2121501.7
6589,1698364800000,2109749.4
6590,1698368400000,2070445.5
6591,1698372000000,2059225.2
6592,1698375600000,2062104.0
6593,1698379200000,2058641.8
6594,1698382800000,2058028.8
6595,1698386400000,2022414.6
6596,1698390000000,2047354.5
6597,1698393600000,2032372.3
6598,1698397200000,2032914.1
6599,1698400800000,2034438.8
6600,1698404400000,2076968.6
6601,1698408000000,2072492.0
6602,1698411600000,2051658.7
6603,1698415200000,2014544.8
6604,1698418800000,2017489.4
6605,1698422400000,2018912.5
6606,1698426000000,2006018.4
6607,1698429600000,1996191.5
6608,1698433200000,1997286.4
6609,1698436800000,1970392.4
6610,1698440400000,1978424.1
6611,1698444000000,1976387.7
6612,1698447600000,1973244.9
6613,1698451200000,1961091.4
6614,1698454800000,1947909.0
6615,1698458400000,1959387.7
6616,1698462000000,1974005.4
6617,1698465600000,1971193.0
6618,1698469200000,1970878.8
6619,1698472800000,2085673.9
6620,1698476400000,2081264.7
6621,1698480000000,2096852.4
6622,1698483600000,2084512.2
6623,1698487200000,2076979.7
6624,1698490800000,2082293.3
6625,1698494400000,2095259.1
6626,1698498000000,2142531.6
6627,1698501600000,2133844.4
6628,1698505200000,2137443.4
6629,1698508800000,2139357.1
6630,1698512400000,2136674.6
6631,1698516000000,2158341.6
6632,1698519600000,2167498.2
6633,1698523200000,2296542.1
6634,1698526800000,2329949.0
6635,1698530400000,2337062.6
6636,1698534000000,2338019.9
6637,1698537600000,2331355.0
6638,1698541200000,2321444.4
6639,1698544800000,2162894.7
6640,1698548400000,2148290.4
6641,1698552000000,2139818.9
6642,1698555600000,2125858.79999999
6643,1698559200000,2144979.9
6644,1698562800000,2173927.1
6645,1698566400000,2229517.2
6646,1698570000000,2242290.7
6647,1698573600000,2256109.9
6648,1698577200000,2310565.2
6649,1698580800000,2360439.0
6650,1698584400000,2423783.0
6651,1698588000000,2376190.1
6652,1698591600000,2393104.0
6653,1698595200000,2388647.7
6654,1698598800000,2372780.2
6655,1698602400000,2345207.1
6656,1698606000000,2334112.9
6657,1698609600000,2330126.9
6658,1698613200000,2305250.29999999
6659,1698616800000,2334807.4
6660,1698620400000,2319673.5
6661,1698624000000,2280013.7
6662,1698627600000,2272855.1
6663,1698631200000,2266646.4
6664,1698634800000,2290761.6
6665,1698638400000,2286039.1
6666,1698642000000,2284164.79999999
6667,1698645600000,2269553.6
6668,1698649200000,2264491.2
6669,1698652800000,2272243.6
6670,1698656400000,2287388.4
6671,1698660000000,2249290.0
6672,1698663600000,2252980.7
6673,1698667200000,2272069.1
6674,1698670800000,2244239.79999999
6675,1698674400000,2236957.29999999
6676,1698678000000,2223865.5
6677,1698681600000,2238129.5
6678,1698685200000,2222709.1
6679,1698688800000,2171544.79999999
6680,1698692400000,2161908.9
6681,1698696000000,2147089.79999999
6682,1698699600000,2134800.7
6683,1698703200000,2146318.1
6684,1698706800000,2132707.9
6685,1698710400000,2133362.7
6686,1698714000000,2145214.79999999
6687,1698717600000,2169463.79999999
6688,1698721200000,2211027.1
6689,1698724800000,2214191.5
6690,1698728400000,2195868.2
6691,1698732000000,2193609.29999999
6692,1698735600000,2197812.79999999
6693,1698739200000,2165522.5
6694,1698742800000,2123170.7
6695,1698746400000,2119224.2
6696,1698750000000,2102487.79999999
6697,1698753600000,2085274.0
6698,1698757200000,2084425.4
6699,1698760800000,2071766.6
6700,1698764400000,2074087.8
6701,1698768000000,2045595.7
6702,1698771600000,2052613.5
6703,1698775200000,2043488.2
6704,1698778800000,2046918.5
6705,1698782400000,2037997.0
6706,1698786000000,2035238.9
6707,1698789600000,2032236.8
6708,1698793200000,2031355.1
6709,1698796800000,2047662.6
6710,1698800400000,2039308.2
6711,1698804000000,2042680.1
6712,1698807600000,2077100.8
6713,1698811200000,2059177.0
6714,1698814800000,2058946.1
6715,1698818400000,2055471.3
6716,1698822000000,2058351.5
6717,1698825600000,2049887.8
6718,1698829200000,2045734.5
6719,1698832800000,2056581.6
6720,1698836400000,2044645.3
6721,1698840000000,2049961.1
6722,1698843600000,2031175.5
6723,1698847200000,2002829.5
6724,1698850800000,2021739.0
6725,1698854400000,2036965.4
6726,1698858000000,2028185.0
6727,1698861600000,2032907.4
6728,1698865200000,2052547.7
6729,1698868800000,2080691.8
6730,1698872400000,2080597.7
6731,1698876000000,2075006.3
6732,1698879600000,2080143.0
6733,1698883200000,2048566.0
6734,1698886800000,2035733.8
6735,1698890400000,2025238.8
6736,1698894000000,2027796.5
6737,1698897600000,2011899.6
6738,1698901200000,2020244.4
6739,1698904800000,2018044.7
6740,1698908400000,2011756.4
6741,1698912000000,2071638.3
6742,1698915600000,2088836.3
6743,1698919200000,2086329.1
6744,1698922800000,2101085.2
6745,1698926400000,2104475.4
6746,1698930000000,2166156.9
6747,1698933600000,2164208.0
6748,1698937200000,2181139.1
6749,1698940800000,2093763.8
6750,1698944400000,2079447.2
6751,1698948000000,2120899.6
6752,1698951600000,2072033.8
6753,1698955200000,2044057.7
6754,1698958800000,2061613.6
6755,1698962400000,2103612.0
6756,1698966000000,2102632.7
6757,1698969600000,2095268.0
6758,1698973200000,2052465.6
6759,1698976800000,2041177.5
6760,1698980400000,2059532.1
6761,1698984000000,2069338.6
6762,1698987600000,2060387.7
6763,1698991200000,2081837.5
6764,1698994800000,2168069.9
6765,1698998400000,2254719.1
6766,1699002000000,2302348.6
6767,1699005600000,2209507.5
6768,1699009200000,2241936.7
6769,1699012800000,2147413.9
6770,1699016400000,2154252.0
6771,1699020000000,2140385.9
6772,1699023600000,2150939.1
6773,1699027200000,2163310.5
6774,1699030800000,2151316.5
6775,1699034400000,2134308.5
6776,1699038000000,2171058.9
6777,1699041600000,2181200.2
6778,1699045200000,2195954.5
6779,1699048800000,2184402.4
6780,1699052400000,2198414.4
6781,1699056000000,2178449.6
6782,1699059600000,2174828.6
6783,1699063200000,2171968.29999999
6784,1699066800000,2175718.1
6785,1699070400000,2151485.9
6786,1699074000000,2149419.9
6787,1699077600000,2144097.4
6788,1699081200000,2150754.0
6789,1699084800000,2150785.2
6790,1699088400000,2154122.29999999
6791,1699092000000,2170972.5
6792,1699095600000,2149188.79999999
6793,1699099200000,2108812.4
6794,1699102800000,2116217.0
6795,1699106400000,2102210.4
6796,1699110000000,2139756.7
6797,1699113600000,2102621.9
6798,1699117200000,2173535.9
6799,1699120800000,2151639.7
6800,1699124400000,2329198.0
6801,1699128000000,2317511.1
6802,1699131600000,2311288.29999999
6803,1699135200000,2320329.5
6804,1699138800000,2347118.5
6805,1699142400000,2317293.4
6806,1699146000000,2299813.0
6807,1699149600000,2303157.79999999
6808,1699153200000,2312089.4
6809,1699156800000,2315966.9
6810,1699160400000,2343693.29999999
6811,1699164000000,2354139.9
6812,1699167600000,2317424.4
6813,1699171200000,2347008.2
6814,1699174800000,2357541.7
6815,1699178400000,2372916.4
6816,1699182000000,2436420.4
6817,1699185600000,2436691.1
6818,1699189200000,2387533.9
6819,1699192800000,2351615.4
6820,1699196400000,2405459.0
6821,1699200000000,2362387.79999999
6822,1699203600000,2369501.0
6823,1699207200000,2351759.5
6824,1699210800000,2369230.7
6825,1699214400000,2374661.29999999
6826,1699218000000,2389925.9
6827,1699221600000,2368453.5
6828,1699225200000,2364638.0
6829,1699228800000,2352515.2
6830,1699232400000,2302910.1
6831,1699236000000,2313244.1
6832,1699239600000,2342390.29999999
6833,1699243200000,2323310.9
6834,1699246800000,2313121.79999999
6835,1699250400000,2307764.29999999
6836,1699254000000,2308213.5
6837,1699257600000,2403300.79999999
6838,1699261200000,2450619.5
6839,1699264800000,2492386.1
6840,1699268400000,2490706.4
6841,1699272000000,2579863.2
6842,1699275600000,2705227.29999999
6843,1699279200000,2682550.9
6844,1699282800000,2667805.5
6845,1699286400000,2675184.9
6846,1699290000000,2762889.4
6847,1699293600000,2761414.9
6848,1699297200000,2676864.29999999
6849,1699300800000,2653977.5
6850,1699304400000,2645501.9
6851,1699308000000,2597566.29999999
6852,1699311600000,2604764.7
6853,1699315200000,2627402.2
6854,1699318800000,2635792.79999999
6855,1699322400000,2606068.5
6856,1699326000000,2558082.29999999
6857,1699329600000,2532389.6
6858,1699333200000,2540802.7
6859,1699336800000,2575460.2
6860,1699340400000,2578250.1
6861,1699344000000,2580288.9
6862,1699347600000,2588810.9
6863,1699351200000,2602300.4
6864,1699354800000,2586602.2
6865,1699358400000,2575356.4
6866,1699362000000,2507858.4
6867,1699365600000,2495163.5
6868,1699369200000,2419560.1
6869,1699372800000,2398001.6
6870,1699376400000,2383881.4
6871,1699380000000,2372675.6
6872,1699383600000,2346920.9
6873,1699387200000,2376297.0
6874,1699390800000,2373231.6
6875,1699394400000,2391202.4
6876,1699398000000,2391970.2
6877,1699401600000,2387102.1
6878,1699405200000,2373586.4
6879,1699408800000,2392371.29999999
6880,1699412400000,2412568.5
6881,1699416000000,2422563.1
6882,1699419600000,2446533.0
6883,1699423200000,2469196.1
6884,1699426800000,2507235.9
6885,1699430400000,2503081.4
6886,1699434000000,2529539.1
6887,1699437600000,2545447.7
6888,1699441200000,2587464.29999999
6889,1699444800000,2619711.2
6890,1699448400000,2647395.9
6891,1699452000000,2629455.1
6892,1699455600000,2635851.1
6893,1699459200000,2599651.29999999
6894,1699462800000,2679081.79999999
6895,1699466400000,2705430.5
6896,1699470000000,2758393.2
6897,1699473600000,2762528.5
6898,1699477200000,2897297.4
6899,1699480800000,2897449.2
6900,1699484400000,2912178.8
6901,1699488000000,2996578.7
6902,1699491600000,2903806.1
6903,1699495200000,2922779.9
6904,1699498800000,2895283.3
6905,1699502400000,2848461.0
6906,1699506000000,2857981.3
6907,1699509600000,2865313.9
6908,1699513200000,2907596.4
6909,1699516800000,3076961.7
6910,1699520400000,3076800.4
6911,1699524000000,3095083.2
6912,1699527600000,3188242.7
6913,1699531200000,3503279.8
6914,1699534800000,3484496.9
6915,1699538400000,3511323.8
6916,1699542000000,3555242.7
6917,1699545600000,3603339.3
6918,1699549200000,2955814.5
6919,1699552800000,2845111.0
6920,1699556400000,2776302.0
6921,1699560000000,2714563.29999999
6922,1699563600000,2670652.4
6923,1699567200000,2624332.79999999
6924,1699570800000,2620516.4
6925,1699574400000,2621698.5
6926,1699578000000,2624805.29999999
6927,1699581600000,2622512.9
6928,1699585200000,2627161.4
6929,1699588800000,2680196.29999999
6930,1699592400000,2674367.2
6931,1699596000000,2688435.0
6932,1699599600000,2683294.7
6933,1699603200000,2677793.2
6934,1699606800000,2655002.4
6935,1699610400000,2664441.7
6936,1699614000000,2670575.0
6937,1699617600000,2614082.0
6938,1699621200000,2598091.29999999
6939,1699624800000,2653235.6
6940,1699628400000,2591691.4
6941,1699632000000,2630310.1
6942,1699635600000,2623710.1
6943,1699639200000,2624336.0
6944,1699642800000,2670239.1
6945,1699646400000,2637290.0
6946,1699650000000,2638959.6
6947,1699653600000,2654933.79999999
6948,1699657200000,2616568.0
6949,1699660800000,2643096.29999999
6950,1699664400000,2649052.0
6951,1699668000000,2586822.29999999
6952,1699671600000,2501005.5
6953,1699675200000,2493003.1
6954,1699678800000,2416660.0
6955,1699682400000,2432765.0
6956,1699686000000,2419906.29999999
6957,1699689600000,2425585.7
6958,1699693200000,2434796.4
6959,1699696800000,2452251.5
6960,1699700400000,2492452.79999999
6961,1699704000000,2533016.9
6962,1699707600000,2521708.29999999
6963,1699711200000,2587684.9
6964,1699714800000,2764445.2
6965,1699718400000,2799718.2
6966,1699722000000,2901299.0
6967,1699725600000,2883828.0
6968,1699729200000,2802098.5
6969,1699732800000,2719001.0
6970,1699736400000,2745103.5
6971,1699740000000,2663928.4
6972,1699743600000,2601419.4
6973,1699747200000,2629364.7
6974,1699750800000,2544806.4
6975,1699754400000,2649524.9
6976,1699758000000,2634665.4
6977,1699761600000,2646906.6
6978,1699765200000,2639913.29999999
6979,1699768800000,2621646.29999999
6980,1699772400000,2791282.6
6981,1699776000000,2989156.0
6982,1699779600000,3046028.2
6983,1699783200000,3057958.6
6984,1699786800000,3082904.0
6985,1699790400000,3109142.8
6986,1699794000000,2973753.0
6987,1699797600000,3074980.7
6988,1699801200000,3147608.9
6989,1699804800000,3171516.6
6990,1699808400000,3108319.4
6991,1699812000000,3104870.6
6992,1699815600000,3082669.8
6993,1699819200000,3443548.6
6994,1699822800000,3568171.6
6995,1699826400000,3201487.2
6996,1699830000000,3142799.9
6997,1699833600000,3145436.8
6998,1699837200000,3635671.4
6999,1699840800000,4282781.4
7000,1699844400000,4553190.8
7001,1699848000000,4502181.5
7002,1699851600000,4186613.2
7003,1699855200000,4434346.7
7004,1699858800000,4487830.5
7005,1699862400000,4512544.59999999
7006,1699866000000,4636451.4
7007,1699869600000,4816361.2
7008,1699873200000,4839425.0
7009,1699876800000,4772948.2
7010,1699880400000,4815056.7
7011,1699884000000,4952073.09999999
7012,1699887600000,4802509.3
7013,1699891200000,4775597.2
7014,1699894800000,4706764.9
7015,1699898400000,4504188.9
7016,1699902000000,4541822.09999999
7017,1699905600000,4528794.5
7018,1699909200000,4241162.2
7019,1699912800000,4057491.2
7020,1699916400000,3972133.8
7021,1699920000000,3818366.5
7022,1699923600000,3702248.2
7023,1699927200000,3885248.9
7024,1699930800000,3986995.7
7025,1699934400000,4046347.8
7026,1699938000000,3927890.5
7027,1699941600000,3930468.4
7028,1699945200000,3929240.9
7029,1699948800000,4063364.4
7030,1699952400000,4085139.7
7031,1699956000000,3983571.2
7032,1699959600000,4024360.3
7033,1699963200000,3907100.4
7034,1699966800000,3916171.0
7035,1699970400000,4000820.7
7036,1699974000000,4191298.5
7037,1699977600000,4048349.2
7038,1699981200000,4157672.8
7039,1699984800000,4118667.3
7040,1699988400000,3480444.6
7041,1699992000000,3533743.7
7042,1699995600000,3467616.0
7043,1699999200000,3448288.5
7044,1700002800000,3503525.9
7045,1700006400000,3509297.6
7046,1700010000000,3508967.8
7047,1700013600000,3480751.9
7048,1700017200000,3480017.9
7049,1700020800000,3500569.4
7050,1700024400000,3435436.9
7051,1700028000000,3434289.6
7052,1700031600000,3441388.5
7053,1700035200000,3408847.9
7054,1700038800000,3453556.4
7055,1700042400000,3446011.0
7056,1700046000000,3483239.3
7057,1700049600000,3503667.5
7058,1700053200000,3556712.1
7059,1700056800000,3255606.3
7060,1700060400000,3176203.2
7061,1700064000000,3211388.0
7062,1700067600000,3153285.2
7063,1700071200000,3153377.9
7064,1700074800000,3117574.7
7065,1700078400000,3362413.2
7066,1700082000000,3260868.9
7067,1700085600000,3349375.7
7068,1700089200000,3404264.0
7069,1700092800000,3435067.1
7070,1700096400000,3507845.0
7071,1700100000000,3512610.3
7072,1700103600000,3435966.0
7073,1700107200000,3467312.7
7074,1700110800000,3407616.6
7075,1700114400000,3370953.0
7076,1700118000000,3347741.7
7077,1700121600000,3319075.1
7078,1700125200000,3300308.8
7079,1700128800000,3264655.9
7080,1700132400000,3356118.3
7081,1700136000000,3299483.2
7082,1700139600000,3314472.8
7083,1700143200000,3261637.8
7084,1700146800000,3250772.9
7085,1700150400000,3210882.2
7086,1700154000000,3272761.0
7087,1700157600000,3219193.5
7088,1700161200000,3210899.4
7089,1700164800000,3118647.7
7090,1700168400000,2993448.0
7091,1700172000000,2943762.6
7092,1700175600000,2917357.8
7093,1700179200000,2844692.0
7094,1700182800000,2816136.0
7095,1700186400000,2807255.9
7096,1700190000000,2821764.4
7097,1700193600000,2794244.79999999
7098,1700197200000,2793315.4
7099,1700200800000,2793157.0
7100,1700204400000,2823116.7
7101,1700208000000,2779962.0
7102,1700211600000,2764220.4
7103,1700215200000,2785115.29999999
7104,1700218800000,2670123.0
7105,1700222400000,2700461.6
7106,1700226000000,2732861.1
7107,1700229600000,2631876.9
7108,1700233200000,2683247.9
7109,1700236800000,2643782.4
7110,1700240400000,2658882.79999999
7111,1700244000000,2633502.29999999
7112,1700247600000,2626745.6
7113,1700251200000,2621314.1
7114,1700254800000,2634841.2
7115,1700258400000,2633797.4
7116,1700262000000,2637137.4
7117,1700265600000,2662668.29999999
7118,1700269200000,2638042.0
7119,1700272800000,2520249.7
7120,1700276400000,2540197.5
7121,1700280000000,2501046.29999999
7122,1700283600000,2504148.6
7123,1700287200000,2587059.5
7124,1700290800000,2564047.4
7125,1700294400000,2573932.6
7126,1700298000000,2570686.29999999
7127,1700301600000,2563593.0
7128,1700305200000,2575604.0
7129,1700308800000,2582827.9
7130,1700312400000,2586702.0
7131,1700316000000,2561476.7
7132,1700319600000,2566015.4
7133,1700323200000,2562167.5
7134,1700326800000,2551247.2
7135,1700330400000,2555361.7
7136,1700334000000,2543348.4
7137,1700337600000,2572834.79999999
7138,1700341200000,2563125.5
7139,1700344800000,2547399.9
7140,1700348400000,2529906.7
7141,1700352000000,2532314.29999999
7142,1700355600000,2509952.29999999
7143,1700359200000,2501340.2
7144,1700362800000,2618915.7
7145,1700366400000,2611152.0
7146,1700370000000,2607802.5
7147,1700373600000,2608872.2
7148,1700377200000,2566240.5
7149,1700380800000,2578485.6
7150,1700384400000,2571722.4
7151,1700388000000,2572070.2
7152,1700391600000,2583935.6
7153,1700395200000,2562081.29999999
7154,1700398800000,2572832.1
7155,1700402400000,2579013.2
7156,1700406000000,2576576.4
7157,1700409600000,2594313.7
7158,1700413200000,2618765.0
7159,1700416800000,2622196.1
7160,1700420400000,2618374.0
7161,1700424000000,2647489.9
7162,1700427600000,2641022.29999999
7163,1700431200000,2652897.1
7164,1700434800000,2608223.6
7165,1700438400000,2644884.4
7166,1700442000000,2610653.2
7167,1700445600000,2632129.4
7168,1700449200000,2570411.29999999
7169,1700452800000,2563324.5
7170,1700456400000,2558351.4
7171,1700460000000,2506329.5
7172,1700463600000,2502876.5
7173,1700467200000,2498338.9
7174,1700470800000,2501662.6
7175,1700474400000,2498419.29999999
7176,1700478000000,2534125.4
7177,1700481600000,2515330.4
7178,1700485200000,2533899.6
7179,1700488800000,2528980.7
7180,1700492400000,2480702.1
7181,1700496000000,2470888.7
7182,1700499600000,2472914.7
7183,1700503200000,2530925.0
7184,1700506800000,2853065.0
7185,1700510400000,2777110.1
7186,1700514000000,2757264.0
7187,1700517600000,2524949.7
7188,1700521200000,2504110.79999999
7189,1700524800000,2504343.6
7190,1700528400000,2496919.29999999
7191,1700532000000,2510758.0
7192,1700535600000,2444781.79999999
7193,1700539200000,2412634.4
7194,1700542800000,2420685.0
7195,1700546400000,2428198.29999999
7196,1700550000000,2458767.6
7197,1700553600000,2490505.29999999
7198,1700557200000,2468493.1
7199,1700560800000,2491523.79999999
7200,1700564400000,2513553.2
7201,1700568000000,2510889.29999999
7202,1700571600000,2499471.0
7203,1700575200000,2524858.4
7204,1700578800000,2495258.4
7205,1700582400000,2467054.2
7206,1700586000000,2581654.6
7207,1700589600000,2542481.79999999
7208,1700593200000,2565291.1
7209,1700596800000,2589067.79999999
7210,1700600400000,2606232.6
7211,1700604000000,2611691.29999999
7212,1700607600000,2568530.79999999
7213,1700611200000,2528161.79999999
7214,1700614800000,2508617.29999999
7215,1700618400000,2516822.0
7216,1700622000000,2501057.79999999
7217,1700625600000,2474152.79999999
7218,1700629200000,2440020.5
7219,1700632800000,2452095.1
7220,1700636400000,2439318.0
7221,1700640000000,2438234.5
7222,1700643600000,2449666.6
7223,1700647200000,2467172.1
7224,1700650800000,2456601.5
7225,1700654400000,2449584.29999999
7226,1700658000000,2434992.7
7227,1700661600000,2425294.2
7228,1700665200000,2401703.79999999
7229,1700668800000,2387747.9
7230,1700672400000,2392611.4
7231,1700676000000,2383636.7
7232,1700679600000,2328096.1
7233,1700683200000,2341329.5
7234,1700686800000,2350325.79999999
7235,1700690400000,2358428.4
7236,1700694000000,2341770.2
7237,1700697600000,2337088.6
7238,1700701200000,2326257.4
7239,1700704800000,2310999.5
7240,1700708400000,2304823.0
7241,1700712000000,2272136.4
7242,1700715600000,2270873.29999999
7243,1700719200000,2269820.1
7244,1700722800000,2277676.1
7245,1700726400000,2273065.0
7246,1700730000000,2297118.79999999
7247,1700733600000,2307333.0
7248,1700737200000,2301467.2
7249,1700740800000,2304254.5
7250,1700744400000,2302077.1
7251,1700748000000,2295740.5
7252,1700751600000,2308449.6
7253,1700755200000,2285051.29999999
7254,1700758800000,2289212.2
7255,1700762400000,2315056.2
7256,1700766000000,2319483.0
7257,1700769600000,2325319.6
7258,1700773200000,2326307.7
7259,1700776800000,2339566.0
7260,1700780400000,2354799.79999999
7261,1700784000000,2341364.7
7262,1700787600000,2374851.1
7263,1700791200000,2407903.6
7264,1700794800000,2406824.2
7265,1700798400000,2407912.9
7266,1700802000000,2397122.2
7267,1700805600000,2419275.7
7268,1700809200000,2414037.1
7269,1700812800000,2418110.79999999
7270,1700816400000,2430608.29999999
7271,1700820000000,2465538.29999999
7272,1700823600000,2427388.79999999
7273,1700827200000,2436141.6
7274,1700830800000,2421467.0
7275,1700834400000,2411008.6
7276,1700838000000,2362626.1
7277,1700841600000,2407807.1
7278,1700845200000,2397435.2
7279,1700848800000,2368786.79999999
7280,1700852400000,2352777.4
7281,1700856000000,2374446.29999999
7282,1700859600000,2381906.29999999
7283,1700863200000,2382639.0
7284,1700866800000,2368102.2
7285,1700870400000,2346352.6
7286,1700874000000,2323528.5
7287,1700877600000,2346624.79999999
7288,1700881200000,2350129.9
7289,1700884800000,2343867.9
7290,1700888400000,2339592.5
7291,1700892000000,2350304.1
7292,1700895600000,2351398.0
7293,1700899200000,2373843.29999999
7294,1700902800000,2376958.6
7295,1700906400000,2372396.1
7296,1700910000000,2357233.7
7297,1700913600000,2344663.5
7298,1700917200000,2353211.5
7299,1700920800000,2373612.4
7300,1700924400000,2355833.2
7301,1700928000000,2355453.2
7302,1700931600000,2366141.6
7303,1700935200000,2363524.29999999
7304,1700938800000,2363826.6
7305,1700942400000,2361485.0
7306,1700946000000,2363600.29999999
7307,1700949600000,2364342.6
7308,1700953200000,2364019.79999999
7309,1700956800000,2376112.79999999
7310,1700960400000,2357436.5
7311,1700964000000,2377946.0
7312,1700967600000,2343244.1
7313,1700971200000,2382903.7
7314,1700974800000,2358625.2
7315,1700978400000,2364780.0
7316,1700982000000,2366404.5
7317,1700985600000,2366404.0
7318,1700989200000,2358994.29999999
7319,1700992800000,2332878.0
7320,1700996400000,2337763.5
7321,1701000000000,2353376.1
7322,1701003600000,2348858.6
7323,1701007200000,2333034.1
7324,1701010800000,2348395.6
7325,1701014400000,2350656.9
7326,1701018000000,2297533.4
7327,1701021600000,2303154.6
7328,1701025200000,2339402.29999999
7329,1701028800000,2332380.6
7330,1701032400000,2336997.4
7331,1701036000000,2347564.9
7332,1701039600000,2323559.7
7333,1701043200000,2302878.1
7334,1701046800000,2320891.79999999
7335,1701050400000,2296897.4
7336,1701054000000,2272158.2
7337,1701057600000,2250076.9
7338,1701061200000,2242879.4
7339,1701064800000,2239637.1
7340,1701068400000,2253350.2
7341,1701072000000,2293755.1
7342,1701075600000,2281171.6
7343,1701079200000,2262084.5
7344,1701082800000,2244472.7
7345,1701086400000,2249432.4
7346,1701090000000,2265973.2
7347,1701093600000,2277362.7
7348,1701097200000,2285986.79999999
7349,1701100800000,2417710.9
7350,1701104400000,2441698.6
7351,1701108000000,2460347.29999999
7352,1701111600000,2443857.6
7353,1701115200000,2420164.1
7354,1701118800000,2427025.6
7355,1701122400000,2430336.6
7356,1701126000000,2421913.4
7357,1701129600000,2436228.0
7358,1701133200000,2536070.79999999
7359,1701136800000,2576571.0
7360,1701140400000,2612973.4
7361,1701144000000,2587324.5
7362,1701147600000,2545401.5
7363,1701151200000,2433288.2
7364,1701154800000,2433917.1
7365,1701158400000,2340395.29999999
7366,1701162000000,2324717.2
7367,1701165600000,2308393.7
7368,1701169200000,2331326.6
7369,1701172800000,2364920.1
7370,1701176400000,2361561.7
7371,1701180000000,2354709.79999999
7372,1701183600000,2338960.0
7373,1701187200000,2326799.1
7374,1701190800000,2323969.29999999
7375,1701194400000,2291863.79999999
7376,1701198000000,2281987.79999999
7377,1701201600000,2281419.7
7378,1701205200000,2283311.6
7379,1701208800000,2297408.4
7380,1701212400000,2321876.0
7381,1701216000000,2329039.4
7382,1701219600000,2317778.29999999
7383,1701223200000,2329125.2
7384,1701226800000,2320383.5
7385,1701230400000,2312400.79999999
7386,1701234000000,2293390.0
7387,1701237600000,2289144.2
7388,1701241200000,2291780.79999999
7389,1701244800000,2283168.2
7390,1701248400000,2314942.7
7391,1701252000000,2337967.5
7392,1701255600000,2238849.9
7393,1701259200000,2228169.9
7394,1701262800000,2259993.0
7395,1701266400000,2297525.4
7396,1701270000000,2303545.2
7397,1701273600000,2329630.29999999
7398,1701277200000,2353389.2
7399,1701280800000,2363238.6
7400,1701284400000,2369999.5
7401,1701288000000,2372610.1
7402,1701291600000,2358558.4
7403,1701295200000,2421169.7
7404,1701298800000,2390812.79999999
7405,1701302400000,2383976.0
7406,1701306000000,2392493.0
7407,1701309600000,2373429.79999999
7408,1701313200000,2365354.79999999
7409,1701316800000,2371567.6
7410,1701320400000,2437876.9
7411,1701324000000,2414475.79999999
7412,1701327600000,2415834.5
7413,1701331200000,2416655.4
7414,1701334800000,2407777.7
7415,1701338400000,2381270.29999999
7416,1701342000000,2365725.4
7417,1701345600000,2381019.2
7418,1701349200000,2414191.6
7419,1701352800000,2400089.5
7420,1701356400000,2370059.6
7421,1701360000000,2396866.9
7422,1701363600000,2379384.0
7423,1701367200000,2401603.5
7424,1701370800000,2401269.2
7425,1701374400000,2406900.4
7426,1701378000000,2411537.0
7427,1701381600000,2412886.29999999
7428,1701385200000,2412959.0
7429,1701388800000,2395031.29999999
7430,1701392400000,2386981.29999999
7431,1701396000000,2409535.9
7432,1701399600000,2405696.5
7433,1701403200000,2427118.1
7434,1701406800000,2417836.7
7435,1701410400000,2407873.2
7436,1701414000000,2397588.0
7437,1701417600000,2417284.0
7438,1701421200000,2436105.6
7439,1701424800000,2473183.79999999
7440,1701428400000,2489021.6
7441,1701432000000,2569037.1
7442,1701435600000,2553583.29999999
7443,1701439200000,2529051.1
7444,1701442800000,2527015.0
7445,1701446400000,2566095.2
7446,1701450000000,2607844.4
7447,1701453600000,2620236.2
7448,1701457200000,2733814.7
7449,1701460800000,2740111.2
7450,1701464400000,2728349.9
7451,1701468000000,2709694.4
7452,1701471600000,2701004.79999999
7453,1701475200000,2692353.79999999
7454,1701478800000,2696885.6
7455,1701482400000,2722419.6
7456,1701486000000,2733497.7
7457,1701489600000,2716044.7
7458,1701493200000,2762896.5
7459,1701496800000,2763577.7
7460,1701500400000,2768380.9
7461,1701504000000,2788647.2
7462,1701507600000,2757327.6
7463,1701511200000,2861307.6
7464,1701514800000,2882289.7
7465,1701518400000,2907838.5
7466,1701522000000,2940014.2
7467,1701525600000,2963095.1
7468,1701529200000,2952307.8
7469,1701532800000,2908312.1
7470,1701536400000,2932275.9
7471,1701540000000,2945476.8
7472,1701543600000,2926449.0
7473,1701547200000,2812115.79999999
7474,1701550800000,2771760.4
7475,1701554400000,2768668.2
7476,1701558000000,2724170.2
7477,1701561600000,2730021.6
7478,1701565200000,2732885.1
7479,1701568800000,2731320.7
7480,1701572400000,2705357.79999999
7481,1701576000000,2673383.0
7482,1701579600000,2649183.4
7483,1701583200000,2649875.7
7484,1701586800000,2670748.0
7485,1701590400000,2732598.29999999
7486,1701594000000,2700096.0
7487,1701597600000,2725124.5
7488,1701601200000,2723710.9
7489,1701604800000,2730828.9
7490,1701608400000,2672093.2
7491,1701612000000,2664846.7
7492,1701615600000,2662121.4
7493,1701619200000,2695140.0
7494,1701622800000,2724311.4
7495,1701626400000,2681007.0
7496,1701630000000,2737041.0
7497,1701633600000,2726931.7
7498,1701637200000,2690970.6
7499,1701640800000,2664866.7
7500,1701644400000,2663034.4
7501,1701648000000,2564195.79999999
7502,1701651600000,2604983.9
7503,1701655200000,2555710.1
7504,1701658800000,2555990.2
7505,1701662400000,2556812.79999999
7506,1701666000000,2620546.2
7507,1701669600000,2602997.4
7508,1701673200000,2590394.2
7509,1701676800000,2502650.29999999
7510,1701680400000,2589074.79999999
7511,1701684000000,2695602.2
7512,1701687600000,2712880.0
7513,1701691200000,2633714.5
7514,1701694800000,2645507.6
7515,1701698400000,2673114.4
7516,1701702000000,2718818.0
7517,1701705600000,2699268.9
7518,1701709200000,2721100.7
7519,1701712800000,2632136.4
7520,1701716400000,2630663.7
7521,1701720000000,2636157.1
7522,1701723600000,2648604.79999999
7523,1701727200000,2741267.5
7524,1701730800000,2732851.29999999
7525,1701734400000,2766273.79999999
7526,1701738000000,2803646.6
7527,1701741600000,2847775.9
7528,1701745200000,2795807.2
7529,1701748800000,2785987.7
7530,1701752400000,2762455.2
7531,1701756000000,2707753.1
7532,1701759600000,2743477.0
7533,1701763200000,2733880.6
7534,1701766800000,2757764.79999999
7535,1701770400000,2748002.79999999
7536,1701774000000,2718657.79999999
7537,1701777600000,2713962.6
7538,1701781200000,2720790.79999999
7539,1701784800000,2696061.7
7540,1701788400000,2696842.4
7541,1701792000000,2697040.7
7542,1701795600000,2787930.7
7543,1701799200000,2861874.3
7544,1701802800000,2753646.9
7545,1701806400000,2748011.6
7546,1701810000000,2757052.4
7547,1701813600000,2777374.0
7548,1701817200000,2804182.2
7549,1701820800000,2942301.6
7550,1701824400000,2916992.8
7551,1701828000000,2914490.4
7552,1701831600000,2881467.3
7553,1701835200000,2881501.5
7554,1701838800000,2883212.8
7555,1701842400000,2810555.2
7556,1701846000000,2844336.3
7557,1701849600000,2833491.4
7558,1701853200000,2846585.1
7559,1701856800000,2902677.2
7560,1701860400000,2908933.7
7561,1701864000000,2898668.5
7562,1701867600000,2895137.9
7563,1701871200000,2888158.4
7564,1701874800000,2865126.4
7565,1701878400000,3013100.7
7566,1701882000000,2974806.5
7567,1701885600000,3024254.0
7568,1701889200000,3073020.5
7569,1701892800000,3156588.1
7570,1701896400000,3150849.3
7571,1701900000000,3118413.9
7572,1701903600000,3213078.1
7573,1701907200000,3215217.1
7574,1701910800000,3260461.6
7575,1701914400000,3250253.5
7576,1701918000000,3254416.2
7577,1701921600000,3376308.7
7578,1701925200000,3459752.5
7579,1701928800000,3591654.9
7580,1701932400000,3483247.6
7581,1701936000000,3497552.9
7582,1701939600000,3536665.2
7583,1701943200000,3421884.7
7584,1701946800000,3363698.4
7585,1701950400000,3354160.1
7586,1701954000000,3384142.8
7587,1701957600000,3387069.7
7588,1701961200000,3400502.8
7589,1701964800000,3381129.7
7590,1701968400000,3367843.0
7591,1701972000000,3356196.8
7592,1701975600000,3374910.0
7593,1701979200000,3373389.1
7594,1701982800000,3368220.5
7595,1701986400000,3369682.9
7596,1701990000000,3395277.7
7597,1701993600000,3432414.6
7598,1701997200000,3433923.4
7599,1702000800000,3440291.3
7600,1702004400000,3480869.2
7601,1702008000000,3463755.9
7602,1702011600000,3465981.3
7603,1702015200000,3498098.7
7604,1702018800000,3526466.6
7605,1702022400000,3473760.8
7606,1702026000000,3461795.1
7607,1702029600000,3451379.0
7608,1702033200000,3408346.9
7609,1702036800000,3380382.8
7610,1702040400000,3545623.5
7611,1702044000000,3567876.3
7612,1702047600000,3592740.7
7613,1702051200000,3613643.4
7614,1702054800000,3628219.7
7615,1702058400000,3621573.6
7616,1702062000000,3619051.1
7617,1702065600000,3654107.4
7618,1702069200000,3694174.4
7619,1702072800000,3551453.4
7620,1702076400000,3517095.9
7621,1702080000000,3515900.8
7622,1702083600000,3513302.3
7623,1702087200000,3501086.3
7624,1702090800000,3532187.1
7625,1702094400000,3647938.5
7626,1702098000000,3801383.1
7627,1702101600000,3851730.2
7628,1702105200000,3873901.9
7629,1702108800000,3900543.8
7630,1702112400000,3624777.5
7631,1702116000000,3679478.9
7632,1702119600000,3664667.6
7633,1702123200000,3641458.8
7634,1702126800000,3666395.7
7635,1702130400000,3658918.0
7636,1702134000000,3620803.2
7637,1702137600000,3574662.7
7638,1702141200000,3564827.4
7639,1702144800000,3616259.2
7640,1702148400000,3671654.9
7641,1702152000000,3734771.2
7642,1702155600000,3578407.1
7643,1702159200000,3555608.5
7644,1702162800000,3553871.5
7645,1702166400000,3424617.5
7646,1702170000000,3402663.4
7647,1702173600000,3313084.4
7648,1702177200000,3325416.7
7649,1702180800000,3360658.0
7650,1702184400000,3381016.2
7651,1702188000000,3400187.5
7652,1702191600000,3456831.9
7653,1702195200000,3447353.4
7654,1702198800000,3425964.8
7655,1702202400000,3430465.3
7656,1702206000000,3439964.1
7657,1702209600000,3460279.5
7658,1702213200000,3455475.1
7659,1702216800000,3432685.1
7660,1702220400000,3420291.1
7661,1702224000000,3446692.8
7662,1702227600000,3425263.4
7663,1702231200000,3436439.8
7664,1702234800000,3450694.1
7665,1702238400000,3478690.3
7666,1702242000000,3453484.5
7667,1702245600000,3469632.0
7668,1702249200000,3463816.7
7669,1702252800000,3578230.4
7670,1702256400000,3622752.3
7671,1702260000000,3686904.8
7672,1702263600000,3137853.8
7673,1702267200000,3121026.1
7674,1702270800000,3107752.3
7675,1702274400000,3172313.8
7676,1702278000000,3105710.8
7677,1702281600000,3207261.7
7678,1702285200000,3148019.8
7679,1702288800000,3202062.0
7680,1702292400000,3242526.9
7681,1702296000000,3256920.5
7682,1702299600000,3345679.0
7683,1702303200000,3277013.2
7684,1702306800000,3225482.3
7685,1702310400000,3233337.8
7686,1702314000000,3254063.8
7687,1702317600000,3172876.1
7688,1702321200000,3172017.5
7689,1702324800000,3201010.2
7690,1702328400000,3212210.6
7691,1702332000000,3190136.2
7692,1702335600000,3179453.2
7693,1702339200000,3167932.4
7694,1702342800000,3145074.2
7695,1702346400000,3101101.3
7696,1702350000000,3104624.5
7697,1702353600000,3087148.7
7698,1702357200000,3132986.9
7699,1702360800000,3179078.8
7700,1702364400000,3160928.5
7701,1702368000000,3241640.1
7702,1702371600000,3343232.0
7703,1702375200000,3647355.6
7704,1702378800000,3600283.0
7705,1702382400000,3592373.8
7706,1702386000000,3401765.2
7707,1702389600000,3420384.8
7708,1702393200000,3380236.3
7709,1702396800000,3308123.4
7710,1702400400000,3154435.0
7711,1702404000000,3062352.9
7712,1702407600000,3070991.2
7713,1702411200000,3095959.4
7714,1702414800000,3096617.8
7715,1702418400000,3084085.9
7716,1702422000000,3076224.0
7717,1702425600000,3119260.8
7718,1702429200000,3096657.3
7719,1702432800000,3112983.9
7720,1702436400000,3088784.2
7721,1702440000000,3080670.8
7722,1702443600000,3075184.9
7723,1702447200000,3073179.3
7724,1702450800000,3088330.9
7725,1702454400000,3053051.0
7726,1702458000000,3062472.7
7727,1702461600000,3049462.7
7728,1702465200000,3056733.7
7729,1702468800000,3054137.0
7730,1702472400000,3082971.8
7731,1702476000000,3134997.3
7732,1702479600000,3118307.8
7733,1702483200000,3119726.9
7734,1702486800000,3109551.0
7735,1702490400000,3109828.6
7736,1702494000000,3130083.4
7737,1702497600000,3178421.2
7738,1702501200000,3213531.6
7739,1702504800000,3214113.6
7740,1702508400000,3216409.7
7741,1702512000000,3203642.7
7742,1702515600000,3235664.1
7743,1702519200000,3248918.0
7744,1702522800000,3251977.8
7745,1702526400000,3273458.6
7746,1702530000000,3286657.4
7747,1702533600000,3280343.3
7748,1702537200000,3308626.1
7749,1702540800000,3283700.0
7750,1702544400000,3237970.4
7751,1702548000000,3272357.6
7752,1702551600000,3348554.6
7753,1702555200000,3362635.8
7754,1702558800000,3351215.2
7755,1702562400000,2999684.8
7756,1702566000000,3029480.1
7757,1702569600000,3033866.4
7758,1702573200000,2969808.0
7759,1702576800000,3038700.0
7760,1702580400000,3038006.7
7761,1702584000000,3071162.7
7762,1702587600000,3104107.5
7763,1702591200000,3124627.9
7764,1702594800000,3199089.9
7765,1702598400000,3210487.6
7766,1702602000000,3199287.4
7767,1702605600000,3189549.4
7768,1702609200000,3129731.7
7769,1702612800000,3153603.2
7770,1702616400000,3068624.1
7771,1702620000000,3054146.6
7772,1702623600000,2976405.8
7773,1702627200000,2950749.5
7774,1702630800000,3047765.7
7775,1702634400000,3012532.5
7776,1702638000000,3011995.0
7777,1702641600000,3012655.8
7778,1702645200000,2968063.4
7779,1702648800000,2973924.0
7780,1702652400000,2982550.9
7781,1702656000000,2995751.6
7782,1702659600000,3050218.4
7783,1702663200000,3059305.0
7784,1702666800000,3047514.0
7785,1702670400000,3065146.7
7786,1702674000000,3093142.6
7787,1702677600000,3156321.9
7788,1702681200000,3264022.1
7789,1702684800000,3219299.2
7790,1702688400000,3201277.7
7791,1702692000000,3197307.4
7792,1702695600000,3198307.0
7793,1702699200000,3232579.4
7794,1702702800000,3282228.6
7795,1702706400000,3262344.2
7796,1702710000000,3326554.8
7797,1702713600000,3338031.2
7798,1702717200000,3302675.3
7799,1702720800000,3344240.6
7800,1702724400000,3373256.4
7801,1702728000000,3363859.3
7802,1702731600000,3598051.2
7803,1702735200000,3748171.1
7804,1702738800000,3920233.9
7805,1702742400000,3990834.6
7806,1702746000000,4123207.1
7807,1702749600000,3891081.3
7808,1702753200000,4170587.5
7809,1702756800000,3942270.3
7810,1702760400000,3709387.6
7811,1702764000000,3711879.2
7812,1702767600000,3701221.5
7813,1702771200000,3685150.5
7814,1702774800000,3629604.6
7815,1702778400000,3860644.4
7816,1702782000000,3844807.4
7817,1702785600000,3753528.6
7818,1702789200000,3768863.3
7819,1702792800000,3902973.8
7820,1702796400000,3865435.2
7821,1702800000000,3810962.9
7822,1702803600000,3793114.9
7823,1702807200000,3771428.0
7824,1702810800000,3856233.8
7825,1702814400000,3900428.7
7826,1702818000000,3818617.4
7827,1702821600000,3846649.8
7828,1702825200000,3928300.4
7829,1702828800000,3985108.2
7830,1702832400000,4121732.5
7831,1702836000000,4068772.5
7832,1702839600000,4008866.8
7833,1702843200000,4025645.0
7834,1702846800000,4127036.6
7835,1702850400000,4050757.9
7836,1702854000000,3976694.2
7837,1702857600000,3965631.4
7838,1702861200000,3928425.6
7839,1702864800000,3817605.9
7840,1702868400000,3783958.4
7841,1702872000000,3613695.4
7842,1702875600000,3565455.1
7843,1702879200000,3565822.1
7844,1702882800000,3588977.7
7845,1702886400000,3536018.7
7846,1702890000000,3678671.0
7847,1702893600000,3686155.1
7848,1702897200000,3733332.9
7849,1702900800000,3713402.3
7850,1702904400000,3710776.7
7851,1702908000000,3709961.1
7852,1702911600000,3615909.3
7853,1702915200000,3629397.4
7854,1702918800000,3623104.0
7855,1702922400000,3745280.6
7856,1702926000000,3851987.7
7857,1702929600000,3916748.5
7858,1702933200000,3806655.7
7859,1702936800000,3801596.9
7860,1702940400000,3787520.8
7861,1702944000000,3729965.0
7862,1702947600000,3782897.3
7863,1702951200000,3820087.1
7864,1702954800000,3771632.5
7865,1702958400000,3775440.7
7866,1702962000000,3832747.9
7867,1702965600000,3831379.7
7868,1702969200000,3748744.6
7869,1702972800000,3726097.3
7870,1702976400000,3745392.3
7871,1702980000000,3673611.8
7872,1702983600000,3703560.1
7873,1702987200000,3722262.1
7874,1702990800000,3786888.4
7875,1702994400000,3758067.5
7876,1702998000000,3713739.6
7877,1703001600000,3713000.2
7878,1703005200000,3741841.4
7879,1703008800000,3658876.3
7880,1703012400000,3611191.9
7881,1703016000000,3623788.3
7882,1703019600000,3624320.9
7883,1703023200000,3622763.1
7884,1703026800000,3611418.7
7885,1703030400000,3594844.9
7886,1703034000000,3616909.7
7887,1703037600000,3626360.0
7888,1703041200000,3680384.4
7889,1703044800000,3708733.3
7890,1703048400000,3750654.9
7891,1703052000000,3759778.5
7892,1703055600000,3784179.9
7893,1703059200000,3798993.9
7894,1703062800000,3772345.5
7895,1703066400000,3779310.5
7896,1703070000000,3792882.3
7897,1703073600000,3824883.5
7898,1703077200000,3888029.7
7899,1703080800000,3849638.0
7900,1703084400000,3917778.0
7901,1703088000000,3945970.8
7902,1703091600000,3807637.8
7903,1703095200000,3939842.9
7904,1703098800000,3855404.7
7905,1703102400000,3760366.0
7906,1703106000000,3662898.5
7907,1703109600000,3655611.9
7908,1703113200000,3660330.6
7909,1703116800000,3654039.2
7910,1703120400000,3675249.6
7911,1703124000000,3687317.9
7912,1703127600000,3707891.5
7913,1703131200000,3710373.7
7914,1703134800000,3747474.3
7915,1703138400000,3708302.1
7916,1703142000000,3870618.9
7917,1703145600000,3987728.7
7918,1703149200000,4035356.9
7919,1703152800000,4002620.5
7920,1703156400000,4050212.9
7921,1703160000000,4078100.2
7922,1703163600000,4052837.0
7923,1703167200000,4022907.8
7924,1703170800000,3898003.5
7925,1703174400000,3894664.9
7926,1703178000000,3958211.9
7927,1703181600000,3935007.1
7928,1703185200000,4103167.7
7929,1703188800000,4001238.0
7930,1703192400000,4056519.9
7931,1703196000000,4081542.5
7932,1703199600000,4048971.9
7933,1703203200000,4102003.8
7934,1703206800000,4158401.6
7935,1703210400000,4012079.4
7936,1703214000000,3996063.0
7937,1703217600000,4055580.9
7938,1703221200000,4243259.9
7939,1703224800000,4292811.2
7940,1703228400000,4177756.6
7941,1703232000000,4043788.6
7942,1703235600000,4043550.7
7943,1703239200000,4072431.2
7944,1703242800000,4216752.2
7945,1703246400000,4221637.8
7946,1703250000000,4216466.4
7947,1703253600000,4186721.4
7948,1703257200000,4083327.8
7949,1703260800000,4073980.0
7950,1703264400000,4162430.4
7951,1703268000000,4203535.59999999
7952,1703271600000,4282682.4
7953,1703275200000,4326297.59999999
7954,1703278800000,4385172.9
7955,1703282400000,4433578.2
7956,1703286000000,4404044.09999999
7957,1703289600000,4459023.5
7958,1703293200000,4413984.2
7959,1703296800000,4186213.4
7960,1703300400000,4121480.4
7961,1703304000000,4055119.1
7962,1703307600000,4051633.2
7963,1703311200000,4084375.2
7964,1703314800000,4088299.8
7965,1703318400000,4084731.4
7966,1703322000000,4115588.4
7967,1703325600000,4154111.2
7968,1703329200000,4186276.8
7969,1703332800000,4189939.4
7970,1703336400000,4215404.2
7971,1703340000000,4197247.8
7972,1703343600000,4207428.59999999
7973,1703347200000,4212925.3
7974,1703350800000,4214194.3
7975,1703354400000,4177559.8
7976,1703358000000,4157160.3
7977,1703361600000,4178130.3
7978,1703365200000,4348793.09999999
7979,1703368800000,4337050.09999999
7980,1703372400000,4346727.09999999
7981,1703376000000,4400425.3
7982,1703379600000,4452957.7
7983,1703383200000,4460219.5
7984,1703386800000,4448615.9
7985,1703390400000,4436727.3
7986,1703394000000,4467621.5
7987,1703397600000,4440004.09999999
7988,1703401200000,4384830.9
7989,1703404800000,4433989.4
7990,1703408400000,4358868.4
7991,1703412000000,4341221.8
7992,1703415600000,4309546.3
7993,1703419200000,4484959.2
7994,1703422800000,4442416.59999999
7995,1703426400000,4470577.8
7996,1703430000000,4518555.09999999
7997,1703433600000,4568735.0
7998,1703437200000,4542847.2
7999,1703440800000,4537628.7
8000,1703444400000,4518742.3
8001,1703448000000,4459365.5
8002,1703451600000,4451030.8
8003,1703455200000,4433632.2
8004,1703458800000,4407550.0
8005,1703462400000,4415993.9
8006,1703466000000,4425428.9
8007,1703469600000,4467415.0
8008,1703473200000,4434200.0
8009,1703476800000,4482751.5
8010,1703480400000,4556753.2
8011,1703484000000,4666440.3
8012,1703487600000,4735600.9
8013,1703491200000,4762911.3
8014,1703494800000,4723112.9
8015,1703498400000,4771003.2
8016,1703502000000,4843573.09999999
8017,1703505600000,4902565.09999999
8018,1703509200000,4992870.8
8019,1703512800000,4998568.0
8020,1703516400000,5012586.4
8021,1703520000000,4929036.3
8022,1703523600000,4920085.0
8023,1703527200000,5003212.2
8024,1703530800000,4919077.4
8025,1703534400000,4945405.8
8026,1703538000000,4920118.9
8027,1703541600000,4925072.09999999
8028,1703545200000,4906220.7
8029,1703548800000,4934839.8
8030,1703552400000,4866886.7
8031,1703556000000,4885173.59999999
8032,1703559600000,4889889.4
8033,1703563200000,4898290.7
8034,1703566800000,4920082.9
8035,1703570400000,4712815.7
8036,1703574000000,4719374.4
8037,1703577600000,4734964.2
8038,1703581200000,4814560.4
8039,1703584800000,4776245.8
8040,1703588400000,4800193.8
8041,1703592000000,4822294.2
8042,1703595600000,4843111.0
8043,1703599200000,4904871.4
8044,1703602800000,4892366.7
8045,1703606400000,4826369.09999999
8046,1703610000000,4933824.8
8047,1703613600000,4520131.5
8048,1703617200000,4621509.9
8049,1703620800000,4656264.59999999
8050,1703624400000,4657585.59999999
8051,1703628000000,4726676.4
8052,1703631600000,4712584.0
8053,1703635200000,4761862.3
8054,1703638800000,4674518.4
8055,1703642400000,4684089.2
8056,1703646000000,4629751.7
8057,1703649600000,4585728.0
8058,1703653200000,4642655.2
8059,1703656800000,4661686.5
8060,1703660400000,4686408.5
8061,1703664000000,4737431.59999999
8062,1703667600000,4832368.8
8063,1703671200000,4840374.4
8064,1703674800000,4883606.8
8065,1703678400000,4883004.5
8066,1703682000000,4923715.4
8067,1703685600000,4888182.9
8068,1703689200000,4983261.8
8069,1703692800000,5150773.8
8070,1703696400000,5164421.3
8071,1703700000000,5207170.7
8072,1703703600000,5401780.7
8073,1703707200000,5382618.5
8074,1703710800000,5352438.0
8075,1703714400000,5327824.4
8076,1703718000000,5247040.5
8077,1703721600000,5238834.9
8078,1703725200000,5214958.7
8079,1703728800000,5187497.2
8080,1703732400000,5205483.5
8081,1703736000000,5277605.9
8082,1703739600000,5331130.5
8083,1703743200000,5259078.4
8084,1703746800000,5141294.2
8085,1703750400000,5139389.3
8086,1703754000000,5137917.5
8087,1703757600000,5236314.09999999
8088,1703761200000,5235733.7
8089,1703764800000,5338048.09999999
8090,1703768400000,5292525.0
8091,1703772000000,5362529.5
8092,1703775600000,5118514.7
8093,1703779200000,5154217.0
8094,1703782800000,5257763.4
8095,1703786400000,5283054.5
8096,1703790000000,5328806.09999999
8097,1703793600000,5264846.4
8098,1703797200000,5153791.4
8099,1703800800000,5387194.8
8100,1703804400000,5665073.7
8101,1703808000000,6001418.3
8102,1703811600000,5774919.7
8103,1703815200000,5319299.9
8104,1703818800000,5336329.59999999
8105,1703822400000,5570888.2
8106,1703826000000,5640826.0
8107,1703829600000,5637344.2
8108,1703833200000,5582590.4
8109,1703836800000,5504215.59999999
8110,1703840400000,5527991.09999999
8111,1703844000000,5524099.7
8112,1703847600000,5512853.09999999
8113,1703851200000,5513081.09999999
8114,1703854800000,5507021.09999999
8115,1703858400000,5525222.59999999
8116,1703862000000,6077376.5
8117,1703865600000,5659610.3
8118,1703869200000,5389990.5
8119,1703872800000,4938123.7
8120,1703876400000,5116864.09999999
8121,1703880000000,5032581.59999999
8122,1703883600000,4981539.2
8123,1703887200000,4909804.0
8124,1703890800000,4879074.0
8125,1703894400000,4970592.4
8126,1703898000000,5329657.8
8127,1703901600000,5322053.9
8128,1703905200000,5304653.8
8129,1703908800000,5298570.4
8130,1703912400000,5296777.4
8131,1703916000000,5346195.59999999
8132,1703919600000,5341435.2
8133,1703923200000,5284803.8
8134,1703926800000,5246257.3
8135,1703930400000,5215553.09999999
8136,1703934000000,5162134.09999999
8137,1703937600000,5198735.9
8138,1703941200000,5233450.5
8139,1703944800000,5247190.9
8140,1703948400000,5273314.3
8141,1703952000000,5307179.4
8142,1703955600000,5325225.0
8143,1703959200000,5299058.4
8144,1703962800000,5308619.09999999
8145,1703966400000,5303078.3
8146,1703970000000,5279459.09999999
8147,1703973600000,4885362.2
8148,1703977200000,5299410.09999999
8149,1703980800000,5430482.59999999
8150,1703984400000,5118804.8
8151,1703988000000,5015827.3
8152,1703991600000,5128770.9
8153,1703995200000,5020263.8
8154,1703998800000,5049557.9
8155,1704002400000,5026776.3
8156,1704006000000,5021452.3
8157,1704009600000,5124240.7
8158,1704013200000,5139388.59999999
8159,1704016800000,5237489.0
8160,1704020400000,5342209.3
8161,1704024000000,5721517.5
8162,1704027600000,6169160.9
8163,1704031200000,6427155.8
8164,1704034800000,6370394.5
8165,1704038400000,6549831.7
8166,1704042000000,6496229.4
8167,1704045600000,6640647.9
8168,1704049200000,6774453.9
8169,1704052800000,7067415.6
8170,1704056400000,7066397.1
8171,1704060000000,6899330.8
8172,1704063600000,6430170.3
8173,1704067200000,6539071.0
8174,1704070800000,6585172.7
8175,1704074400000,6748328.2
8176,1704078000000,7299885.3
8177,1704081600000,7067781.5
8178,1704085200000,6842950.0
8179,1704088800000,6850308.7
8180,1704092400000,7162263.3
8181,1704096000000,7066021.3
8182,1704099600000,7189265.0
8183,1704103200000,7208379.5
8184,1704106800000,7153680.3
8185,1704110400000,7300811.7
8186,1704114000000,7219400.0
8187,1704117600000,7216213.9
8188,1704121200000,7287664.1
8189,1704124800000,7009556.2
8190,1704128400000,6986058.5
8191,1704132000000,6918430.3
8192,1704135600000,6843698.3
8193,1704139200000,6933875.9
8194,1704142800000,7011213.3
8195,1704146400000,7051641.7
8196,1704150000000,7159256.8
8197,1704153600000,7193322.7
8198,1704157200000,7030168.0
8199,1704160800000,6907286.1
8200,1704164400000,6822863.9
8201,1704168000000,6658553.7
8202,1704171600000,6557833.3
8203,1704175200000,6585496.0
8204,1704178800000,6668658.8
8205,1704182400000,6784163.3
8206,1704186000000,6867153.8
8207,1704189600000,6893032.2
8208,1704193200000,6773548.3
8209,1704196800000,6656373.2
8210,1704200400000,6557641.8
8211,1704204000000,6490342.0
8212,1704207600000,6389667.4
8213,1704211200000,6360478.3
8214,1704214800000,6291568.8
8215,1704218400000,6098815.3
8216,1704222000000,6032105.2
8217,1704225600000,5975702.5
8218,1704229200000,5978356.7
8219,1704232800000,6007609.2
8220,1704236400000,6077566.1
8221,1704240000000,6043573.5
8222,1704243600000,5951474.7
8223,1704247200000,5986912.1
8224,1704250800000,6020030.7
8225,1704254400000,6066255.8
8226,1704258000000,6369977.7
8227,1704261600000,6411077.0
8228,1704265200000,6407603.8
8229,1704268800000,6333814.4
8230,1704272400000,6461773.3
8231,1704276000000,6406529.9
8232,1704279600000,6448835.9
8233,1704283200000,6285490.7
8234,1704286800000,5108557.09999999
8235,1704290400000,5169156.09999999
8236,1704294000000,5415494.0
8237,1704297600000,5509558.4
8238,1704301200000,5497257.8
8239,1704304800000,5527920.4
8240,1704308400000,5139164.59999999
8241,1704312000000,5209191.0
8242,1704315600000,5279511.3
8243,1704319200000,5250984.59999999
8244,1704322800000,5166163.09999999
8245,1704326400000,5112004.7
8246,1704330000000,4946376.2
8247,1704333600000,4920465.2
8248,1704337200000,4992412.59999999
8249,1704340800000,5030982.2
8250,1704344400000,5065471.0
8251,1704348000000,4994972.5
8252,1704351600000,5029590.2
8253,1704355200000,4990312.8
8254,1704358800000,5019970.3
8255,1704362400000,4968133.2
8256,1704366000000,5119148.2
8257,1704369600000,5124139.0
8258,1704373200000,5157683.09999999
8259,1704376800000,5146963.0
8260,1704380400000,5141049.09999999
8261,1704384000000,5421217.2
8262,1704387600000,5305618.8
8263,1704391200000,5407723.09999999
8264,1704394800000,5471157.0
8265,1704398400000,5514855.0
8266,1704402000000,5478229.9
8267,1704405600000,5486631.59999999
8268,1704409200000,5406398.3
8269,1704412800000,5406903.9
8270,1704416400000,5406003.5
8271,1704420000000,5037453.0
8272,1704423600000,4990810.09999999
8273,1704427200000,4972690.8
8274,1704430800000,4972152.5
8275,1704434400000,4967008.09999999
8276,1704438000000,4997193.0
8277,1704441600000,4996635.9
8278,1704445200000,4980923.59999999
8279,1704448800000,4978417.09999999
8280,1704452400000,4965067.5
8281,1704456000000,4984717.59999999
8282,1704459600000,4995506.7
8283,1704463200000,4935091.7
8284,1704466800000,4871396.5
8285,1704470400000,4887116.3
8286,1704474000000,4914125.5
8287,1704477600000,4965838.7
8288,1704481200000,4973026.09999999
8289,1704484800000,4953949.4
8290,1704488400000,4994991.9
8291,1704492000000,5035968.9
8292,1704495600000,5010772.4
8293,1704499200000,5115209.5
8294,1704502800000,5133548.5
8295,1704506400000,5105181.8
8296,1704510000000,5074307.4
8297,1704513600000,5057067.9
8298,1704517200000,5000992.4
8299,1704520800000,4977217.3
8300,1704524400000,5104694.3
8301,1704528000000,5102840.4
8302,1704531600000,5058460.2
8303,1704535200000,5027499.9
8304,1704538800000,5041546.0
8305,1704542400000,5073553.2
8306,1704546000000,4987729.2
8307,1704549600000,4955277.2
8308,1704553200000,5021431.7
8309,1704556800000,5041178.7
8310,1704560400000,5012199.7
8311,1704564000000,5080958.09999999
8312,1704567600000,5083548.9
8313,1704571200000,5048896.0
8314,1704574800000,5014539.4
8315,1704578400000,5028552.8
8316,1704582000000,5013880.5
8317,1704585600000,5017185.59999999
8318,1704589200000,5032379.3
8319,1704592800000,5166213.2
8320,1704596400000,5110311.2
8321,1704600000000,5163894.0
8322,1704603600000,5155878.7
8323,1704607200000,5192804.09999999
8324,1704610800000,5152177.7
8325,1704614400000,5157534.3
8326,1704618000000,5126576.7
8327,1704621600000,5159527.59999999
8328,1704625200000,5165424.09999999
8329,1704628800000,5104369.3
8330,1704632400000,5145267.8
8331,1704636000000,5117211.9
8332,1704639600000,5043621.2
8333,1704643200000,5028238.8
8334,1704646800000,5062774.9
8335,1704650400000,5093204.2
8336,1704654000000,5082270.4
8337,1704657600000,5079757.59999999
8338,1704661200000,5079428.0
8339,1704664800000,5096330.09999999
8340,1704668400000,4992142.9
8341,1704672000000,4965846.0
8342,1704675600000,4835354.8
8343,1704679200000,4869872.2
8344,1704682800000,4850263.3
8345,1704686400000,4832556.5
8346,1704690000000,4818233.0
8347,1704693600000,4779800.4
8348,1704697200000,4787213.5
8349,1704700800000,4758296.0
8350,1704704400000,4771840.3
8351,1704708000000,4761191.09999999
8352,1704711600000,4787759.5
8353,1704715200000,4801500.3
8354,1704718800000,4765957.8
8355,1704722400000,4763216.5
8356,1704726000000,4747293.0
8357,1704729600000,4763157.5
8358,1704733200000,4824657.4
8359,1704736800000,4795794.4
8360,1704740400000,4748972.59999999
8361,1704744000000,4985542.59999999
8362,1704747600000,4940310.7
8363,1704751200000,4903331.8
8364,1704754800000,5085416.4
8365,1704758400000,5093098.3
8366,1704762000000,5155210.8
8367,1704765600000,4900900.4
8368,1704769200000,5180130.59999999
8369,1704772800000,4852829.59999999
8370,1704776400000,4888326.4
8371,1704780000000,4980724.5
8372,1704783600000,4912250.0
8373,1704787200000,4967305.59999999
8374,1704790800000,5031318.7
8375,1704794400000,5016136.59999999
8376,1704798000000,5057232.0
8377,1704801600000,5092015.9
8378,1704805200000,5176616.0
8379,1704808800000,5274783.9
8380,1704812400000,5226322.3
8381,1704816000000,5230675.8
8382,1704819600000,5127928.0
8383,1704823200000,5153706.59999999
8384,1704826800000,5184642.9
8385,1704830400000,5106894.5
8386,1704834000000,5102015.8
8387,1704837600000,5128313.2
8388,1704841200000,5065644.2
8389,1704844800000,5019292.59999999
8390,1704848400000,5121800.09999999
8391,1704852000000,5075083.09999999
8392,1704855600000,5059531.3
8393,1704859200000,5065291.3
8394,1704862800000,5028449.09999999
8395,1704866400000,5027303.59999999
8396,1704870000000,5014987.0
8397,1704873600000,4960133.5
8398,1704877200000,4931211.3
8399,1704880800000,4999238.9
8400,1704884400000,4968313.7
8401,1704888000000,5025449.7
8402,1704891600000,4988654.9
8403,1704895200000,4769175.5
8404,1704898800000,4717703.5
8405,1704902400000,4691934.5
8406,1704906000000,4671528.59999999
8407,1704909600000,4680381.0
8408,1704913200000,4638735.5
8409,1704916800000,4680338.09999999
8410,1704920400000,4697015.9
8411,1704924000000,4752146.9
8412,1704927600000,4750156.7
8413,1704931200000,4966198.5
8414,1704934800000,4939339.9
8415,1704938400000,5028944.9
8416,1704942000000,5022673.7
8417,1704945600000,5083586.9
8418,1704949200000,5262842.09999999
8419,1704952800000,5003742.9
8420,1704956400000,5007152.09999999
8421,1704960000000,5056197.3
8422,1704963600000,5047973.3
8423,1704967200000,5003144.9
8424,1704970800000,5226043.5
8425,1704974400000,5154989.9
8426,1704978000000,5072691.5
8427,1704981600000,5138186.7
8428,1704985200000,5058791.3
8429,1704988800000,5027327.3
8430,1704992400000,5043812.5
8431,1704996000000,5023094.09999999
8432,1704999600000,4994253.2
8433,1705003200000,5021692.2
8434,1705006800000,5025945.2
8435,1705010400000,4953071.2
8436,1705014000000,4959345.0
8437,1705017600000,5085929.0
8438,1705021200000,5046617.2
8439,1705024800000,5047740.59999999
8440,1705028400000,5088159.2
8441,1705032000000,5049865.4
8442,1705035600000,5019943.4
8443,1705039200000,5032811.8
8444,1705042800000,5041503.0
8445,1705046400000,4989799.8
8446,1705050000000,5047618.2
8447,1705053600000,5033723.4
8448,1705057200000,5026257.59999999
8449,1705060800000,5048440.59999999
8450,1705064400000,5055096.8
8451,1705068000000,5056547.8
8452,1705071600000,5077468.2
8453,1705075200000,4984712.59999999
8454,1705078800000,4848973.8
8455,1705082400000,4772409.8
8456,1705086000000,4764535.2
8457,1705089600000,4805117.0
8458,1705093200000,4832867.0
8459,1705096800000,4770777.8
8460,1705100400000,4662534.0
8461,1705104000000,4663080.4
8462,1705107600000,4646136.59999999
8463,1705111200000,4636614.59999999
8464,1705114800000,4636466.0
8465,1705118400000,4624743.8
8466,1705122000000,4636153.2
8467,1705125600000,4628172.8
8468,1705129200000,4644390.8
8469,1705132800000,4656699.0
8470,1705136400000,4668026.4
8471,1705140000000,4660295.4
8472,1705143600000,4664940.8
8473,1705147200000,4705159.2
8474,1705150800000,4744306.59999999
8475,1705154400000,4825097.2
8476,1705158000000,4898272.2
8477,1705161600000,4834819.0
8478,1705165200000,4842579.59999999
8479,1705168800000,4867769.4
8480,1705172400000,4850462.0
8481,1705176000000,4870573.4
8482,1705179600000,4926633.0
8483,1705183200000,4947234.8
8484,1705186800000,4947889.0
8485,1705190400000,4917809.0
8486,1705194000000,4899399.0
8487,1705197600000,4876618.0
8488,1705201200000,4865880.8
8489,1705204800000,4862494.0
8490,1705208400000,4864496.8
8491,1705212000000,4863675.2
8492,1705215600000,4892240.8
8493,1705219200000,4894192.2
8494,1705222800000,4841372.0
8495,1705226400000,5115386.4
8496,1705230000000,5478084.3
8497,1705233600000,5093853.7
8498,1705237200000,5077809.5
8499,1705240800000,5086355.9
8500,1705244400000,5108809.3
8501,1705248000000,5219140.9
8502,1705251600000,5181568.09999999
8503,1705255200000,5119392.7
8504,1705258800000,5084958.3
8505,1705262400000,5084026.5
8506,1705266000000,5090749.9
8507,1705269600000,5081482.09999999
8508,1705273200000,5052955.7
8509,1705276800000,4924155.9
8510,1705280400000,4901049.7
8511,1705284000000,4941303.5
8512,1705287600000,4963344.5
8513,1705291200000,4971266.09999999
8514,1705294800000,4974564.09999999
8515,1705298400000,4988160.3
8516,1705302000000,4990653.5
8517,1705305600000,5002323.5
8518,1705309200000,5002243.9
8519,1705312800000,5003837.09999999
8520,1705316400000,5013903.5
8521,1705320000000,5006486.7
8522,1705323600000,4982741.7
8523,1705327200000,4993957.7
8524,1705330800000,4930295.9
8525,1705334400000,4936161.9
8526,1705338000000,5164654.5
8527,1705341600000,5270499.09999999
8528,1705345200000,5275185.3
8529,1705348800000,5272993.3
8530,1705352400000,5166368.9
8531,1705356000000,5084125.09999999
8532,1705359600000,5075950.5
8533,1705363200000,5056559.5
8534,1705366800000,5092277.5
8535,1705370400000,5163139.5
8536,1705374000000,5164780.9
8537,1705377600000,5167131.5
8538,1705381200000,5181595.5
8539,1705384800000,5166276.5
8540,1705388400000,5151246.09999999
8541,1705392000000,5162671.09999999
8542,1705395600000,5167226.3
8543,1705399200000,5225859.7
8544,1705402800000,5259435.5
8545,1705406400000,5293400.3
8546,1705410000000,5370622.5
8547,1705413600000,5365706.7
8548,1705417200000,5116585.9
8549,1705420800000,5183408.09999999
8550,1705424400000,5105507.5
8551,1705428000000,5123703.9
8552,1705431600000,5117909.5
8553,1705435200000,5157409.3
8554,1705438800000,5155572.9
8555,1705442400000,5124735.09999999
8556,1705446000000,5102487.09999999
8557,1705449600000,5114458.7
8558,1705453200000,5079939.9
8559,1705456800000,5074056.3
8560,1705460400000,5085871.09999999
8561,1705464000000,5072124.5
8562,1705467600000,5072839.09999999
8563,1705471200000,5060140.09999999
8564,1705474800000,5131443.7
8565,1705478400000,5131207.09999999
8566,1705482000000,5127409.7
8567,1705485600000,5143982.7
8568,1705489200000,5179842.3
8569,1705492800000,5187511.9
8570,1705496400000,5162884.9
8571,1705500000000,5169813.3
8572,1705503600000,5141327.9
8573,1705507200000,5219036.5
8574,1705510800000,5202956.7
8575,1705514400000,5198417.7
8576,1705518000000,5181892.7
8577,1705521600000,5192330.5
8578,1705525200000,5183640.0
8579,1705528800000,5183712.4
8580,1705532400000,5184434.59999999
8581,1705536000000,5160286.4
8582,1705539600000,5241454.5
8583,1705543200000,5308342.4
8584,1705546800000,5306805.8
8585,1705550400000,5299759.59999999
8586,1705554000000,5254982.59999999
8587,1705557600000,5251399.2
8588,1705561200000,5233375.4
8589,1705564800000,5234855.4
8590,1705568400000,5228444.2
8591,1705572000000,5298984.8
8592,1705575600000,5121924.0
8593,1705579200000,5196380.0
8594,1705582800000,5052036.0
8595,1705586400000,5184365.2
8596,1705590000000,5317451.7
8597,1705593600000,5217812.7
8598,1705597200000,4975439.7
8599,1705600800000,4961393.9
8600,1705604400000,4963119.09999999
8601,1705608000000,4936381.3
8602,1705611600000,4945124.7
8603,1705615200000,4933382.9
8604,1705618800000,4936197.09999999
8605,1705622400000,4926146.3
8606,1705626000000,4973107.5
8607,1705629600000,5255861.5
8608,1705633200000,5199397.3
8609,1705636800000,5176473.5
8610,1705640400000,5187967.3
8611,1705644000000,5197216.9
8612,1705647600000,5218949.7
8613,1705651200000,5210281.3
8614,1705654800000,5249110.09999999
8615,1705658400000,5252269.3
8616,1705662000000,5255246.3
8617,1705665600000,5260667.09999999
8618,1705669200000,5259580.7
8619,1705672800000,5242928.09999999
8620,1705676400000,5071035.9
8621,1705680000000,4952316.9
8622,1705683600000,4804624.09999999
8623,1705687200000,4764581.5
8624,1705690800000,4765798.5
8625,1705694400000,4874049.5
8626,1705698000000,4866302.5
8627,1705701600000,4851468.5
8628,1705705200000,4845590.09999999
8629,1705708800000,4859933.3
8630,1705712400000,4823674.5
8631,1705716000000,4844464.5
8632,1705719600000,4859453.7
8633,1705723200000,4861540.3
8634,1705726800000,4870886.9
8635,1705730400000,4888854.9
8636,1705734000000,4924269.3
8637,1705737600000,4918116.7
8638,1705741200000,4922866.7
8639,1705744800000,4919958.9
8640,1705748400000,4925052.5
8641,1705752000000,4936662.5
8642,1705755600000,4938694.09999999
8643,1705759200000,4960217.7
8644,1705762800000,4926902.09999999
8645,1705766400000,4955959.9
8646,1705770000000,4957228.3
8647,1705773600000,4966780.3
8648,1705777200000,4964201.5
8649,1705780800000,5043469.7
8650,1705784400000,5054795.5
8651,1705788000000,4988454.09999999
8652,1705791600000,4991533.5
8653,1705795200000,5046936.9
8654,1705798800000,5028028.09999999
8655,1705802400000,5078045.7
8656,1705806000000,5071170.7
8657,1705809600000,5077260.3
8658,1705813200000,5062617.9
8659,1705816800000,5075641.5
8660,1705820400000,5088481.09999999
8661,1705824000000,5066494.5
8662,1705827600000,5062203.9
8663,1705831200000,5038393.9
8664,1705834800000,5053285.09999999
8665,1705838400000,5070935.3
8666,1705842000000,5134432.5
8667,1705845600000,5155175.7
8668,1705849200000,5149129.3
8669,1705852800000,5122400.7
8670,1705856400000,5087648.5
8671,1705860000000,5104111.3
8672,1705863600000,5084477.7
8673,1705867200000,5092213.3
8674,1705870800000,5094846.9
8675,1705874400000,5048500.3
8676,1705878000000,5025275.9
8677,1705881600000,4997809.9
8678,1705885200000,4944088.09999999
8679,1705888800000,4990475.3
8680,1705892400000,4921904.9
8681,1705896000000,4931804.9
8682,1705899600000,4919222.3
8683,1705903200000,4943103.7
8684,1705906800000,4941368.09999999
8685,1705910400000,4946420.3
8686,1705914000000,4928892.5
8687,1705917600000,4917062.9
8688,1705921200000,4885520.9
8689,1705924800000,4874235.9
8690,1705928400000,4845102.09999999
8691,1705932000000,5060060.9
8692,1705935600000,5024073.3
8693,1705939200000,5016830.09999999
8694,1705942800000,5006728.7
8695,1705946400000,4977691.09999999
8696,1705950000000,4972247.5
8697,1705953600000,4819914.8
8698,1705957200000,4781829.0
8699,1705960800000,4765997.8
8700,1705964400000,4772515.2
8701,1705968000000,4756183.59999999
8702,1705971600000,4713962.0
8703,1705975200000,4710280.0
8704,1705978800000,4740336.59999999
8705,1705982400000,4717267.4
8706,1705986000000,4739148.2
8707,1705989600000,4757007.2
8708,1705993200000,4765070.4
8709,1705996800000,4694399.4
8710,1706000400000,4741205.8
8711,1706004000000,4543864.3
8712,1706007600000,4526966.09999999
8713,1706011200000,4575027.9
8714,1706014800000,4511850.5
8715,1706018400000,4488586.3
8716,1706022000000,4537926.09999999
8717,1706025600000,4489669.9
8718,1706029200000,4523694.09999999
8719,1706032800000,4503874.9
8720,1706036400000,4500178.7
8721,1706040000000,4500858.9
8722,1706043600000,4510764.3
8723,1706047200000,4497769.9
8724,1706050800000,4504080.5
8725,1706054400000,4507524.5
8726,1706058000000,4491203.9
8727,1706061600000,4512784.09999999
8728,1706065200000,4496484.9
8729,1706068800000,4481796.09999999
8730,1706072400000,4483722.7
8731,1706076000000,4492104.9
8732,1706079600000,4484273.7
8733,1706083200000,4481265.09999999
8734,1706086800000,4499237.9
8735,1706090400000,4489235.09999999
8736,1706094000000,4509773.3
8737,1706097600000,4520123.09999999
8738,1706101200000,4538819.09999999
8739,1706104800000,4497869.5
8740,1706108400000,4469249.9
8741,1706112000000,4492013.09999999
8742,1706115600000,4495077.5
8743,1706119200000,4497796.3
8744,1706122800000,4501326.3
8745,1706126400000,4502041.09999999
8746,1706130000000,4487633.3
8747,1706133600000,4492363.09999999
8748,1706137200000,4511216.5
8749,1706140800000,4504554.5
8750,1706144400000,4526279.7
8751,1706148000000,4515618.09999999
8752,1706151600000,4515941.9
8753,1706155200000,4514306.3
8754,1706158800000,4516904.3
8755,1706162400000,4516724.3
8756,1706166000000,4507278.7
8757,1706169600000,4517884.9
8758,1706173200000,4515749.7
8759,1706176800000,4523499.9
8760,1706180400000,4507697.09999999
8761,1706184000000,4495427.3
8762,1706187600000,4483734.3
8763,1706191200000,4456125.09999999
8764,1706194800000,4441284.7
8765,1706198400000,4434027.3
8766,1706202000000,4397144.9
8767,1706205600000,4386396.7
8768,1706209200000,4340671.9
8769,1706212800000,4344329.09999999
8770,1706216400000,4344047.09999999
8771,1706220000000,4353744.9
8772,1706223600000,4365914.9
8773,1706227200000,4358489.5
8774,1706230800000,4352934.3
8775,1706234400000,4347697.7
8776,1706238000000,4339051.7
8777,1706241600000,4333824.5
8778,1706245200000,4330929.09999999
8779,1706248800000,4339419.09999999
8780,1706252400000,4344932.09999999
8781,1706256000000,4353803.09999999
8782,1706259600000,4365201.3
8783,1706263200000,4367960.3
8784,1706266800000,4370983.3
8785,1706270400000,4377772.5
8786,1706274000000,4370852.09999999
8787,1706277600000,4335560.3
8788,1706281200000,4374808.5
8789,1706284800000,4385389.5
8790,1706288400000,4371103.5
8791,1706292000000,4369015.09999999
8792,1706295600000,4370165.09999999
8793,1706299200000,4371484.7
8794,1706302800000,4340654.3
8795,1706306400000,4329253.3
8796,1706310000000,4331179.09999999
8797,1706313600000,4328172.7
8798,1706317200000,4332716.9
8799,1706320800000,4387740.9
8800,1706324400000,4379764.5
8801,1706328000000,4378645.7
8802,1706331600000,4377419.7
8803,1706335200000,4378164.7
8804,1706338800000,4379111.09999999
8805,1706342400000,4375322.9
8806,1706346000000,4340910.3
8807,1706349600000,4346319.3
8808,1706353200000,4398030.5
8809,1706356800000,4420620.9
8810,1706360400000,4419868.09999999
8811,1706364000000,4430314.9
8812,1706367600000,4421390.5
8813,1706371200000,4429888.09999999
8814,1706374800000,4428805.3
8815,1706378400000,4411290.7
8816,1706382000000,4414471.3
8817,1706385600000,4405979.5
8818,1706389200000,4390039.09999999
8819,1706392800000,4387409.5
8820,1706396400000,4405444.09999999
8821,1706400000000,4397151.7
8822,1706403600000,4383471.5
8823,1706407200000,4418219.09999999
8824,1706410800000,4410635.9
8825,1706414400000,4402618.5
8826,1706418000000,4414842.3
8827,1706421600000,4449076.09999999
8828,1706425200000,4445884.09999999
8829,1706428800000,4458661.7
8830,1706432400000,4460916.7
8831,1706436000000,4462841.3
8832,1706439600000,4482069.7
8833,1706443200000,4466059.5
8834,1706446800000,4487437.7
8835,1706450400000,4587044.09999999
8836,1706454000000,4627442.9
8837,1706457600000,4668661.7
8838,1706461200000,4661081.7
8839,1706464800000,4583617.7
8840,1706468400000,4542028.9
8841,1706472000000,4529822.3
8842,1706475600000,4539738.09999999
8843,1706479200000,4548119.09999999
8844,1706482800000,4479465.9
8845,1706486400000,4480573.7
8846,1706490000000,4487191.3
8847,1706493600000,4485903.09999999
8848,1706497200000,4509116.7
8849,1706500800000,4538015.5
8850,1706504400000,4560554.9
8851,1706508000000,4548114.09999999
8852,1706511600000,4549233.3
8853,1706515200000,4532795.5
8854,1706518800000,4541839.5
8855,1706522400000,4578332.3
8856,1706526000000,4594412.9
8857,1706529600000,4590022.9
8858,1706533200000,4575313.09999999
8859,1706536800000,4590984.3
8860,1706540400000,4570577.7
8861,1706544000000,4590747.9
8862,1706547600000,4578573.3
8863,1706551200000,4518419.3
8864,1706554800000,4989780.7
8865,1706558400000,5006579.5
8866,1706562000000,5024218.9
8867,1706565600000,5009693.5
8868,1706569200000,5007923.09999999
8869,1706572800000,5012948.3
8870,1706576400000,5063779.7
8871,1706580000000,5063986.7
8872,1706583600000,5107296.09999999
8873,1706587200000,5050234.09999999
8874,1706590800000,5037299.5
8875,1706594400000,5036904.9
8876,1706598000000,5040283.3
8877,1706601600000,5047425.9
8878,1706605200000,5064767.5
8879,1706608800000,5092272.3
8880,1706612400000,5140687.09999999
8881,1706616000000,5156654.9
8882,1706619600000,5112286.5
8883,1706623200000,5139172.5
8884,1706626800000,5144049.7
8885,1706630400000,5172125.09999999
8886,1706634000000,5207575.9
8887,1706637600000,5235176.7
8888,1706641200000,5250037.9
8889,1706644800000,5244352.7
8890,1706648400000,5244593.5
8891,1706652000000,5222485.09999999
8892,1706655600000,5222782.3
8893,1706659200000,5171191.09999999
8894,1706662800000,5093362.09999999
8895,1706666400000,4790596.3
8896,1706670000000,4769632.9
8897,1706673600000,4765075.5
8898,1706677200000,4761870.8
8899,1706680800000,4756447.59999999
8900,1706684400000,4754201.0
8901,1706688000000,4752725.09999999
8902,1706691600000,4758150.8
8903,1706695200000,4726190.59999999
8904,1706698800000,4728805.59999999
8905,1706702400000,4737501.09999999
8906,1706706000000,4769522.4
8907,1706709600000,4768192.2
8908,1706713200000,4801555.8
8909,1706716800000,4776604.8
8910,1706720400000,4782078.8
8911,1706724000000,4790854.8
8912,1706727600000,4779576.8
8913,1706731200000,4816007.7
8914,1706734800000,4810400.3
8915,1706738400000,4785655.09999999
8916,1706742000000,4794586.3
8917,1706745600000,4794463.7
8918,1706749200000,4821438.5
8919,1706752800000,4837324.09999999
8920,1706756400000,4845223.09999999
8921,1706760000000,4849089.9
8922,1706763600000,4847112.9
8923,1706767200000,4855788.7
8924,1706770800000,4853417.3
8925,1706774400000,4873624.7
8926,1706778000000,4848367.9
8927,1706781600000,4861387.9
8928,1706785200000,4852674.7
8929,1706788800000,4837843.9
8930,1706792400000,4851073.5
8931,1706796000000,4823761.9
8932,1706799600000,4817368.9
8933,1706803200000,4859343.3
8934,1706806800000,4806276.3
8935,1706810400000,4810154.7
8936,1706814000000,4824244.5
8937,1706817600000,4842362.9
8938,1706821200000,4831695.0
8939,1706824800000,4839933.59999999
8940,1706828400000,4840582.8
8941,1706832000000,4878701.5
8942,1706835600000,4884096.9
8943,1706839200000,4874024.9
8944,1706842800000,4901596.2
8945,1706846400000,4899170.8
8946,1706850000000,4903865.9
8947,1706853600000,4891072.3
8948,1706857200000,4892002.3
8949,1706860800000,4910470.09999999
8950,1706864400000,4894081.9
8951,1706868000000,4900162.4
8952,1706871600000,4905059.4
8953,1706875200000,4878961.4
8954,1706878800000,4901251.59999999
8955,1706882400000,4824390.5
8956,1706886000000,4834760.3
8957,1706889600000,4894544.5
8958,1706893200000,4828754.9
8959,1706896800000,4805902.5
8960,1706900400000,4761756.9
8961,1706904000000,4756768.5
8962,1706907600000,4756067.9
8963,1706911200000,4784422.7
8964,1706914800000,4768578.09999999
8965,1706918400000,4770195.5
8966,1706922000000,4921701.8
8967,1706925600000,4925996.2
8968,1706929200000,4990178.2
8969,1706932800000,4925413.3
8970,1706936400000,4895208.7
8971,1706940000000,4893205.9
8972,1706943600000,4913027.3
8973,1706947200000,4886256.9
8974,1706950800000,4909980.5
8975,1706954400000,4959142.9
8976,1706958000000,4960593.09999999
8977,1706961600000,4943573.7
8978,1706965200000,4956818.3
8979,1706968800000,4973261.09999999
8980,1706972400000,4969274.9
8981,1706976000000,5002198.09999999
8982,1706979600000,4953705.9
8983,1706983200000,4950359.7
8984,1706986800000,4952378.5
8985,1706990400000,4948882.9
8986,1706994000000,4935324.3
8987,1706997600000,4962518.8
8988,1707001200000,4950904.2
8989,1707004800000,4940279.0
8990,1707008400000,4917592.0
8991,1707012000000,4972986.2
8992,1707015600000,4987269.8
8993,1707019200000,4979212.59999999
8994,1707022800000,4979133.8
8995,1707026400000,4968633.0
8996,1707030000000,5011388.0
8997,1707033600000,4971301.8
8998,1707037200000,4981823.2
8999,1707040800000,4994511.8
9000,1707044400000,5016035.8
9001,1707048000000,5010444.4
9002,1707051600000,5007692.0
9003,1707055200000,5017009.8
9004,1707058800000,4992847.4
9005,1707062400000,5019394.4
9006,1707066000000,5026280.0
9007,1707069600000,5005651.0
9008,1707073200000,5010163.59999999
9009,1707076800000,5014581.4
9010,1707080400000,5003114.2
9011,1707084000000,5000342.0
9012,1707087600000,4968639.2
9013,1707091200000,5008779.59999999
9014,1707094800000,4991031.4
9015,1707098400000,4947166.4
9016,1707102000000,5087797.2
9017,1707105600000,5094694.0
9018,1707109200000,5097946.0
9019,1707112800000,5108800.59999999
9020,1707116400000,5122027.4
9021,1707120000000,5138196.4
9022,1707123600000,5141544.8
9023,1707127200000,5231712.0
9024,1707130800000,5284692.8
9025,1707134400000,5314780.4
9026,1707138000000,5323830.4
9027,1707141600000,5280048.8
9028,1707145200000,5318020.2
9029,1707148800000,5253473.3
9030,1707152400000,5150724.7
9031,1707156000000,5152288.59999999
9032,1707159600000,5157331.4
9033,1707163200000,5141539.8
9034,1707166800000,5136423.8
9035,1707170400000,5100649.2
9036,1707174000000,5125617.0
9037,1707177600000,5123601.8
9038,1707181200000,5121805.8
9039,1707184800000,5102656.59999999
9040,1707188400000,5116806.2
9041,1707192000000,5124658.4
9042,1707195600000,5118048.4
9043,1707199200000,5108636.4
9044,1707202800000,5122344.4
9045,1707206400000,5127824.2
9046,1707210000000,5131008.2
9047,1707213600000,5143421.7
9048,1707217200000,5152475.09999999
9049,1707220800000,5141795.9
9050,1707224400000,5146759.9
9051,1707228000000,5131818.09999999
9052,1707231600000,5137623.7
9053,1707235200000,5132659.5
9054,1707238800000,5151334.7
9055,1707242400000,5188922.7
9056,1707246000000,5212402.3
9057,1707249600000,5227133.5
9058,1707253200000,5234824.8
9059,1707256800000,5214335.9
9060,1707260400000,5209419.3
9061,1707264000000,5193393.5
9062,1707267600000,5157066.8
9063,1707271200000,5154169.0
9064,1707274800000,5153177.2
9065,1707278400000,5130016.4
9066,1707282000000,5130177.4
9067,1707285600000,5126275.59999999
9068,1707289200000,5157637.59999999
9069,1707292800000,5160492.59999999
9070,1707296400000,5164390.59999999
9071,1707300000000,5158153.2
9072,1707303600000,5180541.8
9073,1707307200000,5175377.0
9074,1707310800000,5191236.2
9075,1707314400000,5203904.59999999
9076,1707318000000,5192073.2
9077,1707321600000,5169985.4
9078,1707325200000,5143978.0
9079,1707328800000,5125717.7
9080,1707332400000,5145733.59999999
9081,1707336000000,5149096.59999999
9082,1707339600000,5162072.8
9083,1707343200000,5177099.4
9084,1707346800000,5169857.59999999
9085,1707350400000,5200431.0
9086,1707354000000,5173345.59999999
9087,1707357600000,5156490.59999999
9088,1707361200000,5160180.59999999
9089,1707364800000,5153039.2
9090,1707368400000,5198214.59999999
9091,1707372000000,5191365.59999999
9092,1707375600000,5190742.59999999
9093,1707379200000,5178697.8
9094,1707382800000,5178557.0
9095,1707386400000,5191512.8
9096,1707390000000,5182500.8
9097,1707393600000,5178044.2
9098,1707397200000,5207081.9
9099,1707400800000,5209014.3
9100,1707404400000,5244156.59999999
9101,1707408000000,5235947.0
9102,1707411600000,5162933.2
9103,1707415200000,5177117.2
9104,1707418800000,5149678.59999999
9105,1707422400000,5128911.59999999
9106,1707426000000,5132696.0
9107,1707429600000,5121018.2
9108,1707433200000,5125704.2
9109,1707436800000,5111756.0
9110,1707440400000,5122437.8
9111,1707444000000,5108349.8
9112,1707447600000,5067361.4
9113,1707451200000,5115736.0
9114,1707454800000,5121369.4
9115,1707458400000,5111217.0
9116,1707462000000,5123886.59999999
9117,1707465600000,5128275.59999999
9118,1707469200000,5188040.2
9119,1707472800000,5170401.8
9120,1707476400000,5178087.4
9121,1707480000000,5133234.2
9122,1707483600000,5093797.0
9123,1707487200000,5088954.2
9124,1707490800000,5011205.59999999
9125,1707494400000,5012096.0
9126,1707498000000,4991528.8
9127,1707501600000,5003743.4
9128,1707505200000,4995747.8
9129,1707508800000,4970644.0
9130,1707512400000,4996932.8
9131,1707516000000,4919581.2
9132,1707519600000,5100447.59999999
9133,1707523200000,5084922.8
9134,1707526800000,5173289.8
9135,1707530400000,5179877.59999999
9136,1707534000000,5143243.59999999
9137,1707537600000,5124126.0
9138,1707541200000,5077561.0
9139,1707544800000,5104178.4
9140,1707548400000,5075581.59999999
9141,1707552000000,5082998.4
9142,1707555600000,5021336.8
9143,1707559200000,4991398.59999999
9144,1707562800000,5016231.4
9145,1707566400000,4905457.4
9146,1707570000000,4915108.2
9147,1707573600000,4899691.4
9148,1707577200000,4889770.59999999
9149,1707580800000,4893039.8
9150,1707584400000,4856864.59999999
9151,1707588000000,4879269.8
9152,1707591600000,4895171.2
9153,1707595200000,4921333.0
9154,1707598800000,4921650.0
9155,1707602400000,4923580.0
9156,1707606000000,4903848.2
9157,1707609600000,4896952.59999999
9158,1707613200000,4916313.2
9159,1707616800000,4894268.4
9160,1707620400000,4907584.2
9161,1707624000000,4906176.4
9162,1707627600000,4974030.4
9163,1707631200000,4944273.2
9164,1707634800000,4943793.59999999
9165,1707638400000,4946642.0
9166,1707642000000,4957226.4
9167,1707645600000,4993376.8
9168,1707649200000,5062153.9
9169,1707652800000,5059643.9
9170,1707656400000,5049391.09999999
9171,1707660000000,5089487.3
9172,1707663600000,5116453.59999999
9173,1707667200000,5095462.59999999
9174,1707670800000,5091134.59999999
9175,1707674400000,5092148.4
9176,1707678000000,5113347.4
9177,1707681600000,5127316.59999999
9178,1707685200000,5095188.59999999
9179,1707688800000,5106637.2
9180,1707692400000,5082956.8
9181,1707696000000,5074239.2
9182,1707699600000,5122556.8
9183,1707703200000,5104441.8
9184,1707706800000,4971604.4
9185,1707710400000,5019894.2
9186,1707714000000,5017997.59999999
9187,1707717600000,5020941.4
9188,1707721200000,4998024.0
9189,1707724800000,5062519.59999999
9190,1707728400000,5061038.0
9191,1707732000000,5055624.2
9192,1707735600000,5038586.59999999
9193,1707739200000,5012237.8
9194,1707742800000,5016475.0
9195,1707746400000,5014702.59999999
9196,1707750000000,5034982.0
9197,1707753600000,4925365.8
9198,1707757200000,4985677.4
9199,1707760800000,4947629.0
9200,1707764400000,4924872.5
9201,1707768000000,4955144.5
9202,1707771600000,4972417.3
9203,1707775200000,4967393.7
9204,1707778800000,4993877.3
9205,1707782400000,4977708.3
9206,1707786000000,4957672.5
9207,1707789600000,4958677.3
9208,1707793200000,4965151.9
9209,1707796800000,4967450.09999999
9210,1707800400000,4945100.3
9211,1707804000000,5013358.9
9212,1707807600000,5022284.5
9213,1707811200000,5048606.5
9214,1707814800000,5141071.9
9215,1707818400000,5177544.8
9216,1707822000000,5082718.7
9217,1707825600000,5082427.9
9218,1707829200000,5086226.3
9219,1707832800000,5013401.7
9220,1707836400000,4993137.7
9221,1707840000000,5057093.3
9222,1707843600000,5021689.5
9223,1707847200000,5041621.09999999
9224,1707850800000,5014264.5
9225,1707854400000,5018714.9
9226,1707858000000,5035342.09999999
9227,1707861600000,5019072.5
9228,1707865200000,5039095.7
9229,1707868800000,5042988.7
9230,1707872400000,5054307.3
9231,1707876000000,5059463.9
9232,1707879600000,5055289.9
9233,1707883200000,5097634.7
9234,1707886800000,5102471.8
9235,1707890400000,5146807.2
9236,1707894000000,5149864.4
9237,1707897600000,5219912.7
9238,1707901200000,5275360.9
9239,1707904800000,5266939.0
9240,1707908400000,5171020.8
9241,1707912000000,5173667.4
9242,1707915600000,5170552.0
9243,1707919200000,5201066.59999999
9244,1707922800000,5220620.9
9245,1707926400000,5136543.09999999
9246,1707930000000,5111685.3
9247,1707933600000,5127379.5
9248,1707937200000,5140598.5
9249,1707940800000,5148876.7
9250,1707944400000,5179787.09999999
9251,1707948000000,5184848.5
9252,1707951600000,5220415.3
9253,1707955200000,5224608.59999999
9254,1707958800000,5259994.5
9255,1707962400000,5233525.3
9256,1707966000000,5232349.5
9257,1707969600000,5223342.9
9258,1707973200000,5205825.3
9259,1707976800000,5110794.2
9260,1707980400000,5112641.2
9261,1707984000000,5129076.0
9262,1707987600000,5143480.2
9263,1707991200000,5257459.2
9264,1707994800000,5301343.8
9265,1707998400000,5304082.5
9266,1708002000000,5327302.3
9267,1708005600000,5252606.7
9268,1708009200000,5263584.7
9269,1708012800000,5172131.09999999
9270,1708016400000,5288372.4
9271,1708020000000,5151506.3
9272,1708023600000,5096496.5
9273,1708027200000,5115220.2
9274,1708030800000,5086483.8
9275,1708034400000,5082620.59999999
9276,1708038000000,5131086.2
9277,1708041600000,5213894.8
9278,1708045200000,5191061.4
9279,1708048800000,5159292.3
9280,1708052400000,5147757.7
9281,1708056000000,5114237.7
9282,1708059600000,5049482.5
9283,1708063200000,5039533.9
9284,1708066800000,5037126.5
9285,1708070400000,4967085.4
9286,1708074000000,4991916.5
9287,1708077600000,4956321.3
9288,1708081200000,5006224.7
9289,1708084800000,5001682.59999999
9290,1708088400000,5022327.7
9291,1708092000000,4885589.4
9292,1708095600000,4842541.5
9293,1708099200000,4814350.0
9294,1708102800000,4786634.59999999
9295,1708106400000,4762893.8
9296,1708110000000,4776552.59999999
9297,1708113600000,4811042.59999999
9298,1708117200000,4817560.4
9299,1708120800000,4816221.2
9300,1708124400000,4826015.8
9301,1708128000000,4822155.59999999
9302,1708131600000,4831309.59999999
9303,1708135200000,4779851.4
9304,1708138800000,4776650.2
9305,1708142400000,4789523.59999999
9306,1708146000000,4833118.0
9307,1708149600000,4834892.09999999
9308,1708153200000,4866225.7
9309,1708156800000,5111815.9
9310,1708160400000,5601567.5
9311,1708164000000,5847613.8
9312,1708167600000,5882824.7
9313,1708171200000,5976846.1
9314,1708174800000,6102003.7
9315,1708178400000,6288093.7
9316,1708182000000,6163443.5
9317,1708185600000,6214267.1
9318,1708189200000,6211951.8
9319,1708192800000,6221512.6
9320,1708196400000,6389339.2
9321,1708200000000,6623789.6
9322,1708203600000,6605278.2
9323,1708207200000,6605424.2
9324,1708210800000,6536104.8
9325,1708214400000,6606149.7
9326,1708218000000,6660723.1
9327,1708221600000,6694984.8
9328,1708225200000,6622715.8
9329,1708228800000,6594269.4
9330,1708232400000,6670631.0
9331,1708236000000,6731611.0
9332,1708239600000,5965921.2
9333,1708243200000,5943885.0
9334,1708246800000,5945749.4
9335,1708250400000,5960622.6
9336,1708254000000,5976590.6
9337,1708257600000,5985067.0
9338,1708261200000,5966994.0
9339,1708264800000,6006963.2
9340,1708268400000,6054890.2
9341,1708272000000,5843809.0
9342,1708275600000,5847568.4
9343,1708279200000,5989122.3
9344,1708282800000,5961631.7
9345,1708286400000,6024613.3
9346,1708290000000,6068438.9
9347,1708293600000,6053017.5
9348,1708297200000,6249508.3
9349,1708300800000,6138305.9
9350,1708304400000,6153955.6
9351,1708308000000,6114778.3
9352,1708311600000,6150276.8
9353,1708315200000,6218658.6
9354,1708318800000,6257644.6
9355,1708322400000,6319035.8
9356,1708326000000,6324503.6
9357,1708329600000,6395736.2
9358,1708333200000,6297186.7
9359,1708336800000,6368433.9
9360,1708340400000,6304946.5
9361,1708344000000,6438016.1
9362,1708347600000,6530647.2
9363,1708351200000,6633048.9
9364,1708354800000,6619085.3
9365,1708358400000,6765371.9
9366,1708362000000,6663394.6
9367,1708365600000,6700254.3
9368,1708369200000,6661681.6
9369,1708372800000,6764670.8
9370,1708376400000,7202182.9
9371,1708380000000,7714157.1
9372,1708383600000,7466557.3
9373,1708387200000,7204447.1
9374,1708390800000,7365851.5
9375,1708394400000,7145720.1
9376,1708398000000,7313018.0
9377,1708401600000,7193788.7
9378,1708405200000,7108250.7
9379,1708408800000,7260106.8
9380,1708412400000,7583216.3
9381,1708416000000,7974444.3
9382,1708419600000,8359591.3
9383,1708423200000,8024611.1
9384,1708426800000,8384162.1
9385,1708430400000,9001207.8
9386,1708434000000,9196922.9
9387,1708437600000,8869893.8
9388,1708441200000,8673937.9
9389,1708444800000,8209999.0
9390,1708448400000,8341699.2
9391,1708452000000,7844711.0
9392,1708455600000,8079729.3
9393,1708459200000,7983803.2
9394,1708462800000,8477923.4
9395,1708466400000,8440561.0
9396,1708470000000,8464790.19999999
9397,1708473600000,8679194.1
9398,1708477200000,8334149.5
9399,1708480800000,8300660.9
9400,1708484400000,8231690.6
9401,1708488000000,8181724.7
9402,1708491600000,8219553.5
9403,1708495200000,8076807.6
9404,1708498800000,7867056.0
9405,1708502400000,7745363.1
9406,1708506000000,8133325.8
9407,1708509600000,7778057.0
9408,1708513200000,7687882.1
9409,1708516800000,7768737.3
9410,1708520400000,7625142.9
9411,1708524000000,7379869.7
9412,1708527600000,7100330.9
9413,1708531200000,7079703.7
9414,1708534800000,6961973.9
9415,1708538400000,6922442.0
9416,1708542000000,6805601.2
9417,1708545600000,6970309.6
9418,1708549200000,6921833.6
9419,1708552800000,7356541.7
9420,1708556400000,7277062.7
9421,1708560000000,7299216.1
9422,1708563600000,7553303.9
9423,1708567200000,7292469.0
9424,1708570800000,7302813.0
9425,1708574400000,7632836.1
9426,1708578000000,7513666.2
9427,1708581600000,7477009.2
9428,1708585200000,7494810.9
9429,1708588800000,7625836.9
9430,1708592400000,7620373.4
9431,1708596000000,7629030.4
9432,1708599600000,7560759.2
9433,1708603200000,7548747.6
9434,1708606800000,7526067.2
9435,1708610400000,7460821.5
9436,1708614000000,7611591.5
9437,1708617600000,7502433.1
9438,1708621200000,7543934.5
9439,1708624800000,7965367.6
9440,1708628400000,8077684.4
9441,1708632000000,8005839.3
9442,1708635600000,7944757.1
9443,1708639200000,7658296.1
9444,1708642800000,7747744.2
9445,1708646400000,7738370.0
9446,1708650000000,7832675.4
9447,1708653600000,7830216.4
9448,1708657200000,7609471.0
9449,1708660800000,7847493.4
9450,1708664400000,7983253.1
9451,1708668000000,8061075.5
9452,1708671600000,8137167.7
9453,1708675200000,7963764.4
9454,1708678800000,7882256.8
9455,1708682400000,7992267.5
9456,1708686000000,8033940.9
9457,1708689600000,7883332.8
9458,1708693200000,7828861.0
9459,1708696800000,7997846.6
9460,1708700400000,7689465.7
9461,1708704000000,7543403.9
9462,1708707600000,7447607.0
9463,1708711200000,7317032.7
9464,1708714800000,7343612.5
9465,1708718400000,7307105.6
9466,1708722000000,7510879.3
9467,1708725600000,7525106.1
9468,1708729200000,7283464.8
9469,1708732800000,7344974.5
9470,1708736400000,7337903.9
9471,1708740000000,6981816.5
9472,1708743600000,7018109.7
9473,1708747200000,7087174.4
9474,1708750800000,7120856.0
9475,1708754400000,7120901.6
9476,1708758000000,7088121.6
9477,1708761600000,7079978.2
9478,1708765200000,7146796.2
9479,1708768800000,7154343.9
9480,1708772400000,7159637.7
9481,1708776000000,7152825.6
9482,1708779600000,7212689.2
9483,1708783200000,7199289.3
9484,1708786800000,7265227.1
9485,1708790400000,7260212.1
9486,1708794000000,7325707.4
9487,1708797600000,7331389.5
9488,1708801200000,7275070.3
9489,1708804800000,7462055.2
9490,1708808400000,7449559.5
9491,1708812000000,7520806.0
9492,1708815600000,7571916.6
9493,1708819200000,7650042.4
9494,1708822800000,7502935.0
9495,1708826400000,7587137.0
9496,1708830000000,7676944.2
9497,1708833600000,7524154.8
9498,1708837200000,7528021.0
9499,1708840800000,7598483.0
9500,1708844400000,7656202.6
9501,1708848000000,7676701.0
9502,1708851600000,7586749.2
9503,1708855200000,7561361.3
9504,1708858800000,7804378.7
9505,1708862400000,7793653.1
9506,1708866000000,7771235.7
9507,1708869600000,7696044.3
9508,1708873200000,7685566.1
9509,1708876800000,7363469.9
9510,1708880400000,7290908.2
9511,1708884000000,7412774.0
9512,1708887600000,7422663.4
9513,1708891200000,7401937.7
9514,1708894800000,7450849.1
9515,1708898400000,7471667.3
9516,1708902000000,7472535.7
9517,1708905600000,7523644.1
9518,1708909200000,7479866.3
9519,1708912800000,7446503.5
9520,1708916400000,7455292.7
9521,1708920000000,7502114.3
9522,1708923600000,7511161.3
9523,1708927200000,7539235.5
9524,1708930800000,7602533.7
9525,1708934400000,7636853.6
9526,1708938000000,7700828.4
9527,1708941600000,7506891.9
9528,1708945200000,7567821.9
9529,1708948800000,7508230.5
9530,1708952400000,7631831.9
9531,1708956000000,7752921.9
9532,1708959600000,7873597.9
9533,1708963200000,7881912.0
9534,1708966800000,7789446.0
9535,1708970400000,7844393.0
9536,1708974000000,7964357.8
9537,1708977600000,7875925.6
9538,1708981200000,7866800.7
9539,1708984800000,7939431.4
9540,1708988400000,7905918.2
9541,1708992000000,7935846.3
9542,1708995600000,7815038.4
9543,1708999200000,7810167.6
9544,1709002800000,7843956.7
9545,1709006400000,7934732.9
9546,1709010000000,7987924.7
9547,1709013600000,8053204.1
9548,1709017200000,7976919.1
9549,1709020800000,7983151.3
9550,1709024400000,7957145.9
9551,1709028000000,8016783.3
9552,1709031600000,8011716.5
9553,1709035200000,7979561.9
9554,1709038800000,7907900.3
9555,1709042400000,7736706.5
9556,1709046000000,7642633.9
9557,1709049600000,7620358.8
9558,1709053200000,7829492.4
9559,1709056800000,7933205.8
9560,1709060400000,7898025.6
9561,1709064000000,7900570.6
9562,1709067600000,7921759.1
9563,1709071200000,7831045.4
9564,1709074800000,7860709.6
9565,1709078400000,7872595.0
9566,1709082000000,7999829.7
9567,1709085600000,7996488.6
9568,1709089200000,7822919.9
9569,1709092800000,7767205.3
9570,1709096400000,7861755.5
9571,1709100000000,7835933.5
9572,1709103600000,7842553.7
9573,1709107200000,7826671.5
9574,1709110800000,7953461.8
9575,1709114400000,8038094.6
9576,1709118000000,7982358.0
9577,1709121600000,7955316.8
9578,1709125200000,8134709.2
9579,1709128800000,8208657.8
9580,1709132400000,8456212.8
9581,1709136000000,8412273.8
9582,1709139600000,8437780.9
9583,1709143200000,6991207.2
9584,1709146800000,6992344.4
9585,1709150400000,6941738.7
9586,1709154000000,7076544.6
9587,1709157600000,7182762.2
9588,1709161200000,7364551.3
9589,1709164800000,7481012.1
9590,1709168400000,7375509.5
9591,1709172000000,7413494.9
9592,1709175600000,7468040.2
9593,1709179200000,7452177.8
9594,1709182800000,7253684.0
9595,1709186400000,7393216.0
9596,1709190000000,7527670.9
9597,1709193600000,7571335.2
9598,1709197200000,7551121.7
9599,1709200800000,7688454.9
9600,1709204400000,7797929.9
9601,1709208000000,7880392.9
9602,1709211600000,7889244.9
9603,1709215200000,8066228.1
9604,1709218800000,7903088.4
9605,1709222400000,7831305.4
9606,1709226000000,7701779.5
9607,1709229600000,7612900.3
9608,1709233200000,7566989.9
9609,1709236800000,7569303.7
9610,1709240400000,7620930.1
9611,1709244000000,7505427.8
9612,1709247600000,6933728.3
9613,1709251200000,7122319.1
9614,1709254800000,7294265.4
9615,1709258400000,7433424.1
9616,1709262000000,7488569.5
9617,1709265600000,7566732.8
9618,1709269200000,7604259.2
9619,1709272800000,7601894.1
9620,1709276400000,7553580.3
9621,1709280000000,7369881.1
9622,1709283600000,7261320.3
9623,1709287200000,7385333.3
9624,1709290800000,7472787.5
9625,1709294400000,7415712.5
9626,1709298000000,7407258.3
9627,1709301600000,7479449.1
9628,1709305200000,7416295.3
9629,1709308800000,7459661.7
9630,1709312400000,7578509.2
9631,1709316000000,7764461.6
9632,1709319600000,7517010.8
9633,1709323200000,7487036.6
9634,1709326800000,7511748.8
9635,1709330400000,7436521.2
9636,1709334000000,7487410.6
9637,1709337600000,7525235.3
9638,1709341200000,7530554.5
9639,1709344800000,7340538.7
9640,1709348400000,7310702.4
9641,1709352000000,7516875.3
9642,1709355600000,7752342.1
9643,1709359200000,7600721.9
9644,1709362800000,7646527.7
9645,1709366400000,7900201.3
9646,1709370000000,7877209.7
9647,1709373600000,7746738.0
9648,1709377200000,8077285.8
9649,1709380800000,8074910.8
9650,1709384400000,8133333.1
9651,1709388000000,8205348.6
9652,1709391600000,8131008.6
9653,1709395200000,8197020.0
9654,1709398800000,8199739.6
9655,1709402400000,8297172.3
9656,1709406000000,8319163.7
9657,1709409600000,8864121.19999999
9658,1709413200000,8990031.5
9659,1709416800000,8959511.19999999
9660,1709420400000,8938197.5
9661,1709424000000,8940230.4
9662,1709427600000,8768216.4
9663,1709431200000,8904184.4
9664,1709434800000,8807720.69999999
9665,1709438400000,8791406.3
9666,1709442000000,8815335.1
9667,1709445600000,8830594.9
9668,1709449200000,9028417.4
9669,1709452800000,8601141.3
9670,1709456400000,8792996.19999999
9671,1709460000000,9063070.5
9672,1709463600000,9010634.5
9673,1709467200000,9044510.3
9674,1709470800000,9284246.6
9675,1709474400000,9263164.4
9676,1709478000000,9452854.4
9677,1709481600000,9590602.5
9678,1709485200000,9580559.69999999
9679,1709488800000,9534805.4
9680,1709492400000,9570222.1
9681,1709496000000,9635407.1
9682,1709499600000,9753155.69999999
9683,1709503200000,9667822.5
9684,1709506800000,9640898.9
9685,1709510400000,9753796.1
9686,1709514000000,9558301.3
9687,1709517600000,9520106.3
9688,1709521200000,9499502.1
9689,1709524800000,9475218.69999999
9690,1709528400000,9536423.6
9691,1709532000000,9627778.9
9692,1709535600000,9706635.5
9693,1709539200000,9696194.0
9694,1709542800000,9388825.3
9695,1709546400000,9553578.0
9696,1709550000000,9171246.8
9697,1709553600000,9236918.0
9698,1709557200000,9251743.19999999
9699,1709560800000,9236622.6
9700,1709564400000,9288657.3
9701,1709568000000,9420707.5
9702,1709571600000,9337199.8
9703,1709575200000,8912728.9
9704,1709578800000,8871130.9
9705,1709582400000,9076501.3
9706,1709586000000,9004511.9
9707,1709589600000,9050234.0
9708,1709593200000,9336286.1
9709,1709596800000,9061441.4
9710,1709600400000,9123803.4
9711,1709604000000,9052627.69999999
9712,1709607600000,8781374.1
9713,1709611200000,8743929.4
9714,1709614800000,8833949.8
9715,1709618400000,8719772.3
9716,1709622000000,8678205.6
9717,1709625600000,8643575.0
9718,1709629200000,8660035.6
9719,1709632800000,8657240.19999999
9720,1709636400000,8793057.5
9721,1709640000000,8808920.1
9722,1709643600000,8862284.1
9723,1709647200000,8861607.69999999
9724,1709650800000,8810741.5
9725,1709654400000,8794886.19999999
9726,1709658000000,8648099.9
9727,1709661600000,8970764.6
9728,1709665200000,9153065.0
9729,1709668800000,8309965.2
9730,1709672400000,8493469.8
9731,1709676000000,8411346.19999999
9732,1709679600000,8597623.4
9733,1709683200000,8685372.69999999
9734,1709686800000,8687055.69999999
9735,1709690400000,8589697.69999999
9736,1709694000000,8561852.1
9737,1709697600000,8572476.69999999
9738,1709701200000,8635360.6
9739,1709704800000,8267209.8
9740,1709708400000,8162601.1
9741,1709712000000,8291573.2
9742,1709715600000,8158037.5
9743,1709719200000,7832273.0
9744,1709722800000,7874333.2
9745,1709726400000,7937417.2
9746,1709730000000,7774612.4
9747,1709733600000,7684327.3
9748,1709737200000,7704084.8
9749,1709740800000,7647229.4
9750,1709744400000,7779737.5
9751,1709748000000,8034048.7
9752,1709751600000,7838381.0
9753,1709755200000,7824674.0
9754,1709758800000,7893800.6
9755,1709762400000,8001838.8
9756,1709766000000,8100328.9
9757,1709769600000,8015263.3
9758,1709773200000,8127646.5
9759,1709776800000,7974309.4
9760,1709780400000,7927435.4
9761,1709784000000,7917704.2
9762,1709787600000,7998915.7
9763,1709791200000,7959715.1
9764,1709794800000,7964455.4
9765,1709798400000,8058130.0
9766,1709802000000,7918457.2
9767,1709805600000,7897966.3
9768,1709809200000,7883936.5
9769,1709812800000,7943530.2
9770,1709816400000,7985559.1
9771,1709820000000,8018148.5
9772,1709823600000,7991023.8
9773,1709827200000,8049075.7
9774,1709830800000,7937147.1
9775,1709834400000,7905608.2
9776,1709838000000,8057341.3
9777,1709841600000,8024538.6
9778,1709845200000,7937295.2
9779,1709848800000,7733847.4
9780,1709852400000,7655423.2
9781,1709856000000,7643483.8
9782,1709859600000,7823892.1
9783,1709863200000,7839068.7
9784,1709866800000,7874940.2
9785,1709870400000,7983960.5
9786,1709874000000,8020500.7
9787,1709877600000,8029604.1
9788,1709881200000,8020505.7
9789,1709884800000,8284153.3
9790,1709888400000,8339282.8
9791,1709892000000,8358745.7
9792,1709895600000,8333622.4
9793,1709899200000,8275062.9
9794,1709902800000,8198318.3
9795,1709906400000,8258262.2
9796,1709910000000,8318583.5
9797,1709913600000,8090623.1
9798,1709917200000,7839560.4
9799,1709920800000,9004095.3
9800,1709924400000,9234186.6
9801,1709928000000,9239983.8
9802,1709931600000,8790542.19999999
9803,1709935200000,8709160.19999999
9804,1709938800000,8735370.5
9805,1709942400000,8808699.4
9806,1709946000000,8783518.69999999
9807,1709949600000,8795728.4
9808,1709953200000,8726383.8
9809,1709956800000,8713819.6
9810,1709960400000,8642721.69999999
9811,1709964000000,8648791.3
9812,1709967600000,8708594.9
9813,1709971200000,8824928.8
9814,1709974800000,8802454.3
9815,1709978400000,8840323.69999999
9816,1709982000000,8764484.19999999
9817,1709985600000,8830661.1
9818,1709989200000,8790240.0
9819,1709992800000,8844274.6
9820,1709996400000,8740621.6
9821,1710000000000,8714809.0
9822,1710003600000,8811017.0
9823,1710007200000,8824840.6
9824,1710010800000,8774684.9
9825,1710014400000,8792468.5
9826,1710018000000,8908941.69999999
9827,1710021600000,8799878.3
9828,1710025200000,8804692.9
9829,1710028800000,8837018.69999999
9830,1710032400000,8934924.8
9831,1710036000000,8785193.8
9832,1710039600000,9021167.69999999
9833,1710043200000,9129679.5
9834,1710046800000,9246018.3
9835,1710050400000,9231932.19999999
9836,1710054000000,9210085.9
9837,1710057600000,9236387.69999999
9838,1710061200000,9215572.9
9839,1710064800000,9084389.3
9840,1710068400000,8965776.69999999
9841,1710072000000,8636584.0
9842,1710075600000,8585341.8
9843,1710079200000,8584375.8
9844,1710082800000,8748512.9
9845,1710086400000,8649878.4
9846,1710090000000,8476645.8
9847,1710093600000,8466175.0
9848,1710097200000,8449004.4
9849,1710100800000,8442024.9
9850,1710104400000,8444615.19999999
9851,1710108000000,8470004.0
9852,1710111600000,8410724.6
9853,1710115200000,8476636.9
9854,1710118800000,8272202.0
9855,1710122400000,8228457.4
9856,1710126000000,8213150.3
9857,1710129600000,8209791.9
9858,1710133200000,8196511.0
9859,1710136800000,8187477.7
9860,1710140400000,8203043.7
9861,1710144000000,8180578.9
9862,1710147600000,8256148.9
9863,1710151200000,8425087.4
9864,1710154800000,8390802.6
9865,1710158400000,8310651.6
9866,1710162000000,8392468.3
9867,1710165600000,8165606.8
9868,1710169200000,8119974.8
9869,1710172800000,8080418.5
9870,1710176400000,8030990.3
9871,1710180000000,8010343.6
9872,1710183600000,8020971.8
9873,1710187200000,8092070.2
9874,1710190800000,8082195.8
9875,1710194400000,8118148.1
9876,1710198000000,8022925.1
9877,1710201600000,8086120.2
9878,1710205200000,7972819.2
9879,1710208800000,7960766.0
9880,1710212400000,7951721.2
9881,1710216000000,8029730.4
9882,1710219600000,8018900.0
9883,1710223200000,8041821.6
9884,1710226800000,8039856.2
9885,1710230400000,8012034.7
9886,1710234000000,8010569.5
9887,1710237600000,7981175.7
9888,1710241200000,7961707.5
9889,1710244800000,7994450.9
9890,1710248400000,7944209.8
9891,1710252000000,7970622.9
9892,1710255600000,7843795.8
9893,1710259200000,7886145.1
9894,1710262800000,7868247.1
9895,1710266400000,7788458.8
9896,1710270000000,7905439.5
9897,1710273600000,7879580.0
9898,1710277200000,7853952.3
9899,1710280800000,7847265.1
9900,1710284400000,7857114.7
9901,1710288000000,7871817.9
9902,1710291600000,7820389.4
9903,1710295200000,7847135.1
9904,1710298800000,7889974.5
9905,1710302400000,7890185.1
9906,1710306000000,7880023.0
9907,1710309600000,7877868.3
9908,1710313200000,7858399.3
9909,1710316800000,7904252.5
9910,1710320400000,7936593.2
9911,1710324000000,7915664.2
9912,1710327600000,7948275.9
9913,1710331200000,8000434.1
9914,1710334800000,7878445.3
9915,1710338400000,7756508.5
9916,1710342000000,7956107.7
9917,1710345600000,8048640.3
9918,1710349200000,8026168.1
9919,1710352800000,8046223.5
9920,1710356400000,8103011.3
9921,1710360000000,8108102.2
9922,1710363600000,8086005.1
9923,1710367200000,8203804.9
9924,1710370800000,8427665.1
9925,1710374400000,8419223.1
9926,1710378000000,8381716.3
9927,1710381600000,8297519.2
9928,1710385200000,8268687.3
9929,1710388800000,8365449.1
9930,1710392400000,8346879.2
9931,1710396000000,8330799.8
9932,1710399600000,8304206.0
9933,1710403200000,8321652.1
9934,1710406800000,8327872.4
9935,1710410400000,8336822.8
9936,1710414000000,8343367.6
9937,1710417600000,8368233.2
9938,1710421200000,8414977.4
9939,1710424800000,8454799.6
9940,1710428400000,8492781.4
9941,1710432000000,8478492.8
9942,1710435600000,8501498.4
9943,1710439200000,8525496.1
9944,1710442800000,8484486.19999999
9945,1710446400000,8350119.2
9946,1710450000000,8390495.3
9947,1710453600000,8439520.19999999
9948,1710457200000,8422879.9
9949,1710460800000,8499528.0
9950,1710464400000,8549513.9
9951,1710468000000,8495636.1
9952,1710471600000,8059722.1
9953,1710475200000,7543379.4
9954,1710478800000,7533283.8
9955,1710482400000,7574674.8
9956,1710486000000,7635113.4
9957,1710489600000,7648560.6
9958,1710493200000,7338696.8
9959,1710496800000,7250215.5
9960,1710500400000,7247819.0
9961,1710504000000,7218029.8
9962,1710507600000,7263945.4
9963,1710511200000,7242670.8
9964,1710514800000,7234429.4
9965,1710518400000,7238084.8
9966,1710522000000,7253714.4
9967,1710525600000,7226315.3
9968,1710529200000,7172484.0
9969,1710532800000,7198185.7
9970,1710536400000,7118095.0
9971,1710540000000,7116665.9
9972,1710543600000,7231250.6
9973,1710547200000,7272972.9
9974,1710550800000,7181419.3
9975,1710554400000,7242005.5
9976,1710558000000,7289068.5
9977,1710561600000,7298460.1
9978,1710565200000,7272389.2
9979,1710568800000,7272313.9
9980,1710572400000,7239646.4
9981,1710576000000,7275015.0
9982,1710579600000,7291705.1
9983,1710583200000,7327748.9
9984,1710586800000,7375830.7
9985,1710590400000,7263368.3
9986,1710594000000,7222237.9
9987,1710597600000,7136529.0
9988,1710601200000,7129375.7
9989,1710604800000,7132183.9
9990,1710608400000,7150264.8
9991,1710612000000,7068220.3
9992,1710615600000,6955656.0
9993,1710619200000,6964385.7
9994,1710622800000,6906409.5
9995,1710626400000,6875945.9
9996,1710630000000,6895673.9
9997,1710633600000,6920317.5
9998,1710637200000,7106908.5
9999,1710640800000,7116764.9
10000,1710644400000,7155992.5
10001,1710648000000,7343265.7
10002,1710651600000,7145963.1
10003,1710655200000,7144396.1
10004,1710658800000,7089287.8
10005,1710662400000,6988832.9
10006,1710666000000,6969731.5
10007,1710669600000,6997131.3
10008,1710673200000,7144174.2
10009,1710676800000,7107051.9
10010,1710680400000,7239470.1
10011,1710684000000,7066953.2
10012,1710687600000,7042402.0
10013,1710691200000,7154961.9
10014,1710694800000,7173674.8
10015,1710698400000,7111846.0
10016,1710702000000,7084235.8
10017,1710705600000,7073225.2
10018,1710709200000,7070974.8
10019,1710712800000,7042968.5
10020,1710716400000,7064794.6
10021,1710720000000,7138097.2
10022,1710723600000,7008800.2
10023,1710727200000,6953339.4
10024,1710730800000,6767570.7
10025,1710734400000,6695850.7
10026,1710738000000,6684173.1
10027,1710741600000,6715803.4
10028,1710745200000,6747134.9
10029,1710748800000,6749255.3
10030,1710752400000,6651342.3
10031,1710756000000,6598242.6
10032,1710759600000,6579307.1
10033,1710763200000,6513892.0
10034,1710766800000,6548888.6
10035,1710770400000,6481932.0
10036,1710774000000,6439609.1
10037,1710777600000,6432312.5
10038,1710781200000,6395188.7
10039,1710784800000,6360845.3
10040,1710788400000,6331704.1
10041,1710792000000,6250438.2
10042,1710795600000,6228719.7
10043,1710799200000,6211981.1
10044,1710802800000,6200998.7
10045,1710806400000,6185054.8
10046,1710810000000,6164589.9
10047,1710813600000,6169211.2
10048,1710817200000,6145817.8
10049,1710820800000,6094678.1
10050,1710824400000,6116052.2
10051,1710828000000,6096460.3
10052,1710831600000,6060086.1
10053,1710835200000,6004727.7
10054,1710838800000,6004495.7
10055,1710842400000,6065548.6
10056,1710846000000,6053761.7
10057,1710849600000,6084093.0
10058,1710853200000,6062877.9
10059,1710856800000,6034264.5
10060,1710860400000,6049517.8
10061,1710864000000,6058217.5
10062,1710867600000,6063523.8
10063,1710871200000,6029275.0
10064,1710874800000,5997857.3
10065,1710878400000,6002328.5
10066,1710882000000,6026029.5
10067,1710885600000,6015926.6
10068,1710889200000,6057803.9
10069,1710892800000,6092797.1
10070,1710896400000,6079572.0
10071,1710900000000,6046712.7
10072,1710903600000,6103531.1
10073,1710907200000,6093968.1
10074,1710910800000,6043742.3
10075,1710914400000,6042209.9
10076,1710918000000,6075597.1
10077,1710921600000,6114486.1
10078,1710925200000,6135584.1
10079,1710928800000,6106866.3
10080,1710932400000,6111107.3
10081,1710936000000,6202726.8
10082,1710939600000,6210049.8
10083,1710943200000,6169879.7
10084,1710946800000,6201191.5
10085,1710950400000,6329902.8
10086,1710954000000,6262523.3
10087,1710957600000,6282827.3
10088,1710961200000,6317677.9
10089,1710964800000,6446522.8
10090,1710968400000,6498495.8
10091,1710972000000,6584465.1
10092,1710975600000,6707856.8
10093,1710979200000,6829850.4
10094,1710982800000,6818685.9
10095,1710986400000,6848018.8
10096,1710990000000,6884602.6
10097,1710993600000,6738366.1
10098,1710997200000,6644028.2
10099,1711000800000,6539527.3
10100,1711004400000,6618089.3
10101,1711008000000,6705018.1
10102,1711011600000,6767291.7
10103,1711015200000,6832670.7
10104,1711018800000,6961718.9
10105,1711022400000,6874371.3
10106,1711026000000,6829319.4
10107,1711029600000,6780517.9
10108,1711033200000,6792456.7
10109,1711036800000,6790432.6
10110,1711040400000,6811317.0
10111,1711044000000,6713240.1
10112,1711047600000,6677716.2
10113,1711051200000,6663402.9
10114,1711054800000,6606241.0
10115,1711058400000,6603530.4
10116,1711062000000,6596878.6
10117,1711065600000,6613987.4
10118,1711069200000,6578944.0
10119,1711072800000,6561648.7
10120,1711076400000,6610433.2
10121,1711080000000,6602024.7
10122,1711083600000,6564025.9
10123,1711087200000,6574317.1
10124,1711090800000,6586536.7
10125,1711094400000,6634698.4
10126,1711098000000,6670060.9
10127,1711101600000,6812394.9
10128,1711105200000,6816344.2
10129,1711108800000,6816361.7
10130,1711112400000,6782055.3
10131,1711116000000,6641923.1
10132,1711119600000,6590606.9
10133,1711123200000,6613454.6
10134,1711126800000,6567790.1
10135,1711130400000,6564947.7
10136,1711134000000,6551212.9
10137,1711137600000,6522633.4
10138,1711141200000,6531507.7
10139,1711144800000,6491112.5
10140,1711148400000,6521380.7
10141,1711152000000,6487264.1
10142,1711155600000,6503183.4
10143,1711159200000,6507870.6
10144,1711162800000,6521087.3
10145,1711166400000,6548572.0
10146,1711170000000,6607793.1
10147,1711173600000,6622805.5
10148,1711177200000,6618003.4
10149,1711180800000,6890412.3
10150,1711184400000,7205112.0
10151,1711188000000,7187701.7
10152,1711191600000,7174828.1
10153,1711195200000,7193971.8
10154,1711198800000,7199102.5
10155,1711202400000,7192557.9
10156,1711206000000,7121567.8
10157,1711209600000,7017877.1
10158,1711213200000,6987221.9
10159,1711216800000,6981766.7
10160,1711220400000,6983922.4
10161,1711224000000,7039504.9
10162,1711227600000,7041571.7
10163,1711231200000,7030809.8
10164,1711234800000,7027039.7
10165,1711238400000,6995927.2
10166,1711242000000,6981426.5
10167,1711245600000,6983805.5
10168,1711249200000,6974598.6
10169,1711252800000,7095768.6
10170,1711256400000,7090097.1
10171,1711260000000,7109110.4
10172,1711263600000,7089838.3
10173,1711267200000,7089150.9
10174,1711270800000,7089103.9
10175,1711274400000,7084672.1
10176,1711278000000,7084920.5
10177,1711281600000,7118719.5
10178,1711285200000,7138060.7
10179,1711288800000,7145664.3
10180,1711292400000,7129403.6
10181,1711296000000,7111972.8
10182,1711299600000,7108381.5
10183,1711303200000,7105753.3
10184,1711306800000,7104059.6
10185,1711310400000,7111018.7
10186,1711314000000,7155887.2
10187,1711317600000,7194749.9
10188,1711321200000,7182816.8
10189,1711324800000,7179451.4
10190,1711328400000,7198536.4
10191,1711332000000,7212493.3
10192,1711335600000,7202620.5
10193,1711339200000,7223903.2
10194,1711342800000,7240518.1
10195,1711346400000,7163423.7
10196,1711350000000,6679009.8
10197,1711353600000,6630332.2
10198,1711357200000,6651697.6
10199,1711360800000,6654183.8
10200,1711364400000,6653026.1
10201,1711368000000,6613636.3
10202,1711371600000,6637348.3
10203,1711375200000,6658247.2
10204,1711378800000,6611555.1
10205,1711382400000,6654311.2
10206,1711386000000,6682670.3
10207,1711389600000,6610909.9
10208,1711393200000,6602761.1
10209,1711396800000,6597389.0
10210,1711400400000,6609092.1
10211,1711404000000,6653808.5
10212,1711407600000,6814189.5
10213,1711411200000,6830860.2
10214,1711414800000,6881517.1
10215,1711418400000,6944075.0
10216,1711422000000,6919189.1
10217,1711425600000,7028733.3
10218,1711429200000,7008927.4
10219,1711432800000,7022448.7
10220,1711436400000,7101477.3
10221,1711440000000,7135696.6
10222,1711443600000,7136319.6
10223,1711447200000,7137513.7
10224,1711450800000,7155689.8
10225,1711454400000,7181104.7
10226,1711458000000,7119210.6
10227,1711461600000,7113755.2
10228,1711465200000,7012070.8
10229,1711468800000,7038083.6
10230,1711472400000,7196160.6
10231,1711476000000,7248283.4
10232,1711479600000,7254593.9
10233,1711483200000,7266635.9
10234,1711486800000,7252368.0
10235,1711490400000,7219041.9
10236,1711494000000,7179861.4
10237,1711497600000,7266434.9
10238,1711501200000,7177394.5
10239,1711504800000,7131606.8
10240,1711508400000,7125226.7
10241,1711512000000,7052882.5
10242,1711515600000,7043646.6
10243,1711519200000,7058219.4
10244,1711522800000,7063918.5
10245,1711526400000,6981539.0
10246,1711530000000,6967308.2
10247,1711533600000,6987326.6
10248,1711537200000,7090936.4
10249,1711540800000,7110482.0
10250,1711544400000,7085869.9
10251,1711548000000,7124254.9
10252,1711551600000,7167594.9
10253,1711555200000,7069870.4
10254,1711558800000,6984149.6
10255,1711562400000,6957477.3
10256,1711566000000,7021053.3
10257,1711569600000,7036936.9
10258,1711573200000,7029210.4
10259,1711576800000,7010041.1
10260,1711580400000,7017102.7
10261,1711584000000,7005493.7
10262,1711587600000,7029309.6
10263,1711591200000,7017392.9
10264,1711594800000,7014939.3
10265,1711598400000,6961592.5
10266,1711602000000,6917894.3
10267,1711605600000,6898818.9
10268,1711609200000,6871246.8
10269,1711612800000,6868817.1
10270,1711616400000,6852320.2
10271,1711620000000,6885859.6
10272,1711623600000,6902073.8
10273,1711627200000,6908564.0
10274,1711630800000,6941387.9
10275,1711634400000,6893774.7
10276,1711638000000,6874852.0
10277,1711641600000,7003913.9
10278,1711645200000,6869687.4
10279,1711648800000,6864817.6
10280,1711652400000,6884916.5
10281,1711656000000,6867851.5
10282,1711659600000,6877356.1
10283,1711663200000,6856273.9
10284,1711666800000,6896768.8
10285,1711670400000,6868693.9
10286,1711674000000,6856322.7
10287,1711677600000,6894511.5
10288,1711681200000,6922222.0
10289,1711684800000,6946623.2
10290,1711688400000,6922144.4
10291,1711692000000,6895781.8
10292,1711695600000,6941592.1
10293,1711699200000,6809682.3
10294,1711702800000,6825792.5
10295,1711706400000,6938440.5
10296,1711710000000,6999417.3
10297,1711713600000,7085272.2
10298,1711717200000,7033832.2
10299,1711720800000,7022692.4
10300,1711724400000,6993050.9
10301,1711728000000,6999170.6
10302,1711731600000,6943155.4
10303,1711735200000,6899435.2
10304,1711738800000,6851532.4
10305,1711742400000,6759333.0
10306,1711746000000,6717068.1
10307,1711749600000,6854334.5
10308,1711753200000,6978736.1
10309,1711756800000,6981687.2
10310,1711760400000,7031416.4
10311,1711764000000,7230667.0
10312,1711767600000,7218883.8
10313,1711771200000,7166199.0
10314,1711774800000,7139588.9
10315,1711778400000,7193619.7
10316,1711782000000,7194520.4
10317,1711785600000,7177455.3
10318,1711789200000,7122857.2
10319,1711792800000,7118871.0
10320,1711796400000,7149471.9
10321,1711800000000,7152816.3
10322,1711803600000,7214095.1
10323,1711807200000,7150045.9
10324,1711810800000,7117748.8
10325,1711814400000,7104290.4
10326,1711818000000,7083091.6
10327,1711821600000,7088427.7
10328,1711825200000,7089800.0
10329,1711828800000,6904429.8
10330,1711832400000,6897306.3
10331,1711836000000,6878795.0
10332,1711839600000,6874331.8
10333,1711843200000,6885190.8
10334,1711846800000,6883513.4
10335,1711850400000,6896658.2
10336,1711854000000,6889684.8
10337,1711857600000,6872847.0
10338,1711861200000,6905577.6
10339,1711864800000,6933801.7
10340,1711868400000,6932270.8
10341,1711872000000,6926497.3
10342,1711875600000,6941520.8
10343,1711879200000,6957659.4
10344,1711882800000,6963958.2
10345,1711886400000,6962285.8
10346,1711890000000,7020660.2
10347,1711893600000,7021931.4
10348,1711897200000,7038902.7
10349,1711900800000,7039042.1
10350,1711904400000,7052295.4
10351,1711908000000,7066650.6
10352,1711911600000,7065896.5
10353,1711915200000,7115925.5
10354,1711918800000,7081891.6
10355,1711922400000,7041465.6
10356,1711926000000,7005102.3
10357,1711929600000,7012206.5
10358,1711933200000,6983166.3
10359,1711936800000,7219675.4
10360,1711940400000,7231777.3
10361,1711944000000,7179359.8
10362,1711947600000,7140004.1
10363,1711951200000,6923032.4
10364,1711954800000,6969632.7
10365,1711958400000,6867565.3
10366,1711962000000,6806696.3
10367,1711965600000,6981788.8
10368,1711969200000,7006203.3
10369,1711972800000,7003916.3
10370,1711976400000,7040942.0
10371,1711980000000,7030677.0
10372,1711983600000,7008956.6
10373,1711987200000,6893514.5
10374,1711990800000,6865302.8
10375,1711994400000,6819086.6
10376,1711998000000,6813903.2
10377,1712001600000,6742117.2
10378,1712005200000,6703012.3
10379,1712008800000,6689530.7
10380,1712012400000,6677377.2
10381,1712016000000,6654541.2
10382,1712019600000,6682620.6
10383,1712023200000,6723015.4
10384,1712026800000,6607760.7
10385,1712030400000,6586526.3
10386,1712034000000,6581315.0
10387,1712037600000,6576089.7
10388,1712041200000,6441241.6
10389,1712044800000,6402761.4
10390,1712048400000,6269749.8
10391,1712052000000,6293388.6
10392,1712055600000,6203604.2
10393,1712059200000,6215286.0
10394,1712062800000,6223628.7
10395,1712066400000,6197567.4
10396,1712070000000,6197897.6
10397,1712073600000,6145369.2
10398,1712077200000,6151171.6
10399,1712080800000,6156847.1
10400,1712084400000,6151536.7
10401,1712088000000,6156902.8
10402,1712091600000,6158118.6
10403,1712095200000,6160985.0
10404,1712098800000,6170920.6
10405,1712102400000,6149055.8
10406,1712106000000,6143958.1
10407,1712109600000,6134908.0
10408,1712113200000,6121452.2
10409,1712116800000,6129415.7
10410,1712120400000,6126642.2
10411,1712124000000,6088766.2
10412,1712127600000,6037217.8
10413,1712131200000,6042424.0
10414,1712134800000,6007458.4
10415,1712138400000,6039574.0
10416,1712142000000,6040328.8
10417,1712145600000,6212365.2
10418,1712149200000,6203227.3
10419,1712152800000,6192326.3
10420,1712156400000,6214186.1
10421,1712160000000,6110524.8
10422,1712163600000,6081418.4
10423,1712167200000,6095439.1
10424,1712170800000,6058164.3
10425,1712174400000,6049478.3
10426,1712178000000,6004866.7
10427,1712181600000,5999432.3
10428,1712185200000,5995534.1
10429,1712188800000,5973473.7
10430,1712192400000,5990621.3
10431,1712196000000,5969027.1
10432,1712199600000,5941306.3
10433,1712203200000,5953685.9
10434,1712206800000,5958487.1
10435,1712210400000,5953111.7
10436,1712214000000,5987113.4
10437,1712217600000,5986759.2
10438,1712221200000,5984295.5
10439,1712224800000,5986441.5
10440,1712228400000,5986533.1
10441,1712232000000,6020926.5
10442,1712235600000,6076344.0
10443,1712239200000,6040989.1
10444,1712242800000,6107704.3
10445,1712246400000,6118039.9
10446,1712250000000,6136495.3
10447,1712253600000,6013936.9
10448,1712257200000,5957673.6
10449,1712260800000,5930127.7
10450,1712264400000,5862584.3
10451,1712268000000,5877555.7
10452,1712271600000,5878951.3
10453,1712275200000,5899066.0
10454,1712278800000,5874889.3
10455,1712282400000,5835368.4
10456,1712286000000,5812216.1
10457,1712289600000,5814192.3
10458,1712293200000,5821217.3
10459,1712296800000,5854161.3
10460,1712300400000,5861089.7
10461,1712304000000,5859420.9
10462,1712307600000,5843682.7
10463,1712311200000,5846639.8
10464,1712314800000,5828967.9
10465,1712318400000,5820358.5
10466,1712322000000,5810361.3
10467,1712325600000,5804158.5
10468,1712329200000,5788602.3
10469,1712332800000,5810269.5
10470,1712336400000,5815688.6
10471,1712340000000,5825768.1
10472,1712343600000,5814518.7
10473,1712347200000,5806580.3
10474,1712350800000,5806344.1
10475,1712354400000,5806072.6
10476,1712358000000,5806656.1
10477,1712361600000,5819388.7
10478,1712365200000,5825687.3
10479,1712368800000,5820848.5
10480,1712372400000,5826972.3
10481,1712376000000,5840727.5
10482,1712379600000,5841499.3
10483,1712383200000,5842961.7
10484,1712386800000,5840113.9
10485,1712390400000,5832950.7
10486,1712394000000,5850118.9
10487,1712397600000,5880336.5
10488,1712401200000,5877469.9
10489,1712404800000,5879153.3
10490,1712408400000,5872140.9
10491,1712412000000,5869559.1
10492,1712415600000,5854652.5
10493,1712419200000,5855445.4
10494,1712422800000,5858622.5
10495,1712426400000,5866333.5
10496,1712430000000,5878853.1
10497,1712433600000,5873545.7
10498,1712437200000,5874691.7
10499,1712440800000,5871076.6
10500,1712444400000,6092367.0
10501,1712448000000,5949966.9
10502,1712451600000,5929022.1
10503,1712455200000,5996327.9
10504,1712458800000,5997961.0
10505,1712462400000,5995897.3
10506,1712466000000,6064238.7
10507,1712469600000,6119215.3
10508,1712473200000,6137532.9
10509,1712476800000,6119337.7
10510,1712480400000,6124160.4
10511,1712484000000,6165811.1
10512,1712487600000,6171953.7
10513,1712491200000,6193669.3
10514,1712494800000,6219745.1
10515,1712498400000,6228739.1
10516,1712502000000,6177949.5
10517,1712505600000,6143471.1
10518,1712509200000,6130711.8
10519,1712512800000,6106205.2
10520,1712516400000,6092397.9
10521,1712520000000,6076881.9
10522,1712523600000,6077859.5
10523,1712527200000,6072463.4
10524,1712530800000,6047846.8
10525,1712534400000,6066037.2
10526,1712538000000,6052162.2
10527,1712541600000,6500116.0
10528,1712545200000,6591351.6
10529,1712548800000,6586380.3
10530,1712552400000,6589256.9
10531,1712556000000,6588645.3
10532,1712559600000,6568942.1
10533,1712563200000,6577565.8
10534,1712566800000,6589564.7
10535,1712570400000,6590749.6
10536,1712574000000,6634773.1
10537,1712577600000,6639782.9
10538,1712581200000,6627309.6
10539,1712584800000,6622483.7
10540,1712588400000,6631705.2
10541,1712592000000,6590952.2
10542,1712595600000,6582264.2
10543,1712599200000,6569483.9
10544,1712602800000,6567377.8
10545,1712606400000,6604723.9
10546,1712610000000,6623710.4
10547,1712613600000,6625130.6
10548,1712617200000,6608942.4
10549,1712620800000,6617929.8
10550,1712624400000,6607690.4
10551,1712628000000,6708534.1
10552,1712631600000,6710524.4
10553,1712635200000,6668431.2
10554,1712638800000,6703557.0
10555,1712642400000,6584613.6
10556,1712646000000,6551515.1
10557,1712649600000,6539534.1
10558,1712653200000,6569000.1
10559,1712656800000,6474224.8
10560,1712660400000,6504636.9
10561,1712664000000,6532411.4
10562,1712667600000,6529405.9
10563,1712671200000,6540301.9
10564,1712674800000,6410833.0
10565,1712678400000,6359357.0
10566,1712682000000,6367241.7
10567,1712685600000,6294578.3
10568,1712689200000,6298689.2
10569,1712692800000,6288122.4
10570,1712696400000,6330016.9
10571,1712700000000,6327035.2
10572,1712703600000,6348573.1
10573,1712707200000,6296192.9
10574,1712710800000,6285343.0
10575,1712714400000,6275739.8
10576,1712718000000,6251097.7
10577,1712721600000,6257646.6
10578,1712725200000,6252786.4
10579,1712728800000,6307195.8
10580,1712732400000,6335161.0
10581,1712736000000,6324449.3
10582,1712739600000,6339754.1
10583,1712743200000,6359042.5
10584,1712746800000,6283810.6
10585,1712750400000,6286947.2
10586,1712754000000,6310708.5
10587,1712757600000,6334712.9
10588,1712761200000,6352219.4
10589,1712764800000,6354500.3
10590,1712768400000,6427078.2
10591,1712772000000,6454161.8
10592,1712775600000,6454684.8
10593,1712779200000,6467590.6
10594,1712782800000,6485719.1
10595,1712786400000,6488316.8
10596,1712790000000,6521253.4
10597,1712793600000,6509605.6
10598,1712797200000,6532906.1
10599,1712800800000,6540651.4
10600,1712804400000,6539586.2
10601,1712808000000,6537580.3
10602,1712811600000,6518270.7
10603,1712815200000,6521160.7
10604,1712818800000,6549262.3
10605,1712822400000,6547998.3
10606,1712826000000,6576274.5
10607,1712829600000,6579557.1
10608,1712833200000,6647580.3
10609,1712836800000,6655650.5
10610,1712840400000,6606832.4
10611,1712844000000,6615405.6
10612,1712847600000,6565471.1
10613,1712851200000,6570867.0
10614,1712854800000,6528838.4
10615,1712858400000,6524015.4
10616,1712862000000,6532663.4
10617,1712865600000,6577377.2
10618,1712869200000,6589161.6
10619,1712872800000,6557858.1
10620,1712876400000,6555083.5
10621,1712880000000,6562443.9
10622,1712883600000,6595523.4
10623,1712887200000,6588056.3
10624,1712890800000,6521973.8
10625,1712894400000,6504947.7
10626,1712898000000,6492477.5
10627,1712901600000,6486173.3
10628,1712905200000,6465157.9
10629,1712908800000,6465298.6
10630,1712912400000,6456525.3
10631,1712916000000,6461421.5
10632,1712919600000,6470421.8
10633,1712923200000,6494708.3
10634,1712926800000,6438475.7
10635,1712930400000,6437692.5
10636,1712934000000,6462056.3
10637,1712937600000,6478898.3
10638,1712941200000,6204764.8
10639,1712944800000,6106694.4
10640,1712948400000,5639119.3
10641,1712952000000,5398451.7
10642,1712955600000,5133713.09999999
10643,1712959200000,5086122.3
10644,1712962800000,5099397.5
10645,1712966400000,4953188.5
10646,1712970000000,4920864.9
10647,1712973600000,5167246.5
10648,1712977200000,5177033.9
10649,1712980800000,5165227.09999999
10650,1712984400000,5075733.3
10651,1712988000000,4974697.09999999
10652,1712991600000,5008504.3
10653,1712995200000,4959225.0
10654,1712998800000,4907937.2
10655,1713002400000,4889118.8
10656,1713006000000,4864793.7
10657,1713009600000,4758801.2
10658,1713013200000,4769336.0
10659,1713016800000,4769399.8
10660,1713020400000,4760083.09999999
10661,1713024000000,4749725.9
10662,1713027600000,4683555.09999999
10663,1713031200000,4826184.3
10664,1713034800000,4696959.3
10665,1713038400000,4450057.59999999
10666,1713042000000,4244301.59999999
10667,1713045600000,4132976.4
10668,1713049200000,4255804.3
10669,1713052800000,4430950.5
10670,1713056400000,4406062.59999999
10671,1713060000000,4390036.2
10672,1713063600000,4087222.8
10673,1713067200000,4077127.4
10674,1713070800000,4099835.4
10675,1713074400000,4075920.1
10676,1713078000000,4076977.2
10677,1713081600000,4063541.4
10678,1713085200000,4056330.0
10679,1713088800000,4047161.6
10680,1713092400000,4055991.6
10681,1713096000000,3983733.7
10682,1713099600000,3993051.8
10683,1713103200000,3992647.0
10684,1713106800000,4021589.8
10685,1713110400000,4001739.8
10686,1713114000000,3984819.2
10687,1713117600000,4028465.9
10688,1713121200000,4000024.8
10689,1713124800000,4018945.1
10690,1713128400000,4052838.3
10691,1713132000000,4046756.5
10692,1713135600000,3932031.9
10693,1713139200000,3903280.0
10694,1713142800000,3898000.0
10695,1713146400000,3874277.3
10696,1713150000000,3857325.8
10697,1713153600000,3839428.6
10698,1713157200000,3829874.1
10699,1713160800000,3838497.0
10700,1713164400000,3905873.9
10701,1713168000000,3889939.8
10702,1713171600000,3892933.1
10703,1713175200000,3911377.3
10704,1713178800000,3918076.1
10705,1713182400000,3898841.8
10706,1713186000000,3914693.9
10707,1713189600000,3891609.8
10708,1713193200000,3809077.0
10709,1713196800000,3812458.1
10710,1713200400000,3808132.6
10711,1713204000000,3796513.7
10712,1713207600000,3868530.4
10713,1713211200000,3859427.6
10714,1713214800000,3864793.5
10715,1713218400000,3889084.8
10716,1713222000000,3875448.1
10717,1713225600000,3878502.0
10718,1713229200000,3868236.0
10719,1713232800000,3876336.3
10720,1713236400000,3873537.4
10721,1713240000000,3833463.3
10722,1713243600000,3822638.7
10723,1713247200000,3807404.0
10724,1713250800000,3794736.0
10725,1713254400000,3717206.8
10726,1713258000000,3716318.4
10727,1713261600000,3706908.2
10728,1713265200000,3717910.8
10729,1713268800000,3718757.4
10730,1713272400000,3730790.2
10731,1713276000000,3736935.8
10732,1713279600000,3708103.2
10733,1713283200000,3726875.4
10734,1713286800000,3731994.0
10735,1713290400000,3741342.1
10736,1713294000000,3759025.8
10737,1713297600000,3760804.6
10738,1713301200000,3774852.4
10739,1713304800000,3757674.9
10740,1713308400000,3744480.2
10741,1713312000000,3753080.2
10742,1713315600000,3743470.8
10743,1713319200000,3738603.8
10744,1713322800000,3717091.8
10745,1713326400000,3762110.2
10746,1713330000000,3757526.4
10747,1713333600000,3742314.6
10748,1713337200000,3745921.5
10749,1713340800000,3738616.4
10750,1713344400000,3733546.2
10751,1713348000000,3733311.2
10752,1713351600000,3776442.3
10753,1713355200000,3721579.7
10754,1713358800000,3728250.9
10755,1713362400000,3799197.6
10756,1713366000000,3844167.4
10757,1713369600000,3909396.4
10758,1713373200000,3923224.5
10759,1713376800000,3880882.2
10760,1713380400000,3784027.1
10761,1713384000000,3779333.8
10762,1713387600000,3763322.7
10763,1713391200000,3758702.0
10764,1713394800000,3755200.3
10765,1713398400000,3788677.7
10766,1713402000000,3803960.7
10767,1713405600000,3797346.9
10768,1713409200000,3820204.8
10769,1713412800000,3811896.6
10770,1713416400000,3819041.8
10771,1713420000000,3816817.4
10772,1713423600000,3825491.1
10773,1713427200000,3837838.2
10774,1713430800000,3828922.9
10775,1713434400000,3827351.6
10776,1713438000000,3851967.2
10777,1713441600000,3831112.8
10778,1713445200000,3825901.2
10779,1713448800000,3831196.1
10780,1713452400000,3800744.8
10781,1713456000000,3777186.0
10782,1713459600000,3772446.9
10783,1713463200000,3754521.8
10784,1713466800000,3754023.3
10785,1713470400000,3747701.5
10786,1713474000000,3775068.7
10787,1713477600000,3778969.9
10788,1713481200000,3776570.5
10789,1713484800000,3777707.0
10790,1713488400000,3784437.5
10791,1713492000000,3864183.5
10792,1713495600000,3841484.5
10793,1713499200000,3821514.6
10794,1713502800000,3823123.0
10795,1713506400000,3817542.1
10796,1713510000000,3780834.2
10797,1713513600000,3770426.1
10798,1713517200000,3780363.4
10799,1713520800000,3905886.7
10800,1713524400000,3906880.7
10801,1713528000000,3853458.0
10802,1713531600000,3809847.6
10803,1713535200000,3834159.1
10804,1713538800000,3844616.6
10805,1713542400000,3844713.6
10806,1713546000000,3853001.5
10807,1713549600000,3844186.5
10808,1713553200000,3847561.0
10809,1713556800000,3878143.1
10810,1713560400000,3865091.0
10811,1713564000000,3841761.0
10812,1713567600000,3856951.3
10813,1713571200000,3838436.0
10814,1713574800000,3872608.4
10815,1713578400000,3885545.1
10816,1713582000000,3895111.6
10817,1713585600000,3882976.2
10818,1713589200000,3886551.4
10819,1713592800000,3913224.3
10820,1713596400000,3894179.2
10821,1713600000000,3890958.4
10822,1713603600000,3888837.8
10823,1713607200000,3887896.9
10824,1713610800000,3905035.0
10825,1713614400000,3906992.3
10826,1713618000000,3901267.6
10827,1713621600000,3958874.0
10828,1713625200000,3938676.6
10829,1713628800000,3911690.9
10830,1713632400000,3864094.0
10831,1713636000000,3854767.0
10832,1713639600000,3827021.6
10833,1713643200000,3827286.3
10834,1713646800000,3829543.6
10835,1713650400000,3821653.7
10836,1713654000000,3827096.7
10837,1713657600000,3823898.1
10838,1713661200000,3802864.5
10839,1713664800000,3822792.5
10840,1713668400000,3837555.7
10841,1713672000000,3837330.0
10842,1713675600000,3848848.7
10843,1713679200000,3847298.7
10844,1713682800000,3842749.7
10845,1713686400000,3869363.2
10846,1713690000000,3876769.6
10847,1713693600000,3873490.2
10848,1713697200000,3881933.3
10849,1713700800000,3914495.3
10850,1713704400000,3963498.3
10851,1713708000000,3925570.7
10852,1713711600000,3960135.4
10853,1713715200000,3977548.7
10854,1713718800000,3950806.6
10855,1713722400000,3952073.6
10856,1713726000000,3956394.4
10857,1713729600000,3941168.0
10858,1713733200000,3936935.3
10859,1713736800000,3929633.8
10860,1713740400000,3897735.7
10861,1713744000000,3895883.9
10862,1713747600000,3880841.3
10863,1713751200000,3880921.8
10864,1713754800000,3859057.7
10865,1713758400000,3918823.3
10866,1713762000000,3921173.3
10867,1713765600000,3969516.3
10868,1713769200000,3963563.9
10869,1713772800000,3933270.7
10870,1713776400000,3928343.7
10871,1713780000000,3949438.3
10872,1713783600000,3947531.9
10873,1713787200000,3940560.5
10874,1713790800000,3947445.7
10875,1713794400000,4000259.8
10876,1713798000000,3985751.7
10877,1713801600000,3999301.0
10878,1713805200000,3984190.9
10879,1713808800000,3981023.7
10880,1713812400000,3984677.0
10881,1713816000000,3986259.8
10882,1713819600000,3976179.6
10883,1713823200000,3983316.4
10884,1713826800000,3937232.2
10885,1713830400000,3924942.0
10886,1713834000000,3921196.3
10887,1713837600000,3934491.9
10888,1713841200000,3958983.2
10889,1713844800000,3945359.4
10890,1713848400000,3967020.3
10891,1713852000000,4007406.4
10892,1713855600000,3983330.4
10893,1713859200000,3957081.3
10894,1713862800000,3960149.2
10895,1713866400000,3962507.7
10896,1713870000000,3960575.9
10897,1713873600000,3961204.1
10898,1713877200000,3966879.7
10899,1713880800000,4003881.0
10900,1713884400000,4003742.0
10901,1713888000000,4004905.0
10902,1713891600000,4008541.1
10903,1713895200000,4057454.2
10904,1713898800000,4064750.8
10905,1713902400000,4064247.2
10906,1713906000000,4057655.4
10907,1713909600000,4061998.4
10908,1713913200000,4041120.4
10909,1713916800000,4034017.3
10910,1713920400000,4019976.9
10911,1713924000000,4053420.6
10912,1713927600000,4082486.5
10913,1713931200000,4078291.9
10914,1713934800000,4073496.4
10915,1713938400000,4102873.0
10916,1713942000000,4138823.7
10917,1713945600000,4158245.1
10918,1713949200000,4165509.9
10919,1713952800000,4188567.5
10920,1713956400000,4204244.7
10921,1713960000000,4232482.5
10922,1713963600000,4229665.9
10923,1713967200000,4205505.8
10924,1713970800000,4171229.6
10925,1713974400000,4166951.3
10926,1713978000000,4116084.8
10927,1713981600000,4114648.4
10928,1713985200000,4087838.6
10929,1713988800000,4078580.3
10930,1713992400000,4067369.1
10931,1713996000000,4075378.7
10932,1713999600000,4075456.7
10933,1714003200000,4067980.5
10934,1714006800000,4065266.2
10935,1714010400000,4057965.5
10936,1714014000000,4062078.0
10937,1714017600000,4077683.4
10938,1714021200000,4063428.2
10939,1714024800000,4066133.4
10940,1714028400000,4071290.2
10941,1714032000000,4072675.9
10942,1714035600000,4077222.3
10943,1714039200000,4080783.8
10944,1714042800000,4079690.4
10945,1714046400000,4091406.0
10946,1714050000000,4050214.1
10947,1714053600000,4056808.0
10948,1714057200000,4052926.7
10949,1714060800000,4049854.7
10950,1714064400000,4030825.3
10951,1714068000000,4043644.4
10952,1714071600000,4058534.6
10953,1714075200000,4014325.4
10954,1714078800000,4014464.6
10955,1714082400000,3996742.1
10956,1714086000000,4017552.1
10957,1714089600000,4006738.9
10958,1714093200000,3985266.9
10959,1714096800000,3991556.3
10960,1714100400000,3994375.1
10961,1714104000000,4010605.5
10962,1714107600000,4000463.9
10963,1714111200000,4000671.3
10964,1714114800000,4021919.9
10965,1714118400000,4001288.1
10966,1714122000000,3991697.9
10967,1714125600000,4014823.3
10968,1714129200000,4007322.5
10969,1714132800000,4007103.2
10970,1714136400000,3993924.3
10971,1714140000000,4021308.5
10972,1714143600000,3981682.7
10973,1714147200000,3969130.2
10974,1714150800000,3993760.4
10975,1714154400000,3989570.0
10976,1714158000000,3977888.6
10977,1714161600000,3982701.6
10978,1714165200000,3993298.6
10979,1714168800000,3989130.2
10980,1714172400000,3969617.6
10981,1714176000000,3976762.9
10982,1714179600000,3977006.4
10983,1714183200000,3984665.1
10984,1714186800000,3989749.5
10985,1714190400000,3984877.1
10986,1714194000000,3964899.0
10987,1714197600000,3962529.1
10988,1714201200000,3955926.9
10989,1714204800000,3959202.5
10990,1714208400000,3945809.7
10991,1714212000000,3971322.1
10992,1714215600000,3967552.4
10993,1714219200000,4002886.8
10994,1714222800000,3971225.1
10995,1714226400000,3981837.1
10996,1714230000000,3957638.4
10997,1714233600000,3974463.2
10998,1714237200000,3982936.0
10999,1714240800000,3983075.9
11000,1714244400000,3996613.3
11001,1714248000000,3992437.5
11002,1714251600000,3985986.3
11003,1714255200000,3994228.7
11004,1714258800000,3993183.7
11005,1714262400000,3988261.1
11006,1714266000000,3983298.1
11007,1714269600000,3975763.9
11008,1714273200000,3987821.4
11009,1714276800000,3980326.6
11010,1714280400000,3987840.4
11011,1714284000000,3997033.3
11012,1714287600000,4012592.6
11013,1714291200000,3997345.2
11014,1714294800000,3985090.2
11015,1714298400000,3984438.6
11016,1714302000000,3983013.6
11017,1714305600000,3973819.8
11018,1714309200000,3997228.4
11019,1714312800000,3998412.0
11020,1714316400000,3986949.5
11021,1714320000000,3985395.6
11022,1714323600000,4011351.6
11023,1714327200000,4010208.2
11024,1714330800000,3992601.4
11025,1714334400000,3991196.8
11026,1714338000000,3988609.2
11027,1714341600000,3978874.6
11028,1714345200000,3990895.2
11029,1714348800000,3962517.7
11030,1714352400000,3971089.3
11031,1714356000000,3975443.2
11032,1714359600000,3999453.3
11033,1714363200000,4014693.3
11034,1714366800000,3995072.7
11035,1714370400000,4001048.3
11036,1714374000000,3998553.0
11037,1714377600000,4009818.6
11038,1714381200000,4010240.8
11039,1714384800000,4137108.6
11040,1714388400000,4092325.2
11041,1714392000000,4109128.8
11042,1714395600000,4083386.3
11043,1714399200000,4046204.1
11044,1714402800000,4062955.4
11045,1714406400000,4072102.0
11046,1714410000000,4064326.5
11047,1714413600000,4062830.3
11048,1714417200000,4074931.4
11049,1714420800000,4079268.8
11050,1714424400000,4072684.2
11051,1714428000000,4073451.8
11052,1714431600000,4067128.9
11053,1714435200000,4062609.8
11054,1714438800000,4058975.0
11055,1714442400000,4060445.4
11056,1714446000000,4060316.3
11057,1714449600000,4061921.6
11058,1714453200000,4065481.0
11059,1714456800000,4057623.6
11060,1714460400000,4062552.4
11061,1714464000000,4049097.9
11062,1714467600000,4093772.5
11063,1714471200000,4091511.8
11064,1714474800000,4102207.6
11065,1714478400000,4106391.3
11066,1714482000000,4077545.7
11067,1714485600000,4088416.7
11068,1714489200000,4069593.8
11069,1714492800000,4083070.9
11070,1714496400000,4033585.9
11071,1714500000000,4038451.5
11072,1714503600000,4037825.2
11073,1714507200000,4034183.5
11074,1714510800000,4044539.4
11075,1714514400000,4053246.9
11076,1714518000000,4042524.3
11077,1714521600000,4028015.7
11078,1714525200000,4063263.2
11079,1714528800000,4050734.9
11080,1714532400000,4032200.6
11081,1714536000000,4038775.0
11082,1714539600000,4035692.0
11083,1714543200000,4034334.4
11084,1714546800000,4029614.7
11085,1714550400000,4076040.1
11086,1714554000000,4048910.8
11087,1714557600000,4028763.0
11088,1714561200000,4018081.8
11089,1714564800000,4027120.8
11090,1714568400000,4019721.7
11091,1714572000000,4011597.9
11092,1714575600000,4021593.9
11093,1714579200000,4033330.2
11094,1714582800000,4032431.0
11095,1714586400000,4016475.4
11096,1714590000000,3939392.8
11097,1714593600000,3934850.0
11098,1714597200000,3943994.7
11099,1714600800000,3944548.5
11100,1714604400000,3928542.0
11101,1714608000000,3934474.2
11102,1714611600000,3934842.0
11103,1714615200000,3941436.3
11104,1714618800000,3946215.3
11105,1714622400000,3940076.1
11106,1714626000000,3935864.0
11107,1714629600000,3953158.8
11108,1714633200000,3965309.8
11109,1714636800000,3955134.1
11110,1714640400000,3938466.5
11111,1714644000000,3995722.3
11112,1714647600000,3989121.0
11113,1714651200000,4254516.4
11114,1714654800000,4319335.3
11115,1714658400000,4293560.4
11116,1714662000000,4335802.7
11117,1714665600000,4332011.0
11118,1714669200000,4318940.3
11119,1714672800000,4322670.0
11120,1714676400000,4322388.59999999
11121,1714680000000,4321334.3
11122,1714683600000,4219408.3
11123,1714687200000,4163872.2
11124,1714690800000,4130064.0
11125,1714694400000,4096561.0
11126,1714698000000,3952904.1
11127,1714701600000,3916379.0
11128,1714705200000,3911163.2
11129,1714708800000,3875660.4
11130,1714712400000,3864806.0
11131,1714716000000,3862753.4
11132,1714719600000,3856758.4
11133,1714723200000,3848225.4
11134,1714726800000,3850089.3
11135,1714730400000,3853867.8
11136,1714734000000,3855645.9
11137,1714737600000,3864689.4
11138,1714741200000,3882243.8
11139,1714744800000,3894683.8
11140,1714748400000,3886739.2
11141,1714752000000,3890304.4
11142,1714755600000,3939418.6
11143,1714759200000,3945953.2
11144,1714762800000,3937586.6
11145,1714766400000,3939531.4
11146,1714770000000,3958717.2
11147,1714773600000,3963444.2
11148,1714777200000,3973131.8
11149,1714780800000,3959564.0
11150,1714784400000,3950689.2
11151,1714788000000,3960243.0
11152,1714791600000,3959020.8
11153,1714795200000,3941553.6
11154,1714798800000,3937367.6
11155,1714802400000,3953994.6
11156,1714806000000,3956448.0
11157,1714809600000,3962968.0
11158,1714813200000,3953494.3
11159,1714816800000,3955762.9
11160,1714820400000,3950110.2
11161,1714824000000,3950815.9
11162,1714827600000,4023734.2
11163,1714831200000,4027350.0
11164,1714834800000,4014736.7
11165,1714838400000,4039043.6
11166,1714842000000,4035254.9
11167,1714845600000,4063500.6
11168,1714849200000,4080655.0
11169,1714852800000,4068798.0
11170,1714856400000,4070495.6
11171,1714860000000,4074443.6
11172,1714863600000,4071295.3
11173,1714867200000,4073004.0
11174,1714870800000,4008412.5
11175,1714874400000,3995450.5
11176,1714878000000,3997911.8
11177,1714881600000,4011688.6
11178,1714885200000,4010993.8
11179,1714888800000,4010188.6
11180,1714892400000,4005771.6
11181,1714896000000,4009362.0
11182,1714899600000,4009682.6
11183,1714903200000,4005766.4
11184,1714906800000,3991030.8
11185,1714910400000,4010176.0
11186,1714914000000,4004052.8
11187,1714917600000,3978433.3
11188,1714921200000,3997850.5
11189,1714924800000,4000186.9
11190,1714928400000,3931566.5
11191,1714932000000,3942711.0
11192,1714935600000,3924439.5
11193,1714939200000,3934045.5
11194,1714942800000,3921766.0
11195,1714946400000,3907390.7
11196,1714950000000,3909884.6
11197,1714953600000,3937635.1
11198,1714957200000,3910703.9
11199,1714960800000,3918360.0
11200,1714964400000,3936031.3
11201,1714968000000,3917309.7
11202,1714971600000,3938743.5
11203,1714975200000,3950628.7
11204,1714978800000,3974028.4
11205,1714982400000,3989039.9
11206,1714986000000,3924749.1
11207,1714989600000,3919837.5
11208,1714993200000,3887720.6
11209,1714996800000,3913259.7
11210,1715000400000,3873415.6
11211,1715004000000,3868476.3
11212,1715007600000,3875291.5
11213,1715011200000,3839453.8
11214,1715014800000,3825575.8
11215,1715018400000,3810671.0
11216,1715022000000,3801007.4
11217,1715025600000,3809463.2
11218,1715029200000,3805890.9
11219,1715032800000,3809861.3
11220,1715036400000,3805610.7
11221,1715040000000,3794739.2
11222,1715043600000,3805669.7
11223,1715047200000,3819138.0
11224,1715050800000,3814694.5
11225,1715054400000,3796939.3
11226,1715058000000,3781271.7
11227,1715061600000,3812174.1
11228,1715065200000,3795126.3
11229,1715068800000,3801177.5
11230,1715072400000,3821321.6
11231,1715076000000,3821108.2
11232,1715079600000,3823071.9
11233,1715083200000,3831141.0
11234,1715086800000,4014852.4
11235,1715090400000,3983463.6
11236,1715094000000,3971287.8
11237,1715097600000,3885339.8
11238,1715101200000,3876396.9
11239,1715104800000,3893203.4
11240,1715108400000,3950969.5
11241,1715112000000,3949692.9
11242,1715115600000,3951462.9
11243,1715119200000,3957608.4
11244,1715122800000,3966596.3
11245,1715126400000,3950584.8
11246,1715130000000,3945218.7
11247,1715133600000,3936575.5
11248,1715137200000,3927032.5
11249,1715140800000,3922590.3
11250,1715144400000,3929284.3
11251,1715148000000,3916685.9
11252,1715151600000,3911526.4
11253,1715155200000,3916288.8
11254,1715158800000,3915381.1
11255,1715162400000,3925678.9
11256,1715166000000,3935127.0
11257,1715169600000,3929895.4
11258,1715173200000,3934246.6
11259,1715176800000,3947700.8
11260,1715180400000,3958727.2
11261,1715184000000,3939014.5
11262,1715187600000,3931883.1
11263,1715191200000,3930451.2
11264,1715194800000,3936178.5
11265,1715198400000,3927399.5
11266,1715202000000,3897960.4
11267,1715205600000,3909915.4
11268,1715209200000,3906306.0
11269,1715212800000,3901904.4
11270,1715216400000,3880648.1
11271,1715220000000,3889957.7
11272,1715223600000,3895877.4
11273,1715227200000,3896604.3
11274,1715230800000,3883219.1
11275,1715234400000,3882779.5
11276,1715238000000,3892651.7
11277,1715241600000,3893285.4
11278,1715245200000,3887298.2
11279,1715248800000,3888092.1
11280,1715252400000,3888142.1
11281,1715256000000,3904737.2
11282,1715259600000,3913046.3
11283,1715263200000,3887939.1
11284,1715266800000,3894539.2
11285,1715270400000,3904014.5
11286,1715274000000,3902137.9
11287,1715277600000,3929902.7
11288,1715281200000,3913918.8
11289,1715284800000,3932597.6
11290,1715288400000,3921505.2
11291,1715292000000,3932572.4
11292,1715295600000,3901432.5
11293,1715299200000,3875436.1
11294,1715302800000,3887562.5
11295,1715306400000,4007379.4
11296,1715310000000,4002258.2
11297,1715313600000,4072591.5
11298,1715317200000,4009269.3
11299,1715320800000,4003864.2
11300,1715324400000,4005438.0
11301,1715328000000,4019584.5
11302,1715331600000,4016678.3
11303,1715335200000,4010059.3
11304,1715338800000,4012944.5
11305,1715342400000,3980925.7
11306,1715346000000,3996021.3
11307,1715349600000,4026568.6
11308,1715353200000,3972489.9
11309,1715356800000,3981486.0
11310,1715360400000,3984841.4
11311,1715364000000,3992671.4
11312,1715367600000,4001756.6
11313,1715371200000,4035171.1
11314,1715374800000,4015386.0
11315,1715378400000,4044172.8
11316,1715382000000,3996407.5
11317,1715385600000,3988947.0
11318,1715389200000,3995734.0
11319,1715392800000,3998274.0
11320,1715396400000,3999741.8
11321,1715400000000,4007810.7
11322,1715403600000,4022640.2
11323,1715407200000,4023317.3
11324,1715410800000,4014364.0
11325,1715414400000,4014717.6
11326,1715418000000,4002260.7
11327,1715421600000,4004866.2
11328,1715425200000,4009312.4
11329,1715428800000,4020627.1
11330,1715432400000,4019526.7
11331,1715436000000,4031711.1
11332,1715439600000,4048245.4
11333,1715443200000,4103541.5
11334,1715446800000,4092233.8
11335,1715450400000,4106419.4
11336,1715454000000,4124210.2
11337,1715457600000,4122367.0
11338,1715461200000,4119186.5
11339,1715464800000,4106484.7
11340,1715468400000,4113628.7
11341,1715472000000,4117905.1
11342,1715475600000,4138063.3
11343,1715479200000,4135409.7
11344,1715482800000,4133953.8
11345,1715486400000,4133216.2
11346,1715490000000,4135006.4
11347,1715493600000,4151245.2
11348,1715497200000,4148694.4
11349,1715500800000,4133414.9
11350,1715504400000,4125265.1
11351,1715508000000,4121688.7
11352,1715511600000,4133152.6
11353,1715515200000,4121560.5
11354,1715518800000,4123844.5
11355,1715522400000,4122701.3
11356,1715526000000,4124195.5
11357,1715529600000,4138034.5
11358,1715533200000,4130812.9
11359,1715536800000,4130856.4
11360,1715540400000,4129369.9
11361,1715544000000,4117785.4
11362,1715547600000,4127852.0
11363,1715551200000,4116315.4
11364,1715554800000,4116558.4
11365,1715558400000,4122733.6
11366,1715562000000,4121749.1
11367,1715565600000,4096604.4
11368,1715569200000,4047993.9
11369,1715572800000,4042274.9
11370,1715576400000,4027943.1
11371,1715580000000,4039460.7
11372,1715583600000,4045839.0
11373,1715587200000,4049644.4
11374,1715590800000,4121346.9
11375,1715594400000,4144596.8
11376,1715598000000,4142258.2
11377,1715601600000,4147378.7
11378,1715605200000,4149698.3
11379,1715608800000,4147104.7
11380,1715612400000,4158920.8
11381,1715616000000,4179862.2
11382,1715619600000,4174977.1
11383,1715623200000,4152519.7
11384,1715626800000,4126323.8
11385,1715630400000,4115298.7
11386,1715634000000,4129765.7
11387,1715637600000,4123432.9
11388,1715641200000,4122168.0
11389,1715644800000,4128508.1
11390,1715648400000,4116446.5
11391,1715652000000,4114964.9
11392,1715655600000,4118054.3
11393,1715659200000,4114087.4
11394,1715662800000,4116411.1
11395,1715666400000,4135564.9
11396,1715670000000,4133753.8
11397,1715673600000,4156570.3
11398,1715677200000,4123945.4
11399,1715680800000,4119502.5
11400,1715684400000,4124290.8
11401,1715688000000,4121829.8
11402,1715691600000,4134791.9
11403,1715695200000,4140085.5
11404,1715698800000,4144273.5
11405,1715702400000,4138102.6
11406,1715706000000,4120189.9
11407,1715709600000,4164290.2
11408,1715713200000,4166079.4
11409,1715716800000,4176223.6
11410,1715720400000,4167883.3
11411,1715724000000,4166298.9
11412,1715727600000,4166488.8
11413,1715731200000,4163753.7
11414,1715734800000,4154513.9
11415,1715738400000,4152434.8
11416,1715742000000,4156302.4
11417,1715745600000,4194007.4
11418,1715749200000,4189785.7
11419,1715752800000,4196613.3
11420,1715756400000,4202734.7
11421,1715760000000,4214767.09999999
11422,1715763600000,4210555.5
11423,1715767200000,4209678.9
11424,1715770800000,4227621.2
11425,1715774400000,4214242.59999999
11426,1715778000000,4211719.59999999
11427,1715781600000,4219881.7
11428,1715785200000,4215657.4
11429,1715788800000,4217327.4
11430,1715792400000,4217064.09999999
11431,1715796000000,4216445.4
11432,1715799600000,4211199.59999999
11433,1715803200000,4201709.3
11434,1715806800000,4254751.8
11435,1715810400000,4214482.2
11436,1715814000000,4221668.0
11437,1715817600000,4221391.0
11438,1715821200000,4195790.4
11439,1715824800000,4189204.8
11440,1715828400000,4186502.0
11441,1715832000000,4197355.5
11442,1715835600000,4225038.8
11443,1715839200000,4239522.9
11444,1715842800000,4237251.7
11445,1715846400000,4228774.4
11446,1715850000000,4238155.5
11447,1715853600000,4322478.8
11448,1715857200000,4302703.09999999
11449,1715860800000,4298494.09999999
11450,1715864400000,4265897.7
11451,1715868000000,4253207.9
11452,1715871600000,4221681.0
11453,1715875200000,4242205.8
11454,1715878800000,4233548.0
11455,1715882400000,4184208.5
11456,1715886000000,4196784.3
11457,1715889600000,4192218.3
11458,1715893200000,4189234.3
11459,1715896800000,4190377.7
11460,1715900400000,4189692.2
11461,1715904000000,4190248.9
11462,1715907600000,4199477.0
11463,1715911200000,4187492.7
11464,1715914800000,4196899.3
11465,1715918400000,4194461.09999999
11466,1715922000000,4190001.9
11467,1715925600000,4205446.09999999
11468,1715929200000,4218611.0
11469,1715932800000,4215570.4
11470,1715936400000,4213918.2
11471,1715940000000,4237750.9
11472,1715943600000,4267272.7
11473,1715947200000,4262191.59999999
11474,1715950800000,4204183.2
11475,1715954400000,4198633.09999999
11476,1715958000000,4216843.09999999
11477,1715961600000,4213014.4
11478,1715965200000,4201099.9
11479,1715968800000,4177730.3
11480,1715972400000,4204642.8
11481,1715976000000,4205651.09999999
11482,1715979600000,4210436.0
11483,1715983200000,4211171.5
11484,1715986800000,4204042.0
11485,1715990400000,4204683.4
11486,1715994000000,4190196.2
11487,1715997600000,4182015.0
11488,1716001200000,4188002.6
11489,1716004800000,4193270.4
11490,1716008400000,4199552.59999999
11491,1716012000000,4193403.8
11492,1716015600000,4191648.2
11493,1716019200000,4208171.4
11494,1716022800000,4197783.5
11495,1716026400000,4195952.0
11496,1716030000000,4209234.9
11497,1716033600000,4198965.4
11498,1716037200000,4193154.5
11499,1716040800000,4164775.9
11500,1716044400000,4155635.4
11501,1716048000000,4151617.0
11502,1716051600000,4161425.6
11503,1716055200000,4177446.4
11504,1716058800000,4173334.0
11505,1716062400000,4172529.6
11506,1716066000000,4181171.7
11507,1716069600000,4177448.1
11508,1716073200000,4180049.5
11509,1716076800000,4189343.0
11510,1716080400000,4188320.3
11511,1716084000000,4194358.09999999
11512,1716087600000,4181160.9
11513,1716091200000,4168865.0
11514,1716094800000,4160332.0
11515,1716098400000,4164244.0
11516,1716102000000,4133033.4
11517,1716105600000,4130914.8
11518,1716109200000,4136136.6
11519,1716112800000,4221771.5
11520,1716116400000,4168897.4
11521,1716120000000,4177638.9
11522,1716123600000,4190146.9
11523,1716127200000,4228454.59999999
11524,1716130800000,4221783.4
11525,1716134400000,4231333.4
11526,1716138000000,4289007.7
11527,1716141600000,4322206.7
11528,1716145200000,4335812.8
11529,1716148800000,4342652.0
11530,1716152400000,4348322.4
11531,1716156000000,4379536.09999999
11532,1716159600000,4394166.59999999
11533,1716163200000,4406824.59999999
11534,1716166800000,4459165.7
11535,1716170400000,4443109.4
11536,1716174000000,4462983.5
11537,1716177600000,4462537.5
11538,1716181200000,4455473.9
11539,1716184800000,4450157.5
11540,1716188400000,4469166.0
11541,1716192000000,4475088.9
11542,1716195600000,4487861.7
11543,1716199200000,4494432.5
11544,1716202800000,4500412.0
11545,1716206400000,4491500.8
11546,1716210000000,4501110.8
11547,1716213600000,4514368.2
11548,1716217200000,4517221.5
11549,1716220800000,4538590.09999999
11550,1716224400000,4578191.9
11551,1716228000000,4601481.7
11552,1716231600000,4591810.7
11553,1716235200000,4486977.2
11554,1716238800000,4395683.3
11555,1716242400000,4352993.4
11556,1716246000000,4355107.7
11557,1716249600000,4388936.59999999
11558,1716253200000,4379481.9
11559,1716256800000,4405744.3
11560,1716260400000,4425670.59999999
11561,1716264000000,4429223.3
11562,1716267600000,4437925.9
11563,1716271200000,4431392.8
11564,1716274800000,4424664.8
11565,1716278400000,4415899.7
11566,1716282000000,4413097.3
11567,1716285600000,4418870.5
11568,1716289200000,4446284.2
11569,1716292800000,4425837.59999999
11570,1716296400000,4346146.4
11571,1716300000000,4348979.3
11572,1716303600000,4328417.5
11573,1716307200000,4349723.7
11574,1716310800000,4384920.3
11575,1716314400000,4402790.9
11576,1716318000000,4391804.7
11577,1716321600000,4384644.4
11578,1716325200000,4400692.5
11579,1716328800000,4422414.5
11580,1716332400000,4421281.5
11581,1716336000000,4420079.8
11582,1716339600000,4430061.59999999
11583,1716343200000,4439711.5
11584,1716346800000,4382758.3
11585,1716350400000,4388349.0
11586,1716354000000,4341864.7
11587,1716357600000,4350194.09999999
11588,1716361200000,4363957.8
11589,1716364800000,4371110.3
11590,1716368400000,4378180.59999999
11591,1716372000000,4353578.5
11592,1716375600000,4366301.3
11593,1716379200000,4340709.5
11594,1716382800000,4318078.9
11595,1716386400000,4339170.7
11596,1716390000000,4373042.5
11597,1716393600000,4348165.09999999
11598,1716397200000,4301766.8
11599,1716400800000,4269125.09999999
11600,1716404400000,4255118.2
11601,1716408000000,4256307.59999999
11602,1716411600000,4261778.09999999
11603,1716415200000,4246479.8
11604,1716418800000,4254077.8
11605,1716422400000,4300237.9
11606,1716426000000,4298406.3
11607,1716429600000,4304565.4
11608,1716433200000,4305809.2
11609,1716436800000,4322461.2
11610,1716440400000,4316542.0
11611,1716444000000,4327898.8
11612,1716447600000,4315233.09999999
11613,1716451200000,4312799.7
11614,1716454800000,4318919.09999999
11615,1716458400000,4323930.4
11616,1716462000000,4337153.8
11617,1716465600000,4349329.3
11618,1716469200000,4430088.4
11619,1716472800000,4339662.9
11620,1716476400000,4355165.3
11621,1716480000000,4380136.8
11622,1716483600000,4357537.2
11623,1716487200000,4352493.9
11624,1716490800000,4272225.3
11625,1716494400000,4272371.59999999
11626,1716498000000,4384026.5
11627,1716501600000,4529244.3
11628,1716505200000,4518262.2
11629,1716508800000,4527509.0
11630,1716512400000,4512664.59999999
11631,1716516000000,4517292.4
11632,1716519600000,4553183.7
11633,1716523200000,4547446.8
11634,1716526800000,4540859.4
11635,1716530400000,4504763.9
11636,1716534000000,4534622.59999999
11637,1716537600000,4420296.5
11638,1716541200000,4424588.59999999
11639,1716544800000,4475892.8
11640,1716548400000,4513894.3
11641,1716552000000,4464312.9
11642,1716555600000,4522797.2
11643,1716559200000,4543038.09999999
11644,1716562800000,4536560.09999999
11645,1716566400000,4471094.3
11646,1716570000000,4450094.0
11647,1716573600000,4488861.5
11648,1716577200000,4476226.9
11649,1716580800000,4471560.4
11650,1716584400000,4489949.0
11651,1716588000000,4460711.3
11652,1716591600000,4425159.4
11653,1716595200000,4413707.4
11654,1716598800000,4419972.8
11655,1716602400000,4417803.8
11656,1716606000000,4422669.5
11657,1716609600000,4432674.4
11658,1716613200000,4459559.59999999
11659,1716616800000,4446962.3
11660,1716620400000,4435351.7
11661,1716624000000,4442698.59999999
11662,1716627600000,4450622.59999999
11663,1716631200000,4454360.2
11664,1716634800000,4453627.0
11665,1716638400000,4451089.59999999
11666,1716642000000,4481637.4
11667,1716645600000,4567813.0
11668,1716649200000,4556921.5
11669,1716652800000,4563364.2
11670,1716656400000,4560965.4
11671,1716660000000,4523021.4
11672,1716663600000,4594706.9
11673,1716667200000,4598319.59999999
11674,1716670800000,4578139.09999999
11675,1716674400000,4592046.0
11676,1716678000000,4631417.2
11677,1716681600000,4663583.0
11678,1716685200000,4667406.59999999
11679,1716688800000,4666863.59999999
11680,1716692400000,4637286.8
11681,1716696000000,4630115.7
11682,1716699600000,4625637.5
11683,1716703200000,4626104.7
11684,1716706800000,4620565.5
11685,1716710400000,4593570.8
11686,1716714000000,4591446.9
11687,1716717600000,4552848.2
11688,1716721200000,4549416.59999999
11689,1716724800000,4569637.8
11690,1716728400000,4559708.2
11691,1716732000000,4505766.0
11692,1716735600000,4483236.9
11693,1716739200000,4538863.8
11694,1716742800000,4528667.09999999
11695,1716746400000,4523838.8
11696,1716750000000,4504883.0
11697,1716753600000,4499266.5
11698,1716757200000,4506158.3
11699,1716760800000,4426815.2
11700,1716764400000,4490240.4
11701,1716768000000,4483380.59999999
11702,1716771600000,4474034.3
11703,1716775200000,4454843.9
11704,1716778800000,4470891.9
11705,1716782400000,4451166.2
11706,1716786000000,4460612.7
11707,1716789600000,4470119.2
11708,1716793200000,4470548.59999999
11709,1716796800000,4462874.4
11710,1716800400000,4471500.2
11711,1716804000000,4499167.09999999
11712,1716807600000,4499736.3
11713,1716811200000,4516707.5
11714,1716814800000,4558946.7
11715,1716818400000,4631915.2
11716,1716822000000,4564044.59999999
11717,1716825600000,4517843.4
11718,1716829200000,4542531.2
11719,1716832800000,4489747.2
11720,1716836400000,4465815.4
11721,1716840000000,4446081.8
11722,1716843600000,4456929.8
11723,1716847200000,4449573.59999999
11724,1716850800000,4455752.7
11725,1716854400000,4461771.09999999
11726,1716858000000,4509099.4
11727,1716861600000,4460458.9
11728,1716865200000,4469557.4
11729,1716868800000,4520468.3
11730,1716872400000,4478191.09999999
11731,1716876000000,4497982.2
11732,1716879600000,4517132.8
11733,1716883200000,4541389.09999999
11734,1716886800000,4549738.7
11735,1716890400000,4580448.7
11736,1716894000000,4603483.3
11737,1716897600000,4626698.8
11738,1716901200000,4645452.09999999
11739,1716904800000,4622180.2
11740,1716908400000,4604791.8
11741,1716912000000,4633961.7
11742,1716915600000,4629975.8
11743,1716919200000,4647372.09999999
11744,1716922800000,4645522.3
11745,1716926400000,4653389.4
11746,1716930000000,4653951.09999999
11747,1716933600000,4667434.8
11748,1716937200000,4677324.4
11749,1716940800000,4661343.4
11750,1716944400000,4657291.4
11751,1716948000000,4650277.5
11752,1716951600000,4652337.59999999
11753,1716955200000,4674746.0
11754,1716958800000,4670672.7
11755,1716962400000,4660877.0
11756,1716966000000,4710938.3
11757,1716969600000,4710072.2
11758,1716973200000,4724273.9
11759,1716976800000,4855758.2
11760,1716980400000,4829835.7
11761,1716984000000,4851410.4
11762,1716987600000,4858503.9
11763,1716991200000,4813314.9
11764,1716994800000,4809202.2
11765,1716998400000,4763585.7
11766,1717002000000,4768821.5
11767,1717005600000,4746884.5
11768,1717009200000,4750277.2
11769,1717012800000,4755063.9
11770,1717016400000,4751417.2
11771,1717020000000,4714482.4
11772,1717023600000,4724160.8
11773,1717027200000,4717945.2
11774,1717030800000,4702070.59999999
11775,1717034400000,4697316.8
11776,1717038000000,4743956.7
11777,1717041600000,4746908.5
11778,1717045200000,4736895.8
11779,1717048800000,4814925.2
11780,1717052400000,4785298.5
11781,1717056000000,4765962.0
11782,1717059600000,4758189.7
11783,1717063200000,4757432.59999999
11784,1717066800000,4720324.3
11785,1717070400000,4651973.4
11786,1717074000000,4636164.9
11787,1717077600000,4654978.4
11788,1717081200000,4667091.59999999
11789,1717084800000,4659205.2
11790,1717088400000,4674053.9
11791,1717092000000,4705725.59999999
11792,1717095600000,4691790.0
11793,1717099200000,4646417.9
11794,1717102800000,4633647.0
11795,1717106400000,4629344.59999999
11796,1717110000000,4638047.09999999
11797,1717113600000,4650346.2
11798,1717117200000,4638738.59999999
11799,1717120800000,4633257.59999999
11800,1717124400000,4632691.2
11801,1717128000000,4671924.8
11802,1717131600000,4671716.59999999
11803,1717135200000,4666950.9
11804,1717138800000,4662252.3
11805,1717142400000,4657154.09999999
11806,1717146000000,4666528.3
11807,1717149600000,4679225.9
11808,1717153200000,4680529.2
11809,1717156800000,4695076.2
11810,1717160400000,4737211.5
11811,1717164000000,4739158.09999999
11812,1717167600000,4715950.7
11813,1717171200000,4717265.4
11814,1717174800000,4674777.7
11815,1717178400000,4700793.2
11816,1717182000000,4695446.3
11817,1717185600000,4720197.59999999
11818,1717189200000,4727718.09999999
11819,1717192800000,4721679.2
11820,1717196400000,4708259.0
11821,1717200000000,4720509.7
11822,1717203600000,4740067.9
11823,1717207200000,4741605.3
11824,1717210800000,4732174.4
11825,1717214400000,4738045.59999999
11826,1717218000000,4738273.4
11827,1717221600000,4757746.59999999
11828,1717225200000,4763318.4
11829,1717228800000,4764524.4
11830,1717232400000,4763856.2
11831,1717236000000,4766824.7
11832,1717239600000,4793400.9
11833,1717243200000,4784643.59999999
11834,1717246800000,4770282.3
11835,1717250400000,4762347.9
11836,1717254000000,4720090.59999999
11837,1717257600000,4717145.09999999
11838,1717261200000,4709926.9
11839,1717264800000,4714093.5
11840,1717268400000,4714750.09999999
11841,1717272000000,4711743.59999999
11842,1717275600000,4708574.5
11843,1717279200000,4704830.7
11844,1717282800000,4694676.7
11845,1717286400000,4687799.3
11846,1717290000000,4678852.09999999
11847,1717293600000,4687727.3
11848,1717297200000,4687906.7
11849,1717300800000,4695498.3
11850,1717304400000,4705403.9
11851,1717308000000,4719949.4
11852,1717311600000,4700237.4
11853,1717315200000,4702588.2
11854,1717318800000,4717947.09999999
11855,1717322400000,4701846.2
11856,1717326000000,4724692.0
11857,1717329600000,4738042.0
11858,1717333200000,4724482.8
11859,1717336800000,4738776.0
11860,1717340400000,4732949.0
11861,1717344000000,4695653.9
11862,1717347600000,4713166.59999999
11863,1717351200000,4676110.2
11864,1717354800000,4659787.0
11865,1717358400000,4674220.7
11866,1717362000000,4657859.2
11867,1717365600000,4663379.2
11868,1717369200000,4658765.8
11869,1717372800000,4658665.2
11870,1717376400000,4659480.0
11871,1717380000000,4658586.0
11872,1717383600000,4635771.09999999
11873,1717387200000,4628727.8
11874,1717390800000,4642976.8
11875,1717394400000,4693959.09999999
11876,1717398000000,4683587.59999999
11877,1717401600000,4701717.9
11878,1717405200000,4734197.59999999
11879,1717408800000,4740282.5
11880,1717412400000,4720360.5
11881,1717416000000,4714214.5
11882,1717419600000,4731757.5
11883,1717423200000,4718289.8
11884,1717426800000,4692939.7
11885,1717430400000,4735699.8
11886,1717434000000,4719705.09999999
11887,1717437600000,4737524.09999999
11888,1717441200000,4739287.5
11889,1717444800000,4728570.2
11890,1717448400000,4744248.2
11891,1717452000000,4747482.0
11892,1717455600000,4719484.5
11893,1717459200000,4719905.7
11894,1717462800000,4731462.4
11895,1717466400000,4732231.8
11896,1717470000000,4739963.0
11897,1717473600000,4737029.9
11898,1717477200000,4739131.59999999
11899,1717480800000,4743625.59999999
11900,1717484400000,4747228.7
11901,1717488000000,4743783.7
11902,1717491600000,4750968.09999999
11903,1717495200000,4733670.0
11904,1717498800000,4738731.8
11905,1717502400000,4746579.3
11906,1717506000000,4742901.59999999
11907,1717509600000,4741294.3
11908,1717513200000,4823085.3
11909,1717516800000,4860252.9
11910,1717520400000,4818408.4
11911,1717524000000,4807974.59999999
11912,1717527600000,4779431.7
11913,1717531200000,4743092.5
11914,1717534800000,4716486.09999999
11915,1717538400000,4702511.8
11916,1717542000000,4705306.9
11917,1717545600000,4739326.3
11918,1717549200000,4739240.9
11919,1717552800000,4746486.8
11920,1717556400000,4834051.59999999
11921,1717560000000,4844053.7
11922,1717563600000,4852244.4
11923,1717567200000,4852651.09999999
11924,1717570800000,4887276.09999999
11925,1717574400000,4885019.59999999
11926,1717578000000,4894670.2
11927,1717581600000,4896561.3
11928,1717585200000,4917132.0
11929,1717588800000,4962444.3
11930,1717592400000,4968196.8
11931,1717596000000,4986338.5
11932,1717599600000,4951645.7
11933,1717603200000,4945377.2
11934,1717606800000,4953664.2
11935,1717610400000,4951516.9
11936,1717614000000,4969139.9
11937,1717617600000,4990003.3
11938,1717621200000,5010675.5
11939,1717624800000,5024754.0
11940,1717628400000,5008815.8
11941,1717632000000,5028195.59999999
11942,1717635600000,5033676.5
11943,1717639200000,5044060.8
11944,1717642800000,5082247.9
11945,1717646400000,5051045.59999999
11946,1717650000000,5063186.59999999
11947,1717653600000,5067207.4
11948,1717657200000,5110700.3
11949,1717660800000,5120907.7
11950,1717664400000,5086852.8
11951,1717668000000,5098469.8
11952,1717671600000,5088892.9
11953,1717675200000,5099376.09999999
11954,1717678800000,5137097.9
11955,1717682400000,5138720.09999999
11956,1717686000000,5128507.5
11957,1717689600000,5172679.4
11958,1717693200000,5118417.0
11959,1717696800000,5129047.09999999
11960,1717700400000,5123551.09999999
11961,1717704000000,5041813.09999999
11962,1717707600000,5018873.2
11963,1717711200000,4993266.9
11964,1717714800000,4991325.9
11965,1717718400000,4990445.09999999
11966,1717722000000,4982588.59999999
11967,1717725600000,4994967.2
11968,1717729200000,4998235.09999999
11969,1717732800000,5001693.8
11970,1717736400000,5027208.7
11971,1717740000000,5022521.9
11972,1717743600000,5045625.2
11973,1717747200000,5061123.5
11974,1717750800000,5066515.3
11975,1717754400000,5164864.7
11976,1717758000000,5287740.59999999
11977,1717761600000,5226056.59999999
11978,1717765200000,5223409.9
11979,1717768800000,5215513.8
11980,1717772400000,5273333.9
11981,1717776000000,5237114.7
11982,1717779600000,5251940.8
11983,1717783200000,5316262.9
11984,1717786800000,5287851.09999999
11985,1717790400000,5355309.5
11986,1717794000000,5363704.5
11987,1717797600000,5357061.4
11988,1717801200000,5468639.8
11989,1717804800000,5452916.9
11990,1717808400000,5433492.0
11991,1717812000000,5430244.2
11992,1717815600000,5385816.0
11993,1717819200000,5385324.9
11994,1717822800000,5400549.3
11995,1717826400000,5456754.0
11996,1717830000000,5532736.4
11997,1717833600000,5538540.09999999
11998,1717837200000,5492818.5
11999,1717840800000,5515346.9
12000,1717844400000,5494173.4
12001,1717848000000,5398969.09999999
12002,1717851600000,5350258.59999999
12003,1717855200000,5301473.9
12004,1717858800000,5284624.7
12005,1717862400000,5257277.7
12006,1717866000000,5220665.2
12007,1717869600000,5101338.2
12008,1717873200000,5096849.09999999
12009,1717876800000,5087817.59999999
12010,1717880400000,5070221.4
12011,1717884000000,5064352.2
12012,1717887600000,5038756.5
12013,1717891200000,5020054.9
12014,1717894800000,5011502.7
12015,1717898400000,5038799.0
12016,1717902000000,5040287.3
12017,1717905600000,5270053.09999999
12018,1717909200000,5262625.4
12019,1717912800000,5257615.9
12020,1717916400000,5408546.2
12021,1717920000000,5445751.8
12022,1717923600000,5469218.5
12023,1717927200000,5472643.5
12024,1717930800000,5541498.5
12025,1717934400000,5491438.8
12026,1717938000000,5499646.9
12027,1717941600000,5489858.4
12028,1717945200000,5477161.0
12029,1717948800000,5498633.9
12030,1717952400000,5499047.0
12031,1717956000000,5526268.8
12032,1717959600000,5526111.7
12033,1717963200000,5467849.8
12034,1717966800000,5454104.5
12035,1717970400000,5454615.9
12036,1717974000000,5468036.0
12037,1717977600000,5483203.5
12038,1717981200000,5496375.0
12039,1717984800000,5506135.0
12040,1717988400000,5512906.2
12041,1717992000000,5498129.9
12042,1717995600000,5493768.9
12043,1717999200000,5534330.7
12044,1718002800000,5416201.3
12045,1718006400000,5325838.4
12046,1718010000000,5380809.9
12047,1718013600000,5394576.4
12048,1718017200000,5401798.3
12049,1718020800000,5407347.9
12050,1718024400000,5403909.4
12051,1718028000000,5181378.8
12052,1718031600000,5226961.0
12053,1718035200000,5230629.0
12054,1718038800000,5243242.4
12055,1718042400000,5248455.9
12056,1718046000000,5231021.7
12057,1718049600000,5201529.0
12058,1718053200000,5190242.59999999
12059,1718056800000,5213645.9
12060,1718060400000,5248304.5
12061,1718064000000,5239203.59999999
12062,1718067600000,5240200.2
12063,1718071200000,5108238.3
12064,1718074800000,5115103.8
12065,1718078400000,5092369.4
12066,1718082000000,5101775.59999999
12067,1718085600000,5050366.0
12068,1718089200000,5076163.2
12069,1718092800000,5104109.2
12070,1718096400000,5131864.0
12071,1718100000000,5127317.9
12072,1718103600000,5181526.0
12073,1718107200000,5181072.4
12074,1718110800000,5170635.9
12075,1718114400000,5136049.2
12076,1718118000000,5142534.2
12077,1718121600000,5169821.3
12078,1718125200000,5176181.5
12079,1718128800000,5245452.4
12080,1718132400000,5266946.2
12081,1718136000000,5288892.2
12082,1718139600000,5277069.7
12083,1718143200000,5271170.7
12084,1718146800000,5283579.7
12085,1718150400000,5285382.8
12086,1718154000000,5279770.4
12087,1718157600000,5289488.3
12088,1718161200000,5322624.09999999
12089,1718164800000,5321194.09999999
12090,1718168400000,5364626.9
12091,1718172000000,5366720.5
12092,1718175600000,5370988.8
12093,1718179200000,5374208.09999999
12094,1718182800000,5400839.4
12095,1718186400000,5396881.4
12096,1718190000000,5382964.4
12097,1718193600000,5342742.09999999
12098,1718197200000,5317335.4
12099,1718200800000,5394815.2
12100,1718204400000,5417627.9
12101,1718208000000,5499362.2
12102,1718211600000,5502321.0
12103,1718215200000,5480275.0
12104,1718218800000,5476118.59999999
12105,1718222400000,5430323.59999999
12106,1718226000000,5466581.7
12107,1718229600000,5451567.59999999
12108,1718233200000,5463821.4
12109,1718236800000,5451873.09999999
12110,1718240400000,5444730.0
12111,1718244000000,5399256.8
12112,1718247600000,5372948.3
12113,1718251200000,5319618.4
12114,1718254800000,5324888.0
12115,1718258400000,5332645.5
12116,1718262000000,5340622.4
12117,1718265600000,5365822.5
12118,1718269200000,5332631.9
12119,1718272800000,5356367.7
12120,1718276400000,5369571.59999999
12121,1718280000000,5349880.2
12122,1718283600000,5338419.9
12123,1718287200000,5353488.2
12124,1718290800000,5329869.7
12125,1718294400000,5358187.5
12126,1718298000000,5345812.2
12127,1718301600000,5340498.5
12128,1718305200000,5346377.5
12129,1718308800000,5348110.09999999
12130,1718312400000,5348858.5
12131,1718316000000,5344539.2
12132,1718319600000,5331306.7
12133,1718323200000,5325772.09999999
12134,1718326800000,5326136.5
12135,1718330400000,5333777.7
12136,1718334000000,5341110.4
12137,1718337600000,5337086.3
12138,1718341200000,5339161.9
12139,1718344800000,5357868.5
12140,1718348400000,5349954.4
12141,1718352000000,5347385.5
12142,1718355600000,5342520.4
12143,1718359200000,5349934.9
12144,1718362800000,5387906.09999999
12145,1718366400000,5401366.0
12146,1718370000000,5412392.09999999
12147,1718373600000,5410317.8
12148,1718377200000,5360565.0
12149,1718380800000,5332336.7
12150,1718384400000,5273458.8
12151,1718388000000,5240168.4
12152,1718391600000,5220637.3
12153,1718395200000,5225828.4
12154,1718398800000,5240390.0
12155,1718402400000,5215900.3
12156,1718406000000,5194111.4
12157,1718409600000,5200542.5
12158,1718413200000,5221957.9
12159,1718416800000,5204504.0
12160,1718420400000,5195433.9
12161,1718424000000,5198212.5
12162,1718427600000,5192560.09999999
12163,1718431200000,5188920.8
12164,1718434800000,5187467.0
12165,1718438400000,5181081.5
12166,1718442000000,5192013.4
12167,1718445600000,5207846.4
12168,1718449200000,5207120.0
12169,1718452800000,5378294.59999999
12170,1718456400000,5307891.5
12171,1718460000000,5299624.9
12172,1718463600000,5267318.3
12173,1718467200000,5245134.8
12174,1718470800000,5201028.8
12175,1718474400000,5193900.0
12176,1718478000000,5188133.7
12177,1718481600000,5185822.9
12178,1718485200000,5171129.7
12179,1718488800000,5171485.4
12180,1718492400000,5184383.7
12181,1718496000000,5211925.09999999
12182,1718499600000,5190073.7
12183,1718503200000,5166548.9
12184,1718506800000,5177298.59999999
12185,1718510400000,5190280.7
12186,1718514000000,5188794.0
12187,1718517600000,5201675.09999999
12188,1718521200000,5206026.5
12189,1718524800000,5218693.9
12190,1718528400000,5203157.7
12191,1718532000000,5202446.2
12192,1718535600000,5218275.09999999
12193,1718539200000,5223083.0
12194,1718542800000,5230262.8
12195,1718546400000,5229044.2
12196,1718550000000,5232876.7
12197,1718553600000,5221021.4
12198,1718557200000,5217306.2
12199,1718560800000,5195629.8
12200,1718564400000,5190734.4
12201,1718568000000,5191580.0
12202,1718571600000,5185724.9
12203,1718575200000,5194547.4
12204,1718578800000,5209006.8
12205,1718582400000,5211009.0
12206,1718586000000,5205173.5
12207,1718589600000,5172238.09999999
12208,1718593200000,5171662.2
12209,1718596800000,5159623.09999999
12210,1718600400000,5161593.5
12211,1718604000000,5168073.2
12212,1718607600000,5150853.59999999
12213,1718611200000,5154081.2
12214,1718614800000,5183012.8
12215,1718618400000,5195722.8
12216,1718622000000,5184864.3
12217,1718625600000,5189625.3
12218,1718629200000,5161899.09999999
12219,1718632800000,5171978.4
12220,1718636400000,5173585.59999999
12221,1718640000000,5135786.7
12222,1718643600000,5072854.59999999
12223,1718647200000,5090214.5
12224,1718650800000,5110072.9
12225,1718654400000,5090246.0
12226,1718658000000,5130364.8
12227,1718661600000,5179407.3
12228,1718665200000,5177426.9
12229,1718668800000,5169525.0
12230,1718672400000,5174522.8
12231,1718676000000,4989751.5
12232,1718679600000,4968436.2
12233,1718683200000,5063725.59999999
12234,1718686800000,4969742.9
12235,1718690400000,4962561.4
12236,1718694000000,4926570.4
12237,1718697600000,4918175.2
12238,1718701200000,4935184.09999999
12239,1718704800000,4937866.2
12240,1718708400000,4973255.3
12241,1718712000000,4894066.9
12242,1718715600000,4820396.59999999
12243,1718719200000,4927036.8
12244,1718722800000,4867552.7
12245,1718726400000,4848446.9
12246,1718730000000,4828564.8
12247,1718733600000,4819140.2
12248,1718737200000,4797526.2
12249,1718740800000,4793673.3
12250,1718744400000,4761526.0
12251,1718748000000,4752539.8
12252,1718751600000,4759198.5
12253,1718755200000,4764292.2
12254,1718758800000,4816758.2
12255,1718762400000,4743558.2
12256,1718766000000,4740375.59999999
12257,1718769600000,4761938.8
12258,1718773200000,4782453.3
12259,1718776800000,4791807.7
12260,1718780400000,4791598.5
12261,1718784000000,4800888.7
12262,1718787600000,4786016.8
12263,1718791200000,4778353.09999999
12264,1718794800000,4739543.8
12265,1718798400000,4777443.59999999
12266,1718802000000,4780185.9
12267,1718805600000,4771020.0
12268,1718809200000,4694186.4
12269,1718812800000,4693506.3
12270,1718816400000,4677263.2
12271,1718820000000,4651448.9
12272,1718823600000,4658703.3
12273,1718827200000,4644982.4
12274,1718830800000,4633489.7
12275,1718834400000,4622945.09999999
12276,1718838000000,4634465.5
12277,1718841600000,4633021.3
12278,1718845200000,4640829.7
12279,1718848800000,4616273.3
12280,1718852400000,4613400.8
12281,1718856000000,4625467.2
12282,1718859600000,4634995.8
12283,1718863200000,4603467.7
12284,1718866800000,4685374.9
12285,1718870400000,4680636.3
12286,1718874000000,4663847.9
12287,1718877600000,4673942.0
12288,1718881200000,4669611.2
12289,1718884800000,4639996.2
12290,1718888400000,4600066.09999999
12291,1718892000000,4558407.8
12292,1718895600000,4528143.3
12293,1718899200000,4524707.4
12294,1718902800000,4507769.4
12295,1718906400000,4520211.8
12296,1718910000000,4508919.0
12297,1718913600000,4510247.5
12298,1718917200000,4513248.4
12299,1718920800000,4518313.7
12300,1718924400000,4510025.9
12301,1718928000000,4522720.09999999
12302,1718931600000,4505800.09999999
12303,1718935200000,4510341.3
12304,1718938800000,4497479.5
12305,1718942400000,4502366.0
12306,1718946000000,4487949.9
12307,1718949600000,4503220.8
12308,1718953200000,4508242.4
12309,1718956800000,4528676.3
12310,1718960400000,4567401.09999999
12311,1718964000000,4548969.8
12312,1718967600000,4537701.8
12313,1718971200000,4553537.7
12314,1718974800000,4534993.5
12315,1718978400000,4543857.9
12316,1718982000000,4549124.59999999
12317,1718985600000,4522934.3
12318,1718989200000,4529380.7
12319,1718992800000,4533118.5
12320,1718996400000,4558717.4
12321,1719000000000,4550197.59999999
12322,1719003600000,4543106.2
12323,1719007200000,4533493.5
12324,1719010800000,4522543.3
12325,1719014400000,4524889.9
12326,1719018000000,4495649.2
12327,1719021600000,4491827.5
12328,1719025200000,4491900.3
12329,1719028800000,4484796.0
12330,1719032400000,4483868.4
12331,1719036000000,4495856.2
12332,1719039600000,4496354.9
12333,1719043200000,4504815.5
12334,1719046800000,4495696.2
12335,1719050400000,4495352.7
12336,1719054000000,4499783.9
12337,1719057600000,4509558.3
12338,1719061200000,4517907.09999999
12339,1719064800000,4506947.7
12340,1719068400000,4507175.8
12341,1719072000000,4507856.8
12342,1719075600000,4506202.2
12343,1719079200000,4503235.5
12344,1719082800000,4507706.7
12345,1719086400000,4503271.0
12346,1719090000000,4494485.9
12347,1719093600000,4490511.4
12348,1719097200000,4492368.5
12349,1719100800000,4487350.2
12350,1719104400000,4485900.9
12351,1719108000000,4505401.0
12352,1719111600000,4502196.09999999
12353,1719115200000,4505103.5
12354,1719118800000,4505196.4
12355,1719122400000,4495836.09999999
12356,1719126000000,4488548.5
12357,1719129600000,4482401.2
12358,1719133200000,4480529.9
12359,1719136800000,4477626.9
12360,1719140400000,4483359.09999999
12361,1719144000000,4480920.2
12362,1719147600000,4483699.0
12363,1719151200000,4481296.5
12364,1719154800000,4487716.9
12365,1719158400000,4578248.0
12366,1719162000000,4624029.3
12367,1719165600000,4892048.5
12368,1719169200000,4970672.7
12369,1719172800000,4932370.2
12370,1719176400000,4877583.8
12371,1719180000000,4862362.0
12372,1719183600000,4854750.59999999
12373,1719187200000,4853182.4
12374,1719190800000,4804452.3
12375,1719194400000,4785312.5
12376,1719198000000,4859476.59999999
12377,1719201600000,4857413.0
12378,1719205200000,4872258.3
12379,1719208800000,4915376.8
12380,1719212400000,4923253.59999999
12381,1719216000000,4872978.2
12382,1719219600000,4879934.3
12383,1719223200000,4896507.09999999
12384,1719226800000,4879828.5
12385,1719230400000,4913049.2
12386,1719234000000,5034364.0
12387,1719237600000,5027805.3
12388,1719241200000,5018413.7
12389,1719244800000,4924433.59999999
12390,1719248400000,4876611.8
12391,1719252000000,4843107.9
12392,1719255600000,4857668.9
12393,1719259200000,4874336.0
12394,1719262800000,4878406.3
12395,1719266400000,4878500.3
12396,1719270000000,4867384.59999999
12397,1719273600000,4888454.0
12398,1719277200000,4892533.0
12399,1719280800000,4875642.3
12400,1719284400000,4881819.7
12401,1719288000000,4942238.9
12402,1719291600000,4945033.8
12403,1719295200000,4930801.0
12404,1719298800000,4973539.0
12405,1719302400000,4975052.2
12406,1719306000000,4966571.3
12407,1719309600000,5009598.0
12408,1719313200000,5029601.59999999
12409,1719316800000,5038486.4
12410,1719320400000,5017790.9
12411,1719324000000,5029340.9
12412,1719327600000,5004075.9
12413,1719331200000,4981026.9
12414,1719334800000,4944352.9
12415,1719338400000,4972618.7
12416,1719342000000,4941625.3
12417,1719345600000,4958632.59999999
12418,1719349200000,4954443.4
12419,1719352800000,4947098.5
12420,1719356400000,4940695.2
12421,1719360000000,4921675.9
12422,1719363600000,4921704.4
12423,1719367200000,4913309.3
12424,1719370800000,4918123.59999999
12425,1719374400000,4925678.59999999
12426,1719378000000,4936219.2
12427,1719381600000,4946291.3
12428,1719385200000,4941269.3
12429,1719388800000,4924735.8
12430,1719392400000,4930842.4
12431,1719396000000,4932669.7
12432,1719399600000,4916191.9
12433,1719403200000,4916644.3
12434,1719406800000,4926924.59999999
12435,1719410400000,4923726.4
12436,1719414000000,4921250.0
12437,1719417600000,4928664.9
12438,1719421200000,4946089.8
12439,1719424800000,4963988.09999999
12440,1719428400000,4969024.59999999
12441,1719432000000,4977088.2
12442,1719435600000,4977565.7
12443,1719439200000,4972800.7
12444,1719442800000,4965355.59999999
12445,1719446400000,4978262.9
12446,1719450000000,4977563.8
12447,1719453600000,5047712.09999999
12448,1719457200000,5008330.59999999
12449,1719460800000,5003242.59999999
12450,1719464400000,5002952.09999999
12451,1719468000000,5016358.9
12452,1719471600000,5017587.3
12453,1719475200000,5035189.7
12454,1719478800000,5061855.7
12455,1719482400000,5065641.59999999
12456,1719486000000,5067870.2
12457,1719489600000,5064778.7
12458,1719493200000,5037038.9
12459,1719496800000,5054018.5
12460,1719500400000,5026857.5
12461,1719504000000,5055966.8
12462,1719507600000,5049615.8
12463,1719511200000,5043741.8
12464,1719514800000,5056167.2
12465,1719518400000,5068465.2
12466,1719522000000,5074064.7
12467,1719525600000,5057608.4
12468,1719529200000,5054747.2
12469,1719532800000,5068881.2
12470,1719536400000,5047224.8
12471,1719540000000,5067344.8
12472,1719543600000,5061631.3
12473,1719547200000,5073290.5
12474,1719550800000,5081622.3
12475,1719554400000,5075133.3
12476,1719558000000,5064100.0
12477,1719561600000,5063791.59999999
12478,1719565200000,5050065.4
12479,1719568800000,5058825.2
12480,1719572400000,5076748.4
12481,1719576000000,5100670.4
12482,1719579600000,5093502.4
12483,1719583200000,5084550.5
12484,1719586800000,5064545.2
12485,1719590400000,5049998.5
12486,1719594000000,5059204.8
12487,1719597600000,5071859.9
12488,1719601200000,5066310.3
12489,1719604800000,5074248.3
12490,1719608400000,5079102.4
12491,1719612000000,5069676.5
12492,1719615600000,5073723.5
12493,1719619200000,5084156.4
12494,1719622800000,5065951.4
12495,1719626400000,5066674.5
12496,1719630000000,5058212.09999999
12497,1719633600000,5066365.9
12498,1719637200000,5066818.09999999
12499,1719640800000,5061664.2
12500,1719644400000,5065091.5
12501,1719648000000,5089944.9
12502,1719651600000,5085681.2
12503,1719655200000,5068943.09999999
12504,1719658800000,5085999.3
12505,1719662400000,5086332.7
12506,1719666000000,5087450.0
12507,1719669600000,5093269.9
12508,1719673200000,5089661.8
12509,1719676800000,5078548.4
12510,1719680400000,5075015.09999999
12511,1719684000000,5062247.2
12512,1719687600000,5083374.8
12513,1719691200000,5089766.59999999
12514,1719694800000,5095877.09999999
12515,1719698400000,5103281.59999999
12516,1719702000000,5104886.2
12517,1719705600000,5109610.09999999
12518,1719709200000,5110843.2
12519,1719712800000,5117135.0
12520,1719716400000,5135187.4
12521,1719720000000,5130037.7
12522,1719723600000,5141100.9
12523,1719727200000,5144651.4
12524,1719730800000,5149386.3
12525,1719734400000,5146424.59999999
12526,1719738000000,5137399.0
12527,1719741600000,5142781.0
12528,1719745200000,5140017.7
12529,1719748800000,5143028.4
12530,1719752400000,5152870.0
12531,1719756000000,5153500.4
12532,1719759600000,5128728.3
12533,1719763200000,5125220.5
12534,1719766800000,5123640.9
12535,1719770400000,5119197.8
12536,1719774000000,5142500.59999999
12537,1719777600000,5127612.09999999
12538,1719781200000,5109277.8
12539,1719784800000,5116537.3
12540,1719788400000,5122509.3
12541,1719792000000,5123475.3
12542,1719795600000,5132509.8
12543,1719799200000,5138560.4
12544,1719802800000,5133667.09999999
12545,1719806400000,5105349.2
12546,1719810000000,5080896.2
12547,1719813600000,5077651.7
12548,1719817200000,5078927.7
12549,1719820800000,5087233.7
12550,1719824400000,5066638.7
12551,1719828000000,5274400.2
12552,1719831600000,5218391.8
12553,1719835200000,5195262.9
12554,1719838800000,5193394.9
12555,1719842400000,5164068.5
12556,1719846000000,5177315.4
12557,1719849600000,5170162.3
12558,1719853200000,5100501.09999999
12559,1719856800000,5109892.9
12560,1719860400000,5124498.9
12561,1719864000000,5161661.2
12562,1719867600000,5153147.5
12563,1719871200000,5130429.4
12564,1719874800000,5168211.2
12565,1719878400000,5226125.4
12566,1719882000000,5176465.59999999
12567,1719885600000,5215985.4
12568,1719889200000,5206486.09999999
12569,1719892800000,5197055.5
12570,1719896400000,5197541.09999999
12571,1719900000000,5191843.3
12572,1719903600000,5286091.9
12573,1719907200000,5297703.09999999
12574,1719910800000,5311782.0
12575,1719914400000,5326294.3
12576,1719918000000,5295838.7
12577,1719921600000,5282641.9
12578,1719925200000,5296647.9
12579,1719928800000,5262066.9
12580,1719932400000,5298265.8
12581,1719936000000,5297450.09999999
12582,1719939600000,5297757.2
12583,1719943200000,5297404.3
12584,1719946800000,5297185.59999999
12585,1719950400000,5315113.2
12586,1719954000000,5297535.7
12587,1719957600000,5299412.2
12588,1719961200000,5290752.7
12589,1719964800000,5283632.5
12590,1719968400000,5273925.5
12591,1719972000000,5273177.0
12592,1719975600000,5276099.8
12593,1719979200000,5288470.4
12594,1719982800000,5283786.8
12595,1719986400000,5285297.3
12596,1719990000000,5306666.5
12597,1719993600000,5306041.4
12598,1719997200000,5307851.9
12599,1720000800000,5317072.9
12600,1720004400000,5269611.9
12601,1720008000000,5295501.0
12602,1720011600000,5306636.7
12603,1720015200000,5301497.2
12604,1720018800000,5304437.3
12605,1720022400000,5289350.3
12606,1720026000000,5305505.4
12607,1720029600000,5353569.8
12608,1720033200000,5366758.7
12609,1720036800000,5380951.09999999
12610,1720040400000,5371903.7
12611,1720044000000,5347712.3
12612,1720047600000,5337163.5
12613,1720051200000,5335845.4
12614,1720054800000,5381992.5
12615,1720058400000,5371845.2
12616,1720062000000,5410169.3
12617,1720065600000,5335348.9
12618,1720069200000,5325629.9
12619,1720072800000,5330910.2
12620,1720076400000,5353629.4
12621,1720080000000,5335936.8
12622,1720083600000,5352265.2
12623,1720087200000,5377123.8
12624,1720090800000,5339622.3
12625,1720094400000,5350249.5
12626,1720098000000,5423172.8
12627,1720101600000,5517633.09999999
12628,1720105200000,5308965.7
12629,1720108800000,5244352.8
12630,1720112400000,5223460.3
12631,1720116000000,5219320.9
12632,1720119600000,5217909.59999999
12633,1720123200000,5190837.3
12634,1720126800000,5184499.3
12635,1720130400000,5183889.2
12636,1720134000000,5186163.4
12637,1720137600000,5198940.7
12638,1720141200000,5127457.59999999
12639,1720144800000,5182748.59999999
12640,1720148400000,5180322.7
12641,1720152000000,5087094.59999999
12642,1720155600000,4994001.5
12643,1720159200000,5025838.5
12644,1720162800000,5029766.59999999
12645,1720166400000,5044351.5
12646,1720170000000,4984048.5
12647,1720173600000,4983048.2
12648,1720177200000,4993941.3
12649,1720180800000,5038328.59999999
12650,1720184400000,4953661.0
12651,1720188000000,5074935.7
12652,1720191600000,5073405.5
12653,1720195200000,5224555.0
12654,1720198800000,5094396.7
12655,1720202400000,5065157.7
12656,1720206000000,5080295.4
12657,1720209600000,5068851.7
12658,1720213200000,5075112.5
12659,1720216800000,5071588.09999999
12660,1720220400000,5057729.2
12661,1720224000000,5041236.9
12662,1720227600000,5090705.59999999
12663,1720231200000,5102426.3
12664,1720234800000,5098435.0
12665,1720238400000,5094132.8
12666,1720242000000,5078295.7
12667,1720245600000,5076688.9
12668,1720249200000,5088200.2
12669,1720252800000,5052687.4
12670,1720256400000,5026940.0
12671,1720260000000,5000036.59999999
12672,1720263600000,4822784.2
12673,1720267200000,4775928.3
12674,1720270800000,4828367.3
12675,1720274400000,4827642.9
12676,1720278000000,4803314.5
12677,1720281600000,4807330.2
12678,1720285200000,4739211.09999999
12679,1720288800000,4721096.59999999
12680,1720292400000,4714635.59999999
12681,1720296000000,4665077.3
12682,1720299600000,4682434.9
12683,1720303200000,4659419.3
12684,1720306800000,4744808.9
12685,1720310400000,4728771.09999999
12686,1720314000000,4732364.59999999
12687,1720317600000,4804993.4
12688,1720321200000,4754266.09999999
12689,1720324800000,4746673.8
12690,1720328400000,4771125.59999999
12691,1720332000000,4757444.0
12692,1720335600000,4754567.5
12693,1720339200000,4684859.09999999
12694,1720342800000,4680820.7
12695,1720346400000,4672419.3
12696,1720350000000,4659415.7
12697,1720353600000,4619490.0
12698,1720357200000,4638497.0
12699,1720360800000,4620643.7
12700,1720364400000,4807403.3
12701,1720368000000,4779013.3
12702,1720371600000,4699963.4
12703,1720375200000,4684542.8
12704,1720378800000,4688514.3
12705,1720382400000,4684544.0
12706,1720386000000,4689346.5
12707,1720389600000,4569168.7
12708,1720393200000,4578977.2
12709,1720396800000,4623476.9
12710,1720400400000,4670868.7
12711,1720404000000,4640936.8
12712,1720407600000,4651879.2
12713,1720411200000,4604467.7
12714,1720414800000,4487601.59999999
12715,1720418400000,4487106.0
12716,1720422000000,4502917.4
12717,1720425600000,4514982.8
12718,1720429200000,4415292.5
12719,1720432800000,4570135.8
12720,1720436400000,4579423.09999999
12721,1720440000000,4388815.3
12722,1720443600000,4355969.8
12723,1720447200000,4334803.5
12724,1720450800000,4404330.3
12725,1720454400000,4397174.8
12726,1720458000000,4358862.2
12727,1720461600000,4377633.9
12728,1720465200000,4378388.0
12729,1720468800000,4371102.5
12730,1720472400000,4382307.7
12731,1720476000000,4392418.5
12732,1720479600000,4403412.4
12733,1720483200000,4418713.2
12734,1720486800000,4461332.4
12735,1720490400000,4441095.3
12736,1720494000000,4444235.7
12737,1720497600000,4457384.09999999
12738,1720501200000,4414121.09999999
12739,1720504800000,4434945.0
12740,1720508400000,4449352.59999999
12741,1720512000000,4451973.2
12742,1720515600000,4477952.4
12743,1720519200000,4482757.59999999
12744,1720522800000,4478768.0
12745,1720526400000,4481770.2
12746,1720530000000,4450365.9
12747,1720533600000,4449664.4
12748,1720537200000,4378782.5
12749,1720540800000,4376018.7
12750,1720544400000,4355520.7
12751,1720548000000,4355262.9
12752,1720551600000,4342630.09999999
12753,1720555200000,4341965.8
12754,1720558800000,4340040.4
12755,1720562400000,4339518.8
12756,1720566000000,4332104.4
12757,1720569600000,4317450.09999999
12758,1720573200000,4342637.09999999
12759,1720576800000,4345884.0
12760,1720580400000,4327034.3
12761,1720584000000,4328875.3
12762,1720587600000,4304774.9
12763,1720591200000,4324038.8
12764,1720594800000,4331011.3
12765,1720598400000,4321917.59999999
12766,1720602000000,4315556.09999999
12767,1720605600000,4368758.09999999
12768,1720609200000,4369725.3
12769,1720612800000,4377652.8
12770,1720616400000,4369498.5
12771,1720620000000,4355869.2
12772,1720623600000,4361354.59999999
12773,1720627200000,4402755.5
12774,1720630800000,4423734.4
12775,1720634400000,4412422.3
12776,1720638000000,4392453.4
12777,1720641600000,4389569.2
12778,1720645200000,4394257.7
12779,1720648800000,4390590.8
12780,1720652400000,4386017.7
12781,1720656000000,4385312.3
12782,1720659600000,4359897.3
12783,1720663200000,4301990.5
12784,1720666800000,4303246.09999999
12785,1720670400000,4278124.8
12786,1720674000000,4295775.3
12787,1720677600000,4301648.5
12788,1720681200000,4305090.09999999
12789,1720684800000,4313800.2
12790,1720688400000,4284743.5
12791,1720692000000,4290090.3
12792,1720695600000,4305427.9
12793,1720699200000,4319729.2
12794,1720702800000,4279422.2
12795,1720706400000,4478931.3
12796,1720710000000,4475053.09999999
12797,1720713600000,4512337.5
12798,1720717200000,4608587.7
12799,1720720800000,4695202.5
12800,1720724400000,4723633.3
12801,1720728000000,4802424.9
12802,1720731600000,4776514.4
12803,1720735200000,4781611.3
12804,1720738800000,4631523.5
12805,1720742400000,4625748.7
12806,1720746000000,4600627.5
12807,1720749600000,4598952.0
12808,1720753200000,4586181.9
12809,1720756800000,4568152.9
12810,1720760400000,4597136.59999999
12811,1720764000000,4576710.09999999
12812,1720767600000,4571569.3
12813,1720771200000,4578182.5
12814,1720774800000,4572840.0
12815,1720778400000,4587823.3
12816,1720782000000,4584116.4
12817,1720785600000,4574232.7
12818,1720789200000,4546357.09999999
12819,1720792800000,4555259.7
12820,1720796400000,4559646.8
12821,1720800000000,4566708.2
12822,1720803600000,4568407.8
12823,1720807200000,4564753.0
12824,1720810800000,4580523.5
12825,1720814400000,4583563.2
12826,1720818000000,4558755.0
12827,1720821600000,4581778.2
12828,1720825200000,4534488.4
12829,1720828800000,4552991.4
12830,1720832400000,4533786.9
12831,1720836000000,4521038.2
12832,1720839600000,4506712.59999999
12833,1720843200000,4511574.09999999
12834,1720846800000,4524226.3
12835,1720850400000,4500013.0
12836,1720854000000,4486478.9
12837,1720857600000,4454525.9
12838,1720861200000,4445365.5
12839,1720864800000,4439304.7
12840,1720868400000,4460647.8
12841,1720872000000,4468146.9
12842,1720875600000,4462197.09999999
12843,1720879200000,4473949.59999999
12844,1720882800000,4466779.0
12845,1720886400000,4473508.8
12846,1720890000000,4461292.59999999
12847,1720893600000,4448990.4
12848,1720897200000,4508402.4
12849,1720900800000,4518689.9
12850,1720904400000,4491581.0
12851,1720908000000,4487651.0
12852,1720911600000,4491588.3
12853,1720915200000,4489633.59999999
12854,1720918800000,4535880.7
12855,1720922400000,4549616.0
12856,1720926000000,4545008.9
12857,1720929600000,4548009.5
12858,1720933200000,4531026.0
12859,1720936800000,4565448.2
12860,1720940400000,4559476.0
12861,1720944000000,4551307.3
12862,1720947600000,4557863.5
12863,1720951200000,4566272.09999999
12864,1720954800000,4594139.4
12865,1720958400000,4576725.3
12866,1720962000000,4556588.0
12867,1720965600000,4559891.5
12868,1720969200000,4542003.7
12869,1720972800000,4529389.9
12870,1720976400000,4503821.5
12871,1720980000000,4508052.3
12872,1720983600000,4514445.09999999
12873,1720987200000,4534699.09999999
12874,1720990800000,4523551.9
12875,1720994400000,4489270.5
12876,1720998000000,4459642.59999999
12877,1721001600000,4477192.7
12878,1721005200000,4476220.59999999
12879,1721008800000,4463591.8
12880,1721012400000,4474651.2
12881,1721016000000,4486378.0
12882,1721019600000,4499919.59999999
12883,1721023200000,4507662.3
12884,1721026800000,4493988.2
12885,1721030400000,4501469.2
12886,1721034000000,4517330.4
12887,1721037600000,4532087.2
12888,1721041200000,4564911.09999999
12889,1721044800000,4537887.59999999
12890,1721048400000,4605226.8
12891,1721052000000,4676185.09999999
12892,1721055600000,4723708.9
12893,1721059200000,4741074.7
12894,1721062800000,4757139.2
12895,1721066400000,4798381.2
12896,1721070000000,4780147.8
12897,1721073600000,4821729.5
12898,1721077200000,4824953.09999999
12899,1721080800000,4788882.59999999
12900,1721084400000,4824202.8
12901,1721088000000,4854281.59999999
12902,1721091600000,4861207.4
12903,1721095200000,4875699.7
12904,1721098800000,4883288.5
12905,1721102400000,4877553.7
12906,1721106000000,4904694.09999999
12907,1721109600000,4898607.09999999
12908,1721113200000,4816491.9
12909,1721116800000,4811826.2
12910,1721120400000,4813388.8
12911,1721124000000,4841114.9
12912,1721127600000,4859241.4
12913,1721131200000,4856782.9
12914,1721134800000,4846779.4
12915,1721138400000,4916807.8
12916,1721142000000,4911175.2
12917,1721145600000,4981646.7
12918,1721149200000,4965081.8
12919,1721152800000,4985094.8
12920,1721156400000,4965199.7
12921,1721160000000,4946112.59999999
12922,1721163600000,4965277.4
12923,1721167200000,4987033.2
12924,1721170800000,4966115.5
12925,1721174400000,4958896.59999999
12926,1721178000000,4995711.2
12927,1721181600000,5059975.9
12928,1721185200000,5033662.3
12929,1721188800000,5019081.5
12930,1721192400000,5054003.3
12931,1721196000000,5064380.3
12932,1721199600000,5159417.4
12933,1721203200000,5137539.2
12934,1721206800000,5117874.4
12935,1721210400000,5128987.3
12936,1721214000000,5132603.59999999
12937,1721217600000,5121041.9
12938,1721221200000,5121994.2
12939,1721224800000,5314152.5
12940,1721228400000,5294451.3
12941,1721232000000,5313582.9
12942,1721235600000,5190755.9
12943,1721239200000,5208781.3
12944,1721242800000,5144253.09999999
12945,1721246400000,5125988.0
12946,1721250000000,5115834.2
12947,1721253600000,5087585.09999999
12948,1721257200000,5103193.0
12949,1721260800000,5116802.7
12950,1721264400000,5146672.8
12951,1721268000000,5180565.5
12952,1721271600000,5178483.2
12953,1721275200000,5203873.5
12954,1721278800000,5185724.5
12955,1721282400000,5081550.8
12956,1721286000000,5078180.2
12957,1721289600000,5059132.7
12958,1721293200000,5066562.2
12959,1721296800000,5094136.7
12960,1721300400000,5090457.09999999
12961,1721304000000,5094967.59999999
12962,1721307600000,5109823.59999999
12963,1721311200000,5083729.4
12964,1721314800000,5044819.7
12965,1721318400000,5080428.7
12966,1721322000000,5093970.4
12967,1721325600000,5043862.7
12968,1721329200000,5043297.5
12969,1721332800000,5023694.0
12970,1721336400000,5029097.2
12971,1721340000000,5039827.4
12972,1721343600000,5014081.3
12973,1721347200000,5012021.09999999
12974,1721350800000,5016366.8
12975,1721354400000,5039995.59999999
12976,1721358000000,5112824.09999999
12977,1721361600000,5100859.7
12978,1721365200000,5127051.8
12979,1721368800000,5108565.59999999
12980,1721372400000,5125779.09999999
12981,1721376000000,5110819.7
12982,1721379600000,5137428.5
12983,1721383200000,5159239.5
12984,1721386800000,5153372.5
12985,1721390400000,5112417.8
12986,1721394000000,5120709.8
12987,1721397600000,5146387.2
12988,1721401200000,5198966.7
12989,1721404800000,5178399.09999999
12990,1721408400000,5203897.09999999
12991,1721412000000,5206125.7
12992,1721415600000,5223667.59999999
12993,1721419200000,5210790.4
12994,1721422800000,5221659.7
12995,1721426400000,5211885.5
12996,1721430000000,5202841.5
12997,1721433600000,5215456.4
12998,1721437200000,5208235.5
12999,1721440800000,5253014.2
13000,1721444400000,5294407.4
13001,1721448000000,5391008.3
13002,1721451600000,5393373.7
13003,1721455200000,5457178.8
13004,1721458800000,5464100.8
13005,1721462400000,5476579.3
13006,1721466000000,5470508.59999999
13007,1721469600000,5472358.09999999
13008,1721473200000,5491628.5
13009,1721476800000,5470300.5
13010,1721480400000,5452952.9
13011,1721484000000,5450139.09999999
13012,1721487600000,5409162.4
13013,1721491200000,5475164.9
13014,1721494800000,5488149.59999999
13015,1721498400000,5471641.59999999
13016,1721502000000,5457794.59999999
13017,1721505600000,5452774.4
13018,1721509200000,5442891.59999999
13019,1721512800000,5331430.3
13020,1721516400000,5311015.2
13021,1721520000000,5313099.0
13022,1721523600000,5305858.7
13023,1721527200000,5311769.09999999
13024,1721530800000,5324875.09999999
13025,1721534400000,5461927.7
13026,1721538000000,5372605.4
13027,1721541600000,5346205.59999999
13028,1721545200000,5356505.5
13029,1721548800000,5319517.5
13030,1721552400000,5329502.4
13031,1721556000000,5331077.2
13032,1721559600000,5329920.59999999
13033,1721563200000,5334920.9
13034,1721566800000,5334908.2
13035,1721570400000,5328233.7
13036,1721574000000,5380457.4
13037,1721577600000,5303522.59999999
13038,1721581200000,5256637.2
13039,1721584800000,5224263.2
13040,1721588400000,5199029.5
13041,1721592000000,5204089.4
13042,1721595600000,5215643.7
13043,1721599200000,5244699.59999999
13044,1721602800000,5278615.2
13045,1721606400000,5301297.2
13046,1721610000000,5300790.59999999
13047,1721613600000,5263715.59999999
13048,1721617200000,5267379.9
13049,1721620800000,5273100.2
13050,1721624400000,5302999.2
13051,1721628000000,5306289.5
13052,1721631600000,5313072.09999999
13053,1721635200000,5320049.4
13054,1721638800000,5316865.9
13055,1721642400000,5358396.59999999
13056,1721646000000,5364218.7
13057,1721649600000,5359918.3
13058,1721653200000,5390942.09999999
13059,1721656800000,5334329.7
13060,1721660400000,5491433.3
13061,1721664000000,5498306.4
13062,1721667600000,5520210.59999999
13063,1721671200000,5498168.4
13064,1721674800000,5494811.3
13065,1721678400000,5486048.8
13066,1721682000000,5482315.8
13067,1721685600000,5444575.59999999
13068,1721689200000,5428745.8
13069,1721692800000,5367211.0
13070,1721696400000,5364074.8
13071,1721700000000,5369218.09999999
13072,1721703600000,5376472.09999999
13073,1721707200000,5362740.4
13074,1721710800000,5356971.3
13075,1721714400000,5293479.2
13076,1721718000000,5300788.2
13077,1721721600000,5267582.4
13078,1721725200000,5261176.09999999
13079,1721728800000,5246419.3
13080,1721732400000,5240526.2
13081,1721736000000,5226341.59999999
13082,1721739600000,5228597.7
13083,1721743200000,5212904.8
13084,1721746800000,5212814.8
13085,1721750400000,5186559.59999999
13086,1721754000000,5198984.8
13087,1721757600000,5227446.2
13088,1721761200000,5222117.5
13089,1721764800000,5266224.9
13090,1721768400000,5247317.59999999
13091,1721772000000,5235043.4
13092,1721775600000,5199925.4
13093,1721779200000,5197894.9
13094,1721782800000,5203595.0
13095,1721786400000,5175394.2
13096,1721790000000,5166597.0
13097,1721793600000,5160634.0
13098,1721797200000,5163776.09999999
13099,1721800800000,5188027.2
13100,1721804400000,5183342.8
13101,1721808000000,5209851.59999999
13102,1721811600000,5234709.4
13103,1721815200000,5249009.7
13104,1721818800000,5258151.9
13105,1721822400000,5283970.7
13106,1721826000000,5254268.4
13107,1721829600000,5260844.0
13108,1721833200000,5275442.09999999
13109,1721836800000,5225849.8
13110,1721840400000,5219246.7
13111,1721844000000,5212761.4
13112,1721847600000,5216952.09999999
13113,1721851200000,5256909.4
13114,1721854800000,5253025.5
13115,1721858400000,5205970.5
13116,1721862000000,5223989.2
13117,1721865600000,5230283.5
13118,1721869200000,5232152.7
13119,1721872800000,5250767.3
13120,1721876400000,5246762.59999999
13121,1721880000000,5254877.4
13122,1721883600000,5310396.3
13123,1721887200000,5377150.3
13124,1721890800000,5386317.8
13125,1721894400000,5373160.9
13126,1721898000000,5400757.0
13127,1721901600000,5401122.4
13128,1721905200000,5407562.09999999
13129,1721908800000,5397642.5
13130,1721912400000,5373912.4
13131,1721916000000,5467423.0
13132,1721919600000,5467555.5
13133,1721923200000,5500982.7
13134,1721926800000,5482041.7
13135,1721930400000,5495901.5
13136,1721934000000,5496961.3
13137,1721937600000,5551232.4
13138,1721941200000,5500876.8
13139,1721944800000,5541910.4
13140,1721948400000,5565490.7
13141,1721952000000,5502283.09999999
13142,1721955600000,5453278.7
13143,1721959200000,5459665.5
13144,1721962800000,5412739.59999999
13145,1721966400000,5367505.4
13146,1721970000000,5361332.9
13147,1721973600000,5359698.2
13148,1721977200000,5337256.8
13149,1721980800000,5268044.5
13150,1721984400000,5247385.4
13151,1721988000000,5270994.2
13152,1721991600000,5232888.5
13153,1721995200000,5243685.9
13154,1721998800000,5253705.59999999
13155,1722002400000,5242645.4
13156,1722006000000,5228654.5
13157,1722009600000,5202440.09999999
13158,1722013200000,5206933.9
13159,1722016800000,5211573.8
13160,1722020400000,5237598.3
13161,1722024000000,5230377.3
13162,1722027600000,5257600.4
13163,1722031200000,5277031.4
13164,1722034800000,5272477.5
13165,1722038400000,5273518.9
13166,1722042000000,5268944.9
13167,1722045600000,5241325.8
13168,1722049200000,5183739.5
13169,1722052800000,5167945.0
13170,1722056400000,5167792.2
13171,1722060000000,5160937.4
13172,1722063600000,5164691.0
13173,1722067200000,5162639.59999999
13174,1722070800000,5183579.3
13175,1722074400000,5185619.09999999
13176,1722078000000,5187107.3
13177,1722081600000,5255189.4
13178,1722085200000,5249696.5
13179,1722088800000,5265247.59999999
13180,1722092400000,5233088.9
13181,1722096000000,5224452.8
13182,1722099600000,5243927.09999999
13183,1722103200000,5276425.9
13184,1722106800000,5296845.4
13185,1722110400000,5285254.09999999
13186,1722114000000,5298001.59999999
13187,1722117600000,5281907.9
13188,1722121200000,5299693.5
13189,1722124800000,5313347.8
13190,1722128400000,5322519.59999999
13191,1722132000000,5335384.59999999
13192,1722135600000,5339404.8
13193,1722139200000,5336534.5
13194,1722142800000,5313297.7
13195,1722146400000,5324844.09999999
13196,1722150000000,5306182.7
13197,1722153600000,5299485.7
13198,1722157200000,5308681.59999999
13199,1722160800000,5306098.7
13200,1722164400000,5330651.9
13201,1722168000000,5316390.59999999
13202,1722171600000,5313838.7
13203,1722175200000,5298873.59999999
13204,1722178800000,5287550.3
13205,1722182400000,5286574.9
13206,1722186000000,5282248.8
13207,1722189600000,5276472.5
13208,1722193200000,5262841.2
13209,1722196800000,5266840.7
13210,1722200400000,5242961.09999999
13211,1722204000000,5215647.5
13212,1722207600000,5227639.4
13213,1722211200000,5202933.8
13214,1722214800000,5155585.59999999
13215,1722218400000,5162966.09999999
13216,1722222000000,5177035.9
13217,1722225600000,5201017.7
13218,1722229200000,5185508.4
13219,1722232800000,5188631.59999999
13220,1722236400000,5180688.4
13221,1722240000000,5170172.59999999
13222,1722243600000,5197354.0
13223,1722247200000,5193867.4
13224,1722250800000,5225957.8
13225,1722254400000,5220487.0
13226,1722258000000,5209376.8
13227,1722261600000,5205228.2
13228,1722265200000,5213772.09999999
13229,1722268800000,5197146.7
13230,1722272400000,5166853.5
13231,1722276000000,5163658.2
13232,1722279600000,5169163.8
13233,1722283200000,5173214.5
13234,1722286800000,5176796.0
13235,1722290400000,5160453.7
13236,1722294000000,5173476.7
13237,1722297600000,5174412.59999999
13238,1722301200000,5143522.2
13239,1722304800000,5123555.59999999
13240,1722308400000,5121926.59999999
13241,1722312000000,5203630.0
13242,1722315600000,5197428.7
13243,1722319200000,5187579.2
13244,1722322800000,5183593.5
13245,1722326400000,5183424.7
13246,1722330000000,5189303.2
13247,1722333600000,5185468.8
13248,1722337200000,5188844.0
13249,1722340800000,5187950.0
13250,1722344400000,5207639.9
13251,1722348000000,5190893.2
13252,1722351600000,5193788.7
13253,1722355200000,5185605.2
13254,1722358800000,5179272.3
13255,1722362400000,5180048.59999999
13256,1722366000000,5183132.8
13257,1722369600000,5201388.5
13258,1722373200000,5271691.0
13259,1722376800000,5242197.5
13260,1722380400000,5242445.4
13261,1722384000000,5242461.59999999
13262,1722387600000,5226052.59999999
13263,1722391200000,5239760.4
13264,1722394800000,5252861.8
13265,1722398400000,5248491.8
13266,1722402000000,5275138.9
13267,1722405600000,5265085.8
13268,1722409200000,5262815.8
13269,1722412800000,5272697.2
13270,1722416400000,5275283.5
13271,1722420000000,5281786.8
13272,1722423600000,5277360.09999999
13273,1722427200000,5283340.0
13274,1722430800000,5264088.5
13275,1722434400000,5244958.7
13276,1722438000000,5278997.3
13277,1722441600000,5267190.7
13278,1722445200000,5273487.4
13279,1722448800000,5267826.5
13280,1722452400000,5262344.0
13281,1722456000000,5236682.7
13282,1722459600000,5243561.4
13283,1722463200000,5215897.9
13284,1722466800000,5207440.8
13285,1722470400000,5236444.4
13286,1722474000000,5271599.8
13287,1722477600000,5271472.0
13288,1722481200000,5258305.7
13289,1722484800000,5250622.3
13290,1722488400000,5246394.3
13291,1722492000000,5246964.59999999
13292,1722495600000,5262849.59999999
13293,1722499200000,5266464.7
13294,1722502800000,5251484.3
13295,1722506400000,5251941.9
13296,1722510000000,5246780.0
13297,1722513600000,5240615.09999999
13298,1722517200000,5230645.4
13299,1722520800000,5216941.59999999
13300,1722524400000,5231690.5
13301,1722528000000,5223334.7
13302,1722531600000,5157756.9
13303,1722535200000,5149468.3
13304,1722538800000,5304086.4
13305,1722542400000,5267993.09999999
13306,1722546000000,5156908.3
13307,1722549600000,5121033.59999999
13308,1722553200000,5180307.4
13309,1722556800000,5176594.8
13310,1722560400000,5173049.4
13311,1722564000000,5176630.3
13312,1722567600000,5166640.2
13313,1722571200000,5169013.4
13314,1722574800000,5169265.59999999
13315,1722578400000,5170016.59999999
13316,1722582000000,5180203.5
13317,1722585600000,5208093.5
13318,1722589200000,5201580.7
13319,1722592800000,5215029.5
13320,1722596400000,5203124.9
13321,1722600000000,5205500.59999999
13322,1722603600000,5194185.09999999
13323,1722607200000,5158672.59999999
13324,1722610800000,5150620.2
13325,1722614400000,5132729.2
13326,1722618000000,5138606.7
13327,1722621600000,5127878.8
13328,1722625200000,5131249.5
13329,1722628800000,5120586.9
13330,1722632400000,5184666.5
13331,1722636000000,5167626.8
13332,1722639600000,5136411.09999999
13333,1722643200000,5134102.7
13334,1722646800000,5150400.0
13335,1722650400000,5164400.7
13336,1722654000000,5154654.5
13337,1722657600000,5137866.0
13338,1722661200000,5145617.8
13339,1722664800000,5132843.09999999
13340,1722668400000,5118022.09999999
13341,1722672000000,5111432.3
13342,1722675600000,5109277.2
13343,1722679200000,5108372.4
13344,1722682800000,5119861.2
13345,1722686400000,5130469.8
13346,1722690000000,5124480.7
13347,1722693600000,5118002.7
13348,1722697200000,5115734.8
13349,1722700800000,5088577.59999999
13350,1722704400000,5005169.3
13351,1722708000000,5017140.9
13352,1722711600000,5030570.4
13353,1722715200000,5088148.9
13354,1722718800000,5278806.2
13355,1722722400000,5174306.09999999
13356,1722726000000,5168155.5
13357,1722729600000,5143550.9
13358,1722733200000,5149645.3
13359,1722736800000,5148908.2
13360,1722740400000,5155538.4
13361,1722744000000,5163720.8
13362,1722747600000,5184313.4
13363,1722751200000,5167289.3
13364,1722754800000,5181177.59999999
13365,1722758400000,5195004.59999999
13366,1722762000000,5178510.5
13367,1722765600000,5182296.7
13368,1722769200000,5196991.59999999
13369,1722772800000,5165952.4
13370,1722776400000,5181286.2
13371,1722780000000,5178888.8
13372,1722783600000,5182778.7
13373,1722787200000,5108207.9
13374,1722790800000,5127397.09999999
13375,1722794400000,5113721.59999999
13376,1722798000000,5483386.9
13377,1722801600000,5481288.8
13378,1722805200000,5458196.0
13379,1722808800000,5444385.9
13380,1722812400000,5460843.2
13381,1722816000000,5420702.59999999
13382,1722819600000,5282702.09999999
13383,1722823200000,5328548.9
13384,1722826800000,5395493.09999999
13385,1722830400000,5275257.5
13386,1722834000000,5354307.4
13387,1722837600000,5348300.4
13388,1722841200000,5123361.9
13389,1722844800000,5029603.7
13390,1722848400000,4932905.59999999
13391,1722852000000,4928466.8
13392,1722855600000,4942561.59999999
13393,1722859200000,4946381.9
13394,1722862800000,4910331.5
13395,1722866400000,4782907.09999999
13396,1722870000000,4675431.59999999
13397,1722873600000,4607556.0
13398,1722877200000,4579343.09999999
13399,1722880800000,4676783.3
13400,1722884400000,4665179.4
13401,1722888000000,4585142.09999999
13402,1722891600000,4570100.09999999
13403,1722895200000,4571028.09999999
13404,1722898800000,4539818.59999999
13405,1722902400000,4546782.3
13406,1722906000000,4529805.7
13407,1722909600000,4587198.4
13408,1722913200000,4542014.0
13409,1722916800000,4521322.7
13410,1722920400000,4519244.59999999
13411,1722924000000,4539274.9
13412,1722927600000,4527688.8
13413,1722931200000,4518371.0
13414,1722934800000,4478729.59999999
13415,1722938400000,4467115.5
13416,1722942000000,4462684.7
13417,1722945600000,4474788.5
13418,1722949200000,4472478.59999999
13419,1722952800000,4466843.7
13420,1722956400000,4536437.8
13421,1722960000000,4514926.2
13422,1722963600000,4505164.7
13423,1722967200000,4459018.4
13424,1722970800000,4415234.5
13425,1722974400000,4437849.09999999
13426,1722978000000,4456511.3
13427,1722981600000,4430045.09999999
13428,1722985200000,4518056.9
13429,1722988800000,4535258.5
13430,1722992400000,4362481.5
13431,1722996000000,4352545.59999999
13432,1722999600000,4355987.4
13433,1723003200000,4378085.3
13434,1723006800000,4366574.3
13435,1723010400000,4389756.9
13436,1723014000000,4385512.5
13437,1723017600000,4399930.59999999
13438,1723021200000,4425309.3
13439,1723024800000,4427218.3
13440,1723028400000,4423428.7
13441,1723032000000,4410047.8
13442,1723035600000,4391727.4
13443,1723039200000,4396398.5
13444,1723042800000,4329486.9
13445,1723046400000,4279265.9
13446,1723050000000,4270455.7
13447,1723053600000,4394461.2
13448,1723057200000,4397531.8
13449,1723060800000,4415816.5
13450,1723064400000,4413114.5
13451,1723068000000,4416666.4
13452,1723071600000,4390759.09999999
13453,1723075200000,4339016.8
13454,1723078800000,4324625.2
13455,1723082400000,4405864.5
13456,1723086000000,4402026.09999999
13457,1723089600000,4423578.09999999
13458,1723093200000,4410323.59999999
13459,1723096800000,4394981.4
13460,1723100400000,4404019.7
13461,1723104000000,4392893.4
13462,1723107600000,4392263.09999999
13463,1723111200000,4387206.59999999
13464,1723114800000,4382587.2
13465,1723118400000,4400050.9
13466,1723122000000,4443943.09999999
13467,1723125600000,4459337.4
13468,1723129200000,4457850.09999999
13469,1723132800000,4465551.9
13470,1723136400000,4466060.8
13471,1723140000000,4492118.4
13472,1723143600000,4497035.2
13473,1723147200000,4464885.7
13474,1723150800000,4450694.2
13475,1723154400000,4560269.5
13476,1723158000000,4532775.3
13477,1723161600000,4467667.59999999
13478,1723165200000,4447005.8
13479,1723168800000,4513137.4
13480,1723172400000,4484318.09999999
13481,1723176000000,4417390.5
13482,1723179600000,4469478.09999999
13483,1723183200000,4478671.8
13484,1723186800000,4507138.09999999
13485,1723190400000,4525300.0
13486,1723194000000,4515648.0
13487,1723197600000,4498320.8
13488,1723201200000,4495102.7
13489,1723204800000,4465022.09999999
13490,1723208400000,4472192.5
13491,1723212000000,4481953.59999999
13492,1723215600000,4488189.8
13493,1723219200000,4461289.4
13494,1723222800000,4450223.4
13495,1723226400000,4435350.7
13496,1723230000000,4437644.8
13497,1723233600000,4414862.8
13498,1723237200000,4405155.8
13499,1723240800000,4430274.3
13500,1723244400000,4405805.7
13501,1723248000000,4391663.4
13502,1723251600000,4391309.9
13503,1723255200000,4379687.9
13504,1723258800000,4383836.59999999
13505,1723262400000,4367468.4
13506,1723266000000,4359449.3
13507,1723269600000,4356877.09999999
13508,1723273200000,4348998.5
13509,1723276800000,4355006.09999999
13510,1723280400000,4344424.9
13511,1723284000000,4343196.3
13512,1723287600000,4353566.4
13513,1723291200000,4396776.5
13514,1723294800000,4395348.5
13515,1723298400000,4390425.5
13516,1723302000000,4393940.9
13517,1723305600000,4411589.8
13518,1723309200000,4419458.9
13519,1723312800000,4424398.3
13520,1723316400000,4419205.59999999
13521,1723320000000,4445580.2
13522,1723323600000,4445029.8
13523,1723327200000,4428768.59999999
13524,1723330800000,4435715.5
13525,1723334400000,4439664.2
13526,1723338000000,4432925.4
13527,1723341600000,4432910.0
13528,1723345200000,4419942.3
13529,1723348800000,4428466.7
13530,1723352400000,4415537.09999999
13531,1723356000000,4425911.59999999
13532,1723359600000,4445534.9
13533,1723363200000,4450745.0
13534,1723366800000,4416583.2
13535,1723370400000,4429740.59999999
13536,1723374000000,4496969.9
13537,1723377600000,4463287.9
13538,1723381200000,4473745.7
13539,1723384800000,4464129.4
13540,1723388400000,4469085.59999999
13541,1723392000000,4442506.9
13542,1723395600000,4434510.8
13543,1723399200000,4437625.8
13544,1723402800000,4444524.0
13545,1723406400000,4497352.59999999
13546,1723410000000,4552204.8
13547,1723413600000,4534328.4
13548,1723417200000,4618658.3
13549,1723420800000,4605770.09999999
13550,1723424400000,4619225.59999999
13551,1723428000000,4585762.7
13552,1723431600000,4564594.5
13553,1723435200000,4554797.9
13554,1723438800000,4549077.59999999
13555,1723442400000,4549587.7
13556,1723446000000,4564076.4
13557,1723449600000,4594305.59999999
13558,1723453200000,4587900.59999999
13559,1723456800000,4635311.5
13560,1723460400000,4640728.09999999
13561,1723464000000,4667163.59999999
13562,1723467600000,4659827.5
13563,1723471200000,4624578.09999999
13564,1723474800000,4601969.3
13565,1723478400000,4623605.59999999
13566,1723482000000,4608111.9
13567,1723485600000,4595255.0
13568,1723489200000,4601174.09999999
13569,1723492800000,4597788.5
13570,1723496400000,4604621.7
13571,1723500000000,4609593.0
13572,1723503600000,4617890.9
13573,1723507200000,4601399.0
13574,1723510800000,4607642.0
13575,1723514400000,4673321.4
13576,1723518000000,4636989.2
13577,1723521600000,4634011.8
13578,1723525200000,4595676.3
13579,1723528800000,4596149.7
13580,1723532400000,4591158.8
13581,1723536000000,4580366.4
13582,1723539600000,4575119.5
13583,1723543200000,4567347.0
13584,1723546800000,4583969.2
13585,1723550400000,4557075.9
13586,1723554000000,4574853.09999999
13587,1723557600000,4565244.09999999
13588,1723561200000,4577076.59999999
13589,1723564800000,4585923.2
13590,1723568400000,4547755.8
13591,1723572000000,4572648.09999999
13592,1723575600000,4568809.4
13593,1723579200000,4572159.59999999
13594,1723582800000,4581542.0
13595,1723586400000,4571860.2
13596,1723590000000,4576427.9
13597,1723593600000,4583334.8
13598,1723597200000,4619708.7
13599,1723600800000,4641572.8
13600,1723604400000,4638076.5
13601,1723608000000,4622286.8
13602,1723611600000,4627508.5
13603,1723615200000,4625951.8
13604,1723618800000,4643334.59999999
13605,1723622400000,4643383.7
13606,1723626000000,4643453.5
13607,1723629600000,4665865.09999999
13608,1723633200000,4681737.2
13609,1723636800000,4697593.5
13610,1723640400000,4694537.59999999
13611,1723644000000,4700738.3
13612,1723647600000,4656271.4
13613,1723651200000,4645353.09999999
13614,1723654800000,4645222.09999999
13615,1723658400000,4651394.4
13616,1723662000000,4621429.3
13617,1723665600000,4613795.9
13618,1723669200000,4600881.4
13619,1723672800000,4609425.0
13620,1723676400000,4608310.9
13621,1723680000000,4603267.3
13622,1723683600000,4605538.8
13623,1723687200000,4643848.4
13624,1723690800000,4680105.0
13625,1723694400000,4688373.8
13626,1723698000000,4734979.7
13627,1723701600000,4711034.8
13628,1723705200000,4677522.0
13629,1723708800000,4663526.8
13630,1723712400000,4650278.4
13631,1723716000000,4656227.9
13632,1723719600000,4650289.7
13633,1723723200000,4653763.9
13634,1723726800000,4651278.7
13635,1723730400000,4662864.7
13636,1723734000000,4692912.2
13637,1723737600000,4699198.09999999
13638,1723741200000,4782133.5
13639,1723744800000,4766860.59999999
13640,1723748400000,4687974.5
13641,1723752000000,4738874.7
13642,1723755600000,4726938.59999999
13643,1723759200000,4946327.0
13644,1723762800000,4908548.7
13645,1723766400000,4916556.0
13646,1723770000000,4915824.59999999
13647,1723773600000,4908605.2
13648,1723777200000,4895177.09999999
13649,1723780800000,4887515.3
13650,1723784400000,4881910.8
13651,1723788000000,4944012.9
13652,1723791600000,4921492.5
13653,1723795200000,4918696.59999999
13654,1723798800000,4916435.5
13655,1723802400000,4945958.8
13656,1723806000000,4987942.2
13657,1723809600000,5034846.59999999
13658,1723813200000,4963762.9
13659,1723816800000,4893569.9
13660,1723820400000,5166968.3
13661,1723824000000,5101576.0
13662,1723827600000,5084534.5
13663,1723831200000,5047719.59999999
13664,1723834800000,5014381.9
13665,1723838400000,5008291.5
13666,1723842000000,4943651.2
13667,1723845600000,4912852.0
13668,1723849200000,4918461.09999999
13669,1723852800000,4904852.3
13670,1723856400000,4935198.4
13671,1723860000000,4951443.0
13672,1723863600000,4949813.4
13673,1723867200000,4958519.3
13674,1723870800000,4952553.09999999
13675,1723874400000,4953332.7
13676,1723878000000,4985587.2
13677,1723881600000,4998236.59999999
13678,1723885200000,4983286.2
13679,1723888800000,4966265.7
13680,1723892400000,4939071.4
13681,1723896000000,4915141.0
13682,1723899600000,4934619.4
13683,1723903200000,4938843.9
13684,1723906800000,4961398.0
13685,1723910400000,4969040.8
13686,1723914000000,4960275.2
13687,1723917600000,4967529.7
13688,1723921200000,4957225.09999999
13689,1723924800000,4958120.8
13690,1723928400000,4957992.2
13691,1723932000000,4953788.9
13692,1723935600000,4975978.2
13693,1723939200000,4982813.3
13694,1723942800000,4985629.3
13695,1723946400000,4958324.8
13696,1723950000000,4958614.8
13697,1723953600000,4945426.4
13698,1723957200000,4927515.2
13699,1723960800000,4912197.4
13700,1723964400000,4904884.59999999
13701,1723968000000,4902521.8
13702,1723971600000,4888238.0
13703,1723975200000,4800585.2
13704,1723978800000,4792353.4
13705,1723982400000,4795385.7
13706,1723986000000,4793911.9
13707,1723989600000,4738742.4
13708,1723993200000,4745713.3
13709,1723996800000,4735069.8
13710,1724000400000,4704213.3
13711,1724004000000,4722995.9
13712,1724007600000,4740501.09999999
13713,1724011200000,4736134.2
13714,1724014800000,4726930.7
13715,1724018400000,4697310.3
13716,1724022000000,4677745.9
13717,1724025600000,4690840.2
13718,1724029200000,4655500.59999999
13719,1724032800000,4668952.4
13720,1724036400000,4675605.3
13721,1724040000000,4676964.4
13722,1724043600000,4675266.2
13723,1724047200000,4662267.3
13724,1724050800000,4666382.7
13725,1724054400000,4661881.7
13726,1724058000000,4657860.3
13727,1724061600000,4678921.59999999
13728,1724065200000,4659642.0
13729,1724068800000,4686951.7
13730,1724072400000,4700828.0
13731,1724076000000,4695855.4
13732,1724079600000,4696929.0
13733,1724083200000,4683193.4
13734,1724086800000,4678816.0
13735,1724090400000,4669762.09999999
13736,1724094000000,4721325.7
13737,1724097600000,4684685.9
13738,1724101200000,4674891.0
13739,1724104800000,4664649.5
13740,1724108400000,4651034.7
13741,1724112000000,4651032.4
13742,1724115600000,4655984.3
13743,1724119200000,4664246.3
13744,1724122800000,4668881.0
13745,1724126400000,4705379.9
13746,1724130000000,4704660.59999999
13747,1724133600000,4697407.7
13748,1724137200000,4707835.8
13749,1724140800000,4729074.59999999
13750,1724144400000,4710079.09999999
13751,1724148000000,4705690.8
13752,1724151600000,4718895.2
13753,1724155200000,4722845.9
13754,1724158800000,4774275.8
13755,1724162400000,4773120.3
13756,1724166000000,4744722.3
13757,1724169600000,4736741.09999999
13758,1724173200000,4758449.09999999
13759,1724176800000,4763653.5
13760,1724180400000,4747012.7
13761,1724184000000,4757572.8
13762,1724187600000,4767310.7
13763,1724191200000,4747746.9
13764,1724194800000,4744056.3
13765,1724198400000,4755831.2
13766,1724202000000,4771631.09999999
13767,1724205600000,4728280.09999999
13768,1724209200000,4764905.7
13769,1724212800000,4763805.4
13770,1724216400000,4747949.3
13771,1724220000000,4764529.7
13772,1724223600000,4796347.9
13773,1724227200000,4810167.4
13774,1724230800000,4755871.7
13775,1724234400000,4785433.0
13776,1724238000000,4775736.2
13777,1724241600000,4771668.8
13778,1724245200000,4769580.9
13779,1724248800000,4753732.8
13780,1724252400000,4746943.2
13781,1724256000000,4750406.2
13782,1724259600000,4757801.4
13783,1724263200000,4735729.3
13784,1724266800000,4670421.7
13785,1724270400000,4663672.9
13786,1724274000000,4646792.9
13787,1724277600000,4634311.5
13788,1724281200000,4616503.09999999
13789,1724284800000,4613907.4
13790,1724288400000,4632159.09999999
13791,1724292000000,4630676.0
13792,1724295600000,4683696.8
13793,1724299200000,4647720.9
13794,1724302800000,4783792.2
13795,1724306400000,4746851.9
13796,1724310000000,4798834.0
13797,1724313600000,4859394.4
13798,1724317200000,4885605.09999999
13799,1724320800000,4869858.3
13800,1724324400000,4891625.0
13801,1724328000000,4951359.7
13802,1724331600000,4878141.4
13803,1724335200000,4962374.9
13804,1724338800000,4967544.2
13805,1724342400000,4901480.09999999
13806,1724346000000,4906822.9
13807,1724349600000,4910745.5
13808,1724353200000,4914558.4
13809,1724356800000,4906003.0
13810,1724360400000,4914210.59999999
13811,1724364000000,4891790.59999999
13812,1724367600000,4882674.9
13813,1724371200000,4874961.9
13814,1724374800000,4898116.59999999
13815,1724378400000,4913683.59999999
13816,1724382000000,4917920.8
13817,1724385600000,4911277.2
13818,1724389200000,4909956.8
13819,1724392800000,4937222.09999999
13820,1724396400000,4937355.2
13821,1724400000000,4959579.3
13822,1724403600000,5030093.59999999
13823,1724407200000,5030009.0
13824,1724410800000,5329759.2
13825,1724414400000,5315634.4
13826,1724418000000,5295929.4
13827,1724421600000,5393159.0
13828,1724425200000,5334855.9
13829,1724428800000,5352799.2
13830,1724432400000,5415885.2
13831,1724436000000,5416964.3
13832,1724439600000,5480691.0
13833,1724443200000,5474630.0
13834,1724446800000,5594522.2
13835,1724450400000,5551573.2
13836,1724454000000,5585244.3
13837,1724457600000,5625251.5
13838,1724461200000,5668526.2
13839,1724464800000,5662331.8
13840,1724468400000,5659772.0
13841,1724472000000,5659821.7
13842,1724475600000,5678343.7
13843,1724479200000,5701341.4
13844,1724482800000,5701496.9
13845,1724486400000,5703781.5
13846,1724490000000,5734196.7
13847,1724493600000,5733998.3
13848,1724497200000,5767931.3
13849,1724500800000,5721580.1
13850,1724504400000,5703907.7
13851,1724508000000,5717231.3
13852,1724511600000,5713861.9
13853,1724515200000,5679506.6
13854,1724518800000,5671582.6
13855,1724522400000,5653287.6
13856,1724526000000,5609599.9
13857,1724529600000,5387963.59999999
13858,1724533200000,5321312.2
13859,1724536800000,5277160.9
13860,1724540400000,5263922.7
13861,1724544000000,5283845.9
13862,1724547600000,5289050.9
13863,1724551200000,5232400.09999999
13864,1724554800000,5304581.0
13865,1724558400000,5307405.4
13866,1724562000000,5337253.2
13867,1724565600000,5333962.59999999
13868,1724569200000,5339735.5
13869,1724572800000,5300614.5
13870,1724576400000,5286768.3
13871,1724580000000,5291433.2
13872,1724583600000,5328536.0
13873,1724587200000,5337500.0
13874,1724590800000,5324413.5
13875,1724594400000,5329526.4
13876,1724598000000,5328414.7
13877,1724601600000,5384703.59999999
13878,1724605200000,5365574.7
13879,1724608800000,5363307.3
13880,1724612400000,5356652.0
13881,1724616000000,5347017.7
13882,1724619600000,5342724.4
13883,1724623200000,5340912.5
13884,1724626800000,5325922.0
13885,1724630400000,5301557.59999999
13886,1724634000000,5306731.09999999
13887,1724637600000,5280014.9
13888,1724641200000,5266576.2
13889,1724644800000,5276310.9
13890,1724648400000,5283664.4
13891,1724652000000,5286860.5
13892,1724655600000,5261888.3
13893,1724659200000,5276530.09999999
13894,1724662800000,5303792.3
13895,1724666400000,5298195.8
13896,1724670000000,5365884.59999999
13897,1724673600000,5382263.8
13898,1724677200000,5408872.2
13899,1724680800000,5402325.5
13900,1724684400000,5360409.2
13901,1724688000000,5462818.5
13902,1724691600000,5426614.09999999
13903,1724695200000,5434112.5
13904,1724698800000,5418189.8
13905,1724702400000,5388098.4
13906,1724706000000,5351104.59999999
13907,1724709600000,5343059.7
13908,1724713200000,5344088.2
13909,1724716800000,5366385.0
13910,1724720400000,5334983.59999999
13911,1724724000000,5302621.0
13912,1724727600000,5333680.2
13913,1724731200000,5340805.5
13914,1724734800000,5325995.0
13915,1724738400000,5328748.5
13916,1724742000000,5357585.3
13917,1724745600000,5331488.09999999
13918,1724749200000,5384418.7
13919,1724752800000,5389305.5
13920,1724756400000,5385986.3
13921,1724760000000,5406064.5
13922,1724763600000,5376150.5
13923,1724767200000,5352223.09999999
13924,1724770800000,5313730.09999999
13925,1724774400000,5309249.09999999
13926,1724778000000,5322673.59999999
13927,1724781600000,5343535.5
13928,1724785200000,5383090.8
13929,1724788800000,5369938.5
13930,1724792400000,5350691.0
13931,1724796000000,5230077.8
13932,1724799600000,5177842.8
13933,1724803200000,5174701.8
13934,1724806800000,5257890.3
13935,1724810400000,5246621.5
13936,1724814000000,5270978.7
13937,1724817600000,5273546.4
13938,1724821200000,5280969.59999999
13939,1724824800000,5265049.59999999
13940,1724828400000,5267984.7
13941,1724832000000,5267839.0
13942,1724835600000,5272098.4
13943,1724839200000,5260062.09999999
13944,1724842800000,5321811.4
13945,1724846400000,5328759.7
13946,1724850000000,5306470.8
13947,1724853600000,5332268.0
13948,1724857200000,5312285.2
13949,1724860800000,5371169.2
13950,1724864400000,5368693.59999999
13951,1724868000000,5337137.59999999
13952,1724871600000,5325537.59999999
13953,1724875200000,5309928.4
13954,1724878800000,5301834.5
13955,1724882400000,5291515.4
13956,1724886000000,5312685.2
13957,1724889600000,5301438.5
13958,1724893200000,5288679.3
13959,1724896800000,5295519.0
13960,1724900400000,5284375.5
13961,1724904000000,5273866.5
13962,1724907600000,5277299.5
13963,1724911200000,5276318.2
13964,1724914800000,5287705.5
13965,1724918400000,5288159.59999999
13966,1724922000000,5288595.9
13967,1724925600000,5283676.4
13968,1724929200000,5305648.7
13969,1724932800000,5286447.3
13970,1724936400000,5288049.3
13971,1724940000000,5275591.8
13972,1724943600000,5277907.3
13973,1724947200000,5234020.0
13974,1724950800000,5138901.09999999
13975,1724954400000,5107130.0
13976,1724958000000,5114772.0
13977,1724961600000,5140600.8
13978,1724965200000,5132705.3
13979,1724968800000,5117776.5
13980,1724972400000,5112501.59999999
13981,1724976000000,5108563.8
13982,1724979600000,5091839.7
13983,1724983200000,5072373.4
13984,1724986800000,5063493.59999999
13985,1724990400000,5034186.9
13986,1724994000000,5035864.09999999
13987,1724997600000,5012272.2
13988,1725001200000,5024878.0
13989,1725004800000,5015268.5
13990,1725008400000,4979717.3
13991,1725012000000,4974019.59999999
13992,1725015600000,4967712.9
13993,1725019200000,4967672.9
13994,1725022800000,4991418.5
13995,1725026400000,5057955.7
13996,1725030000000,5084620.3
13997,1725033600000,5151676.2
13998,1725037200000,5084420.5
13999,1725040800000,5041718.8
14000,1725044400000,4990024.09999999
14001,1725048000000,4982555.5
14002,1725051600000,4978462.8
14003,1725055200000,4964932.3
14004,1725058800000,4978235.9
14005,1725062400000,4994431.5
14006,1725066000000,4994905.3
14007,1725069600000,4966265.7
14008,1725073200000,4963226.3
14009,1725076800000,4977489.7
14010,1725080400000,4988061.59999999
14011,1725084000000,4967075.9
14012,1725087600000,4963456.8
14013,1725091200000,4971638.4
14014,1725094800000,4969250.0
14015,1725098400000,4959885.0
14016,1725102000000,4998378.0
14017,1725105600000,4998479.2
14018,1725109200000,4991433.5
14019,1725112800000,5115384.09999999
14020,1725116400000,5096499.59999999
14021,1725120000000,5103020.8
14022,1725123600000,5112459.8
14023,1725127200000,5088469.7
14024,1725130800000,5071590.8
14025,1725134400000,5072166.3
14026,1725138000000,5073697.09999999
14027,1725141600000,5057451.7
14028,1725145200000,5053618.5
14029,1725148800000,5047465.3
14030,1725152400000,5060148.9
14031,1725156000000,5061573.9
14032,1725159600000,5086430.5
14033,1725163200000,5087264.2
14034,1725166800000,5070219.09999999
14035,1725170400000,5109708.3
14036,1725174000000,5140447.09999999
14037,1725177600000,5123546.3
14038,1725181200000,5113806.5
14039,1725184800000,5104384.9
14040,1725188400000,5103498.9
14041,1725192000000,5101606.5
14042,1725195600000,5082676.0
14043,1725199200000,5105313.3
14044,1725202800000,5087807.8
14045,1725206400000,5093978.9
14046,1725210000000,5118891.8
14047,1725213600000,5131669.0
14048,1725217200000,5127662.2
14049,1725220800000,5114105.09999999
14050,1725224400000,5105636.2
14051,1725228000000,5078619.59999999
14052,1725231600000,5115917.9
14053,1725235200000,5099205.09999999
14054,1725238800000,5084415.0
14055,1725242400000,5089458.09999999
14056,1725246000000,5093118.9
14057,1725249600000,5056921.59999999
14058,1725253200000,5064992.3
14059,1725256800000,5067452.9
14060,1725260400000,5080568.3
14061,1725264000000,5077241.5
14062,1725267600000,5103520.0
14063,1725271200000,5110633.0
14064,1725274800000,5111877.5
14065,1725278400000,5106570.8
14066,1725282000000,5115911.3
14067,1725285600000,5119520.09999999
14068,1725289200000,5408248.5
14069,1725292800000,5452546.8
14070,1725296400000,5385232.4
14071,1725300000000,5401210.7
14072,1725303600000,5245698.9
14073,1725307200000,5205045.3
14074,1725310800000,5189765.9
14075,1725314400000,5169264.0
14076,1725318000000,5165902.5
14077,1725321600000,5155216.0
14078,1725325200000,5214600.09999999
14079,1725328800000,5229422.9
14080,1725332400000,5230206.3
14081,1725336000000,5236060.7
14082,1725339600000,5216476.5
14083,1725343200000,5213610.3
14084,1725346800000,5195170.59999999
14085,1725350400000,5195607.59999999
14086,1725354000000,5196518.09999999
14087,1725357600000,5207074.5
14088,1725361200000,5192290.3
14089,1725364800000,5206784.2
14090,1725368400000,5202623.4
14091,1725372000000,5169500.3
14092,1725375600000,5127388.9
14093,1725379200000,5136869.9
14094,1725382800000,5148881.0
14095,1725386400000,5134233.2
14096,1725390000000,5113764.2
14097,1725393600000,5112599.9
14098,1725397200000,5099473.5
14099,1725400800000,5082558.3
14100,1725404400000,5072361.4
14101,1725408000000,5040018.0
14102,1725411600000,5029079.2
14103,1725415200000,5047836.5
14104,1725418800000,5030863.2
14105,1725422400000,5043242.3
14106,1725426000000,5039209.4
14107,1725429600000,5013628.7
14108,1725433200000,5019563.5
14109,1725436800000,5034027.59999999
14110,1725440400000,5059603.3
14111,1725444000000,5065998.8
14112,1725447600000,5128264.59999999
14113,1725451200000,5140170.2
14114,1725454800000,5113937.59999999
14115,1725458400000,5108597.0
14116,1725462000000,5060354.59999999
14117,1725465600000,5050140.8
14118,1725469200000,5103941.5
14119,1725472800000,5107744.3
14120,1725476400000,5047177.5
14121,1725480000000,5060524.5
14122,1725483600000,5052196.09999999
14123,1725487200000,5035187.09999999
14124,1725490800000,5029654.59999999
14125,1725494400000,5017323.3
14126,1725498000000,5025111.0
14127,1725501600000,5069133.2
14128,1725505200000,5067152.2
14129,1725508800000,5062361.7
14130,1725512400000,5076826.3
14131,1725516000000,5072521.7
14132,1725519600000,5071229.3
14133,1725523200000,5073707.9
14134,1725526800000,5083563.3
14135,1725530400000,4998951.2
14136,1725534000000,5029045.4
14137,1725537600000,5032282.4
14138,1725541200000,5014094.9
14139,1725544800000,5014186.4
14140,1725548400000,4982764.3
14141,1725552000000,4947570.8
14142,1725555600000,5002452.59999999
14143,1725559200000,5011324.2
14144,1725562800000,4950267.3
14145,1725566400000,4976766.7
14146,1725570000000,4944521.9
14147,1725573600000,4938629.5
14148,1725577200000,4934006.5
14149,1725580800000,4951441.3
14150,1725584400000,4959797.3
14151,1725588000000,4943384.3
14152,1725591600000,4948851.59999999
14153,1725595200000,4971339.4
14154,1725598800000,4953010.8
14155,1725602400000,4959576.3
14156,1725606000000,4965765.09999999
14157,1725609600000,4975544.3
14158,1725613200000,4961767.7
14159,1725616800000,4981240.3
14160,1725620400000,5044130.8
14161,1725624000000,5043341.2
14162,1725627600000,5039559.9
14163,1725631200000,5026218.7
14164,1725634800000,5013183.8
14165,1725638400000,5055632.2
14166,1725642000000,5028987.0
14167,1725645600000,5021866.5
14168,1725649200000,5063421.9
14169,1725652800000,5012562.0
14170,1725656400000,5064122.4
14171,1725660000000,5094537.09999999
14172,1725663600000,5068728.59999999
14173,1725667200000,5105789.3
14174,1725670800000,5121485.7
14175,1725674400000,5174177.7
14176,1725678000000,5125664.3
14177,1725681600000,5116076.3
14178,1725685200000,5126642.5
14179,1725688800000,5079376.4
14180,1725692400000,5075536.9
14181,1725696000000,5086413.5
14182,1725699600000,5078240.0
14183,1725703200000,5076012.9
14184,1725706800000,5066497.5
14185,1725710400000,5096782.8
14186,1725714000000,5090367.09999999
14187,1725717600000,5126610.9
14188,1725721200000,5098794.4
14189,1725724800000,5162392.5
14190,1725728400000,5145695.0
14191,1725732000000,5134875.09999999
14192,1725735600000,5144793.0
14193,1725739200000,5147419.59999999
14194,1725742800000,5152476.4
14195,1725746400000,5125335.09999999
14196,1725750000000,5126963.8
14197,1725753600000,5159247.0
14198,1725757200000,5159462.5
14199,1725760800000,5160791.0
14200,1725764400000,5148586.3
14201,1725768000000,5140553.9
14202,1725771600000,5114245.0
14203,1725775200000,5122408.9
14204,1725778800000,5115658.5
14205,1725782400000,5108660.4
14206,1725786000000,5106767.59999999
14207,1725789600000,5107685.8
14208,1725793200000,5095027.2
14209,1725796800000,5111510.0
14210,1725800400000,5121208.59999999
14211,1725804000000,5119479.59999999
14212,1725807600000,5112749.09999999
14213,1725811200000,5080787.8
14214,1725814800000,5058284.0
14215,1725818400000,5059099.4
14216,1725822000000,5050326.59999999
14217,1725825600000,5054922.0
14218,1725829200000,5057140.3
14219,1725832800000,5041492.5
14220,1725836400000,5103145.0
14221,1725840000000,5124837.3
14222,1725843600000,5168585.59999999
14223,1725847200000,5146937.09999999
14224,1725850800000,5130118.5
14225,1725854400000,5148752.59999999
14226,1725858000000,5146069.4
14227,1725861600000,5159071.59999999
14228,1725865200000,5166749.7
14229,1725868800000,5156307.0
14230,1725872400000,5217255.09999999
14231,1725876000000,5222378.4
14232,1725879600000,5234466.4
14233,1725883200000,5213129.2
14234,1725886800000,5198358.8
14235,1725890400000,5344258.59999999
14236,1725894000000,5438394.5
14237,1725897600000,5391256.0
14238,1725901200000,5388421.4
14239,1725904800000,5413458.3
14240,1725908400000,5454761.3
14241,1725912000000,5505441.8
14242,1725915600000,5527741.3
14243,1725919200000,5531715.8
14244,1725922800000,5583412.9
14245,1725926400000,5587060.09999999
14246,1725930000000,5572878.09999999
14247,1725933600000,5578560.8
14248,1725937200000,5577211.8
14249,1725940800000,5574993.4
14250,1725944400000,5588569.7
14251,1725948000000,5622191.7
14252,1725951600000,5627077.5
14253,1725955200000,5638282.0
14254,1725958800000,5637619.2
14255,1725962400000,5582246.0
14256,1725966000000,5560269.59999999
14257,1725969600000,5574535.3
14258,1725973200000,5553889.3
14259,1725976800000,5560674.59999999
14260,1725980400000,5567414.0
14261,1725984000000,5564032.9
14262,1725987600000,5567372.8
14263,1725991200000,5531946.5
14264,1725994800000,5502122.4
14265,1725998400000,5504089.8
14266,1726002000000,5501395.2
14267,1726005600000,5484790.3
14268,1726009200000,5475955.4
14269,1726012800000,5533913.9
14270,1726016400000,5526751.9
14271,1726020000000,5545768.7
14272,1726023600000,5528947.7
14273,1726027200000,5507423.7
14274,1726030800000,5453758.2
14275,1726034400000,5475682.59999999
14276,1726038000000,5472081.09999999
14277,1726041600000,5439456.7
14278,1726045200000,5449941.5
14279,1726048800000,5441807.9
14280,1726052400000,5476093.2
14281,1726056000000,5445424.59999999
14282,1726059600000,5443290.09999999
14283,1726063200000,5551210.2
14284,1726066800000,5496140.09999999
14285,1726070400000,5465249.59999999
14286,1726074000000,5514730.2
14287,1726077600000,5534392.59999999
14288,1726081200000,5548732.7
14289,1726084800000,5547657.7
14290,1726088400000,5546532.7
14291,1726092000000,5561022.4
14292,1726095600000,5528453.3
14293,1726099200000,5529343.3
14294,1726102800000,5532438.3
14295,1726106400000,5549046.7
14296,1726110000000,5549749.7
14297,1726113600000,5540746.2
14298,1726117200000,5532807.3
14299,1726120800000,5520765.3
14300,1726124400000,5512817.7
14301,1726128000000,5515741.59999999
14302,1726131600000,5531637.8
14303,1726135200000,5535947.8
14304,1726138800000,5546883.4
14305,1726142400000,5541839.8
14306,1726146000000,5600681.4
14307,1726149600000,5574651.0
14308,1726153200000,5573759.5
14309,1726156800000,5571617.7
14310,1726160400000,5570770.09999999
14311,1726164000000,5586067.09999999
14312,1726167600000,5562415.9
14313,1726171200000,5556972.3
14314,1726174800000,5549394.8
14315,1726178400000,5544922.4
14316,1726182000000,5545381.09999999
14317,1726185600000,5538739.9
14318,1726189200000,5533987.09999999
14319,1726192800000,5582832.9
14320,1726196400000,5575351.3
14321,1726200000000,5603169.5
14322,1726203600000,5617890.5
14323,1726207200000,5616428.7
14324,1726210800000,5611564.4
14325,1726214400000,5619359.59999999
14326,1726218000000,5639706.2
14327,1726221600000,5654661.2
14328,1726225200000,5638548.0
14329,1726228800000,5649559.5
14330,1726232400000,5664464.2
14331,1726236000000,5677360.9
14332,1726239600000,5671914.9
14333,1726243200000,5594899.9
14334,1726246800000,5577270.0
14335,1726250400000,5629025.0
14336,1726254000000,5659991.0
14337,1726257600000,5608088.0
14338,1726261200000,5597179.09999999
14339,1726264800000,5583383.5
14340,1726268400000,5578236.9
14341,1726272000000,5592975.7
14342,1726275600000,5614109.8
14343,1726279200000,5624629.0
14344,1726282800000,5623422.8
14345,1726286400000,5642671.6
14346,1726290000000,5659925.2
14347,1726293600000,5674906.0
14348,1726297200000,5671975.8
14349,1726300800000,5670446.2
14350,1726304400000,5668978.2
14351,1726308000000,5684534.6
14352,1726311600000,5697028.8
14353,1726315200000,5690047.9
14354,1726318800000,5717248.6
14355,1726322400000,5751527.9
14356,1726326000000,5734847.4
14357,1726329600000,5740247.2
14358,1726333200000,5794374.0
14359,1726336800000,5793089.4
14360,1726340400000,5778506.5
14361,1726344000000,5769721.4
14362,1726347600000,5779007.7
14363,1726351200000,5753014.5
14364,1726354800000,5755407.7
14365,1726358400000,5771802.9
14366,1726362000000,5766389.5
14367,1726365600000,5759493.8
14368,1726369200000,5790140.3
14369,1726372800000,5797843.1
14370,1726376400000,5775878.1
14371,1726380000000,5773027.7
14372,1726383600000,5771737.3
14373,1726387200000,5765672.7
14374,1726390800000,5786706.3
14375,1726394400000,5778004.9
14376,1726398000000,5766605.2
14377,1726401600000,5818564.6
14378,1726405200000,5833820.0
14379,1726408800000,5858594.9
14380,1726412400000,5866580.7
14381,1726416000000,5891283.9
14382,1726419600000,5901418.8
14383,1726423200000,5923875.4
14384,1726426800000,5900280.3
14385,1726430400000,5951524.4
14386,1726434000000,5899701.8
14387,1726437600000,5804573.4
14388,1726441200000,5815509.8
14389,1726444800000,5835468.5
14390,1726448400000,5817816.6
14391,1726452000000,5810050.7
14392,1726455600000,5803750.1
14393,1726459200000,5873162.3
14394,1726462800000,5941858.3
14395,1726466400000,5883782.0
14396,1726470000000,5865709.7
14397,1726473600000,5886185.3
14398,1726477200000,5922828.9
14399,1726480800000,5904091.2
14400,1726484400000,5942272.4
14401,1726488000000,5947410.5
14402,1726491600000,5922801.2
14403,1726495200000,6037272.1
14404,1726498800000,6074274.3
14405,1726502400000,6053836.2
14406,1726506000000,6041937.6
14407,1726509600000,6026701.4
14408,1726513200000,6056355.7
14409,1726516800000,6057340.2
14410,1726520400000,6056759.0
14411,1726524000000,6057668.2
14412,1726527600000,6050274.4
14413,1726531200000,6049740.2
14414,1726534800000,6060699.6
14415,1726538400000,6087142.8
14416,1726542000000,6095100.2
14417,1726545600000,6091012.1
14418,1726549200000,6092549.8
14419,1726552800000,6150121.0
14420,1726556400000,6161715.8
14421,1726560000000,6158696.4
14422,1726563600000,6151615.4
14423,1726567200000,6152801.6
14424,1726570800000,6172183.6
14425,1726574400000,6167344.7
14426,1726578000000,6163695.8
14427,1726581600000,6188965.6
14428,1726585200000,6228075.0
14429,1726588800000,6233926.2
14430,1726592400000,6204142.6
14431,1726596000000,6215580.8
14432,1726599600000,6179669.1
14433,1726603200000,6208780.6
14434,1726606800000,6199888.9
14435,1726610400000,6177433.4
14436,1726614000000,6168746.9
14437,1726617600000,6183445.3
14438,1726621200000,6159682.7
14439,1726624800000,6146011.3
14440,1726628400000,6136657.3
14441,1726632000000,6145267.9
14442,1726635600000,6146958.3
14443,1726639200000,6170432.9
14444,1726642800000,6162783.7
14445,1726646400000,6159561.1
14446,1726650000000,6139889.1
14447,1726653600000,6127801.6
14448,1726657200000,6079989.7
14449,1726660800000,6077312.2
14450,1726664400000,6086774.0
14451,1726668000000,6163840.4
14452,1726671600000,6158667.2
14453,1726675200000,6152411.4
14454,1726678800000,6106235.3
14455,1726682400000,6103266.1
14456,1726686000000,6070297.8
14457,1726689600000,6065880.1
14458,1726693200000,6079499.7
14459,1726696800000,6062967.1
14460,1726700400000,6046595.1
14461,1726704000000,6039405.8
14462,1726707600000,5951213.0
14463,1726711200000,5934931.6
14464,1726714800000,5935239.1
14465,1726718400000,5942530.9
14466,1726722000000,5942714.0
14467,1726725600000,5922464.4
14468,1726729200000,5902923.1
14469,1726732800000,5925458.5
14470,1726736400000,5958356.0
14471,1726740000000,5946565.3
14472,1726743600000,6007099.3
14473,1726747200000,6015818.5
14474,1726750800000,6017536.6
14475,1726754400000,6044793.0
14476,1726758000000,6046533.5
14477,1726761600000,6125107.3
14478,1726765200000,6144039.5
14479,1726768800000,6220718.9
14480,1726772400000,6212157.6
14481,1726776000000,6148308.9
14482,1726779600000,6137976.0
14483,1726783200000,6094322.4
14484,1726786800000,6047348.9
14485,1726790400000,6036528.2
14486,1726794000000,6061298.7
14487,1726797600000,6047731.0
14488,1726801200000,6069518.7
14489,1726804800000,6078529.3
14490,1726808400000,6015575.7
14491,1726812000000,6015032.2
14492,1726815600000,6024676.9
14493,1726819200000,6030288.6
14494,1726822800000,6014297.3
14495,1726826400000,6006100.0
14496,1726830000000,6066815.9
14497,1726833600000,6054957.5
14498,1726837200000,6025134.0
14499,1726840800000,6066156.4
14500,1726844400000,6023177.0
14501,1726848000000,6005368.7
14502,1726851600000,5959494.3
14503,1726855200000,5970723.6
14504,1726858800000,5943888.4
14505,1726862400000,5954939.4
14506,1726866000000,5955799.2
14507,1726869600000,5916957.2
14508,1726873200000,5904971.2
14509,1726876800000,5912396.6
14510,1726880400000,5910756.2
14511,1726884000000,5931568.0
14512,1726887600000,5889596.6
14513,1726891200000,5900240.6
14514,1726894800000,5944472.9
14515,1726898400000,5954099.3
14516,1726902000000,5951163.5
14517,1726905600000,5940847.7
14518,1726909200000,5923816.3
14519,1726912800000,5933905.4
14520,1726916400000,5936656.7
14521,1726920000000,5923724.1
14522,1726923600000,5943425.2
14523,1726927200000,5929754.6
14524,1726930800000,5930002.1
14525,1726934400000,5912905.8
14526,1726938000000,5915150.8
14527,1726941600000,5929170.0
14528,1726945200000,5929480.6
14529,1726948800000,5907682.6
14530,1726952400000,5905886.2
14531,1726956000000,5897359.8
14532,1726959600000,5895527.0
14533,1726963200000,5912633.2
14534,1726966800000,5896104.8
14535,1726970400000,5905796.6
14536,1726974000000,5884924.4
14537,1726977600000,5889682.1
14538,1726981200000,5878662.1
14539,1726984800000,5918389.3
14540,1726988400000,5868302.2
14541,1726992000000,5878004.3
14542,1726995600000,5871491.5
14543,1726999200000,5860861.2
14544,1727002800000,5878037.4
14545,1727006400000,5858933.0
14546,1727010000000,5862426.5
14547,1727013600000,5886929.0
14548,1727017200000,5894397.9
14549,1727020800000,5923193.3
14550,1727024400000,5867229.9
14551,1727028000000,5877542.4
14552,1727031600000,5872559.9
14553,1727035200000,5876976.9
14554,1727038800000,5855688.3
14555,1727042400000,5868386.7
14556,1727046000000,5822495.1
14557,1727049600000,5814515.9
14558,1727053200000,5845913.8
14559,1727056800000,5890989.7
14560,1727060400000,5882827.9
14561,1727064000000,5880004.2
14562,1727067600000,5937793.7
14563,1727071200000,5928783.8
14564,1727074800000,5900803.8
14565,1727078400000,5956357.8
14566,1727082000000,5938390.4
14567,1727085600000,5993387.3
14568,1727089200000,6034696.7
14569,1727092800000,6038860.1
14570,1727096400000,5969808.1
14571,1727100000000,6013678.4
14572,1727103600000,6025328.5
14573,1727107200000,6041629.2
14574,1727110800000,6074335.2
14575,1727114400000,6080042.0
14576,1727118000000,6026959.0
14577,1727121600000,6049077.8
14578,1727125200000,6016286.9
14579,1727128800000,5958237.4
14580,1727132400000,5964450.4
14581,1727136000000,5957322.6
14582,1727139600000,5985921.8
14583,1727143200000,5967993.6
14584,1727146800000,5965560.4
14585,1727150400000,5989271.3
14586,1727154000000,6005788.5
14587,1727157600000,6024522.6
14588,1727161200000,6037858.6
14589,1727164800000,6009388.6
14590,1727168400000,6014778.8
14591,1727172000000,5929800.1
14592,1727175600000,5891467.5
14593,1727179200000,5877044.0
14594,1727182800000,5886474.4
14595,1727186400000,5948640.9
14596,1727190000000,5836511.0
14597,1727193600000,5813719.9
14598,1727197200000,5775916.0
14599,1727200800000,5844378.0
14600,1727204400000,5876705.3
14601,1727208000000,5875006.8
14602,1727211600000,5960084.8
14603,1727215200000,5956725.0
14604,1727218800000,5935370.2
14605,1727222400000,5951435.1
14606,1727226000000,5965444.5
14607,1727229600000,6359537.8
14608,1727233200000,6372568.0
14609,1727236800000,6293033.8
14610,1727240400000,6309403.2
14611,1727244000000,6311542.3
14612,1727247600000,6343928.4
14613,1727251200000,6355242.4
14614,1727254800000,6422905.4
14615,1727258400000,6421625.8
14616,1727262000000,6485697.6
14617,1727265600000,6522235.4
14618,1727269200000,6403093.3
14619,1727272800000,6511938.4
14620,1727276400000,6764963.1
14621,1727280000000,6809248.9
14622,1727283600000,6820643.2
14623,1727287200000,6821850.3
14624,1727290800000,7012386.4
14625,1727294400000,6937840.4
14626,1727298000000,6941223.2
14627,1727301600000,7056412.8
14628,1727305200000,7005646.4
14629,1727308800000,7012365.4
14630,1727312400000,6961470.5
14631,1727316000000,6970539.6
14632,1727319600000,6966612.8
14633,1727323200000,6961840.6
14634,1727326800000,7089274.5
14635,1727330400000,7212095.1
14636,1727334000000,7137282.8
14637,1727337600000,7072068.6
14638,1727341200000,7110277.0
14639,1727344800000,7059983.2
14640,1727348400000,7055521.0
14641,1727352000000,7050375.8
14642,1727355600000,6982321.5
14643,1727359200000,6943899.3
14644,1727362800000,6916486.7
14645,1727366400000,6905331.7
14646,1727370000000,6949674.5
14647,1727373600000,6932944.4
14648,1727377200000,6901416.6
14649,1727380800000,6891304.1
14650,1727384400000,6779599.4
14651,1727388000000,6787754.3
14652,1727391600000,6803441.9
14653,1727395200000,6835137.6
14654,1727398800000,6832458.4
14655,1727402400000,6835121.7
14656,1727406000000,6827364.1
14657,1727409600000,6849561.9
14658,1727413200000,6854885.3
14659,1727416800000,6964727.7
14660,1727420400000,7206501.9
14661,1727424000000,7158416.1
14662,1727427600000,7108018.2
14663,1727431200000,7087014.1
14664,1727434800000,7016801.4
14665,1727438400000,7013072.4
14666,1727442000000,7056841.5
14667,1727445600000,6984451.4
14668,1727449200000,6898279.1
14669,1727452800000,6458635.8
14670,1727456400000,6414054.3
14671,1727460000000,6374699.2
14672,1727463600000,6441679.6
14673,1727467200000,6411167.0
14674,1727470800000,6403794.6
14675,1727474400000,6402983.5
14676,1727478000000,6411710.5
14677,1727481600000,6432199.2
14678,1727485200000,6442570.0
14679,1727488800000,6443942.6
14680,1727492400000,6448741.9
14681,1727496000000,6463806.7
14682,1727499600000,6472770.1
14683,1727503200000,6485107.5
14684,1727506800000,6411278.5
14685,1727510400000,6452379.9
14686,1727514000000,6400839.0
14687,1727517600000,6390269.6
14688,1727521200000,6412574.2
14689,1727524800000,6392914.1
14690,1727528400000,6447224.1
14691,1727532000000,6422297.3
14692,1727535600000,6449741.5
14693,1727539200000,6436436.3
14694,1727542800000,6482297.3
14695,1727546400000,6465012.4
14696,1727550000000,6479969.7
14697,1727553600000,6484309.3
14698,1727557200000,6424399.1
14699,1727560800000,6384187.4
14700,1727564400000,6398371.8
14701,1727568000000,6407587.3
14702,1727571600000,6416669.4
14703,1727575200000,6409094.0
14704,1727578800000,6413932.5
14705,1727582400000,6420718.1
14706,1727586000000,6418790.9
14707,1727589600000,6427731.8
14708,1727593200000,6411120.7
14709,1727596800000,6411898.6
14710,1727600400000,6435384.8
14711,1727604000000,6442266.3
14712,1727607600000,6445587.4
14713,1727611200000,6451219.8
14714,1727614800000,6412955.2
14715,1727618400000,6393441.1
14716,1727622000000,6451604.6
14717,1727625600000,6446156.7
14718,1727629200000,6438780.3
14719,1727632800000,6449816.9
14720,1727636400000,6451846.6
14721,1727640000000,6437881.2
14722,1727643600000,6358851.2
14723,1727647200000,6353139.6
14724,1727650800000,6323988.3
14725,1727654400000,6305243.6
14726,1727658000000,6245886.9
14727,1727661600000,6209768.2
14728,1727665200000,6182353.2
14729,1727668800000,6160676.0
14730,1727672400000,6192719.6
14731,1727676000000,6198439.3
14732,1727679600000,6186609.0
14733,1727683200000,6182686.4
14734,1727686800000,6141791.5
14735,1727690400000,6189422.2
14736,1727694000000,6230703.9
14737,1727697600000,6236608.9
14738,1727701200000,6219659.3
14739,1727704800000,6209900.5
14740,1727708400000,6216854.4
14741,1727712000000,6260868.4
14742,1727715600000,6215014.9
14743,1727719200000,6205037.6
14744,1727722800000,6201536.0
14745,1727726400000,6214817.5
14746,1727730000000,6235662.9
14747,1727733600000,6197794.4
14748,1727737200000,6175275.6
14749,1727740800000,6151743.0
14750,1727744400000,6126357.8
14751,1727748000000,6137653.0
14752,1727751600000,6185736.5
14753,1727755200000,6163263.8
14754,1727758800000,6172022.2
14755,1727762400000,6131584.8
14756,1727766000000,6152638.8
14757,1727769600000,6149299.1
14758,1727773200000,6140261.7
14759,1727776800000,6233126.4
14760,1727780400000,6277436.6
14761,1727784000000,6286070.4
14762,1727787600000,6208640.4
14763,1727791200000,6220334.1
14764,1727794800000,6245596.7
14765,1727798400000,6312093.5
14766,1727802000000,6299799.9
14767,1727805600000,6284894.3
14768,1727809200000,6255787.5
14769,1727812800000,6221000.2
14770,1727816400000,6235772.7
14771,1727820000000,6263199.2
14772,1727823600000,6239822.1
14773,1727827200000,6219487.2
14774,1727830800000,6269118.4
14775,1727834400000,6253960.1
14776,1727838000000,6263101.3
14777,1727841600000,6260509.6
14778,1727845200000,6253541.0
14779,1727848800000,6357146.0
14780,1727852400000,6376801.6
14781,1727856000000,6396758.4
14782,1727859600000,6389450.8
14783,1727863200000,6301253.1
14784,1727866800000,6310951.7
14785,1727870400000,6281772.4
14786,1727874000000,6260911.1
14787,1727877600000,6332200.7
14788,1727881200000,6328117.8
14789,1727884800000,6324073.9
14790,1727888400000,6219980.6
14791,1727892000000,6279859.5
14792,1727895600000,6209997.3
14793,1727899200000,6182010.1
14794,1727902800000,6152497.0
14795,1727906400000,6142931.7
14796,1727910000000,6136259.5
14797,1727913600000,6175748.7
14798,1727917200000,6132548.7
14799,1727920800000,6140098.8
14800,1727924400000,6140426.6
14801,1727928000000,6115136.8
14802,1727931600000,6113993.4
14803,1727935200000,6162091.4
14804,1727938800000,6201293.6
14805,1727942400000,6235131.9
14806,1727946000000,6210938.8
14807,1727949600000,6202487.8
14808,1727953200000,6205154.7
14809,1727956800000,6171405.4
14810,1727960400000,6133297.6
14811,1727964000000,6156788.6
14812,1727967600000,6112685.2
14813,1727971200000,6123187.9
14814,1727974800000,6131528.3
14815,1727978400000,6113232.8
14816,1727982000000,6129502.9
14817,1727985600000,6112974.8
14818,1727989200000,6135052.1
14819,1727992800000,6151773.1
14820,1727996400000,6194469.0
14821,1728000000000,6187062.8
14822,1728003600000,6143455.6
14823,1728007200000,6159968.8
14824,1728010800000,6161167.6
14825,1728014400000,6155612.9
14826,1728018000000,6156649.0
14827,1728021600000,6162739.2
14828,1728025200000,6160872.0
14829,1728028800000,6164702.4
14830,1728032400000,6184254.7
14831,1728036000000,6179821.9
14832,1728039600000,6179674.5
14833,1728043200000,6167429.8
14834,1728046800000,6166127.1
14835,1728050400000,6143285.1
14836,1728054000000,6127654.1
14837,1728057600000,6164264.9
14838,1728061200000,6161148.6
14839,1728064800000,6147710.8
14840,1728068400000,6161559.8
14841,1728072000000,6165585.0
14842,1728075600000,6155537.9
14843,1728079200000,6147387.4
14844,1728082800000,6122203.6
14845,1728086400000,6123531.1
14846,1728090000000,6132170.2
14847,1728093600000,6129412.8
14848,1728097200000,6113061.6
14849,1728100800000,6093349.0
14850,1728104400000,6103737.7
14851,1728108000000,6092723.3
14852,1728111600000,6106949.5
14853,1728115200000,6126118.4
14854,1728118800000,6141398.4
14855,1728122400000,6150173.9
14856,1728126000000,6187028.1
14857,1728129600000,6184769.3
14858,1728133200000,6204758.3
14859,1728136800000,6178429.3
14860,1728140400000,6168539.4
14861,1728144000000,6187519.8
14862,1728147600000,6343474.3
14863,1728151200000,6327352.9
14864,1728154800000,6316150.5
14865,1728158400000,6318424.6
14866,1728162000000,6303093.9
14867,1728165600000,6304515.7
14868,1728169200000,6303574.0
14869,1728172800000,6302948.8
14870,1728176400000,6298067.6
14871,1728180000000,6312918.0
14872,1728183600000,6290478.1
14873,1728187200000,6287847.2
14874,1728190800000,6287738.1
14875,1728194400000,6288042.5
14876,1728198000000,6345686.5
14877,1728201600000,6353212.1
14878,1728205200000,6287943.8
14879,1728208800000,6281569.4
14880,1728212400000,6312395.4
14881,1728216000000,6315868.4
14882,1728219600000,6363455.7
14883,1728223200000,6382451.7
14884,1728226800000,6134591.5
14885,1728230400000,6143143.8
14886,1728234000000,6130538.9
14887,1728237600000,6116450.9
14888,1728241200000,6102751.3
14889,1728244800000,6197371.7
14890,1728248400000,6189970.3
14891,1728252000000,6159845.0
14892,1728255600000,6148829.5
14893,1728259200000,6137766.1
14894,1728262800000,6152729.5
14895,1728266400000,6119651.5
14896,1728270000000,6121171.0
14897,1728273600000,6106167.9
14898,1728277200000,6107496.5
14899,1728280800000,6114010.0
14900,1728284400000,6109916.4
14901,1728288000000,6160031.2
14902,1728291600000,6120711.2
14903,1728295200000,6101276.6
14904,1728298800000,6189111.0
14905,1728302400000,6172450.5
14906,1728306000000,6160532.5
14907,1728309600000,6158663.0
14908,1728313200000,6149591.9
14909,1728316800000,6176891.4
14910,1728320400000,6170662.8
14911,1728324000000,6184032.0
14912,1728327600000,6156883.2
14913,1728331200000,6145018.0
14914,1728334800000,6145123.8
14915,1728338400000,6153433.6
14916,1728342000000,6148628.8
14917,1728345600000,6132930.4
14918,1728349200000,6132321.3
14919,1728352800000,6135137.1
14920,1728356400000,6134374.8
14921,1728360000000,6119684.0
14922,1728363600000,6101311.0
14923,1728367200000,6115854.2
14924,1728370800000,6142149.2
14925,1728374400000,6099161.3
14926,1728378000000,6129942.0
14927,1728381600000,6116562.4
14928,1728385200000,6102210.2
14929,1728388800000,6116666.4
14930,1728392400000,6115702.0
14931,1728396000000,6166124.5
14932,1728399600000,6200562.4
14933,1728403200000,6176680.7
14934,1728406800000,6250501.0
14935,1728410400000,6249104.6
14936,1728414000000,6234152.0
14937,1728417600000,6255919.2
14938,1728421200000,6256588.8
14939,1728424800000,6301295.6
14940,1728428400000,6277968.7
14941,1728432000000,6262160.2
14942,1728435600000,6260294.8
14943,1728439200000,6265525.5
14944,1728442800000,6260399.2
14945,1728446400000,6279644.0
14946,1728450000000,6274519.1
14947,1728453600000,6285771.1
14948,1728457200000,6293298.8
14949,1728460800000,6301234.5
14950,1728464400000,6304459.0
14951,1728468000000,6308315.0
14952,1728471600000,6331593.1
14953,1728475200000,6319193.5
14954,1728478800000,6334145.3
14955,1728482400000,6283770.1
14956,1728486000000,6261691.0
14957,1728489600000,6404460.9
14958,1728493200000,6371536.6
14959,1728496800000,6360282.2
14960,1728500400000,6265449.9
14961,1728504000000,6264153.1
14962,1728507600000,6233991.0
14963,1728511200000,6188572.3
14964,1728514800000,6252111.6
14965,1728518400000,6246134.1
14966,1728522000000,6227839.2
14967,1728525600000,6225802.0
14968,1728529200000,6222518.7
14969,1728532800000,6210101.9
14970,1728536400000,6211901.4
14971,1728540000000,6245777.2
14972,1728543600000,6236673.0
14973,1728547200000,6238173.8
14974,1728550800000,6227768.3
14975,1728554400000,6205081.2
14976,1728558000000,6215761.3
14977,1728561600000,6217338.4
14978,1728565200000,6189353.0
14979,1728568800000,6191382.4
14980,1728572400000,6206979.0
14981,1728576000000,6210270.0
14982,1728579600000,6200925.3
14983,1728583200000,6154266.9
14984,1728586800000,6150112.9
14985,1728590400000,6143442.9
14986,1728594000000,6141149.1
14987,1728597600000,6125186.9
14988,1728601200000,6155171.6
14989,1728604800000,6160683.5
14990,1728608400000,6161705.7
14991,1728612000000,6170429.2
14992,1728615600000,6171149.8
14993,1728619200000,6178005.1
14994,1728622800000,6155857.2
14995,1728626400000,6137938.8
14996,1728630000000,6140976.9
14997,1728633600000,6129666.1
14998,1728637200000,6158081.1
14999,1728640800000,6221359.9
15000,1728644400000,6193582.4
15001,1728648000000,6199447.7
15002,1728651600000,6207059.8
15003,1728655200000,6216267.1
15004,1728658800000,6253535.0
15005,1728662400000,6186007.3
15006,1728666000000,6166798.1
15007,1728669600000,6242403.4
15008,1728673200000,6231112.6
15009,1728676800000,6228967.4
15010,1728680400000,6226446.3
15011,1728684000000,6128812.3
15012,1728687600000,6128742.6
15013,1728691200000,6111356.2
15014,1728694800000,6122214.2
15015,1728698400000,6117263.8
15016,1728702000000,6124401.3
15017,1728705600000,6109664.8
15018,1728709200000,6108835.6
15019,1728712800000,6096604.7
15020,1728716400000,6092684.2
15021,1728720000000,6102016.1
15022,1728723600000,6090193.1
15023,1728727200000,6085697.3
15024,1728730800000,6099084.5
15025,1728734400000,6091999.8
15026,1728738000000,6076436.4
15027,1728741600000,6097883.2
15028,1728745200000,6110569.1
15029,1728748800000,6093369.1
15030,1728752400000,6093518.5
15031,1728756000000,6108920.2
15032,1728759600000,6105823.8
15033,1728763200000,6140247.6
15034,1728766800000,6116182.6
15035,1728770400000,6140597.3
15036,1728774000000,6137615.9
15037,1728777600000,6133907.4
15038,1728781200000,6128348.8
15039,1728784800000,6123040.7
15040,1728788400000,6128942.9
15041,1728792000000,6121750.7
15042,1728795600000,6119288.9
15043,1728799200000,6130158.3
15044,1728802800000,6146191.5
15045,1728806400000,6152577.1
15046,1728810000000,6170161.1
15047,1728813600000,6175605.1
15048,1728817200000,6164084.4
15049,1728820800000,6159091.3
15050,1728824400000,6157276.7
15051,1728828000000,6187969.5
15052,1728831600000,6172040.6
15053,1728835200000,6161455.2
15054,1728838800000,6147610.6
15055,1728842400000,6180588.4
15056,1728846000000,6200389.2
15057,1728849600000,6210512.2
15058,1728853200000,6208179.8
15059,1728856800000,6236892.2
15060,1728860400000,6275028.8
15061,1728864000000,6275458.6
15062,1728867600000,6245116.8
15063,1728871200000,6255634.2
15064,1728874800000,6276009.2
15065,1728878400000,6240161.8
15066,1728882000000,6226824.7
15067,1728885600000,6273508.6
15068,1728889200000,6256067.2
15069,1728892800000,6258280.6
15070,1728896400000,6243146.3
15071,1728900000000,6262012.4
15072,1728903600000,6270685.6
15073,1728907200000,6257594.1
15074,1728910800000,6231224.8
15075,1728914400000,6195669.3
15076,1728918000000,6172284.7
15077,1728921600000,6127349.9
15078,1728925200000,6154985.9
15079,1728928800000,6205261.8
15080,1728932400000,6310490.0
15081,1728936000000,6276724.9
15082,1728939600000,6272750.3
15083,1728943200000,6245337.7
15084,1728946800000,6251666.9
15085,1728950400000,6233019.1
15086,1728954000000,6173198.4
15087,1728957600000,6169419.2
15088,1728961200000,6210265.3
15089,1728964800000,6192004.6
15090,1728968400000,6257090.9
15091,1728972000000,6248594.3
15092,1728975600000,6249465.7
15093,1728979200000,6345927.1
15094,1728982800000,6341963.0
15095,1728986400000,6342512.8
15096,1728990000000,6337886.7
15097,1728993600000,6226378.4
15098,1728997200000,6217800.6
15099,1729000800000,6255067.7
15100,1729004400000,6193961.4
15101,1729008000000,6206433.0
15102,1729011600000,6211728.6
15103,1729015200000,6198543.9
15104,1729018800000,6195335.9
15105,1729022400000,6230846.1
15106,1729026000000,6168607.7
15107,1729029600000,6161135.9
15108,1729033200000,6153965.9
15109,1729036800000,6178212.9
15110,1729040400000,6180528.8
15111,1729044000000,6165519.6
15112,1729047600000,6169225.5
15113,1729051200000,6177126.0
15114,1729054800000,6180053.4
15115,1729058400000,6185205.9
15116,1729062000000,6188160.1
15117,1729065600000,6177969.7
15118,1729069200000,6154285.7
15119,1729072800000,6166563.2
15120,1729076400000,6193918.0
15121,1729080000000,6215028.8
15122,1729083600000,6203104.5
15123,1729087200000,6204164.2
15124,1729090800000,6193101.2
15125,1729094400000,6195165.4
15126,1729098000000,6165751.1
15127,1729101600000,6232253.9
15128,1729105200000,6235858.5
15129,1729108800000,6249713.6
15130,1729112400000,6238396.6
15131,1729116000000,6257128.9
15132,1729119600000,6257651.9
15133,1729123200000,6269621.1
15134,1729126800000,6277249.8
15135,1729130400000,6271327.2
15136,1729134000000,6316976.6
15137,1729137600000,6324560.1
15138,1729141200000,6346225.9
15139,1729144800000,6319010.9
15140,1729148400000,6325839.2
15141,1729152000000,6342983.8
15142,1729155600000,6329162.5
15143,1729159200000,6305937.1
15144,1729162800000,6341733.0
15145,1729166400000,6265278.5
15146,1729170000000,6261638.6
15147,1729173600000,6257673.4
15148,1729177200000,6269186.1
15149,1729180800000,6230261.4
15150,1729184400000,6235417.8
15151,1729188000000,6228800.8
15152,1729191600000,6214301.1
15153,1729195200000,6205788.6
15154,1729198800000,6207133.5
15155,1729202400000,6200433.4
15156,1729206000000,6266948.2
15157,1729209600000,6340257.7
15158,1729213200000,6284618.0
15159,1729216800000,6266756.9
15160,1729220400000,6264185.5
15161,1729224000000,6267462.5
15162,1729227600000,6283767.1
15163,1729231200000,6269370.9
15164,1729234800000,6312541.7
15165,1729238400000,6335907.8
15166,1729242000000,6334475.4
15167,1729245600000,6292955.3
15168,1729249200000,6278102.5
15169,1729252800000,6270398.9
15170,1729256400000,6192581.0
15171,1729260000000,6205545.3
15172,1729263600000,6223900.9
15173,1729267200000,6237255.2
15174,1729270800000,6268520.4
15175,1729274400000,6235423.9
15176,1729278000000,6226754.2
15177,1729281600000,6183986.4
15178,1729285200000,6175727.4
15179,1729288800000,6199797.4
15180,1729292400000,6272072.0
15181,1729296000000,6270668.0
15182,1729299600000,6240787.8
15183,1729303200000,6246182.4
15184,1729306800000,6221703.1
15185,1729310400000,6289823.1
15186,1729314000000,6290141.3
15187,1729317600000,6285923.8
15188,1729321200000,6286048.8
15189,1729324800000,6263032.8
15190,1729328400000,6277123.9
15191,1729332000000,6275000.3
15192,1729335600000,6267485.2
15193,1729339200000,6238604.6
15194,1729342800000,6245884.9
15195,1729346400000,6241354.1
15196,1729350000000,6216522.2
15197,1729353600000,6221113.8
15198,1729357200000,6203982.8
15199,1729360800000,6231900.1
15200,1729364400000,6293872.5
15201,1729368000000,6284311.3
15202,1729371600000,6271893.8
15203,1729375200000,6264958.2
15204,1729378800000,6245702.2
15205,1729382400000,6281132.5
15206,1729386000000,6317389.7
15207,1729389600000,6278807.7
15208,1729393200000,6269789.1
15209,1729396800000,6271891.5
15210,1729400400000,6270854.3
15211,1729404000000,6284243.3
15212,1729407600000,6277111.6
15213,1729411200000,6340596.6
15214,1729414800000,6343369.6
15215,1729418400000,6298771.1
15216,1729422000000,6290614.1
15217,1729425600000,6290306.9
15218,1729429200000,6315049.5
15219,1729432800000,6378805.3
15220,1729436400000,6287319.6
15221,1729440000000,6278808.5
15222,1729443600000,6277335.8
15223,1729447200000,6449022.3
15224,1729450800000,6400493.9
15225,1729454400000,6392891.6
15226,1729458000000,6444745.8
15227,1729461600000,6497068.5
15228,1729465200000,6501426.3
15229,1729468800000,6525856.3
15230,1729472400000,6569443.4
15231,1729476000000,6570155.2
15232,1729479600000,6568544.7
15233,1729483200000,6575220.8
15234,1729486800000,6614539.8
15235,1729490400000,6619589.4
15236,1729494000000,6624359.3
15237,1729497600000,6540305.4
15238,1729501200000,6513918.0
15239,1729504800000,6544938.1
15240,1729508400000,6541674.8
15241,1729512000000,6588806.2
15242,1729515600000,6600479.7
15243,1729519200000,6631575.9
15244,1729522800000,6794952.5
15245,1729526400000,6719020.4
15246,1729530000000,6673279.9
15247,1729533600000,6698710.9
15248,1729537200000,6721694.2
15249,1729540800000,6728948.0
15250,1729544400000,6764637.0
15251,1729548000000,6636277.9
15252,1729551600000,6643424.6
15253,1729555200000,6645534.4
15254,1729558800000,6540475.0
15255,1729562400000,6559058.8
15256,1729566000000,6563379.8
15257,1729569600000,6556170.2
15258,1729573200000,6554507.8
15259,1729576800000,6580141.2
15260,1729580400000,6566064.6
15261,1729584000000,6536785.4
15262,1729587600000,6536626.3
15263,1729591200000,6559976.0
15264,1729594800000,6585876.4
15265,1729598400000,6691882.4
15266,1729602000000,6613660.0
15267,1729605600000,6418673.6
15268,1729609200000,6445801.9
15269,1729612800000,6475177.1
15270,1729616400000,6428052.1
15271,1729620000000,6476099.3
15272,1729623600000,6466945.5
15273,1729627200000,6477779.9
15274,1729630800000,6541278.1
15275,1729634400000,6524672.3
15276,1729638000000,6542221.5
15277,1729641600000,6534935.2
15278,1729645200000,6523330.6
15279,1729648800000,6539547.2
15280,1729652400000,6529155.0
15281,1729656000000,6540088.2
15282,1729659600000,6572576.3
15283,1729663200000,6564251.7
15284,1729666800000,6551955.1
15285,1729670400000,6530881.0
15286,1729674000000,6514224.0
15287,1729677600000,6539806.7
15288,1729681200000,6534038.9
15289,1729684800000,6546447.6
15290,1729688400000,6653033.5
15291,1729692000000,6690120.3
15292,1729695600000,6635405.1
15293,1729699200000,6581769.7
15294,1729702800000,6543682.2
15295,1729706400000,6536260.4
15296,1729710000000,6432288.1
15297,1729713600000,6421827.2
15298,1729717200000,6405706.1
15299,1729720800000,6404589.1
15300,1729724400000,6416079.3
15301,1729728000000,6406553.0
15302,1729731600000,6391904.1
15303,1729735200000,6386273.7
15304,1729738800000,6391602.1
15305,1729742400000,6377770.9
15306,1729746000000,6404286.3
15307,1729749600000,6403323.7
15308,1729753200000,6388832.6
15309,1729756800000,6374852.0
15310,1729760400000,6346183.8
15311,1729764000000,6333756.4
15312,1729767600000,6409637.1
15313,1729771200000,6456969.8
15314,1729774800000,6460302.0
15315,1729778400000,6447208.7
15316,1729782000000,6419474.4
15317,1729785600000,6403076.4
15318,1729789200000,6390095.1
15319,1729792800000,6349754.2
15320,1729796400000,6353574.2
15321,1729800000000,6321022.4
15322,1729803600000,6334857.9
15323,1729807200000,6354480.8
15324,1729810800000,6292747.6
15325,1729814400000,6298554.2
15326,1729818000000,6290107.8
15327,1729821600000,6285205.2
15328,1729825200000,6281078.0
15329,1729828800000,6286903.7
15330,1729832400000,6282340.8
15331,1729836000000,6300030.6
15332,1729839600000,6290421.2
15333,1729843200000,6339950.6
15334,1729846800000,6347252.8
15335,1729850400000,6340168.2
15336,1729854000000,6346752.6
15337,1729857600000,6351286.6
15338,1729861200000,6238570.8
15339,1729864800000,6251377.2
15340,1729868400000,6361456.5
15341,1729872000000,6245873.3
15342,1729875600000,6259078.5
15343,1729879200000,6256726.2
15344,1729882800000,6253777.1
15345,1729886400000,6220232.0
15346,1729890000000,6220887.9
15347,1729893600000,6191881.4
15348,1729897200000,6195672.3
15349,1729900800000,6403437.9
15350,1729904400000,6382377.1
15351,1729908000000,6393743.9
15352,1729911600000,6401337.2
15353,1729915200000,6404747.6
15354,1729918800000,6443441.3
15355,1729922400000,6441129.1
15356,1729926000000,6489510.7
15357,1729929600000,6460067.5
15358,1729933200000,6456176.9
15359,1729936800000,6458796.5
15360,1729940400000,6488076.5
15361,1729944000000,6490993.5
15362,1729947600000,6481878.9
15363,1729951200000,6496656.3
15364,1729954800000,6459446.6
15365,1729958400000,6431163.2
15366,1729962000000,6403255.8
15367,1729965600000,6404423.0
15368,1729969200000,6397558.8
15369,1729972800000,6389066.4
15370,1729976400000,6363810.8
15371,1729980000000,6370215.5
15372,1729983600000,6388791.1
15373,1729987200000,6403039.7
15374,1729990800000,6411149.5
15375,1729994400000,6410210.9
15376,1729998000000,6406207.5
15377,1730001600000,6405484.3
15378,1730005200000,6414086.9
15379,1730008800000,6417579.3
15380,1730012400000,6451197.9
15381,1730016000000,6470857.5
15382,1730019600000,6386451.7
15383,1730023200000,6383736.1
15384,1730026800000,6397009.3
15385,1730030400000,6483044.1
15386,1730034000000,6557241.8
15387,1730037600000,6567320.9
15388,1730041200000,6566669.1
15389,1730044800000,6564139.7
15390,1730048400000,6560101.3
15391,1730052000000,6558991.7
15392,1730055600000,6556937.1
15393,1730059200000,6556952.7
15394,1730062800000,6566824.7
15395,1730066400000,6525528.3
15396,1730070000000,6536300.2
15397,1730073600000,6637391.7
15398,1730077200000,6656017.1
15399,1730080800000,6639271.3
15400,1730084400000,6633256.6
15401,1730088000000,6636264.0
15402,1730091600000,6638344.4
15403,1730095200000,6625348.3
15404,1730098800000,6618950.5
15405,1730102400000,6586412.9
15406,1730106000000,6589580.7
15407,1730109600000,6640864.2
15408,1730113200000,6644075.3
15409,1730116800000,6631190.3
15410,1730120400000,6588446.4
15411,1730124000000,6550763.8
15412,1730127600000,6545026.3
15413,1730131200000,6518798.3
15414,1730134800000,6491919.9
15415,1730138400000,6505639.1
15416,1730142000000,6508620.5
15417,1730145600000,6516329.3
15418,1730149200000,6507816.1
15419,1730152800000,6489205.7
15420,1730156400000,6492579.3
15421,1730160000000,6480856.0
15422,1730163600000,6459331.3
15423,1730167200000,6417481.7
15424,1730170800000,6367853.3
15425,1730174400000,6373876.5
15426,1730178000000,6364525.1
15427,1730181600000,6367447.5
15428,1730185200000,6477937.1
15429,1730188800000,6591703.8
15430,1730192400000,6506334.7
15431,1730196000000,6491846.5
15432,1730199600000,6502317.5
15433,1730203200000,6524599.9
15434,1730206800000,6498842.3
15435,1730210400000,6508611.6
15436,1730214000000,6503258.5
15437,1730217600000,6493256.7
15438,1730221200000,6554069.6
15439,1730224800000,6552656.1
15440,1730228400000,6534214.8
15441,1730232000000,6504270.6
15442,1730235600000,6485192.0
15443,1730239200000,6498954.6
15444,1730242800000,6503304.3
15445,1730246400000,6507355.5
15446,1730250000000,6506392.6
15447,1730253600000,6542510.8
15448,1730257200000,6538617.9
15449,1730260800000,6529617.3
15450,1730264400000,6543498.9
15451,1730268000000,6543730.5
15452,1730271600000,6562851.9
15453,1730275200000,6574264.1
15454,1730278800000,6612316.8
15455,1730282400000,6600204.6
15456,1730286000000,6623000.4
15457,1730289600000,6616197.3
15458,1730293200000,6575575.5
15459,1730296800000,6578878.2
15460,1730300400000,6600998.5
15461,1730304000000,6593623.6
15462,1730307600000,6587386.2
15463,1730311200000,6594719.8
15464,1730314800000,6585201.4
15465,1730318400000,6586172.0
15466,1730322000000,6584164.8
15467,1730325600000,6582964.1
15468,1730329200000,6601988.2
15469,1730332800000,6599257.2
15470,1730336400000,6595020.6
15471,1730340000000,6609410.6
15472,1730343600000,6624259.2
15473,1730347200000,6634145.4
15474,1730350800000,6648878.6
15475,1730354400000,6639190.0
15476,1730358000000,6612021.0
15477,1730361600000,6610569.5
15478,1730365200000,6583744.1
15479,1730368800000,6565566.1
15480,1730372400000,6560075.7
15481,1730376000000,6551414.5
15482,1730379600000,6536703.2
15483,1730383200000,6508975.5
15484,1730386800000,6485293.4
15485,1730390400000,6477529.6
15486,1730394000000,6489574.7
15487,1730397600000,6368454.5
15488,1730401200000,6304512.8
15489,1730404800000,6285517.5
15490,1730408400000,6256424.7
15491,1730412000000,6258110.7
15492,1730415600000,6256214.6
15493,1730419200000,6259411.2
15494,1730422800000,6264122.0
15495,1730426400000,6253075.9
15496,1730430000000,6253165.5
15497,1730433600000,6262023.1
15498,1730437200000,6261683.3
15499,1730440800000,6255769.8
15500,1730444400000,6265724.1
15501,1730448000000,6276994.6
15502,1730451600000,6288444.0
15503,1730455200000,6297087.4
15504,1730458800000,6337155.0
15505,1730462400000,6365400.2
15506,1730466000000,6354043.0
15507,1730469600000,6371179.0
15508,1730473200000,6346950.3
15509,1730476800000,6478454.4
15510,1730480400000,6494088.9
15511,1730484000000,6497528.3
15512,1730487600000,6503384.7
15513,1730491200000,6547858.9
15514,1730494800000,6546181.5
15515,1730498400000,6498137.7
15516,1730502000000,6498927.5
15517,1730505600000,6496918.7
15518,1730509200000,6498112.6
15519,1730512800000,6497989.8
15520,1730516400000,6499697.3
15521,1730520000000,6544102.3
15522,1730523600000,6548409.3
15523,1730527200000,6541277.1
15524,1730530800000,6547436.1
15525,1730534400000,6565828.1
15526,1730538000000,6562802.3
15527,1730541600000,6565091.5
15528,1730545200000,6580003.1
15529,1730548800000,6581410.5
15530,1730552400000,6330555.3
15531,1730556000000,6282936.8
15532,1730559600000,6261881.8
15533,1730563200000,6260288.7
15534,1730566800000,6254419.3
15535,1730570400000,6254513.6
15536,1730574000000,6279989.1
15537,1730577600000,6268559.9
15538,1730581200000,6280086.7
15539,1730584800000,6253805.7
15540,1730588400000,6238188.3
15541,1730592000000,6230712.5
15542,1730595600000,6239286.9
15543,1730599200000,6260561.5
15544,1730602800000,6263624.9
15545,1730606400000,6267432.5
15546,1730610000000,6236976.3
15547,1730613600000,6247959.4
15548,1730617200000,6236719.5
15549,1730620800000,6195356.3
15550,1730624400000,6183596.5
15551,1730628000000,6178692.8
15552,1730631600000,6203954.9
15553,1730635200000,6208671.4
15554,1730638800000,6221990.5
15555,1730642400000,6198683.7
15556,1730646000000,6180168.7
15557,1730649600000,6179464.1
15558,1730653200000,6182574.2
15559,1730656800000,6172598.3
15560,1730660400000,6161583.3
15561,1730664000000,6273148.9
15562,1730667600000,6271272.3
15563,1730671200000,6283375.6
15564,1730674800000,6337947.4
15565,1730678400000,6261972.2
15566,1730682000000,6274136.8
15567,1730685600000,6266183.6
15568,1730689200000,6279788.5
15569,1730692800000,6288551.9
15570,1730696400000,6291591.7
15571,1730700000000,6283927.1
15572,1730703600000,6247897.5
15573,1730707200000,6327826.6
15574,1730710800000,6300203.0
15575,1730714400000,6298222.6
15576,1730718000000,6304202.1
15577,1730721600000,6308643.8
15578,1730725200000,6327265.5
15579,1730728800000,6247285.5
15580,1730732400000,6239285.8
15581,1730736000000,6224579.7
15582,1730739600000,6220185.8
15583,1730743200000,6214007.7
15584,1730746800000,6213400.8
15585,1730750400000,6204782.8
15586,1730754000000,6240850.8
15587,1730757600000,6225834.2
15588,1730761200000,6230839.2
15589,1730764800000,6324673.7
15590,1730768400000,6301616.8
15591,1730772000000,6473500.3
15592,1730775600000,6474440.2
15593,1730779200000,6474284.9
15594,1730782800000,6472738.2
15595,1730786400000,6459322.1
15596,1730790000000,6468382.5
15597,1730793600000,6452248.4
15598,1730797200000,6428716.3
15599,1730800800000,6362437.3
15600,1730804400000,6355227.3
15601,1730808000000,6365660.1
15602,1730811600000,6359258.5
15603,1730815200000,6362630.7
15604,1730818800000,6400420.9
15605,1730822400000,6440023.0
15606,1730826000000,6444271.5
15607,1730829600000,6446914.6
15608,1730833200000,6480464.4
15609,1730836800000,6424714.6
15610,1730840400000,6450048.9
15611,1730844000000,6453657.8
15612,1730847600000,6418320.8
15613,1730851200000,6425727.0
15614,1730854800000,6430509.7
15615,1730858400000,6402205.4
15616,1730862000000,6410755.5
15617,1730865600000,6324688.7
15618,1730869200000,6303133.7
15619,1730872800000,6249567.0
15620,1730876400000,6242312.5
15621,1730880000000,6278885.1
15622,1730883600000,6296067.6
15623,1730887200000,6312088.3
15624,1730890800000,6299706.3
15625,1730894400000,6289870.4
15626,1730898000000,6299393.9
15627,1730901600000,6286360.0
15628,1730905200000,6291031.7
15629,1730908800000,6310586.7
15630,1730912400000,6302352.8
15631,1730916000000,6401233.6
15632,1730919600000,6433811.2
15633,1730923200000,6485812.2
15634,1730926800000,6473874.6
15635,1730930400000,6484897.5
15636,1730934000000,6481289.1
15637,1730937600000,6476919.6
15638,1730941200000,6422443.4
15639,1730944800000,6445600.7
15640,1730948400000,6449594.4
15641,1730952000000,6466439.5
15642,1730955600000,6489615.6
15643,1730959200000,6487420.6
15644,1730962800000,6533138.5
15645,1730966400000,6537769.5
15646,1730970000000,6537699.8
15647,1730973600000,6552985.2
15648,1730977200000,6538778.6
15649,1730980800000,6536478.9
15650,1730984400000,6512001.5
15651,1730988000000,6488101.4
15652,1730991600000,6488658.4
15653,1730995200000,6568323.8
15654,1730998800000,6577739.2
15655,1731002400000,6574459.7
15656,1731006000000,6578836.1
15657,1731009600000,6590511.2
15658,1731013200000,6580094.1
15659,1731016800000,6582000.1
15660,1731020400000,6578400.0
15661,1731024000000,6580909.8
15662,1731027600000,6599225.1
15663,1731031200000,6599502.4
15664,1731034800000,6614079.7
15665,1731038400000,6629213.1
15666,1731042000000,6619343.3
15667,1731045600000,6621093.9
15668,1731049200000,6634207.2
15669,1731052800000,6684631.2
15670,1731056400000,6666231.6
15671,1731060000000,6655857.2
15672,1731063600000,6652177.2
15673,1731067200000,6645210.4
15674,1731070800000,6659337.1
15675,1731074400000,6661278.9
15676,1731078000000,6936021.3
15677,1731081600000,7001499.3
15678,1731085200000,6801047.7
15679,1731088800000,6856807.1
15680,1731092400000,6878588.5
15681,1731096000000,6837068.9
15682,1731099600000,6782401.0
15683,1731103200000,6776395.7
15684,1731106800000,6773710.5
15685,1731110400000,6792912.8
15686,1731114000000,6786462.8
15687,1731117600000,6811470.9
15688,1731121200000,6828281.8
15689,1731124800000,6838911.3
15690,1731128400000,6844713.8
15691,1731132000000,6890341.6
15692,1731135600000,6942258.2
15693,1731139200000,6915782.8
15694,1731142800000,6893180.2
15695,1731146400000,6917034.6
15696,1731150000000,6930158.3
15697,1731153600000,7094822.4
15698,1731157200000,6913288.2
15699,1731160800000,6935033.5
15700,1731164400000,6856889.4
15701,1731168000000,6845113.4
15702,1731171600000,6889824.4
15703,1731175200000,6918876.8
15704,1731178800000,7022297.8
15705,1731182400000,6923730.3
15706,1731186000000,6923705.8
15707,1731189600000,6903262.7
15708,1731193200000,6862684.7
15709,1731196800000,7101464.4
15710,1731200400000,7083987.7
15711,1731204000000,7154067.4
15712,1731207600000,7335074.2
15713,1731211200000,7344258.7
15714,1731214800000,7472347.7
15715,1731218400000,7395240.8
15716,1731222000000,7234499.5
15717,1731225600000,7214136.4
15718,1731229200000,7351140.7
15719,1731232800000,7317649.9
15720,1731236400000,7204476.4
15721,1731240000000,7239126.7
15722,1731243600000,7153456.0
15723,1731247200000,7091707.1
15724,1731250800000,7033716.7
15725,1731254400000,7035007.8
15726,1731258000000,7004421.5
15727,1731261600000,7052379.7
15728,1731265200000,7371625.8
15729,1731268800000,7212084.4
15730,1731272400000,7191540.7
15731,1731276000000,7310655.9
15732,1731279600000,7430275.9
15733,1731283200000,7397631.2
15734,1731286800000,7386625.8
15735,1731290400000,7384359.9
15736,1731294000000,7480383.5
15737,1731297600000,7484724.8
15738,1731301200000,7468836.7
15739,1731304800000,7756546.4
15740,1731308400000,7846626.4
15741,1731312000000,7818256.7
15742,1731315600000,7805942.1
15743,1731319200000,7913826.8
15744,1731322800000,7883818.4
15745,1731326400000,7973580.7
15746,1731330000000,7996488.2
15747,1731333600000,7981211.3
15748,1731337200000,7970061.7
15749,1731340800000,8033046.6
15750,1731344400000,8047254.6
15751,1731348000000,8068427.2
15752,1731351600000,8145558.3
15753,1731355200000,8129270.4
15754,1731358800000,8135439.0
15755,1731362400000,7781505.1
15756,1731366000000,7689048.0
15757,1731369600000,7718292.3
15758,1731373200000,7960448.9
15759,1731376800000,8003805.6
15760,1731380400000,8008382.5
15761,1731384000000,7957104.1
15762,1731387600000,7925211.3
15763,1731391200000,7934680.2
15764,1731394800000,7893510.3
15765,1731398400000,7908816.0
15766,1731402000000,7969894.2
15767,1731405600000,7877323.5
15768,1731409200000,7713940.8
15769,1731412800000,7773795.3
15770,1731416400000,7717272.2
15771,1731420000000,7665008.2
15772,1731423600000,7684319.7
15773,1731427200000,7672133.4
15774,1731430800000,7628913.2
15775,1731434400000,7630285.8
15776,1731438000000,7630714.7
15777,1731441600000,7641536.1
15778,1731445200000,7632526.5
15779,1731448800000,7617426.5
15780,1731452400000,7606158.7
15781,1731456000000,7640582.2
15782,1731459600000,7644957.8
15783,1731463200000,7628927.3
15784,1731466800000,7637057.2
15785,1731470400000,7632919.5
15786,1731474000000,7692628.0
15787,1731477600000,7599421.0
15788,1731481200000,7577629.6
15789,1731484800000,7523883.6
15790,1731488400000,7518358.1
15791,1731492000000,7505342.2
15792,1731495600000,7487465.3
15793,1731499200000,7512648.7
15794,1731502800000,7545568.2
15795,1731506400000,7491528.6
15796,1731510000000,7466033.5
15797,1731513600000,7551425.1
15798,1731517200000,7557564.1
15799,1731520800000,7639488.1
15800,1731524400000,7702343.3
15801,1731528000000,7537275.0
15802,1731531600000,7528051.6
15803,1731535200000,7591898.5
15804,1731538800000,7572200.0
15805,1731542400000,7588521.2
15806,1731546000000,7625635.6
15807,1731549600000,7610229.3
15808,1731553200000,7591218.3
15809,1731556800000,7573386.0
15810,1731560400000,7569065.0
15811,1731564000000,7614037.4
15812,1731567600000,7626291.9
15813,1731571200000,7622924.0
15814,1731574800000,7606805.2
15815,1731578400000,7604224.8
15816,1731582000000,7612999.0
15817,1731585600000,7565642.3
15818,1731589200000,7586976.8
15819,1731592800000,7480302.1
15820,1731596400000,7374510.6
15821,1731600000000,7346650.9
15822,1731603600000,7409855.8
15823,1731607200000,7376246.1
15824,1731610800000,7339343.0
15825,1731614400000,7338300.2
15826,1731618000000,7363253.8
15827,1731621600000,7358291.0
15828,1731625200000,7406049.5
15829,1731628800000,7331562.4
15830,1731632400000,7345575.7
15831,1731636000000,7338644.0
15832,1731639600000,7329353.1
15833,1731643200000,7337012.2
15834,1731646800000,7313412.6
15835,1731650400000,7357249.3
15836,1731654000000,7384563.7
15837,1731657600000,7389417.3
15838,1731661200000,7396964.8
15839,1731664800000,7361054.5
15840,1731668400000,7420541.3
15841,1731672000000,7381807.6
15842,1731675600000,7454659.6
15843,1731679200000,7422623.0
15844,1731682800000,7470633.2
15845,1731686400000,7416512.2
15846,1731690000000,7456479.0
15847,1731693600000,7638158.0
15848,1731697200000,7633083.9
15849,1731700800000,7649310.3
15850,1731704400000,7692910.1
15851,1731708000000,7729427.6
15852,1731711600000,7753003.4
15853,1731715200000,7764027.1
15854,1731718800000,7766873.7
15855,1731722400000,7728302.5
15856,1731726000000,7747418.6
15857,1731729600000,7774497.3
15858,1731733200000,7723189.4
15859,1731736800000,7728631.3
15860,1731740400000,7677012.5
15861,1731744000000,7734274.4
15862,1731747600000,8653557.9
15863,1731751200000,8683236.8
15864,1731754800000,8783000.3
15865,1731758400000,8810580.6
15866,1731762000000,8738454.6
15867,1731765600000,8764808.5
15868,1731769200000,8757623.4
15869,1731772800000,8693481.3
15870,1731776400000,8725107.1
15871,1731780000000,8848308.0
15872,1731783600000,9096776.8
15873,1731787200000,9227564.3
15874,1731790800000,9489233.6
15875,1731794400000,9636484.1
15876,1731798000000,9508485.5
15877,1731801600000,9709309.3
15878,1731805200000,9832539.19999999
15879,1731808800000,10120151.3
15880,1731812400000,10443171.5
15881,1731816000000,10363641.6
15882,1731819600000,10390718.4
15883,1731823200000,10390440.4
15884,1731826800000,10465966.0
15885,1731830400000,10390133.9
15886,1731834000000,10302829.5
15887,1731837600000,10403330.3
15888,1731841200000,10363579.5
15889,1731844800000,10244446.3
15890,1731848400000,10274941.6
15891,1731852000000,10377974.5
15892,1731855600000,10398639.1
15893,1731859200000,10381745.5
15894,1731862800000,10375614.6
15895,1731866400000,10420427.9
15896,1731870000000,10415946.5
15897,1731873600000,9821527.1
15898,1731877200000,9690317.5
15899,1731880800000,9594664.3
15900,1731884400000,9993482.3
15901,1731888000000,9903659.9
15902,1731891600000,9873389.19999999
15903,1731895200000,9709681.4
15904,1731898800000,9765261.1
15905,1731902400000,9724601.6
15906,1731906000000,9674350.1
15907,1731909600000,9845783.69999999
15908,1731913200000,9779182.9
15909,1731916800000,9620061.5
15910,1731920400000,9552432.8
15911,1731924000000,9475602.0
15912,1731927600000,9466993.0
15913,1731931200000,9355891.5
15914,1731934800000,9346189.3
15915,1731938400000,9494010.3
15916,1731942000000,9430578.6
15917,1731945600000,9573213.8
15918,1731949200000,9573452.1
15919,1731952800000,9556688.6
15920,1731956400000,9540054.4
15921,1731960000000,9511259.69999999
15922,1731963600000,9572135.9
15923,1731967200000,9533074.69999999
15924,1731970800000,9517317.6
15925,1731974400000,9484202.5
15926,1731978000000,9548501.0
15927,1731981600000,9561322.4
15928,1731985200000,9709467.1
15929,1731988800000,9770550.4
15930,1731992400000,9740363.6
15931,1731996000000,9809575.6
15932,1731999600000,9823376.3
15933,1732003200000,9811587.9
15934,1732006800000,9819597.19999999
15935,1732010400000,9797487.6
15936,1732014000000,9807993.5
15937,1732017600000,9914814.1
15938,1732021200000,9864272.0
15939,1732024800000,9827755.0
15940,1732028400000,9800405.0
15941,1732032000000,10115372.0
15942,1732035600000,9912646.19999999
15943,1732039200000,9915277.3
15944,1732042800000,10218718.9
15945,1732046400000,10190533.69999999
15946,1732050000000,9783614.4
15947,1732053600000,9621117.4
15948,1732057200000,9558494.9
15949,1732060800000,9472716.3
15950,1732064400000,9472289.69999999
15951,1732068000000,9437789.9
15952,1732071600000,9429063.3
15953,1732075200000,9197578.3
15954,1732078800000,9184137.1
15955,1732082400000,9227526.9
15956,1732086000000,9247891.19999999
15957,1732089600000,9331323.6
15958,1732093200000,9317813.8
15959,1732096800000,9481709.9
15960,1732100400000,9487727.0
15961,1732104000000,9525788.1
15962,1732107600000,9468200.1
15963,1732111200000,9602240.6
15964,1732114800000,9428899.8
15965,1732118400000,9416910.6
15966,1732122000000,9359215.0
15967,1732125600000,9259763.5
15968,1732129200000,9188964.9
15969,1732132800000,9114569.4
15970,1732136400000,9024762.9
15971,1732140000000,9044361.0
15972,1732143600000,9027744.4
15973,1732147200000,8975234.4
15974,1732150800000,8872669.6
15975,1732154400000,8804498.0
15976,1732158000000,8673419.6
15977,1732161600000,8667876.4
15978,1732165200000,8785443.4
15979,1732168800000,8797986.9
15980,1732172400000,8804023.69999999
15981,1732176000000,8857484.8
15982,1732179600000,8832784.0
15983,1732183200000,8790367.6
15984,1732186800000,8717563.3
15985,1732190400000,8938582.6
15986,1732194000000,8841015.8
15987,1732197600000,8928272.0
15988,1732201200000,8838605.4
15989,1732204800000,8778278.3
15990,1732208400000,8739470.3
15991,1732212000000,8708554.5
15992,1732215600000,8709485.6
15993,1732219200000,8730683.5
15994,1732222800000,8714759.0
15995,1732226400000,8769385.5
15996,1732230000000,8892095.8
15997,1732233600000,8905907.3
15998,1732237200000,8726349.3
15999,1732240800000,8798762.19999999
16000,1732244400000,8865621.8
16001,1732248000000,8994426.69999999
16002,1732251600000,9278831.9
16003,1732255200000,9210535.0
16004,1732258800000,9347937.9
16005,1732262400000,9382499.0
16006,1732266000000,9408974.19999999
16007,1732269600000,9389627.5
16008,1732273200000,9365164.69999999
16009,1732276800000,9368990.9
16010,1732280400000,9467395.69999999
16011,1732284000000,9339852.9
16012,1732287600000,9513975.5
16013,1732291200000,9706701.4
16014,1732294800000,9729143.19999999
16015,1732298400000,9722461.9
16016,1732302000000,9739821.1
16017,1732305600000,9702220.0
16018,1732309200000,9804669.19999999
16019,1732312800000,9893570.4
16020,1732316400000,9823391.1
16021,1732320000000,10029975.69999999
16022,1732323600000,10178700.5
16023,1732327200000,10213669.1
16024,1732330800000,9478436.1
16025,1732334400000,9588126.3
16026,1732338000000,9554039.6
16027,1732341600000,9633861.19999999
16028,1732345200000,9693272.8
16029,1732348800000,9704201.69999999
16030,1732352400000,9901458.1
16031,1732356000000,9959489.19999999
16032,1732359600000,9884144.6
16033,1732363200000,9781641.1
16034,1732366800000,9980527.69999999
16035,1732370400000,10026307.3
16036,1732374000000,10076973.4
16037,1732377600000,10495959.69999999
16038,1732381200000,10082360.0
16039,1732384800000,10205831.6
16040,1732388400000,10182100.9
16041,1732392000000,10138016.8
16042,1732395600000,9956539.4
16043,1732399200000,9968928.69999999
16044,1732402800000,9892019.69999999
16045,1732406400000,9912462.69999999
16046,1732410000000,9848325.8
16047,1732413600000,9994268.0
16048,1732417200000,10330552.69999999
16049,1732420800000,10269285.4
16050,1732424400000,10238645.19999999
16051,1732428000000,10153007.1
16052,1732431600000,10130884.5
16053,1732435200000,10260218.6
16054,1732438800000,10453869.8
16055,1732442400000,10432940.3
16056,1732446000000,10312198.1
16057,1732449600000,9410503.4
16058,1732453200000,9181091.19999999
16059,1732456800000,9181008.5
16060,1732460400000,9193561.9
16061,1732464000000,9223847.9
16062,1732467600000,9294965.3
16063,1732471200000,9245441.69999999
16064,1732474800000,9582658.19999999
16065,1732478400000,9551242.8
16066,1732482000000,9709018.4
16067,1732485600000,9924148.19999999
16068,1732489200000,9876422.19999999
16069,1732492800000,9999992.5
16070,1732496400000,9221975.4
16071,1732500000000,9138729.0
16072,1732503600000,9171157.5
16073,1732507200000,9234093.6
16074,1732510800000,9219458.5
16075,1732514400000,9231404.19999999
16076,1732518000000,9209427.3
16077,1732521600000,9340140.1
16078,1732525200000,9547624.1
16079,1732528800000,9514406.3
16080,1732532400000,10851008.3
16081,1732536000000,10797330.19999999
16082,1732539600000,10732691.69999999
16083,1732543200000,10774786.5
16084,1732546800000,10624229.5
16085,1732550400000,10977864.3
16086,1732554000000,11068179.4
16087,1732557600000,11057751.0
16088,1732561200000,11049706.0
16089,1732564800000,11039176.6
16090,1732568400000,10895444.6
16091,1732572000000,10812632.0
16092,1732575600000,10872170.3
16093,1732579200000,10783379.69999999
16094,1732582800000,10748359.8
16095,1732586400000,10855575.0
16096,1732590000000,10853290.69999999
16097,1732593600000,10856510.5
16098,1732597200000,10870336.3
16099,1732600800000,11051708.1
16100,1732604400000,11089183.19999999
16101,1732608000000,11042304.19999999
16102,1732611600000,10977937.69999999
16103,1732615200000,10985976.19999999
16104,1732618800000,11045963.1
16105,1732622400000,10836110.4
16106,1732626000000,10822138.1
16107,1732629600000,10800637.5
16108,1732633200000,10801608.19999999
16109,1732636800000,10806127.4
16110,1732640400000,10804384.69999999
16111,1732644000000,10848228.6
16112,1732647600000,10866863.8
16113,1732651200000,10928401.3
16114,1732654800000,10985016.0
16115,1732658400000,10999052.9
16116,1732662000000,10995375.0
16117,1732665600000,11022826.19999999
16118,1732669200000,11018794.9
16119,1732672800000,11024274.6
16120,1732676400000,11097768.0
16121,1732680000000,11138977.19999999
16122,1732683600000,11214989.9
16123,1732687200000,11181260.4
16124,1732690800000,11129703.1
16125,1732694400000,11228390.69999999
16126,1732698000000,11274496.6
16127,1732701600000,11274455.5
16128,1732705200000,11597956.3
16129,1732708800000,11367177.8
16130,1732712400000,11382680.8
16131,1732716000000,11376898.8
16132,1732719600000,11351067.7
16133,1732723200000,11348439.6
16134,1732726800000,11308028.2
16135,1732730400000,11508543.1
16136,1732734000000,11491243.3
16137,1732737600000,11507712.8
16138,1732741200000,11405331.5
16139,1732744800000,11384226.0
16140,1732748400000,11394424.8
16141,1732752000000,11468290.0
16142,1732755600000,11496127.0
16143,1732759200000,11445640.3
16144,1732762800000,11425055.0
16145,1732766400000,11440616.2
16146,1732770000000,11453403.3
16147,1732773600000,11420357.3
16148,1732777200000,11479099.1
16149,1732780800000,11460627.8
16150,1732784400000,11437178.4
16151,1732788000000,11424299.9
16152,1732791600000,11401447.9
16153,1732795200000,11386132.8
16154,1732798800000,11349398.0
16155,1732802400000,11328288.2
16156,1732806000000,11303981.2
16157,1732809600000,11317605.4
16158,1732813200000,11374599.7
16159,1732816800000,11395106.5
16160,1732820400000,11348620.4
16161,1732824000000,11322149.7
16162,1732827600000,11284199.1
16163,1732831200000,11192705.4
16164,1732834800000,11252688.3
16165,1732838400000,11282754.8
16166,1732842000000,11295454.4
16167,1732845600000,11269039.0
16168,1732849200000,11286903.8
16169,1732852800000,11210929.9
16170,1732856400000,11229053.5
16171,1732860000000,11221449.19999999
16172,1732863600000,11203023.8
16173,1732867200000,11198833.19999999
16174,1732870800000,11248130.4
16175,1732874400000,11224027.3
16176,1732878000000,11234104.5
16177,1732881600000,11290920.0
16178,1732885200000,11282727.9
16179,1732888800000,11414848.6
16180,1732892400000,11416598.7
16181,1732896000000,11257544.5
16182,1732899600000,11271752.0
16183,1732903200000,11171313.3
16184,1732906800000,11201406.9
16185,1732910400000,11224687.19999999
16186,1732914000000,11367877.2
16187,1732917600000,11451082.3
16188,1732921200000,11518716.8
16189,1732924800000,11631509.6
16190,1732928400000,11678127.9
16191,1732932000000,11746664.5
16192,1732935600000,11674577.1
16193,1732939200000,11633087.1
16194,1732942800000,11595451.9
16195,1732946400000,11535281.9
16196,1732950000000,11460433.4
16197,1732953600000,11462999.7
16198,1732957200000,11583057.0
16199,1732960800000,11662246.1
16200,1732964400000,11524171.8
16201,1732968000000,11562016.9
16202,1732971600000,11603810.3
16203,1732975200000,11598321.3
16204,1732978800000,11542455.4
16205,1732982400000,11550370.1
16206,1732986000000,11524814.8
16207,1732989600000,11530575.8
16208,1732993200000,11529831.1
16209,1732996800000,11440154.2
16210,1733000400000,11538791.9
16211,1733004000000,11622732.1
16212,1733007600000,11649804.7
16213,1733011200000,11739544.8
16214,1733014800000,11587843.0
16215,1733018400000,11612769.1
16216,1733022000000,11730689.2
16217,1733025600000,11632775.1
16218,1733029200000,11641158.8
16219,1733032800000,11627731.9
16220,1733036400000,11591739.8
16221,1733040000000,11584176.0
16222,1733043600000,11650053.9
16223,1733047200000,11674619.3
16224,1733050800000,11651922.6
16225,1733054400000,11563913.4
16226,1733058000000,11627188.6
16227,1733061600000,11652762.3
16228,1733065200000,11650982.1
16229,1733068800000,11762979.4
16230,1733072400000,11699625.6
16231,1733076000000,11620091.0
16232,1733079600000,11972537.1
16233,1733083200000,12406622.8
16234,1733086800000,12722650.8
16235,1733090400000,12616086.5
16236,1733094000000,12740422.1
16237,1733097600000,13088186.6
16238,1733101200000,13254202.5
16239,1733104800000,13089829.0
16240,1733108400000,13055380.4
16241,1733112000000,12899176.7
16242,1733115600000,12892135.4
16243,1733119200000,12964381.5
16244,1733122800000,12848485.4
16245,1733126400000,12808370.2
16246,1733130000000,12504579.1
16247,1733133600000,12557663.0
16248,1733137200000,12542980.7
16249,1733140800000,12562955.4
16250,1733144400000,12477914.1
16251,1733148000000,12348133.2
16252,1733151600000,12304512.5
16253,1733155200000,12249214.8
16254,1733158800000,12193197.4
16255,1733162400000,12180565.9
16256,1733166000000,12313357.0
16257,1733169600000,12430812.5
16258,1733173200000,12383932.7
16259,1733176800000,12396517.2
16260,1733180400000,12251325.2
16261,1733184000000,12325018.5
16262,1733187600000,12314226.0
16263,1733191200000,12335170.0
16264,1733194800000,12291320.7
16265,1733198400000,12351387.8
16266,1733202000000,12415082.6
16267,1733205600000,12553634.6
16268,1733209200000,12486629.6
16269,1733212800000,12331629.8
16270,1733216400000,12343607.1
16271,1733220000000,12382791.0
16272,1733223600000,12417852.1
16273,1733227200000,12374616.8
16274,1733230800000,12345236.8
16275,1733234400000,12320643.0
16276,1733238000000,12264577.2
16277,1733241600000,12198872.9
16278,1733245200000,12124702.5
16279,1733248800000,12163637.9
16280,1733252400000,12135374.2
16281,1733256000000,12177407.8
16282,1733259600000,12170161.3
16283,1733263200000,11954300.3
16284,1733266800000,11951606.0
16285,1733270400000,11908860.5
16286,1733274000000,12021608.3
16287,1733277600000,12400139.8
16288,1733281200000,12357233.6
16289,1733284800000,12799866.1
16290,1733288400000,12711442.8
16291,1733292000000,12794712.6
16292,1733295600000,13102046.0
16293,1733299200000,13100951.2
16294,1733302800000,13109102.1
16295,1733306400000,13118295.4
16296,1733310000000,13216311.3
16297,1733313600000,13178232.2
16298,1733317200000,13235486.6
16299,1733320800000,13092629.1
16300,1733324400000,12956934.4
16301,1733328000000,12920075.8
16302,1733331600000,12518855.0
16303,1733335200000,12462473.5
16304,1733338800000,12636269.6
16305,1733342400000,13089911.8
16306,1733346000000,12796941.3
16307,1733349600000,12853764.8
16308,1733353200000,12796305.2
16309,1733356800000,12508361.4
16310,1733360400000,12511264.9
16311,1733364000000,12400414.3
16312,1733367600000,12075817.6
16313,1733371200000,12009754.4
16314,1733374800000,12003469.6
16315,1733378400000,11988293.1
16316,1733382000000,12008244.1
16317,1733385600000,12004591.5
16318,1733389200000,12078274.8
16319,1733392800000,12065642.5
16320,1733396400000,12091070.8
16321,1733400000000,12138185.6
16322,1733403600000,12229134.8
16323,1733407200000,12195068.9
16324,1733410800000,12214097.0
16325,1733414400000,12357917.3
16326,1733418000000,12453105.2
16327,1733421600000,12478496.4
16328,1733425200000,12504019.0
16329,1733428800000,12380356.9
16330,1733432400000,12283494.2
16331,1733436000000,12247027.6
16332,1733439600000,12203731.8
16333,1733443200000,12175434.8
16334,1733446800000,12095603.7
16335,1733450400000,12159472.6
16336,1733454000000,12230338.4
16337,1733457600000,12173490.1
16338,1733461200000,12321800.6
16339,1733464800000,12332364.8
16340,1733468400000,12303326.2
16341,1733472000000,12264211.7
16342,1733475600000,12320569.1
16343,1733479200000,12292613.4
16344,1733482800000,12346857.1
16345,1733486400000,12384673.1
16346,1733490000000,12444885.6
16347,1733493600000,12472613.6
16348,1733497200000,12583661.9
16349,1733500800000,12631657.5
16350,1733504400000,12735233.5
16351,1733508000000,12675500.0
16352,1733511600000,12487674.4
16353,1733515200000,12399458.7
16354,1733518800000,12258053.5
16355,1733522400000,12135180.6
16356,1733526000000,12103360.2
16357,1733529600000,12222360.2
16358,1733533200000,12116134.6
16359,1733536800000,12062395.0
16360,1733540400000,12066897.8
16361,1733544000000,12052446.2
16362,1733547600000,12024554.3
16363,1733551200000,12021460.3
16364,1733554800000,12134570.3
16365,1733558400000,12074817.7
16366,1733562000000,12069012.0
16367,1733565600000,12044289.7
16368,1733569200000,12073512.1
16369,1733572800000,12124441.4
16370,1733576400000,12094373.9
16371,1733580000000,12103210.3
16372,1733583600000,11982133.5
16373,1733587200000,11952954.0
16374,1733590800000,11939247.0
16375,1733594400000,11323362.6
16376,1733598000000,11296980.0
16377,1733601600000,11240691.4
16378,1733605200000,11226610.1
16379,1733608800000,11225758.6
16380,1733612400000,11184939.69999999
16381,1733616000000,11203763.4
16382,1733619600000,11188284.8
16383,1733623200000,11169209.8
16384,1733626800000,11248893.19999999
16385,1733630400000,11186990.8
16386,1733634000000,11052610.5
16387,1733637600000,10989772.19999999
16388,1733641200000,10973895.4
16389,1733644800000,10930847.4
16390,1733648400000,10941617.19999999
16391,1733652000000,10958479.1
16392,1733655600000,10899422.6
16393,1733659200000,10758882.19999999
16394,1733662800000,10693205.5
16395,1733666400000,10645556.9
16396,1733670000000,10621167.19999999
16397,1733673600000,10616335.4
16398,1733677200000,10602572.0
16399,1733680800000,10572948.1
16400,1733684400000,10526177.9
16401,1733688000000,10481388.69999999
16402,1733691600000,10472565.4
16403,1733695200000,10471506.3
16404,1733698800000,10461145.6
16405,1733702400000,10447517.6
16406,1733706000000,10443160.69999999
16407,1733709600000,10446084.69999999
16408,1733713200000,10527924.5
16409,1733716800000,10526556.0
16410,1733720400000,10534886.1
16411,1733724000000,10520224.8
16412,1733727600000,10470115.19999999
16413,1733731200000,10487404.9
16414,1733734800000,10453370.6
16415,1733738400000,10598523.19999999
16416,1733742000000,10632708.8
16417,1733745600000,10649907.3
16418,1733749200000,10686076.19999999
16419,1733752800000,10693913.8
16420,1733756400000,10689361.6
16421,1733760000000,10620875.19999999
16422,1733763600000,10662698.3
16423,1733767200000,10630792.4
16424,1733770800000,10666146.0
16425,1733774400000,10659193.19999999
16426,1733778000000,10277400.69999999
16427,1733781600000,9960636.69999999
16428,1733785200000,9960925.0
16429,1733788800000,9909552.1
16430,1733792400000,9919313.69999999
16431,1733796000000,9898318.1
16432,1733799600000,9901790.69999999
16433,1733803200000,9896987.4
16434,1733806800000,9889493.19999999
16435,1733810400000,9872386.4
16436,1733814000000,9741043.0
16437,1733817600000,10249296.19999999
16438,1733821200000,10816055.3
16439,1733824800000,10781717.8
16440,1733828400000,10754682.8
16441,1733832000000,10713958.3
16442,1733835600000,10564256.6
16443,1733839200000,10518510.3
16444,1733842800000,10515394.1
16445,1733846400000,10369808.6
16446,1733850000000,10199101.19999999
16447,1733853600000,10239544.4
16448,1733857200000,10315415.0
16449,1733860800000,10300853.69999999
16450,1733864400000,10314807.6
16451,1733868000000,10273480.0
16452,1733871600000,10256246.1
16453,1733875200000,10239894.0
16454,1733878800000,10105261.69999999
16455,1733882400000,10090267.0
16456,1733886000000,10056785.1
16457,1733889600000,10055189.6
16458,1733893200000,10049932.9
16459,1733896800000,10053242.6
16460,1733900400000,10053856.9
16461,1733904000000,10131957.19999999
16462,1733907600000,10075185.69999999
16463,1733911200000,10038018.8
16464,1733914800000,9992157.3
16465,1733918400000,9980971.8
16466,1733922000000,10027059.5
16467,1733925600000,10816777.1
16468,1733929200000,10912746.9
16469,1733932800000,10887193.8
16470,1733936400000,10756765.1
16471,1733940000000,10552298.6
16472,1733943600000,10543932.19999999
16473,1733947200000,10618910.69999999
16474,1733950800000,10642099.19999999
16475,1733954400000,10619889.9
16476,1733958000000,10459368.9
16477,1733961600000,10426014.19999999
16478,1733965200000,10393778.8
16479,1733968800000,10367012.4
16480,1733972400000,10382927.19999999
16481,1733976000000,10560816.4
16482,1733979600000,10599063.6
16483,1733983200000,10712750.9
16484,1733986800000,10703907.0
16485,1733990400000,10743027.4
16486,1733994000000,10761428.8
16487,1733997600000,10808648.5
16488,1734001200000,10710718.5
16489,1734004800000,10699329.69999999
16490,1734008400000,10691383.1
16491,1734012000000,10664464.1
16492,1734015600000,10704278.6
16493,1734019200000,10693002.19999999
16494,1734022800000,10674011.0
16495,1734026400000,10682901.1
16496,1734030000000,10689855.8
16497,1734033600000,10561113.9
16498,1734037200000,10530740.3
16499,1734040800000,10533095.19999999
16500,1734044400000,10525725.3
16501,1734048000000,10521487.1
16502,1734051600000,10559368.0
16503,1734055200000,10508156.4
16504,1734058800000,10521625.9
16505,1734062400000,10521031.8
16506,1734066000000,10543122.69999999
16507,1734069600000,10499427.5
16508,1734073200000,10511449.0
16509,1734076800000,10512958.3
16510,1734080400000,10486340.4
16511,1734084000000,10464632.69999999
16512,1734087600000,10525800.3
16513,1734091200000,10557473.69999999
16514,1734094800000,10621473.5
16515,1734098400000,10603235.1
16516,1734102000000,10612024.69999999
16517,1734105600000,10722434.19999999
16518,1734109200000,10617206.19999999
16519,1734112800000,10576654.8
16520,1734116400000,10539039.8
16521,1734120000000,10537273.4
16522,1734123600000,10541915.8
16523,1734127200000,10244177.1
16524,1734130800000,9770493.8
16525,1734134400000,9700840.8
16526,1734138000000,9622192.6
16527,1734141600000,9617104.19999999
16528,1734145200000,9568918.4
16529,1734148800000,9563307.69999999
16530,1734152400000,9600798.6
16531,1734156000000,9541760.9
16532,1734159600000,9478938.0
16533,1734163200000,9454065.5
16534,1734166800000,9437061.9
16535,1734170400000,9481169.1
16536,1734174000000,9487382.19999999
16537,1734177600000,9461355.3
16538,1734181200000,9494322.8
16539,1734184800000,9438263.69999999
16540,1734188400000,9477499.0
16541,1734192000000,9476870.5
16542,1734195600000,9470606.9
16543,1734199200000,9405939.0
16544,1734202800000,9385196.0
16545,1734206400000,9367831.3
16546,1734210000000,9414542.9
16547,1734213600000,9415162.0
16548,1734217200000,9388080.5
16549,1734220800000,9378278.69999999
16550,1734224400000,9353851.4
16551,1734228000000,9373119.69999999
16552,1734231600000,9355713.1
16553,1734235200000,9366864.6
16554,1734238800000,9344085.9
16555,1734242400000,9322891.69999999
16556,1734246000000,9329504.3
16557,1734249600000,9333065.5
16558,1734253200000,9343211.6
16559,1734256800000,9404450.8
16560,1734260400000,9385299.5
16561,1734264000000,9426092.8
16562,1734267600000,9415692.5
16563,1734271200000,9434771.0
16564,1734274800000,9461480.4
16565,1734278400000,9417315.9
16566,1734282000000,9402198.1
16567,1734285600000,9395387.5
16568,1734289200000,9414769.6
16569,1734292800000,9414794.8
16570,1734296400000,9369306.4
16571,1734300000000,9295270.8
16572,1734303600000,9271227.9
16573,1734307200000,9308969.1
16574,1734310800000,9313201.8
16575,1734314400000,9255737.8
16576,1734318000000,9230740.19999999
16577,1734321600000,9247470.1
16578,1734325200000,9251915.1
16579,1734328800000,9265076.9
16580,1734332400000,9240270.1
16581,1734336000000,9258328.1
16582,1734339600000,9258632.19999999
16583,1734343200000,9230014.5
16584,1734346800000,9228090.3
16585,1734350400000,9242051.0
16586,1734354000000,9244044.19999999
16587,1734357600000,9270550.5
16588,1734361200000,9318948.1
16589,1734364800000,9361569.69999999
16590,1734368400000,9403918.0
16591,1734372000000,9333342.19999999
16592,1734375600000,9345766.19999999
16593,1734379200000,9293761.6
16594,1734382800000,8544364.0
16595,1734386400000,8487760.1
16596,1734390000000,8453545.4
16597,1734393600000,8473493.4
16598,1734397200000,8531010.6
16599,1734400800000,8531943.0
16600,1734404400000,8502865.4
16601,1734408000000,8481271.4
16602,1734411600000,8492141.5
16603,1734415200000,8513221.1
16604,1734418800000,8541254.3
16605,1734422400000,8556120.4
16606,1734426000000,8551291.1
16607,1734429600000,8547179.4
16608,1734433200000,8559842.3
16609,1734436800000,8570643.4
16610,1734440400000,8562468.3
16611,1734444000000,8568065.9
16612,1734447600000,8586319.8
16613,1734451200000,8595490.0
16614,1734454800000,8567336.5
16615,1734458400000,8531272.8
16616,1734462000000,8497561.3
16617,1734465600000,8491564.19999999
16618,1734469200000,8518307.1
16619,1734472800000,8510986.1
16620,1734476400000,8482083.4
16621,1734480000000,8521495.4
16622,1734483600000,8490920.8
16623,1734487200000,8470602.0
16624,1734490800000,8479604.6
16625,1734494400000,8478266.4
16626,1734498000000,8439518.9
16627,1734501600000,8414973.0
16628,1734505200000,8450603.1
16629,1734508800000,8434509.5
16630,1734512400000,8417085.19999999
16631,1734516000000,8417441.19999999
16632,1734519600000,8411027.3
16633,1734523200000,8415866.8
16634,1734526800000,8435274.6
16635,1734530400000,8449509.3
16636,1734534000000,8459904.3
16637,1734537600000,8432335.4
16638,1734541200000,8428368.4
16639,1734544800000,8467892.0
16640,1734548400000,8395717.0
16641,1734552000000,8369814.1
16642,1734555600000,8388188.2
16643,1734559200000,8343039.1
16644,1734562800000,8335931.8
16645,1734566400000,8360020.2
16646,1734570000000,8468255.3
16647,1734573600000,8409689.19999999
16648,1734577200000,8419159.1
16649,1734580800000,8320334.8
16650,1734584400000,8348479.8
16651,1734588000000,8352021.3
16652,1734591600000,8366024.1
16653,1734595200000,8364862.6
16654,1734598800000,8338543.7
16655,1734602400000,8321932.2
16656,1734606000000,8365657.7
16657,1734609600000,8390422.5
16658,1734613200000,8353417.4
16659,1734616800000,8351122.1
16660,1734620400000,8381373.0
16661,1734624000000,8349450.2
16662,1734627600000,8334020.9
16663,1734631200000,8337612.7
16664,1734634800000,8283324.2
16665,1734638400000,8235475.7
16666,1734642000000,8239987.2
16667,1734645600000,8132585.4
16668,1734649200000,8084870.9
16669,1734652800000,8030968.6
16670,1734656400000,8019127.8
16671,1734660000000,7987813.8
16672,1734663600000,7925354.5
16673,1734667200000,7905163.3
16674,1734670800000,7906646.4
16675,1734674400000,7950831.9
16676,1734678000000,7954144.5
16677,1734681600000,8003200.0
16678,1734685200000,7937961.3
16679,1734688800000,7868900.9
16680,1734692400000,7879821.9
16681,1734696000000,7886798.3
16682,1734699600000,7662424.6
16683,1734703200000,7809717.9
16684,1734706800000,7821678.9
16685,1734710400000,7992300.4
16686,1734714000000,7945055.8
16687,1734717600000,7954654.4
16688,1734721200000,8039147.2
16689,1734724800000,8003542.9
16690,1734728400000,8043663.3
16691,1734732000000,7963059.4
16692,1734735600000,7900540.7
16693,1734739200000,7859917.3
16694,1734742800000,7878862.3
16695,1734746400000,7900111.8
16696,1734750000000,7965703.9
16697,1734753600000,7913269.1
16698,1734757200000,7913196.3
16699,1734760800000,7908024.7
16700,1734764400000,7883581.0
16701,1734768000000,7854211.1
16702,1734771600000,7836799.2
16703,1734775200000,7842115.1
16704,1734778800000,7833060.1
16705,1734782400000,7910066.1
16706,1734786000000,7813795.2
16707,1734789600000,7808245.4
16708,1734793200000,7801514.4
16709,1734796800000,7814727.6
16710,1734800400000,7774463.9
16711,1734804000000,7753762.5
16712,1734807600000,7657911.0
16713,1734811200000,7628091.3
16714,1734814800000,7577091.8
16715,1734818400000,7552493.8
16716,1734822000000,7480066.0
16717,1734825600000,7465712.5
16718,1734829200000,7452704.0
16719,1734832800000,7455061.9
16720,1734836400000,7459470.3
16721,1734840000000,7430063.9
16722,1734843600000,7460458.0
16723,1734847200000,7410682.2
16724,1734850800000,7441516.7
16725,1734854400000,7410772.5
16726,1734858000000,7388952.3
16727,1734861600000,7381754.5
16728,1734865200000,7388688.9
16729,1734868800000,7392690.9
16730,1734872400000,7390277.8
16731,1734876000000,7432816.7
16732,1734879600000,7440305.2
16733,1734883200000,7415499.0
16734,1734886800000,7377925.6
16735,1734890400000,7358517.6
16736,1734894000000,7348805.7
16737,1734897600000,7384671.7
16738,1734901200000,7394950.5
16739,1734904800000,7381503.1
16740,1734908400000,7364565.9
16741,1734912000000,7358002.9
16742,1734915600000,7389347.0
16743,1734919200000,7451187.5
16744,1734922800000,7424003.8
16745,1734926400000,7409335.1
16746,1734930000000,7386170.8
16747,1734933600000,7420797.3
16748,1734937200000,7430107.3
16749,1734940800000,7403428.5
16750,1734944400000,7402428.0
16751,1734948000000,7383598.3
16752,1734951600000,7426254.2
16753,1734955200000,7530091.2
16754,1734958800000,7582078.1
16755,1734962400000,7497243.4
16756,1734966000000,7456668.5
16757,1734969600000,7468335.9
16758,1734973200000,7368928.4
16759,1734976800000,7405442.9
16760,1734980400000,7411217.0
16761,1734984000000,7391231.3
16762,1734987600000,7370592.6
16763,1734991200000,7408436.5
16764,1734994800000,7429581.9
16765,1734998400000,7406851.5
16766,1735002000000,7482512.2
16767,1735005600000,7464685.8
16768,1735009200000,7441087.8
16769,1735012800000,7448191.4
16770,1735016400000,7445019.9
16771,1735020000000,7410844.4
16772,1735023600000,7419550.4
16773,1735027200000,7453178.5
16774,1735030800000,7501916.3
16775,1735034400000,7509149.3
16776,1735038000000,7456329.0
16777,1735041600000,7391638.2
16778,1735045200000,7341441.7
16779,1735048800000,7390188.8
16780,1735052400000,7470305.3
16781,1735056000000,7423692.5
16782,1735059600000,7388571.5
16783,1735063200000,7380740.6
16784,1735066800000,7476326.4
16785,1735070400000,7478087.8
16786,1735074000000,7439736.9
16787,1735077600000,7470195.3
16788,1735081200000,7458901.8
16789,1735084800000,7450536.3
16790,1735088400000,7398438.0
16791,1735092000000,7416957.3
16792,1735095600000,7412184.7
16793,1735099200000,7366217.0
16794,1735102800000,7392958.5
16795,1735106400000,7358800.1
16796,1735110000000,7372710.1
16797,1735113600000,7388580.7
16798,1735117200000,7361012.6
16799,1735120800000,7384926.2
16800,1735124400000,7380483.0
16801,1735128000000,7419342.6
16802,1735131600000,7418043.0
16803,1735135200000,7394112.8
16804,1735138800000,7460578.9
16805,1735142400000,7469934.5
16806,1735146000000,7430378.8
16807,1735149600000,7438304.9
16808,1735153200000,7417489.9
16809,1735156800000,7417773.7
16810,1735160400000,7422616.6
16811,1735164000000,7470955.9
16812,1735167600000,7359403.3
16813,1735171200000,7373178.0
16814,1735174800000,7358373.0
16815,1735178400000,7327647.7
16816,1735182000000,7383391.5
16817,1735185600000,7424669.1
16818,1735189200000,7437668.2
16819,1735192800000,7439730.8
16820,1735196400000,7406113.0
16821,1735200000000,7390377.7
16822,1735203600000,7459364.2
16823,1735207200000,7414205.4
16824,1735210800000,7427060.1
16825,1735214400000,7393684.5
16826,1735218000000,7425687.6
16827,1735221600000,7463501.5
16828,1735225200000,7487654.8
16829,1735228800000,7515146.8
16830,1735232400000,7539214.1
16831,1735236000000,7524836.6
16832,1735239600000,7513851.5
16833,1735243200000,7511886.9
16834,1735246800000,7500975.3
16835,1735250400000,7443404.9
16836,1735254000000,7398897.4
16837,1735257600000,7394982.3
16838,1735261200000,7403002.7
16839,1735264800000,7381371.7
16840,1735268400000,7362424.0
16841,1735272000000,7350908.5
16842,1735275600000,7348332.4
16843,1735279200000,7386848.3
16844,1735282800000,7388295.9
16845,1735286400000,7412594.7
16846,1735290000000,7403644.9
16847,1735293600000,7346526.4
16848,1735297200000,7354636.0
16849,1735300800000,7354900.3
16850,1735304400000,7371625.9
16851,1735308000000,7368911.6
16852,1735311600000,7326861.8
16853,1735315200000,7300403.5
16854,1735318800000,7318126.3
16855,1735322400000,7285925.9
16856,1735326000000,7247875.5
16857,1735329600000,7243674.0
16858,1735333200000,7231336.4
16859,1735336800000,7254957.6
16860,1735340400000,7204336.4
16861,1735344000000,7208987.9
16862,1735347600000,7219090.5
16863,1735351200000,7252439.5
16864,1735354800000,7205807.8
16865,1735358400000,7201015.2
16866,1735362000000,7214933.0
16867,1735365600000,7261542.0
16868,1735369200000,7248249.8
16869,1735372800000,7276441.2
16870,1735376400000,7315266.1
16871,1735380000000,7297118.7
16872,1735383600000,7254237.9
16873,1735387200000,7241216.4
16874,1735390800000,7281203.8
16875,1735394400000,7285224.4
16876,1735398000000,7208624.7
16877,1735401600000,7169905.6
16878,1735405200000,7197760.1
16879,1735408800000,7258046.8
16880,1735412400000,7217825.9
16881,1735416000000,7279955.6
16882,1735419600000,7288888.5
16883,1735423200000,7329797.4
16884,1735426800000,7319656.8
16885,1735430400000,7301548.1
16886,1735434000000,7280119.8
16887,1735437600000,7175489.4
16888,1735441200000,7160743.1
16889,1735444800000,7161205.7
16890,1735448400000,7185585.9
16891,1735452000000,7185064.7
16892,1735455600000,7186810.2
16893,1735459200000,7237834.0
16894,1735462800000,7255579.4
16895,1735466400000,7258061.0
16896,1735470000000,7270886.3
16897,1735473600000,7230849.8
16898,1735477200000,7221959.3
16899,1735480800000,7185917.0
16900,1735484400000,7139383.5
16901,1735488000000,7164273.5
16902,1735491600000,7180857.4
16903,1735495200000,7181427.1
16904,1735498800000,7191514.9
16905,1735502400000,7210900.6
16906,1735506000000,7173088.9
16907,1735509600000,7156718.4
16908,1735513200000,7109775.7
16909,1735516800000,7127783.2
16910,1735520400000,7120763.9
16911,1735524000000,7172818.0
16912,1735527600000,7103595.4
16913,1735531200000,7091804.8
16914,1735534800000,7087167.6
16915,1735538400000,7123645.5
16916,1735542000000,7103745.7
16917,1735545600000,7105535.0
16918,1735549200000,7102472.0
16919,1735552800000,7150493.2
16920,1735556400000,7164201.9
16921,1735560000000,7131342.2
16922,1735563600000,7131682.5
16923,1735567200000,7233430.4
16924,1735570800000,7221463.6
16925,1735574400000,7225472.3
16926,1735578000000,7280522.3
16927,1735581600000,7267907.3
16928,1735585200000,7353403.1
16929,1735588800000,7331114.3
16930,1735592400000,7340492.6
16931,1735596000000,7259182.6
16932,1735599600000,7218046.4
16933,1735603200000,7221137.1
16934,1735606800000,7204940.7
16935,1735610400000,7230852.7
16936,1735614000000,7243564.6
16937,1735617600000,7211582.9
16938,1735621200000,7203983.3
16939,1735624800000,7165198.2
16940,1735628400000,7162820.1
16941,1735632000000,7160553.5
16942,1735635600000,7154196.0
16943,1735639200000,7185424.7
16944,1735642800000,7203351.6
16945,1735646400000,7217039.1
16946,1735650000000,7206493.7
16947,1735653600000,7225962.3
16948,1735657200000,7241272.9
16949,1735660800000,7252953.5
16950,1735664400000,7306392.9
16951,1735668000000,7241083.3
16952,1735671600000,7199559.9
16953,1735675200000,7163858.2
16954,1735678800000,7172116.3
16955,1735682400000,7193923.1
16956,1735686000000,7236472.6
16957,1735689600000,7244682.9
16958,1735693200000,7177330.9
16959,1735696800000,7192265.1
16960,1735700400000,7227617.8
16961,1735704000000,7223733.5
16962,1735707600000,7210508.1
16963,1735711200000,7214458.9
16964,1735714800000,7214750.5
16965,1735718400000,7211427.5
16966,1735722000000,7223613.6
16967,1735725600000,7233703.9
16968,1735729200000,7266345.9
16969,1735732800000,7247829.0
16970,1735736400000,7243933.6
16971,1735740000000,7225217.5
16972,1735743600000,7213754.4
16973,1735747200000,7222216.8
16974,1735750800000,7250528.1
16975,1735754400000,7190235.1
16976,1735758000000,7177381.7
16977,1735761600000,7193032.7
16978,1735765200000,7244992.1
16979,1735768800000,7271032.7
16980,1735772400000,7306349.4
16981,1735776000000,7301568.7
16982,1735779600000,7237939.4
16983,1735783200000,7299382.1
16984,1735786800000,7288786.7
16985,1735790400000,7281232.4
16986,1735794000000,7274719.4
16987,1735797600000,7309298.3
16988,1735801200000,7317635.3
16989,1735804800000,7342244.5
16990,1735808400000,7352266.9
16991,1735812000000,7326551.0
16992,1735815600000,7422105.2
16993,1735819200000,7470607.2
16994,1735822800000,7428260.9
16995,1735826400000,7431562.1
16996,1735830000000,7467575.4
16997,1735833600000,7435006.5
16998,1735837200000,7480649.1
16999,1735840800000,7415877.6
17000,1735844400000,7411327.0
17001,1735848000000,7410597.4
17002,1735851600000,7413564.6
17003,1735855200000,7386418.7
17004,1735858800000,7292619.4
17005,1735862400000,7347569.5
17006,1735866000000,7329800.7
17007,1735869600000,7319927.5
17008,1735873200000,7381751.0
17009,1735876800000,7417661.3
17010,1735880400000,7474446.1
17011,1735884000000,7439574.3
17012,1735887600000,7448961.5
17013,1735891200000,7423556.3
17014,1735894800000,7401210.8
17015,1735898400000,7407286.6
17016,1735902000000,7375415.4
17017,1735905600000,7379502.0
17018,1735909200000,7501481.3
17019,1735912800000,7477498.5
17020,1735916400000,7398490.1
17021,1735920000000,7445392.6
17022,1735923600000,7595623.2
17023,1735927200000,7478287.8
17024,1735930800000,7490619.1
17025,1735934400000,7472396.9
17026,1735938000000,7501789.6
17027,1735941600000,7488577.3
17028,1735945200000,7480852.4
17029,1735948800000,7484106.8
17030,1735952400000,7489872.3
17031,1735956000000,7473987.4
17032,1735959600000,7497109.7
17033,1735963200000,7499611.4
17034,1735966800000,7431285.0
17035,1735970400000,7425677.1
17036,1735974000000,7440403.4
17037,1735977600000,7452685.3
17038,1735981200000,7442523.9
17039,1735984800000,7467330.8
17040,1735988400000,7479159.7
17041,1735992000000,7493527.0
17042,1735995600000,7518580.5
17043,1735999200000,7525846.9
17044,1736002800000,7593639.9
17045,1736006400000,7523159.8
17046,1736010000000,7572895.3
17047,1736013600000,7581346.6
17048,1736017200000,7605853.5
17049,1736020800000,7592989.4
17050,1736024400000,7601778.7
17051,1736028000000,7604758.8
17052,1736031600000,7603366.0
17053,1736035200000,7613217.5
17054,1736038800000,7604106.0
17055,1736042400000,7577881.1
17056,1736046000000,7581743.0
17057,1736049600000,7658147.3
17058,1736053200000,7634391.9
17059,1736056800000,7622150.2
17060,1736060400000,7607590.6
17061,1736064000000,7594040.6
17062,1736067600000,7569305.2
17063,1736071200000,7533788.9
17064,1736074800000,7500757.7
17065,1736078400000,7498339.8
17066,1736082000000,7492018.7
17067,1736085600000,7466170.7
17068,1736089200000,7457717.1
17069,1736092800000,7512598.8
17070,1736096400000,7513079.7
17071,1736100000000,7531679.4
17072,1736103600000,7589499.6
17073,1736107200000,7856015.1
17074,1736110800000,7895112.4
17075,1736114400000,7922520.4
17076,1736118000000,7997100.3
17077,1736121600000,7870141.9
17078,1736125200000,7866596.7
17079,1736128800000,8233280.6
17080,1736132400000,8478992.69999999
17081,1736136000000,8461073.4
17082,1736139600000,8386487.4
17083,1736143200000,8417343.9
17084,1736146800000,8469989.0
17085,1736150400000,8244676.6
17086,1736154000000,8130708.5
17087,1736157600000,8054139.8
17088,1736161200000,8027139.4
17089,1736164800000,8004177.6
17090,1736168400000,8026953.5
17091,1736172000000,8018550.1
17092,1736175600000,7962517.5
17093,1736179200000,7926873.2
17094,1736182800000,8024647.0
17095,1736186400000,7889304.1
17096,1736190000000,7913659.4
17097,1736193600000,7933297.6
17098,1736197200000,7928234.8
17099,1736200800000,7727354.8
17100,1736204400000,7706539.1
17101,1736208000000,7714377.3
17102,1736211600000,7703261.8
17103,1736215200000,7768032.4
17104,1736218800000,7744647.7
17105,1736222400000,7760283.4
17106,1736226000000,7817468.2
17107,1736229600000,7842035.8
17108,1736233200000,7878929.4
17109,1736236800000,7840687.6
17110,1736240400000,7864379.1
17111,1736244000000,7867409.8
17112,1736247600000,7836893.5
17113,1736251200000,7787623.5
17114,1736254800000,7795310.1
17115,1736258400000,7777506.1
17116,1736262000000,7681375.4
17117,1736265600000,7707543.8
17118,1736269200000,7673369.4
17119,1736272800000,7685630.6
17120,1736276400000,7697427.3
17121,1736280000000,7655718.1
17122,1736283600000,7521769.9
17123,1736287200000,7509450.4
17124,1736290800000,7479913.1
17125,1736294400000,7479339.0
17126,1736298000000,7510824.3
17127,1736301600000,7505042.9
17128,1736305200000,7464981.4
17129,1736308800000,7493846.8
17130,1736312400000,7478329.0
17131,1736316000000,7530259.4
17132,1736319600000,7641186.5
17133,1736323200000,7625944.6
17134,1736326800000,7783015.9
17135,1736330400000,7760905.8
17136,1736334000000,7748943.0
17137,1736337600000,7757198.7
17138,1736341200000,7759453.1
17139,1736344800000,7658492.0
17140,1736348400000,7632898.8
17141,1736352000000,7645575.5
17142,1736355600000,7676692.7
17143,1736359200000,7783841.3
17144,1736362800000,7740682.1
17145,1736366400000,7698648.1
17146,1736370000000,7687032.6
17147,1736373600000,7667899.9
17148,1736377200000,7633507.0
17149,1736380800000,7625608.4
17150,1736384400000,7604491.4
17151,1736388000000,7602452.5
17152,1736391600000,7667640.0
17153,1736395200000,7608349.8
17154,1736398800000,7662938.6
17155,1736402400000,7671151.6
17156,1736406000000,7662701.8
17157,1736409600000,7713642.0
17158,1736413200000,7712005.7
17159,1736416800000,7737225.6
17160,1736420400000,7749250.7
17161,1736424000000,7740315.1
17162,1736427600000,7758498.3
17163,1736431200000,7745183.3
17164,1736434800000,7715895.2
17165,1736438400000,7770690.4
17166,1736442000000,7835597.6
17167,1736445600000,7803522.0
17168,1736449200000,7821688.4
17169,1736452800000,7815559.2
17170,1736456400000,7821995.4
17171,1736460000000,7815118.6
17172,1736463600000,7818168.6
17173,1736467200000,7791887.0
17174,1736470800000,7816500.6
17175,1736474400000,7837214.0
17176,1736478000000,7864704.4
17177,1736481600000,7862201.5
17178,1736485200000,7868525.4
17179,1736488800000,7895421.1
17180,1736492400000,7930444.3
17181,1736496000000,7960120.0
17182,1736499600000,7932238.1
17183,1736503200000,7939601.1
17184,1736506800000,7994437.0
17185,1736510400000,7999901.0
17186,1736514000000,8003094.3
17187,1736517600000,7994782.0
17188,1736521200000,7997396.3
17189,1736524800000,7958295.9
17190,1736528400000,7957184.6
17191,1736532000000,7925259.6
17192,1736535600000,7912624.3
17193,1736539200000,7907017.7
17194,1736542800000,7877177.6
17195,1736546400000,7886618.2
17196,1736550000000,7856012.8
17197,1736553600000,7869571.1
17198,1736557200000,7856536.8
17199,1736560800000,7846611.3
17200,1736564400000,7819482.3
17201,1736568000000,7809823.2
17202,1736571600000,7808583.0
17203,1736575200000,7785361.4
17204,1736578800000,7786834.4
17205,1736582400000,7789531.1
17206,1736586000000,7804909.6
17207,1736589600000,7792849.4
17208,1736593200000,7813130.9
17209,1736596800000,7815973.4
17210,1736600400000,7815451.2
17211,1736604000000,7832075.4
17212,1736607600000,7834559.2
17213,1736611200000,7849248.3
17214,1736614800000,7844784.4
17215,1736618400000,7836953.4
17216,1736622000000,7840770.3
17217,1736625600000,7841108.3
17218,1736629200000,7848286.2
17219,1736632800000,7795550.4
17220,1736636400000,7779705.0
17221,1736640000000,7778901.9
17222,1736643600000,7767450.3
17223,1736647200000,7770389.9
17224,1736650800000,7769843.2
17225,1736654400000,7784841.6
17226,1736658000000,7761282.0
17227,1736661600000,7759261.4
17228,1736665200000,7706566.5
17229,1736668800000,7717946.8
17230,1736672400000,7749884.8
17231,1736676000000,7726263.3
17232,1736679600000,7730448.5
17233,1736683200000,7738236.6
17234,1736686800000,7746899.5
17235,1736690400000,7731849.8
17236,1736694000000,7750948.6
17237,1736697600000,7721522.4
17238,1736701200000,7784121.5
17239,1736704800000,7799634.8
17240,1736708400000,7838884.0
17241,1736712000000,7827624.0
17242,1736715600000,7836520.6
17243,1736719200000,7844612.2
17244,1736722800000,7799036.0
17245,1736726400000,7832125.9
17246,1736730000000,7813015.7
17247,1736733600000,7647220.9
17248,1736737200000,7678390.0
17249,1736740800000,7693232.4
17250,1736744400000,7683555.9
17251,1736748000000,7673336.9
17252,1736751600000,7647679.5
17253,1736755200000,7627594.3
17254,1736758800000,7658215.9
17255,1736762400000,7622167.8
17256,1736766000000,7672609.5
17257,1736769600000,7746273.3
17258,1736773200000,7782680.3
17259,1736776800000,7743593.0
17260,1736780400000,7895845.6
17261,1736784000000,8049415.6
17262,1736787600000,7997623.4
17263,1736791200000,7979981.7
17264,1736794800000,7952033.0
17265,1736798400000,7936013.7
17266,1736802000000,7993711.2
17267,1736805600000,7948145.6
17268,1736809200000,7954847.1
17269,1736812800000,7959037.6
17270,1736816400000,7931954.8
17271,1736820000000,7917504.4
17272,1736823600000,7963843.5
17273,1736827200000,7962138.7
17274,1736830800000,7956656.9
17275,1736834400000,8010420.2
17276,1736838000000,7984648.8
17277,1736841600000,7988779.0
17278,1736845200000,7998919.8
17279,1736848800000,7970883.3
17280,1736852400000,7948315.2
17281,1736856000000,7923947.1
17282,1736859600000,7908611.5
17283,1736863200000,7898011.0
17284,1736866800000,7936920.2
17285,1736870400000,7934452.2
17286,1736874000000,7866145.4
17287,1736877600000,7862910.1
17288,1736881200000,7848764.1
17289,1736884800000,7851516.0
17290,1736888400000,7800877.4
17291,1736892000000,7790364.2
17292,1736895600000,7791765.9
17293,1736899200000,7799385.6
17294,1736902800000,7769182.5
17295,1736906400000,7758715.1
17296,1736910000000,7755447.0
17297,1736913600000,7748308.5
17298,1736917200000,7738844.0
17299,1736920800000,7727689.2
17300,1736924400000,7712125.9
17301,1736928000000,7686115.9
17302,1736931600000,7722630.4
17303,1736935200000,7635261.1
17304,1736938800000,7641703.4
17305,1736942400000,7575580.2
17306,1736946000000,7600339.5
17307,1736949600000,7755124.0
17308,1736953200000,7788277.6
17309,1736956800000,7732189.0
17310,1736960400000,7821672.9
17311,1736964000000,7852513.3
17312,1736967600000,7891162.1
17313,1736971200000,7919144.7
17314,1736974800000,7910563.0
17315,1736978400000,7910699.6
17316,1736982000000,7907720.2
17317,1736985600000,7908866.6
17318,1736989200000,7901723.6
17319,1736992800000,7989199.2
17320,1736996400000,7970791.6
17321,1737000000000,7956001.4
17322,1737003600000,7948839.4
17323,1737007200000,7955034.3
17324,1737010800000,7973777.4
17325,1737014400000,7976458.2
17326,1737018000000,8019239.2
17327,1737021600000,8031151.5
17328,1737025200000,8032657.6
17329,1737028800000,8032757.3
17330,1737032400000,8034362.1
17331,1737036000000,8054357.8
17332,1737039600000,8052789.2
17333,1737043200000,8076890.9
17334,1737046800000,8141878.7
17335,1737050400000,8410192.8
17336,1737054000000,8352616.2
17337,1737057600000,8342090.3
17338,1737061200000,8344406.1
17339,1737064800000,8362942.2
17340,1737068400000,8249795.5
17341,1737072000000,8281875.0
17342,1737075600000,8418420.19999999
17343,1737079200000,8346529.0
17344,1737082800000,8369993.3
17345,1737086400000,8376729.4
17346,1737090000000,8307075.7
17347,1737093600000,8258981.4
17348,1737097200000,8271345.4
17349,1737100800000,8270721.1
17350,1737104400000,8297737.3
17351,1737108000000,8293818.4
17352,1737111600000,8274152.7
17353,1737115200000,8302450.4
17354,1737118800000,8318183.1
17355,1737122400000,8293818.8
17356,1737126000000,8308076.4
17357,1737129600000,8337164.2
17358,1737133200000,8280920.0
17359,1737136800000,8134212.1
17360,1737140400000,8113092.1
17361,1737144000000,8100920.9
17362,1737147600000,8098554.2
17363,1737151200000,8087025.4
17364,1737154800000,8031209.4
17365,1737158400000,8040022.5
17366,1737162000000,8098290.1
17367,1737165600000,8153882.6
17368,1737169200000,8208141.9
17369,1737172800000,8265759.4
17370,1737176400000,8259142.5
17371,1737180000000,8287196.6
17372,1737183600000,8376829.2
17373,1737187200000,8366959.1
17374,1737190800000,8331802.0
17375,1737194400000,8288816.4
17376,1737198000000,8198622.1
17377,1737201600000,8235325.9
17378,1737205200000,8264385.9
17379,1737208800000,8206999.7
17380,1737212400000,8216877.2
17381,1737216000000,8192772.6
17382,1737219600000,8148648.0
17383,1737223200000,8150094.8
17384,1737226800000,8057433.2
17385,1737230400000,8061422.8
17386,1737234000000,8064002.5
17387,1737237600000,8074790.2
17388,1737241200000,8007301.4
17389,1737244800000,8035715.3
17390,1737248400000,8049860.9
17391,1737252000000,8148846.4
17392,1737255600000,8165222.6
17393,1737259200000,8114930.1
17394,1737262800000,8102125.6
17395,1737266400000,8132930.9
17396,1737270000000,8130786.7
17397,1737273600000,8149133.1
17398,1737277200000,8144838.6
17399,1737280800000,8077514.2
17400,1737284400000,8045602.2
17401,1737288000000,7900189.7
17402,1737291600000,7932428.0
17403,1737295200000,7961496.1
17404,1737298800000,8026943.9
17405,1737302400000,8031858.5
17406,1737306000000,8010002.4
17407,1737309600000,7977869.2
17408,1737313200000,7969232.3
17409,1737316800000,8033847.0
17410,1737320400000,8113394.8
17411,1737324000000,8200691.9
17412,1737327600000,8189045.9
17413,1737331200000,8287083.7
17414,1737334800000,8271150.4
17415,1737338400000,8290829.3
17416,1737342000000,8420690.19999999
17417,1737345600000,8391011.9
17418,1737349200000,8393371.5
17419,1737352800000,8412576.4
17420,1737356400000,8299244.6
17421,1737360000000,8297085.8
17422,1737363600000,8273151.6
17423,1737367200000,8245318.6
17424,1737370800000,8216503.5
17425,1737374400000,8176869.2
17426,1737378000000,8248604.6
17427,1737381600000,8239945.2
17428,1737385200000,8221952.9
17429,1737388800000,8213839.7
17430,1737392400000,8181717.5
17431,1737396000000,8171341.4
17432,1737399600000,8256151.4
17433,1737403200000,8203533.1
17434,1737406800000,8160222.9
17435,1737410400000,8134656.1
17436,1737414000000,8145903.8
17437,1737417600000,8151778.3
17438,1737421200000,8198299.0
17439,1737424800000,8222123.6
17440,1737428400000,8160515.3
17441,1737432000000,8179152.6
17442,1737435600000,8189571.8
17443,1737439200000,8153790.9
17444,1737442800000,8168661.0
17445,1737446400000,8102216.8
17446,1737450000000,8136305.5
17447,1737453600000,8146746.5
17448,1737457200000,8152605.6
17449,1737460800000,8152064.8
17450,1737464400000,8091218.7
17451,1737468000000,8106675.4
17452,1737471600000,8117119.2
17453,1737475200000,8132476.9
17454,1737478800000,8117342.5
17455,1737482400000,8139544.9
17456,1737486000000,8225465.2
17457,1737489600000,8198802.4
17458,1737493200000,8133337.6
17459,1737496800000,8116557.0
17460,1737500400000,8139076.1
17461,1737504000000,8159471.0
17462,1737507600000,8144479.9
17463,1737511200000,8258707.7
17464,1737514800000,8219612.4
17465,1737518400000,8212151.2
17466,1737522000000,8202290.5
17467,1737525600000,8209963.6
17468,1737529200000,8209246.9
17469,1737532800000,8209223.3
17470,1737536400000,8261970.6
17471,1737540000000,8257068.6
17472,1737543600000,8269861.9
17473,1737547200000,8283254.9
17474,1737550800000,8249712.3
17475,1737554400000,8271472.7
17476,1737558000000,8256160.6
17477,1737561600000,8298595.8
17478,1737565200000,8296100.3
17479,1737568800000,8282982.9
17480,1737572400000,8276182.2
17481,1737576000000,8320269.5
17482,1737579600000,8352951.1
17483,1737583200000,8330708.5
17484,1737586800000,8312933.4
17485,1737590400000,8316167.1
17486,1737594000000,8310528.5
17487,1737597600000,8315677.3
17488,1737601200000,8273210.8
17489,1737604800000,8293335.1
17490,1737608400000,8287972.0
17491,1737612000000,8286344.0
17492,1737615600000,8288764.7
17493,1737619200000,8258817.5
17494,1737622800000,8257055.9
17495,1737626400000,8365469.0
17496,1737630000000,8363974.2
17497,1737633600000,8334495.9
17498,1737637200000,8334757.3
17499,1737640800000,8286195.4
17500,1737644400000,8346550.3
17501,1737648000000,8371712.8
17502,1737651600000,8431012.69999999
17503,1737655200000,8401743.9
17504,1737658800000,8406039.1
17505,1737662400000,8386084.2
17506,1737666000000,8446381.4
17507,1737669600000,8435059.4
17508,1737673200000,8476523.69999999
17509,1737676800000,8478695.6
17510,1737680400000,8477669.0
17511,1737684000000,8466630.4
17512,1737687600000,8466547.8
17513,1737691200000,8446002.5
17514,1737694800000,8426845.8
17515,1737698400000,8384371.5
17516,1737702000000,8399325.3
17517,1737705600000,8392925.1
17518,1737709200000,8476115.1
17519,1737712800000,8445015.69999999
17520,1737716400000,8440534.69999999
17521,1737720000000,8358739.9
17522,1737723600000,8373413.3
17523,1737727200000,8381386.1
17524,1737730800000,8367001.5
17525,1737734400000,8337913.5
17526,1737738000000,8411460.5
17527,1737741600000,8377578.1
17528,1737745200000,8403097.19999999
17529,1737748800000,8396882.69999999
17530,1737752400000,8368475.6
17531,1737756000000,8340770.7
17532,1737759600000,8305060.1
17533,1737763200000,8206831.9
17534,1737766800000,8192921.7
17535,1737770400000,8164168.9
17536,1737774000000,8150218.5
17537,1737777600000,8129384.0
17538,1737781200000,8133486.6
17539,1737784800000,8143765.6
17540,1737788400000,8140892.0
17541,1737792000000,8153318.2
17542,1737795600000,8118496.9
17543,1737799200000,8128673.5
17544,1737802800000,8147036.0
17545,1737806400000,8171089.2
17546,1737810000000,8172865.6
17547,1737813600000,8137747.0
17548,1737817200000,8131250.8
17549,1737820800000,8151702.8
17550,1737824400000,8157349.7
17551,1737828000000,8158958.9
17552,1737831600000,8191835.8
17553,1737835200000,8210974.0
17554,1737838800000,8210434.2
17555,1737842400000,8215782.2
17556,1737846000000,8192926.0
17557,1737849600000,8255492.4
17558,1737853200000,8279936.7
17559,1737856800000,8305559.9
17560,1737860400000,8297675.4
17561,1737864000000,8283251.8
17562,1737867600000,8256485.3
17563,1737871200000,8253425.7
17564,1737874800000,8279790.5
17565,1737878400000,8265806.9
17566,1737882000000,8281347.9
17567,1737885600000,8307175.9
17568,1737889200000,8385981.0
17569,1737892800000,8360881.9
17570,1737896400000,8332395.1
17571,1737900000000,8330318.6
17572,1737903600000,8318637.2
17573,1737907200000,8336664.1
17574,1737910800000,8258857.1
17575,1737914400000,8289656.3
17576,1737918000000,8397568.9
17577,1737921600000,8410839.0
17578,1737925200000,8414502.8
17579,1737928800000,8396345.1
17580,1737932400000,8386364.7
17581,1737936000000,8366490.6
17582,1737939600000,8534371.6
17583,1737943200000,8531888.6
17584,1737946800000,8500774.19999999
17585,1737950400000,8462073.6
17586,1737954000000,8556589.19999999
17587,1737957600000,8570391.5
17588,1737961200000,8534244.3
17589,1737964800000,8398193.19999999
17590,1737968400000,8367047.7
17591,1737972000000,8341160.5
17592,1737975600000,8368592.2
17593,1737979200000,8492738.4
17594,1737982800000,8477790.4
17595,1737986400000,8283218.8
17596,1737990000000,8195013.5
17597,1737993600000,8174263.2
17598,1737997200000,8161431.5
17599,1738000800000,8219979.8
17600,1738004400000,8243105.1
17601,1738008000000,8260672.5
17602,1738011600000,8269939.3
17603,1738015200000,8229060.5
17604,1738018800000,8218686.1
17605,1738022400000,8214775.1
17606,1738026000000,8251913.0
17607,1738029600000,8234283.1
17608,1738033200000,8200595.1
17609,1738036800000,8248258.0
17610,1738040400000,8236827.0
17611,1738044000000,8236545.1
17612,1738047600000,8214059.9
17613,1738051200000,8203461.9
17614,1738054800000,8193805.3
17615,1738058400000,8181633.7
17616,1738062000000,8177075.6
17617,1738065600000,8186534.6
17618,1738069200000,8248191.1
17619,1738072800000,8245060.5
17620,1738076400000,8209773.8
17621,1738080000000,8228188.4
17622,1738083600000,8290980.1
17623,1738087200000,8324870.3
17624,1738090800000,8468939.8
17625,1738094400000,8437466.1
17626,1738098000000,8407518.1
17627,1738101600000,8438590.69999999
17628,1738105200000,8368851.4
17629,1738108800000,8383831.0
17630,1738112400000,8379624.3
17631,1738116000000,8366581.6
17632,1738119600000,8284331.2
17633,1738123200000,8272695.9
17634,1738126800000,8269926.9
17635,1738130400000,8247653.9
17636,1738134000000,8205990.1
17637,1738137600000,8188648.0
17638,1738141200000,8129850.5
17639,1738144800000,8148142.8
17640,1738148400000,8146250.6
17641,1738152000000,8148325.9
17642,1738155600000,8153889.3
17643,1738159200000,8166580.6
17644,1738162800000,8177480.1
17645,1738166400000,8127075.4
17646,1738170000000,8132188.4
17647,1738173600000,8138421.2
17648,1738177200000,8135166.7
17649,1738180800000,8256425.4
17650,1738184400000,8288484.9
17651,1738188000000,8286154.4
17652,1738191600000,8221909.7
17653,1738195200000,8206739.6
17654,1738198800000,8217657.8
17655,1738202400000,8252271.5
17656,1738206000000,8274823.5
17657,1738209600000,8292916.5
17658,1738213200000,8315353.1
17659,1738216800000,8291030.1
17660,1738220400000,8299676.8
17661,1738224000000,8305651.4
17662,1738227600000,8316376.2
17663,1738231200000,8318278.5
17664,1738234800000,8363771.5
17665,1738238400000,8372869.3
17666,1738242000000,8389584.4
17667,1738245600000,8330017.9
17668,1738249200000,8487641.6
17669,1738252800000,8492478.5
17670,1738256400000,8506753.5
17671,1738260000000,8467337.19999999
17672,1738263600000,8534160.4
17673,1738267200000,8517294.3
17674,1738270800000,8513027.4
17675,1738274400000,8516457.6
17676,1738278000000,8457861.0
17677,1738281600000,8457125.9
17678,1738285200000,8484023.1
17679,1738288800000,8500453.9
17680,1738292400000,8540936.5
17681,1738296000000,8501312.8
17682,1738299600000,8495848.4
17683,1738303200000,8495799.3
17684,1738306800000,8475937.0
17685,1738310400000,8465571.69999999
17686,1738314000000,8448824.3
17687,1738317600000,8443907.6
17688,1738321200000,8453357.8
17689,1738324800000,8449171.19999999
17690,1738328400000,8459361.5
17691,1738332000000,8415752.4
17692,1738335600000,8469098.4
17693,1738339200000,8455195.69999999
17694,1738342800000,8421223.4
17695,1738346400000,8448922.4
17696,1738350000000,8437688.9
17697,1738353600000,8442014.8
17698,1738357200000,8455454.19999999
17699,1738360800000,8448994.5
17700,1738364400000,8423495.19999999
17701,1738368000000,8444637.6
17702,1738371600000,8428816.8
17703,1738375200000,8406435.0
17704,1738378800000,8462707.6
17705,1738382400000,8457608.3
17706,1738386000000,8440687.4
17707,1738389600000,8418897.0
17708,1738393200000,8470401.4
17709,1738396800000,8447776.5
17710,1738400400000,8442024.0
17711,1738404000000,8507392.0
17712,1738407600000,8593343.5
17713,1738411200000,8559709.3
17714,1738414800000,8541909.6
17715,1738418400000,8534806.1
17716,1738422000000,8489335.9
17717,1738425600000,8457738.9
17718,1738429200000,8442238.3
17719,1738432800000,8458975.4
17720,1738436400000,8440057.69999999
17721,1738440000000,8407018.5
17722,1738443600000,8455766.8
17723,1738447200000,8426169.5
17724,1738450800000,8409599.69999999
17725,1738454400000,8390837.1
17726,1738458000000,8353437.5
17727,1738461600000,8340443.6
17728,1738465200000,8369610.6
17729,1738468800000,8237424.6
17730,1738472400000,8249426.7
17731,1738476000000,8260279.5
17732,1738479600000,8224166.4
17733,1738483200000,8196930.8
17734,1738486800000,8191765.5
17735,1738490400000,8183869.6
17736,1738494000000,8171553.1
17737,1738497600000,8205865.4
17738,1738501200000,8232182.4
17739,1738504800000,8257231.1
17740,1738508400000,8265569.8
17741,1738512000000,8400350.19999999
17742,1738515600000,8516096.4
17743,1738519200000,8866707.1
17744,1738522800000,9275982.5
17745,1738526400000,9222757.69999999
17746,1738530000000,9201178.0
17747,1738533600000,9145221.5
17748,1738537200000,9597105.4
17749,1738540800000,9513318.0
17750,1738544400000,9259664.1
17751,1738548000000,9279548.6
17752,1738551600000,8720230.3
17753,1738555200000,8621229.19999999
17754,1738558800000,8561977.6
17755,1738562400000,8378389.5
17756,1738566000000,8293892.9
17757,1738569600000,8189941.0
17758,1738573200000,8150375.2
17759,1738576800000,7976307.3
17760,1738580400000,8212395.3
17761,1738584000000,8131452.1
17762,1738587600000,8129480.2
17763,1738591200000,8059439.5
17764,1738594800000,8080358.0
17765,1738598400000,7927963.6
17766,1738602000000,7999742.1
17767,1738605600000,8006156.2
17768,1738609200000,7952554.3
17769,1738612800000,7869422.5
17770,1738616400000,7833995.2
17771,1738620000000,7775274.2
17772,1738623600000,7777870.6
17773,1738627200000,7697697.5
17774,1738630800000,7742469.6
17775,1738634400000,7738654.8
17776,1738638000000,7744464.2
17777,1738641600000,7714233.6
17778,1738645200000,7708477.1
17779,1738648800000,7514250.5
17780,1738652400000,7512037.9
17781,1738656000000,7572835.6
17782,1738659600000,7562570.9
17783,1738663200000,7556555.5
17784,1738666800000,7565423.3
17785,1738670400000,7585771.5
17786,1738674000000,7594023.4
17787,1738677600000,7585704.7
17788,1738681200000,7592695.0
17789,1738684800000,7528479.6
17790,1738688400000,7503977.4
17791,1738692000000,7495801.8
17792,1738695600000,7475552.7
17793,1738699200000,7409473.6
17794,1738702800000,7403678.9
17795,1738706400000,7257458.2
17796,1738710000000,7234214.8
17797,1738713600000,7254568.3
17798,1738717200000,7296985.4
17799,1738720800000,7267889.8
17800,1738724400000,7221657.3
17801,1738728000000,7265010.0
17802,1738731600000,7262393.3
17803,1738735200000,7256063.1
17804,1738738800000,7253856.3
17805,1738742400000,7233177.6
17806,1738746000000,7228521.3
17807,1738749600000,7224302.5
17808,1738753200000,7266725.2
17809,1738756800000,7227045.8
17810,1738760400000,7263499.9
17811,1738764000000,7249142.1
17812,1738767600000,7209381.8
17813,1738771200000,7168269.8
17814,1738774800000,7190569.2
17815,1738778400000,7219276.8
17816,1738782000000,7161745.4
17817,1738785600000,7134608.9
17818,1738789200000,7145787.4
17819,1738792800000,7161779.0
17820,1738796400000,7108984.0
17821,1738800000000,7122579.2
17822,1738803600000,7129100.0
17823,1738807200000,7113236.8
17824,1738810800000,7114381.6
17825,1738814400000,7115608.4
17826,1738818000000,7160445.2
17827,1738821600000,7192033.0
17828,1738825200000,7231248.7
17829,1738828800000,7226849.4
17830,1738832400000,7107867.9
17831,1738836000000,7181292.9
17832,1738839600000,7173604.6
17833,1738843200000,7138090.3
17834,1738846800000,7156402.3
17835,1738850400000,7120011.3
17836,1738854000000,7094019.8
17837,1738857600000,7080004.6
17838,1738861200000,7109603.7
17839,1738864800000,7698586.2
17840,1738868400000,6981361.7
17841,1738872000000,6938686.1
17842,1738875600000,6940507.1
17843,1738879200000,6915756.3
17844,1738882800000,7109192.4
17845,1738886400000,7121305.8
17846,1738890000000,7129852.0
17847,1738893600000,7124205.9
17848,1738897200000,7163730.4
17849,1738900800000,7198801.4
17850,1738904400000,7113934.6
17851,1738908000000,7134125.2
17852,1738911600000,7115403.3
17853,1738915200000,7056024.3
17854,1738918800000,7055528.5
17855,1738922400000,7073877.4
17856,1738926000000,7066874.2
17857,1738929600000,7100519.0
17858,1738933200000,7096658.1
17859,1738936800000,7210255.5
17860,1738940400000,7187686.6
17861,1738944000000,7225351.0
17862,1738947600000,7105019.0
17863,1738951200000,7116022.2
17864,1738954800000,7115314.0
17865,1738958400000,7110701.9
17866,1738962000000,7161937.7
17867,1738965600000,7101243.1
17868,1738969200000,7066032.2
17869,1738972800000,7055650.2
17870,1738976400000,7054973.5
17871,1738980000000,7089403.6
17872,1738983600000,7124770.2
17873,1738987200000,7109417.4
17874,1738990800000,7170495.1
17875,1738994400000,7151334.5
17876,1738998000000,7149790.3
17877,1739001600000,7105051.0
17878,1739005200000,7095799.3
17879,1739008800000,7101970.2
17880,1739012400000,7117211.1
17881,1739016000000,7156007.9
17882,1739019600000,7142876.0
17883,1739023200000,7144799.6
17884,1739026800000,7136236.3
17885,1739030400000,7176386.3
17886,1739034000000,7165748.7
17887,1739037600000,7121551.6
17888,1739041200000,7102942.3
17889,1739044800000,7099044.2
17890,1739048400000,7106170.9
17891,1739052000000,7115124.9
17892,1739055600000,7088564.6
17893,1739059200000,7078722.0
17894,1739062800000,7114141.8
17895,1739066400000,7117754.9
17896,1739070000000,7100579.3
17897,1739073600000,7088656.0
17898,1739077200000,7149771.6
17899,1739080800000,7153806.9
17900,1739084400000,7141303.1
17901,1739088000000,7173345.4
17902,1739091600000,7147321.4
17903,1739095200000,7202151.1
17904,1739098800000,7212991.5
17905,1739102400000,7178039.4
17906,1739106000000,7157186.7
17907,1739109600000,7152412.2
17908,1739113200000,7197731.3
17909,1739116800000,7194303.2
17910,1739120400000,7170530.0
17911,1739124000000,7152624.8
17912,1739127600000,7155355.2
17913,1739131200000,7205517.9
17914,1739134800000,7194103.6
17915,1739138400000,7108431.8
17916,1739142000000,7047101.2
17917,1739145600000,7084038.6
17918,1739149200000,7101844.0
17919,1739152800000,7124099.9
17920,1739156400000,7047952.1
17921,1739160000000,7081870.7
17922,1739163600000,7075331.7
17923,1739167200000,7059654.3
17924,1739170800000,7061095.1
17925,1739174400000,7094287.7
17926,1739178000000,7093660.7
17927,1739181600000,7066815.3
17928,1739185200000,7069423.7
17929,1739188800000,7042721.5
17930,1739192400000,7052291.5
17931,1739196000000,7056874.2
17932,1739199600000,7030267.9
17933,1739203200000,7020590.5
17934,1739206800000,7060073.7
17935,1739210400000,7055192.5
17936,1739214000000,7037569.5
17937,1739217600000,7023498.9
17938,1739221200000,7035728.3
17939,1739224800000,7006943.3
17940,1739228400000,6977350.7
17941,1739232000000,6964766.9
17942,1739235600000,6962821.9
17943,1739239200000,7007107.6
17944,1739242800000,6973326.0
17945,1739246400000,6966418.4
17946,1739250000000,7022875.8
17947,1739253600000,7106035.0
17948,1739257200000,7190161.9
17949,1739260800000,7183182.4
17950,1739264400000,7171864.3
17951,1739268000000,7216325.6
17952,1739271600000,7179904.2
17953,1739275200000,7163731.7
17954,1739278800000,7123998.2
17955,1739282400000,7126349.4
17956,1739286000000,7110802.5
17957,1739289600000,7135679.1
17958,1739293200000,7167383.4
17959,1739296800000,7153024.5
17960,1739300400000,7124894.9
17961,1739304000000,7091571.7
17962,1739307600000,7031414.9
17963,1739311200000,7000666.4
17964,1739314800000,6985692.3
17965,1739318400000,7010065.1
17966,1739322000000,7028861.2
17967,1739325600000,7041379.9
17968,1739329200000,7051750.7
17969,1739332800000,7022847.6
17970,1739336400000,7015918.6
17971,1739340000000,7074103.8
17972,1739343600000,7081099.7
17973,1739347200000,7288588.4
17974,1739350800000,7258315.2
17975,1739354400000,7334847.9
17976,1739358000000,7325829.6
17977,1739361600000,7327761.6
17978,1739365200000,7346137.2
17979,1739368800000,7297458.1
17980,1739372400000,7290495.3
17981,1739376000000,7224840.9
17982,1739379600000,7176416.5
17983,1739383200000,7191137.1
17984,1739386800000,7192871.4
17985,1739390400000,7197214.9
17986,1739394000000,7184827.3
17987,1739397600000,7194452.4
17988,1739401200000,7114248.8
17989,1739404800000,7130388.3
17990,1739408400000,7144504.5
17991,1739412000000,7205746.2
17992,1739415600000,7186222.9
17993,1739419200000,7178057.4
17994,1739422800000,7202482.4
17995,1739426400000,7154043.1
17996,1739430000000,7147797.1
17997,1739433600000,7136324.6
17998,1739437200000,7209123.9
17999,1739440800000,7208335.3
18000,1739444400000,7233359.8
18001,1739448000000,7270807.3
18002,1739451600000,7238156.9
18003,1739455200000,7298223.0
18004,1739458800000,7250891.6
18005,1739462400000,7343360.5
18006,1739466000000,7334714.9
18007,1739469600000,7344911.3
18008,1739473200000,7307877.8
18009,1739476800000,7312866.8
18010,1739480400000,7326951.3
18011,1739484000000,7309893.1
18012,1739487600000,7296765.5
18013,1739491200000,7298904.0
18014,1739494800000,7316562.1
18015,1739498400000,7344939.5
18016,1739502000000,7321135.0
18017,1739505600000,7344634.1
18018,1739509200000,7360060.5
18019,1739512800000,7379581.5
18020,1739516400000,7384342.5
18021,1739520000000,7373187.3
18022,1739523600000,7372081.2
18023,1739527200000,7408678.6
18024,1739530800000,7436474.3
18025,1739534400000,7432516.0
18026,1739538000000,7429381.1
18027,1739541600000,7440513.0
18028,1739545200000,7527866.4
18029,1739548800000,7542238.4
18030,1739552400000,7550845.6
18031,1739556000000,7543987.9
18032,1739559600000,7571089.1
18033,1739563200000,7540066.4
18034,1739566800000,7547843.8
18035,1739570400000,7553449.3
18036,1739574000000,7512043.2
18037,1739577600000,7497042.4
18038,1739581200000,7500059.2
18039,1739584800000,7506443.5
18040,1739588400000,7484197.3
18041,1739592000000,7508238.7
18042,1739595600000,7486003.5
18043,1739599200000,7480018.4
18044,1739602800000,7463168.0
18045,1739606400000,7464021.8
18046,1739610000000,7478861.6
18047,1739613600000,7560316.4
18048,1739617200000,7565092.4
18049,1739620800000,7545012.0
18050,1739624400000,7524366.6
18051,1739628000000,7523512.3
18052,1739631600000,7522680.9
18053,1739635200000,7521242.8
18054,1739638800000,7509609.9
18055,1739642400000,7501987.8
18056,1739646000000,7503902.6
18057,1739649600000,7504664.1
18058,1739653200000,7498466.7
18059,1739656800000,7499514.7
18060,1739660400000,7489923.9
18061,1739664000000,7484818.9
18062,1739667600000,7481824.1
18063,1739671200000,7488805.7
18064,1739674800000,7502730.0
18065,1739678400000,7522816.3
18066,1739682000000,7533214.7
18067,1739685600000,7529730.2
18068,1739689200000,7548082.2
18069,1739692800000,7554540.2
18070,1739696400000,7574681.7
18071,1739700000000,7586925.4
18072,1739703600000,7589521.3
18073,1739707200000,7587258.4
18074,1739710800000,7607519.1
18075,1739714400000,7570485.3
18076,1739718000000,7556324.5
18077,1739721600000,7522866.3
18078,1739725200000,7508002.2
18079,1739728800000,7491124.2
18080,1739732400000,7488226.8
18081,1739736000000,7494591.0
18082,1739739600000,7503293.6
18083,1739743200000,7460645.2
18084,1739746800000,7434367.4
18085,1739750400000,7443322.3
18086,1739754000000,7418944.1
18087,1739757600000,7419537.9
18088,1739761200000,7506827.1
18089,1739764800000,7487005.8
18090,1739768400000,7500917.8
18091,1739772000000,7487317.4
18092,1739775600000,7478726.1
18093,1739779200000,7487232.0
18094,1739782800000,7522343.4
18095,1739786400000,7514338.3
18096,1739790000000,7528342.9
18097,1739793600000,7560515.0
18098,1739797200000,7554985.0
18099,1739800800000,7560060.5
18100,1739804400000,7623971.6
18101,1739808000000,7527706.9
18102,1739811600000,7523390.1
18103,1739815200000,7523827.6
18104,1739818800000,7572846.1
18105,1739822400000,7526437.7
18106,1739826000000,7547164.8
18107,1739829600000,7531875.2
18108,1739833200000,7533809.8
18109,1739836800000,7540815.3
18110,1739840400000,7557809.1
18111,1739844000000,7547820.2
18112,1739847600000,7535634.1
18113,1739851200000,7553456.4
18114,1739854800000,7552589.6
18115,1739858400000,7543142.2
18116,1739862000000,7565766.1
18117,1739865600000,7618751.1
18118,1739869200000,7399390.9
18119,1739872800000,7406229.2
18120,1739876400000,7395371.7
18121,1739880000000,7395786.5
18122,1739883600000,7398702.1
18123,1739887200000,7386435.8
18124,1739890800000,7393399.6
18125,1739894400000,7450428.9
18126,1739898000000,7419267.8
18127,1739901600000,7376489.7
18128,1739905200000,7378771.7
18129,1739908800000,7377243.9
18130,1739912400000,7372034.7
18131,1739916000000,7376202.1
18132,1739919600000,7409097.0
18133,1739923200000,7409505.5
18134,1739926800000,7449480.4
18135,1739930400000,7438269.1
18136,1739934000000,7445944.5
18137,1739937600000,7459373.2
18138,1739941200000,7459096.2
18139,1739944800000,7476993.3
18140,1739948400000,7483212.1
18141,1739952000000,7513743.1
18142,1739955600000,7553612.8
18143,1739959200000,7566039.3
18144,1739962800000,7575273.6
18145,1739966400000,7574230.1
18146,1739970000000,7599004.8
18147,1739973600000,7616362.0
18148,1739977200000,7626146.3
18149,1739980800000,7609917.5
18150,1739984400000,7576174.5
18151,1739988000000,7575996.1
18152,1739991600000,7573152.4
18153,1739995200000,7627345.8
18154,1739998800000,7618623.1
18155,1740002400000,7606920.6
18156,1740006000000,7627212.8
18157,1740009600000,7646646.4
18158,1740013200000,7718283.7
18159,1740016800000,7732484.3
18160,1740020400000,7733519.5
18161,1740024000000,7676020.4
18162,1740027600000,7606376.5
18163,1740031200000,7535679.5
18164,1740034800000,7520298.8
18165,1740038400000,7516366.2
18166,1740042000000,7468164.3
18167,1740045600000,7487393.6
18168,1740049200000,7515978.9
18169,1740052800000,7542842.0
18170,1740056400000,7576069.3
18171,1740060000000,7592323.3
18172,1740063600000,7609242.7
18173,1740067200000,7581897.1
18174,1740070800000,7586492.1
18175,1740074400000,7606987.9
18176,1740078000000,7643529.3
18177,1740081600000,7630939.5
18178,1740085200000,7668283.0
18179,1740088800000,7520965.0
18180,1740092400000,7506835.2
18181,1740096000000,7551989.2
18182,1740099600000,7577089.8
18183,1740103200000,7563522.7
18184,1740106800000,7493999.1
18185,1740110400000,7476768.7
18186,1740114000000,7544075.6
18187,1740117600000,7503769.1
18188,1740121200000,7584354.9
18189,1740124800000,7592311.4
18190,1740128400000,7619931.5
18191,1740132000000,7597649.4
18192,1740135600000,7598731.8
18193,1740139200000,7581145.3
18194,1740142800000,7611306.2
18195,1740146400000,7595621.2
18196,1740150000000,7601736.7
18197,1740153600000,7309877.6
18198,1740157200000,6948352.3
18199,1740160800000,6784021.0
18200,1740164400000,6712444.4
18201,1740168000000,6525604.1
18202,1740171600000,6470521.8
18203,1740175200000,6477142.5
18204,1740178800000,6401412.9
18205,1740182400000,6371746.2
18206,1740186000000,6337490.5
18207,1740189600000,6291044.8
18208,1740193200000,6303755.1
18209,1740196800000,6266033.8
18210,1740200400000,6213482.7
18211,1740204000000,6190270.5
18212,1740207600000,6158969.7
18213,1740211200000,6138668.9
18214,1740214800000,6114690.3
18215,1740218400000,6067567.1
18216,1740222000000,6051438.4
18217,1740225600000,6056479.6
18218,1740229200000,6027194.6
18219,1740232800000,6014436.2
18220,1740236400000,6010051.3
18221,1740240000000,6005681.1
18222,1740243600000,5995323.2
18223,1740247200000,5953543.8
18224,1740250800000,5920128.3
18225,1740254400000,5894341.8
18226,1740258000000,5866737.4
18227,1740261600000,5862955.6
18228,1740265200000,5853941.0
18229,1740268800000,5846183.0
18230,1740272400000,5845368.7
18231,1740276000000,5849298.4
18232,1740279600000,5860687.3
18233,1740283200000,5864024.1
18234,1740286800000,5854199.5
18235,1740290400000,5855042.0
18236,1740294000000,5851840.8
18237,1740297600000,5835543.2
18238,1740301200000,5851624.6
18239,1740304800000,5852730.5
18240,1740308400000,5852836.3
18241,1740312000000,5853756.4
18242,1740315600000,5844345.2
18243,1740319200000,5835623.3
18244,1740322800000,5791563.6
18245,1740326400000,5778351.6
18246,1740330000000,5745994.1
18247,1740333600000,5783431.0
18248,1740337200000,5776099.9
18249,1740340800000,5769582.2
18250,1740344400000,5774782.8
18251,1740348000000,5770890.3
18252,1740351600000,5750573.2
18253,1740355200000,5774186.0
18254,1740358800000,5777656.3
18255,1740362400000,5772584.8
18256,1740366000000,5784883.9
18257,1740369600000,5783851.5
18258,1740373200000,5741279.0
18259,1740376800000,5815074.2
18260,1740380400000,5800283.3
18261,1740384000000,5763564.7
18262,1740387600000,5746771.0
18263,1740391200000,5727235.6
18264,1740394800000,5725903.4
18265,1740398400000,5727554.5
18266,1740402000000,5744434.1
18267,1740405600000,5767153.8
18268,1740409200000,5769261.1
18269,1740412800000,5788620.0
18270,1740416400000,5787727.7
18271,1740420000000,5786142.1
18272,1740423600000,5769730.4
18273,1740427200000,5740910.6
18274,1740430800000,5755803.3
18275,1740434400000,5751889.2
18276,1740438000000,5662355.5
18277,1740441600000,5627937.2
18278,1740445200000,5624668.5
18279,1740448800000,5628830.3
18280,1740452400000,5572679.9
18281,1740456000000,5663654.0
18282,1740459600000,5662518.2
18283,1740463200000,5637905.8
18284,1740466800000,5650458.6
18285,1740470400000,5544745.59999999
18286,1740474000000,5512454.9
18287,1740477600000,5493346.4
18288,1740481200000,5485935.5
18289,1740484800000,5454113.09999999
18290,1740488400000,5507733.59999999
18291,1740492000000,5470524.3
18292,1740495600000,5468190.4
18293,1740499200000,5517430.59999999
18294,1740502800000,5499956.7
18295,1740506400000,5471366.8
18296,1740510000000,5455635.5
18297,1740513600000,5459463.8
18298,1740517200000,5462752.4
18299,1740520800000,5456875.9
18300,1740524400000,5437983.2
18301,1740528000000,5431798.7
18302,1740531600000,5408605.2
18303,1740535200000,5419397.2
18304,1740538800000,5391086.5
18305,1740542400000,5385972.0
18306,1740546000000,5384805.3
18307,1740549600000,5383017.3
18308,1740553200000,5385890.8
18309,1740556800000,5401398.09999999
18310,1740560400000,5461848.3
18311,1740564000000,5474906.8
18312,1740567600000,5480741.2
18313,1740571200000,5497820.2
18314,1740574800000,5467206.09999999
18315,1740578400000,5457960.5
18316,1740582000000,5408950.0
18317,1740585600000,5447259.9
18318,1740589200000,5462606.7
18319,1740592800000,5442077.4
18320,1740596400000,5366455.09999999
18321,1740600000000,5413573.0
18322,1740603600000,5443304.5
18323,1740607200000,5419197.8
18324,1740610800000,5377473.5
18325,1740614400000,5371813.59999999
18326,1740618000000,5359520.59999999
18327,1740621600000,5365410.8
18328,1740625200000,5364533.4
18329,1740628800000,5408778.9
18330,1740632400000,5426193.9
18331,1740636000000,5429977.4
18332,1740639600000,5438582.0
18333,1740643200000,5461538.8
18334,1740646800000,5453911.3
18335,1740650400000,5430553.5
18336,1740654000000,5478946.7
18337,1740657600000,5516464.0
18338,1740661200000,5501889.59999999
18339,1740664800000,5512510.0
18340,1740668400000,5503019.8
18341,1740672000000,5525376.0
18342,1740675600000,5467185.7
18343,1740679200000,5440540.2
18344,1740682800000,5428808.5
18345,1740686400000,5406565.2
18346,1740690000000,5319412.5
18347,1740693600000,5310285.0
18348,1740697200000,5300264.8
18349,1740700800000,5298018.4
18350,1740704400000,5292694.8
18351,1740708000000,5275328.4
18352,1740711600000,5257829.8
18353,1740715200000,5249420.09999999
18354,1740718800000,5271314.9
18355,1740722400000,5307976.7
18356,1740726000000,5306735.59999999
18357,1740729600000,5328102.9
18358,1740733200000,5354301.3
18359,1740736800000,5340222.8
18360,1740740400000,5335852.0
18361,1740744000000,5393593.9
18362,1740747600000,5406277.4
18363,1740751200000,5464807.09999999
18364,1740754800000,5436205.7
18365,1740758400000,5436698.4
18366,1740762000000,5465279.2
18367,1740765600000,5576143.5
18368,1740769200000,5473146.3
18369,1740772800000,5474750.59999999
18370,1740776400000,5461261.4
18371,1740780000000,5460682.9
18372,1740783600000,5410279.2
18373,1740787200000,5399501.2
18374,1740790800000,5405440.59999999
18375,1740794400000,5407729.2
18376,1740798000000,5413452.2
18377,1740801600000,5418800.5
18378,1740805200000,5394782.9
18379,1740808800000,5374045.09999999
18380,1740812400000,5373429.8
18381,1740816000000,5400081.3
18382,1740819600000,5405577.7
18383,1740823200000,5406861.3
18384,1740826800000,5360515.3
18385,1740830400000,5357125.4
18386,1740834000000,5361907.2
18387,1740837600000,5381024.4
18388,1740841200000,5386787.59999999
18389,1740844800000,5374357.0
18390,1740848400000,5324379.7
18391,1740852000000,5327812.4
18392,1740855600000,5327054.3
18393,1740859200000,5312786.0
18394,1740862800000,5302441.8
18395,1740866400000,5339110.2
18396,1740870000000,5307030.09999999
18397,1740873600000,5310018.3
18398,1740877200000,5316127.7
18399,1740880800000,5312576.3
18400,1740884400000,5320268.3
18401,1740888000000,5312710.7
18402,1740891600000,5299133.5
18403,1740895200000,5303020.7
18404,1740898800000,5276819.3
18405,1740902400000,5285604.7
18406,1740906000000,5285147.8
18407,1740909600000,5268868.3
18408,1740913200000,5274237.09999999
18409,1740916800000,5277619.7
18410,1740920400000,5274016.8
18411,1740924000000,5309305.2
18412,1740927600000,5298845.5
18413,1740931200000,5312909.09999999
18414,1740934800000,5363908.0
18415,1740938400000,5433416.5
18416,1740942000000,5314324.2
18417,1740945600000,5376678.9
18418,1740949200000,5429980.2
18419,1740952800000,5662454.0
18420,1740956400000,5496233.4
18421,1740960000000,5535971.3
18422,1740963600000,5540393.2
18423,1740967200000,5532142.0
18424,1740970800000,5547805.09999999
18425,1740974400000,5534852.7
18426,1740978000000,5508522.8
18427,1740981600000,5673678.8
18428,1740985200000,5490549.3
18429,1740988800000,5527216.7
18430,1740992400000,5485462.59999999
18431,1740996000000,5508120.9
18432,1740999600000,5507856.9
18433,1741003200000,5503905.8
18434,1741006800000,5474427.8
18435,1741010400000,5469939.4
18436,1741014000000,5466652.59999999
18437,1741017600000,5498462.3
18438,1741021200000,5498106.3
18439,1741024800000,5500520.8
18440,1741028400000,5457656.59999999
18441,1741032000000,5419297.3
18442,1741035600000,5407990.9
18443,1741039200000,5410563.3
18444,1741042800000,5400111.09999999
18445,1741046400000,5420449.5
18446,1741050000000,5429152.7
18447,1741053600000,5508319.3
18448,1741057200000,5540442.7
18449,1741060800000,5524130.3
18450,1741064400000,5515528.9
18451,1741068000000,5488650.09999999
18452,1741071600000,5488064.0
18453,1741075200000,5469609.2
18454,1741078800000,5499068.9
18455,1741082400000,5531789.3
18456,1741086000000,5498461.0
18457,1741089600000,5504747.5
18458,1741093200000,5507756.7
18459,1741096800000,5513567.8
18460,1741100400000,5531915.59999999
18461,1741104000000,5609792.7
18462,1741107600000,5646152.9
18463,1741111200000,5658305.0
18464,1741114800000,5649010.1
18465,1741118400000,5652566.5
18466,1741122000000,5641597.8
18467,1741125600000,5662942.5
18468,1741129200000,5652737.1
18469,1741132800000,5641983.0
18470,1741136400000,5700296.0
18471,1741140000000,5682892.3
18472,1741143600000,5693118.8
18473,1741147200000,5694977.2
18474,1741150800000,5699928.8
18475,1741154400000,5742771.9
18476,1741158000000,5731171.0
18477,1741161600000,5768174.3
18478,1741165200000,5741987.4
18479,1741168800000,5740616.5
18480,1741172400000,5765072.9
18481,1741176000000,5761005.5
18482,1741179600000,5802047.4
18483,1741183200000,5807130.3
18484,1741186800000,5754339.9
18485,1741190400000,5742216.9
18486,1741194000000,5706462.9
18487,1741197600000,5730449.4
18488,1741201200000,5724420.7
18489,1741204800000,5747902.3
18490,1741208400000,5726941.9
18491,1741212000000,5697786.7
18492,1741215600000,5658778.1
18493,1741219200000,5661959.1
18494,1741222800000,5662890.2
18495,1741226400000,5683882.5
18496,1741230000000,5754925.3
18497,1741233600000,5697094.5
18498,1741237200000,5667333.5
18499,1741240800000,5677653.0
18500,1741244400000,5669061.3
18501,1741248000000,5652935.1
18502,1741251600000,5672195.8
18503,1741255200000,5689284.5
18504,1741258800000,5720245.0
18505,1741262400000,5698544.3
18506,1741266000000,5708616.8
18507,1741269600000,5671623.9
18508,1741273200000,5680797.6
18509,1741276800000,5657059.8
18510,1741280400000,5677665.7
18511,1741284000000,5690124.1
18512,1741287600000,5695012.8
18513,1741291200000,5661543.4
18514,1741294800000,5743535.6
18515,1741298400000,5771355.9
18516,1741302000000,5639152.3
18517,1741305600000,5679666.1
18518,1741309200000,5646640.3
18519,1741312800000,5609909.4
18520,1741316400000,5626523.9
18521,1741320000000,5677970.8
18522,1741323600000,5724321.2
18523,1741327200000,5709078.8
18524,1741330800000,5739770.9
18525,1741334400000,5762049.3
18526,1741338000000,5773670.3
18527,1741341600000,5812927.7
18528,1741345200000,5837876.0
18529,1741348800000,5839004.9
18530,1741352400000,5869166.5
18531,1741356000000,5900096.0
18532,1741359600000,5915644.9
18533,1741363200000,5820283.2
18534,1741366800000,5740777.2
18535,1741370400000,5829248.2
18536,1741374000000,5788819.8
18537,1741377600000,5777052.2
18538,1741381200000,5737816.8
18539,1741384800000,5689697.3
18540,1741388400000,5657856.9
18541,1741392000000,5669177.8
18542,1741395600000,5706457.0
18543,1741399200000,5697841.3
18544,1741402800000,5725649.1
18545,1741406400000,5754140.3
18546,1741410000000,5718450.7
18547,1741413600000,5768419.8
18548,1741417200000,5771217.8
18549,1741420800000,5777199.2
18550,1741424400000,5787217.8
18551,1741428000000,5774178.8
18552,1741431600000,5739305.9
18553,1741435200000,5757910.3
18554,1741438800000,5770522.5
18555,1741442400000,5777395.4
18556,1741446000000,5763107.2
18557,1741449600000,5750958.8
18558,1741453200000,5764847.2
18559,1741456800000,5719506.4
18560,1741460400000,5829465.9
18561,1741464000000,5851359.8
18562,1741467600000,5880372.6
18563,1741471200000,5879957.4
18564,1741474800000,5806289.6
18565,1741478400000,5783946.2
18566,1741482000000,5779440.6
18567,1741485600000,5788063.1
18568,1741489200000,5797239.5
18569,1741492800000,5801843.7
18570,1741496400000,5794399.1
18571,1741500000000,5793646.3
18572,1741503600000,5819055.1
18573,1741507200000,5846120.8
18574,1741510800000,5892766.8
18575,1741514400000,5948940.5
18576,1741518000000,5913640.3
18577,1741521600000,5925027.1
18578,1741525200000,5938788.1
18579,1741528800000,5936989.9
18580,1741532400000,5919621.4
18581,1741536000000,5952430.0
18582,1741539600000,5886904.1
18583,1741543200000,6040930.7
18584,1741546800000,6017154.9
18585,1741550400000,6002258.5
18586,1741554000000,6002818.9
18587,1741557600000,5923100.9
18588,1741561200000,5945470.0
18589,1741564800000,5988858.7
18590,1741568400000,5960219.9
18591,1741572000000,6000457.5
18592,1741575600000,6027116.9
18593,1741579200000,6024867.5
18594,1741582800000,5970877.6
18595,1741586400000,5968948.2
18596,1741590000000,5972734.7
18597,1741593600000,5951413.5
18598,1741597200000,5942884.9
18599,1741600800000,5987291.4
18600,1741604400000,5973198.1
18601,1741608000000,5959332.0
18602,1741611600000,5992125.4
18603,1741615200000,5971143.0
18604,1741618800000,5763254.0
18605,1741622400000,5748795.7
18606,1741626000000,5775145.1
18607,1741629600000,5763129.5
18608,1741633200000,5838826.0
18609,1741636800000,5811502.7
18610,1741640400000,5790326.6
18611,1741644000000,5768118.0
18612,1741647600000,5792657.9
18613,1741651200000,5874356.6
18614,1741654800000,6048047.1
18615,1741658400000,6011508.9
18616,1741662000000,6002673.7
18617,1741665600000,6044574.6
18618,1741669200000,6034667.8
18619,1741672800000,6058419.1
18620,1741676400000,6013237.1
18621,1741680000000,6021783.9
18622,1741683600000,6147125.9
18623,1741687200000,6158722.5
18624,1741690800000,6134775.1
18625,1741694400000,6162543.4
18626,1741698000000,6109348.3
18627,1741701600000,6107686.2
18628,1741705200000,6121679.1
18629,1741708800000,6104540.3
18630,1741712400000,6102539.3
18631,1741716000000,6110204.4
18632,1741719600000,6194362.0
18633,1741723200000,6175770.2
18634,1741726800000,6164780.6
18635,1741730400000,6131371.3
18636,1741734000000,6160922.7
18637,1741737600000,6043011.5
18638,1741741200000,5982077.4
18639,1741744800000,5975240.0
18640,1741748400000,6023614.2
18641,1741752000000,6007013.5
18642,1741755600000,5986486.5
18643,1741759200000,5980587.4
18644,1741762800000,5981739.0
18645,1741766400000,5983517.4
18646,1741770000000,6050802.2
18647,1741773600000,6005586.2
18648,1741777200000,6017911.3
18649,1741780800000,6018850.9
18650,1741784400000,6051400.2
18651,1741788000000,6043300.3
18652,1741791600000,6018220.9
18653,1741795200000,6018930.2
18654,1741798800000,6036888.8
18655,1741802400000,6075043.3
18656,1741806000000,6198053.4
18657,1741809600000,6155101.1
18658,1741813200000,6142600.6
18659,1741816800000,6090508.9
18660,1741820400000,6109408.2
18661,1741824000000,6091974.0
18662,1741827600000,6139219.8
18663,1741831200000,6125541.2
18664,1741834800000,6110283.2
18665,1741838400000,6080815.4
18666,1741842000000,6070538.5
18667,1741845600000,6069074.3
18668,1741849200000,6132730.6
18669,1741852800000,6185390.4
18670,1741856400000,6150473.9
18671,1741860000000,6157183.9
18672,1741863600000,6115257.3
18673,1741867200000,6100847.8
18674,1741870800000,6124455.5
18675,1741874400000,6109657.0
18676,1741878000000,6076668.4
18677,1741881600000,6087689.4
18678,1741885200000,6094845.4
18679,1741888800000,6117854.4
18680,1741892400000,6120708.0
18681,1741896000000,6088968.0
18682,1741899600000,6074807.2
18683,1741903200000,6057861.1
18684,1741906800000,6067086.9
18685,1741910400000,6057856.2
18686,1741914000000,6027326.9
18687,1741917600000,6040039.3
18688,1741921200000,6024439.3
18689,1741924800000,6029606.0
18690,1741928400000,6000962.6
18691,1741932000000,6018290.2
18692,1741935600000,6029410.4
18693,1741939200000,6026073.2
18694,1741942800000,6077102.0
18695,1741946400000,6116592.4
18696,1741950000000,6157983.7
18697,1741953600000,6167811.8
18698,1741957200000,6138213.2
18699,1741960800000,6116941.5
18700,1741964400000,6103005.4
18701,1741968000000,6030627.2
18702,1741971600000,6012645.5
18703,1741975200000,6026303.5
18704,1741978800000,6081318.7
18705,1741982400000,6115570.0
18706,1741986000000,6065337.1
18707,1741989600000,6056489.3
18708,1741993200000,6050117.5
18709,1741996800000,6037796.0
18710,1742000400000,6013190.9
18711,1742004000000,5989587.7
18712,1742007600000,5999759.0
18713,1742011200000,5971977.2
18714,1742014800000,6016302.1
18715,1742018400000,6038105.9
18716,1742022000000,6044874.0
18717,1742025600000,6028396.5
18718,1742029200000,6025627.9
18719,1742032800000,6057194.9
18720,1742036400000,6057101.9
18721,1742040000000,6081013.2
18722,1742043600000,6110117.4
18723,1742047200000,6108752.6
18724,1742050800000,6110081.4
18725,1742054400000,6160950.0
18726,1742058000000,6192330.4
18727,1742061600000,6141011.1
18728,1742065200000,6196331.3
18729,1742068800000,6191533.5
18730,1742072400000,6212571.5
18731,1742076000000,6219303.1
18732,1742079600000,6214695.1
18733,1742083200000,6241794.7
18734,1742086800000,6252257.4
18735,1742090400000,6234733.2
18736,1742094000000,6232459.3
18737,1742097600000,6223378.7
18738,1742101200000,6222917.5
18739,1742104800000,6268038.8
18740,1742108400000,6271616.2
18741,1742112000000,6276602.2
18742,1742115600000,6280468.3
18743,1742119200000,6310913.7
18744,1742122800000,6309992.0
18745,1742126400000,6280524.8
18746,1742130000000,6297465.6
18747,1742133600000,6332332.2
18748,1742137200000,6278642.8
18749,1742140800000,6292289.5
18750,1742144400000,6349660.6
18751,1742148000000,6325274.7
18752,1742151600000,6318791.4
18753,1742155200000,6316380.7
18754,1742158800000,6291168.5
18755,1742162400000,6262301.1
18756,1742166000000,6252882.5
18757,1742169600000,6317882.2
18758,1742173200000,6286120.0
18759,1742176800000,6255709.9
18760,1742180400000,6223749.0
18761,1742184000000,6237172.9
18762,1742187600000,6224104.6
18763,1742191200000,6221778.1
18764,1742194800000,6209559.9
18765,1742198400000,6206343.9
18766,1742202000000,6228955.0
18767,1742205600000,6284810.8
18768,1742209200000,6307947.8
18769,1742212800000,6295029.9
18770,1742216400000,6258146.8
18771,1742220000000,6260561.8
18772,1742223600000,6286568.9
18773,1742227200000,6322275.0
18774,1742230800000,6309126.8
18775,1742234400000,6319450.8
18776,1742238000000,6311523.2
18777,1742241600000,6332154.5
18778,1742245200000,6334540.8
18779,1742248800000,6198671.6
18780,1742252400000,6188886.4
18781,1742256000000,6417432.3
18782,1742259600000,6404780.7
18783,1742263200000,6435897.9
18784,1742266800000,6423723.9
18785,1742270400000,6273167.1
18786,1742274000000,6281856.0
18787,1742277600000,6253769.7
18788,1742281200000,6266468.7
18789,1742284800000,6218954.7
18790,1742288400000,6197570.8
18791,1742292000000,6221550.0
18792,1742295600000,6419579.2
18793,1742299200000,6306146.7
18794,1742302800000,6325902.5
18795,1742306400000,6350793.8
18796,1742310000000,6567997.3
18797,1742313600000,6365352.8
18798,1742317200000,6334163.5
18799,1742320800000,6312395.3
18800,1742324400000,6314391.5
18801,1742328000000,6310866.8
18802,1742331600000,6322310.1
18803,1742335200000,6316196.1
18804,1742338800000,6375281.6
18805,1742342400000,6324903.4
18806,1742346000000,6373874.3
18807,1742349600000,6348647.9
18808,1742353200000,6353417.2
18809,1742356800000,6348828.4
18810,1742360400000,6354220.0
18811,1742364000000,6348823.8
18812,1742367600000,6372405.4
18813,1742371200000,6392502.0
18814,1742374800000,6404599.5
18815,1742378400000,6403645.8
18816,1742382000000,6505277.7
18817,1742385600000,6533538.1
18818,1742389200000,6583601.5
18819,1742392800000,6549313.0
18820,1742396400000,6516175.0
18821,1742400000000,6493043.1
18822,1742403600000,6438589.7
18823,1742407200000,6419733.3
18824,1742410800000,6318053.7
18825,1742414400000,6305324.0
18826,1742418000000,6323766.8
18827,1742421600000,6295459.0
18828,1742425200000,6240044.8
18829,1742428800000,6236031.0
18830,1742432400000,6276692.2
18831,1742436000000,6281967.6
18832,1742439600000,6271533.6
18833,1742443200000,6279968.4
18834,1742446800000,6277038.5
18835,1742450400000,6370356.1
18836,1742454000000,6390263.7
18837,1742457600000,6384264.1
18838,1742461200000,6376678.5
18839,1742464800000,6340312.0
18840,1742468400000,6333943.9
18841,1742472000000,6344834.5
18842,1742475600000,6339137.3
18843,1742479200000,6320611.9
18844,1742482800000,6309503.9
18845,1742486400000,6321116.8
18846,1742490000000,6338269.3
18847,1742493600000,6313886.3
18848,1742497200000,6329566.8
18849,1742500800000,6338794.0
18850,1742504400000,6386449.2
18851,1742508000000,6355708.6
18852,1742511600000,6342849.0
18853,1742515200000,6320148.8
18854,1742518800000,6340439.2
18855,1742522400000,6349823.6
18856,1742526000000,6339260.0
18857,1742529600000,6369218.8
18858,1742533200000,6357043.8
18859,1742536800000,6402576.4
18860,1742540400000,6370408.7
18861,1742544000000,6384989.9
18862,1742547600000,6340358.4
18863,1742551200000,6341012.8
18864,1742554800000,6430351.0
18865,1742558400000,6513635.8
18866,1742562000000,6458115.1
18867,1742565600000,6422554.6
18868,1742569200000,6408988.8
18869,1742572800000,6425249.6
18870,1742576400000,6366474.7
18871,1742580000000,6357786.7
18872,1742583600000,6461570.0
18873,1742587200000,6440754.1
18874,1742590800000,6568799.7
18875,1742594400000,6478207.1
18876,1742598000000,6706544.3
18877,1742601600000,6696391.5
18878,1742605200000,6697471.7
18879,1742608800000,6637322.5
18880,1742612400000,6688337.6
18881,1742616000000,6668827.5
18882,1742619600000,6636450.4
18883,1742623200000,6631964.0
18884,1742626800000,6414927.6
18885,1742630400000,6344505.0
18886,1742634000000,6324503.4
18887,1742637600000,6307461.6
18888,1742641200000,6295129.7
18889,1742644800000,6310688.1
18890,1742648400000,6327958.5
18891,1742652000000,6373276.7
18892,1742655600000,6392165.5
18893,1742659200000,6367483.5
18894,1742662800000,6315347.7
18895,1742666400000,6257325.6
18896,1742670000000,6261857.8
18897,1742673600000,6253460.2
18898,1742677200000,6263200.6
18899,1742680800000,6233998.2
18900,1742684400000,6250351.2
18901,1742688000000,6291814.6
18902,1742691600000,6269811.4
18903,1742695200000,6286406.4
18904,1742698800000,6276655.6
18905,1742702400000,6283850.4
18906,1742706000000,6277014.6
18907,1742709600000,6267121.8
18908,1742713200000,6361242.5
18909,1742716800000,6348596.8
18910,1742720400000,6357760.8
18911,1742724000000,6355046.6
18912,1742727600000,6354420.0
18913,1742731200000,6372563.8
18914,1742734800000,6380453.2
18915,1742738400000,6400241.2
18916,1742742000000,6465003.2
18917,1742745600000,6480125.0
18918,1742749200000,6506528.9
18919,1742752800000,6501400.5
18920,1742756400000,6486750.9
18921,1742760000000,6473804.1
18922,1742763600000,6471206.9
18923,1742767200000,6439170.6
18924,1742770800000,6446730.0
18925,1742774400000,6442390.4
18926,1742778000000,6461523.3
18927,1742781600000,6436942.0
18928,1742785200000,6429719.6
18929,1742788800000,6476899.9
18930,1742792400000,6501043.5
18931,1742796000000,6400591.7
18932,1742799600000,6388731.8
18933,1742803200000,6396374.9
18934,1742806800000,6380928.7
18935,1742810400000,6431645.1
18936,1742814000000,6429413.5
18937,1742817600000,6586230.2
18938,1742821200000,6575060.9
18939,1742824800000,6584347.8
18940,1742828400000,6460369.4
18941,1742832000000,6451955.7
18942,1742835600000,6442233.1
18943,1742839200000,6464051.7
18944,1742842800000,6455247.1
18945,1742846400000,6451891.3
18946,1742850000000,6444978.1
18947,1742853600000,6342682.9
18948,1742857200000,6336893.7
18949,1742860800000,6349564.5
18950,1742864400000,6354545.9
18951,1742868000000,6322950.3
18952,1742871600000,6322452.7
18953,1742875200000,6324946.5
18954,1742878800000,6331468.1
18955,1742882400000,6335159.7
18956,1742886000000,6331765.7
18957,1742889600000,6329225.9
18958,1742893200000,6284564.3
18959,1742896800000,6309263.3
18960,1742900400000,6316832.3
18961,1742904000000,6332237.2
18962,1742907600000,6300469.8
18963,1742911200000,6348779.2
18964,1742914800000,6338733.1
18965,1742918400000,6338248.0
18966,1742922000000,6346794.1
18967,1742925600000,6350839.5
18968,1742929200000,6357917.8
18969,1742932800000,6322466.4
18970,1742936400000,6398629.6
18971,1742940000000,6327693.3
18972,1742943600000,6311608.1
18973,1742947200000,6309325.9
18974,1742950800000,6276574.8
18975,1742954400000,6249217.5
18976,1742958000000,6280231.5
18977,1742961600000,6317292.8
18978,1742965200000,6315028.0
18979,1742968800000,6306167.6
18980,1742972400000,6300064.5
18981,1742976000000,6328223.3
18982,1742979600000,6323309.5
18983,1742983200000,6329974.1
18984,1742986800000,6358382.9
18985,1742990400000,6351720.5
18986,1742994000000,6385736.9
18987,1742997600000,6414341.5
18988,1743001200000,6417221.9
18989,1743004800000,6415716.6
18990,1743008400000,6424122.2
18991,1743012000000,6426588.6
18992,1743015600000,6419541.8
18993,1743019200000,6408688.4
18994,1743022800000,6404385.2
18995,1743026400000,6326828.8
18996,1743030000000,6346991.8
18997,1743033600000,6396711.1
18998,1743037200000,6353017.9
18999,1743040800000,6344974.0
19000,1743044400000,6355535.7
19001,1743048000000,6334184.3
19002,1743051600000,6381579.1
19003,1743055200000,6421457.5
19004,1743058800000,6422821.3
19005,1743062400000,6461163.9
19006,1743066000000,6462706.5
19007,1743069600000,6458906.8
19008,1743073200000,6490414.7
19009,1743076800000,6460212.3
19010,1743080400000,6432472.1
19011,1743084000000,6516528.2
19012,1743087600000,6495168.5
19013,1743091200000,6526819.7
19014,1743094800000,6635325.5
19015,1743098400000,6619448.3
19016,1743102000000,6596089.5
19017,1743105600000,6602734.7
19018,1743109200000,6566127.1
19019,1743112800000,6537971.2
19020,1743116400000,6543883.6
19021,1743120000000,6541908.8
19022,1743123600000,6531109.7
19023,1743127200000,6545267.9
19024,1743130800000,6547768.9
19025,1743134400000,6550248.5
19026,1743138000000,6639668.2
19027,1743141600000,6621076.7
19028,1743145200000,6656911.4
19029,1743148800000,6687177.4
19030,1743152400000,6733808.8
19031,1743156000000,6728421.7
19032,1743159600000,6751261.2
19033,1743163200000,6895715.8
19034,1743166800000,6902045.0
19035,1743170400000,6908599.0
19036,1743174000000,7031873.4
19037,1743177600000,7069104.5
19038,1743181200000,7090803.7
19039,1743184800000,7161853.1
19040,1743188400000,7185119.9
19041,1743192000000,7147206.9
19042,1743195600000,7144954.3
19043,1743199200000,7066577.7
19044,1743202800000,7049204.1
19045,1743206400000,7058545.9
19046,1743210000000,7085487.6
19047,1743213600000,7114327.3
19048,1743217200000,7133677.3
19049,1743220800000,7177025.1
19050,1743224400000,7179388.6
19051,1743228000000,7178961.8
19052,1743231600000,7175520.6
19053,1743235200000,7216365.4
19054,1743238800000,7174873.9
19055,1743242400000,7215856.8
19056,1743246000000,7236542.6
19057,1743249600000,7221141.2
19058,1743253200000,7292895.8
19059,1743256800000,7275126.4
19060,1743260400000,7233263.1
19061,1743264000000,7255342.7
19062,1743267600000,7215399.6
19063,1743271200000,7123566.4
19064,1743274800000,7118469.2
19065,1743278400000,7118542.0
19066,1743282000000,7114325.0
19067,1743285600000,7049887.9
19068,1743289200000,7045601.5
19069,1743292800000,7081287.1
19070,1743296400000,7090310.9
19071,1743300000000,7107936.7
19072,1743303600000,7091220.2
19073,1743307200000,7155767.8
19074,1743310800000,7150842.9
19075,1743314400000,7160466.9
19076,1743318000000,7161677.7
19077,1743321600000,7163234.7
19078,1743325200000,7171266.5
19079,1743328800000,7160852.3
19080,1743332400000,7211723.2
19081,1743336000000,7187706.5
19082,1743339600000,7186986.5
19083,1743343200000,7208254.4
19084,1743346800000,7145254.2
19085,1743350400000,7152335.5
19086,1743354000000,7134005.9
19087,1743357600000,7106587.1
19088,1743361200000,7093507.9
19089,1743364800000,7074038.3
19090,1743368400000,7059391.7
19091,1743372000000,7053852.7
19092,1743375600000,7064754.2
19093,1743379200000,7101987.9
19094,1743382800000,7166570.7
19095,1743386400000,7155642.0
19096,1743390000000,7171011.7
19097,1743393600000,7146738.7
19098,1743397200000,7117113.5
19099,1743400800000,7130488.9
19100,1743404400000,7130792.0
19101,1743408000000,7099894.0
19102,1743411600000,7110161.7
19103,1743415200000,7108627.3
19104,1743418800000,7077903.7
19105,1743422400000,7061625.7
19106,1743426000000,7076208.7
19107,1743429600000,7066777.3
19108,1743433200000,7082185.3
19109,1743436800000,7066978.3
19110,1743440400000,7036518.4
19111,1743444000000,7036324.2
19112,1743447600000,7028632.2
19113,1743451200000,7049313.2
19114,1743454800000,7048741.0
19115,1743458400000,6991074.7
19116,1743462000000,6984997.3
19117,1743465600000,6984926.5
19118,1743469200000,7028840.7
19119,1743472800000,7047319.6
19120,1743476400000,7064040.4
19121,1743480000000,7027149.2
19122,1743483600000,7061599.3
19123,1743487200000,7042067.1
19124,1743490800000,7071190.8
19125,1743494400000,6989302.1
19126,1743498000000,6980866.9
19127,1743501600000,6930502.1
19128,1743505200000,6908114.1
19129,1743508800000,6919181.7
19130,1743512400000,6909310.3
19131,1743516000000,6933481.2
19132,1743519600000,6901909.1
19133,1743523200000,6888095.3
19134,1743526800000,6860426.5
19135,1743530400000,6853898.4
19136,1743534000000,6825530.1
19137,1743537600000,6840014.7
19138,1743541200000,6782252.7
19139,1743544800000,6750826.1
19140,1743548400000,6791005.6
19141,1743552000000,6787465.6
19142,1743555600000,6799371.8
19143,1743559200000,6844977.3
19144,1743562800000,6829587.9
19145,1743566400000,6840252.5
19146,1743570000000,6854213.3
19147,1743573600000,6863508.4
19148,1743577200000,6889713.7
19149,1743580800000,6864645.2
19150,1743584400000,6896843.3
19151,1743588000000,6871149.9
19152,1743591600000,6926136.1
19153,1743595200000,6919706.9
19154,1743598800000,6907200.9
19155,1743602400000,6935644.1
19156,1743606000000,6925534.9
19157,1743609600000,6973254.4
19158,1743613200000,6973966.4
19159,1743616800000,7017476.0
19160,1743620400000,6986480.4
19161,1743624000000,6993072.3
19162,1743627600000,6999339.6
19163,1743631200000,6903949.9
19164,1743634800000,6983196.0
19165,1743638400000,6987680.5
19166,1743642000000,6926853.9
19167,1743645600000,6909048.1
19168,1743649200000,6880903.5
19169,1743652800000,6899717.9
19170,1743656400000,6860466.9
19171,1743660000000,6863473.7
19172,1743663600000,6848137.7
19173,1743667200000,6836106.7
19174,1743670800000,6837040.9
19175,1743674400000,6852559.8
19176,1743678000000,6855272.0
19177,1743681600000,6831412.4
19178,1743685200000,6838988.2
19179,1743688800000,6802426.4
19180,1743692400000,6825594.6
19181,1743696000000,6804515.7
19182,1743699600000,6829112.9
19183,1743703200000,6820918.4
19184,1743706800000,6823508.3
19185,1743710400000,6833964.9
19186,1743714000000,6817999.2
19187,1743717600000,6779479.5
19188,1743721200000,6781614.3
19189,1743724800000,6774055.6
19190,1743728400000,6770837.0
19191,1743732000000,6795915.6
19192,1743735600000,6784162.0
19193,1743739200000,6781465.9
19194,1743742800000,6812603.5
19195,1743746400000,6820325.5
19196,1743750000000,6820055.6
19197,1743753600000,8251807.9
19198,1743757200000,7767844.4
19199,1743760800000,7612990.7
19200,1743764400000,7369602.7
19201,1743768000000,7504194.3
19202,1743771600000,7388370.9
19203,1743775200000,7387723.8
19204,1743778800000,7341469.0
19205,1743782400000,7340685.3
19206,1743786000000,7341981.6
19207,1743789600000,7324260.7
19208,1743793200000,7302307.7
19209,1743796800000,7353101.7
19210,1743800400000,7353339.1
19211,1743804000000,7426065.0
19212,1743807600000,7398632.1
19213,1743811200000,7398591.3
19214,1743814800000,7439197.5
19215,1743818400000,7483771.4
19216,1743822000000,7449214.8
19217,1743825600000,7365607.1
19218,1743829200000,7315908.1
19219,1743832800000,7354698.7
19220,1743836400000,7392965.1
19221,1743840000000,7396497.1
19222,1743843600000,7392641.6
19223,1743847200000,7307491.5
19224,1743850800000,7293277.3
19225,1743854400000,7306956.3
19226,1743858000000,7284608.4
19227,1743861600000,7191123.8
19228,1743865200000,7190114.9
19229,1743868800000,7188703.3
19230,1743872400000,7172362.8
19231,1743876000000,7171800.0
19232,1743879600000,7083721.7
19233,1743883200000,7071372.3
19234,1743886800000,7069761.5
19235,1743890400000,7030170.3
19236,1743894000000,7023782.1
19237,1743897600000,7017707.5
19238,1743901200000,7040289.1
19239,1743904800000,7036926.1
19240,1743908400000,7076303.3
19241,1743912000000,7065751.5
19242,1743915600000,7060964.3
19243,1743919200000,7028907.3
19244,1743922800000,7059769.8
19245,1743926400000,7077002.4
19246,1743930000000,7040116.7
19247,1743933600000,7051992.9
19248,1743937200000,7011944.8
19249,1743940800000,7095467.4
19250,1743944400000,7038487.3
19251,1743948000000,6936004.7
19252,1743951600000,6859660.2
19253,1743955200000,6862567.7
19254,1743958800000,6879287.9
19255,1743962400000,6850794.8
19256,1743966000000,6813840.4
19257,1743969600000,6844192.0
19258,1743973200000,6839636.5
19259,1743976800000,6815691.3
19260,1743980400000,6806505.7
19261,1743984000000,6725404.3
19262,1743987600000,6723320.8
19263,1743991200000,6681097.4
19264,1743994800000,6731502.9
19265,1743998400000,6750709.3
19266,1744002000000,6841291.9
19267,1744005600000,6870128.2
19268,1744009200000,7076217.0
19269,1744012800000,7090992.2
19270,1744016400000,7018167.7
19271,1744020000000,6956498.2
19272,1744023600000,6914462.0
19273,1744027200000,6882368.5
19274,1744030800000,7089825.6
19275,1744034400000,6972000.1
19276,1744038000000,6946388.1
19277,1744041600000,6825566.3
19278,1744045200000,6797197.2
19279,1744048800000,6866219.1
19280,1744052400000,6815511.6
19281,1744056000000,6804695.0
19282,1744059600000,6770900.8
19283,1744063200000,6756568.7
19284,1744066800000,6726207.0
19285,1744070400000,6758005.0
19286,1744074000000,6758319.0
19287,1744077600000,6746430.4
19288,1744081200000,6784183.7
19289,1744084800000,6843434.2
19290,1744088400000,6767799.3
19291,1744092000000,6710111.3
19292,1744095600000,6671430.9
19293,1744099200000,6700726.9
19294,1744102800000,6698509.4
19295,1744106400000,6725493.5
19296,1744110000000,6711783.1
19297,1744113600000,6731017.6
19298,1744117200000,6716430.6
19299,1744120800000,6769282.6
19300,1744124400000,6722639.8
19301,1744128000000,6668290.4
19302,1744131600000,6602702.3
19303,1744135200000,6629327.3
19304,1744138800000,6629286.1
19305,1744142400000,6620668.7
19306,1744146000000,6611518.7
19307,1744149600000,6575343.3
19308,1744153200000,6602698.6
19309,1744156800000,6570275.6
19310,1744160400000,6610181.8
19311,1744164000000,6630603.3
19312,1744167600000,6622891.1
19313,1744171200000,6515912.1
19314,1744174800000,6552761.5
19315,1744178400000,6486843.9
19316,1744182000000,6546022.0
19317,1744185600000,6575570.9
19318,1744189200000,6595220.2
19319,1744192800000,6586224.4
19320,1744196400000,6681856.9
19321,1744200000000,6625661.6
19322,1744203600000,6601938.8
19323,1744207200000,6663748.4
19324,1744210800000,6651570.7
19325,1744214400000,6646411.9
19326,1744218000000,6617729.1
19327,1744221600000,6761519.8
19328,1744225200000,7024617.0
19329,1744228800000,7032390.7
19330,1744232400000,7018539.2
19331,1744236000000,7038503.3
19332,1744239600000,7029785.3
19333,1744243200000,7074913.5
19334,1744246800000,7132481.9
19335,1744250400000,7161983.6
19336,1744254000000,7122899.2
19337,1744257600000,7063770.1
19338,1744261200000,7075185.1
19339,1744264800000,7050158.2
19340,1744268400000,7046668.6
19341,1744272000000,7045062.4
19342,1744275600000,7037235.7
19343,1744279200000,7057532.4
19344,1744282800000,7135489.8
19345,1744286400000,7149720.9
19346,1744290000000,7161862.7
19347,1744293600000,7095009.8
19348,1744297200000,7072715.1
19349,1744300800000,6855038.4
19350,1744304400000,6786323.2
19351,1744308000000,6816593.0
19352,1744311600000,6766129.7
19353,1744315200000,6761587.4
19354,1744318800000,6772394.8
19355,1744322400000,6735369.0
19356,1744326000000,6776232.2
19357,1744329600000,6760486.7
19358,1744333200000,6757102.0
19359,1744336800000,6735994.2
19360,1744340400000,6780919.1
19361,1744344000000,6917184.6
19362,1744347600000,6841584.6
19363,1744351200000,6829635.3
19364,1744354800000,6792581.8
19365,1744358400000,6725223.6
19366,1744362000000,6777618.4
19367,1744365600000,6811156.7
19368,1744369200000,7035651.0
19369,1744372800000,6963631.0
19370,1744376400000,6879508.1
19371,1744380000000,6912691.9
19372,1744383600000,7072218.2
19373,1744387200000,7025057.0
19374,1744390800000,6941117.4
19375,1744394400000,6977835.3
19376,1744398000000,7001138.7
19377,1744401600000,6953923.3
19378,1744405200000,6919233.2
19379,1744408800000,6870221.7
19380,1744412400000,6862782.1
19381,1744416000000,6870657.2
19382,1744419600000,6871793.1
19383,1744423200000,6911978.1
19384,1744426800000,6917809.1
19385,1744430400000,6901336.8
19386,1744434000000,6800720.7
19387,1744437600000,6800646.1
19388,1744441200000,6818877.2
19389,1744444800000,6851765.8
19390,1744448400000,6888752.6
19391,1744452000000,6921468.7
19392,1744455600000,6987179.6
19393,1744459200000,6977179.1
19394,1744462800000,6929679.5
19395,1744466400000,6918786.9
19396,1744470000000,6918202.7
19397,1744473600000,6916754.5
19398,1744477200000,6918612.9
19399,1744480800000,6904900.6
19400,1744484400000,6897276.2
19401,1744488000000,6923046.8
19402,1744491600000,6805590.6
19403,1744495200000,6798029.7
19404,1744498800000,6769597.2
19405,1744502400000,6752873.6
19406,1744506000000,6737367.5
19407,1744509600000,6745896.5
19408,1744513200000,6792871.9
19409,1744516800000,6796206.1
19410,1744520400000,6878245.3
19411,1744524000000,6864305.9
19412,1744527600000,6834769.3
19413,1744531200000,6852070.1
19414,1744534800000,6835577.3
19415,1744538400000,6917726.8
19416,1744542000000,6878582.0
19417,1744545600000,6889588.5
19418,1744549200000,6892948.4
19419,1744552800000,6712171.4
19420,1744556400000,6669764.5
19421,1744560000000,6747109.1
19422,1744563600000,6788191.7
19423,1744567200000,6821671.4
19424,1744570800000,6806133.3
19425,1744574400000,6715390.0
19426,1744578000000,6648868.4
19427,1744581600000,6645456.8
19428,1744585200000,6647460.0
19429,1744588800000,6560775.8
19430,1744592400000,6563323.1
19431,1744596000000,6590688.5
19432,1744599600000,6639962.6
19433,1744603200000,6711844.3
19434,1744606800000,6678178.1
19435,1744610400000,6641704.7
19436,1744614000000,6637040.8
19437,1744617600000,6616543.1
19438,1744621200000,6626336.7
19439,1744624800000,6572060.3
19440,1744628400000,6564344.7
19441,1744632000000,6547637.0
19442,1744635600000,6629532.2
19443,1744639200000,6608380.8
19444,1744642800000,6617634.9
19445,1744646400000,6566299.0
19446,1744650000000,6481705.8
19447,1744653600000,6459752.7
19448,1744657200000,6563506.1
19449,1744660800000,6550969.1
19450,1744664400000,6542960.6
19451,1744668000000,6487641.6
19452,1744671600000,6496818.8
19453,1744675200000,6485714.3
19454,1744678800000,6461078.9
19455,1744682400000,6456621.3
19456,1744686000000,6450777.8
19457,1744689600000,6445924.8
19458,1744693200000,6448439.3
19459,1744696800000,6444525.8
19460,1744700400000,6467878.8
19461,1744704000000,6449072.8
19462,1744707600000,6461151.8
19463,1744711200000,6439476.2
19464,1744714800000,6473248.4
19465,1744718400000,6463025.2
19466,1744722000000,6471030.4
19467,1744725600000,6590348.7
19468,1744729200000,6527317.9
19469,1744732800000,6558390.0
19470,1744736400000,6644977.9
19471,1744740000000,6738064.8
19472,1744743600000,6735428.6
19473,1744747200000,6714111.1
19474,1744750800000,6706621.1
19475,1744754400000,6662718.4
19476,1744758000000,6664330.2
19477,1744761600000,6668738.9
19478,1744765200000,6729363.2
19479,1744768800000,6717583.3
19480,1744772400000,6696817.8
19481,1744776000000,6690808.0
19482,1744779600000,6673973.0
19483,1744783200000,6799218.3
19484,1744786800000,6789603.5
19485,1744790400000,6787990.5
19486,1744794000000,6729261.6
19487,1744797600000,6707944.9
19488,1744801200000,6688316.8
19489,1744804800000,6698918.6
19490,1744808400000,6687219.3
19491,1744812000000,6671149.0
19492,1744815600000,6640075.0
19493,1744819200000,6604723.7
19494,1744822800000,6589057.7
19495,1744826400000,6596906.6
19496,1744830000000,6588130.6
19497,1744833600000,6575398.3
19498,1744837200000,6640304.1
19499,1744840800000,6626131.3
19500,1744844400000,6641010.9
19501,1744848000000,6633935.0
19502,1744851600000,6636656.3
19503,1744855200000,6608115.9
19504,1744858800000,6620353.5
19505,1744862400000,6625958.3
19506,1744866000000,6653465.1
19507,1744869600000,6631847.3
19508,1744873200000,6631725.9
19509,1744876800000,6643883.1
19510,1744880400000,6689993.0
19511,1744884000000,6680535.7
19512,1744887600000,6722929.2
19513,1744891200000,6700547.2
19514,1744894800000,6670087.9
19515,1744898400000,6656266.3
19516,1744902000000,6679782.6
19517,1744905600000,6646419.6
19518,1744909200000,6606197.3
19519,1744912800000,6616486.7
19520,1744916400000,6615890.8
19521,1744920000000,6622553.8
19522,1744923600000,6622342.9
19523,1744927200000,6554861.6
19524,1744930800000,6589794.2
19525,1744934400000,6553434.4
19526,1744938000000,6559685.9
19527,1744941600000,6550155.0
19528,1744945200000,6515912.6
19529,1744948800000,6580762.2
19530,1744952400000,6594006.6
19531,1744956000000,6638238.2
19532,1744959600000,6609046.9
19533,1744963200000,6607582.9
19534,1744966800000,6636105.3
19535,1744970400000,6594386.9
19536,1744974000000,6542655.9
19537,1744977600000,6511755.2
19538,1744981200000,6531677.6
19539,1744984800000,6538331.6
19540,1744988400000,6519197.0
19541,1744992000000,6456875.6
19542,1744995600000,6445695.4
19543,1744999200000,6430569.1
19544,1745002800000,6390551.1
19545,1745006400000,6336067.0
19546,1745010000000,6334257.1
19547,1745013600000,6335329.4
19548,1745017200000,6348570.0
19549,1745020800000,6349491.0
19550,1745024400000,6361689.2
19551,1745028000000,6391267.8
19552,1745031600000,6382845.0
19553,1745035200000,6436391.0
19554,1745038800000,6432232.2
19555,1745042400000,6423260.6
19556,1745046000000,6434616.7
19557,1745049600000,6412288.9
19558,1745053200000,6439957.4
19559,1745056800000,6494181.4
19560,1745060400000,6447872.4
19561,1745064000000,6085844.4
19562,1745067600000,6041180.8
19563,1745071200000,6011570.1
19564,1745074800000,6245818.4
19565,1745078400000,6261464.3
19566,1745082000000,6000686.6
19567,1745085600000,6016757.3
19568,1745089200000,6011227.3
19569,1745092800000,6031248.8
19570,1745096400000,6101689.4
19571,1745100000000,6271571.2
19572,1745103600000,6284702.5
19573,1745107200000,6376337.8
19574,1745110800000,6418084.2
19575,1745114400000,6355604.4
19576,1745118000000,6360871.8
19577,1745121600000,6400809.6
19578,1745125200000,6397607.3
19579,1745128800000,6522008.5
19580,1745132400000,6478312.3
19581,1745136000000,6475494.5
19582,1745139600000,6423041.0
19583,1745143200000,6307101.4
19584,1745146800000,6350657.9
19585,1745150400000,6313146.6
19586,1745154000000,6346334.3
19587,1745157600000,6286661.6
19588,1745161200000,6277102.6
19589,1745164800000,6224707.0
19590,1745168400000,6220472.7
19591,1745172000000,6238622.1
19592,1745175600000,6381466.6
19593,1745179200000,6369251.9
19594,1745182800000,6288061.0
19595,1745186400000,6247388.8
19596,1745190000000,6248298.1
19597,1745193600000,6246155.6
19598,1745197200000,6151013.7
19599,1745200800000,6207192.2
19600,1745204400000,6123448.5
19601,1745208000000,6108432.4
19602,1745211600000,6128662.7
19603,1745215200000,6086455.3
19604,1745218800000,6082824.2
19605,1745222400000,6078787.2
19606,1745226000000,6128995.3
19607,1745229600000,6087357.6
19608,1745233200000,6090705.4
19609,1745236800000,6096147.7
19610,1745240400000,6135103.6
19611,1745244000000,6237262.6
19612,1745247600000,6209874.8
19613,1745251200000,6201234.8
19614,1745254800000,6259612.1
19615,1745258400000,6195302.4
19616,1745262000000,6238412.9
19617,1745265600000,6201435.6
19618,1745269200000,6187509.0
19619,1745272800000,6112626.4
19620,1745276400000,6300683.4
19621,1745280000000,6426951.2
19622,1745283600000,6482751.4
19623,1745287200000,6472204.6
19624,1745290800000,6517542.6
19625,1745294400000,6533963.4
19626,1745298000000,6639669.7
19627,1745301600000,6568799.8
19628,1745305200000,6602408.4
19629,1745308800000,6600855.5
19630,1745312400000,6761347.7
19631,1745316000000,6904114.3
19632,1745319600000,6814618.4
19633,1745323200000,6709882.3
19634,1745326800000,6727396.8
19635,1745330400000,6911579.9
19636,1745334000000,7000798.2
19637,1745337600000,6781487.5
19638,1745341200000,6800288.6
19639,1745344800000,6938924.0
19640,1745348400000,6965140.7
19641,1745352000000,6920874.4
19642,1745355600000,6879107.1
19643,1745359200000,6857681.5
19644,1745362800000,6948198.0
19645,1745366400000,6935101.8
19646,1745370000000,6859554.7
19647,1745373600000,6857042.4
19648,1745377200000,6824803.7
19649,1745380800000,6773821.1
19650,1745384400000,6827545.8
19651,1745388000000,6815555.7
19652,1745391600000,6794856.0
19653,1745395200000,6718183.4
19654,1745398800000,6724858.3
19655,1745402400000,6713148.7
19656,1745406000000,6694074.1
19657,1745409600000,6713500.4
19658,1745413200000,6756850.7
19659,1745416800000,6733837.7
19660,1745420400000,6670035.3
19661,1745424000000,6704227.5
19662,1745427600000,6760616.2
19663,1745431200000,6761569.7
19664,1745434800000,6813518.8
19665,1745438400000,6780272.7
19666,1745442000000,6735324.1
19667,1745445600000,6626103.1
19668,1745449200000,6655223.3
19669,1745452800000,6661113.6
19670,1745456400000,6626613.8
19671,1745460000000,6553023.0
19672,1745463600000,6566703.9
19673,1745467200000,6567902.8
19674,1745470800000,6511122.5
19675,1745474400000,6432026.7
19676,1745478000000,6454731.5
19677,1745481600000,6485761.2
19678,1745485200000,6386947.1
19679,1745488800000,6331267.6
19680,1745492400000,6333964.1
19681,1745496000000,6369934.9
19682,1745499600000,6386119.4
19683,1745503200000,6428583.5
19684,1745506800000,6518345.8
19685,1745510400000,6649947.5
19686,1745514000000,6640423.0
19687,1745517600000,6482681.9
19688,1745521200000,6503576.6
19689,1745524800000,6475129.3
19690,1745528400000,6532243.3
19691,1745532000000,6469225.8
19692,1745535600000,6472064.6
19693,1745539200000,6476270.3
19694,1745542800000,6490825.6
19695,1745546400000,6430258.8
19696,1745550000000,6413528.0
19697,1745553600000,6413443.3
19698,1745557200000,6413695.8
19699,1745560800000,6512150.3
19700,1745564400000,6534020.6
19701,1745568000000,6549392.2
19702,1745571600000,6624817.4
19703,1745575200000,6608531.7
19704,1745578800000,6659663.3
19705,1745582400000,6699421.9
19706,1745586000000,6658592.8
19707,1745589600000,6650061.7
19708,1745593200000,6615678.9
19709,1745596800000,6732709.8
19710,1745600400000,6685845.9
19711,1745604000000,6744314.3
19712,1745607600000,6735206.6
19713,1745611200000,6741071.5
19714,1745614800000,6727691.7
19715,1745618400000,6702380.7
19716,1745622000000,6669871.9
19717,1745625600000,6692094.1
19718,1745629200000,6694320.7
19719,1745632800000,6749821.8
19720,1745636400000,6773452.2
19721,1745640000000,6797639.8
19722,1745643600000,6791289.8
19723,1745647200000,6814709.6
19724,1745650800000,6820407.8
19725,1745654400000,6889482.9
19726,1745658000000,6866767.2
19727,1745661600000,6806643.1
19728,1745665200000,6807384.0
19729,1745668800000,6851272.9
19730,1745672400000,6842710.3
19731,1745676000000,6815889.7
19732,1745679600000,6789233.5
19733,1745683200000,6811232.2
19734,1745686800000,6806074.8
19735,1745690400000,6786158.6
19736,1745694000000,6745882.6
19737,1745697600000,6764516.6
19738,1745701200000,6754083.8
19739,1745704800000,6657347.7
19740,1745708400000,6664901.5
19741,1745712000000,6678422.7
19742,1745715600000,6831817.8
19743,1745719200000,6853934.2
19744,1745722800000,6833179.0
19745,1745726400000,6849764.4
19746,1745730000000,6730908.2
19747,1745733600000,6864669.4
19748,1745737200000,6856858.8
19749,1745740800000,6846810.5
19750,1745744400000,6875310.9
19751,1745748000000,6854860.7
19752,1745751600000,6817296.7
19753,1745755200000,6801635.5
19754,1745758800000,6631993.9
19755,1745762400000,6499314.8
19756,1745766000000,6611700.5
19757,1745769600000,6590975.5
19758,1745773200000,6604977.2
19759,1745776800000,6576094.2
19760,1745780400000,6561737.7
19761,1745784000000,6564864.9
19762,1745787600000,6586460.5
19763,1745791200000,6599850.6
19764,1745794800000,7059686.4
19765,1745798400000,7043679.2
19766,1745802000000,6993771.1
19767,1745805600000,6819554.1
19768,1745809200000,6760049.4
19769,1745812800000,6694665.0
19770,1745816400000,6698371.0
19771,1745820000000,6662871.2
19772,1745823600000,6735766.1
19773,1745827200000,6736888.1
19774,1745830800000,6705752.8
19775,1745834400000,6578019.6
19776,1745838000000,6522761.1
19777,1745841600000,6535022.7
19778,1745845200000,6552808.4
19779,1745848800000,6468081.5
19780,1745852400000,6435692.0
19781,1745856000000,6376453.2
19782,1745859600000,6359492.1
19783,1745863200000,6469827.4
19784,1745866800000,6466580.8
19785,1745870400000,6434302.1
19786,1745874000000,6431577.4
19787,1745877600000,6428889.0
19788,1745881200000,6474573.2
19789,1745884800000,6492875.4
19790,1745888400000,6515122.6
19791,1745892000000,6541606.1
19792,1745895600000,6493557.9
19793,1745899200000,6508540.7
19794,1745902800000,6527160.2
19795,1745906400000,6544215.6
19796,1745910000000,6530171.5
19797,1745913600000,6530581.7
19798,1745917200000,6566191.9
19799,1745920800000,6524131.2
19800,1745924400000,6492083.2
19801,1745928000000,6485772.9
19802,1745931600000,6417128.9
19803,1745935200000,6337762.9
19804,1745938800000,6302477.7
19805,1745942400000,6244591.7
19806,1745946000000,6178289.5
19807,1745949600000,6264086.3
19808,1745953200000,6316727.8
19809,1745956800000,6224309.5
19810,1745960400000,6226567.9
19811,1745964000000,6141560.7
19812,1745967600000,6148125.9
19813,1745971200000,6136543.2
19814,1745974800000,6201991.5
19815,1745978400000,6204179.7
19816,1745982000000,6233311.3
19817,1745985600000,6206828.9
19818,1745989200000,6223424.0
19819,1745992800000,6265132.3
19820,1745996400000,6270594.4
19821,1746000000000,6288193.8
19822,1746003600000,6270345.0
19823,1746007200000,6213166.9
19824,1746010800000,6161120.7
19825,1746014400000,6150748.9
19826,1746018000000,6054814.0
19827,1746021600000,6042546.1
19828,1746025200000,6095731.2
19829,1746028800000,6177641.0
19830,1746032400000,6175325.5
19831,1746036000000,6119670.5
19832,1746039600000,6044658.8
19833,1746043200000,6060689.0
19834,1746046800000,6082390.2
19835,1746050400000,6059631.8
19836,1746054000000,6097753.2
19837,1746057600000,6113174.2
19838,1746061200000,6089345.4
19839,1746064800000,6100577.2
19840,1746068400000,6134258.8
19841,1746072000000,6145931.7
19842,1746075600000,6140812.6
19843,1746079200000,6163908.5
19844,1746082800000,6162390.2
19845,1746086400000,6161101.4
19846,1746090000000,6180487.5
19847,1746093600000,6212312.5
19848,1746097200000,6176527.0
19849,1746100800000,6212332.3
19850,1746104400000,6256551.6
19851,1746108000000,6346612.6
19852,1746111600000,6349500.3
19853,1746115200000,6287341.6
19854,1746118800000,6279220.2
19855,1746122400000,6263476.1
19856,1746126000000,6193429.0
19857,1746129600000,6227123.6
19858,1746133200000,6206138.6
19859,1746136800000,6188603.5
19860,1746140400000,6199321.0
19861,1746144000000,6195213.8
19862,1746147600000,6187932.2
19863,1746151200000,6200926.8
19864,1746154800000,6193214.1
19865,1746158400000,6189362.4
19866,1746162000000,6138052.1
19867,1746165600000,6135538.0
19868,1746169200000,6119589.9
19869,1746172800000,6123998.1
19870,1746176400000,6131742.1
19871,1746180000000,6079726.7
19872,1746183600000,6121350.3
19873,1746187200000,6097983.3
19874,1746190800000,6086218.5
19875,1746194400000,6125782.2
19876,1746198000000,6131769.2
19877,1746201600000,6120257.0
19878,1746205200000,6133911.3
19879,1746208800000,6124484.2
19880,1746212400000,6115572.6
19881,1746216000000,6132810.8
19882,1746219600000,6067781.9
19883,1746223200000,6038288.8
19884,1746226800000,6112282.9
19885,1746230400000,6072414.8
19886,1746234000000,6063195.8
19887,1746237600000,6092548.3
19888,1746241200000,6076689.3
19889,1746244800000,6077911.1
19890,1746248400000,6102843.4
19891,1746252000000,6099311.6
19892,1746255600000,6113136.2
19893,1746259200000,6095364.3
19894,1746262800000,6127721.6
19895,1746266400000,6065774.3
19896,1746270000000,6130939.8
19897,1746273600000,6141436.1
19898,1746277200000,6135031.8
19899,1746280800000,6211013.3
19900,1746284400000,6247180.5
19901,1746288000000,6246508.1
19902,1746291600000,6125922.1
19903,1746295200000,6394353.8
19904,1746298800000,6375180.5
19905,1746302400000,6436093.3
19906,1746306000000,6373837.9
19907,1746309600000,6228454.1
19908,1746313200000,6232297.1
19909,1746316800000,6243171.3
19910,1746320400000,6237754.3
19911,1746324000000,6219738.9
19912,1746327600000,6235524.0
19913,1746331200000,6232173.2
19914,1746334800000,6246152.3
19915,1746338400000,6234411.1
19916,1746342000000,6224560.3
19917,1746345600000,6239542.3
19918,1746349200000,6274570.3
19919,1746352800000,6252311.9
19920,1746356400000,6242529.2
19921,1746360000000,6232422.0
19922,1746363600000,6295428.1
19923,1746367200000,6250918.8
19924,1746370800000,6206870.0
19925,1746374400000,6212261.9
19926,1746378000000,6269660.5
19927,1746381600000,6199577.4
19928,1746385200000,6205833.8
19929,1746388800000,6171945.8
19930,1746392400000,6118981.8
19931,1746396000000,6072319.8
19932,1746399600000,6077853.0
19933,1746403200000,6241397.0
19934,1746406800000,6225484.8
19935,1746410400000,6211037.7
19936,1746414000000,6244027.4
19937,1746417600000,6274906.6
19938,1746421200000,6263609.0
19939,1746424800000,6281733.3
19940,1746428400000,6317981.2
19941,1746432000000,6289347.6
19942,1746435600000,6309116.3
19943,1746439200000,6295843.4
19944,1746442800000,6314608.4
19945,1746446400000,6290223.7
19946,1746450000000,6311217.5
19947,1746453600000,6532235.9
19948,1746457200000,6494943.7
19949,1746460800000,6366135.3
19950,1746464400000,6339157.2
19951,1746468000000,6323726.2
19952,1746471600000,6278444.6
19953,1746475200000,6265909.7
19954,1746478800000,6199738.5
19955,1746482400000,6180722.5
19956,1746486000000,6199568.1
19957,1746489600000,6204235.5
19958,1746493200000,6168800.4
19959,1746496800000,6157028.0
19960,1746500400000,6156066.2
19961,1746504000000,6148778.7
19962,1746507600000,6147138.7
19963,1746511200000,6147110.8
19964,1746514800000,6168060.8
19965,1746518400000,6201643.5
19966,1746522000000,6141115.7
19967,1746525600000,6174474.6
19968,1746529200000,6199951.6
19969,1746532800000,6312455.4
19970,1746536400000,6283232.2
19971,1746540000000,6283704.5
19972,1746543600000,6291695.5
19973,1746547200000,6325280.9
19974,1746550800000,6274539.0
19975,1746554400000,6195007.9
19976,1746558000000,6165414.3
19977,1746561600000,6167496.7
19978,1746565200000,6121314.5
19979,1746568800000,6077523.1
19980,1746572400000,6088192.9
19981,1746576000000,6192009.4
19982,1746579600000,6217457.6
19983,1746583200000,6194172.0
19984,1746586800000,6251994.4
19985,1746590400000,6225507.9
19986,1746594000000,6226235.8
19987,1746597600000,6237928.0
19988,1746601200000,6238038.6
19989,1746604800000,6220151.1
19990,1746608400000,6203370.3
19991,1746612000000,6212177.7
19992,1746615600000,6319931.5
19993,1746619200000,6287460.9
19994,1746622800000,6316566.2
19995,1746626400000,6359910.2
19996,1746630000000,6430316.1
19997,1746633600000,6366872.0
19998,1746637200000,6355088.6
19999,1746640800000,6315333.1
20000,1746644400000,6309995.5
20001,1746648000000,6280732.6
20002,1746651600000,6316026.5
20003,1746655200000,6289874.9
20004,1746658800000,6268325.9
20005,1746662400000,6259274.1
20006,1746666000000,6238238.4
20007,1746669600000,6191391.9
20008,1746673200000,6249267.8
20009,1746676800000,6361097.5
20010,1746680400000,6390496.2
20011,1746684000000,6255230.4
20012,1746687600000,6274326.6
20013,1746691200000,6316702.9
20014,1746694800000,6308807.6
20015,1746698400000,6267662.4
20016,1746702000000,6289702.9
20017,1746705600000,6281438.1
20018,1746709200000,6294971.6
20019,1746712800000,6350723.6
20020,1746716400000,6292630.1
20021,1746720000000,6304562.0
20022,1746723600000,6405936.3
20023,1746727200000,6417523.5
20024,1746730800000,6456144.3
20025,1746734400000,6485811.2
20026,1746738000000,6557424.4
20027,1746741600000,6416547.0
20028,1746745200000,6435515.7
20029,1746748800000,6465793.7
20030,1746752400000,6602609.5
20031,1746756000000,6729566.5
20032,1746759600000,6774142.7
20033,1746763200000,6744245.1
20034,1746766800000,6732714.1
20035,1746770400000,6760593.4
20036,1746774000000,6880940.6
20037,1746777600000,6941014.3
20038,1746781200000,7037555.1
20039,1746784800000,7008408.1
20040,1746788400000,7107040.3
20041,1746792000000,7086785.4
20042,1746795600000,7068371.9
20043,1746799200000,7111233.4
20044,1746802800000,7022596.6
20045,1746806400000,6955379.0
20046,1746810000000,6972031.2
20047,1746813600000,6944135.7
20048,1746817200000,6966133.3
20049,1746820800000,7044118.4
20050,1746824400000,7057933.0
20051,1746828000000,7060061.0
20052,1746831600000,7051957.4
20053,1746835200000,7065583.7
20054,1746838800000,7237090.3
20055,1746842400000,7309946.8
20056,1746846000000,7370856.7
20057,1746849600000,7370382.5
20058,1746853200000,7373553.9
20059,1746856800000,7375046.2
20060,1746860400000,7409961.4
20061,1746864000000,7364149.4
20062,1746867600000,7405638.1
20063,1746871200000,7399079.9
20064,1746874800000,7453600.9
20065,1746878400000,7426308.9
20066,1746882000000,7394561.4
20067,1746885600000,7721126.4
20068,1746889200000,7719427.8
20069,1746892800000,7697988.0
20070,1746896400000,7765527.9
20071,1746900000000,8150828.6
20072,1746903600000,8246705.9
20073,1746907200000,8172260.9
20074,1746910800000,8205762.9
20075,1746914400000,8638855.8
20076,1746918000000,9667017.0
20077,1746921600000,9663161.4
20078,1746925200000,9510581.3
20079,1746928800000,9340874.4
20080,1746932400000,9087419.69999999
20081,1746936000000,9022997.19999999
20082,1746939600000,8991016.9
20083,1746943200000,8972193.4
20084,1746946800000,8971815.6
20085,1746950400000,8728205.6
20086,1746954000000,8768980.3
20087,1746957600000,8746744.9
20088,1746961200000,8752168.8
20089,1746964800000,8744857.9
20090,1746968400000,8773554.8
20091,1746972000000,8693147.3
20092,1746975600000,8677506.1
20093,1746979200000,8619125.6
20094,1746982800000,8602523.6
20095,1746986400000,8943349.19999999
20096,1746990000000,8930680.69999999
20097,1746993600000,8996754.69999999
20098,1746997200000,8988940.9
20099,1747000800000,9017017.19999999
20100,1747004400000,9071380.69999999
20101,1747008000000,9095051.5
20102,1747011600000,9113681.69999999
20103,1747015200000,9069052.9
20104,1747018800000,9345032.19999999
20105,1747022400000,9561216.5
20106,1747026000000,9531739.3
20107,1747029600000,9051005.4
20108,1747033200000,8948396.3
20109,1747036800000,8630791.69999999
20110,1747040400000,8572502.5
20111,1747044000000,8584445.69999999
20112,1747047600000,8609173.0
20113,1747051200000,8622054.6
20114,1747054800000,8679890.19999999
20115,1747058400000,8583844.9
20116,1747062000000,8565213.19999999
20117,1747065600000,8522471.0
20118,1747069200000,8576555.69999999
20119,1747072800000,8569800.1
20120,1747076400000,8078973.2
20121,1747080000000,8016826.8
20122,1747083600000,8005925.2
20123,1747087200000,7999022.1
20124,1747090800000,7982363.3
20125,1747094400000,7966132.7
20126,1747098000000,7942218.6
20127,1747101600000,7956625.9
20128,1747105200000,7927249.4
20129,1747108800000,7933483.4
20130,1747112400000,7928239.3
20131,1747116000000,7908290.2
20132,1747119600000,8186236.8
20133,1747123200000,8165071.4
20134,1747126800000,8180143.1
20135,1747130400000,8062951.7
20136,1747134000000,8114563.6
20137,1747137600000,8373293.1
20138,1747141200000,8433690.19999999
20139,1747144800000,8211886.7
20140,1747148400000,8395603.9
20141,1747152000000,8355858.5
20142,1747155600000,8101683.5
20143,1747159200000,8065934.8
20144,1747162800000,8469913.1
20145,1747166400000,8442601.4
20146,1747170000000,8429367.4
20147,1747173600000,8362119.5
20148,1747177200000,8400439.5
20149,1747180800000,8391275.19999999
20150,1747184400000,8350996.2
20151,1747188000000,8723168.3
20152,1747191600000,8192772.3
20153,1747195200000,8181410.7
20154,1747198800000,8111006.3
20155,1747202400000,8265822.6
20156,1747206000000,8294415.8
20157,1747209600000,8288739.4
20158,1747213200000,8290351.9
20159,1747216800000,8308615.2
20160,1747220400000,8248368.6
20161,1747224000000,8243247.8
20162,1747227600000,8266654.2
20163,1747231200000,8236950.2
20164,1747234800000,8216880.6
20165,1747238400000,8219729.2
20166,1747242000000,8183380.3
20167,1747245600000,8254431.3
20168,1747249200000,8251421.4
20169,1747252800000,8207121.0
20170,1747256400000,8219868.3
20171,1747260000000,8200961.5
20172,1747263600000,8187264.0
20173,1747267200000,8161794.4
20174,1747270800000,8115851.8
20175,1747274400000,8075687.2
20176,1747278000000,8031775.2
20177,1747281600000,8006721.2
20178,1747285200000,8018870.8
20179,1747288800000,8086824.3
20180,1747292400000,8104147.4
20181,1747296000000,8096739.7
20182,1747299600000,7996751.5
20183,1747303200000,8057371.9
20184,1747306800000,8023557.1
20185,1747310400000,8081918.9
20186,1747314000000,8061514.6
20187,1747317600000,8024637.5
20188,1747321200000,8033755.6
20189,1747324800000,7984707.8
20190,1747328400000,7973820.3
20191,1747332000000,7986252.7
20192,1747335600000,7965453.8
20193,1747339200000,7976515.7
20194,1747342800000,8028499.7
20195,1747346400000,7954707.4
20196,1747350000000,7984349.2
20197,1747353600000,7911185.5
20198,1747357200000,7914741.2
20199,1747360800000,7928898.5
20200,1747364400000,7958259.6
20201,1747368000000,7953124.6
20202,1747371600000,7943667.4
20203,1747375200000,7951763.6
20204,1747378800000,7935658.2
20205,1747382400000,7947186.2
20206,1747386000000,7929341.0
20207,1747389600000,7932229.8
20208,1747393200000,7915188.4
20209,1747396800000,7936943.3
20210,1747400400000,7870301.3
20211,1747404000000,7853372.3
20212,1747407600000,7833351.7
20213,1747411200000,7889443.1
20214,1747414800000,7857985.8
20215,1747418400000,7892990.1
20216,1747422000000,7884064.5
20217,1747425600000,7861991.7
20218,1747429200000,7821186.7
20219,1747432800000,7784724.9
20220,1747436400000,7767808.9
20221,1747440000000,7786626.7
20222,1747443600000,7834844.8
20223,1747447200000,7871268.3
20224,1747450800000,7869496.1
20225,1747454400000,7837637.6
20226,1747458000000,7805680.8
20227,1747461600000,7837584.7
20228,1747465200000,7830087.3
20229,1747468800000,7835587.6
20230,1747472400000,7806793.9
20231,1747476000000,7845434.7
20232,1747479600000,7843795.9
20233,1747483200000,7841533.7
20234,1747486800000,7822206.7
20235,1747490400000,8179039.4
20236,1747494000000,8244020.8
20237,1747497600000,8243022.8
20238,1747501200000,8211176.1
20239,1747504800000,8217866.2
20240,1747508400000,8194851.7
20241,1747512000000,8203302.7
20242,1747515600000,8206975.5
20243,1747519200000,8161363.1
20244,1747522800000,8224741.6
20245,1747526400000,8211317.2
20246,1747530000000,8205752.8
20247,1747533600000,8193533.6
20248,1747537200000,8231443.2
20249,1747540800000,8242369.4
20250,1747544400000,8242631.8
20251,1747548000000,8267724.4
20252,1747551600000,8234747.7
20253,1747555200000,8286326.6
20254,1747558800000,8316485.1
20255,1747562400000,8341786.4
20256,1747566000000,8335126.4
20257,1747569600000,8335803.7
20258,1747573200000,8308500.8
20259,1747576800000,8287333.6
20260,1747580400000,8197411.0
20261,1747584000000,8217585.3
20262,1747587600000,8229888.7
20263,1747591200000,8181725.9
20264,1747594800000,7724983.3
20265,1747598400000,7687250.6
20266,1747602000000,7544051.0
20267,1747605600000,7674984.5
20268,1747609200000,7689356.1
20269,1747612800000,7700624.1
20270,1747616400000,7680805.5
20271,1747620000000,7662468.9
20272,1747623600000,7617435.9
20273,1747627200000,7622408.5
20274,1747630800000,7554042.3
20275,1747634400000,7526798.0
20276,1747638000000,7498970.0
20277,1747641600000,7466624.8
20278,1747645200000,7420731.9
20279,1747648800000,7433880.2
20280,1747652400000,7441579.5
20281,1747656000000,7450585.9
20282,1747659600000,7524892.9
20283,1747663200000,7487390.5
20284,1747666800000,7640736.4
20285,1747670400000,7663550.8
20286,1747674000000,7813465.3
20287,1747677600000,7718738.5
20288,1747681200000,7688070.2
20289,1747684800000,7700772.4
20290,1747688400000,7696618.8
20291,1747692000000,7651922.7
20292,1747695600000,7684266.0
20293,1747699200000,7698719.6
20294,1747702800000,7707266.6
20295,1747706400000,7703398.6
20296,1747710000000,7792833.1
20297,1747713600000,7782310.8
20298,1747717200000,7777640.0
20299,1747720800000,7768366.5
20300,1747724400000,7764695.6
20301,1747728000000,7783285.7
20302,1747731600000,7773690.1
20303,1747735200000,7813888.9
20304,1747738800000,7842879.4
20305,1747742400000,7793199.2
20306,1747746000000,7809861.0
20307,1747749600000,7808462.6
20308,1747753200000,7810582.8
20309,1747756800000,7815488.3
20310,1747760400000,7843704.1
20311,1747764000000,7867418.2
20312,1747767600000,7659516.2
20313,1747771200000,7810862.0
20314,1747774800000,7874324.3
20315,1747778400000,7857570.2
20316,1747782000000,7911136.7
20317,1747785600000,7888540.1
20318,1747789200000,7865413.2
20319,1747792800000,7858647.0
20320,1747796400000,7871270.6
20321,1747800000000,7828159.4
20322,1747803600000,7820907.5
20323,1747807200000,7805069.0
20324,1747810800000,7827380.4
20325,1747814400000,7786666.9
20326,1747818000000,7756095.8
20327,1747821600000,7824473.6
20328,1747825200000,7823006.8
20329,1747828800000,7851907.8
20330,1747832400000,7853664.8
20331,1747836000000,7837652.4
20332,1747839600000,7948722.5
20333,1747843200000,7908222.9
20334,1747846800000,7903328.2
20335,1747850400000,8035911.1
20336,1747854000000,8039253.4
20337,1747857600000,8007368.7
20338,1747861200000,7992521.5
20339,1747864800000,7925452.1
20340,1747868400000,7917087.0
20341,1747872000000,7906082.0
20342,1747875600000,7844903.6
20343,1747879200000,7874580.8
20344,1747882800000,7916007.0
20345,1747886400000,7952496.8
20346,1747890000000,7963164.2
20347,1747893600000,7946461.7
20348,1747897200000,7920814.4
20349,1747900800000,7921130.8
20350,1747904400000,7933888.6
20351,1747908000000,7947612.2
20352,1747911600000,7967105.2
20353,1747915200000,8039099.4
20354,1747918800000,8038843.0
20355,1747922400000,8114986.2
20356,1747926000000,8197806.7
20357,1747929600000,8324931.1
20358,1747933200000,8229279.6
20359,1747936800000,8209359.6
20360,1747940400000,8270437.6
20361,1747944000000,8282780.1
20362,1747947600000,8266816.4
20363,1747951200000,8213895.4
20364,1747954800000,8250374.9
20365,1747958400000,8232800.3
20366,1747962000000,8285580.0
20367,1747965600000,8308532.5
20368,1747969200000,8397129.8
20369,1747972800000,8427422.0
20370,1747976400000,8423791.6
20371,1747980000000,8423747.1
20372,1747983600000,8339671.7
20373,1747987200000,8347618.1
20374,1747990800000,8321715.2
20375,1747994400000,8312950.1
20376,1747998000000,8266430.5
20377,1748001600000,8457365.8
20378,1748005200000,8557620.19999999
20379,1748008800000,8555578.0
20380,1748012400000,8584488.5
20381,1748016000000,8640050.9
20382,1748019600000,8654444.69999999
20383,1748023200000,8671358.4
20384,1748026800000,8682185.0
20385,1748030400000,8687799.5
20386,1748034000000,8706142.3
20387,1748037600000,8676783.8
20388,1748041200000,8693256.3
20389,1748044800000,8613536.19999999
20390,1748048400000,8625470.19999999
20391,1748052000000,8602787.6
20392,1748055600000,8573899.1
20393,1748059200000,8584325.5
20394,1748062800000,8585950.19999999
20395,1748066400000,8589431.19999999
20396,1748070000000,8522719.8
20397,1748073600000,8525686.0
20398,1748077200000,8540960.1
20399,1748080800000,8526796.0
20400,1748084400000,8613176.19999999
20401,1748088000000,8637972.19999999
20402,1748091600000,8589969.8
20403,1748095200000,8577827.19999999
20404,1748098800000,8583801.0
20405,1748102400000,8574625.4
20406,1748106000000,8597392.8
20407,1748109600000,8573201.4
20408,1748113200000,8554451.8
20409,1748116800000,8548847.0
20410,1748120400000,8553595.6
20411,1748124000000,8394428.3
20412,1748127600000,8414244.9
20413,1748131200000,8462770.3
20414,1748134800000,8429920.69999999
20415,1748138400000,8432825.0
20416,1748142000000,8407115.4
20417,1748145600000,8424755.6
20418,1748149200000,8402701.0
20419,1748152800000,8399519.4
20420,1748156400000,8409405.6
20421,1748160000000,8413778.6
20422,1748163600000,8271502.2
20423,1748167200000,8302090.1
20424,1748170800000,8276586.2
20425,1748174400000,8399161.8
20426,1748178000000,8383344.8
20427,1748181600000,8388680.0
20428,1748185200000,8389050.8
20429,1748188800000,8338487.9
20430,1748192400000,8335301.3
20431,1748196000000,8410980.19999999
20432,1748199600000,8413562.4
20433,1748203200000,8399378.6
20434,1748206800000,8318512.5
20435,1748210400000,8289282.0
20436,1748214000000,8286619.8
20437,1748217600000,8314977.8
20438,1748221200000,8290391.1
20439,1748224800000,8394876.5
20440,1748228400000,8421701.9
20441,1748232000000,8438640.1
20442,1748235600000,8439092.9
20443,1748239200000,8406183.19999999
20444,1748242800000,8409754.9
20445,1748246400000,8344612.9
20446,1748250000000,8398643.5
20447,1748253600000,8366714.9
20448,1748257200000,8369935.3
20449,1748260800000,8417013.69999999
20450,1748264400000,8380345.3
20451,1748268000000,8376828.7
20452,1748271600000,8376472.2
20453,1748275200000,8388746.69999999
20454,1748278800000,8371773.7
20455,1748282400000,8390706.1
20456,1748286000000,8366332.8
20457,1748289600000,8370266.1
20458,1748293200000,8370692.2
20459,1748296800000,8364851.4
20460,1748300400000,8403169.4
20461,1748304000000,8422305.19999999
20462,1748307600000,8355047.2
20463,1748311200000,8389996.1
20464,1748314800000,8380779.9
20465,1748318400000,8387863.3
20466,1748322000000,8367263.1
20467,1748325600000,8358025.7
20468,1748329200000,8366484.5
20469,1748332800000,8440177.69999999
20470,1748336400000,8444114.0
20471,1748340000000,8445569.19999999
20472,1748343600000,8449577.9
20473,1748347200000,8505973.6
20474,1748350800000,8506594.8
20475,1748354400000,8466562.9
20476,1748358000000,8395419.1
20477,1748361600000,8412899.5
20478,1748365200000,8259585.5
20479,1748368800000,8223417.1
20480,1748372400000,8212890.9
20481,1748376000000,8298071.5
20482,1748379600000,8264508.1
20483,1748383200000,8231798.9
20484,1748386800000,8238012.7
20485,1748390400000,8239253.1
20486,1748394000000,8296644.0
20487,1748397600000,8312781.6
20488,1748401200000,8363177.3
20489,1748404800000,8355092.7
20490,1748408400000,8624981.5
20491,1748412000000,8634043.69999999
20492,1748415600000,8636226.0
20493,1748419200000,8632618.4
20494,1748422800000,8761372.19999999
20495,1748426400000,8745339.0
20496,1748430000000,8622767.8
20497,1748433600000,8689142.8
20498,1748437200000,8865458.8
20499,1748440800000,8797764.19999999
20500,1748444400000,8741310.8
20501,1748448000000,8828151.19999999
20502,1748451600000,8836214.4
20503,1748455200000,8881179.8
20504,1748458800000,8801095.1
20505,1748462400000,8878549.8
20506,1748466000000,8864457.1
20507,1748469600000,8764091.1
20508,1748473200000,8792102.3
20509,1748476800000,8721044.3
20510,1748480400000,8891792.5
20511,1748484000000,8847652.1
20512,1748487600000,8819020.9
20513,1748491200000,8884590.1
20514,1748494800000,8852558.1
20515,1748498400000,8943108.69999999
20516,1748502000000,8945060.5
20517,1748505600000,8949720.3
20518,1748509200000,8957767.0
20519,1748512800000,8934582.69999999
20520,1748516400000,8945684.3
20521,1748520000000,8931904.5
20522,1748523600000,8838550.9
20523,1748527200000,8779030.4
20524,1748530800000,8759538.19999999
20525,1748534400000,8757732.0
20526,1748538000000,8768840.8
20527,1748541600000,8773713.4
20528,1748545200000,8794240.1
20529,1748548800000,8828085.0
20530,1748552400000,8844498.19999999
20531,1748556000000,8794237.0
20532,1748559600000,8784626.1
20533,1748563200000,8765684.3
20534,1748566800000,8889881.0
20535,1748570400000,8756739.69999999
20536,1748574000000,8769035.19999999
20537,1748577600000,8741161.19999999
20538,1748581200000,8753392.6
20539,1748584800000,8722532.0
20540,1748588400000,8690303.4
20541,1748592000000,8715571.8
20542,1748595600000,8701680.8
20543,1748599200000,8721049.19999999
20544,1748602800000,8737661.19999999
20545,1748606400000,8712241.5
20546,1748610000000,8649888.6
20547,1748613600000,8693657.0
20548,1748617200000,8657114.0
20549,1748620800000,8662081.4
20550,1748624400000,8494161.1
20551,1748628000000,8456671.69999999
20552,1748631600000,8496084.3
20553,1748635200000,8524957.5
20554,1748638800000,8626141.0
20555,1748642400000,8515792.0
20556,1748646000000,8531132.0
20557,1748649600000,8501133.19999999
20558,1748653200000,8273876.5
20559,1748656800000,8262024.9
20560,1748660400000,8178183.5
20561,1748664000000,8070167.6
20562,1748667600000,7984430.6
20563,1748671200000,7906514.4
20564,1748674800000,7889555.4
20565,1748678400000,7888490.5
20566,1748682000000,7886775.8
20567,1748685600000,7906760.5
20568,1748689200000,7843438.5
20569,1748692800000,7837457.7
20570,1748696400000,7886065.3
20571,1748700000000,7958803.1
20572,1748703600000,8026338.1
20573,1748707200000,8005120.3
20574,1748710800000,8011637.3
20575,1748714400000,8028851.3
20576,1748718000000,8019445.1
20577,1748721600000,8047859.5
20578,1748725200000,8085776.0
20579,1748728800000,7971187.3
20580,1748732400000,7976222.5
20581,1748736000000,7976830.9
20582,1748739600000,7969239.5
20583,1748743200000,7974145.9
20584,1748746800000,7952966.7
20585,1748750400000,7966142.5
20586,1748754000000,7904711.1
20587,1748757600000,7910821.5
20588,1748761200000,7918723.7
20589,1748764800000,7947793.3
20590,1748768400000,7995763.9
20591,1748772000000,7902597.3
20592,1748775600000,7898019.1
20593,1748779200000,7858489.9
20594,1748782800000,7848995.3
20595,1748786400000,7735247.5
20596,1748790000000,7747174.7
20597,1748793600000,7781153.5
20598,1748797200000,7771813.7
20599,1748800800000,7768815.5
20600,1748804400000,7755595.9
20601,1748808000000,7754762.7
20602,1748811600000,7754418.1
20603,1748815200000,7687759.3
20604,1748818800000,7673543.9
20605,1748822400000,7644942.1
20606,1748826000000,7636758.1
20607,1748829600000,7644910.3
20608,1748833200000,7728769.9
20609,1748836800000,7779947.7
20610,1748840400000,7784742.8
20611,1748844000000,7831795.9
20612,1748847600000,7761748.9
20613,1748851200000,7750906.1
20614,1748854800000,7802568.3
20615,1748858400000,7821030.1
20616,1748862000000,7784337.9
20617,1748865600000,7787274.7
20618,1748869200000,7775434.7
20619,1748872800000,7753668.7
20620,1748876400000,7736704.8
20621,1748880000000,7703232.4
20622,1748883600000,7694371.8
20623,1748887200000,7666224.0
20624,1748890800000,7671041.8
20625,1748894400000,7786991.1
20626,1748898000000,7747869.7
20627,1748901600000,7634385.9
20628,1748905200000,7613098.3
20629,1748908800000,7688466.3
20630,1748912400000,7723594.5
20631,1748916000000,7680532.3
20632,1748919600000,7717873.9
20633,1748923200000,7632903.5
20634,1748926800000,7635854.7
20635,1748930400000,7639364.9
20636,1748934000000,7652088.9
20637,1748937600000,7655084.9
20638,1748941200000,7628522.6
20639,1748944800000,7637683.6
20640,1748948400000,7655504.9
20641,1748952000000,7673821.0
20642,1748955600000,7687262.0
20643,1748959200000,7679183.9
20644,1748962800000,7703072.5
20645,1748966400000,7743012.1
20646,1748970000000,7782131.3
20647,1748973600000,7760360.3
20648,1748977200000,7792794.3
20649,1748980800000,7814500.7
20650,1748984400000,7756587.4
20651,1748988000000,7699635.2
20652,1748991600000,7704047.8
20653,1748995200000,7697182.6
20654,1748998800000,7644933.0
20655,1749002400000,7679665.1
20656,1749006000000,7692621.3
20657,1749009600000,7669797.4
20658,1749013200000,7653973.2
20659,1749016800000,7727799.8
20660,1749020400000,7755615.2
20661,1749024000000,7759126.6
20662,1749027600000,7711507.6
20663,1749031200000,7706984.8
20664,1749034800000,7631075.2
20665,1749038400000,7672064.1
20666,1749042000000,7673606.2
20667,1749045600000,7800851.4
20668,1749049200000,7863463.3
20669,1749052800000,7931420.1
20670,1749056400000,7882556.5
20671,1749060000000,7837329.3
20672,1749063600000,7837985.5
20673,1749067200000,7881721.5
20674,1749070800000,7886211.6
20675,1749074400000,7767687.4
20676,1749078000000,7731848.0
20677,1749081600000,7685186.8
20678,1749085200000,7682643.8
20679,1749088800000,7661080.4
20680,1749092400000,7679285.0
20681,1749096000000,7678985.2
20682,1749099600000,7659789.1
20683,1749103200000,7664207.8
20684,1749106800000,7646681.9
20685,1749110400000,7598885.1
20686,1749114000000,7609281.9
20687,1749117600000,7731971.1
20688,1749121200000,7549981.9
20689,1749124800000,7540162.1
20690,1749128400000,7632821.3
20691,1749132000000,7684672.4
20692,1749135600000,7696233.0
20693,1749139200000,7794799.0
20694,1749142800000,7728032.8
20695,1749146400000,7739772.0
20696,1749150000000,7683594.8
20697,1749153600000,7825174.3
20698,1749157200000,8196075.1
20699,1749160800000,7977551.0
20700,1749164400000,8028964.5
20701,1749168000000,8065358.1
20702,1749171600000,7948417.8
20703,1749175200000,7964449.0
20704,1749178800000,7997241.2
20705,1749182400000,8031195.0
20706,1749186000000,8043839.6
20707,1749189600000,8097501.0
20708,1749193200000,8117327.8
20709,1749196800000,8076610.6
20710,1749200400000,8071114.6
20711,1749204000000,7988530.6
20712,1749207600000,7985980.4
20713,1749211200000,7991819.8
20714,1749214800000,8097710.5
20715,1749218400000,8087728.3
20716,1749222000000,8110551.8
20717,1749225600000,8108323.7
20718,1749229200000,8104838.1
20719,1749232800000,8103072.7
20720,1749236400000,8146382.5
20721,1749240000000,8178767.1
20722,1749243600000,8177188.3
20723,1749247200000,8122265.7
20724,1749250800000,8168269.9
20725,1749254400000,8154681.0
20726,1749258000000,8159212.9
20727,1749261600000,8133434.3
20728,1749265200000,8125744.7
20729,1749268800000,8121423.2
20730,1749272400000,8085572.3
20731,1749276000000,8062378.5
20732,1749279600000,8084463.7
20733,1749283200000,8039240.1
20734,1749286800000,8026046.3
20735,1749290400000,7973460.7
20736,1749294000000,7963749.5
20737,1749297600000,7949461.5
20738,1749301200000,8020175.3
20739,1749304800000,7998709.9
20740,1749308400000,8004364.1
20741,1749312000000,7998737.1
20742,1749315600000,8282843.0
20743,1749319200000,8296893.8
20744,1749322800000,8398054.4
20745,1749326400000,8427373.6
20746,1749330000000,8343675.2
20747,1749333600000,8289878.9
20748,1749337200000,8293767.5
20749,1749340800000,8281110.7
20750,1749344400000,8292474.9
20751,1749348000000,8300195.5
20752,1749351600000,8277971.3
20753,1749355200000,8278934.5
20754,1749358800000,8270747.5
20755,1749362400000,8305773.5
20756,1749366000000,8279131.3
20757,1749369600000,8264527.6
20758,1749373200000,8342335.4
20759,1749376800000,8286762.1
20760,1749380400000,8268486.9
20761,1749384000000,8408214.19999999
20762,1749387600000,8407748.9
20763,1749391200000,8323947.5
20764,1749394800000,8331849.3
20765,1749398400000,8250301.3
20766,1749402000000,8260015.6
20767,1749405600000,8238428.1
20768,1749409200000,8133878.7
20769,1749412800000,8216392.8
20770,1749416400000,8192062.0
20771,1749420000000,8131140.5
20772,1749423600000,8129376.1
20773,1749427200000,8107374.3
20774,1749430800000,8076018.3
20775,1749434400000,8052219.1
20776,1749438000000,8043941.7
20777,1749441600000,8060087.7
20778,1749445200000,8064758.9
20779,1749448800000,8090029.9
20780,1749452400000,8103486.3
20781,1749456000000,8114264.5
20782,1749459600000,8252221.7
20783,1749463200000,8246429.5
20784,1749466800000,8281076.1
20785,1749470400000,8315757.9
20786,1749474000000,8462300.3
20787,1749477600000,8528963.0
20788,1749481200000,8545639.0
20789,1749484800000,8525190.6
20790,1749488400000,8478105.6
20791,1749492000000,8444208.6
20792,1749495600000,8449636.8
20793,1749499200000,8429319.0
20794,1749502800000,8417936.8
20795,1749506400000,8201628.2
20796,1749510000000,8121490.2
20797,1749513600000,8067897.8
20798,1749517200000,7892149.4
20799,1749520800000,7888380.6
20800,1749524400000,7926330.6
20801,1749528000000,7922411.2
20802,1749531600000,7942898.8
20803,1749535200000,7973887.6
20804,1749538800000,7963837.8
20805,1749542400000,7992776.2
20806,1749546000000,7998199.2
20807,1749549600000,7988869.4
20808,1749553200000,7976149.4
20809,1749556800000,7862036.0
20810,1749560400000,7929223.9
20811,1749564000000,8406884.69999999
20812,1749567600000,8375499.5
20813,1749571200000,8326967.5
20814,1749574800000,8204454.5
20815,1749578400000,8180965.4
20816,1749582000000,8174523.1
20817,1749585600000,8115439.7
20818,1749589200000,8081543.1
20819,1749592800000,8037102.1
20820,1749596400000,7933033.9
20821,1749600000000,7899638.7
20822,1749603600000,7869452.1
20823,1749607200000,7898011.9
20824,1749610800000,7886257.7
20825,1749614400000,7891772.9
20826,1749618000000,7899397.7
20827,1749621600000,7909080.9
20828,1749625200000,7926094.9
20829,1749628800000,7911843.9
20830,1749632400000,7967180.7
20831,1749636000000,7922462.7
20832,1749639600000,7920851.9
20833,1749643200000,7933256.7
20834,1749646800000,7989650.1
20835,1749650400000,7969848.7
20836,1749654000000,8031678.6
20837,1749657600000,8053355.5
20838,1749661200000,8015142.3
20839,1749664800000,8008593.1
20840,1749668400000,7963468.4
20841,1749672000000,7934236.8
20842,1749675600000,7887371.4
20843,1749679200000,7745785.3
20844,1749682800000,7802824.2
20845,1749686400000,7817706.9
20846,1749690000000,7856527.0
20847,1749693600000,7842451.8
20848,1749697200000,7874137.4
20849,1749700800000,7845534.4
20850,1749704400000,7792111.4
20851,1749708000000,7786855.2
20852,1749711600000,7772962.6
20853,1749715200000,7794571.8
20854,1749718800000,7807985.2
20855,1749722400000,7804655.8
20856,1749726000000,7765879.2
20857,1749729600000,7747130.6
20858,1749733200000,7718836.6
20859,1749736800000,7710718.0
20860,1749740400000,7705382.3
20861,1749744000000,7774483.0
20862,1749747600000,7797588.3
20863,1749751200000,7814544.5
20864,1749754800000,7812692.1
20865,1749758400000,7839084.3
20866,1749762000000,7686429.7
20867,1749765600000,7537129.7
20868,1749769200000,7539587.4
20869,1749772800000,7556593.0
20870,1749776400000,7718206.8
20871,1749780000000,7709608.3
20872,1749783600000,7681874.0
20873,1749787200000,7740264.7
20874,1749790800000,7755261.3
20875,1749794400000,7778443.8
20876,1749798000000,7734180.7
20877,1749801600000,7764410.1
20878,1749805200000,7748906.1
20879,1749808800000,7658029.1
20880,1749812400000,7713374.4
20881,1749816000000,7720757.4
20882,1749819600000,7779677.2
20883,1749823200000,7743504.4
20884,1749826800000,7712288.0
20885,1749830400000,7684993.2
20886,1749834000000,7627577.0
20887,1749837600000,7608636.1
20888,1749841200000,7579327.8
20889,1749844800000,7573531.7
20890,1749848400000,7570037.1
20891,1749852000000,7518923.1
20892,1749855600000,7681015.8
20893,1749859200000,7748344.5
20894,1749862800000,7762483.6
20895,1749866400000,7726457.4
20896,1749870000000,7658301.8
20897,1749873600000,7654488.6
20898,1749877200000,7638932.6
20899,1749880800000,7606191.4
20900,1749884400000,7662174.2
20901,1749888000000,7689008.8
20902,1749891600000,7704484.3
20903,1749895200000,7697749.9
20904,1749898800000,7688769.7
20905,1749902400000,7665548.7
20906,1749906000000,7646627.1
20907,1749909600000,7704110.3
20908,1749913200000,7754538.7
20909,1749916800000,7767570.7
20910,1749920400000,7770134.8
20911,1749924000000,7789968.0
20912,1749927600000,7825056.8
20913,1749931200000,7907475.4
20914,1749934800000,7780683.2
20915,1749938400000,7704852.6
20916,1749942000000,7663611.8
20917,1749945600000,7696599.4
20918,1749949200000,7714118.0
20919,1749952800000,7710399.5
20920,1749956400000,7707768.1
20921,1749960000000,7731168.5
20922,1749963600000,7720768.7
20923,1749967200000,7728408.1
20924,1749970800000,7828436.7
20925,1749974400000,7855220.5
20926,1749978000000,7917668.2
20927,1749981600000,7917057.2
20928,1749985200000,7926839.8
20929,1749988800000,7939955.8
20930,1749992400000,7908594.2
20931,1749996000000,7906368.0
20932,1749999600000,7917911.8
20933,1750003200000,7896499.6
20934,1750006800000,7917706.8
20935,1750010400000,7898240.4
20936,1750014000000,7896127.4
20937,1750017600000,7897485.0
20938,1750021200000,7885323.0
20939,1750024800000,7822411.8
20940,1750028400000,7852233.1
20941,1750032000000,7846335.9
20942,1750035600000,7840677.1
20943,1750039200000,7912671.5
20944,1750042800000,7820563.0
20945,1750046400000,7770661.3
20946,1750050000000,7712749.5
20947,1750053600000,7709822.6
20948,1750057200000,7685233.5
20949,1750060800000,7672202.2
20950,1750064400000,7777532.0
20951,1750068000000,7816810.4
20952,1750071600000,7788270.2
20953,1750075200000,7764760.2
20954,1750078800000,7666010.6
20955,1750082400000,7585338.6
20956,1750086000000,7603374.2
20957,1750089600000,7687334.2
20958,1750093200000,7674286.0
20959,1750096800000,7674456.8
20960,1750100400000,7629077.5
20961,1750104000000,7590016.9
20962,1750107600000,7632430.6
20963,1750111200000,7640910.9
20964,1750114800000,7622875.7
20965,1750118400000,7555004.4
20966,1750122000000,7559204.4
20967,1750125600000,7540361.2
20968,1750129200000,7564851.9
20969,1750132800000,7585937.7
20970,1750136400000,7533282.3
20971,1750140000000,7553655.1
20972,1750143600000,7614835.0
20973,1750147200000,7615414.6
20974,1750150800000,7669133.1
20975,1750154400000,7628061.1
20976,1750158000000,7685435.3
20977,1750161600000,7684108.5
20978,1750165200000,7668032.5
20979,1750168800000,7683095.9
20980,1750172400000,7715804.4
20981,1750176000000,7775365.7
20982,1750179600000,7817205.5
20983,1750183200000,7754927.9
20984,1750186800000,7716936.1
20985,1750190400000,7700908.2
20986,1750194000000,7803242.3
20987,1750197600000,7728654.5
20988,1750201200000,7671296.9
20989,1750204800000,7662036.3
20990,1750208400000,7646807.5
20991,1750212000000,7682177.7
20992,1750215600000,7704640.3
20993,1750219200000,7704045.5
20994,1750222800000,7717108.5
20995,1750226400000,7796840.1
20996,1750230000000,7772364.0
20997,1750233600000,7767652.0
20998,1750237200000,7678532.0
20999,1750240800000,7765100.0
21000,1750244400000,7435707.4
21001,1750248000000,7343637.0
21002,1750251600000,7370036.8
21003,1750255200000,7455232.0
21004,1750258800000,7349002.1
21005,1750262400000,7395504.3
21006,1750266000000,7366512.7
21007,1750269600000,7419845.5
21008,1750273200000,7400683.7
21009,1750276800000,7430472.5
21010,1750280400000,7468777.3
21011,1750284000000,7479393.9
21012,1750287600000,7410193.9
21013,1750291200000,7442074.5
21014,1750294800000,7458772.1
21015,1750298400000,7444805.1
21016,1750302000000,7418305.7
21017,1750305600000,7415869.5
21018,1750309200000,7406983.5
21019,1750312800000,7443431.1
21020,1750316400000,7379132.1
21021,1750320000000,7383353.3
21022,1750323600000,7364174.9
21023,1750327200000,7360978.8
21024,1750330800000,7357273.2
21025,1750334400000,7358359.6
21026,1750338000000,7393619.4
21027,1750341600000,7376456.5
21028,1750345200000,7356562.0
21029,1750348800000,7419348.0
21030,1750352400000,7619638.5
21031,1750356000000,7577318.5
21032,1750359600000,7595075.7
21033,1750363200000,7573080.1
21034,1750366800000,7676939.9
21035,1750370400000,7557631.0
21036,1750374000000,7563187.9
21037,1750377600000,7585740.1
21038,1750381200000,7612171.7
21039,1750384800000,7606691.3
21040,1750388400000,7564732.9
21041,1750392000000,7549812.9
21042,1750395600000,7534226.7
21043,1750399200000,7568622.5
21044,1750402800000,7549108.7
21045,1750406400000,7549270.8
21046,1750410000000,7564422.2
21047,1750413600000,7537853.0
21048,1750417200000,7597722.6
21049,1750420800000,7622809.6
21050,1750424400000,7719688.2
21051,1750428000000,7673043.0
21052,1750431600000,7650539.2
21053,1750435200000,7763155.8
21054,1750438800000,7766097.0
21055,1750442400000,7824281.9
21056,1750446000000,7950695.3
21057,1750449600000,7913113.3
21058,1750453200000,7851756.7
21059,1750456800000,7791310.1
21060,1750460400000,7756068.5
21061,1750464000000,7770493.9
21062,1750467600000,7750557.5
21063,1750471200000,7745166.7
21064,1750474800000,7698794.3
21065,1750478400000,7686918.1
21066,1750482000000,7708885.9
21067,1750485600000,7697760.9
21068,1750489200000,7774243.3
21069,1750492800000,7734570.3
21070,1750496400000,7734426.7
21071,1750500000000,7743625.3
21072,1750503600000,7718240.3
21073,1750507200000,7665514.9
21074,1750510800000,7731995.1
21075,1750514400000,7697913.1
21076,1750518000000,7699768.6
21077,1750521600000,7619051.1
21078,1750525200000,7606305.0
21079,1750528800000,7675894.7
21080,1750532400000,7665032.7
21081,1750536000000,7629879.0
21082,1750539600000,7663576.4
21083,1750543200000,7525123.9
21084,1750546800000,7628134.1
21085,1750550400000,7569164.3
21086,1750554000000,7488738.5
21087,1750557600000,7448116.9
21088,1750561200000,7505699.6
21089,1750564800000,7533909.2
21090,1750568400000,7490677.5
21091,1750572000000,7478624.8
21092,1750575600000,7402630.7
21093,1750579200000,7434761.4
21094,1750582800000,7443958.0
21095,1750586400000,7711002.2
21096,1750590000000,7696048.2
21097,1750593600000,7715602.8
21098,1750597200000,7708532.6
21099,1750600800000,7720596.0
21100,1750604400000,7755285.3
21101,1750608000000,7745839.3
21102,1750611600000,7776810.4
21103,1750615200000,7671667.1
21104,1750618800000,7620676.3
21105,1750622400000,7644703.6
21106,1750626000000,7806703.1
21107,1750629600000,7613190.2
21108,1750633200000,7534525.7
21109,1750636800000,7513399.9
21110,1750640400000,7473077.1
21111,1750644000000,7488248.9
21112,1750647600000,7538468.9
21113,1750651200000,7553601.1
21114,1750654800000,7566440.2
21115,1750658400000,7530707.1
21116,1750662000000,7557474.7
21117,1750665600000,7544652.5
21118,1750669200000,7615447.1
21119,1750672800000,7687050.7
21120,1750676400000,7651029.1
21121,1750680000000,7618069.1
21122,1750683600000,7634350.2
21123,1750687200000,7550430.5
21124,1750690800000,7538244.4
21125,1750694400000,7587852.3
21126,1750698000000,7407048.2
21127,1750701600000,7422951.3
21128,1750705200000,7473263.9
21129,1750708800000,7514604.2
21130,1750712400000,7382682.1
21131,1750716000000,7308766.4
21132,1750719600000,7324976.7
21133,1750723200000,7347759.7
21134,1750726800000,7319276.5
21135,1750730400000,7324952.9
21136,1750734000000,7311019.9
21137,1750737600000,7288384.2
21138,1750741200000,7313614.3
21139,1750744800000,7297924.7
21140,1750748400000,7420137.9
21141,1750752000000,7253518.1
21142,1750755600000,7165411.5
21143,1750759200000,7173588.6
21144,1750762800000,7203968.8
21145,1750766400000,7178741.5
21146,1750770000000,7207083.9
21147,1750773600000,7181897.1
21148,1750777200000,7199947.5
21149,1750780800000,7286494.9
21150,1750784400000,7332646.8
21151,1750788000000,7382828.2
21152,1750791600000,7295999.4
21153,1750795200000,7244042.5
21154,1750798800000,7222347.5
21155,1750802400000,7243199.6
21156,1750806000000,7289028.0
21157,1750809600000,7298566.8
21158,1750813200000,7343263.2
21159,1750816800000,7394418.1
21160,1750820400000,7316300.9
21161,1750824000000,7311449.5
21162,1750827600000,7287420.9
21163,1750831200000,7297437.9
21164,1750834800000,7316199.3
21165,1750838400000,7300817.9
21166,1750842000000,7293621.5
21167,1750845600000,7293241.3
21168,1750849200000,7366569.7
21169,1750852800000,7535936.5
21170,1750856400000,7450649.3
21171,1750860000000,7480990.1
21172,1750863600000,7441984.8
21173,1750867200000,7379430.0
21174,1750870800000,7352963.2
21175,1750874400000,7344045.2
21176,1750878000000,7358520.8
21177,1750881600000,7323227.5
21178,1750885200000,7308192.0
21179,1750888800000,7277331.6
21180,1750892400000,7298633.0
21181,1750896000000,7294822.0
21182,1750899600000,7256970.6
21183,1750903200000,7219960.0
21184,1750906800000,7240196.3
21185,1750910400000,7187902.9
21186,1750914000000,7195011.5
21187,1750917600000,7212026.9
21188,1750921200000,7230124.1
21189,1750924800000,7246426.9
21190,1750928400000,7254512.4
21191,1750932000000,7328599.5
21192,1750935600000,7375243.9
21193,1750939200000,7398275.3
21194,1750942800000,7393517.9
21195,1750946400000,7551052.5
21196,1750950000000,7545141.6
21197,1750953600000,7585599.1
21198,1750957200000,7579861.2
21199,1750960800000,7625682.1
21200,1750964400000,7651408.5
21201,1750968000000,7660439.1
21202,1750971600000,7591737.3
21203,1750975200000,7510341.9
21204,1750978800000,7592836.7
21205,1750982400000,7638841.7
21206,1750986000000,7581602.4
21207,1750989600000,7637998.0
21208,1750993200000,7654793.8
21209,1750996800000,7668419.8
21210,1751000400000,7690201.6
21211,1751004000000,7655970.4
21212,1751007600000,7726677.6
21213,1751011200000,7679087.8
21214,1751014800000,7656946.6
21215,1751018400000,7648202.0
21216,1751022000000,7683658.0
21217,1751025600000,7703935.4
21218,1751029200000,7589906.3
21219,1751032800000,7620337.5
21220,1751036400000,7603651.1
21221,1751040000000,7641074.7
21222,1751043600000,7726264.4
21223,1751047200000,7689705.6
21224,1751050800000,7671073.2
21225,1751054400000,7677813.8
21226,1751058000000,7674825.8
21227,1751061600000,7673067.1
21228,1751065200000,7654821.1
21229,1751068800000,7702360.5
21230,1751072400000,7680363.3
21231,1751076000000,7655485.9
21232,1751079600000,7674938.0
21233,1751083200000,7687508.2
21234,1751086800000,7693135.9
21235,1751090400000,7701536.3
21236,1751094000000,7698273.9
21237,1751097600000,7723412.7
21238,1751101200000,7731450.5
21239,1751104800000,7768412.7
21240,1751108400000,7759130.3
21241,1751112000000,7769981.1
21242,1751115600000,7762225.3
21243,1751119200000,7740241.1
21244,1751122800000,7738095.5
21245,1751126400000,7702284.9
21246,1751130000000,7656172.5
21247,1751133600000,7637453.5
21248,1751137200000,7655325.6
21249,1751140800000,7713213.7
21250,1751144400000,7669366.1
21251,1751148000000,7710852.1
21252,1751151600000,7733306.5
21253,1751155200000,7703822.3
21254,1751158800000,7687925.5
21255,1751162400000,7695112.2
21256,1751166000000,7668336.9
21257,1751169600000,7653682.8
21258,1751173200000,7636968.4
21259,1751176800000,7620757.2
21260,1751180400000,7606169.4
21261,1751184000000,7635470.8
21262,1751187600000,7658164.0
21263,1751191200000,7643586.2
21264,1751194800000,7635895.8
21265,1751198400000,7670935.2
21266,1751202000000,7652214.2
21267,1751205600000,7672437.2
21268,1751209200000,7672258.2
21269,1751212800000,7664834.2
21270,1751216400000,7626328.0
21271,1751220000000,7629470.9
21272,1751223600000,7697144.2
21273,1751227200000,7662467.8
21274,1751230800000,7631563.2
21275,1751234400000,7579181.0
21276,1751238000000,7626686.2
21277,1751241600000,7635638.8
21278,1751245200000,7621027.6
21279,1751248800000,7617056.3
21280,1751252400000,7585139.4
21281,1751256000000,7642552.8
21282,1751259600000,7646342.0
21283,1751263200000,7646457.6
21284,1751266800000,7685052.2
21285,1751270400000,7656427.0
21286,1751274000000,7631685.0
21287,1751277600000,7646271.0
21288,1751281200000,7647844.8
21289,1751284800000,7602926.8
21290,1751288400000,7611356.8
21291,1751292000000,7572229.0
21292,1751295600000,7502750.7
21293,1751299200000,7566057.6
21294,1751302800000,7605564.0
21295,1751306400000,7649158.5
21296,1751310000000,7664451.3
21297,1751313600000,7732364.7
21298,1751317200000,7717611.9
21299,1751320800000,7653975.3
21300,1751324400000,7619162.7
21301,1751328000000,7617855.9
21302,1751331600000,7677806.9
21303,1751335200000,7647271.7
21304,1751338800000,7618481.5
21305,1751342400000,7572088.9
21306,1751346000000,7582842.1
21307,1751349600000,7578589.5
21308,1751353200000,7542480.9
21309,1751356800000,7532370.5
21310,1751360400000,7520394.9
21311,1751364000000,7493971.1
21312,1751367600000,7454473.3
21313,1751371200000,7521134.0
21314,1751374800000,7485555.6
21315,1751378400000,7457582.6
21316,1751382000000,7434330.8
21317,1751385600000,7427366.4
21318,1751389200000,7424043.6
21319,1751392800000,7370117.0
21320,1751396400000,7371712.9
21321,1751400000000,7372392.3
21322,1751403600000,7459564.3
21323,1751407200000,7465137.5
21324,1751410800000,7485163.1
21325,1751414400000,7488066.3
21326,1751418000000,7474156.3
21327,1751421600000,7511173.6
21328,1751425200000,7499187.2
21329,1751428800000,7484479.2
21330,1751432400000,7494840.0
21331,1751436000000,7530228.2
21332,1751439600000,7538424.4
21333,1751443200000,7512222.6
21334,1751446800000,7523584.7
21335,1751450400000,7537163.4
21336,1751454000000,7577251.6
21337,1751457600000,7574944.0
21338,1751461200000,7574414.8
21339,1751464800000,7595232.4
21340,1751468400000,7786642.2
21341,1751472000000,7761253.1
21342,1751475600000,7503819.2
21343,1751479200000,7523887.8
21344,1751482800000,7459186.5
21345,1751486400000,7398861.1
21346,1751490000000,7386978.1
21347,1751493600000,7274926.2
21348,1751497200000,7287961.8
21349,1751500800000,7332078.4
21350,1751504400000,7359256.0
21351,1751508000000,7369846.0
21352,1751511600000,7390104.0
21353,1751515200000,7414550.2
21354,1751518800000,7483863.4
21355,1751522400000,7454204.9
21356,1751526000000,7495007.6
21357,1751529600000,7452321.0
21358,1751533200000,7456709.0
21359,1751536800000,7428715.8
21360,1751540400000,7449271.2
21361,1751544000000,7465341.0
21362,1751547600000,7522228.3
21363,1751551200000,7500445.7
21364,1751554800000,7512866.1
21365,1751558400000,7540747.2
21366,1751562000000,7552046.7
21367,1751565600000,7542782.3
21368,1751569200000,7554763.1
21369,1751572800000,7582397.3
21370,1751576400000,7578180.9
21371,1751580000000,7527299.1
21372,1751583600000,7498553.3
21373,1751587200000,7512345.9
21374,1751590800000,7534029.7
21375,1751594400000,7533098.9
21376,1751598000000,7512727.7
21377,1751601600000,7514384.3
21378,1751605200000,7523431.9
21379,1751608800000,7527323.3
21380,1751612400000,7599913.5
21381,1751616000000,7729065.3
21382,1751619600000,7787691.3
21383,1751623200000,7749878.1
21384,1751626800000,7753256.1
21385,1751630400000,7769439.1
21386,1751634000000,7752846.5
21387,1751637600000,7740648.4
21388,1751641200000,7702768.0
21389,1751644800000,7738845.5
21390,1751648400000,7724906.3
21391,1751652000000,7760440.5
21392,1751655600000,7803285.7
21393,1751659200000,7799776.5
21394,1751662800000,7919517.1
21395,1751666400000,7818655.9
21396,1751670000000,7818006.9
21397,1751673600000,7812927.7
21398,1751677200000,7813981.3
21399,1751680800000,7849196.5
21400,1751684400000,7842455.1
21401,1751688000000,7860690.1
21402,1751691600000,7846851.3
21403,1751695200000,7849692.1
21404,1751698800000,7821404.7
21405,1751702400000,7884002.7
21406,1751706000000,7910548.1
21407,1751709600000,7859390.9
21408,1751713200000,7868513.1
21409,1751716800000,7877154.9
21410,1751720400000,7884705.3
21411,1751724000000,7888457.1
21412,1751727600000,7860035.1
21413,1751731200000,7844531.3
21414,1751734800000,7849288.7
21415,1751738400000,7814265.0
21416,1751742000000,7801428.1
21417,1751745600000,7786869.9
21418,1751749200000,7778853.7
21419,1751752800000,7696638.4
21420,1751756400000,7682971.6
21421,1751760000000,7698838.8
21422,1751763600000,7734526.8
21423,1751767200000,7712764.8
21424,1751770800000,7719170.6
21425,1751774400000,7696832.2
21426,1751778000000,7719848.8
21427,1751781600000,7751418.8
21428,1751785200000,7769597.8
21429,1751788800000,7762100.6
21430,1751792400000,7782244.2
21431,1751796000000,7789671.4
21432,1751799600000,7772272.4
21433,1751803200000,7783960.0
21434,1751806800000,7790923.6
21435,1751810400000,7867017.6
21436,1751814000000,7858338.0
21437,1751817600000,7859717.8
21438,1751821200000,7823191.6
21439,1751824800000,7812142.0
21440,1751828400000,7823160.0
21441,1751832000000,7827380.6
21442,1751835600000,7832300.4
21443,1751839200000,7768344.8
21444,1751842800000,7857672.0
21445,1751846400000,7974793.7
21446,1751850000000,7971041.7
21447,1751853600000,7955669.9
21448,1751857200000,7908762.2
21449,1751860800000,7917579.0
21450,1751864400000,7911958.6
21451,1751868000000,7917060.2
21452,1751871600000,7902502.2
21453,1751875200000,7880552.6
21454,1751878800000,7853234.6
21455,1751882400000,7858208.4
21456,1751886000000,7865325.2
21457,1751889600000,7968588.2
21458,1751893200000,7976020.6
21459,1751896800000,7973935.3
21460,1751900400000,7816921.3
21461,1751904000000,7803264.5
21462,1751907600000,7788471.5
21463,1751911200000,7798233.4
21464,1751914800000,7763453.6
21465,1751918400000,7752374.0
21466,1751922000000,7746021.9
21467,1751925600000,7726302.1
21468,1751929200000,7683284.1
21469,1751932800000,7694030.5
21470,1751936400000,7734343.7
21471,1751940000000,7732554.7
21472,1751943600000,7751436.5
21473,1751947200000,7773666.9
21474,1751950800000,7773725.3
21475,1751954400000,7822070.1
21476,1751958000000,7819466.1
21477,1751961600000,7788427.5
21478,1751965200000,7782086.5
21479,1751968800000,7898183.8
21480,1751972400000,7922012.7
21481,1751976000000,7951508.8
21482,1751979600000,7902008.2
21483,1751983200000,7882352.2
21484,1751986800000,7837656.0
21485,1751990400000,7627762.2
21486,1751994000000,7580032.4
21487,1751997600000,8027909.0
21488,1752001200000,7995134.0
21489,1752004800000,7933764.8
21490,1752008400000,7838484.2
21491,1752012000000,7940335.8
21492,1752015600000,7818231.2
21493,1752019200000,7811010.2
21494,1752022800000,7833650.0
21495,1752026400000,7763831.7
21496,1752030000000,7779737.3
21497,1752033600000,7747166.9
21498,1752037200000,7742420.5
21499,1752040800000,7882443.9
21500,1752044400000,7898907.7
21501,1752048000000,7898225.3
21502,1752051600000,7987442.3
21503,1752055200000,7923264.4
21504,1752058800000,7953922.0
21505,1752062400000,7972034.3
21506,1752066000000,8022017.3
21507,1752069600000,7919353.1
21508,1752073200000,7918823.4
21509,1752076800000,7920540.2
21510,1752080400000,8112234.8
21511,1752084000000,8103212.8
21512,1752087600000,8320926.9
21513,1752091200000,8172175.2
21514,1752094800000,8405739.69999999
21515,1752098400000,8233652.3
21516,1752102000000,8203374.7
21517,1752105600000,8229338.7
21518,1752109200000,8249986.1
21519,1752112800000,8245845.1
21520,1752116400000,8248312.3
21521,1752120000000,8352279.6
21522,1752123600000,8355833.4
21523,1752127200000,8337188.8
21524,1752130800000,8374551.8
21525,1752134400000,8465465.1
21526,1752138000000,8533174.69999999
21527,1752141600000,8615607.3
21528,1752145200000,8667912.3
21529,1752148800000,8709832.8
21530,1752152400000,8955362.8
21531,1752156000000,8986515.6
21532,1752159600000,8940131.0
21533,1752163200000,8940800.4
21534,1752166800000,9024150.19999999
21535,1752170400000,8967349.8
21536,1752174000000,8931065.19999999
21537,1752177600000,8897570.4
21538,1752181200000,8943654.5
21539,1752184800000,8836438.0
21540,1752188400000,8919825.19999999
21541,1752192000000,9061235.6
21542,1752195600000,9066225.9
21543,1752199200000,9054225.3
21544,1752202800000,9047909.3
21545,1752206400000,9075103.1
21546,1752210000000,9043118.5
21547,1752213600000,8850116.5
21548,1752217200000,8906175.5
21549,1752220800000,8875710.19999999
21550,1752224400000,8853943.0
21551,1752228000000,8888231.8
21552,1752231600000,8858855.19999999
21553,1752235200000,8824669.8
21554,1752238800000,8808869.8
21555,1752242400000,8760870.1
21556,1752246000000,8758795.9
21557,1752249600000,8601062.9
21558,1752253200000,8598773.6
21559,1752256800000,8558903.19999999
21560,1752260400000,8546615.6
21561,1752264000000,8548666.8
21562,1752267600000,8781265.5
21563,1752271200000,8522485.8
21564,1752274800000,8727011.0
21565,1752278400000,8728832.8
21566,1752282000000,8703331.4
21567,1752285600000,8704844.8
21568,1752289200000,8735125.5
21569,1752292800000,8707769.0
21570,1752296400000,8750228.3
21571,1752300000000,8730343.5
21572,1752303600000,8710621.5
21573,1752307200000,8745508.4
21574,1752310800000,8938432.19999999
21575,1752314400000,8974964.6
21576,1752318000000,8964579.4
21577,1752321600000,8930047.19999999
21578,1752325200000,8893407.5
21579,1752328800000,8772865.3
21580,1752332400000,8649376.9
21581,1752336000000,8540694.8
21582,1752339600000,8479668.8
21583,1752343200000,8469907.6
21584,1752346800000,8460207.0
21585,1752350400000,8474828.8
21586,1752354000000,8484459.0
21587,1752357600000,8432513.8
21588,1752361200000,8437568.19999999
21589,1752364800000,8527941.1
21590,1752368400000,8571321.5
21591,1752372000000,8560510.9
21592,1752375600000,8553201.3
21593,1752379200000,8534352.69999999
21594,1752382800000,8538385.3
21595,1752386400000,8504584.69999999
21596,1752390000000,8581595.9
21597,1752393600000,8585047.3
21598,1752397200000,8544909.9
21599,1752400800000,8493226.69999999
21600,1752404400000,8461200.9
21601,1752408000000,8538752.1
21602,1752411600000,8571536.1
21603,1752415200000,8600078.69999999
21604,1752418800000,8598972.19999999
21605,1752422400000,8737988.19999999
21606,1752426000000,8726952.8
21607,1752429600000,8692323.4
21608,1752433200000,8676629.6
21609,1752436800000,8683019.6
21610,1752440400000,8680323.6
21611,1752444000000,8637406.5
21612,1752447600000,8600562.69999999
21613,1752451200000,8654649.3
21614,1752454800000,8615475.5
21615,1752458400000,8539045.3
21616,1752462000000,8326726.4
21617,1752465600000,8583730.6
21618,1752469200000,8596331.0
21619,1752472800000,8487651.4
21620,1752476400000,8226996.9
21621,1752480000000,8262778.5
21622,1752483600000,8325392.7
21623,1752487200000,8293092.2
21624,1752490800000,8251173.6
21625,1752494400000,8312895.0
21626,1752498000000,8309688.2
21627,1752501600000,8283701.6
21628,1752505200000,8277821.2
21629,1752508800000,8310894.2
21630,1752512400000,8315027.6
21631,1752516000000,8332603.2
21632,1752519600000,8382193.3
21633,1752523200000,8332995.7
21634,1752526800000,8298159.1
21635,1752530400000,8228142.9
21636,1752534000000,8212499.1
21637,1752537600000,8214213.9
21638,1752541200000,8245532.9
21639,1752544800000,8299241.9
21640,1752548400000,8297671.3
21641,1752552000000,8306394.8
21642,1752555600000,8318997.6
21643,1752559200000,8344107.4
21644,1752562800000,8387734.2
21645,1752566400000,8385588.0
21646,1752570000000,8329361.2
21647,1752573600000,8330909.5
21648,1752577200000,8307169.7
21649,1752580800000,8308808.1
21650,1752584400000,8310652.6
21651,1752588000000,8375676.7
21652,1752591600000,8417319.8
21653,1752595200000,8452997.3
21654,1752598800000,8379111.9
21655,1752602400000,8436233.3
21656,1752606000000,8337180.0
21657,1752609600000,8295273.1
21658,1752613200000,8244459.6
21659,1752616800000,8276188.0
21660,1752620400000,8280985.8
21661,1752624000000,8359606.6
21662,1752627600000,8332686.8
21663,1752631200000,8361286.2
21664,1752634800000,8376769.6
21665,1752638400000,8363515.0
21666,1752642000000,8370721.0
21667,1752645600000,8388757.6
21668,1752649200000,8347724.5
21669,1752652800000,8390735.9
21670,1752656400000,8415373.9
21671,1752660000000,8507436.4
21672,1752663600000,8479367.69999999
21673,1752667200000,8481474.6
21674,1752670800000,8587860.8
21675,1752674400000,8533699.6
21676,1752678000000,8594213.9
21677,1752681600000,8536187.6
21678,1752685200000,8582492.9
21679,1752688800000,8660615.69999999
21680,1752692400000,8724222.4
21681,1752696000000,8697978.3
21682,1752699600000,8920849.6
21683,1752703200000,8838835.5
21684,1752706800000,8902577.5
21685,1752710400000,8779973.9
21686,1752714000000,8825807.3
21687,1752717600000,8804727.8
21688,1752721200000,8814925.19999999
21689,1752724800000,8795601.69999999
21690,1752728400000,8807028.9
21691,1752732000000,8829250.5
21692,1752735600000,8977223.4
21693,1752739200000,8948393.8
21694,1752742800000,8930271.0
21695,1752746400000,9216209.8
21696,1752750000000,9221521.6
21697,1752753600000,9254752.4
21698,1752757200000,9246148.19999999
21699,1752760800000,9119845.19999999
21700,1752764400000,9143475.6
21701,1752768000000,9115492.6
21702,1752771600000,9096980.5
21703,1752775200000,9136762.8
21704,1752778800000,9133215.6
21705,1752782400000,9143499.0
21706,1752786000000,9027913.8
21707,1752789600000,9069673.8
21708,1752793200000,9114518.4
21709,1752796800000,9086158.5
21710,1752800400000,9103593.69999999
21711,1752804000000,9084231.6
21712,1752807600000,9138425.4
21713,1752811200000,9121119.0
21714,1752814800000,9144939.19999999
21715,1752818400000,9196627.6
21716,1752822000000,9054118.1
21717,1752825600000,9164100.5
21718,1752829200000,9194218.5
21719,1752832800000,9250374.1
21720,1752836400000,9228141.0
21721,1752840000000,9212323.6
21722,1752843600000,9379058.8
21723,1752847200000,9377315.5
21724,1752850800000,9319449.0
21725,1752854400000,9267262.3
21726,1752858000000,9137165.3
21727,1752861600000,9101299.1
21728,1752865200000,9066540.1
21729,1752868800000,9049824.3
21730,1752872400000,9051862.0
21731,1752876000000,9004750.5
21732,1752879600000,9017021.19999999
21733,1752883200000,9085807.8
21734,1752886800000,9099554.5
21735,1752890400000,9162254.1
21736,1752894000000,9173199.69999999
21737,1752897600000,9165958.8
21738,1752901200000,9166980.0
21739,1752904800000,9158019.19999999
21740,1752908400000,9181443.0
21741,1752912000000,9163633.6
21742,1752915600000,9106826.19999999
21743,1752919200000,9149186.0
21744,1752922800000,9165860.5
21745,1752926400000,9180863.3
21746,1752930000000,9161582.69999999
21747,1752933600000,9168271.5
21748,1752937200000,9171738.1
21749,1752940800000,9168110.6
21750,1752944400000,9224107.8
21751,1752948000000,9284407.4
21752,1752951600000,9243261.1
21753,1752955200000,9095025.1
21754,1752958800000,9191263.19999999
21755,1752962400000,9125935.19999999
21756,1752966000000,9156979.6
21757,1752969600000,9123890.8
21758,1752973200000,9126462.69999999
21759,1752976800000,9160052.19999999
21760,1752980400000,9182487.9
21761,1752984000000,9220228.6
21762,1752987600000,9158062.5
21763,1752991200000,9232454.19999999
21764,1752994800000,9359041.6
21765,1752998400000,9364288.8
21766,1753002000000,9372854.4
21767,1753005600000,9507175.8
21768,1753009200000,9549926.9
21769,1753012800000,9639427.69999999
21770,1753016400000,9572932.8
21771,1753020000000,9615808.8
21772,1753023600000,9633836.5
21773,1753027200000,9849261.0
21774,1753030800000,9768734.8
21775,1753034400000,9879691.3
21776,1753038000000,9804375.4
21777,1753041600000,9804404.5
21778,1753045200000,9772295.9
21779,1753048800000,9780809.8
21780,1753052400000,9580956.3
21781,1753056000000,9547236.3
21782,1753059600000,9553779.8
21783,1753063200000,9537790.1
21784,1753066800000,9524148.8
21785,1753070400000,9550589.5
21786,1753074000000,9589678.1
21787,1753077600000,9529674.0
21788,1753081200000,9647140.9
21789,1753084800000,9463439.9
21790,1753088400000,9563366.8
21791,1753092000000,9510074.6
21792,1753095600000,9432607.5
21793,1753099200000,9427868.19999999
21794,1753102800000,9360547.4
21795,1753106400000,9351363.19999999
21796,1753110000000,9382481.8
21797,1753113600000,9331469.19999999
21798,1753117200000,9320104.19999999
21799,1753120800000,9272898.8
21800,1753124400000,9226473.4
21801,1753128000000,9220853.5
21802,1753131600000,9250450.8
21803,1753135200000,9236488.5
21804,1753138800000,9242047.4
21805,1753142400000,9301642.19999999
21806,1753146000000,9256644.19999999
21807,1753149600000,9355972.6
21808,1753153200000,9218753.4
21809,1753156800000,9189745.6
21810,1753160400000,9283133.0
21811,1753164000000,9316423.8
21812,1753167600000,9258588.19999999
21813,1753171200000,9196131.0
21814,1753174800000,9132715.0
21815,1753178400000,9109955.6
21816,1753182000000,9176422.0
21817,1753185600000,9168901.19999999
21818,1753189200000,9139899.19999999
21819,1753192800000,9123330.3
21820,1753196400000,9039377.19999999
21821,1753200000000,9145003.19999999
21822,1753203600000,9077289.6
21823,1753207200000,9055529.4
21824,1753210800000,8979975.19999999
21825,1753214400000,8948729.4
21826,1753218000000,9046738.6
21827,1753221600000,8984588.19999999
21828,1753225200000,8981658.4
21829,1753228800000,9035712.6
21830,1753232400000,8998298.4
21831,1753236000000,8973150.4
21832,1753239600000,8993654.19999999
21833,1753243200000,8998777.1
21834,1753246800000,8998974.4
21835,1753250400000,8947154.4
21836,1753254000000,8948867.19999999
21837,1753257600000,8929749.1
21838,1753261200000,8904440.8
21839,1753264800000,8864168.9
21840,1753268400000,8901514.8
21841,1753272000000,8890783.6
21842,1753275600000,8891894.19999999
21843,1753279200000,8694172.19999999
21844,1753282800000,8798057.19999999
21845,1753286400000,8750140.6
21846,1753290000000,8730789.6
21847,1753293600000,8678887.4
21848,1753297200000,8695928.6
21849,1753300800000,8694591.4
21850,1753304400000,8659911.8
21851,1753308000000,8525532.8
21852,1753311600000,8557577.0
21853,1753315200000,8567548.0
21854,1753318800000,8621272.19999999
21855,1753322400000,8622501.4
21856,1753326000000,8590900.5
21857,1753329600000,8630232.4
21858,1753333200000,8646507.4
21859,1753336800000,8542784.6
21860,1753340400000,8630144.6
21861,1753344000000,8635896.4
21862,1753347600000,8498001.6
21863,1753351200000,8421439.6
21864,1753354800000,8357412.8
21865,1753358400000,8304007.2
21866,1753362000000,8260486.4
21867,1753365600000,8243871.2
21868,1753369200000,8233211.2
21869,1753372800000,8247849.0
21870,1753376400000,8251106.6
21871,1753380000000,8280457.4
21872,1753383600000,8269923.2
21873,1753387200000,8634859.19999999
21874,1753390800000,8619428.4
21875,1753394400000,8553584.4
21876,1753398000000,8458283.4
21877,1753401600000,8479059.9
21878,1753405200000,8324754.4
21879,1753408800000,8296341.2
21880,1753412400000,8301073.0
21881,1753416000000,8304338.6
21882,1753419600000,8322681.8
21883,1753423200000,8379114.2
21884,1753426800000,8473466.6
21885,1753430400000,8497515.4
21886,1753434000000,8460827.6
21887,1753437600000,8469460.4
21888,1753441200000,8432135.0
21889,1753444800000,8440432.4
21890,1753448400000,8488687.8
21891,1753452000000,8473480.4
21892,1753455600000,8540342.8
21893,1753459200000,8520043.8
21894,1753462800000,8508040.0
21895,1753466400000,8532485.3
21896,1753470000000,8584317.4
21897,1753473600000,8584597.0
21898,1753477200000,8596230.4
21899,1753480800000,8542341.6
21900,1753484400000,8563386.4
21901,1753488000000,8574903.4
21902,1753491600000,8595088.0
21903,1753495200000,8618016.8
21904,1753498800000,8599073.0
21905,1753502400000,8554704.19999999
21906,1753506000000,8635696.19999999
21907,1753509600000,8646408.0
21908,1753513200000,8650643.8
21909,1753516800000,8651609.8
21910,1753520400000,8647017.4
21911,1753524000000,8677263.19999999
21912,1753527600000,8660764.19999999
21913,1753531200000,8488146.8
21914,1753534800000,8626244.4
21915,1753538400000,8652024.0
21916,1753542000000,8625014.6
21917,1753545600000,8577791.19999999
21918,1753549200000,8643727.0
21919,1753552800000,8646982.6
21920,1753556400000,8493404.4
21921,1753560000000,8578640.0
21922,1753563600000,8629610.19999999
21923,1753567200000,8583133.8
21924,1753570800000,8512803.8
21925,1753574400000,8570846.19999999
21926,1753578000000,8572669.0
21927,1753581600000,8603738.0
21928,1753585200000,8639315.8
21929,1753588800000,8608700.0
21930,1753592400000,8645301.6
21931,1753596000000,8630986.0
21932,1753599600000,8601058.4
21933,1753603200000,8568813.19999999
21934,1753606800000,8535007.4
21935,1753610400000,8539123.19999999
21936,1753614000000,8513121.19999999
21937,1753617600000,8500980.0
21938,1753621200000,8538390.4
21939,1753624800000,8527109.8
21940,1753628400000,8516474.6
21941,1753632000000,8498716.6
21942,1753635600000,8573456.0
21943,1753639200000,8442293.8
21944,1753642800000,8433729.6
21945,1753646400000,8529578.4
21946,1753650000000,8427550.4
21947,1753653600000,8439188.19999999
21948,1753657200000,8466783.3
21949,1753660800000,8523649.8
21950,1753664400000,8497003.19999999
21951,1753668000000,8482585.0
21952,1753671600000,8527732.4
21953,1753675200000,8595760.4
21954,1753678800000,8566102.4
21955,1753682400000,8540686.0
21956,1753686000000,8527677.8
21957,1753689600000,8480043.4
21958,1753693200000,8455732.19999999
21959,1753696800000,8491252.19999999
21960,1753700400000,8525350.8
21961,1753704000000,8513303.4
21962,1753707600000,8480077.0
21963,1753711200000,8520918.8
21964,1753714800000,8596275.6
21965,1753718400000,8580814.3
21966,1753722000000,8589727.6
21967,1753725600000,8608892.0
21968,1753729200000,8378358.2
21969,1753732800000,8470528.6
21970,1753736400000,8359886.8
21971,1753740000000,8385376.7
21972,1753743600000,8366091.6
21973,1753747200000,8356658.0
21974,1753750800000,8437675.8
21975,1753754400000,8416408.19999999
21976,1753758000000,8392212.8
21977,1753761600000,8344018.8
21978,1753765200000,8342373.2
21979,1753768800000,8324236.5
21980,1753772400000,8343042.0
21981,1753776000000,8321643.0
21982,1753779600000,8307185.0
21983,1753783200000,8293211.2
21984,1753786800000,8321538.2
21985,1753790400000,8337416.2
21986,1753794000000,8339136.2
21987,1753797600000,8360612.2
21988,1753801200000,8274042.2
21989,1753804800000,8254519.4
21990,1753808400000,8275791.4
21991,1753812000000,8197506.0
21992,1753815600000,8241787.6
21993,1753819200000,8225864.2
21994,1753822800000,8345300.3
21995,1753826400000,8307113.4
21996,1753830000000,8350142.4
21997,1753833600000,8345656.6
21998,1753837200000,8329861.0
21999,1753840800000,8322997.0
22000,1753844400000,8328590.0
22001,1753848000000,8346310.8
22002,1753851600000,8393908.8
22003,1753855200000,8367824.6
22004,1753858800000,8394886.6
22005,1753862400000,8466619.19999999
22006,1753866000000,8392435.5
22007,1753869600000,8419659.19999999
22008,1753873200000,8379597.6
22009,1753876800000,8339168.7
22010,1753880400000,8427437.4
22011,1753884000000,8415910.9
22012,1753887600000,8391157.8
22013,1753891200000,8503065.6
22014,1753894800000,8537480.8
22015,1753898400000,8524488.4
22016,1753902000000,8291272.6
22017,1753905600000,8610845.4
22018,1753909200000,8535344.0
22019,1753912800000,8486013.0
22020,1753916400000,8459382.0
22021,1753920000000,8460335.6
22022,1753923600000,8479642.0
22023,1753927200000,8475111.19999999
22024,1753930800000,8489536.6
22025,1753934400000,8534326.19999999
22026,1753938000000,8491123.0
22027,1753941600000,8491243.6
22028,1753945200000,8484672.19999999
22029,1753948800000,8467406.0
22030,1753952400000,8468795.4
22031,1753956000000,8472054.8
22032,1753959600000,8456071.0
22033,1753963200000,8443935.0
22034,1753966800000,8518068.8
22035,1753970400000,8679871.4
22036,1753974000000,8713397.9
22037,1753977600000,8725634.8
22038,1753981200000,8766162.8
22039,1753984800000,8756091.8
22040,1753988400000,8702344.6
22041,1753992000000,8710552.19999999
22042,1753995600000,8489912.4
22043,1753999200000,8468425.4
22044,1754002800000,8481963.19999999
22045,1754006400000,8492294.0
22046,1754010000000,8532617.5
22047,1754013600000,8493144.6
22048,1754017200000,8484962.19999999
22049,1754020800000,8501656.6
22050,1754024400000,8519810.8
22051,1754028000000,8547912.69999999
22052,1754031600000,8559255.4
22053,1754035200000,8567934.8
22054,1754038800000,8636799.9
22055,1754042400000,8693082.4
22056,1754046000000,8673454.6
22057,1754049600000,8618239.4
22058,1754053200000,8574319.8
22059,1754056800000,8415838.19999999
22060,1754060400000,8418605.19999999
22061,1754064000000,8385878.0
22062,1754067600000,8355773.0
22063,1754071200000,8364752.0
22064,1754074800000,8284895.3
22065,1754078400000,8296939.8
22066,1754082000000,8342821.5
22067,1754085600000,8306813.2
22068,1754089200000,8301635.1
22069,1754092800000,8284666.4
22070,1754096400000,8274638.0
22071,1754100000000,8295024.8
22072,1754103600000,8289289.4
22073,1754107200000,8356797.4
22074,1754110800000,8362824.6
22075,1754114400000,8388447.6
22076,1754118000000,8312302.8
22077,1754121600000,8305604.4
22078,1754125200000,8264631.0
22079,1754128800000,8265932.2
22080,1754132400000,8271552.8
22081,1754136000000,8263619.4
22082,1754139600000,8265476.8
22083,1754143200000,8296202.4
22084,1754146800000,8291541.0
22085,1754150400000,8308458.8
22086,1754154000000,8358290.0
22087,1754157600000,8327149.0
22088,1754161200000,8399187.19999999
22089,1754164800000,8373232.8
22090,1754168400000,8295387.7
22091,1754172000000,8286293.4
22092,1754175600000,8283880.8
22093,1754179200000,8277957.0
22094,1754182800000,8343428.4
22095,1754186400000,8354323.0
22096,1754190000000,8362750.6
22097,1754193600000,8380165.1
22098,1754197200000,8327998.4
22099,1754200800000,8337048.6
22100,1754204400000,8387491.8
22101,1754208000000,8375075.4
22102,1754211600000,8376402.2
22103,1754215200000,8457449.4
22104,1754218800000,8500374.8
22105,1754222400000,8515208.8
22106,1754226000000,8536698.8
22107,1754229600000,8547725.6
22108,1754233200000,8561044.8
22109,1754236800000,8550181.8
22110,1754240400000,8536448.4
22111,1754244000000,8509839.19999999
22112,1754247600000,8492207.6
22113,1754251200000,8466018.6
22114,1754254800000,8544478.0
22115,1754258400000,8510183.0
22116,1754262000000,8528523.8
22117,1754265600000,8507877.0
22118,1754269200000,8530773.8
22119,1754272800000,8613616.69999999
22120,1754276400000,8598540.3
22121,1754280000000,8624949.69999999
22122,1754283600000,8614055.3
22123,1754287200000,8596291.3
22124,1754290800000,8588896.9
22125,1754294400000,8645881.19999999
22126,1754298000000,8640359.6
22127,1754301600000,8662145.19999999
22128,1754305200000,8651912.4
22129,1754308800000,8554953.8
22130,1754312400000,8571454.4
22131,1754316000000,8566990.19999999
22132,1754319600000,8539243.4
22133,1754323200000,8549413.8
22134,1754326800000,8538006.0
22135,1754330400000,8499450.1
22136,1754334000000,8466037.4
22137,1754337600000,8458555.0
22138,1754341200000,8496844.6
22139,1754344800000,8502621.19999999
22140,1754348400000,8491116.19999999
22141,1754352000000,8508253.6
22142,1754355600000,8487367.8
22143,1754359200000,8445855.6
22144,1754362800000,8436299.8
22145,1754366400000,8405705.0
22146,1754370000000,8399154.8
22147,1754373600000,8416949.6
22148,1754377200000,8432476.19999999
22149,1754380800000,8508907.6
22150,1754384400000,8746190.0
22151,1754388000000,8791801.0
22152,1754391600000,8820835.0
22153,1754395200000,8956834.4
22154,1754398800000,8773705.19999999
22155,1754402400000,8863852.6
22156,1754406000000,8865135.4
22157,1754409600000,8860994.0
22158,1754413200000,8842121.6
22159,1754416800000,8854221.19999999
22160,1754420400000,8844847.0
22161,1754424000000,8819724.6
22162,1754427600000,8851522.19999999
22163,1754431200000,8822365.0
22164,1754434800000,8764885.69999999
22165,1754438400000,8762839.1
22166,1754442000000,8725305.69999999
22167,1754445600000,8709955.19999999
22168,1754449200000,8697540.4
22169,1754452800000,8696592.8
22170,1754456400000,8663669.19999999
22171,1754460000000,8721300.0
22172,1754463600000,8726253.19999999
22173,1754467200000,8728401.8
22174,1754470800000,8702501.6
22175,1754474400000,8674754.0
22176,1754478000000,8712199.6
22177,1754481600000,8815107.0
22178,1754485200000,8754768.8
22179,1754488800000,8643070.19999999
22180,1754492400000,8649347.19999999
22181,1754496000000,8656035.69999999
22182,1754499600000,8650089.4
22183,1754503200000,8766340.4
22184,1754506800000,8791661.0
22185,1754510400000,8818717.0
22186,1754514000000,8779696.8
22187,1754517600000,8710622.0
22188,1754521200000,8717528.4
22189,1754524800000,8712305.4
22190,1754528400000,8668160.19999999
22191,1754532000000,8654646.4
22192,1754535600000,8629539.4
22193,1754539200000,8609098.19999999
22194,1754542800000,8603478.6
22195,1754546400000,8606754.19999999
22196,1754550000000,8712622.8
22197,1754553600000,8712982.3
22198,1754557200000,8778219.4
22199,1754560800000,8742414.8
22200,1754564400000,8688269.4
22201,1754568000000,8695001.0
22202,1754571600000,8659430.8
22203,1754575200000,8739447.6
22204,1754578800000,8700713.19999999
22205,1754582400000,8713648.4
22206,1754586000000,8786108.6
22207,1754589600000,8810839.6
22208,1754593200000,8970036.0
22209,1754596800000,8927378.0
22210,1754600400000,8921540.4
22211,1754604000000,8900284.6
22212,1754607600000,8907506.8
22213,1754611200000,8926551.19999999
22214,1754614800000,8789296.6
22215,1754618400000,9024866.19999999
22216,1754622000000,9010620.0
22217,1754625600000,9033797.0
22218,1754629200000,8998165.9
22219,1754632800000,9047415.0
22220,1754636400000,9035640.4
22221,1754640000000,9100704.6
22222,1754643600000,9148607.0
22223,1754647200000,9169688.0
22224,1754650800000,9197516.19999999
22225,1754654400000,9198358.0
22226,1754658000000,9143875.0
22227,1754661600000,9130454.4
22228,1754665200000,9133734.0
22229,1754668800000,9054965.8
22230,1754672400000,9076633.8
22231,1754676000000,9197536.19999999
22232,1754679600000,9077683.0
22233,1754683200000,9117349.8
22234,1754686800000,9121501.19999999
22235,1754690400000,9123122.3
22236,1754694000000,9215911.69999999
22237,1754697600000,9233799.1
22238,1754701200000,9386936.9
22239,1754704800000,9391533.3
22240,1754708400000,9367299.3
22241,1754712000000,9309856.9
22242,1754715600000,9292500.1
22243,1754719200000,9307284.19999999
22244,1754722800000,9342295.0
22245,1754726400000,9409973.6
22246,1754730000000,9447080.19999999
22247,1754733600000,9568062.8
22248,1754737200000,9643441.5
22249,1754740800000,9614004.8
22250,1754744400000,9640105.8
22251,1754748000000,9578259.0
22252,1754751600000,9617025.19999999
22253,1754755200000,9626584.4
22254,1754758800000,9639834.8
22255,1754762400000,9669637.6
22256,1754766000000,9686699.6
22257,1754769600000,9720342.4
22258,1754773200000,9748829.8
22259,1754776800000,9713180.4
22260,1754780400000,9716075.0
22261,1754784000000,9731696.6
22262,1754787600000,9777375.4
22263,1754791200000,9760564.6
22264,1754794800000,9779567.0
22265,1754798400000,9692672.4
22266,1754802000000,9713524.6
22267,1754805600000,9708675.8
22268,1754809200000,9598225.8
22269,1754812800000,9518661.4
22270,1754816400000,9415703.9
22271,1754820000000,9401164.8
22272,1754823600000,9326794.0
22273,1754827200000,9405707.0
22274,1754830800000,9348423.0
22275,1754834400000,9314427.6
22276,1754838000000,9306172.6
22277,1754841600000,9388161.8
22278,1754845200000,9465383.3
22279,1754848800000,9526414.8
22280,1754852400000,9535371.19999999
22281,1754856000000,9544665.8
22282,1754859600000,9456400.4
22283,1754863200000,9574584.4
22284,1754866800000,9600472.6
22285,1754870400000,9502023.0
22286,1754874000000,9610226.6
22287,1754877600000,9677543.0
22288,1754881200000,9888059.8
22289,1754884800000,9847891.0
22290,1754888400000,9925659.6
22291,1754892000000,9995233.8
22292,1754895600000,10098333.4
22293,1754899200000,9869153.0
22294,1754902800000,9729894.19999999
22295,1754906400000,9663497.6
22296,1754910000000,9665081.8
22297,1754913600000,9646562.0
22298,1754917200000,9694103.19999999
22299,1754920800000,9576113.6
22300,1754924400000,9606933.0
22301,1754928000000,9576749.4
22302,1754931600000,9643864.4
22303,1754935200000,9646283.6
22304,1754938800000,9590256.8
22305,1754942400000,9563706.8
22306,1754946000000,9545055.8
22307,1754949600000,9453269.6
22308,1754953200000,9434496.19999999
22309,1754956800000,9485822.0
22310,1754960400000,9420453.6
22311,1754964000000,9456685.4
22312,1754967600000,9510231.19999999
22313,1754971200000,9542636.4
22314,1754974800000,9512449.19999999
22315,1754978400000,9497014.8
22316,1754982000000,9492952.0
22317,1754985600000,9443200.4
22318,1754989200000,9407530.4
22319,1754992800000,9495995.8
22320,1754996400000,9455555.19999999
22321,1755000000000,9466148.6
22322,1755003600000,9564068.1
22323,1755007200000,9496182.9
22324,1755010800000,9476831.6
22325,1755014400000,9628419.0
22326,1755018000000,9640412.4
22327,1755021600000,9655143.6
22328,1755025200000,9699186.19999999
22329,1755028800000,9761736.19999999
22330,1755032400000,9908003.4
22331,1755036000000,9837728.6
22332,1755039600000,9833823.0
22333,1755043200000,9865933.8
22334,1755046800000,9909824.8
22335,1755050400000,9859234.6
22336,1755054000000,9842865.0
22337,1755057600000,9772331.8
22338,1755061200000,9790897.19999999
22339,1755064800000,9841379.4
22340,1755068400000,9820001.8
22341,1755072000000,9921971.19999999
22342,1755075600000,9822904.8
22343,1755079200000,9888051.3
22344,1755082800000,10051044.69999999
22345,1755086400000,10018460.3
22346,1755090000000,9989834.3
22347,1755093600000,10056129.0
22348,1755097200000,10253321.5
22349,1755100800000,10301129.1
22350,1755104400000,10365157.3
22351,1755108000000,10380876.1
22352,1755111600000,10354983.1
22353,1755115200000,10347951.9
22354,1755118800000,10320300.6
22355,1755122400000,10348615.9
22356,1755126000000,10339375.3
22357,1755129600000,10303931.69999999
22358,1755133200000,10386511.5
22359,1755136800000,10351315.1
22360,1755140400000,10381512.69999999
22361,1755144000000,10639099.1
22362,1755147600000,10685192.1
22363,1755151200000,10686297.1
22364,1755154800000,10425147.5
22365,1755158400000,10432367.3
22366,1755162000000,10416875.19999999
22367,1755165600000,10462328.4
22368,1755169200000,10426245.19999999
22369,1755172800000,10357321.9
22370,1755176400000,9901704.4
22371,1755180000000,10081525.8
22372,1755183600000,10115233.19999999
22373,1755187200000,10107036.4
22374,1755190800000,10154263.0
22375,1755194400000,10099404.19999999
22376,1755198000000,10119823.4
22377,1755201600000,10067150.6
22378,1755205200000,10020846.19999999
22379,1755208800000,9822071.6
22380,1755212400000,9868886.19999999
22381,1755216000000,9886540.6
22382,1755219600000,9923206.19999999
22383,1755223200000,9984311.19999999
22384,1755226800000,9976511.69999999
22385,1755230400000,9961847.4
22386,1755234000000,9946283.8
22387,1755237600000,9939539.4
22388,1755241200000,9885767.4
22389,1755244800000,9876972.4
22390,1755248400000,9890878.0
22391,1755252000000,9827113.4
22392,1755255600000,9840180.19999999
22393,1755259200000,9818139.6
22394,1755262800000,9804305.4
22395,1755266400000,9818122.8
22396,1755270000000,9831300.19999999
22397,1755273600000,9832339.4
22398,1755277200000,9951625.19999999
22399,1755280800000,10035017.8
22400,1755284400000,10036866.8
22401,1755288000000,9939432.19999999
22402,1755291600000,10009903.4
22403,1755295200000,9973969.6
22404,1755298800000,9969680.19999999
22405,1755302400000,9950792.19999999
22406,1755306000000,10115710.4
22407,1755309600000,10154808.6
22408,1755313200000,10163149.0
22409,1755316800000,10133383.6
22410,1755320400000,10151948.6
22411,1755324000000,10148028.6
22412,1755327600000,10130255.19999999
22413,1755331200000,10128203.0
22414,1755334800000,10127599.4
22415,1755338400000,10263559.4
22416,1755342000000,10265052.0
22417,1755345600000,10234303.19999999
22418,1755349200000,10207221.0
22419,1755352800000,10223314.4
22420,1755356400000,10250295.3
22421,1755360000000,10170426.19999999
22422,1755363600000,10070190.19999999
22423,1755367200000,10035268.19999999
22424,1755370800000,10025788.19999999
22425,1755374400000,10031081.4
22426,1755378000000,10073099.19999999
22427,1755381600000,10023528.6
22428,1755385200000,10007575.4
22429,1755388800000,10006289.8
22430,1755392400000,9992626.19999999
22431,1755396000000,9980423.6
22432,1755399600000,9883282.19999999
22433,1755403200000,9893831.19999999
22434,1755406800000,9890766.0
22435,1755410400000,9884511.19999999
22436,1755414000000,9918316.69999999
22437,1755417600000,9927072.69999999
22438,1755421200000,9901245.3
22439,1755424800000,9952913.3
22440,1755428400000,9946286.69999999
22441,1755432000000,10090068.5
22442,1755435600000,10034431.3
22443,1755439200000,10021614.9
22444,1755442800000,10011580.69999999
22445,1755446400000,9963336.1
22446,1755450000000,9932429.4
22447,1755453600000,9874267.6
22448,1755457200000,9868420.8
22449,1755460800000,9843283.4
22450,1755464400000,9868940.6
22451,1755468000000,9807088.6
22452,1755471600000,9811093.4
22453,1755475200000,9891686.6
22454,1755478800000,9958932.6
22455,1755482400000,9935226.8
22456,1755486000000,9902905.4
22457,1755489600000,9874049.6
22458,1755493200000,9911089.0
22459,1755496800000,9856761.0
22460,1755500400000,9904629.8
22461,1755504000000,9784506.19999999
22462,1755507600000,9798730.4
22463,1755511200000,9642138.6
22464,1755514800000,9615289.0
22465,1755518400000,9610337.0
22466,1755522000000,9679496.6
22467,1755525600000,9784462.3
22468,1755529200000,9726644.3
22469,1755532800000,9731372.6
22470,1755536400000,9801564.19999999
22471,1755540000000,9646518.19999999
22472,1755543600000,9626607.19999999
22473,1755547200000,9590872.19999999
22474,1755550800000,9577310.19999999
22475,1755554400000,9568416.6
22476,1755558000000,9413599.8
22477,1755561600000,9544559.19999999
22478,1755565200000,9546087.6
22479,1755568800000,9536020.19999999
22480,1755572400000,9563440.19999999
22481,1755576000000,9507523.4
22482,1755579600000,9551789.19999999
22483,1755583200000,9559276.19999999
22484,1755586800000,9551133.0
22485,1755590400000,9545360.6
22486,1755594000000,9536049.6
22487,1755597600000,9573243.19999999
22488,1755601200000,9588184.6
22489,1755604800000,9600305.0
22490,1755608400000,9574796.4
22491,1755612000000,9630680.6
22492,1755615600000,9567182.6
22493,1755619200000,9660589.19999999
22494,1755622800000,9592476.0
22495,1755626400000,9601258.0
22496,1755630000000,9477992.4
22497,1755633600000,9455508.4
22498,1755637200000,9456895.6
22499,1755640800000,9457336.19999999
22500,1755644400000,9442121.8
22501,1755648000000,9428302.4
22502,1755651600000,9501285.8
22503,1755655200000,9563416.0
22504,1755658800000,9786384.8
22505,1755662400000,9757339.4
22506,1755666000000,9707054.8
22507,1755669600000,9682508.6
22508,1755673200000,9647346.4
22509,1755676800000,9655501.8
22510,1755680400000,9671691.8
22511,1755684000000,9616920.69999999
22512,1755687600000,9673819.6
22513,1755691200000,9731036.6
22514,1755694800000,9822473.0
22515,1755698400000,9834334.19999999
22516,1755702000000,9847475.19999999
22517,1755705600000,9913569.8
22518,1755709200000,9992965.5
22519,1755712800000,9981360.19999999
22520,1755716400000,10058330.19999999
22521,1755720000000,10072424.6
22522,1755723600000,10083165.6
22523,1755727200000,10046744.19999999
22524,1755730800000,10041656.0
22525,1755734400000,10033347.0
22526,1755738000000,10056700.8
22527,1755741600000,10064450.5
22528,1755745200000,10080401.6
22529,1755748800000,10061589.8
22530,1755752400000,10041027.6
22531,1755756000000,10053702.4
22532,1755759600000,10024797.0
22533,1755763200000,10030121.0
22534,1755766800000,9999137.8
22535,1755770400000,10023517.6
22536,1755774000000,10033111.8
22537,1755777600000,10075590.8
22538,1755781200000,9999908.4
22539,1755784800000,10025768.4
22540,1755788400000,10039769.8
22541,1755792000000,10051614.0
22542,1755795600000,10054907.4
22543,1755799200000,10005821.69999999
22544,1755802800000,10038335.6
22545,1755806400000,10112652.4
22546,1755810000000,10097278.3
22547,1755813600000,10036203.19999999
22548,1755817200000,10001731.8
22549,1755820800000,10002526.8
22550,1755824400000,9999015.8
22551,1755828000000,10035982.8
22552,1755831600000,10099154.6
22553,1755835200000,10073532.0
22554,1755838800000,10050162.4
22555,1755842400000,10069373.8
22556,1755846000000,10029340.1
22557,1755849600000,10042272.6
22558,1755853200000,10039834.6
22559,1755856800000,10041436.3
22560,1755860400000,10039609.0
22561,1755864000000,10071386.19999999
22562,1755867600000,10122088.6
22563,1755871200000,10228744.0
22564,1755874800000,10430922.19999999
22565,1755878400000,10417028.19999999
22566,1755882000000,10647858.8
22567,1755885600000,10745290.0
22568,1755889200000,10824059.8
22569,1755892800000,10880225.0
22570,1755896400000,10844276.9
22571,1755900000000,10803514.6
22572,1755903600000,11098421.4
22573,1755907200000,11192062.19999999
22574,1755910800000,11207828.8
22575,1755914400000,11092138.3
22576,1755918000000,11047687.6
22577,1755921600000,11045390.0
22578,1755925200000,10990244.4
22579,1755928800000,10997673.8
22580,1755932400000,10970977.4
22581,1755936000000,10986163.0
22582,1755939600000,10977909.4
22583,1755943200000,11031305.6
22584,1755946800000,11023227.19999999
22585,1755950400000,10970948.8
22586,1755954000000,10973421.8
22587,1755957600000,11059124.4
22588,1755961200000,11047198.8
22589,1755964800000,11024796.0
22590,1755968400000,10979967.19999999
22591,1755972000000,10994598.19999999
22592,1755975600000,10989632.19999999
22593,1755979200000,11009203.4
22594,1755982800000,11036178.6
22595,1755986400000,11026589.4
22596,1755990000000,11050874.6
22597,1755993600000,11027338.6
22598,1755997200000,11025652.0
22599,1756000800000,10997458.19999999
22600,1756004400000,11024573.0
22601,1756008000000,11021227.19999999
22602,1756011600000,11031310.8
22603,1756015200000,10940152.0
22604,1756018800000,10951783.5
22605,1756022400000,10993546.19999999
22606,1756026000000,10981160.1
22607,1756029600000,11083133.69999999
22608,1756033200000,11155102.0
22609,1756036800000,11147274.6
22610,1756040400000,11161482.19999999
22611,1756044000000,11180595.6
22612,1756047600000,11173295.1
22613,1756051200000,11345215.0
22614,1756054800000,11370174.7
22615,1756058400000,11471276.6
22616,1756062000000,11602853.2
22617,1756065600000,11346892.7
22618,1756069200000,11327275.6
22619,1756072800000,11250345.4
22620,1756076400000,11114916.4
22621,1756080000000,11085248.6
22622,1756083600000,11179263.0
22623,1756087200000,11208783.8
22624,1756090800000,11188183.8
22625,1756094400000,11188469.19999999
22626,1756098000000,11393264.4
22627,1756101600000,11369584.4
22628,1756105200000,11381015.9
22629,1756108800000,11480278.0
22630,1756112400000,11414946.3
22631,1756116000000,11451581.8
22632,1756119600000,11441580.8
22633,1756123200000,11366068.8
22634,1756126800000,11350172.8
22635,1756130400000,11293966.0
22636,1756134000000,11328126.8
22637,1756137600000,11341277.2
22638,1756141200000,11374356.6
22639,1756144800000,11406712.4
22640,1756148400000,11398121.6
22641,1756152000000,11281367.7
22642,1756155600000,11208444.5
22643,1756159200000,10853912.0
22644,1756162800000,10956847.4
22645,1756166400000,10879624.4
22646,1756170000000,10802058.4
22647,1756173600000,10794465.0
22648,1756177200000,10879117.6
22649,1756180800000,10879851.19999999
22650,1756184400000,10865458.4
22651,1756188000000,10825315.4
22652,1756191600000,10782721.6
22653,1756195200000,10817297.6
22654,1756198800000,10810072.8
22655,1756202400000,10928226.6
22656,1756206000000,11072342.19999999
22657,1756209600000,10965376.69999999
22658,1756213200000,10713319.19999999
22659,1756216800000,10634017.6
22660,1756220400000,10624633.4
22661,1756224000000,10693436.5
22662,1756227600000,10763202.8
22663,1756231200000,10712857.19999999
22664,1756234800000,10742883.6
22665,1756238400000,10656626.19999999
22666,1756242000000,10683169.4
22667,1756245600000,10649464.4
22668,1756249200000,10639538.19999999
22669,1756252800000,10561513.8
22670,1756256400000,10573545.0
22671,1756260000000,10551640.6
22672,1756263600000,10550487.4
22673,1756267200000,10530556.0
22674,1756270800000,10564585.6
22675,1756274400000,10574332.0
22676,1756278000000,10573677.0
22677,1756281600000,10508304.5
22678,1756285200000,10506708.8
22679,1756288800000,10607043.19999999
22680,1756292400000,10589054.0
22681,1756296000000,10656425.0
22682,1756299600000,10661486.4
22683,1756303200000,10733888.4
22684,1756306800000,10738053.4
22685,1756310400000,10789698.19999999
22686,1756314000000,10800537.9
22687,1756317600000,10740032.0
22688,1756321200000,10703496.8
22689,1756324800000,10714832.8
22690,1756328400000,10784259.0
22691,1756332000000,10701654.8
22692,1756335600000,10572265.6
22693,1756339200000,10565914.0
22694,1756342800000,10540005.0
22695,1756346400000,10567930.8
22696,1756350000000,10577053.4
22697,1756353600000,10598600.4
22698,1756357200000,10648928.8
22699,1756360800000,10657905.8
22700,1756364400000,10648752.19999999
22701,1756368000000,10679569.4
22702,1756371600000,10680859.4
22703,1756375200000,10654581.19999999
22704,1756378800000,10701074.0
22705,1756382400000,10705767.0
22706,1756386000000,10741060.6
22707,1756389600000,10770817.4
22708,1756393200000,10851936.6
22709,1756396800000,10849364.19999999
22710,1756400400000,10688550.0
22711,1756404000000,10684924.8
22712,1756407600000,10685784.19999999
22713,1756411200000,10640456.3
22714,1756414800000,10614341.0
22715,1756418400000,10569429.0
22716,1756422000000,10583196.6
22717,1756425600000,10643228.6
22718,1756429200000,10658625.6
22719,1756432800000,10620141.6
22720,1756436400000,10642433.4
22721,1756440000000,10581024.8
22722,1756443600000,10601904.6
22723,1756447200000,10519138.6
22724,1756450800000,10481653.4
22725,1756454400000,10457795.8
22726,1756458000000,10642537.8
22727,1756461600000,10614235.6
22728,1756465200000,10559055.4
22729,1756468800000,10552336.4
22730,1756472400000,10587204.4
22731,1756476000000,10764119.8
22732,1756479600000,10741294.9
22733,1756483200000,10743443.3
22734,1756486800000,10742275.6
22735,1756490400000,10646173.4
22736,1756494000000,10508389.4
22737,1756497600000,10561760.5
22738,1756501200000,10700085.19999999
22739,1756504800000,10693258.1
22740,1756508400000,10749723.4
22741,1756512000000,10755735.6
22742,1756515600000,10760075.19999999
22743,1756519200000,10814205.4
22744,1756522800000,10827466.4
22745,1756526400000,10794232.0
22746,1756530000000,10791544.6
22747,1756533600000,10759677.4
22748,1756537200000,10733900.4
22749,1756540800000,10744393.3
22750,1756544400000,10734413.4
22751,1756548000000,10722732.4
22752,1756551600000,10716793.0
22753,1756555200000,10738800.19999999
22754,1756558800000,10677472.19999999
22755,1756562400000,10753564.6
22756,1756566000000,10751227.8
22757,1756569600000,10765209.69999999
22758,1756573200000,10769484.9
22759,1756576800000,10759456.8
22760,1756580400000,10766731.8
22761,1756584000000,10755458.6
22762,1756587600000,10765025.19999999
22763,1756591200000,10691924.6
22764,1756594800000,10723002.6
22765,1756598400000,10756567.4
22766,1756602000000,10777805.9
22767,1756605600000,10795142.4
22768,1756609200000,10795554.19999999
22769,1756612800000,10794004.1
22770,1756616400000,10787448.4
22771,1756620000000,10718630.4
22772,1756623600000,10715540.6
22773,1756627200000,10702376.4
22774,1756630800000,10700797.0
22775,1756634400000,10708607.8
22776,1756638000000,10694937.4
22777,1756641600000,10695664.4
22778,1756645200000,10729750.19999999
22779,1756648800000,10729163.4
22780,1756652400000,10723941.8
22781,1756656000000,10748487.0
22782,1756659600000,10741881.8
22783,1756663200000,10747568.4
22784,1756666800000,10930089.4
22785,1756670400000,10917340.4
22786,1756674000000,10858632.19999999
22787,1756677600000,10839809.6
22788,1756681200000,10800650.4
22789,1756684800000,10624080.4
22790,1756688400000,10549151.8
22791,1756692000000,10551541.8
22792,1756695600000,10527797.6
22793,1756699200000,10524356.6
22794,1756702800000,10571788.4
22795,1756706400000,10629343.0
22796,1756710000000,10624887.0
22797,1756713600000,10953834.1
22798,1756717200000,11173975.6
22799,1756720800000,10883151.6
22800,1756724400000,10995351.19999999
22801,1756728000000,10868937.4
22802,1756731600000,10922005.19999999
22803,1756735200000,10843825.8
22804,1756738800000,10988096.8
22805,1756742400000,11084530.8
22806,1756746000000,11141651.8
22807,1756749600000,11114365.8
22808,1756753200000,11125843.19999999
22809,1756756800000,11016197.19999999
22810,1756760400000,10957557.0
22811,1756764000000,10946613.19999999
22812,1756767600000,10908716.4
22813,1756771200000,10864077.0
22814,1756774800000,11019011.8
22815,1756778400000,11025800.0
22816,1756782000000,11253053.3
22817,1756785600000,11291185.6
22818,1756789200000,11625481.6
22819,1756792800000,11497872.2
22820,1756796400000,11466548.4
22821,1756800000000,11223940.8
22822,1756803600000,11319026.8
22823,1756807200000,11354461.7
22824,1756810800000,11527706.6
22825,1756814400000,11534517.4
22826,1756818000000,11552758.1
22827,1756821600000,11804100.9
22828,1756825200000,11787841.6
22829,1756828800000,11606167.8
22830,1756832400000,11552221.8
22831,1756836000000,11543917.9
22832,1756839600000,11585793.0
22833,1756843200000,11679666.2
22834,1756846800000,11697238.7
22835,1756850400000,11683326.6
22836,1756854000000,11773625.8
22837,1756857600000,11823670.8
22838,1756861200000,11795354.8
22839,1756864800000,11787108.8
22840,1756868400000,11720361.8
22841,1756872000000,11695376.4
22842,1756875600000,11674227.2
22843,1756879200000,11639336.6
22844,1756882800000,11626441.2
22845,1756886400000,11568532.8
22846,1756890000000,11567049.6
22847,1756893600000,11541607.6
22848,1756897200000,11477839.0
22849,1756900800000,11514131.0
22850,1756904400000,11475989.0
22851,1756908000000,11459176.8
22852,1756911600000,11416630.4
22853,1756915200000,11430952.6
22854,1756918800000,11378933.1
22855,1756922400000,11445467.2
22856,1756926000000,11384568.8
22857,1756929600000,11464289.4
22858,1756933200000,11507681.4
22859,1756936800000,11517366.0
22860,1756940400000,11515191.8
22861,1756944000000,11518198.4
22862,1756947600000,11548391.2
22863,1756951200000,11522564.6
22864,1756954800000,11522433.4
22865,1756958400000,11443704.4
22866,1756962000000,11438390.2
22867,1756965600000,11385990.0
22868,1756969200000,11360483.2
22869,1756972800000,11342517.6
22870,1756976400000,11348606.0
22871,1756980000000,11364875.8
22872,1756983600000,11491897.8
22873,1756987200000,11489988.4
22874,1756990800000,11536071.2
22875,1756994400000,11544381.2
22876,1756998000000,11479535.4
22877,1757001600000,11466937.2
22878,1757005200000,11416371.4
22879,1757008800000,11419604.8
22880,1757012400000,11572651.6
22881,1757016000000,11545563.0
22882,1757019600000,11519094.6
22883,1757023200000,11556560.2
22884,1757026800000,11535829.9
22885,1757030400000,11510312.4
22886,1757034000000,11444584.4
22887,1757037600000,11436052.8
22888,1757041200000,11359242.6
22889,1757044800000,11307976.0
22890,1757048400000,11274346.8
22891,1757052000000,11278622.8
22892,1757055600000,11275864.4
22893,1757059200000,11220615.0
22894,1757062800000,11214935.6
22895,1757066400000,11150416.4
22896,1757070000000,11133345.8
22897,1757073600000,11104241.4
22898,1757077200000,11045277.4
22899,1757080800000,11075434.19999999
22900,1757084400000,11043753.19999999
22901,1757088000000,11032068.6
22902,1757091600000,11002360.8
22903,1757095200000,10977368.19999999
22904,1757098800000,10985286.0
22905,1757102400000,11027901.4
22906,1757106000000,11055361.9
22907,1757109600000,10957419.9
22908,1757113200000,10897462.8
22909,1757116800000,10912244.0
22910,1757120400000,11020986.19999999
22911,1757124000000,11007606.0
22912,1757127600000,11025797.4
22913,1757131200000,11011838.4
22914,1757134800000,10924177.8
22915,1757138400000,10888792.4
22916,1757142000000,10890370.4
22917,1757145600000,10892354.0
22918,1757149200000,10890131.0
22919,1757152800000,10864206.8
22920,1757156400000,10876832.6
22921,1757160000000,10893812.4
22922,1757163600000,10913931.19999999
22923,1757167200000,11295349.8
22924,1757170800000,11098342.0
22925,1757174400000,10972332.0
22926,1757178000000,10958534.6
22927,1757181600000,10959480.1
22928,1757185200000,10964849.19999999
22929,1757188800000,10930982.0
22930,1757192400000,10949307.6
22931,1757196000000,10926965.19999999
22932,1757199600000,10940799.8
22933,1757203200000,10930351.6
22934,1757206800000,10938913.0
22935,1757210400000,10970624.6
22936,1757214000000,11028158.19999999
22937,1757217600000,11037126.19999999
22938,1757221200000,11031191.3
22939,1757224800000,11219213.4
22940,1757228400000,11342221.4
22941,1757232000000,11311016.4
22942,1757235600000,11271278.2
22943,1757239200000,11271731.6
22944,1757242800000,11257118.6
22945,1757246400000,11261389.4
22946,1757250000000,11267420.6
22947,1757253600000,11231711.6
22948,1757257200000,11208117.0
22949,1757260800000,11170428.6
22950,1757264400000,11178811.4
22951,1757268000000,11162223.0
22952,1757271600000,11135971.6
22953,1757275200000,11127398.4
22954,1757278800000,11179909.8
22955,1757282400000,11145486.6
22956,1757286000000,11155191.0
22957,1757289600000,11182046.0
22958,1757293200000,11159764.19999999
22959,1757296800000,11105094.6
22960,1757300400000,11071093.4
22961,1757304000000,11032781.8
22962,1757307600000,11063867.4
22963,1757311200000,11185554.6
22964,1757314800000,11725214.0
22965,1757318400000,11616520.6
22966,1757322000000,11633244.8
22967,1757325600000,11633456.4
22968,1757329200000,11707011.4
22969,1757332800000,11633943.8
22970,1757336400000,11641805.6
22971,1757340000000,11606246.6
22972,1757343600000,11589036.4
22973,1757347200000,11465486.8
22974,1757350800000,11473127.2
22975,1757354400000,11505842.6
22976,1757358000000,11509985.0
22977,1757361600000,11508928.2
22978,1757365200000,11457794.0
22979,1757368800000,11425376.2
22980,1757372400000,11465021.8
22981,1757376000000,11429446.2
22982,1757379600000,11475442.0
22983,1757383200000,11440258.4
22984,1757386800000,11433763.0
22985,1757390400000,11459871.6
22986,1757394000000,11446038.4
22987,1757397600000,11449732.4
22988,1757401200000,11532354.8
22989,1757404800000,11496655.6
22990,1757408400000,11327021.0
22991,1757412000000,11582616.2
22992,1757415600000,11512854.0
22993,1757419200000,11514526.2
22994,1757422800000,11529914.3
22995,1757426400000,11569253.4
22996,1757430000000,11494855.6
22997,1757433600000,11628445.6
22998,1757437200000,11669641.1
22999,1757440800000,11735585.4
23000,1757444400000,11761180.4
23001,1757448000000,11750693.6
23002,1757451600000,11739965.4
23003,1757455200000,11710268.8
23004,1757458800000,11718556.0
23005,1757462400000,11678144.4
23006,1757466000000,11649909.8
23007,1757469600000,11670673.6
23008,1757473200000,11681795.4
23009,1757476800000,11673829.0
23010,1757480400000,11578422.0
23011,1757484000000,11550026.4
23012,1757487600000,11610688.5
23013,1757491200000,11666852.1
23014,1757494800000,11677130.9
23015,1757498400000,11656736.5
23016,1757502000000,11631638.2
23017,1757505600000,11584312.0
23018,1757509200000,11644340.2
23019,1757512800000,11633704.3
23020,1757516400000,11698015.2
23021,1757520000000,11695252.0
23022,1757523600000,11698385.2
23023,1757527200000,11693823.4
23024,1757530800000,11721746.8
23025,1757534400000,11711519.4
23026,1757538000000,11702698.6
23027,1757541600000,11645876.2
23028,1757545200000,11667612.4
23029,1757548800000,11703209.0
23030,1757552400000,11723151.2
23031,1757556000000,11733290.6
23032,1757559600000,11739570.2
23033,1757563200000,11690561.0
23034,1757566800000,11688514.6
23035,1757570400000,11855070.8
23036,1757574000000,11852661.6
23037,1757577600000,11891276.4
23038,1757581200000,11901809.8
23039,1757584800000,11657524.8
23040,1757588400000,11621714.4
23041,1757592000000,11643978.6
23042,1757595600000,11749958.6
23043,1757599200000,11858138.9
23044,1757602800000,11873710.6
23045,1757606400000,11948781.2
23046,1757610000000,11954135.8
23047,1757613600000,11933565.8
23048,1757617200000,11852121.0
23049,1757620800000,11846753.4
23050,1757624400000,11814005.6
23051,1757628000000,11769664.2
23052,1757631600000,11847645.6
23053,1757635200000,11863828.6
23054,1757638800000,11828973.8
23055,1757642400000,11794599.4
23056,1757646000000,11848517.8
23057,1757649600000,11832323.0
23058,1757653200000,11802078.7
23059,1757656800000,11784149.0
23060,1757660400000,11764447.8
23061,1757664000000,11751022.6
23062,1757667600000,11715976.4
23063,1757671200000,11787651.2
23064,1757674800000,11797353.2
23065,1757678400000,11810891.8
23066,1757682000000,11891024.8
23067,1757685600000,11840631.8
23068,1757689200000,11761745.0
23069,1757692800000,11689163.2
23070,1757696400000,11656633.8
23071,1757700000000,11726369.4
23072,1757703600000,11682210.8
23073,1757707200000,11655169.6
23074,1757710800000,11571678.4
23075,1757714400000,11509590.8
23076,1757718000000,11490718.0
23077,1757721600000,11474445.8
23078,1757725200000,11478795.2
23079,1757728800000,11782694.8
23080,1757732400000,11740800.4
23081,1757736000000,11730760.9
23082,1757739600000,11531556.0
23083,1757743200000,11468717.4
23084,1757746800000,11397580.6
23085,1757750400000,11383420.0
23086,1757754000000,11413226.4
23087,1757757600000,11551892.6
23088,1757761200000,11473145.0
23089,1757764800000,11468457.0
23090,1757768400000,11474385.7
23091,1757772000000,11367921.6
23092,1757775600000,11257268.4
23093,1757779200000,11331243.6
23094,1757782800000,11269085.0
23095,1757786400000,11233791.6
23096,1757790000000,11207744.19999999
23097,1757793600000,11232499.19999999
23098,1757797200000,11184295.9
23099,1757800800000,11125158.6
23100,1757804400000,11111988.8
23101,1757808000000,11120304.19999999
23102,1757811600000,11159753.8
23103,1757815200000,11164947.8
23104,1757818800000,11190843.4
23105,1757822400000,11184038.6
23106,1757826000000,11180425.19999999
23107,1757829600000,11147570.19999999
23108,1757833200000,11117790.4
23109,1757836800000,11106725.0
23110,1757840400000,11084315.8
23111,1757844000000,11118859.19999999
23112,1757847600000,11151096.0
23113,1757851200000,11003957.5
23114,1757854800000,11019347.1
23115,1757858400000,11153862.4
23116,1757862000000,11246871.8
23117,1757865600000,11221010.0
23118,1757869200000,11246908.0
23119,1757872800000,11207950.4
23120,1757876400000,11274513.2
23121,1757880000000,11239472.0
23122,1757883600000,11180007.4
23123,1757887200000,11146666.4
23124,1757890800000,11154907.9
23125,1757894400000,11317935.2
23126,1757898000000,11304857.2
23127,1757901600000,11302252.2
23128,1757905200000,11301099.4
23129,1757908800000,11321880.0
23130,1757912400000,11393796.0
23131,1757916000000,11410862.6
23132,1757919600000,11398236.6
23133,1757923200000,11335954.0
23134,1757926800000,11533653.4
23135,1757930400000,11481565.8
23136,1757934000000,11494550.0
23137,1757937600000,11493870.3
23138,1757941200000,11489221.4
23139,1757944800000,11462754.6
23140,1757948400000,11428619.4
23141,1757952000000,11404730.2
23142,1757955600000,11401021.8
23143,1757959200000,11379800.6
23144,1757962800000,11340280.6
23145,1757966400000,11342570.0
23146,1757970000000,11399317.6
23147,1757973600000,11328889.0
23148,1757977200000,11339982.6
23149,1757980800000,11326755.0
23150,1757984400000,11405513.6
23151,1757988000000,11387650.0
23152,1757991600000,11379249.2
23153,1757995200000,11370582.4
23154,1757998800000,11368735.6
23155,1758002400000,11393224.0
23156,1758006000000,11402344.0
23157,1758009600000,11393341.6
23158,1758013200000,11570497.0
23159,1758016800000,11589281.6
23160,1758020400000,11594948.0
23161,1758024000000,11592570.0
23162,1758027600000,11565593.8
23163,1758031200000,11473807.6
23164,1758034800000,11406726.6
23165,1758038400000,11390424.6
23166,1758042000000,11403126.6
23167,1758045600000,11421535.2
23168,1758049200000,11603033.8
23169,1758052800000,11607980.1
23170,1758056400000,11990002.8
23171,1758060000000,11764401.3
23172,1758063600000,11614833.4
23173,1758067200000,11657191.0
23174,1758070800000,11349890.2
23175,1758074400000,11313283.2
23176,1758078000000,11371439.8
23177,1758081600000,11487627.4
23178,1758085200000,11471862.8
23179,1758088800000,11273280.2
23180,1758092400000,11389369.6
23181,1758096000000,11326470.6
23182,1758099600000,11396170.2
23183,1758103200000,11363767.8
23184,1758106800000,11323583.1
23185,1758110400000,11542766.8
23186,1758114000000,11586964.0
23187,1758117600000,11576721.2
23188,1758121200000,11329255.8
23189,1758124800000,11318609.8
23190,1758128400000,11234959.0
23191,1758132000000,11854330.7
23192,1758135600000,11618608.0
23193,1758139200000,11499373.8
23194,1758142800000,11503829.6
23195,1758146400000,11483485.2
23196,1758150000000,11534997.2
23197,1758153600000,11504166.4
23198,1758157200000,11565818.0
23199,1758160800000,11646338.0
23200,1758164400000,11595269.4
23201,1758168000000,11747702.4
23202,1758171600000,11713014.1
23203,1758175200000,11709449.2
23204,1758178800000,11778622.2
23205,1758182400000,11731603.2
23206,1758186000000,11850544.2
23207,1758189600000,11770483.2
23208,1758193200000,11755851.8
23209,1758196800000,11790384.6
23210,1758200400000,11967553.8
23211,1758204000000,11985429.8
23212,1758207600000,11997706.2
23213,1758211200000,12007821.0
23214,1758214800000,12053598.0
23215,1758218400000,12090054.4
23216,1758222000000,12060473.0
23217,1758225600000,12101370.8
23218,1758229200000,12107858.8
23219,1758232800000,12040161.4
23220,1758236400000,12099650.8
23221,1758240000000,12200781.0
23222,1758243600000,12218274.4
23223,1758247200000,12145715.4
23224,1758250800000,12100703.6
23225,1758254400000,12034548.6
23226,1758258000000,11997690.4
23227,1758261600000,12049994.6
23228,1758265200000,11966182.5
23229,1758268800000,12070566.8
23230,1758272400000,11990475.4
23231,1758276000000,11886919.0
23232,1758279600000,11846135.8
23233,1758283200000,11618635.4
23234,1758286800000,11575327.0
23235,1758290400000,11643450.6
23236,1758294000000,11641101.8
23237,1758297600000,11783681.0
23238,1758301200000,11761409.4
23239,1758304800000,11746231.8
23240,1758308400000,11811945.1
23241,1758312000000,11812197.9
23242,1758315600000,11770783.9
23243,1758319200000,11770830.7
23244,1758322800000,11764383.3
23245,1758326400000,11707429.1
23246,1758330000000,11662313.2
23247,1758333600000,11606406.8
23248,1758337200000,11582422.8
23249,1758340800000,11552847.4
23250,1758344400000,11525516.8
23251,1758348000000,11529884.0
23252,1758351600000,11553839.8
23253,1758355200000,11548205.4
23254,1758358800000,11553801.4
23255,1758362400000,11538225.4
23256,1758366000000,11564186.6
23257,1758369600000,11564323.4
23258,1758373200000,11570828.6
23259,1758376800000,11656037.0
23260,1758380400000,11654831.6
23261,1758384000000,11608492.2
23262,1758387600000,11618517.2
23263,1758391200000,11624419.6
23264,1758394800000,11774475.0
23265,1758398400000,11778041.6
23266,1758402000000,11760103.8
23267,1758405600000,11684851.4
23268,1758409200000,11673206.2
23269,1758412800000,11723040.6
23270,1758416400000,11734805.4
23271,1758420000000,11743466.0
23272,1758423600000,11757976.8
23273,1758427200000,11775710.4
23274,1758430800000,11769824.2
23275,1758434400000,11785000.6
23276,1758438000000,11768979.0
23277,1758441600000,11768012.6
23278,1758445200000,11762644.4
23279,1758448800000,11704904.4
23280,1758452400000,11711468.6
23281,1758456000000,11720249.2
23282,1758459600000,11740509.4
23283,1758463200000,11742270.2
23284,1758466800000,11955722.4
23285,1758470400000,11953069.0
23286,1758474000000,11972264.2
23287,1758477600000,11965398.4
23288,1758481200000,11940725.0
23289,1758484800000,11970518.8
23290,1758488400000,11956241.2
23291,1758492000000,11898298.0
23292,1758495600000,11923603.2
23293,1758499200000,11859173.4
23294,1758502800000,11896454.9
23295,1758506400000,11867195.8
23296,1758510000000,12014197.0
23297,1758513600000,11962675.0
23298,1758517200000,11955499.8
23299,1758520800000,11809884.8
23300,1758524400000,11460891.8
23301,1758528000000,11359607.8
23302,1758531600000,11354187.1
23303,1758535200000,11402543.6
23304,1758538800000,11433519.6
23305,1758542400000,11439363.1
23306,1758546000000,11416372.6
23307,1758549600000,11347186.0
23308,1758553200000,11300221.8
23309,1758556800000,11318573.2
23310,1758560400000,11269402.6
23311,1758564000000,11245163.0
23312,1758567600000,11224263.0
23313,1758571200000,11237629.19999999
23314,1758574800000,11227146.19999999
23315,1758578400000,11167488.19999999
23316,1758582000000,11183923.6
23317,1758585600000,11194675.6
23318,1758589200000,11162423.19999999
23319,1758592800000,11132488.19999999
23320,1758596400000,11134017.4
23321,1758600000000,11154166.8
23322,1758603600000,11195290.19999999
23323,1758607200000,11184473.4
23324,1758610800000,11188348.6
23325,1758614400000,11188875.6
23326,1758618000000,11237241.6
23327,1758621600000,11206764.19999999
23328,1758625200000,11269742.8
23329,1758628800000,11252315.0
23330,1758632400000,11137019.4
23331,1758636000000,11105472.0
23332,1758639600000,11114982.4
23333,1758643200000,11091756.19999999
23334,1758646800000,11077875.4
23335,1758650400000,11219352.0
23336,1758654000000,11389087.4
23337,1758657600000,11450568.6
23338,1758661200000,11455461.2
23339,1758664800000,11449696.0
23340,1758668400000,11455710.0
23341,1758672000000,11513216.0
23342,1758675600000,11524101.2
23343,1758679200000,11535889.6
23344,1758682800000,11512804.6
23345,1758686400000,11484776.0
23346,1758690000000,11588590.0
23347,1758693600000,11596323.8
23348,1758697200000,11627679.6
23349,1758700800000,11632460.6
23350,1758704400000,11647912.6
23351,1758708000000,11701656.8
23352,1758711600000,11706769.6
23353,1758715200000,11692289.6
23354,1758718800000,11684180.6
23355,1758722400000,11677124.8
23356,1758726000000,11678979.0
23357,1758729600000,11768179.9
23358,1758733200000,11746303.0
23359,1758736800000,11778071.0
23360,1758740400000,11866791.8
23361,1758744000000,11866335.4
23362,1758747600000,11956751.6
23363,1758751200000,11851902.0
23364,1758754800000,11851258.6
23365,1758758400000,11790000.6
23366,1758762000000,11779084.7
23367,1758765600000,11712998.2
23368,1758769200000,11653052.8
23369,1758772800000,11648025.2
23370,1758776400000,11459729.7
23371,1758780000000,11457515.2
23372,1758783600000,11464194.6
23373,1758787200000,11511014.8
23374,1758790800000,11529404.2
23375,1758794400000,11540145.2
23376,1758798000000,11526321.6
23377,1758801600000,11563302.6
23378,1758805200000,11714969.0
23379,1758808800000,11825768.8
23380,1758812400000,11820316.8
23381,1758816000000,11814314.0
23382,1758819600000,11858031.4
23383,1758823200000,12124109.8
23384,1758826800000,12709905.8
23385,1758830400000,13002059.4
23386,1758834000000,12981168.6
23387,1758837600000,12913168.4
23388,1758841200000,12944492.0
23389,1758844800000,12872349.3
23390,1758848400000,12892309.0
23391,1758852000000,12870870.7
23392,1758855600000,12914806.4
23393,1758859200000,12893158.0
23394,1758862800000,12879773.2
23395,1758866400000,12854466.8
23396,1758870000000,12954827.4
23397,1758873600000,12905438.2
23398,1758877200000,12897985.2
23399,1758880800000,12914381.2
23400,1758884400000,12740947.2
23401,1758888000000,12681999.9
23402,1758891600000,12570028.0
23403,1758895200000,12574503.2
23404,1758898800000,12535457.2
23405,1758902400000,12517392.4
23406,1758906000000,12630761.0
23407,1758909600000,12591650.2
23408,1758913200000,12551925.8
23409,1758916800000,12512574.8
23410,1758920400000,12506897.1
23411,1758924000000,12461046.4
23412,1758927600000,12458845.0
23413,1758931200000,12455920.6
23414,1758934800000,12460958.0
23415,1758938400000,12462950.8
23416,1758942000000,12431883.2
23417,1758945600000,12436945.8
23418,1758949200000,12442749.0
23419,1758952800000,12441754.2
23420,1758956400000,12414045.4
23421,1758960000000,12571197.0
23422,1758963600000,12554504.0
23423,1758967200000,12540493.6
23424,1758970800000,12522540.0
23425,1758974400000,12501328.2
23426,1758978000000,12459199.6
23427,1758981600000,12490007.4
23428,1758985200000,12479527.8
23429,1758988800000,12468345.8
23430,1758992400000,12476521.5
23431,1758996000000,12507271.0
23432,1758999600000,12486807.2
23433,1759003200000,12490092.0
23434,1759006800000,12521693.8
23435,1759010400000,12507434.4
23436,1759014000000,12512979.0
23437,1759017600000,12505766.4
23438,1759021200000,12494659.0
23439,1759024800000,12499710.8
23440,1759028400000,12513094.0
23441,1759032000000,12517496.4
23442,1759035600000,12520566.2
23443,1759039200000,12610549.2
23444,1759042800000,12571601.8
23445,1759046400000,12580704.6
23446,1759050000000,12506446.2
23447,1759053600000,12481903.0
23448,1759057200000,12471046.2
23449,1759060800000,12463678.6
23450,1759064400000,12467014.6
23451,1759068000000,12437428.2
23452,1759071600000,12375694.8
23453,1759075200000,12373596.2
23454,1759078800000,12407082.0
23455,1759082400000,12381068.0
23456,1759086000000,12378492.0
23457,1759089600000,12348735.4
23458,1759093200000,12325082.4
23459,1759096800000,12289673.4
23460,1759100400000,12294489.0
23461,1759104000000,12276471.4
23462,1759107600000,12283910.2
23463,1759111200000,12476356.8
23464,1759114800000,12442748.0
23465,1759118400000,12427338.6
23466,1759122000000,12438463.6
23467,1759125600000,12420186.4
23468,1759129200000,12419632.8
23469,1759132800000,12354531.4
23470,1759136400000,12343241.1
23471,1759140000000,12352261.8
23472,1759143600000,12291866.2
23473,1759147200000,12314441.0
23474,1759150800000,12294435.2
23475,1759154400000,12268769.2
23476,1759158000000,12210983.2
23477,1759161600000,12179200.6
23478,1759165200000,12165526.2
23479,1759168800000,12187943.2
23480,1759172400000,12150193.0
23481,1759176000000,12176934.4
23482,1759179600000,12310681.8
23483,1759183200000,12199947.0
23484,1759186800000,12193099.0
23485,1759190400000,12200036.8
23486,1759194000000,12196983.6
23487,1759197600000,12205398.4
23488,1759201200000,12195176.4
23489,1759204800000,12362211.4
23490,1759208400000,12359378.8
23491,1759212000000,12423408.5
23492,1759215600000,12441959.2
23493,1759219200000,12438409.6
23494,1759222800000,12430211.6
23495,1759226400000,12404491.2
23496,1759230000000,12398260.0
23497,1759233600000,12456856.4
23498,1759237200000,12481713.0
23499,1759240800000,12414047.6
23500,1759244400000,12533856.0
23501,1759248000000,12225948.0
23502,1759251600000,12194045.8
23503,1759255200000,12185467.6
23504,1759258800000,12164240.6
23505,1759262400000,12161895.0
23506,1759266000000,12128298.8
23507,1759269600000,12108796.8
23508,1759273200000,12100256.0
23509,1759276800000,12105374.0
23510,1759280400000,12122982.2
23511,1759284000000,12121094.8
23512,1759287600000,12137400.6
23513,1759291200000,12144972.8
23514,1759294800000,12170563.4
23515,1759298400000,12169412.6
23516,1759302000000,12260648.3
23517,1759305600000,12313568.4
23518,1759309200000,12463843.8
23519,1759312800000,12858578.0
23520,1759316400000,12840060.2
23521,1759320000000,12826860.0
23522,1759323600000,12782532.8
23523,1759327200000,12720451.5
23524,1759330800000,13005704.6
23525,1759334400000,12921802.2
23526,1759338000000,12852058.8
23527,1759341600000,12819858.0
23528,1759345200000,12802660.6
23529,1759348800000,12768340.6
23530,1759352400000,12762439.0
23531,1759356000000,12643793.2
23532,1759359600000,12598139.2
23533,1759363200000,12589662.4
23534,1759366800000,12611176.8
23535,1759370400000,12596618.4
23536,1759374000000,12528977.6
23537,1759377600000,12540068.6
23538,1759381200000,12486289.0
23539,1759384800000,12500881.6
23540,1759388400000,12535367.0
23541,1759392000000,12481851.6
23542,1759395600000,12527794.8
23543,1759399200000,12569469.8
23544,1759402800000,12627280.2
23545,1759406400000,12533509.2
23546,1759410000000,12524687.2
23547,1759413600000,12444397.4
23548,1759417200000,12446335.4
23549,1759420800000,12589824.8
23550,1759424400000,12645691.0
23551,1759428000000,12644411.4
23552,1759431600000,12511625.6
23553,1759435200000,12521878.8
23554,1759438800000,12524119.2
23555,1759442400000,12512958.4
23556,1759446000000,12531711.4
23557,1759449600000,12477338.6
23558,1759453200000,12501299.3
23559,1759456800000,12604624.4
23560,1759460400000,12574349.2
23561,1759464000000,12571048.2
23562,1759467600000,12576317.4
23563,1759471200000,12549864.6
23564,1759474800000,12514079.0
23565,1759478400000,12444543.8
23566,1759482000000,12425664.1
23567,1759485600000,12419304.8
23568,1759489200000,12424927.4
23569,1759492800000,12396605.4
23570,1759496400000,12400994.0
23571,1759500000000,12501206.2
23572,1759503600000,12366474.4
23573,1759507200000,12564620.8
23574,1759510800000,12714410.0
23575,1759514400000,12498538.6
23576,1759518000000,12499933.0
23577,1759521600000,12621184.2
23578,1759525200000,12559567.4
23579,1759528800000,12362739.0
23580,1759532400000,12357733.8
23581,1759536000000,12457962.4
23582,1759539600000,12452722.8
23583,1759543200000,12494616.4
23584,1759546800000,12474762.6
23585,1759550400000,12459141.6
23586,1759554000000,12431648.4
23587,1759557600000,12469836.0
23588,1759561200000,12472479.0
23589,1759564800000,12467237.4
23590,1759568400000,12465232.6
23591,1759572000000,12405134.8
23592,1759575600000,12389523.8
23593,1759579200000,12434624.0
23594,1759582800000,12423792.4
23595,1759586400000,12512866.4
23596,1759590000000,12471723.8
23597,1759593600000,12561134.8
23598,1759597200000,12593179.0
23599,1759600800000,12607940.8
23600,1759604400000,12605884.4
23601,1759608000000,12578324.8
23602,1759611600000,12570324.8
23603,1759615200000,12468325.4
23604,1759618800000,12647031.2
23605,1759622400000,12623575.0
23606,1759626000000,12593163.0
23607,1759629600000,12586210.0
23608,1759633200000,12513871.7
23609,1759636800000,12434754.2
23610,1759640400000,12611741.2
23611,1759644000000,12598174.1
23612,1759647600000,12605203.0
23613,1759651200000,12584080.8
23614,1759654800000,12598440.8
23615,1759658400000,12583787.2
23616,1759662000000,12565364.8
23617,1759665600000,12672424.4
23618,1759669200000,12685702.2
23619,1759672800000,12706768.0
23620,1759676400000,12663155.8
23621,1759680000000,12708607.6
23622,1759683600000,12644349.0
23623,1759687200000,12625169.4
23624,1759690800000,12561258.2
23625,1759694400000,12596943.4
23626,1759698000000,12347383.2
23627,1759701600000,12282970.0
23628,1759705200000,12313291.3
23629,1759708800000,12316168.0
23630,1759712400000,12338812.8
23631,1759716000000,12372813.2
23632,1759719600000,12372909.8
23633,1759723200000,12422249.0
23634,1759726800000,12397676.4
23635,1759730400000,12387179.0
23636,1759734000000,12406466.0
23637,1759737600000,12405993.4
23638,1759741200000,12432175.6
23639,1759744800000,12453440.8
23640,1759748400000,12466319.6
23641,1759752000000,12477611.2
23642,1759755600000,12672991.0
23643,1759759200000,12839454.8
23644,1759762800000,12822773.2
23645,1759766400000,12880883.6
23646,1759770000000,12919027.0
23647,1759773600000,12906889.8
23648,1759777200000,12908856.6
23649,1759780800000,12854046.8
23650,1759784400000,12935249.8
23651,1759788000000,12902136.6
23652,1759791600000,12907312.4
23653,1759795200000,12875061.8
23654,1759798800000,12870431.4
23655,1759802400000,12857380.4
23656,1759806000000,12796353.4
23657,1759809600000,12758067.8
23658,1759813200000,12896423.8
23659,1759816800000,12898616.4
23660,1759820400000,12790485.4
23661,1759824000000,12838293.2
23662,1759827600000,12504992.2
23663,1759831200000,12647949.8
23664,1759834800000,12816086.8
23665,1759838400000,12774185.2
23666,1759842000000,12747871.2
23667,1759845600000,12881655.0
23668,1759849200000,12930058.6
23669,1759852800000,12620299.6
23670,1759856400000,12617631.4
23671,1759860000000,12552465.4
23672,1759863600000,12507148.4
23673,1759867200000,12644732.4
23674,1759870800000,12588825.8
23675,1759874400000,12480035.8
23676,1759878000000,12447910.6
23677,1759881600000,12394038.2
23678,1759885200000,12421871.0
23679,1759888800000,12413087.4
23680,1759892400000,12417112.4
23681,1759896000000,12288651.6
23682,1759899600000,12238819.6
23683,1759903200000,12446266.6
23684,1759906800000,12534601.2
23685,1759910400000,12525977.8
23686,1759914000000,12582893.2
23687,1759917600000,12590097.0
23688,1759921200000,12578631.0
23689,1759924800000,12564334.4
23690,1759928400000,12576981.2
23691,1759932000000,12582754.8
23692,1759935600000,12564139.1
23693,1759939200000,12578878.6
23694,1759942800000,12598528.6
23695,1759946400000,12611401.3
23696,1759950000000,12559498.0
23697,1759953600000,12547593.6
23698,1759957200000,12512444.6
23699,1759960800000,12441964.6
23700,1759964400000,12452051.2
23701,1759968000000,12445648.2
23702,1759971600000,12430293.8
23703,1759975200000,12425656.0
23704,1759978800000,12529140.2
23705,1759982400000,12471084.4
23706,1759986000000,12486685.2
23707,1759989600000,12478332.8
23708,1759993200000,12591680.0
23709,1759996800000,12609841.0
23710,1760000400000,12516303.2
23711,1760004000000,12400842.0
23712,1760007600000,12431402.0
23713,1760011200000,12466068.4
23714,1760014800000,12500796.2
23715,1760018400000,12448930.6
23716,1760022000000,12503588.8
23717,1760025600000,12441708.6
23718,1760029200000,12439067.1
23719,1760032800000,12559279.5
23720,1760036400000,12441946.0
23721,1760040000000,12496283.0
23722,1760043600000,12514095.6
23723,1760047200000,12417829.8
23724,1760050800000,12542893.2
23725,1760054400000,12546588.8
23726,1760058000000,12555726.2
23727,1760061600000,12548777.4
23728,1760065200000,12565480.0
23729,1760068800000,12692709.0
23730,1760072400000,12679034.4
23731,1760076000000,12773888.2
23732,1760079600000,12521619.8
23733,1760083200000,12525948.5
23734,1760086800000,12529726.8
23735,1760090400000,12517812.6
23736,1760094000000,12504703.6
23737,1760097600000,12659212.0
23738,1760101200000,12690483.8
23739,1760104800000,12604345.0
23740,1760108400000,12405975.7
23741,1760112000000,12047752.2
23742,1760115600000,12095122.6
23743,1760119200000,12113925.6
23744,1760122800000,12045620.0
23745,1760126400000,11886879.0
23746,1760130000000,11645854.2
23747,1760133600000,11279469.0
23748,1760137200000,10984205.8
23749,1760140800000,11297251.9
23750,1760144400000,11970938.2
23751,1760148000000,11747920.4
23752,1760151600000,10995575.0
23753,1760155200000,10441189.69999999
23754,1760158800000,10212263.8
23755,1760162400000,9931087.19999999
23756,1760166000000,9706903.4
23757,1760169600000,9411875.4
23758,1760173200000,9281427.8
23759,1760176800000,9219457.0
23760,1760180400000,9337525.19999999
23761,1760184000000,9198016.6
23762,1760187600000,9119615.0
23763,1760191200000,9184923.8
23764,1760194800000,9337055.0
23765,1760198400000,9246423.0
23766,1760202000000,9285899.4
23767,1760205600000,9374385.0
23768,1760209200000,9543355.4
23769,1760212800000,8975641.6
23770,1760216400000,9267172.8
23771,1760220000000,9082690.19999999
23772,1760223600000,8928498.0
23773,1760227200000,8982822.4
23774,1760230800000,8962517.6
23775,1760234400000,9289537.0
23776,1760238000000,9407989.6
23777,1760241600000,9335003.6
23778,1760245200000,9335588.4
23779,1760248800000,9365907.4
23780,1760252400000,9355574.0
23781,1760256000000,9293923.19999999
23782,1760259600000,9240543.19999999
23783,1760263200000,9200694.8
23784,1760266800000,9147534.0
23785,1760270400000,9194262.19999999
23786,1760274000000,9164594.9
23787,1760277600000,9294902.69999999
23788,1760281200000,9295004.5
23789,1760284800000,9223772.6
23790,1760288400000,9271610.0
23791,1760292000000,9202485.8
23792,1760295600000,9220726.6
23793,1760299200000,9473419.0
23794,1760302800000,9470827.19999999
23795,1760306400000,9429961.4
23796,1760310000000,9583337.4
23797,1760313600000,9508513.0
23798,1760317200000,9365806.8
23799,1760320800000,9370739.19999999
23800,1760324400000,9451592.8
23801,1760328000000,9435861.3
23802,1760331600000,9395764.4
23803,1760335200000,9397423.19999999
23804,1760338800000,9373835.19999999
23805,1760342400000,9324486.0
23806,1760346000000,9306816.6
23807,1760349600000,9274696.0
23808,1760353200000,9290882.8
23809,1760356800000,9129707.6
23810,1760360400000,9099717.1
23811,1760364000000,9052771.69999999
23812,1760367600000,9120728.4
23813,1760371200000,9086208.4
23814,1760374800000,9396798.4
23815,1760378400000,9325213.8
23816,1760382000000,9321388.19999999
23817,1760385600000,9308006.9
23818,1760389200000,9358200.4
23819,1760392800000,9251404.6
23820,1760396400000,9124082.0
23821,1760400000000,9317697.6
23822,1760403600000,9227084.4
23823,1760407200000,9202073.4
23824,1760410800000,9134337.0
23825,1760414400000,9063094.19999999
23826,1760418000000,9096603.6
23827,1760421600000,9105476.3
23828,1760425200000,9084945.8
23829,1760428800000,9044347.0
23830,1760432400000,8994901.19999999
23831,1760436000000,8956477.6
23832,1760439600000,9072988.19999999
23833,1760443200000,8958744.0
23834,1760446800000,9025940.6
23835,1760450400000,8929229.19999999
23836,1760454000000,8916068.4
23837,1760457600000,8943746.8
23838,1760461200000,8978090.19999999
23839,1760464800000,9006005.4
23840,1760468400000,9067834.4
23841,1760472000000,9084952.4
23842,1760475600000,9018180.0
23843,1760479200000,9079372.6
23844,1760482800000,9058588.6
23845,1760486400000,9065005.0
23846,1760490000000,8993876.0
23847,1760493600000,8937834.6
23848,1760497200000,9023550.0
23849,1760500800000,8874069.6
23850,1760504400000,8837624.8
23851,1760508000000,8879897.19999999
23852,1760511600000,8820427.8
23853,1760515200000,8769230.19999999
23854,1760518800000,8781465.0
23855,1760522400000,8745147.0
23856,1760526000000,8811661.6
23857,1760529600000,8762264.4
23858,1760533200000,8543814.8
23859,1760536800000,8769888.6
23860,1760540400000,8987391.0
23861,1760544000000,8943247.4
23862,1760547600000,8878731.5
23863,1760551200000,8892142.4
23864,1760554800000,8857507.19999999
23865,1760558400000,8848692.4
23866,1760562000000,8868561.8
23867,1760565600000,8758477.4
23868,1760569200000,8996439.0
23869,1760572800000,8936621.19999999
23870,1760576400000,8878655.8
23871,1760580000000,8880343.19999999
23872,1760583600000,8862664.6
23873,1760587200000,8864099.4
23874,1760590800000,8866374.19999999
23875,1760594400000,8856117.19999999
23876,1760598000000,8825589.4
23877,1760601600000,8838254.0
23878,1760605200000,8861843.19999999
23879,1760608800000,9131554.6
23880,1760612400000,9129965.4
23881,1760616000000,9094353.6
23882,1760619600000,9115055.19999999
23883,1760623200000,8974081.19999999
23884,1760626800000,8929672.0
23885,1760630400000,9042901.8
23886,1760634000000,9399119.5
23887,1760637600000,9042181.4
23888,1760641200000,9223753.3
23889,1760644800000,9101400.8
23890,1760648400000,9174709.19999999
23891,1760652000000,9113144.0
23892,1760655600000,9268735.4
23893,1760659200000,9233795.4
23894,1760662800000,9081049.0
23895,1760666400000,9036020.0
23896,1760670000000,9054864.6
23897,1760673600000,9032512.6
23898,1760677200000,9140978.8
23899,1760680800000,9038530.4
23900,1760684400000,9009639.6
23901,1760688000000,8983990.19999999
23902,1760691600000,8779200.6
23903,1760695200000,8876894.8
23904,1760698800000,8840886.0
23905,1760702400000,8778951.8
23906,1760706000000,8785218.0
23907,1760709600000,8552930.6
23908,1760713200000,8481715.6
23909,1760716800000,8608954.6
23910,1760720400000,8460632.6
23911,1760724000000,8443799.0
23912,1760727600000,8711060.8
23913,1760731200000,8573020.19999999
23914,1760734800000,8584543.0
23915,1760738400000,8577472.8
23916,1760742000000,8559229.0
23917,1760745600000,8459055.4
23918,1760749200000,8489673.3
23919,1760752800000,8453102.19999999
23920,1760756400000,8426540.8
23921,1760760000000,8392752.4
23922,1760763600000,8345443.8
23923,1760767200000,8310425.0
23924,1760770800000,8267003.7
23925,1760774400000,8260010.2
23926,1760778000000,8188208.4
23927,1760781600000,8436646.6
23928,1760785200000,8545516.19999999
23929,1760788800000,8614176.4
23930,1760792400000,8730274.8
23931,1760796000000,8624355.6
23932,1760799600000,8512206.0
23933,1760803200000,8644540.19999999
23934,1760806800000,8435354.4
23935,1760810400000,8446701.8
23936,1760814000000,8426158.0
23937,1760817600000,8380040.2
23938,1760821200000,8327241.2
23939,1760824800000,8262824.0
23940,1760828400000,8263075.0
23941,1760832000000,8272165.6
23942,1760835600000,8243428.4
23943,1760839200000,8246420.2
23944,1760842800000,8276470.2
23945,1760846400000,8293298.6
23946,1760850000000,8258861.4
23947,1760853600000,8258560.6
23948,1760857200000,8244394.8
23949,1760860800000,8209750.0
23950,1760864400000,8336189.8
23951,1760868000000,8295427.9
23952,1760871600000,8331495.4
23953,1760875200000,8326664.0
23954,1760878800000,8336530.4
23955,1760882400000,8276728.6
23956,1760886000000,8955146.8
23957,1760889600000,8925864.19999999
23958,1760893200000,8720740.8
23959,1760896800000,8717359.6
23960,1760900400000,8642591.8
23961,1760904000000,8762869.6
23962,1760907600000,8864966.0
23963,1760911200000,8737939.4
23964,1760914800000,8689167.19999999
23965,1760918400000,8627545.0
23966,1760922000000,8567898.4
23967,1760925600000,8433270.19999999
23968,1760929200000,8611876.6
23969,1760932800000,8329380.9
23970,1760936400000,8232956.2
23971,1760940000000,8049112.1
23972,1760943600000,7882252.2
23973,1760947200000,7831348.6
23974,1760950800000,7940358.2
23975,1760954400000,7961471.4
23976,1760958000000,7962739.8
23977,1760961600000,7857548.9
23978,1760965200000,7778831.0
23979,1760968800000,7807123.6
23980,1760972400000,7845773.2
23981,1760976000000,7828221.0
23982,1760979600000,7876344.4
23983,1760983200000,7909620.2
23984,1760986800000,7920026.2
23985,1760990400000,7997614.2
23986,1760994000000,8010626.8
23987,1760997600000,7943321.4
23988,1761001200000,7915709.2
23989,1761004800000,7865909.2
23990,1761008400000,7798829.4
23991,1761012000000,7886330.2
23992,1761015600000,7868898.8
23993,1761019200000,7894737.6
23994,1761022800000,7786790.0
23995,1761026400000,7754169.2
23996,1761030000000,7740538.0
23997,1761033600000,7765270.7
23998,1761037200000,7700924.4
23999,1761040800000,7847337.1
24000,1761044400000,7888290.2
24001,1761048000000,7991924.6
24002,1761051600000,8028884.4
24003,1761055200000,7705250.9
24004,1761058800000,7475720.0
24005,1761062400000,7396852.2
24006,1761066000000,7395311.5
24007,1761069600000,7423221.0
24008,1761073200000,7449079.2
24009,1761076800000,7461024.8
24010,1761080400000,7465134.0
24011,1761084000000,7331051.2
24012,1761087600000,7477916.8
24013,1761091200000,7472802.4
24014,1761094800000,7476190.0
24015,1761098400000,7565076.4
24016,1761102000000,7616785.8
24017,1761105600000,7521839.2
24018,1761109200000,7616279.8
24019,1761112800000,7557686.0
24020,1761116400000,7618855.4
24021,1761120000000,7600292.2
24022,1761123600000,7543798.4
24023,1761127200000,7483185.4
24024,1761130800000,7507414.8
24025,1761134400000,7533227.8
24026,1761138000000,7501992.2
24027,1761141600000,7561716.4
24028,1761145200000,7548043.2
24029,1761148800000,7531148.6
24030,1761152400000,7547997.2
24031,1761156000000,7584903.2
24032,1761159600000,7637824.8
24033,1761163200000,7634122.4
24034,1761166800000,7618389.0
24035,1761170400000,7616710.3
24036,1761174000000,7673408.2
24037,1761177600000,7747581.0
24038,1761181200000,7666202.6
24039,1761184800000,7645987.2
24040,1761188400000,7609489.2
24041,1761192000000,7697738.8
24042,1761195600000,7838732.2
24043,1761199200000,7707598.8
24044,1761202800000,7627033.4
24045,1761206400000,7580075.8
24046,1761210000000,7534151.0
24047,1761213600000,7582071.4
24048,1761217200000,7706060.5
24049,1761220800000,7713731.2
24050,1761224400000,7573732.6
24051,1761228000000,7595765.2
24052,1761231600000,7564355.2
24053,1761235200000,7576686.8
24054,1761238800000,7546868.9
24055,1761242400000,7719440.5
24056,1761246000000,7678272.0
24057,1761249600000,7691479.0
24058,1761253200000,7589917.1
24059,1761256800000,7538542.4
24060,1761260400000,7530278.2
24061,1761264000000,7528931.0
24062,1761267600000,7527846.4
24063,1761271200000,7529196.0
24064,1761274800000,7488639.4
24065,1761278400000,7501002.0
24066,1761282000000,7527774.8
24067,1761285600000,7493593.4
24068,1761289200000,7424065.8
24069,1761292800000,7395625.4
24070,1761296400000,7390459.0
24071,1761300000000,7394064.0
24072,1761303600000,7385549.4
24073,1761307200000,7486426.4
24074,1761310800000,7527244.8
24075,1761314400000,7570025.6
24076,1761318000000,7585862.0
24077,1761321600000,7563232.0
24078,1761325200000,7527629.2
24079,1761328800000,7465027.8
24080,1761332400000,7419204.0
24081,1761336000000,7442233.9
24082,1761339600000,7549829.6
24083,1761343200000,7401557.8
24084,1761346800000,7348791.0
24085,1761350400000,7335765.1
24086,1761354000000,7309073.6
24087,1761357600000,7294030.6
24088,1761361200000,7308230.2
24089,1761364800000,7310405.0
24090,1761368400000,7297038.6
24091,1761372000000,7313297.4
24092,1761375600000,7395086.8
24093,1761379200000,7391142.4
24094,1761382800000,7356271.0
24095,1761386400000,7358942.0
24096,1761390000000,7329325.5
24097,1761393600000,7348330.1
24098,1761397200000,7330570.0
24099,1761400800000,7397577.0
24100,1761404400000,7558389.6
24101,1761408000000,7312177.0
24102,1761411600000,7274513.8
24103,1761415200000,7267968.2
24104,1761418800000,7382656.0
24105,1761422400000,7317117.6
24106,1761426000000,7292460.8
24107,1761429600000,7176737.0
24108,1761433200000,7172496.6
24109,1761436800000,7170165.6
24110,1761440400000,7182606.4
24111,1761444000000,7223189.4
24112,1761447600000,7179962.6
24113,1761451200000,7154514.4
24114,1761454800000,7154677.0
24115,1761458400000,7132106.6
24116,1761462000000,7115582.0
24117,1761465600000,7119685.0
24118,1761469200000,7101969.6
24119,1761472800000,7155239.0
24120,1761476400000,7166090.8
24121,1761480000000,7353713.4
24122,1761483600000,7317525.0
24123,1761487200000,7223147.0
24124,1761490800000,7216121.8
24125,1761494400000,7187321.6
24126,1761498000000,7161664.6
24127,1761501600000,7152032.0
24128,1761505200000,7233568.8
24129,1761508800000,7242522.8
24130,1761512400000,7344867.8
24131,1761516000000,7202604.0
24132,1761519600000,7090355.4
24133,1761523200000,7061271.0
24134,1761526800000,7056417.0
24135,1761530400000,7071610.4
24136,1761534000000,7018368.8
24137,1761537600000,7071357.4
24138,1761541200000,7018445.0
24139,1761544800000,6995676.4
24140,1761548400000,6978600.0
24141,1761552000000,6936875.2
24142,1761555600000,6964007.0
24143,1761559200000,7082468.6
24144,1761562800000,7065405.4
24145,1761566400000,7057079.0
24146,1761570000000,7022245.8
24147,1761573600000,7431121.6
24148,1761577200000,7465391.6
24149,1761580800000,7535493.6
24150,1761584400000,7638800.0
24151,1761588000000,7914866.4
24152,1761591600000,7651144.2
24153,1761595200000,7628896.8
24154,1761598800000,7553010.4
24155,1761602400000,7406636.2
24156,1761606000000,7386359.8
24157,1761609600000,7348743.2
24158,1761613200000,7357842.0
24159,1761616800000,7354918.2
24160,1761620400000,7394856.8
24161,1761624000000,7305642.6
24162,1761627600000,7375296.8
24163,1761631200000,7389619.4
24164,1761634800000,7370552.2
24165,1761638400000,7310791.8
24166,1761642000000,7249552.0
24167,1761645600000,7318729.6
24168,1761649200000,7315265.6
24169,1761652800000,7308798.6
24170,1761656400000,7242681.4
24171,1761660000000,7258824.6
24172,1761663600000,7330527.1
24173,1761667200000,7361400.3
24174,1761670800000,7349495.1
24175,1761674400000,7383997.8
24176,1761678000000,7369655.4
24177,1761681600000,7313301.6
24178,1761685200000,7505966.2
24179,1761688800000,7502787.2
24180,1761692400000,7438557.0
24181,1761696000000,7444556.0
24182,1761699600000,7420206.4
24183,1761703200000,7374003.0
24184,1761706800000,7363505.6
24185,1761710400000,7383630.2
24186,1761714000000,7357812.6
24187,1761717600000,7348536.2
24188,1761721200000,7359385.0
24189,1761724800000,7355805.0
24190,1761728400000,7337822.4
24191,1761732000000,7326282.2
24192,1761735600000,7387905.8
24193,1761739200000,7505111.6
24194,1761742800000,7507791.2
24195,1761746400000,7472420.2
24196,1761750000000,7438281.8
24197,1761753600000,7391213.8
24198,1761757200000,7326282.9
24199,1761760800000,7348885.0
24200,1761764400000,7407416.4
24201,1761768000000,7292577.8
24202,1761771600000,7332051.2
24203,1761775200000,7335934.4
24204,1761778800000,7404585.6
24205,1761782400000,7509033.0
24206,1761786000000,7524215.2
24207,1761789600000,7519732.1
24208,1761793200000,7535934.6
24209,1761796800000,7493581.6
24210,1761800400000,7663788.8
24211,1761804000000,7646616.4
24212,1761807600000,7690519.0
24213,1761811200000,7687163.4
24214,1761814800000,7631396.4
24215,1761818400000,7588689.4
24216,1761822000000,7630406.8
24217,1761825600000,7572382.4
24218,1761829200000,7560246.4
24219,1761832800000,7697658.8
24220,1761836400000,7698914.2
24221,1761840000000,7697721.6
24222,1761843600000,7644815.6
24223,1761847200000,7780017.4
24224,1761850800000,7728766.0
24225,1761854400000,7659472.7
24226,1761858000000,7760929.0
24227,1761861600000,7560963.0
24228,1761865200000,7517295.4
24229,1761868800000,7535277.6
24230,1761872400000,7538847.2
24231,1761876000000,7535968.6
24232,1761879600000,7490651.6
24233,1761883200000,7464473.8
24234,1761886800000,7431917.2
24235,1761890400000,7455610.0
24236,1761894000000,7485067.8
24237,1761897600000,7548014.8
24238,1761901200000,7542549.2
24239,1761904800000,7500449.6
24240,1761908400000,7559034.8
24241,1761912000000,7651569.8
24242,1761915600000,7667287.2
24243,1761919200000,7637639.0
24244,1761922800000,7670445.0
24245,1761926400000,7591871.2
24246,1761930000000,7545104.4
24247,1761933600000,7543659.4
24248,1761937200000,7604222.2
24249,1761940800000,7571535.0
24250,1761944400000,7556180.6
24251,1761948000000,7516015.4
24252,1761951600000,7543353.0
24253,1761955200000,7390333.8
24254,1761958800000,7426268.3
24255,1761962400000,7556158.6
24256,1761966000000,7622309.6
24257,1761969600000,7622895.0
24258,1761973200000,7634268.6
24259,1761976800000,7715931.0
24260,1761980400000,7662099.0
24261,1761984000000,7578453.0
24262,1761987600000,7551456.5
24263,1761991200000,7603616.8
24264,1761994800000,7380019.8
24265,1761998400000,7506059.4
24266,1762002000000,7632300.8
24267,1762005600000,7572989.1
24268,1762009200000,7635369.0
24269,1762012800000,7632160.8
24270,1762016400000,7665177.4
24271,1762020000000,7626749.8
24272,1762023600000,7667073.4
24273,1762027200000,7715888.2
24274,1762030800000,7730762.0
24275,1762034400000,7560046.8
24276,1762038000000,7473663.8
24277,1762041600000,7606216.0
24278,1762045200000,7646825.8
24279,1762048800000,7882353.8
24280,1762052400000,7858084.6
24281,1762056000000,7820017.8
24282,1762059600000,7852439.4
24283,1762063200000,7980852.8
24284,1762066800000,7948230.0
24285,1762070400000,8109436.5
24286,1762074000000,8213148.0
24287,1762077600000,8657015.19999999
24288,1762081200000,8219099.2
24289,1762084800000,8176409.2
24290,1762088400000,8329982.9
24291,1762092000000,8263337.0
24292,1762095600000,8125644.0
24293,1762099200000,8047181.4
24294,1762102800000,8006064.8
24295,1762106400000,8047730.6
24296,1762110000000,7984922.8
24297,1762113600000,7983116.2
24298,1762117200000,7984337.4
24299,1762120800000,7983073.8
24300,1762124400000,8018860.6
24301,1762128000000,7987979.8
24302,1762131600000,7978297.0
24303,1762135200000,8097319.8
24304,1762138800000,8042862.2
24305,1762142400000,7878946.4
24306,1762146000000,7888708.0
24307,1762149600000,7726084.6
24308,1762153200000,7754303.4
24309,1762156800000,7751808.8
24310,1762160400000,7733827.0
24311,1762164000000,7725342.0
24312,1762167600000,7665704.8
24313,1762171200000,7597426.0
24314,1762174800000,7535301.6
24315,1762178400000,7524795.2
24316,1762182000000,7736420.0
24317,1762185600000,8097480.3
24318,1762189200000,8166197.2
24319,1762192800000,8093259.4
24320,1762196400000,8087096.2
24321,1762200000000,8219696.6
24322,1762203600000,8223001.8
24323,1762207200000,8307759.2
24324,1762210800000,8293009.8
24325,1762214400000,8242440.8
24326,1762218000000,8187165.0
24327,1762221600000,8185050.0
24328,1762225200000,8166549.2
24329,1762228800000,8251995.8
24330,1762232400000,8473016.9
24331,1762236000000,8560131.6
24332,1762239600000,8692545.0
24333,1762243200000,8793880.0
24334,1762246800000,8888344.0
24335,1762250400000,8902802.9
24336,1762254000000,9019095.8
24337,1762257600000,9037942.4
24338,1762261200000,8977139.6
24339,1762264800000,9079827.0
24340,1762268400000,8979270.19999999
24341,1762272000000,9346370.0
24342,1762275600000,9048736.4
24343,1762279200000,9337584.19999999
24344,1762282800000,9220394.0
24345,1762286400000,9142528.4
24346,1762290000000,9404323.4
24347,1762293600000,9376013.8
24348,1762297200000,9249712.0
24349,1762300800000,9153974.4
24350,1762304400000,9228859.6
24351,1762308000000,9115056.69999999
24352,1762311600000,9064921.0
24353,1762315200000,8974394.1
24354,1762318800000,8890972.6
24355,1762322400000,8829407.0
24356,1762326000000,8960091.19999999
24357,1762329600000,8935539.8
24358,1762333200000,9072281.5
24359,1762336800000,8925713.0
24360,1762340400000,8793650.0
24361,1762344000000,8606725.8
24362,1762347600000,8620366.19999999
24363,1762351200000,8690214.5
24364,1762354800000,8824359.0
24365,1762358400000,8833981.0
24366,1762362000000,9157804.6
24367,1762365600000,9129213.0
24368,1762369200000,9267177.4
24369,1762372800000,9208554.0
24370,1762376400000,9060358.6
24371,1762380000000,8923341.4
24372,1762383600000,8801700.8
24373,1762387200000,8823460.19999999
24374,1762390800000,9148573.4
24375,1762394400000,9045718.19999999
24376,1762398000000,8976209.19999999
24377,1762401600000,8907802.4
24378,1762405200000,8917926.6
24379,1762408800000,8974206.19999999
24380,1762412400000,9261603.8
24381,1762416000000,9170616.4
24382,1762419600000,9182202.8
24383,1762423200000,9181018.0
24384,1762426800000,9180513.19999999
24385,1762430400000,9213107.19999999
24386,1762434000000,9392115.19999999
24387,1762437600000,9834719.6
24388,1762441200000,9897979.4
24389,1762444800000,10066820.8
24390,1762448400000,10103410.9
24391,1762452000000,10483478.8
24392,1762455600000,11560651.1
24393,1762459200000,14400863.7
24394,1762462800000,14146329.6
24395,1762466400000,14542625.6
24396,1762470000000,14746857.3
24397,1762473600000,15347995.3
24398,1762477200000,16558990.2
24399,1762480800000,15880836.3
24400,1762484400000,15890791.6
24401,1762488000000,16366301.9
24402,1762491600000,16057853.8
24403,1762495200000,16374201.9
24404,1762498800000,16289557.6
24405,1762502400000,16062678.5
24406,1762506000000,16450759.8
24407,1762509600000,16481538.8
24408,1762513200000,16049232.8
24409,1762516800000,15737527.4
24410,1762520400000,16081955.3
24411,1762524000000,16929389.3
24412,1762527600000,16299852.9
24413,1762531200000,16988597.39999999
24414,1762534800000,17611665.39999999
24415,1762538400000,17043880.6
24416,1762542000000,17158049.39999999
24417,1762545600000,17384802.39999999
24418,1762549200000,17491020.1
24419,1762552800000,17934219.0
24420,1762556400000,17224213.5
24421,1762560000000,17774131.0
24422,1762563600000,17277365.0
24423,1762567200000,17109447.2
24424,1762570800000,17434161.5
24425,1762574400000,17709517.2
24426,1762578000000,18059019.6
24427,1762581600000,18805203.8
24428,1762585200000,19572969.0
24429,1762588800000,19714571.0
24430,1762592400000,20098038.1
24431,1762596000000,19208005.1
24432,1762599600000,19595658.0
24433,1762603200000,19253819.8
24434,1762606800000,19478910.89999999
24435,1762610400000,18963803.3
24436,1762614000000,17910182.8
24437,1762617600000,17486872.6
24438,1762621200000,19152003.2
24439,1762624800000,18711567.0
24440,1762628400000,18087634.6
24441,1762632000000,18089063.5
24442,1762635600000,18132762.7
24443,1762639200000,17723924.39999999
24444,1762642800000,16979469.0
24445,1762646400000,17047948.6
24446,1762650000000,16860730.0
24447,1762653600000,16802470.0
24448,1762657200000,16826920.89999999
24449,1762660800000,16772150.8
24450,1762664400000,15949975.0
24451,1762668000000,16223971.2
24452,1762671600000,15988031.0
24453,1762675200000,15950740.6
24454,1762678800000,16105479.2
24455,1762682400000,16249645.0
24456,1762686000000,15958294.8
24457,1762689600000,15634223.9
24458,1762693200000,15964856.3
24459,1762696800000,15138383.8
24460,1762700400000,14992018.2
24461,1762704000000,14712237.3
24462,1762707600000,14643947.2
24463,1762711200000,14324046.3
24464,1762714800000,14490550.4
24465,1762718400000,14473662.6
24466,1762722000000,14304467.1
24467,1762725600000,14092797.4
24468,1762729200000,13848619.1
24469,1762732800000,13862580.4
24470,1762736400000,13886882.6
24471,1762740000000,13933263.6
24472,1762743600000,13835192.8
24473,1762747200000,13375363.4
24474,1762750800000,13206330.2
24475,1762754400000,13337234.4
24476,1762758000000,13271277.0
24477,1762761600000,13325345.8
24478,1762765200000,13215403.0
24479,1762768800000,13309193.0
24480,1762772400000,13284401.8
24481,1762776000000,13192835.4
24482,1762779600000,13060392.6
24483,1762783200000,13336858.6
24484,1762786800000,13263963.0
24485,1762790400000,13172231.4
24486,1762794000000,13122816.3
24487,1762797600000,13342027.2
24488,1762801200000,13384558.3
24489,1762804800000,13492698.8
24490,1762808400000,13216184.6
24491,1762812000000,12969605.9
24492,1762815600000,12990659.2
24493,1762819200000,12866845.0
24494,1762822800000,12724476.0
24495,1762826400000,12579004.8
24496,1762830000000,12660491.4
24497,1762833600000,12661889.0
24498,1762837200000,12432944.2
24499,1762840800000,12029937.2
24500,1762844400000,12081949.4
24501,1762848000000,11814942.4
24502,1762851600000,11568505.4
24503,1762855200000,11426884.8
24504,1762858800000,11399212.6
24505,1762862400000,11515139.9
24506,1762866000000,11505670.3
24507,1762869600000,11626964.4
24508,1762873200000,11609068.8
24509,1762876800000,11556172.9
24510,1762880400000,11686025.2
24511,1762884000000,11506657.6
24512,1762887600000,11702526.1
24513,1762891200000,11750809.6
24514,1762894800000,11940262.4
24515,1762898400000,11842661.4
24516,1762902000000,11686902.2
24517,1762905600000,11431108.1
24518,1762909200000,11324592.7
24519,1762912800000,11618249.0
24520,1762916400000,11436922.1
24521,1762920000000,11346909.7
24522,1762923600000,11289671.2
24523,1762927200000,11296284.8
24524,1762930800000,11352775.0
24525,1762934400000,11302844.6
24526,1762938000000,11463547.8
24527,1762941600000,11420936.4
24528,1762945200000,11482591.6
24529,1762948800000,11399824.2
24530,1762952400000,11371363.4
24531,1762956000000,11556925.6
24532,1762959600000,11169294.4
24533,1762963200000,11587123.6
24534,1762966800000,11754355.4
24535,1762970400000,11594826.2
24536,1762974000000,11401651.8
24537,1762977600000,11344847.4
24538,1762981200000,11575421.2
24539,1762984800000,11534558.1
24540,1762988400000,11415278.0
24541,1762992000000,11263350.0
24542,1762995600000,11243896.6
24543,1762999200000,11445961.6
24544,1763002800000,11429914.9
24545,1763006400000,11237527.19999999
24546,1763010000000,11124811.8
24547,1763013600000,11144625.69999999
24548,1763017200000,11085571.8
24549,1763020800000,11062119.6
24550,1763024400000,11109424.0
24551,1763028000000,11165705.6
24552,1763031600000,11140258.4
24553,1763035200000,11061607.69999999
24554,1763038800000,11054703.6
24555,1763042400000,10987487.0
24556,1763046000000,11193233.1
24557,1763049600000,11342915.3
24558,1763053200000,11332717.8
24559,1763056800000,11462725.6
24560,1763060400000,11630445.0
24561,1763064000000,12007494.2
24562,1763067600000,11995983.1
24563,1763071200000,11947155.0
24564,1763074800000,11812327.8
24565,1763078400000,11888705.4
24566,1763082000000,11901330.0
24567,1763085600000,12009052.6
24568,1763089200000,12159949.6
24569,1763092800000,12392558.4
24570,1763096400000,12556164.1
24571,1763100000000,12577644.6
24572,1763103600000,12572045.3
24573,1763107200000,12474195.1
24574,1763110800000,12723000.4
24575,1763114400000,12769175.6
24576,1763118000000,12692578.2
24577,1763121600000,12215347.8
24578,1763125200000,11740488.0
24579,1763128800000,11831745.6
24580,1763132400000,11814714.0
24581,1763136000000,11722327.0
24582,1763139600000,11776379.4
24583,1763143200000,11700501.4
24584,1763146800000,11913836.6
24585,1763150400000,11865095.2
24586,1763154000000,11760696.1
24587,1763157600000,11778913.4
24588,1763161200000,11885543.0
24589,1763164800000,11889876.4
24590,1763168400000,11774610.7
24591,1763172000000,11759327.2
24592,1763175600000,11803103.2
24593,1763179200000,11955015.8
24594,1763182800000,11774632.6
24595,1763186400000,11743258.8
24596,1763190000000,12202798.0
24597,1763193600000,11982321.9
24598,1763197200000,11406363.3
24599,1763200800000,11421699.0
24600,1763204400000,11651233.2
24601,1763208000000,11899987.2
24602,1763211600000,11852652.2
24603,1763215200000,11891845.4
24604,1763218800000,11903025.4
24605,1763222400000,11652103.8
24606,1763226000000,12411860.0
24607,1763229600000,12536673.2
24608,1763233200000,12489311.6
24609,1763236800000,12535448.8
24610,1763240400000,11961888.1
24611,1763244000000,11946114.8
24612,1763247600000,11879241.2
24613,1763251200000,11962162.6
24614,1763254800000,12054437.2
24615,1763258400000,11511536.5
24616,1763262000000,11484287.0
24617,1763265600000,11552268.4
24618,1763269200000,11461922.0
24619,1763272800000,11514972.0
24620,1763276400000,11937412.4
24621,1763280000000,11661289.8
24622,1763283600000,11595551.8
24623,1763287200000,11677144.6
24624,1763290800000,11510442.2
24625,1763294400000,11507022.0
24626,1763298000000,11604140.9
24627,1763301600000,11741474.8
24628,1763305200000,11621490.2
24629,1763308800000,11498595.0
24630,1763312400000,11191253.19999999
24631,1763316000000,11290906.4
24632,1763319600000,11121632.0
24633,1763323200000,11067212.8
24634,1763326800000,11057665.6
24635,1763330400000,10905726.8
24636,1763334000000,10878102.19999999
24637,1763337600000,11123355.4
24638,1763341200000,11063409.6
24639,1763344800000,11112589.19999999
24640,1763348400000,11141810.19999999
24641,1763352000000,11075263.9
24642,1763355600000,11033062.0
24643,1763359200000,10946874.69999999
24644,1763362800000,10941292.8
24645,1763366400000,11001283.19999999
24646,1763370000000,10962103.6
24647,1763373600000,10978336.4
24648,1763377200000,10926091.4
24649,1763380800000,11013064.0
24650,1763384400000,11030020.6
24651,1763388000000,10897874.19999999
24652,1763391600000,10718092.8
24653,1763395200000,10601018.19999999
24654,1763398800000,11329527.4
24655,1763402400000,11581876.6
24656,1763406000000,11472802.3
24657,1763409600000,11457192.3
24658,1763413200000,11263019.9
24659,1763416800000,11290936.3
24660,1763420400000,10839935.69999999
24661,1763424000000,10699516.0
24662,1763427600000,10950021.8
24663,1763431200000,11183707.19999999
24664,1763434800000,11210954.9
24665,1763438400000,11201019.5
24666,1763442000000,11201112.5
24667,1763445600000,11306785.4
24668,1763449200000,11553598.4
24669,1763452800000,11736002.8
24670,1763456400000,12083480.1
24671,1763460000000,12390702.4
24672,1763463600000,12391171.0
24673,1763467200000,12318845.0
24674,1763470800000,12232063.0
24675,1763474400000,12277306.8
24676,1763478000000,12165880.2
24677,1763481600000,12070810.6
24678,1763485200000,12333528.2
24679,1763488800000,12199230.9
24680,1763492400000,12136822.2
24681,1763496000000,12036095.2
24682,1763499600000,11925733.1
24683,1763503200000,11859722.3
24684,1763506800000,12078596.5
24685,1763510400000,12090041.2
24686,1763514000000,12114138.3
24687,1763517600000,12064847.0
24688,1763521200000,12034838.2
24689,1763524800000,12026815.0
24690,1763528400000,12084078.2
24691,1763532000000,12169331.0
24692,1763535600000,12228545.6
24693,1763539200000,12170797.8
24694,1763542800000,12061155.0
24695,1763546400000,11973834.0
24696,1763550000000,11966548.0
24697,1763553600000,11956466.8
24698,1763557200000,11829344.7
24699,1763560800000,11804141.9
24700,1763564400000,11758675.7
24701,1763568000000,11796065.2
24702,1763571600000,11949346.4
24703,1763575200000,11791507.5
24704,1763578800000,11839493.8
24705,1763582400000,11798296.6
24706,1763586000000,11735113.0
24707,1763589600000,11725278.4
24708,1763593200000,11664982.6
24709,1763596800000,11558777.4
24710,1763600400000,11607897.2
24711,1763604000000,11624172.2
24712,1763607600000,11595860.0
24713,1763611200000,11667248.2
24714,1763614800000,11636801.4
24715,1763618400000,11567919.3
24716,1763622000000,11331717.9
24717,1763625600000,11407487.8
24718,1763629200000,11395805.2
24719,1763632800000,11352503.6
24720,1763636400000,11223789.4
24721,1763640000000,11178765.6
24722,1763643600000,11260271.6
24723,1763647200000,11440405.8
24724,1763650800000,11429919.0
24725,1763654400000,11426400.7
24726,1763658000000,11357520.0
24727,1763661600000,11228086.0
24728,1763665200000,11159467.4
24729,1763668800000,11246510.19999999
24730,1763672400000,11243522.4
24731,1763676000000,11331438.8
24732,1763679600000,11332574.2
24733,1763683200000,11407116.6
24734,1763686800000,11428912.8
24735,1763690400000,11411814.2
24736,1763694000000,11395861.4
24737,1763697600000,11504738.6
24738,1763701200000,11653555.0
24739,1763704800000,11633372.4
24740,1763708400000,11739007.8
24741,1763712000000,11990637.7
24742,1763715600000,11976507.1
24743,1763719200000,11902634.3
24744,1763722800000,11858760.4
24745,1763726400000,11954105.8
24746,1763730000000,11746509.0
24747,1763733600000,11646202.2
24748,1763737200000,11624536.9
24749,1763740800000,11582728.5
24750,1763744400000,11873182.8
24751,1763748000000,11804237.0
24752,1763751600000,11805657.4
24753,1763755200000,11770649.6
24754,1763758800000,11717462.1
24755,1763762400000,11741635.9
24756,1763766000000,11628921.8
24757,1763769600000,11630685.8
24758,1763773200000,11516127.4
24759,1763776800000,11451076.0
24760,1763780400000,11427722.0
24761,1763784000000,11449804.8
24762,1763787600000,11472118.8
24763,1763791200000,11527544.3
24764,1763794800000,11544731.8
24765,1763798400000,11495881.4
24766,1763802000000,11593224.7
24767,1763805600000,11669297.8
24768,1763809200000,11721468.4
24769,1763812800000,11687631.0
24770,1763816400000,11640744.4
24771,1763820000000,11581658.0
24772,1763823600000,11591330.8
24773,1763827200000,11565558.4
24774,1763830800000,11672750.8
24775,1763834400000,11592268.2
24776,1763838000000,11624616.8
24777,1763841600000,11675401.8
24778,1763845200000,11541651.5
24779,1763848800000,11560803.4
24780,1763852400000,11386631.4
24781,1763856000000,11523643.4
24782,1763859600000,11566513.6
24783,1763863200000,11456553.2
24784,1763866800000,11565568.2
24785,1763870400000,11577524.2
24786,1763874000000,11472622.6
24787,1763877600000,11464083.2
24788,1763881200000,11415666.8
24789,1763884800000,11465719.6
24790,1763888400000,11459198.0
24791,1763892000000,11473394.8
24792,1763895600000,11436921.3
24793,1763899200000,11418226.8
24794,1763902800000,11427226.8
24795,1763906400000,11388958.0
24796,1763910000000,11324105.4
24797,1763913600000,11384301.6
24798,1763917200000,11304452.9
24799,1763920800000,11251962.19999999
24800,1763924400000,11264162.8
24801,1763928000000,11378621.4
24802,1763931600000,11436891.6
24803,1763935200000,11424843.0
24804,1763938800000,11369058.7
24805,1763942400000,11145945.4
24806,1763946000000,11133271.6
24807,1763949600000,11131256.8
24808,1763953200000,11188063.6
24809,1763956800000,11140334.0
24810,1763960400000,10974812.4
24811,1763964000000,11128613.8
24812,1763967600000,11223452.6
24813,1763971200000,11118473.6
24814,1763974800000,11170240.8
24815,1763978400000,11081275.6
24816,1763982000000,11160242.0
24817,1763985600000,11106139.6
24818,1763989200000,11111106.8
24819,1763992800000,11216839.8
24820,1763996400000,11098513.4
24821,1764000000000,11148289.6
24822,1764003600000,11210100.0
24823,1764007200000,11059328.6
24824,1764010800000,11054016.6
24825,1764014400000,11134248.0
24826,1764018000000,11013513.4
24827,1764021600000,10870659.8
24828,1764025200000,10832173.4
24829,1764028800000,10752419.19999999
24830,1764032400000,10728202.4
24831,1764036000000,10744848.6
24832,1764039600000,10630419.19999999
24833,1764043200000,10605484.19999999
24834,1764046800000,10611389.8
24835,1764050400000,10567125.6
24836,1764054000000,10540627.4
24837,1764057600000,10602413.8
24838,1764061200000,10599385.19999999
24839,1764064800000,10408938.6
24840,1764068400000,10520369.1
24841,1764072000000,10584015.8
24842,1764075600000,10501510.6
24843,1764079200000,10527151.8
24844,1764082800000,10474223.8
24845,1764086400000,10510151.8
24846,1764090000000,10443846.1
24847,1764093600000,10688970.3
24848,1764097200000,10601799.8
24849,1764100800000,10308480.8
24850,1764104400000,10113974.6
24851,1764108000000,10027458.8
24852,1764111600000,10174988.19999999
24853,1764115200000,10203428.6
24854,1764118800000,9980174.5
24855,1764122400000,9932526.5
24856,1764126000000,10027886.4
24857,1764129600000,10052346.19999999
24858,1764133200000,9990503.19999999
24859,1764136800000,10138958.4
24860,1764140400000,10212266.0
24861,1764144000000,9995216.0
24862,1764147600000,9986545.4
24863,1764151200000,10602769.4
24864,1764154800000,10565241.8
24865,1764158400000,10552521.19999999
24866,1764162000000,10455711.6
24867,1764165600000,9946346.6
24868,1764169200000,9869386.4
24869,1764172800000,9792208.8
24870,1764176400000,9775132.4
24871,1764180000000,10230023.4
24872,1764183600000,10233023.8
24873,1764187200000,10247425.8
24874,1764190800000,10335966.8
24875,1764194400000,10431378.6
24876,1764198000000,10492209.1
24877,1764201600000,10494394.5
24878,1764205200000,10518782.8
24879,1764208800000,10434387.6
24880,1764212400000,10361874.9
24881,1764216000000,10470502.8
24882,1764219600000,10517345.69999999
24883,1764223200000,10480188.6
24884,1764226800000,10495559.8
24885,1764230400000,10640952.0
24886,1764234000000,10700391.0
24887,1764237600000,10853446.3
24888,1764241200000,10857842.6
24889,1764244800000,10859305.4
24890,1764248400000,10884775.0
24891,1764252000000,10934854.4
24892,1764255600000,10932411.0
24893,1764259200000,10977719.8
24894,1764262800000,11071122.4
24895,1764266400000,11089032.0
24896,1764270000000,11048538.19999999
24897,1764273600000,11064883.0
24898,1764277200000,11063024.6
24899,1764280800000,11062227.0
24900,1764284400000,10998668.8
24901,1764288000000,10909503.8
24902,1764291600000,10941328.19999999
24903,1764295200000,10937113.8
24904,1764298800000,10785196.4
24905,1764302400000,10732749.4
24906,1764306000000,10688352.19999999
24907,1764309600000,10707975.4
24908,1764313200000,10909223.6
24909,1764316800000,10861023.0
24910,1764320400000,10692748.19999999
24911,1764324000000,10667146.0
24912,1764327600000,10693329.0
24913,1764331200000,10680061.19999999
24914,1764334800000,10636425.8
24915,1764338400000,10578220.5
24916,1764342000000,10582646.8
24917,1764345600000,10535517.4
24918,1764349200000,10488372.6
24919,1764352800000,10525908.8
24920,1764356400000,10414487.0
24921,1764360000000,10402936.8
24922,1764363600000,10379582.4
24923,1764367200000,10364987.19999999
24924,1764370800000,10352824.0
24925,1764374400000,10352609.4
24926,1764378000000,10372562.6
24927,1764381600000,10499442.19999999
24928,1764385200000,10384582.6
24929,1764388800000,10359384.8
24930,1764392400000,10329842.4
24931,1764396000000,10284798.6
24932,1764399600000,10294397.8
24933,1764403200000,10266817.19999999
24934,1764406800000,10315375.3
24935,1764410400000,10533893.8
24936,1764414000000,10446942.3
24937,1764417600000,10384721.19999999
24938,1764421200000,10377797.6
24939,1764424800000,10306084.8
24940,1764428400000,10317138.8
24941,1764432000000,10320066.0
24942,1764435600000,10333062.1
24943,1764439200000,10342856.4
24944,1764442800000,10347989.8
24945,1764446400000,10296081.8
24946,1764450000000,10284586.6
24947,1764453600000,10295014.4
24948,1764457200000,10275528.19999999
24949,1764460800000,10259809.8
24950,1764464400000,10210203.8
24951,1764468000000,10222980.0
24952,1764471600000,10249982.19999999
24953,1764475200000,10222558.8
24954,1764478800000,10220631.19999999
24955,1764482400000,10244487.8
24956,1764486000000,10258313.8
24957,1764489600000,10334162.8
24958,1764493200000,10298211.6
24959,1764496800000,10365495.69999999
24960,1764500400000,10291329.8
24961,1764504000000,10348852.6
24962,1764507600000,10285205.6
24963,1764511200000,10302157.6
24964,1764514800000,10288832.0
24965,1764518400000,10269099.19999999
24966,1764522000000,10241523.6
24967,1764525600000,10223914.8
24968,1764529200000,10283223.0
24969,1764532800000,10255533.19999999
24970,1764536400000,10235597.0
24971,1764540000000,10229274.8
24972,1764543600000,10169869.8
24973,1764547200000,10079232.9
24974,1764550800000,10531908.6
24975,1764554400000,10627655.6
24976,1764558000000,10709078.19999999
24977,1764561600000,10744456.19999999
24978,1764565200000,10747470.0
24979,1764568800000,10775583.6
24980,1764572400000,10849470.6
24981,1764576000000,10884672.8
24982,1764579600000,10834734.5
24983,1764583200000,10846915.6
24984,1764586800000,10848713.8
24985,1764590400000,10884306.4
24986,1764594000000,10858831.4
24987,1764597600000,11154496.69999999
24988,1764601200000,11212101.4
24989,1764604800000,11187267.4
24990,1764608400000,11132784.1
24991,1764612000000,11097128.6
24992,1764615600000,11087168.4
24993,1764619200000,11027545.4
24994,1764622800000,10993277.0
24995,1764626400000,10830117.8
24996,1764630000000,10746531.6
24997,1764633600000,10783606.0
24998,1764637200000,10829271.19999999
24999,1764640800000,10789633.69999999
25000,1764644400000,10793495.3
25001,1764648000000,10847787.0
25002,1764651600000,10818767.6
25003,1764655200000,10845076.4
25004,1764658800000,10791103.4
25005,1764662400000,10756631.6
25006,1764666000000,10735736.6
25007,1764669600000,10675020.9
25008,1764673200000,10695109.8
25009,1764676800000,10721563.4
25010,1764680400000,10727255.4
25011,1764684000000,10658682.0
25012,1764687600000,10672781.8
25013,1764691200000,10555101.4
25014,1764694800000,10608655.4
25015,1764698400000,10566907.4
25016,1764702000000,10567034.8
25017,1764705600000,10516559.4
25018,1764709200000,10372755.0
25019,1764712800000,10381498.0
25020,1764716400000,10396581.6
25021,1764720000000,10382169.19999999
25022,1764723600000,10421871.4
25023,1764727200000,10426182.19999999
25024,1764730800000,10433503.0
25025,1764734400000,10604570.6
25026,1764738000000,10472382.8
25027,1764741600000,10471142.8
25028,1764745200000,10439858.6
25029,1764748800000,10413167.0
25030,1764752400000,10449843.6
25031,1764756000000,10474585.8
25032,1764759600000,10465332.19999999
25033,1764763200000,10424430.4
25034,1764766800000,10427678.4
25035,1764770400000,10449358.8
25036,1764774000000,10345238.5
25037,1764777600000,10283663.4
25038,1764781200000,10331068.19999999
25039,1764784800000,10280604.19999999
25040,1764788400000,10290482.0
25041,1764792000000,10268826.4
25042,1764795600000,10279905.1
25043,1764799200000,10256709.6
25044,1764802800000,10099146.19999999
25045,1764806400000,10106509.1
25046,1764810000000,10192405.6
25047,1764813600000,10171783.4
25048,1764817200000,10161570.0
25049,1764820800000,10156711.0
25050,1764824400000,10138941.0
25051,1764828000000,10150846.19999999
25052,1764831600000,10160653.8
25053,1764835200000,10159669.19999999
25054,1764838800000,10208014.8
25055,1764842400000,10261637.8
25056,1764846000000,10278153.8
25057,1764849600000,10324563.6
25058,1764853200000,10378043.8
25059,1764856800000,10373654.8
25060,1764860400000,10392492.1
25061,1764864000000,10410773.6
25062,1764867600000,10503315.19999999
25063,1764871200000,10421019.8
25064,1764874800000,10469534.69999999
25065,1764878400000,10193516.4
25066,1764882000000,10171249.6
25067,1764885600000,10170470.19999999
25068,1764889200000,10137700.4
25069,1764892800000,10156796.0
25070,1764896400000,10152413.0
25071,1764900000000,10134828.8
25072,1764903600000,10123435.19999999
25073,1764907200000,10150718.19999999
25074,1764910800000,10181092.8
25075,1764914400000,10147838.5
25076,1764918000000,10165113.6
25077,1764921600000,10150372.8
25078,1764925200000,10244057.4
25079,1764928800000,10224330.4
25080,1764932400000,10304251.0
25081,1764936000000,10332065.6
25082,1764939600000,10365325.8
25083,1764943200000,10425107.0
25084,1764946800000,10438064.4
25085,1764950400000,10448665.6
25086,1764954000000,10639188.1
25087,1764957600000,10680621.8
25088,1764961200000,10592063.8
25089,1764964800000,10663002.19999999
25090,1764968400000,10662665.0
25091,1764972000000,10720665.6
25092,1764975600000,10769058.0
25093,1764979200000,10717056.19999999
25094,1764982800000,10689219.19999999
25095,1764986400000,10675065.8
25096,1764990000000,10642463.6
25097,1764993600000,10634494.0
25098,1764997200000,10643904.19999999
25099,1765000800000,10651679.6
25100,1765004400000,10669829.8
25101,1765008000000,10681878.19999999
25102,1765011600000,10654930.8
25103,1765015200000,10684068.19999999
25104,1765018800000,10698908.4
25105,1765022400000,10697266.19999999
25106,1765026000000,10741618.6
25107,1765029600000,10732646.0
25108,1765033200000,10714627.8
25109,1765036800000,10734127.0
25110,1765040400000,10738437.0
25111,1765044000000,10743197.0
25112,1765047600000,10747363.19999999
25113,1765051200000,10805988.8
25114,1765054800000,11017451.4
25115,1765058400000,10974262.6
25116,1765062000000,10761370.19999999
25117,1765065600000,10716952.6
25118,1765069200000,10591372.5
25119,1765072800000,10580473.8
25120,1765076400000,10582652.19999999
25121,1765080000000,10629623.0
25122,1765083600000,10614333.6
25123,1765087200000,10697267.0
25124,1765090800000,10634000.4
25125,1765094400000,10574144.4
25126,1765098000000,10582831.0
25127,1765101600000,10562004.8
25128,1765105200000,10545420.4
25129,1765108800000,10546250.6
25130,1765112400000,10558093.19999999
25131,1765116000000,10604111.0
25132,1765119600000,10597122.4
25133,1765123200000,10736381.19999999
25134,1765126800000,10673814.6
25135,1765130400000,10992435.8
25136,1765134000000,10912744.19999999
25137,1765137600000,11020003.19999999
25138,1765141200000,11001005.4
25139,1765144800000,10626960.8
25140,1765148400000,10497028.6
25141,1765152000000,10561917.8
25142,1765155600000,10638814.8
25143,1765159200000,10631636.4
25144,1765162800000,10557301.0
25145,1765166400000,10526444.6
25146,1765170000000,10626521.0
25147,1765173600000,10806417.19999999
25148,1765177200000,10795364.19999999
25149,1765180800000,10835618.6
25150,1765184400000,10691037.9
25151,1765188000000,10688098.6
25152,1765191600000,10670140.4
25153,1765195200000,10790642.6
25154,1765198800000,10730093.8
25155,1765202400000,10703913.0
25156,1765206000000,10651352.6
25157,1765209600000,10720557.6
25158,1765213200000,10656908.4
25159,1765216800000,10775940.19999999
25160,1765220400000,10695084.8
25161,1765224000000,10702010.8
25162,1765227600000,10712004.8
25163,1765231200000,10817826.8
25164,1765234800000,10768721.0
25165,1765238400000,10781999.4
25166,1765242000000,10813109.19999999
25167,1765245600000,10985602.6
25168,1765249200000,10919370.19999999
25169,1765252800000,10921266.8
25170,1765256400000,10902953.8
25171,1765260000000,10838045.0
25172,1765263600000,10855592.4
25173,1765267200000,10865095.4
25174,1765270800000,10850147.6
25175,1765274400000,10773013.19999999
25176,1765278000000,10797306.0
25177,1765281600000,10804085.8
25178,1765285200000,10813883.19999999
25179,1765288800000,10876813.4
25180,1765292400000,10924001.0
25181,1765296000000,10777055.8
25182,1765299600000,10640229.5
25183,1765303200000,10609121.3
25184,1765306800000,10578264.4
25185,1765310400000,10863364.6
25186,1765314000000,10878413.19999999
25187,1765317600000,10847428.1
25188,1765321200000,10823854.0
25189,1765324800000,10810605.4
25190,1765328400000,10839113.8
25191,1765332000000,10808587.4
25192,1765335600000,10760680.6
25193,1765339200000,10760203.0
25194,1765342800000,10871398.8
25195,1765346400000,10938101.4
25196,1765350000000,10875014.0
25197,1765353600000,10859779.6
25198,1765357200000,10777684.0
25199,1765360800000,10829398.5
25200,1765364400000,10838740.19999999
25201,1765368000000,10806085.19999999
25202,1765371600000,10760962.6
25203,1765375200000,10767946.19999999
25204,1765378800000,10905770.0
25205,1765382400000,10719792.4
25206,1765386000000,10740778.4
25207,1765389600000,10713678.19999999
25208,1765393200000,10715469.19999999
25209,1765396800000,10670833.19999999
25210,1765400400000,10702252.4
25211,1765404000000,10682385.6
25212,1765407600000,10752222.19999999
25213,1765411200000,10738951.4
25214,1765414800000,10887583.8
25215,1765418400000,11138596.19999999
25216,1765422000000,11279212.2
25217,1765425600000,11231058.8
25218,1765429200000,11321411.6
25219,1765432800000,11384875.1
25220,1765436400000,11399014.6
25221,1765440000000,11443694.2
25222,1765443600000,11533128.8
25223,1765447200000,11614840.0
25224,1765450800000,11698810.4
25225,1765454400000,11691367.6
25226,1765458000000,11645558.8
25227,1765461600000,11677325.3
25228,1765465200000,11877353.0
25229,1765468800000,11983287.2
25230,1765472400000,12101298.8
25231,1765476000000,12238270.0
25232,1765479600000,12387442.0
25233,1765483200000,12751428.1
25234,1765486800000,12866233.4
25235,1765490400000,12921610.6
25236,1765494000000,12944061.1
25237,1765497600000,13012922.6
25238,1765501200000,13103974.0
25239,1765504800000,13223899.8
25240,1765508400000,13200178.0
25241,1765512000000,13265559.2
25242,1765515600000,13482254.2
25243,1765519200000,13515922.6
25244,1765522800000,13534286.8
25245,1765526400000,13418828.8
25246,1765530000000,13436592.0
25247,1765533600000,13492246.4
25248,1765537200000,13468798.8
25249,1765540800000,13439131.4
25250,1765544400000,13453068.0
25251,1765548000000,13464065.2
25252,1765551600000,13438560.9
25253,1765555200000,13861962.8
25254,1765558800000,14059688.4
25255,1765562400000,14027619.8
25256,1765566000000,14229773.9
25257,1765569600000,14257667.8
25258,1765573200000,14312533.6
25259,1765576800000,14360816.0
25260,1765580400000,14329498.0
25261,1765584000000,14370317.4
25262,1765587600000,14416905.4
25263,1765591200000,14470480.0
25264,1765594800000,14576691.8
25265,1765598400000,14672818.2
25266,1765602000000,14686385.2
25267,1765605600000,14927415.0
25268,1765609200000,14891039.3
25269,1765612800000,14884524.4
25270,1765616400000,14931895.0
25271,1765620000000,14926600.0
25272,1765623600000,14920792.8
25273,1765627200000,14910783.4
25274,1765630800000,14889496.0
25275,1765634400000,14893206.0
25276,1765638000000,15025989.2
25277,1765641600000,14987826.6
25278,1765645200000,15000110.8
25279,1765648800000,14959829.0
25280,1765652400000,14885658.0
25281,1765656000000,14858823.4
25282,1765659600000,14837543.1
25283,1765663200000,14864018.2
25284,1765666800000,14828645.8
25285,1765670400000,14880389.4
25286,1765674000000,14879375.4
25287,1765677600000,14861985.4
25288,1765681200000,14948796.6
25289,1765684800000,14836227.4
25290,1765688400000,15043459.4
25291,1765692000000,14723464.2
25292,1765695600000,14705956.4
25293,1765699200000,14695284.0
25294,1765702800000,14711893.6
25295,1765706400000,14704796.2
25296,1765710000000,14627855.6
25297,1765713600000,14720149.8
25298,1765717200000,14705167.0
25299,1765720800000,14720196.6
25300,1765724400000,14874764.8
25301,1765728000000,14848193.4
25302,1765731600000,14810598.6
25303,1765735200000,14872884.4
25304,1765738800000,14867517.4
25305,1765742400000,14834446.8
25306,1765746000000,15085976.8
25307,1765749600000,15010428.6
25308,1765753200000,14801415.4
25309,1765756800000,14755754.2
25310,1765760400000,14743574.8
25311,1765764000000,14715189.2
25312,1765767600000,14773543.4
25313,1765771200000,14762123.4
25314,1765774800000,14796931.8
25315,1765778400000,14822629.8
25316,1765782000000,14862486.0
25317,1765785600000,14928159.2
25318,1765789200000,14928313.8
25319,1765792800000,14913154.2
25320,1765796400000,15126401.4
25321,1765800000000,15052014.2
25322,1765803600000,15059822.2
25323,1765807200000,14822898.2
25324,1765810800000,14463408.4
25325,1765814400000,14567001.0
25326,1765818000000,14661160.0
25327,1765821600000,14781856.8
25328,1765825200000,14848803.8
25329,1765828800000,14763944.1
25330,1765832400000,14800092.1
25331,1765836000000,14745543.2
25332,1765839600000,14743592.2
25333,1765843200000,14783979.2
25334,1765846800000,14713106.4
25335,1765850400000,14666941.4
25336,1765854000000,14988948.4
25337,1765857600000,15037474.2
25338,1765861200000,15021954.4
25339,1765864800000,15016923.6
25340,1765868400000,15052134.6
25341,1765872000000,15122463.6
25342,1765875600000,15136531.2
25343,1765879200000,15084277.2
25344,1765882800000,15029652.2
25345,1765886400000,15003747.0
25346,1765890000000,15033246.6
25347,1765893600000,15087041.0
25348,1765897200000,14980244.6
25349,1765900800000,14930329.4
25350,1765904400000,14921875.0
25351,1765908000000,15217175.2
25352,1765911600000,15242962.0
25353,1765915200000,15175868.0
25354,1765918800000,15198470.8
25355,1765922400000,15205127.4
25356,1765926000000,15141589.0
25357,1765929600000,15202701.7
25358,1765933200000,15282144.2
25359,1765936800000,15250216.2
25360,1765940400000,15179691.2
25361,1765944000000,15167080.6
25362,1765947600000,15053834.0
25363,1765951200000,14993858.4
25364,1765954800000,14944746.8
25365,1765958400000,14836192.2
25366,1765962000000,14986704.8
25367,1765965600000,14966457.8
25368,1765969200000,14943114.8
25369,1765972800000,14913789.8
25370,1765976400000,14955197.8
25371,1765980000000,14978836.0
25372,1765983600000,15105501.0
25373,1765987200000,15223042.6
25374,1765990800000,15320960.4
25375,1765994400000,15382827.4
25376,1765998000000,15439693.0
25377,1766001600000,15785890.2
25378,1766005200000,15490187.0
25379,1766008800000,15373560.6
25380,1766012400000,15318555.6
25381,1766016000000,15363432.8
25382,1766019600000,15474182.8
25383,1766023200000,15418187.2
25384,1766026800000,15428941.8
25385,1766030400000,15557526.4
25386,1766034000000,15486601.0
25387,1766037600000,15543329.0
25388,1766041200000,15508736.4
25389,1766044800000,15528869.8
25390,1766048400000,15607570.0
25391,1766052000000,15570661.4
25392,1766055600000,15594211.7
25393,1766059200000,15661456.0
25394,1766062800000,15599815.8
25395,1766066400000,15551643.1
25396,1766070000000,15595971.2
25397,1766073600000,15660678.4
25398,1766077200000,15643090.6
25399,1766080800000,15615791.0
25400,1766084400000,15660460.1
25401,1766088000000,15743307.8
25402,1766091600000,15750321.4
25403,1766095200000,15602669.0
25404,1766098800000,15586886.0
25405,1766102400000,15592670.4
25406,1766106000000,16031212.6
25407,1766109600000,15991424.6
25408,1766113200000,15903499.2
25409,1766116800000,15881378.6
25410,1766120400000,15872815.6
25411,1766124000000,15838976.6
25412,1766127600000,15823619.4
25413,1766131200000,15883531.2
25414,1766134800000,15870771.6
25415,1766138400000,15871606.8
25416,1766142000000,15850053.0
25417,1766145600000,15864272.8
25418,1766149200000,15791801.4
25419,1766152800000,15813824.8
25420,1766156400000,15591964.8
25421,1766160000000,15678792.6
25422,1766163600000,15574199.8
25423,1766167200000,15513712.2
25424,1766170800000,15431457.0
25425,1766174400000,15513163.3
25426,1766178000000,15532953.4
25427,1766181600000,15411288.2
25428,1766185200000,15298599.7
25429,1766188800000,15349299.8
25430,1766192400000,15310447.4
25431,1766196000000,15316216.2
25432,1766199600000,15288067.2
25433,1766203200000,15320291.2
25434,1766206800000,15335125.8
25435,1766210400000,15282872.4
25436,1766214000000,15271133.2
25437,1766217600000,15255483.0
25438,1766221200000,15347734.6
25439,1766224800000,15374255.2
25440,1766228400000,15361482.2
25441,1766232000000,15355616.0
25442,1766235600000,15373546.4
25443,1766239200000,15391949.2
25444,1766242800000,15405483.6
25445,1766246400000,15428688.2
25446,1766250000000,15414845.6
25447,1766253600000,15414766.6
25448,1766257200000,15439665.4
25449,1766260800000,15467693.2
25450,1766264400000,15444461.6
25451,1766268000000,15443370.0
25452,1766271600000,15495369.2
25453,1766275200000,15480205.4
25454,1766278800000,15373252.6
25455,1766282400000,15481249.0
25456,1766286000000,15598075.8
25457,1766289600000,15654215.4
25458,1766293200000,15576679.2
25459,1766296800000,15575524.2
25460,1766300400000,15537050.0
25461,1766304000000,15491658.8
25462,1766307600000,15502659.6
25463,1766311200000,15415138.4
25464,1766314800000,15546434.2
25465,1766318400000,15529678.6
25466,1766322000000,15526880.8
25467,1766325600000,15459409.9
25468,1766329200000,15657759.8
25469,1766332800000,15675710.8
25470,1766336400000,15655412.4
25471,1766340000000,15575981.8
25472,1766343600000,15577815.2
25473,1766347200000,15607125.8
25474,1766350800000,15725918.4
25475,1766354400000,15704050.6
25476,1766358000000,15711990.0
25477,1766361600000,15668018.6
25478,1766365200000,15587128.8
25479,1766368800000,15725553.8
25480,1766372400000,15524597.6
25481,1766376000000,15484035.6
25482,1766379600000,15631298.2
25483,1766383200000,15523808.2
25484,1766386800000,15646681.8
25485,1766390400000,15702695.4
25486,1766394000000,15580775.4
25487,1766397600000,15587388.2
25488,1766401200000,15573047.8
25489,1766404800000,15366886.6
25490,1766408400000,15312312.8
25491,1766412000000,15270539.4
25492,1766415600000,15163438.6
25493,1766419200000,15016241.5
25494,1766422800000,14956196.6
25495,1766426400000,14887563.2
25496,1766430000000,14852416.4
25497,1766433600000,15190783.9
25498,1766437200000,15204893.8
25499,1766440800000,15278700.4
25500,1766444400000,15172493.6
25501,1766448000000,15124113.6
25502,1766451600000,15161875.8
25503,1766455200000,15210208.0
25504,1766458800000,15204969.4
25505,1766462400000,15204236.8
25506,1766466000000,15214094.2
25507,1766469600000,15203356.3
25508,1766473200000,15177703.4
25509,1766476800000,15206665.0
25510,1766480400000,15210557.4
25511,1766484000000,15205094.2
25512,1766487600000,15205857.8
25513,1766491200000,15250818.0
25514,1766494800000,15358032.3
25515,1766498400000,15500291.8
25516,1766502000000,15317137.3
25517,1766505600000,15532889.4
25518,1766509200000,15442907.8
25519,1766512800000,15312736.6
25520,1766516400000,15387097.8
25521,1766520000000,15348564.6
25522,1766523600000,15414478.0
25523,1766527200000,15350026.5
25524,1766530800000,15215985.6
25525,1766534400000,15213068.2
25526,1766538000000,15154196.2
25527,1766541600000,15215049.4
25528,1766545200000,15202104.4
25529,1766548800000,15141873.0
25530,1766552400000,15156308.4
25531,1766556000000,15120925.0
25532,1766559600000,15185605.2
25533,1766563200000,15224597.2
25534,1766566800000,15238727.5
25535,1766570400000,15190546.6
25536,1766574000000,15220386.2
25537,1766577600000,15176179.4
25538,1766581200000,15223709.4
25539,1766584800000,15316725.4
25540,1766588400000,15308710.9
25541,1766592000000,15356675.4
25542,1766595600000,15527342.2
25543,1766599200000,15587250.6
25544,1766602800000,15559415.6
25545,1766606400000,15459293.6
25546,1766610000000,15465616.4
25547,1766613600000,15461527.4
25548,1766617200000,15317867.6
25549,1766620800000,15259105.1
25550,1766624400000,15261319.6
25551,1766628000000,15219850.0
25552,1766631600000,15250247.2
25553,1766635200000,15235564.4
25554,1766638800000,15187261.8
25555,1766642400000,15182169.4
25556,1766646000000,15237474.4
25557,1766649600000,15234683.8
25558,1766653200000,15193059.0
25559,1766656800000,15292685.2
25560,1766660400000,15241740.8
25561,1766664000000,15153079.2
25562,1766667600000,15104717.8
25563,1766671200000,15165532.0
25564,1766674800000,15154443.2
25565,1766678400000,15053823.6
25566,1766682000000,15114724.8
25567,1766685600000,15262765.8
25568,1766689200000,15318813.4
25569,1766692800000,15293838.0
25570,1766696400000,15250269.8
25571,1766700000000,15217623.8
25572,1766703600000,15625987.6
25573,1766707200000,15614795.3
25574,1766710800000,15613110.5
25575,1766714400000,15585862.0
25576,1766718000000,15396411.0
25577,1766721600000,15603903.4
25578,1766725200000,15695471.8
25579,1766728800000,15752012.0
25580,1766732400000,15795820.4
25581,1766736000000,15849898.8
25582,1766739600000,15835446.0
25583,1766743200000,15842504.6
25584,1766746800000,15765498.8
25585,1766750400000,15796678.1
25586,1766754000000,15756564.2
25587,1766757600000,15772092.4
25588,1766761200000,15598634.2
25589,1766764800000,15625938.2
25590,1766768400000,15641776.0
25591,1766772000000,15561540.0
25592,1766775600000,15500682.4
25593,1766779200000,15503607.8
25594,1766782800000,15495789.8
25595,1766786400000,15482272.8
25596,1766790000000,15408868.4
25597,1766793600000,15413513.6
25598,1766797200000,15401704.8
25599,1766800800000,15419886.6
25600,1766804400000,15413594.2
25601,1766808000000,15578849.4
25602,1766811600000,15543351.6
25603,1766815200000,15553228.6
25604,1766818800000,15553269.2
25605,1766822400000,15521028.2
25606,1766826000000,15583949.4
25607,1766829600000,15505348.6
25608,1766833200000,15506857.4
25609,1766836800000,15461990.4
25610,1766840400000,15446281.4
25611,1766844000000,15425037.4
25612,1766847600000,15462766.2
25613,1766851200000,15436256.0
25614,1766854800000,15379396.6
25615,1766858400000,15353877.4
25616,1766862000000,15334538.4
25617,1766865600000,15266283.2
25618,1766869200000,15247631.0
25619,1766872800000,15267643.0
25620,1766876400000,15153266.2
25621,1766880000000,15228218.1
25622,1766883600000,15146336.3
25623,1766887200000,15105480.2
25624,1766890800000,15087031.2
25625,1766894400000,15028624.8
25626,1766898000000,15010595.2
25627,1766901600000,14970888.8
25628,1766905200000,15092501.6
25629,1766908800000,14972856.2
25630,1766912400000,14796511.4
25631,1766916000000,14800267.8
25632,1766919600000,14709643.8
25633,1766923200000,14585425.4
25634,1766926800000,14521886.2
25635,1766930400000,14518873.8
25636,1766934000000,14632795.2
25637,1766937600000,14545211.2
25638,1766941200000,14559580.8
25639,1766944800000,14559220.4
25640,1766948400000,14220350.5
25641,1766952000000,14140566.8
25642,1766955600000,14057216.0
25643,1766959200000,14146355.8
25644,1766962800000,14113272.8
25645,1766966400000,14047672.4
25646,1766970000000,14212974.2
25647,1766973600000,14243101.2
25648,1766977200000,14186855.0
25649,1766980800000,14245014.3
25650,1766984400000,14204174.2
25651,1766988000000,14170333.2
25652,1766991600000,14192772.0
25653,1766995200000,14220131.4
25654,1766998800000,14214724.0
25655,1767002400000,14094878.3
25656,1767006000000,14159225.1
25657,1767009600000,14135939.2
25658,1767013200000,14128260.4
25659,1767016800000,14219063.6
25660,1767020400000,14175062.4
25661,1767024000000,14274624.0
25662,1767027600000,14222836.4
25663,1767031200000,14258041.6
25664,1767034800000,14349810.8
25665,1767038400000,14306745.2
25666,1767042000000,14328464.8
25667,1767045600000,14409382.4
25668,1767049200000,14357528.2
25669,1767052800000,14379507.0
25670,1767056400000,14541234.1
25671,1767060000000,14465596.9
25672,1767063600000,14346647.4
25673,1767067200000,14346044.0
25674,1767070800000,14342087.2
25675,1767074400000,14305395.4
25676,1767078000000,14290282.4
25677,1767081600000,14296098.2
25678,1767085200000,14134320.0
25679,1767088800000,14314697.7
25680,1767092400000,14320262.4
25681,1767096000000,14300102.0
25682,1767099600000,14385715.9
25683,1767103200000,14386816.1
25684,1767106800000,14401145.8
25685,1767110400000,14315445.0
25686,1767114000000,14346518.2
25687,1767117600000,14312358.6
25688,1767121200000,14320054.6
25689,1767124800000,14342885.7
25690,1767128400000,14319378.2
25691,1767132000000,14350250.0
25692,1767135600000,14280335.4
25693,1767139200000,14294735.7
25694,1767142800000,14322573.4
25695,1767146400000,14364198.4
25696,1767150000000,14386711.0
25697,1767153600000,14350249.2
25698,1767157200000,14347689.0
25699,1767160800000,14372745.6
25700,1767164400000,14410915.0
25701,1767168000000,14268279.8
25702,1767171600000,14134420.0
25703,1767175200000,14191923.6
25704,1767178800000,14141665.0
25705,1767182400000,14174348.2
25706,1767186000000,14158776.4
25707,1767189600000,14130928.8
25708,1767193200000,14074584.4
25709,1767196800000,14167911.0
25710,1767200400000,14031260.2
25711,1767204000000,14064830.7
25712,1767207600000,14059427.4
25713,1767211200000,14083815.6
25714,1767214800000,14084221.6
25715,1767218400000,14026728.4
25716,1767222000000,13960085.4
25717,1767225600000,13988483.6
25718,1767229200000,13904044.0
25719,1767232800000,13962422.4
25720,1767236400000,13887396.6
25721,1767240000000,13852903.0
25722,1767243600000,13872887.0
25723,1767247200000,13900872.2
25724,1767250800000,13873299.2
25725,1767254400000,13821390.4
25726,1767258000000,13836437.2
25727,1767261600000,13789192.0
25728,1767265200000,13836411.0
25729,1767268800000,13894229.4
25730,1767272400000,13784619.7
25731,1767276000000,13682630.2
25732,1767279600000,14446126.7
25733,1767283200000,14463487.5
25734,1767286800000,15019257.6
25735,1767290400000,15620563.6
25736,1767294000000,15866126.1
25737,1767297600000,15890994.7
25738,1767301200000,15764383.3
25739,1767304800000,15753676.9
25740,1767308400000,15392355.5
25741,1767312000000,15563464.3
25742,1767315600000,15656247.3
25743,1767319200000,15710752.7
25744,1767322800000,15830413.7
25745,1767326400000,15617605.4
25746,1767330000000,15753537.1
25747,1767333600000,15798672.6
25748,1767337200000,15770824.8
25749,1767340800000,15825170.9
25750,1767344400000,15731870.7
25751,1767348000000,15631965.3
25752,1767351600000,15428674.7
25753,1767355200000,16256371.3
25754,1767358800000,15825740.5
25755,1767362400000,15624337.1
25756,1767366000000,15684668.5
25757,1767369600000,15453219.0
25758,1767373200000,15099176.4
25759,1767376800000,15206604.1
25760,1767380400000,15258900.3
25761,1767384000000,15284818.3
25762,1767387600000,15393733.2
25763,1767391200000,15444778.1
25764,1767394800000,15499412.5
25765,1767398400000,16011890.3
25766,1767402000000,16143726.3
25767,1767405600000,16020394.3
25768,1767409200000,16044415.4
25769,1767412800000,15622331.6
25770,1767416400000,15506824.2
25771,1767420000000,15510744.6
25772,1767423600000,15469255.5
25773,1767427200000,15310272.0
25774,1767430800000,15244218.0
25775,1767434400000,15144214.0
25776,1767438000000,15048013.2
25777,1767441600000,14981585.6
25778,1767445200000,15031747.8
25779,1767448800000,15068296.4
25780,1767452400000,15055618.4
25781,1767456000000,15121745.2
25782,1767459600000,15158489.2
25783,1767463200000,15187351.2
25784,1767466800000,15277737.8
25785,1767470400000,15280237.2
25786,1767474000000,15186078.6
25787,1767477600000,15391502.0
25788,1767481200000,15414921.6
25789,1767484800000,15421652.8
25790,1767488400000,15287117.2
25791,1767492000000,15298556.2
25792,1767495600000,15609577.2
25793,1767499200000,15579961.4
25794,1767502800000,15620930.6
25795,1767506400000,15481000.0
25796,1767510000000,15266037.9
25797,1767513600000,15240549.8
25798,1767517200000,15096185.8
25799,1767520800000,15712510.4
25800,1767524400000,15387381.5
25801,1767528000000,15440126.2
25802,1767531600000,15478569.6
25803,1767535200000,15441902.3
25804,1767538800000,15469292.3
25805,1767542400000,15559195.6
25806,1767546000000,15440658.3
25807,1767549600000,15388717.7
25808,1767553200000,15345332.8
25809,1767556800000,15830317.4
25810,1767560400000,15860034.2
25811,1767564000000,15868068.2
25812,1767567600000,15827606.2
25813,1767571200000,15711403.0
25814,1767574800000,15430901.1
25815,1767578400000,15514533.4
25816,1767582000000,15410615.8
25817,1767585600000,15388477.4
25818,1767589200000,15398793.6
25819,1767592800000,15352880.2
25820,1767596400000,15308185.7
25821,1767600000000,15351115.6
25822,1767603600000,15391577.6
25823,1767607200000,15390246.2
25824,1767610800000,15299955.4
25825,1767614400000,15167910.4
25826,1767618000000,15131724.7
25827,1767621600000,15059989.3
25828,1767625200000,15116427.2
25829,1767628800000,15563155.1
25830,1767632400000,15506197.0
25831,1767636000000,15706443.0
25832,1767639600000,15735701.5
25833,1767643200000,15814317.3
25834,1767646800000,15565346.6
25835,1767650400000,15653637.4
25836,1767654000000,15664172.4
25837,1767657600000,15734928.5
25838,1767661200000,15854188.4
25839,1767664800000,15557498.2
25840,1767668400000,15435373.0
25841,1767672000000,15299910.3
25842,1767675600000,15391918.2
25843,1767679200000,15504397.0
25844,1767682800000,15349876.3
25845,1767686400000,15272033.4
25846,1767690000000,15173160.3
25847,1767693600000,15166535.4
25848,1767697200000,15170328.8
25849,1767700800000,15330492.8
25850,1767704400000,15344317.2
25851,1767708000000,15357055.6
25852,1767711600000,15360506.6
25853,1767715200000,15196901.2
25854,1767718800000,14976075.1
25855,1767722400000,14925399.4
25856,1767726000000,14993455.4
25857,1767729600000,14945449.1
25858,1767733200000,15075173.1
25859,1767736800000,14989389.2
25860,1767740400000,14969058.4
25861,1767744000000,15040770.8
25862,1767747600000,15305438.8
25863,1767751200000,15134971.2
25864,1767754800000,15155358.4
25865,1767758400000,15089003.2
25866,1767762000000,15058814.9
25867,1767765600000,15055216.5
25868,1767769200000,15030770.4
25869,1767772800000,15092485.0
25870,1767776400000,15168621.9
25871,1767780000000,15071265.2
25872,1767783600000,15050965.0
25873,1767787200000,15136599.4
25874,1767790800000,15043906.4
25875,1767794400000,15039948.2
25876,1767798000000,14854939.0
25877,1767801600000,15265040.1
25878,1767805200000,15105247.6
25879,1767808800000,15066886.9
25880,1767812400000,14996663.4
25881,1767816000000,14928795.9
25882,1767819600000,14834714.4
25883,1767823200000,14901153.6
25884,1767826800000,14908632.6
25885,1767830400000,14859831.6
25886,1767834000000,14914958.8
25887,1767837600000,14952646.4
25888,1767841200000,14931147.0
25889,1767844800000,14973148.8
25890,1767848400000,14880654.5
25891,1767852000000,14895252.9
25892,1767855600000,15144844.0
25893,1767859200000,15011717.4
25894,1767862800000,15033479.3
25895,1767866400000,15199996.8
25896,1767870000000,15276072.8
25897,1767873600000,15229540.4
25898,1767877200000,15260295.6
25899,1767880800000,15191049.6
25900,1767884400000,15223981.8
25901,1767888000000,15124809.8
25902,1767891600000,15088931.2
25903,1767895200000,14994305.4
25904,1767898800000,14929412.3
25905,1767902400000,14842814.6
25906,1767906000000,14900088.4
25907,1767909600000,14855598.3
25908,1767913200000,14771180.8
25909,1767916800000,14681730.0
25910,1767920400000,14774874.2
25911,1767924000000,14793651.2
25912,1767927600000,14765395.4
25913,1767931200000,14784102.0
25914,1767934800000,14771559.2
25915,1767938400000,14771685.0
25916,1767942000000,14754745.3
25917,1767945600000,14809735.7
25918,1767949200000,14877995.2
25919,1767952800000,15243403.6
25920,1767956400000,15217415.6
25921,1767960000000,15252083.6
25922,1767963600000,15275329.6
25923,1767967200000,15178672.6
25924,1767970800000,15073135.8
25925,1767974400000,14900086.5
25926,1767978000000,14843828.7
25927,1767981600000,14758357.6
25928,1767985200000,14711124.4
25929,1767988800000,14669328.4
25930,1767992400000,14618867.5
25931,1767996000000,14634971.8
25932,1767999600000,14570667.6
25933,1768003200000,14564252.6
25934,1768006800000,14642658.0
25935,1768010400000,14664532.2
25936,1768014000000,14633137.6
25937,1768017600000,14738290.5
25938,1768021200000,14679952.6
25939,1768024800000,14660286.3
25940,1768028400000,14702870.6
25941,1768032000000,14663031.0
25942,1768035600000,14653080.8
25943,1768039200000,14755351.7
25944,1768042800000,14739746.8
25945,1768046400000,14751316.0
25946,1768050000000,14776792.6
25947,1768053600000,14779126.0
25948,1768057200000,14737991.0
25949,1768060800000,14734345.4
25950,1768064400000,14732889.0
25951,1768068000000,14683590.5
25952,1768071600000,14719624.6
25953,1768075200000,14695357.2
25954,1768078800000,14678914.8
25955,1768082400000,14631782.6
25956,1768086000000,14767826.8
25957,1768089600000,14716380.0
25958,1768093200000,14722275.6
25959,1768096800000,14733094.2
25960,1768100400000,14746005.4
25961,1768104000000,14731946.4
25962,1768107600000,14691072.8
25963,1768111200000,14678074.8
25964,1768114800000,14643607.6
25965,1768118400000,14622592.0
25966,1768122000000,14739114.5
25967,1768125600000,14923844.6
25968,1768129200000,14887662.2
25969,1768132800000,14833152.9
25970,1768136400000,14811115.8
25971,1768140000000,14715382.2
25972,1768143600000,14732788.8
25973,1768147200000,14640239.2
25974,1768150800000,14626444.4
25975,1768154400000,14758904.0
25976,1768158000000,14765606.4
25977,1768161600000,14764729.2
25978,1768165200000,14737066.0
25979,1768168800000,14681649.8
25980,1768172400000,14479253.2
25981,1768176000000,14399501.5
25982,1768179600000,14435838.0
25983,1768183200000,14404349.0
25984,1768186800000,14330060.6
25985,1768190400000,14434731.6
25986,1768194000000,14509483.8
25987,1768197600000,14535518.2
25988,1768201200000,14402464.0
25989,1768204800000,14303612.5
25990,1768208400000,14223086.6
25991,1768212000000,14221832.4
25992,1768215600000,14209770.6
25993,1768219200000,14227896.6
25994,1768222800000,14233863.6
25995,1768226400000,14223551.2
25996,1768230000000,14088773.6
25997,1768233600000,14332219.2
25998,1768237200000,14369396.2
25999,1768240800000,14355979.4
26000,1768244400000,14328286.4
26001,1768248000000,14223779.4
26002,1768251600000,14223600.3
26003,1768255200000,14243826.7
26004,1768258800000,14184554.4
26005,1768262400000,14225344.2
26006,1768266000000,14298262.0
26007,1768269600000,14230161.8
26008,1768273200000,14209248.8
26009,1768276800000,14174401.4
26010,1768280400000,14160641.3
26011,1768284000000,14145763.4
26012,1768287600000,14201257.2
26013,1768291200000,14262566.0
26014,1768294800000,14339978.0
26015,1768298400000,14343191.8
26016,1768302000000,14265183.8
26017,1768305600000,14300259.8
26018,1768309200000,14693036.4
26019,1768312800000,14592030.9
26020,1768316400000,14651537.6
26021,1768320000000,14896954.6
26022,1768323600000,14872504.0
26023,1768327200000,14662254.4
26024,1768330800000,14553828.2
26025,1768334400000,14540935.4
26026,1768338000000,14331869.2
26027,1768341600000,14338764.0
26028,1768345200000,14206311.4
26029,1768348800000,14205379.6
26030,1768352400000,14190655.2
26031,1768356000000,14168099.2
26032,1768359600000,14080831.6
26033,1768363200000,14029951.8
26034,1768366800000,14050578.4
26035,1768370400000,14102817.8
26036,1768374000000,14067215.8
26037,1768377600000,14008128.8
26038,1768381200000,14217868.4
26039,1768384800000,14263049.1
26040,1768388400000,14435058.6
26041,1768392000000,14495090.3
26042,1768395600000,14637231.2
26043,1768399200000,14658292.0
26044,1768402800000,14826196.5
26045,1768406400000,14645184.8
26046,1768410000000,14501660.4
26047,1768413600000,14493557.8
26048,1768417200000,14235330.0
26049,1768420800000,14220089.4
26050,1768424400000,14148397.0
26051,1768428000000,14235433.2
26052,1768431600000,14097764.0
26053,1768435200000,14168103.8
26054,1768438800000,14170517.6
26055,1768442400000,14737027.0
26056,1768446000000,14670636.1
26057,1768449600000,14638309.6
26058,1768453200000,14701050.6
26059,1768456800000,14764377.4
26060,1768460400000,14700444.4
26061,1768464000000,14675409.6
26062,1768467600000,14642917.2
26063,1768471200000,14636534.7
26064,1768474800000,14733750.0
26065,1768478400000,14779500.1
26066,1768482000000,14745082.7
26067,1768485600000,14805000.0
26068,1768489200000,14818645.2
26069,1768492800000,14578545.5
26070,1768496400000,14695031.5
26071,1768500000000,14719794.0
26072,1768503600000,14682171.2
26073,1768507200000,14738846.8
26074,1768510800000,14749209.8
26075,1768514400000,14929095.0
26076,1768518000000,14871901.4
26077,1768521600000,14831963.9
26078,1768525200000,14842957.0
26079,1768528800000,14821210.3
26080,1768532400000,14789389.6
26081,1768536000000,14783070.8
26082,1768539600000,14679681.0
26083,1768543200000,14732841.6
26084,1768546800000,14701932.6
26085,1768550400000,14645694.8
26086,1768554000000,14759225.0
26087,1768557600000,14620707.4
26088,1768561200000,14586558.6
26089,1768564800000,14664208.7
26090,1768568400000,14635366.8
26091,1768572000000,14650334.8
26092,1768575600000,14579715.2
26093,1768579200000,14643526.2
26094,1768582800000,14523993.8
26095,1768586400000,14620912.8
26096,1768590000000,14629907.0
26097,1768593600000,14627399.8
26098,1768597200000,14655336.8
26099,1768600800000,14706382.4
26100,1768604400000,14636046.6
26101,1768608000000,14739005.6
26102,1768611600000,14666007.2
26103,1768615200000,14604583.6
26104,1768618800000,14591712.6
26105,1768622400000,14582214.6
26106,1768626000000,14569363.1
26107,1768629600000,14510384.4
26108,1768633200000,14480003.6
26109,1768636800000,14679016.4
26110,1768640400000,14717278.0
26111,1768644000000,14594102.7
26112,1768647600000,14533643.8
26113,1768651200000,14461329.4
26114,1768654800000,14401773.8
26115,1768658400000,14342498.4
26116,1768662000000,14393151.2
26117,1768665600000,14380756.2
26118,1768669200000,14277566.6
26119,1768672800000,14239144.4
26120,1768676400000,14207875.8
26121,1768680000000,14023522.6
26122,1768683600000,14100599.2
26123,1768687200000,14149721.4
26124,1768690800000,13942092.4
26125,1768694400000,13894792.8
26126,1768698000000,13922671.9
26127,1768701600000,13909933.8
26128,1768705200000,14001552.0
26129,1768708800000,14043300.2
26130,1768712400000,14145420.6
26131,1768716000000,14092150.8
26132,1768719600000,14079783.4
26133,1768723200000,14083374.2
26134,1768726800000,14079011.8
26135,1768730400000,14035426.4
26136,1768734000000,14077507.8
26137,1768737600000,14054068.0
26138,1768741200000,14441650.2
26139,1768744800000,14372386.4
26140,1768748400000,14314036.0
26141,1768752000000,14219996.6
26142,1768755600000,14185783.4
26143,1768759200000,14191642.2
26144,1768762800000,14209364.5
26145,1768766400000,14123829.1
26146,1768770000000,14143855.6
26147,1768773600000,14080765.0
26148,1768777200000,14029092.0
26149,1768780800000,14104384.8
26150,1768784400000,14745809.4
26151,1768788000000,14546972.0
26152,1768791600000,14521358.7
26153,1768795200000,14604356.5
26154,1768798800000,14634709.0
26155,1768802400000,14549451.5
26156,1768806000000,14490436.2
26157,1768809600000,14621323.5
26158,1768813200000,14646102.7
26159,1768816800000,14666708.0
26160,1768820400000,14568964.5
26161,1768824000000,14577209.9
26162,1768827600000,14683820.4
26163,1768831200000,14710402.8
26164,1768834800000,14664838.0
26165,1768838400000,14665568.2
26166,1768842000000,14732501.4
26167,1768845600000,14694092.0
26168,1768849200000,14681671.6
26169,1768852800000,14661141.6
26170,1768856400000,14604407.8
26171,1768860000000,14617179.4
26172,1768863600000,14676047.2
26173,1768867200000,14581155.2
26174,1768870800000,14526550.7
26175,1768874400000,14565809.4
26176,1768878000000,14565411.8
26177,1768881600000,14543668.5
26178,1768885200000,14489455.1
26179,1768888800000,14437785.0
26180,1768892400000,14658548.4
26181,1768896000000,14559362.2
26182,1768899600000,14543994.8
26183,1768903200000,14521357.4
26184,1768906800000,14524989.6
26185,1768910400000,14472656.5
26186,1768914000000,14921319.6
26187,1768917600000,14606683.4
26188,1768921200000,14348833.8
26189,1768924800000,14314541.0
26190,1768928400000,14304443.9
26191,1768932000000,14217639.4
26192,1768935600000,14147039.2
26193,1768939200000,14053692.4
26194,1768942800000,14023016.9
26195,1768946400000,13997719.8
26196,1768950000000,13869110.3
26197,1768953600000,13875703.4
26198,1768957200000,13881164.0
26199,1768960800000,13810019.8
26200,1768964400000,13846562.8
26201,1768968000000,13958165.2
26202,1768971600000,13943587.6
26203,1768975200000,13993147.1
26204,1768978800000,13986582.2
26205,1768982400000,14043449.4
26206,1768986000000,14104380.4
26207,1768989600000,14199898.2
26208,1768993200000,14182607.6
26209,1768996800000,14139277.4
26210,1769000400000,14077208.2
26211,1769004000000,14032348.8
26212,1769007600000,14056358.0
26213,1769011200000,14058027.0
26214,1769014800000,14111543.8
26215,1769018400000,14102627.7
26216,1769022000000,14122166.4
26217,1769025600000,14138979.0
26218,1769029200000,14090563.1
26219,1769032800000,14110208.4
26220,1769036400000,14088024.9
26221,1769040000000,14107180.4
26222,1769043600000,14050011.8
26223,1769047200000,14044334.7
26224,1769050800000,14067303.8
26225,1769054400000,13995141.8
26226,1769058000000,14025552.0
26227,1769061600000,13976291.6
26228,1769065200000,13975197.2
26229,1769068800000,14058651.8
26230,1769072400000,14228315.8
26231,1769076000000,14275585.6
26232,1769079600000,14298341.0
26233,1769083200000,14313940.8
26234,1769086800000,14336403.2
26235,1769090400000,14358094.6
26236,1769094000000,14399111.2
26237,1769097600000,14301952.6
26238,1769101200000,14305179.2
26239,1769104800000,14243353.0
26240,1769108400000,14198375.6
26241,1769112000000,14162804.8
26242,1769115600000,14126812.9
26243,1769119200000,14131618.4
26244,1769122800000,14124348.6
26245,1769126400000,14126521.6
26246,1769130000000,14187492.0
26247,1769133600000,14180489.2
26248,1769137200000,14213595.4
26249,1769140800000,14202007.0
26250,1769144400000,14234440.2
26251,1769148000000,14271829.1
26252,1769151600000,14293505.1
26253,1769155200000,14311449.3
26254,1769158800000,14306046.5
26255,1769162400000,14401455.6
26256,1769166000000,15161401.8
26257,1769169600000,15213575.0
26258,1769173200000,15314196.7
26259,1769176800000,15310584.4
26260,1769180400000,15171521.5
26261,1769184000000,15213191.4
26262,1769187600000,15200579.3
26263,1769191200000,15197726.6
26264,1769194800000,15248664.6
26265,1769198400000,15154510.5
26266,1769202000000,15205368.2
26267,1769205600000,15223659.6
26268,1769209200000,15178748.4
26269,1769212800000,15159404.4
26270,1769216400000,15110274.0
26271,1769220000000,15084340.8
26272,1769223600000,15054848.8
26273,1769227200000,14994159.2
26274,1769230800000,14938028.2
26275,1769234400000,14889361.2
26276,1769238000000,14882463.4
26277,1769241600000,14856382.9
26278,1769245200000,14790109.2
26279,1769248800000,14837003.2
26280,1769252400000,14804825.0
26281,1769256000000,14727455.0
26282,1769259600000,14699721.6
26283,1769263200000,14689127.9
26284,1769266800000,14676985.7
26285,1769270400000,14601107.0
26286,1769274000000,14663475.2
26287,1769277600000,14654100.6
26288,1769281200000,14669502.0
26289,1769284800000,14673004.0
26290,1769288400000,14703925.8
26291,1769292000000,14728788.6
26292,1769295600000,14663163.2
26293,1769299200000,14652641.0
26294,1769302800000,14583042.4
26295,1769306400000,14476026.2
26296,1769310000000,14586337.4
26297,1769313600000,14625741.2
26298,1769317200000,14602772.6
26299,1769320800000,14602225.6
26300,1769324400000,14615676.6
26301,1769328000000,14651817.6
26302,1769331600000,14648693.6
26303,1769335200000,14659505.2
26304,1769338800000,14631023.4
26305,1769342400000,14634851.3
26306,1769346000000,14768583.4
26307,1769349600000,14736849.4
26308,1769353200000,14691766.4
26309,1769356800000,14699029.4
26310,1769360400000,14590034.0
26311,1769364000000,14564265.8
26312,1769367600000,14648917.4
26313,1769371200000,14461661.6
26314,1769374800000,14477103.4
26315,1769378400000,14453191.2
26316,1769382000000,14408557.0
26317,1769385600000,14395771.4
26318,1769389200000,14390810.0
26319,1769392800000,14495736.6
26320,1769396400000,14495271.4
26321,1769400000000,14515660.2
26322,1769403600000,14678343.0
26323,1769407200000,14674055.2
26324,1769410800000,14746133.8
26325,1769414400000,14737249.0
26326,1769418000000,14707346.0
26327,1769421600000,14615172.6
26328,1769425200000,14589145.8
26329,1769428800000,14590547.8
26330,1769432400000,14573743.6
26331,1769436000000,14603121.4
26332,1769439600000,14602608.7
26333,1769443200000,14629690.2
26334,1769446800000,14578488.6
26335,1769450400000,14566516.2
26336,1769454000000,14596409.3
26337,1769457600000,14630094.4
26338,1769461200000,14551193.9
26339,1769464800000,14529155.0
26340,1769468400000,14511730.8
26341,1769472000000,14464104.0
26342,1769475600000,14444612.4
26343,1769479200000,14411667.0
26344,1769482800000,14384971.5
26345,1769486400000,14449826.4
26346,1769490000000,14493636.8
26347,1769493600000,14467728.6
26348,1769497200000,14473877.6
26349,1769500800000,14436821.3
26350,1769504400000,14422013.2
26351,1769508000000,14484905.4
26352,1769511600000,14420860.0
26353,1769515200000,14514739.5
26354,1769518800000,14609519.8
26355,1769522400000,14588716.6
26356,1769526000000,14691135.8
26357,1769529600000,14715029.6
26358,1769533200000,14777542.1
26359,1769536800000,14773478.9
26360,1769540400000,14736272.4
26361,1769544000000,14719333.2
26362,1769547600000,14800871.5
26363,1769551200000,14815506.5
26364,1769554800000,14674976.0
26365,1769558400000,14649608.2
26366,1769562000000,14669577.2
26367,1769565600000,14633200.8
26368,1769569200000,14652735.7
26369,1769572800000,14647118.2
26370,1769576400000,14686935.8
26371,1769580000000,14740650.2
26372,1769583600000,14846272.6
26373,1769587200000,14999639.2
26374,1769590800000,15051851.0
26375,1769594400000,15043510.2
26376,1769598000000,14909997.4
26377,1769601600000,14945029.2
26378,1769605200000,15002133.4
26379,1769608800000,15051868.4
26380,1769612400000,15240218.9
26381,1769616000000,15312882.6
26382,1769619600000,15263201.0
26383,1769623200000,15263757.6
26384,1769626800000,15301839.2
26385,1769630400000,15347370.7
26386,1769634000000,15399817.6
26387,1769637600000,15381859.6
26388,1769641200000,15405854.0
26389,1769644800000,15373103.6
26390,1769648400000,15318291.4
26391,1769652000000,15261739.4
26392,1769655600000,15166353.6
26393,1769659200000,15119465.0
26394,1769662800000,15116832.6
26395,1769666400000,15103208.6
26396,1769670000000,15116802.5
26397,1769673600000,15096054.2
26398,1769677200000,15086408.6
26399,1769680800000,15049426.2
26400,1769684400000,15009272.0
26401,1769688000000,14967736.6
26402,1769691600000,14879874.4
26403,1769695200000,14852796.4
26404,1769698800000,14878078.0
26405,1769702400000,14960945.6
26406,1769706000000,14958274.8
26407,1769709600000,14967410.5
26408,1769713200000,15411173.8
26409,1769716800000,15360388.2
26410,1769720400000,15419717.9
26411,1769724000000,15319882.5
26412,1769727600000,15222291.0
26413,1769731200000,15101670.6
26414,1769734800000,15177261.9
26415,1769738400000,15586960.0
26416,1769742000000,15558889.3
26417,1769745600000,15549968.6
26418,1769749200000,15513621.6
26419,1769752800000,15463156.0
26420,1769756400000,15497048.6
26421,1769760000000,15505627.4
26422,1769763600000,15466188.0
26423,1769767200000,15456327.1
26424,1769770800000,15419577.8
26425,1769774400000,15436914.6
26426,1769778000000,15448526.2
26427,1769781600000,15378339.0
26428,1769785200000,15400848.6
26429,1769788800000,15634747.0
26430,1769792400000,15525077.6
26431,1769796000000,15505226.8
26432,1769799600000,15548306.0
26433,1769803200000,15533240.0
26434,1769806800000,16181279.8
26435,1769810400000,15999386.2
26436,1769814000000,15887619.0
26437,1769817600000,15768764.0
26438,1769821200000,15749618.6
26439,1769824800000,15685992.1
26440,1769828400000,15666441.0
26441,1769832000000,15671536.2
26442,1769835600000,15686467.4
26443,1769839200000,15625571.0
26444,1769842800000,15636101.7
26445,1769846400000,15703911.2
26446,1769850000000,15639102.4
26447,1769853600000,15605950.9
26448,1769857200000,15834547.4
26449,1769860800000,15864724.4
26450,1769864400000,15866857.6
26451,1769868000000,16051583.6
26452,1769871600000,15473924.9
26453,1769875200000,15562074.2
26454,1769878800000,15344318.4
26455,1769882400000,15550453.5
26456,1769886000000,15398337.1
26457,1769889600000,15354545.5
26458,1769893200000,15277827.8
26459,1769896800000,15195429.7
26460,1769900400000,15077856.8
26461,1769904000000,14949848.4
26462,1769907600000,15015480.8
26463,1769911200000,14927774.0
26464,1769914800000,14928099.0
26465,1769918400000,14965213.8
26466,1769922000000,14933334.6
26467,1769925600000,15017258.0
26468,1769929200000,15196933.6
26469,1769932800000,15155034.4
26470,1769936400000,15067441.2
26471,1769940000000,15101913.0
26472,1769943600000,15013055.4
26473,1769947200000,14985547.8
26474,1769950800000,15022233.2
26475,1769954400000,14955516.0
26476,1769958000000,14749404.3
26477,1769961600000,14716524.6
26478,1769965200000,14726690.6
26479,1769968800000,14785502.6
26480,1769972400000,14875555.0
26481,1769976000000,14948834.0
26482,1769979600000,14962950.8
26483,1769983200000,14942116.8
26484,1769986800000,14907684.8
26485,1769990400000,15012858.7
26486,1769994000000,14998668.6
26487,1769997600000,14959852.0
26488,1770001200000,14913998.8
26489,1770004800000,14925675.0
26490,1770008400000,14898203.2
26491,1770012000000,14936815.4
26492,1770015600000,15091814.2
26493,1770019200000,15200462.7
26494,1770022800000,15217333.2
26495,1770026400000,15274513.0
26496,1770030000000,15337260.4
26497,1770033600000,15411558.9
26498,1770037200000,15453396.8
26499,1770040800000,15249196.4
26500,1770044400000,15128941.3
26501,1770048000000,15141836.0
26502,1770051600000,15170971.6
26503,1770055200000,15054306.6
26504,1770058800000,15012031.7
26505,1770062400000,15076841.2
26506,1770066000000,15000360.8
26507,1770069600000,14988571.8
26508,1770073200000,14912182.0
26509,1770076800000,14883428.9
26510,1770080400000,14835556.4
26511,1770084000000,14792743.4
26512,1770087600000,14794248.2
26513,1770091200000,14772075.6
26514,1770094800000,14746744.8
26515,1770098400000,14856444.7
26516,1770102000000,14930638.8
26517,1770105600000,14980358.8
26518,1770109200000,14961914.4
26519,1770112800000,15035988.0
26520,1770116400000,15013767.0
26521,1770120000000,15032502.8
26522,1770123600000,14929708.4
26523,1770127200000,14968541.8
26524,1770130800000,14969274.3
26525,1770134400000,14931705.9
26526,1770138000000,14872014.6
26527,1770141600000,14880499.6
26528,1770145200000,14927965.3
26529,1770148800000,14937723.0
26530,1770152400000,15245661.4
26531,1770156000000,15180048.4
26532,1770159600000,15143266.2
26533,1770163200000,15140710.1
26534,1770166800000,15190441.6
26535,1770170400000,15158785.2
26536,1770174000000,15151960.4
26537,1770177600000,15155413.0
26538,1770181200000,15176378.0
26539,1770184800000,15197330.2
26540,1770188400000,15248036.6
26541,1770192000000,15266096.4
26542,1770195600000,15290769.8
26543,1770199200000,15291386.6
26544,1770202800000,15284627.8
26545,1770206400000,15203551.7
26546,1770210000000,15169442.4
26547,1770213600000,15146285.6
26548,1770217200000,15152201.4
26549,1770220800000,15218800.2
26550,1770224400000,15398770.0
26551,1770228000000,15409731.8
26552,1770231600000,15503779.4
26553,1770235200000,15539258.8
26554,1770238800000,15540046.9
26555,1770242400000,15473883.1
26556,1770246000000,15501244.2
26557,1770249600000,15575455.8
26558,1770253200000,15632543.2
26559,1770256800000,15618975.7
26560,1770260400000,15585671.0
26561,1770264000000,15525022.0
26562,1770267600000,15449041.4
26563,1770271200000,15483114.2
26564,1770274800000,15484748.2
26565,1770278400000,15514099.5
26566,1770282000000,15566682.0
26567,1770285600000,16074593.8
26568,1770289200000,16147219.6
26569,1770292800000,16315037.9
26570,1770296400000,16107623.2
26571,1770300000000,16123901.8
26572,1770303600000,15980266.2
26573,1770307200000,15875006.0
26574,1770310800000,15905687.8
26575,1770314400000,15720617.1
26576,1770318000000,15416997.3
26577,1770321600000,15212815.4
26578,1770325200000,15394714.8
26579,1770328800000,15275413.7
26580,1770332400000,15261458.7
26581,1770336000000,15343489.6
26582,1770339600000,15283065.6
26583,1770343200000,15184638.8
26584,1770346800000,14938772.1
26585,1770350400000,14874636.7
26586,1770354000000,14874410.6
26587,1770357600000,14706504.2
26588,1770361200000,14727663.0
26589,1770364800000,14771531.0
26590,1770368400000,14709865.0
26591,1770372000000,14647174.6
26592,1770375600000,14619636.2
26593,1770379200000,14726153.8
26594,1770382800000,14833487.0
26595,1770386400000,14726737.6
26596,1770390000000,14574805.4
26597,1770393600000,14726122.4
26598,1770397200000,14759179.1
26599,1770400800000,14744457.7
26600,1770404400000,14696096.1
26601,1770408000000,14763872.4
26602,1770411600000,14705693.9
26603,1770415200000,14622625.4
26604,1770418800000,14627700.2
26605,1770422400000,14604267.0
26606,1770426000000,14431767.8
26607,1770429600000,14421848.8
26608,1770433200000,14394135.7
26609,1770436800000,14318139.3
26610,1770440400000,14164682.8
26611,1770444000000,14105649.4
26612,1770447600000,14022278.8
26613,1770451200000,13903272.0
26614,1770454800000,13960781.6
26615,1770458400000,13968954.8
26616,1770462000000,14003594.0
26617,1770465600000,13995897.6
26618,1770469200000,14154588.4
26619,1770472800000,14192695.5
26620,1770476400000,14135930.6
26621,1770480000000,14112778.4
26622,1770483600000,14271102.8
26623,1770487200000,14263098.3
26624,1770490800000,14265081.4
26625,1770494400000,14207764.8
26626,1770498000000,14214468.2
26627,1770501600000,14191810.8
26628,1770505200000,14120704.8
26629,1770508800000,14147009.0
26630,1770512400000,14088457.6
26631,1770516000000,14103489.0
26632,1770519600000,14097611.5
26633,1770523200000,14069758.0
26634,1770526800000,14110208.0
26635,1770530400000,14137874.8
26636,1770534000000,14107588.6
26637,1770537600000,14106948.8
26638,1770541200000,14002040.6
26639,1770544800000,13979830.2
26640,1770548400000,14175511.6
26641,1770552000000,14110782.6
26642,1770555600000,14105391.8
26643,1770559200000,14168194.4
26644,1770562800000,14222337.4
26645,1770566400000,14298338.4
26646,1770570000000,14559203.8
26647,1770573600000,14529789.0
26648,1770577200000,14495605.6
26649,1770580800000,14615578.7
26650,1770584400000,14551990.2
26651,1770588000000,14602922.2
26652,1770591600000,14585332.1
26653,1770595200000,14480457.8
26654,1770598800000,14444335.6
26655,1770602400000,14473074.4
26656,1770606000000,14405224.2
26657,1770609600000,14409414.6
26658,1770613200000,14386297.8
26659,1770616800000,14408842.5
26660,1770620400000,14403453.6
26661,1770624000000,14421089.5
26662,1770627600000,14549101.6
26663,1770631200000,14581831.4
26664,1770634800000,14731405.6
26665,1770638400000,14648532.2
26666,1770642000000,14695064.0
26667,1770645600000,14635037.4
26668,1770649200000,14460515.4
26669,1770652800000,14395795.8
26670,1770656400000,14262468.2
26671,1770660000000,14368933.4
26672,1770663600000,14337859.0
26673,1770667200000,14430600.8
26674,1770670800000,14383125.8
26675,1770674400000,14462910.4
26676,1770678000000,14377454.9
26677,1770681600000,14450016.6
26678,1770685200000,14363741.0
26679,1770688800000,14326441.0
26680,1770692400000,14382102.4
26681,1770696000000,14406943.6
26682,1770699600000,14446095.4
26683,1770703200000,14406813.6
26684,1770706800000,14382028.4
26685,1770710400000,14374553.8
26686,1770714000000,14340937.8
26687,1770717600000,14283162.8
26688,1770721200000,14216921.8
26689,1770724800000,14144499.9
26690,1770728400000,14188314.0
26691,1770732000000,14272221.3
26692,1770735600000,14139453.8
26693,1770739200000,14201522.0
26694,1770742800000,14254257.8
26695,1770746400000,14194488.5
26696,1770750000000,14270034.3
26697,1770753600000,14352327.5
26698,1770757200000,14372913.0
26699,1770760800000,14361212.5
26700,1770764400000,14343469.5
26701,1770768000000,14386839.5
26702,1770771600000,14435499.5
26703,1770775200000,14484625.1
26704,1770778800000,14501332.2
26705,1770782400000,14543365.5
26706,1770786000000,14460306.3
26707,1770789600000,14423723.1
26708,1770793200000,14556546.5
26709,1770796800000,14529640.6
26710,1770800400000,14495307.9
26711,1770804000000,14482825.9
26712,1770807600000,14562991.2
26713,1770811200000,14590332.3
26714,1770814800000,14687418.1
26715,1770818400000,14679773.4
26716,1770822000000,14774208.2
26717,1770825600000,14889846.0
26718,1770829200000,14872147.4
26719,1770832800000,14813100.4
26720,1770836400000,14680455.0
26721,1770840000000,14577930.8
26722,1770843600000,14575429.4
26723,1770847200000,14579561.7
26724,1770850800000,14534908.8
26725,1770854400000,14570736.8
26726,1770858000000,14747997.8
26727,1770861600000,14640956.2
26728,1770865200000,14594826.1
26729,1770868800000,14602562.0
26730,1770872400000,14548286.4
26731,1770876000000,14550471.6
26732,1770879600000,14557793.8
26733,1770883200000,14537723.8
26734,1770886800000,14494204.6
26735,1770890400000,14497575.4
26736,1770894000000,14440863.5
26737,1770897600000,14428192.3
26738,1770901200000,14442090.6
26739,1770904800000,14529663.7
26740,1770908400000,14658160.8
26741,1770912000000,14614012.4
26742,1770915600000,14569219.3
26743,1770919200000,14578063.8
26744,1770922800000,14553972.8
26745,1770926400000,14489558.0
26746,1770930000000,14417477.0
26747,1770933600000,14435620.2
26748,1770937200000,14416357.4
26749,1770940800000,14394800.6
26750,1770944400000,14387709.7
26751,1770948000000,14370387.0
26752,1770951600000,14351406.5
26753,1770955200000,14392884.2
26754,1770958800000,14428987.6
26755,1770962400000,14351121.8
26756,1770966000000,14340859.4
26757,1770969600000,14284637.4
26758,1770973200000,14247478.3
26759,1770976800000,14220653.5
26760,1770980400000,14228841.4
26761,1770984000000,14236287.6
26762,1770987600000,14195932.6
26763,1770991200000,14254557.6
26764,1770994800000,14147839.6
26765,1770998400000,14654969.4
26766,1771002000000,14567105.4
26767,1771005600000,14547878.6
26768,1771009200000,14496450.6
26769,1771012800000,14299301.4
26770,1771016400000,14243280.5
26771,1771020000000,14237669.1
26772,1771023600000,14189648.4
26773,1771027200000,14159088.6
26774,1771030800000,13972253.0
26775,1771034400000,13826729.8
26776,1771038000000,13684502.0
26777,1771041600000,13648096.6
26778,1771045200000,13641024.8
26779,1771048800000,13694698.6
26780,1771052400000,13707467.8
26781,1771056000000,13731661.6
26782,1771059600000,14003172.6
26783,1771063200000,13968384.2
26784,1771066800000,14000636.2
26785,1771070400000,13980570.8
26786,1771074000000,14022146.1
26787,1771077600000,13983048.2
26788,1771081200000,14025653.6
26789,1771084800000,13921746.8
26790,1771088400000,13741268.2
26791,1771092000000,13714731.4
26792,1771095600000,13683103.6
26793,1771099200000,13699230.1
26794,1771102800000,13772930.0
26795,1771106400000,13792620.0
26796,1771110000000,13746022.6
26797,1771113600000,13808254.0
26798,1771117200000,14233784.6
26799,1771120800000,14217907.6
26800,1771124400000,14260378.2
26801,1771128000000,14277029.1
26802,1771131600000,14368333.6
26803,1771135200000,14390015.2
26804,1771138800000,14360663.4
26805,1771142400000,14346280.0
26806,1771146000000,14281577.0
26807,1771149600000,14281248.6
26808,1771153200000,14409300.6
26809,1771156800000,14426312.4
26810,1771160400000,14164724.1
26811,1771164000000,14287204.5
26812,1771167600000,14303865.2
26813,1771171200000,14259118.0
26814,1771174800000,14270553.6
26815,1771178400000,14208441.8
26816,1771182000000,13859149.4
26817,1771185600000,13954764.2
26818,1771189200000,13882812.9
26819,1771192800000,13896100.6
26820,1771196400000,13871058.6
26821,1771200000000,13876375.4
26822,1771203600000,13871425.9
26823,1771207200000,13771678.2
26824,1771210800000,13749227.1
26825,1771214400000,13716677.2
26826,1771218000000,13709752.1
26827,1771221600000,13660038.8
26828,1771225200000,13648803.6
26829,1771228800000,13652780.0
26830,1771232400000,13693583.8
26831,1771236000000,13665885.4
26832,1771239600000,13617101.6
26833,1771243200000,13606449.8
26834,1771246800000,13662082.2
26835,1771250400000,13455938.9
26836,1771254000000,13333481.4
26837,1771257600000,13288357.8
26838,1771261200000,13261515.7
26839,1771264800000,13276574.2
26840,1771268400000,13277991.6
26841,1771272000000,13278655.2
26842,1771275600000,13259585.6
26843,1771279200000,13216315.6
26844,1771282800000,13195856.8
26845,1771286400000,13187322.0
26846,1771290000000,13148222.6
26847,1771293600000,12985836.4
26848,1771297200000,12942570.0
26849,1771300800000,12944240.6
26850,1771304400000,12922414.0
26851,1771308000000,12877836.4
26852,1771311600000,12834935.9
26853,1771315200000,12877734.6
26854,1771318800000,12861132.2
26855,1771322400000,12857863.6
26856,1771326000000,13026244.8
26857,1771329600000,13034038.4
26858,1771333200000,13027094.4
26859,1771336800000,13006548.6
26860,1771340400000,13120808.4
26861,1771344000000,13107708.6
26862,1771347600000,13129320.8
26863,1771351200000,13280966.7
26864,1771354800000,13349271.5
26865,1771358400000,13303659.2
26866,1771362000000,13238890.2
26867,1771365600000,13251304.4
26868,1771369200000,13360894.0
26869,1771372800000,13367487.2
26870,1771376400000,13370009.0
26871,1771380000000,13309811.2
26872,1771383600000,13309465.0
26873,1771387200000,13305955.6
26874,1771390800000,13298444.8
26875,1771394400000,13289503.6
26876,1771398000000,13293027.8
26877,1771401600000,13278894.2
26878,1771405200000,13335632.8
26879,1771408800000,13288925.6
26880,1771412400000,13266183.6
26881,1771416000000,13269424.2
26882,1771419600000,13246708.2
26883,1771423200000,13266575.0
26884,1771426800000,13237043.6
26885,1771430400000,13228914.4
26886,1771434000000,13161568.8
26887,1771437600000,13097910.0
26888,1771441200000,13183417.4
26889,1771444800000,13477052.0
26890,1771448400000,13434295.6
26891,1771452000000,13406759.1
26892,1771455600000,13374588.0
26893,1771459200000,13317511.2
26894,1771462800000,13269562.8
26895,1771466400000,13283724.2
26896,1771470000000,13229302.8
26897,1771473600000,13199782.8
26898,1771477200000,13207288.6
26899,1771480800000,13167205.6
26900,1771484400000,13170043.4
26901,1771488000000,13179695.3
26902,1771491600000,13171926.2
26903,1771495200000,13192784.6
26904,1771498800000,13266625.3
26905,1771502400000,13283890.2
26906,1771506000000,13294548.6
26907,1771509600000,13321009.0
26908,1771513200000,13262078.2
26909,1771516800000,13297523.8
26910,1771520400000,13311805.4
26911,1771524000000,13337091.9
26912,1771527600000,13394401.9
26913,1771531200000,13351206.8
26914,1771534800000,13401867.1
26915,1771538400000,13385732.0
26916,1771542000000,13361617.4
26917,1771545600000,13369629.4
26918,1771549200000,13832560.2
26919,1771552800000,14149264.8
26920,1771556400000,14129424.9
26921,1771560000000,14118017.4
26922,1771563600000,14163136.2
26923,1771567200000,14171432.2
26924,1771570800000,14177398.6
26925,1771574400000,14146236.2
26926,1771578000000,14111291.6
26927,1771581600000,14093629.6
26928,1771585200000,14061873.2
26929,1771588800000,14064828.2
26930,1771592400000,14172958.8
26931,1771596000000,14171634.0
26932,1771599600000,14191576.2
26933,1771603200000,14092702.2
26934,1771606800000,13918383.4
26935,1771610400000,13817022.4
26936,1771614000000,13777533.3
26937,1771617600000,13806072.2
26938,1771621200000,13802361.0
26939,1771624800000,13805557.2
26940,1771628400000,13804532.6
26941,1771632000000,13810470.0
26942,1771635600000,13776295.8
26943,1771639200000,13768069.6
26944,1771642800000,13785571.0
26945,1771646400000,13764848.8
26946,1771650000000,13766245.4
26947,1771653600000,13824581.6
26948,1771657200000,13908383.8
26949,1771660800000,13766736.4
26950,1771664400000,13859853.2
26951,1771668000000,13921786.2
26952,1771671600000,13890422.8
26953,1771675200000,14190506.2
26954,1771678800000,14263982.4
26955,1771682400000,14191473.6
26956,1771686000000,14237232.4
26957,1771689600000,14169478.2
26958,1771693200000,14081301.4
26959,1771696800000,14054973.4
26960,1771700400000,14076324.8
26961,1771704000000,14090044.0
26962,1771707600000,14086400.8
26963,1771711200000,14064428.2
26964,1771714800000,14007680.1
26965,1771718400000,14032163.2
26966,1771722000000,14156747.6
26967,1771725600000,14158248.2
26968,1771729200000,14196827.3
26969,1771732800000,14256756.0
26970,1771736400000,14307291.6
26971,1771740000000,14177413.6
26972,1771743600000,14156842.6
26973,1771747200000,14067431.6
26974,1771750800000,14080253.2
26975,1771754400000,14070062.0
26976,1771758000000,14097205.3
26977,1771761600000,14098472.4
26978,1771765200000,14253574.2
26979,1771768800000,14189705.8
26980,1771772400000,14121312.6
26981,1771776000000,13963915.6
26982,1771779600000,13908108.0
26983,1771783200000,13877281.4
26984,1771786800000,13874255.4
26985,1771790400000,14040498.7
26986,1771794000000,14019914.2
26987,1771797600000,14031861.4
26988,1771801200000,13978967.5
26989,1771804800000,13956116.4
26990,1771808400000,13979258.6
26991,1771812000000,14110543.4
26992,1771815600000,14135908.3
26993,1771819200000,14105293.4
26994,1771822800000,14103973.2
26995,1771826400000,14033997.6
26996,1771830000000,13969752.0
26997,1771833600000,13959091.6
26998,1771837200000,13972015.8
26999,1771840800000,13979873.4
27000,1771844400000,13944193.0
27001,1771848000000,13965231.6
27002,1771851600000,14115633.1
27003,1771855200000,14207561.4
27004,1771858800000,14551946.2
27005,1771862400000,14598905.6
27006,1771866000000,14519239.8
27007,1771869600000,14529734.6
27008,1771873200000,14488553.4
27009,1771876800000,14436752.8
27010,1771880400000,14403695.8
27011,1771884000000,14385596.2
27012,1771887600000,14450052.6
27013,1771891200000,14348549.0
27014,1771894800000,14429894.6
27015,1771898400000,14436544.9
27016,1771902000000,14578848.8
27017,1771905600000,14370396.0
27018,1771909200000,14275617.2
27019,1771912800000,14266453.0
27020,1771916400000,14293771.4
27021,1771920000000,14232652.2
27022,1771923600000,14230126.4
27023,1771927200000,14242632.8
27024,1771930800000,14254417.8
27025,1771934400000,14254250.4
27026,1771938000000,14270815.0
27027,1771941600000,14222929.7
27028,1771945200000,14240278.4
27029,1771948800000,14345998.0
27030,1771952400000,14341492.7
27031,1771956000000,14412996.7
27032,1771959600000,14393939.4
27033,1771963200000,14395528.4
27034,1771966800000,14438972.6
27035,1771970400000,14418002.8
27036,1771974000000,14423733.8
27037,1771977600000,14429376.4
27038,1771981200000,14417775.4
27039,1771984800000,14401193.9
27040,1771988400000,14353233.0
27041,1771992000000,14280503.6
27042,1771995600000,14242772.6
27043,1771999200000,14180033.0
27044,1772002800000,14146041.6
27045,1772006400000,14119956.0
27046,1772010000000,14005156.2
27047,1772013600000,14016584.3
27048,1772017200000,13911251.7
27049,1772020800000,13896294.8
27050,1772024400000,13740106.9
27051,1772028000000,13684746.5
27052,1772031600000,13715916.0
27053,1772035200000,14258460.3
27054,1772038800000,14782106.7
27055,1772042400000,14693908.4
27056,1772046000000,14809199.8
27057,1772049600000,14681519.7
27058,1772053200000,14609409.2
27059,1772056800000,14402468.4
27060,1772060400000,14277421.6
27061,1772064000000,14396559.6
27062,1772067600000,14372379.3
27063,1772071200000,14243880.5
27064,1772074800000,14335728.6
27065,1772078400000,14261288.6
27066,1772082000000,14107504.4
27067,1772085600000,14135939.8
27068,1772089200000,14086213.8
27069,1772092800000,14021876.4
27070,1772096400000,13986798.0
27071,1772100000000,13740570.2
27072,1772103600000,13723562.5
27073,1772107200000,13750402.8
27074,1772110800000,13685945.2
27075,1772114400000,13696974.2
27076,1772118000000,13645964.4
27077,1772121600000,13677883.6
27078,1772125200000,13785306.0
27079,1772128800000,13791155.6
27080,1772132400000,13695509.2
27081,1772136000000,13627592.2
27082,1772139600000,13579242.6
27083,1772143200000,13626378.2
27084,1772146800000,13521887.0
27085,1772150400000,13513306.8
27086,1772154000000,13676782.3
27087,1772157600000,13651371.6
27088,1772161200000,13612269.2
27089,1772164800000,13619026.4
27090,1772168400000,13577051.8
27091,1772172000000,13602563.7
27092,1772175600000,13596720.3
27093,1772179200000,13753835.4
27094,1772182800000,13765726.8
27095,1772186400000,13778534.0
27096,1772190000000,14037161.0
27097,1772193600000,13968600.6
27098,1772197200000,13975718.2
27099,1772200800000,13969175.7
27100,1772204400000,14133519.0
27101,1772208000000,14678090.4
27102,1772211600000,15017092.4
27103,1772215200000,14995430.0
27104,1772218800000,14906087.2
27105,1772222400000,14952711.0
27106,1772226000000,14908116.0
27107,1772229600000,14853015.4
27108,1772233200000,14799896.6
27109,1772236800000,14830736.3
27110,1772240400000,14334475.0
27111,1772244000000,14290608.8
27112,1772247600000,14277590.4
27113,1772251200000,14267299.2
27114,1772254800000,14217025.8
27115,1772258400000,14194965.2
27116,1772262000000,13974497.1
27117,1772265600000,14036016.3
27118,1772269200000,13938914.0
27119,1772272800000,13889490.2
27120,1772276400000,13948079.4
27121,1772280000000,14043271.4
27122,1772283600000,14006968.4
27123,1772287200000,13869871.6
27124,1772290800000,13843879.4
27125,1772294400000,13807320.7
27126,1772298000000,13786883.4
27127,1772301600000,13759167.2
27128,1772305200000,13696531.2
27129,1772308800000,13672950.5
27130,1772312400000,13606529.7
27131,1772316000000,13596888.8
27132,1772319600000,13583990.0
27133,1772323200000,13572496.4
27134,1772326800000,13557494.2
27135,1772330400000,13621727.9
27136,1772334000000,13657147.9
27137,1772337600000,13630284.8
27138,1772341200000,13671008.6
27139,1772344800000,13719530.5
27140,1772348400000,13640072.2
27141,1772352000000,13650666.2
27142,1772355600000,13744735.8
27143,1772359200000,13782402.0
27144,1772362800000,13746093.2
27145,1772366400000,13750494.8
27146,1772370000000,13778203.0
27147,1772373600000,13733184.2
27148,1772377200000,13842177.2
27149,1772380800000,13819156.7
27150,1772384400000,13871033.0
27151,1772388000000,13897053.9
27152,1772391600000,13831691.0
27153,1772395200000,13891882.8
27154,1772398800000,13895406.0
27155,1772402400000,13837249.6
27156,1772406000000,13759377.8
27157,1772409600000,13653949.2
27158,1772413200000,13617383.0
27159,1772416800000,13575851.8
27160,1772420400000,13559991.6
27161,1772424000000,13555909.6
27162,1772427600000,13573058.4
27163,1772431200000,13528239.2
27164,1772434800000,13615753.0
27165,1772438400000,13635132.6
27166,1772442000000,13696248.3
27167,1772445600000,13690147.8
27168,1772449200000,13680692.6
27169,1772452800000,13937654.0
27170,1772456400000,13892459.2
27171,1772460000000,13774167.2
27172,1772463600000,13763923.8
27173,1772467200000,15234870.2
27174,1772470800000,15336161.8
27175,1772474400000,15436272.4
27176,1772478000000,15567086.6
27177,1772481600000,15615556.6
27178,1772485200000,15622399.8
27179,1772488800000,15581998.4
27180,1772492400000,15411163.6
27181,1772496000000,15344316.4
27182,1772499600000,15262128.9
27183,1772503200000,15203238.6
27184,1772506800000,15145943.5
27185,1772510400000,15176360.4
27186,1772514000000,15245851.4
27187,1772517600000,15255224.0
27188,1772521200000,15179661.8
27189,1772524800000,15263191.0
27190,1772528400000,15265228.4
27191,1772532000000,15251358.0
27192,1772535600000,15335246.2
27193,1772539200000,15242611.2
27194,1772542800000,15247836.2
27195,1772546400000,15237571.6
27196,1772550000000,15393843.3
27197,1772553600000,15591938.4
27198,1772557200000,15213024.8
27199,1772560800000,15218555.0
27200,1772564400000,15209118.4
27201,1772568000000,15206989.0
27202,1772571600000,15120020.6
27203,1772575200000,15057531.2
27204,1772578800000,15099647.6
27205,1772582400000,15127805.6
27206,1772586000000,15112626.8
27207,1772589600000,15147670.5
27208,1772593200000,15127836.6
27209,1772596800000,15189717.2
27210,1772600400000,15165561.4
27211,1772604000000,15158045.1
27212,1772607600000,15131052.0
27213,1772611200000,15121098.4
27214,1772614800000,15109694.2
27215,1772618400000,15319653.2
27216,1772622000000,15319232.8
27217,1772625600000,15360420.4
27218,1772629200000,15401226.2
27219,1772632800000,15433143.6
27220,1772636400000,15117408.4
27221,1772640000000,15143376.0
27222,1772643600000,15205286.3
27223,1772647200000,15209120.6
27224,1772650800000,15249971.8
27225,1772654400000,15408123.2
27226,1772658000000,15409502.2
27227,1772661600000,15386573.0
27228,1772665200000,15399390.2
27229,1772668800000,15331619.3
27230,1772672400000,15298452.0
27231,1772676000000,15286556.6
27232,1772679600000,15302122.1
27233,1772683200000,15269622.8
27234,1772686800000,15272309.8
27235,1772690400000,15197148.8
27236,1772694000000,15167713.4
27237,1772697600000,15242281.4
27238,1772701200000,15406261.3
27239,1772704800000,15270071.6
27240,1772708400000,15406519.6
27241,1772712000000,15277737.0
27242,1772715600000,15219635.6
27243,1772719200000,15243110.2
27244,1772722800000,15305525.6
27245,1772726400000,15315830.8
27246,1772730000000,15324024.2
27247,1772733600000,15238656.4
27248,1772737200000,15252148.4
27249,1772740800000,15211993.8
27250,1772744400000,15165093.8
27251,1772748000000,15193668.4
27252,1772751600000,15158561.8
27253,1772755200000,15189350.0
27254,1772758800000,15162520.6
27255,1772762400000,15174179.6
27256,1772766000000,15144239.5
27257,1772769600000,15109862.0
27258,1772773200000,15108121.2
27259,1772776800000,15135614.8
27260,1772780400000,15109227.2
27261,1772784000000,15116437.2
27262,1772787600000,15131398.6
27263,1772791200000,15156273.2
27264,1772794800000,15188608.2
27265,1772798400000,15106019.5
27266,1772802000000,15105283.8
27267,1772805600000,15185879.4
27268,1772809200000,15092961.3
27269,1772812800000,15094215.2
27270,1772816400000,15177666.2
27271,1772820000000,15202371.2
27272,1772823600000,15250592.7
27273,1772827200000,15352113.0
27274,1772830800000,15408265.8
27275,1772834400000,15418535.4
27276,1772838000000,15413583.6
27277,1772841600000,15480139.0
27278,1772845200000,15476609.6
27279,1772848800000,15385578.6
27280,1772852400000,15433329.2
27281,1772856000000,15442592.4
27282,1772859600000,15555174.2
27283,1772863200000,15579774.2
27284,1772866800000,15500239.2
27285,1772870400000,15535936.8
27286,1772874000000,15598113.4
27287,1772877600000,15533348.8
27288,1772881200000,15562137.8
27289,1772884800000,15501001.8
27290,1772888400000,15465017.6
27291,1772892000000,15483206.6
27292,1772895600000,15478503.6
27293,1772899200000,15393493.4
27294,1772902800000,15496914.0
27295,1772906400000,15564129.0
27296,1772910000000,15627149.0
27297,1772913600000,15620995.4
27298,1772917200000,15754555.8
27299,1772920800000,15778193.6
27300,1772924400000,15791363.6
27301,1772928000000,15808200.0
27302,1772931600000,15745348.1
27303,1772935200000,15804975.4
27304,1772938800000,15750727.8
27305,1772942400000,15830983.0
27306,1772946000000,15792684.6
27307,1772949600000,15819109.2
27308,1772953200000,15811301.8
27309,1772956800000,15770859.8
27310,1772960400000,15799935.6
27311,1772964000000,15812393.4
27312,1772967600000,15827830.4
27313,1772971200000,15803327.6
27314,1772974800000,15846712.2
27315,1772978400000,15802435.9
27316,1772982000000,15722075.5
27317,1772985600000,15711773.9
27318,1772989200000,15654493.2
27319,1772992800000,15590360.0
27320,1772996400000,15533173.4
27321,1773000000000,15477537.7
27322,1773003600000,15410595.2
27323,1773007200000,15344906.4
27324,1773010800000,15128613.1
27325,1773014400000,15085366.9
27326,1773018000000,15112700.9
27327,1773021600000,15188712.1
27328,1773025200000,15208290.7
27329,1773028800000,15206359.7
27330,1773032400000,15260032.7
27331,1773036000000,15075852.5
27332,1773039600000,15000104.3
27333,1773043200000,15027980.5
27334,1773046800000,15076354.7
27335,1773050400000,15065410.5
27336,1773054000000,15148269.5
27337,1773057600000,15155861.9
27338,1773061200000,15305674.5
27339,1773064800000,15300385.3
27340,1773068400000,15351045.3
27341,1773072000000,15369267.6
27342,1773075600000,15337666.5
27343,1773079200000,15285794.1
27344,1773082800000,15248886.7
27345,1773086400000,15076602.8
27346,1773090000000,14966668.1
27347,1773093600000,14927523.1
27348,1773097200000,15017484.2
27349,1773100800000,15000627.9
27350,1773104400000,14936979.7
27351,1773108000000,14946011.1
27352,1773111600000,14900481.4
27353,1773115200000,14899817.3
27354,1773118800000,14933325.5
27355,1773122400000,14940346.5
27356,1773126000000,15029264.7
27357,1773129600000,15012487.3
27358,1773133200000,15098863.5
27359,1773136800000,15111187.5
27360,1773140400000,15096950.3
27361,1773144000000,15118386.3
27362,1773147600000,15135460.1
27363,1773151200000,15186756.5
27364,1773154800000,15200923.1
27365,1773158400000,15369634.1
27366,1773162000000,15418249.9
27367,1773165600000,15581687.3
27368,1773169200000,16312118.3
27369,1773172800000,16531068.7
27370,1773176400000,16756327.9
27371,1773180000000,16948852.7
27372,1773183600000,16857040.89999999
27373,1773187200000,16889744.7
27374,1773190800000,16839581.7
27375,1773194400000,16774613.9
27376,1773198000000,16725057.3
27377,1773201600000,16654294.6
27378,1773205200000,16736739.9
27379,1773208800000,16686358.3
27380,1773212400000,16752391.7
27381,1773216000000,16698885.9
27382,1773219600000,16753169.0
27383,1773223200000,16941181.1
27384,1773226800000,16933130.89999999
27385,1773230400000,16760582.9
27386,1773234000000,16493911.7
27387,1773237600000,16392913.1
27388,1773241200000,16348516.3
27389,1773244800000,16502108.2
27390,1773248400000,16543688.2
27391,1773252000000,16535216.1
27392,1773255600000,16523052.5
27393,1773259200000,16533297.7
27394,1773262800000,16508130.7
27395,1773266400000,16466133.9
27396,1773270000000,16514369.1
27397,1773273600000,16491921.7
27398,1773277200000,16619477.5
27399,1773280800000,16665177.9
27400,1773284400000,16590113.3
27401,1773288000000,16501349.6
27402,1773291600000,16578432.9
27403,1773295200000,16443720.7
27404,1773298800000,16430853.3
27405,1773302400000,16370070.5
27406,1773306000000,16352197.8
27407,1773309600000,16334627.7
27408,1773313200000,16347031.3
27409,1773316800000,16564069.3
27410,1773320400000,16378037.7
27411,1773324000000,16385132.2
27412,1773327600000,16428290.1
27413,1773331200000,16439245.7
27414,1773334800000,16398952.5
27415,1773338400000,16380309.3
27416,1773342000000,16168550.9
27417,1773345600000,16203242.1
27418,1773349200000,16268257.9
27419,1773352800000,16217033.9
27420,1773356400000,16227449.0
27421,1773360000000,16235168.1
27422,1773363600000,16247450.2
27423,1773367200000,16199171.3
27424,1773370800000,16175589.7
27425,1773374400000,16002030.3
27426,1773378000000,16008560.6
27427,1773381600000,15953137.1
27428,1773385200000,15931611.7
27429,1773388800000,16062810.7
27430,1773392400000,16092062.4
27431,1773396000000,16097067.5
27432,1773399600000,16074500.0
27433,1773403200000,16143039.7
27434,1773406800000,16170251.9
27435,1773410400000,16223547.5
27436,1773414000000,16180972.4
27437,1773417600000,16190906.5
27438,1773421200000,16166956.7
27439,1773424800000,16104720.9
27440,1773428400000,16090020.9
27441,1773432000000,16055289.3
27442,1773435600000,16007894.5
27443,1773439200000,15980447.7
27444,1773442800000,15982715.3
27445,1773446400000,16007081.9
27446,1773450000000,16023908.2
27447,1773453600000,16087356.1
27448,1773457200000,16195975.1
27449,1773460800000,16147035.5
27450,1773464400000,16190361.9
27451,1773468000000,16176203.9
27452,1773471600000,16050171.1
27453,1773475200000,15972704.1
27454,1773478800000,16015681.9
27455,1773482400000,15986964.8
27456,1773486000000,15948692.2
27457,1773489600000,15999293.5
27458,1773493200000,16024359.5
27459,1773496800000,16055003.1
27460,1773500400000,16114285.6
27461,1773504000000,16162274.3
27462,1773507600000,16137043.9
27463,1773511200000,16123444.7
27464,1773514800000,16408047.1
27465,1773518400000,16524869.1
27466,1773522000000,16487659.7
27467,1773525600000,16393384.5
27468,1773529200000,16498253.5
27469,1773532800000,16448660.3
27470,1773536400000,16410920.1
27471,1773540000000,16402336.5
27472,1773543600000,16364803.0
27473,1773547200000,16342599.9
27474,1773550800000,16326919.5
27475,1773554400000,16351684.3
27476,1773558000000,16317033.7
27477,1773561600000,16311446.7
27478,1773565200000,16365052.1
27479,1773568800000,16309473.9
27480,1773572400000,16341579.5
27481,1773576000000,16288772.7
27482,1773579600000,16256484.1
27483,1773583200000,16142916.9
27484,1773586800000,16130120.3
27485,1773590400000,16117852.9
27486,1773594000000,16085952.1
27487,1773597600000,16067076.9
27488,1773601200000,16070945.1
27489,1773604800000,16198983.3
27490,1773608400000,16077794.9
27491,1773612000000,15986238.9
27492,1773615600000,15869528.7
27493,1773619200000,15790962.7
27494,1773622800000,15919987.3
27495,1773626400000,15896360.1
27496,1773630000000,15803049.1
27497,1773633600000,15706401.9
27498,1773637200000,15650316.5
27499,1773640800000,15548128.5
27500,1773644400000,15670572.6
27501,1773648000000,15681221.9
27502,1773651600000,15730037.3
27503,1773655200000,15905546.7
27504,1773658800000,15799737.5
27505,1773662400000,15877955.7
27506,1773666000000,15878108.6
27507,1773669600000,15891601.7
27508,1773673200000,15575596.9
27509,1773676800000,15674520.9
27510,1773680400000,15809523.3
27511,1773684000000,15769141.7
27512,1773687600000,15875980.0
27513,1773691200000,15962872.6
27514,1773694800000,16299919.6
27515,1773698400000,16592597.7
27516,1773702000000,16657758.9
27517,1773705600000,16641085.9
27518,1773709200000,16425103.1
27519,1773712800000,16419906.1
27520,1773716400000,16375611.9
27521,1773720000000,16287188.9
27522,1773723600000,16225110.9
27523,1773727200000,16178986.1
27524,1773730800000,16189963.2
27525,1773734400000,16177872.3
27526,1773738000000,16140768.3
27527,1773741600000,16160204.5
27528,1773745200000,16165279.7
27529,1773748800000,16268653.9
27530,1773752400000,16476215.5
27531,1773756000000,16502380.1
27532,1773759600000,16560198.3
27533,1773763200000,16468790.7
27534,1773766800000,16466833.1
27535,1773770400000,16485783.1
27536,1773774000000,16500527.3
27537,1773777600000,16426759.5
27538,1773781200000,16418044.9
27539,1773784800000,16374128.7
27540,1773788400000,16300394.5
27541,1773792000000,16246902.3
27542,1773795600000,16199198.5
27543,1773799200000,16181302.3
27544,1773802800000,16197707.1
27545,1773806400000,16261045.1
27546,1773810000000,16285507.1
27547,1773813600000,16290318.9
27548,1773817200000,16318327.3
27549,1773820800000,16346371.7
27550,1773824400000,16359983.3
27551,1773828000000,16316491.7
27552,1773831600000,16237597.9
27553,1773835200000,16299874.5
27554,1773838800000,16415340.1
27555,1773842400000,16347122.7
27556,1773846000000,16222618.1
27557,1773849600000,16273293.3
27558,1773853200000,16276767.1
27559,1773856800000,16211271.1
27560,1773860400000,16129773.7
27561,1773864000000,16115893.2
27562,1773867600000,16030063.7
27563,1773871200000,15995984.7
27564,1773874800000,15985190.9
27565,1773878400000,15937041.7
27566,1773882000000,15921630.3
27567,1773885600000,15967248.5
27568,1773889200000,15965006.3
27569,1773892800000,15908217.7
27570,1773896400000,15907294.9
27571,1773900000000,15852639.5
27572,1773903600000,15812373.5
27573,1773907200000,15824651.1
27574,1773910800000,15883174.5
27575,1773914400000,15846806.5
27576,1773918000000,15849094.3
27577,1773921600000,15861264.1
27578,1773925200000,15373795.5
27579,1773928800000,15499958.5
27580,1773932400000,15517795.7
27581,1773936000000,15597725.1
27582,1773939600000,15593422.5
27583,1773943200000,15651687.5
27584,1773946800000,15674182.8
27585,1773950400000,15714427.7
27586,1773954000000,15681092.3
27587,1773957600000,15677291.1
27588,1773961200000,15653043.8
27589,1773964800000,15675786.3
27590,1773968400000,15680481.1
27591,1773972000000,15642009.7
27592,1773975600000,15608518.1
27593,1773979200000,15609983.5
27594,1773982800000,15590630.7
27595,1773986400000,15599716.7
27596,1773990000000,15635355.5
27597,1773993600000,15651544.7
27598,1773997200000,15632439.4
27599,1774000800000,15599717.5
27600,1774004400000,15577961.7
27601,1774008000000,15521864.9
27602,1774011600000,15510788.7
27603,1774015200000,15554691.3
27604,1774018800000,15610712.1
27605,1774022400000,15551360.9
27606,1774026000000,15541010.5
27607,1774029600000,15556758.3
27608,1774033200000,15574912.1
27609,1774036800000,15639108.3
27610,1774040400000,15656628.7
27611,1774044000000,15649992.3
27612,1774047600000,15657184.3
27613,1774051200000,15495110.1
27614,1774054800000,15455998.9
27615,1774058400000,15456565.4
27616,1774062000000,15455646.7
27617,1774065600000,15453455.3
27618,1774069200000,15463887.9
27619,1774072800000,15465627.3
27620,1774076400000,15487618.9
27621,1774080000000,15501022.7
27622,1774083600000,15495516.9
27623,1774087200000,15489980.9
27624,1774090800000,15498099.1
27625,1774094400000,15531520.1
27626,1774098000000,15588234.5
27627,1774101600000,15514658.7
27628,1774105200000,15547474.1
27629,1774108800000,15664971.8
27630,1774112400000,15718046.7
27631,1774116000000,15685916.3
27632,1774119600000,15702200.5
27633,1774123200000,15687084.1
27634,1774126800000,15722171.7
27635,1774130400000,15708697.7
27636,1774134000000,15705373.9
27637,1774137600000,16094778.6
27638,1774141200000,15920547.0
27639,1774144800000,15863146.7
27640,1774148400000,15756740.5
27641,1774152000000,15723695.1
27642,1774155600000,15735927.1
27643,1774159200000,15735258.7
27644,1774162800000,15754938.9
27645,1774166400000,15767630.7
27646,1774170000000,15761302.1
27647,1774173600000,15806213.3
27648,1774177200000,15855025.7
27649,1774180800000,15848114.1
27650,1774184400000,15847793.1
27651,1774188000000,15836328.7
27652,1774191600000,15790246.9
27653,1774195200000,15802633.9
27654,1774198800000,15839127.1
27655,1774202400000,15822980.7
27656,1774206000000,15767803.9
27657,1774209600000,15637602.7
27658,1774213200000,15624872.7
27659,1774216800000,15863243.7
27660,1774220400000,15791836.9
27661,1774224000000,15726340.5
27662,1774227600000,15593034.7
27663,1774231200000,15584478.5
27664,1774234800000,15505181.8
27665,1774238400000,15485821.1
27666,1774242000000,15486171.3
27667,1774245600000,15485357.9
27668,1774249200000,15437681.7
27669,1774252800000,15532535.5
27670,1774256400000,15556727.5
27671,1774260000000,15559559.1
27672,1774263600000,15570178.7
27673,1774267200000,15537859.8
27674,1774270800000,15536573.1
27675,1774274400000,15420966.7
27676,1774278000000,15451981.4
27677,1774281600000,15547173.1
27678,1774285200000,15550273.5
27679,1774288800000,15643087.3
27680,1774292400000,15589841.7
27681,1774296000000,15456060.0
27682,1774299600000,15419370.3
27683,1774303200000,15398263.2
27684,1774306800000,15421195.3
27685,1774310400000,15316169.7
27686,1774314000000,15258955.3
27687,1774317600000,15280193.9
27688,1774321200000,15153326.1
27689,1774324800000,15158203.7
27690,1774328400000,15186295.2
27691,1774332000000,15272095.3
27692,1774335600000,15354864.3
27693,1774339200000,15184833.7
27694,1774342800000,15119957.5
27695,1774346400000,15138433.1
27696,1774350000000,15110015.5
27697,1774353600000,15055788.1
27698,1774357200000,14999536.3
27699,1774360800000,15110093.1
27700,1774364400000,15020553.1
27701,1774368000000,15037240.1
27702,1774371600000,15088683.1
27703,1774375200000,15096556.9
27704,1774378800000,14977154.7
27705,1774382400000,14976720.5
27706,1774386000000,14931283.5
27707,1774389600000,14893212.7
27708,1774393200000,14870598.5
27709,1774396800000,14916447.9
27710,1774400400000,14936724.9
27711,1774404000000,14973373.3
27712,1774407600000,14972705.7
27713,1774411200000,14979902.9
27714,1774414800000,14978236.2
27715,1774418400000,14932665.5
27716,1774422000000,14945696.5
27717,1774425600000,14940054.3
27718,1774429200000,14997155.5
27719,1774432800000,15046959.5
27720,1774436400000,15074563.5
27721,1774440000000,15074645.5
27722,1774443600000,15018474.7
27723,1774447200000,15026999.6
27724,1774450800000,14950397.7
27725,1774454400000,14974957.2
27726,1774458000000,14960737.6
27727,1774461600000,14993298.1
27728,1774465200000,15036868.7
27729,1774468800000,15137413.7
27730,1774472400000,15101190.9
27731,1774476000000,15055248.5
27732,1774479600000,15074943.1
27733,1774483200000,15076942.5
27734,1774486800000,15023898.9
27735,1774490400000,15131742.4
27736,1774494000000,15067748.7
27737,1774497600000,15010177.5
27738,1774501200000,15010046.7
27739,1774504800000,14903326.5
27740,1774508400000,14879051.7
27741,1774512000000,14847121.1
27742,1774515600000,14839479.5
27743,1774519200000,14798255.3
27744,1774522800000,14696797.7
27745,1774526400000,14685729.9
27746,1774530000000,14780088.6
27747,1774533600000,14787765.7
27748,1774537200000,14732056.1
27749,1774540800000,14654788.7
27750,1774544400000,14589999.5
27751,1774548000000,14617192.9
27752,1774551600000,14740860.5
27753,1774555200000,14699493.5
27754,1774558800000,14686719.7
27755,1774562400000,14682155.7
27756,1774566000000,14779604.6
27757,1774569600000,14775065.7
27758,1774573200000,14898048.7
27759,1774576800000,14746281.5
27760,1774580400000,14740284.1
27761,1774584000000,14801614.5
27762,1774587600000,14839614.1
27763,1774591200000,14940496.6
27764,1774594800000,14877406.9
27765,1774598400000,15009201.1
27766,1774602000000,15020353.0
27767,1774605600000,14961599.1
27768,1774609200000,15138437.3
27769,1774612800000,15135817.9
27770,1774616400000,14855139.5
27771,1774620000000,14848689.3
27772,1774623600000,14830223.3
27773,1774627200000,14911559.1
27774,1774630800000,14859657.9
27775,1774634400000,14845510.3
27776,1774638000000,14777235.5
27777,1774641600000,14754421.1
27778,1774645200000,14763640.3
27779,1774648800000,14751481.2
27780,1774652400000,14782684.1
27781,1774656000000,14672938.3
27782,1774659600000,14686136.7
27783,1774663200000,14878565.3
27784,1774666800000,14836344.9
27785,1774670400000,14806357.5
27786,1774674000000,14871160.9
27787,1774677600000,14889148.3
27788,1774681200000,14945696.5
27789,1774684800000,14945926.6
27790,1774688400000,14936336.5
27791,1774692000000,14919418.5
27792,1774695600000,15014397.5
27793,1774699200000,15142103.3
27794,1774702800000,15213684.7
27795,1774706400000,15189059.5
27796,1774710000000,15240052.1
27797,1774713600000,15288986.9
27798,1774717200000,15358085.9
27799,1774720800000,15372172.1
27800,1774724400000,15423810.4
27801,1774728000000,15470565.3
27802,1774731600000,15419394.7
27803,1774735200000,15535227.0
27804,1774738800000,15520921.5
27805,1774742400000,15538209.1
27806,1774746000000,15447620.6
27807,1774749600000,15363402.5
27808,1774753200000,15392227.2
27809,1774756800000,15349177.9
27810,1774760400000,15333263.9
27811,1774764000000,15331707.1
27812,1774767600000,15323357.3
27813,1774771200000,15313482.3
27814,1774774800000,15292533.3
27815,1774778400000,15268455.7
27816,1774782000000,15267412.9
27817,1774785600000,15261802.1
27818,1774789200000,15365620.9
27819,1774792800000,15313605.1
27820,1774796400000,15331681.9
27821,1774800000000,15282876.3
27822,1774803600000,15237779.9
27823,1774807200000,15189594.7
27824,1774810800000,15180091.3
27825,1774814400000,15119139.3
27826,1774818000000,15092021.1
27827,1774821600000,15071259.1
27828,1774825200000,15263698.9
27829,1774828800000,15355279.1
27830,1774832400000,15193533.5
27831,1774836000000,15054144.1
27832,1774839600000,15061348.3
27833,1774843200000,15029527.5
27834,1774846800000,15005864.1
27835,1774850400000,14921903.7
27836,1774854000000,14903931.8
27837,1774857600000,15112584.3
27838,1774861200000,15041000.9
27839,1774864800000,15151998.3
27840,1774868400000,15036160.1
27841,1774872000000,14947433.5
27842,1774875600000,14962088.3
27843,1774879200000,14910987.5
27844,1774882800000,15024207.5
27845,1774886400000,15264174.9
27846,1774890000000,15240835.5
27847,1774893600000,15221810.9
27848,1774897200000,15229185.2
27849,1774900800000,15224229.3
27850,1774904400000,15318088.0
27851,1774908000000,15294394.1
27852,1774911600000,15314428.7
27853,1774915200000,15345676.7
27854,1774918800000,15439447.9
27855,1774922400000,15462166.9
27856,1774926000000,15419799.1
27857,1774929600000,15414191.9
27858,1774933200000,15426212.4
27859,1774936800000,15540305.2
27860,1774940400000,15570131.9
27861,1774944000000,15686839.9
27862,1774947600000,15768981.7
27863,1774951200000,15787329.9
27864,1774954800000,15779483.5
27865,1774958400000,15785750.1
27866,1774962000000,15775380.7
27867,1774965600000,15737337.1
27868,1774969200000,15688934.7
27869,1774972800000,15764372.7
27870,1774976400000,15728907.7
27871,1774980000000,15639421.1
27872,1774983600000,15554160.9
27873,1774987200000,15589059.3
27874,1774990800000,15563730.3
27875,1774994400000,15568609.4
27876,1774998000000,15515872.8
27877,1775001600000,15499449.3
27878,1775005200000,15599063.9
27879,1775008800000,15599308.3
27880,1775012400000,15576601.5
27881,1775016000000,15543493.1
27882,1775019600000,15580302.3
27883,1775023200000,15577087.5
27884,1775026800000,15625399.8
27885,1775030400000,15440457.1
27886,1775034000000,15407825.1
27887,1775037600000,15314426.1
27888,1775041200000,15366796.5
27889,1775044800000,15337426.3
27890,1775048400000,15577319.3
27891,1775052000000,15618315.1
27892,1775055600000,15672770.5
27893,1775059200000,15627002.7
27894,1775062800000,15705547.5
27895,1775066400000,15737231.1
27896,1775070000000,15802190.7
27897,1775073600000,15801865.9
27898,1775077200000,15663310.7
27899,1775080800000,15680937.1
27900,1775084400000,15695734.5
27901,1775088000000,15669685.9
27902,1775091600000,15600954.5
27903,1775095200000,15526540.5
27904,1775098800000,15558939.1
27905,1775102400000,15446912.3
27906,1775106000000,15442240.1
27907,1775109600000,15520361.7
27908,1775113200000,15541077.3
27909,1775116800000,15485305.9
27910,1775120400000,15572078.0
27911,1775124000000,15581711.7
27912,1775127600000,15628080.2
27913,1775131200000,15655531.9
27914,1775134800000,15705971.9
27915,1775138400000,15728928.2
27916,1775142000000,15824280.9
27917,1775145600000,15844201.9
27918,1775149200000,15871285.5
27919,1775152800000,15831097.1
27920,1775156400000,15758948.5
27921,1775160000000,15761178.9
27922,1775163600000,15796388.7
27923,1775167200000,15790997.7
27924,1775170800000,15766317.9
27925,1775174400000,15737549.9
27926,1775178000000,15714869.5
27927,1775181600000,15702622.9
27928,1775185200000,15720605.9
27929,1775188800000,15714541.5
27930,1775192400000,15644725.5
27931,1775196000000,15674331.3
27932,1775199600000,15698803.1
27933,1775203200000,15687224.5
27934,1775206800000,15649775.7
27935,1775210400000,15623959.9
27936,1775214000000,15577706.2
27937,1775217600000,15578104.5
27938,1775221200000,15616913.7
27939,1775224800000,15675013.1
27940,1775228400000,15713790.3
27941,1775232000000,15596187.5
27942,1775235600000,15617591.2
27943,1775239200000,15588110.0
27944,1775242800000,15580273.3
27945,1775246400000,15608823.7
27946,1775250000000,15583908.5
27947,1775253600000,15530199.3
27948,1775257200000,15580728.9
27949,1775260800000,15851410.3
27950,1775264400000,15875435.9
27951,1775268000000,15890199.7
27952,1775271600000,15901032.3
27953,1775275200000,15906080.5
27954,1775278800000,15898084.7
27955,1775282400000,15867762.3
27956,1775286000000,15870678.9
27957,1775289600000,15889686.5
27958,1775293200000,15891939.1
27959,1775296800000,15917103.3
27960,1775300400000,15917389.9
27961,1775304000000,15918139.2
27962,1775307600000,16042574.9
27963,1775311200000,15989759.3
27964,1775314800000,16006994.9
27965,1775318400000,15982691.3
27966,1775322000000,16015821.1
27967,1775325600000,15965998.8
27968,1775329200000,16000981.3
27969,1775332800000,15852585.5
27970,1775336400000,15841403.1
27971,1775340000000,15865764.9
27972,1775343600000,15880203.1
27973,1775347200000,15957998.3
27974,1775350800000,15965048.7
27975,1775354400000,15958080.9
27976,1775358000000,15947275.1
27977,1775361600000,15909108.3
27978,1775365200000,15886586.7
27979,1775368800000,15971950.9
27980,1775372400000,15951271.2
27981,1775376000000,15919253.9
27982,1775379600000,15925230.1
27983,1775383200000,15904176.9
27984,1775386800000,15831186.5
27985,1775390400000,15811575.5
27986,1775394000000,15874980.1
27987,1775397600000,15848863.1
27988,1775401200000,15865691.5
27989,1775404800000,15740063.7
27990,1775408400000,15722000.6
27991,1775412000000,15758126.1
27992,1775415600000,15782052.5
27993,1775419200000,15751600.7
27994,1775422800000,15747655.9
27995,1775426400000,15771834.1
27996,1775430000000,15734628.5
27997,1775433600000,15962549.6
27998,1775437200000,15896961.3
27999,1775440800000,15864420.0
28000,1775444400000,15977901.0
28001,1775448000000,15939026.5
28002,1775451600000,15879187.3
28003,1775455200000,15824089.3
28004,1775458800000,15708361.7
28005,1775462400000,15531816.5
28006,1775466000000,15600787.5
28007,1775469600000,15278929.3
28008,1775473200000,15371796.3
28009,1775476800000,15358184.9
28010,1775480400000,15456498.9
28011,1775484000000,15497836.1
28012,1775487600000,15495090.5
28013,1775491200000,15522824.0
28014,1775494800000,15551227.1
28015,1775498400000,15457647.7
28016,1775502000000,15540895.3
28017,1775505600000,16074391.5
28018,1775509200000,16205600.1
28019,1775512800000,16033118.5
28020,1775516400000,15939411.2
28021,1775520000000,15842492.9
28022,1775523600000,15878457.7
28023,1775527200000,15893135.5
28024,1775530800000,15888532.1
28025,1775534400000,15986647.7
28026,1775538000000,15973455.5
28027,1775541600000,16050294.3
28028,1775545200000,16048025.2
28029,1775548800000,16041165.9
28030,1775552400000,16132842.7
28031,1775556000000,16137334.7
28032,1775559600000,16265197.7
28033,1775563200000,16334926.9
28034,1775566800000,16239148.7
28035,1775570400000,16154758.5
28036,1775574000000,16024764.9
28037,1775577600000,16048924.3
28038,1775581200000,16037616.7
28039,1775584800000,16291099.3
28040,1775588400000,16233210.3
28041,1775592000000,16218785.8
28042,1775595600000,16051082.5
28043,1775599200000,15922921.7
28044,1775602800000,15815055.2
28045,1775606400000,15899396.5
28046,1775610000000,16044396.1
28047,1775613600000,16123633.1
28048,1775617200000,16205627.1
28049,1775620800000,16137777.3
28050,1775624400000,16144656.9
28051,1775628000000,16085695.1
28052,1775631600000,16091367.7
28053,1775635200000,16088158.8
28054,1775638800000,16040794.9
28055,1775642400000,16159619.5
28056,1775646000000,16151984.3
28057,1775649600000,16146528.5
28058,1775653200000,16080601.7
28059,1775656800000,16048096.7
28060,1775660400000,16156332.8
28061,1775664000000,16099722.1
28062,1775667600000,16068954.6
28063,1775671200000,16044421.1
28064,1775674800000,16034804.3
28065,1775678400000,16056613.5
28066,1775682000000,16026083.1
28067,1775685600000,16013441.1
28068,1775689200000,16028778.5
28069,1775692800000,15865372.3
28070,1775696400000,15683141.3
28071,1775700000000,15647929.9
28072,1775703600000,15616882.1
28073,1775707200000,15655916.3
28074,1775710800000,15891394.5
28075,1775714400000,16000294.5
28076,1775718000000,16122115.8
28077,1775721600000,16192513.5
28078,1775725200000,16181156.9
28079,1775728800000,16180156.1
28080,1775732400000,16279815.5
28081,1775736000000,16241368.5
28082,1775739600000,16225154.2
28083,1775743200000,16243688.1
28084,1775746800000,16205957.5
28085,1775750400000,16145826.5
28086,1775754000000,15995801.3
28087,1775757600000,15993771.5
28088,1775761200000,15981648.9
28089,1775764800000,15973927.3
28090,1775768400000,15957536.7
28091,1775772000000,15814465.5
28092,1775775600000,15712174.6
28093,1775779200000,15701979.5
28094,1775782800000,15763572.5
28095,1775786400000,15808625.3
28096,1775790000000,15854851.5
28097,1775793600000,15902614.3
28098,1775797200000,15816995.3
28099,1775800800000,15765827.2
28100,1775804400000,15774551.1
28101,1775808000000,15776572.7
28102,1775811600000,15815723.3
28103,1775815200000,15863294.1
28104,1775818800000,15950556.1
28105,1775822400000,16011561.9
28106,1775826000000,16004261.1
28107,1775829600000,15968517.3
28108,1775833200000,15957293.3
28109,1775836800000,16000682.5
28110,1775840400000,16030802.3
28111,1775844000000,16094453.9
28112,1775847600000,16144685.1
28113,1775851200000,16100080.3
28114,1775854800000,16100432.3
28115,1775858400000,16061021.1
28116,1775862000000,16112132.9
28117,1775865600000,16099433.3
28118,1775869200000,16095704.1
28119,1775872800000,16118049.7
28120,1775876400000,16103175.1
28121,1775880000000,16074227.5
28122,1775883600000,16075967.5
28123,1775887200000,16068525.3
28124,1775890800000,16058610.1
28125,1775894400000,16065756.9
28126,1775898000000,16112243.7
28127,1775901600000,16082293.9
28128,1775905200000,16103653.5
28129,1775908800000,16121408.7
28130,1775912400000,16043770.9
28131,1775916000000,16156858.7
28132,1775919600000,16123818.9
28133,1775923200000,16104379.1
28134,1775926800000,16090649.4
28135,1775930400000,16064173.5
28136,1775934000000,16026840.5
28137,1775937600000,16024577.5
28138,1775941200000,15856464.5
28139,1775944800000,15849586.5
28140,1775948400000,15982421.9
28141,1775952000000,15993672.1
28142,1775955600000,16058797.0
28143,1775959200000,16176330.4
28144,1775962800000,16305319.7
28145,1775966400000,16251739.2
28146,1775970000000,16182161.9
28147,1775973600000,16096973.9
28148,1775977200000,16056954.9
28149,1775980800000,16050773.7
28150,1775984400000,16009690.7
28151,1775988000000,15927864.5
28152,1775991600000,15853476.3
28153,1775995200000,15860735.3
28154,1775998800000,15761774.9
28155,1776002400000,15728382.1
28156,1776006000000,15712250.1
28157,1776009600000,15781724.9
28158,1776013200000,15807213.7
28159,1776016800000,15884851.7
28160,1776020400000,15855669.3
28161,1776024000000,15878819.3
28162,1776027600000,15833860.3
28163,1776031200000,15829362.8
28164,1776034800000,15823578.5
28165,1776038400000,15789163.5
28166,1776042000000,15906998.9
28167,1776045600000,15912136.9
28168,1776049200000,15902558.5
28169,1776052800000,15862004.1
28170,1776056400000,15893634.1
28171,1776060000000,15882085.7
28172,1776063600000,15928296.3
28173,1776067200000,15929392.8
28174,1776070800000,16044561.3
28175,1776074400000,15994197.7
28176,1776078000000,15986396.9
28177,1776081600000,15994110.7
28178,1776085200000,15974630.7
28179,1776088800000,15983886.6
28180,1776092400000,16019710.7
28181,1776096000000,16020387.3
28182,1776099600000,16056117.7
28183,1776103200000,16013505.9
28184,1776106800000,15953843.3
28185,1776110400000,15867936.8
28186,1776114000000,15888122.5
28187,1776117600000,16188154.7
28188,1776121200000,16441413.5
28189,1776124800000,16572224.3
28190,1776128400000,16575423.7
28191,1776132000000,16580821.3
28192,1776135600000,16587509.3
28193,1776139200000,16633741.6
28194,1776142800000,16570166.1
28195,1776146400000,16557935.3
28196,1776150000000,16548327.1
28197,1776153600000,16572985.7
28198,1776157200000,16556569.8
28199,1776160800000,16559075.8
28200,1776164400000,16533627.9
28201,1776168000000,16537419.5
28202,1776171600000,16434697.9
28203,1776175200000,16342077.1
28204,1776178800000,16232379.9
28205,1776182400000,16139919.5
28206,1776186000000,15963175.7
28207,1776189600000,15952061.5
28208,1776193200000,15898380.9
28209,1776196800000,15763655.6
28210,1776200400000,15738669.9
28211,1776204000000,15702767.7
28212,1776207600000,15688740.3
28213,1776211200000,15711980.3
28214,1776214800000,15717335.9
28215,1776218400000,15725274.7
28216,1776222000000,15721187.7
28217,1776225600000,15658558.9
28218,1776229200000,15517670.7
28219,1776232800000,15470756.3
28220,1776236400000,15477455.3
28221,1776240000000,15427162.1
28222,1776243600000,15412478.3
28223,1776247200000,15399318.5
28224,1776250800000,15345736.7
28225,1776254400000,15205475.5
28226,1776258000000,15158343.5
28227,1776261600000,15182256.5
28228,1776265200000,15124729.2
28229,1776268800000,15108374.9
28230,1776272400000,15047138.5
28231,1776276000000,15061132.8
28232,1776279600000,15030662.1
28233,1776283200000,15048827.0
28234,1776286800000,15016116.1
28235,1776290400000,15010635.1
28236,1776294000000,15011078.1
28237,1776297600000,14959853.7
28238,1776301200000,14876982.7
28239,1776304800000,14898921.9
28240,1776308400000,14933695.5
28241,1776312000000,14997973.5
28242,1776315600000,14891147.2
28243,1776319200000,14839645.2
28244,1776322800000,14795291.7
28245,1776326400000,14804903.5
28246,1776330000000,14555647.4
28247,1776333600000,14564720.5
28248,1776337200000,14530213.5
28249,1776340800000,14580735.1
28250,1776344400000,14618387.7
28251,1776348000000,14380593.9
28252,1776351600000,14327724.5
28253,1776355200000,14207293.5
28254,1776358800000,14099443.7
28255,1776362400000,14074915.5
28256,1776366000000,14135405.1
28257,1776369600000,14163150.1
28258,1776373200000,14127317.1
28259,1776376800000,14161869.3
28260,1776380400000,14068014.3
28261,1776384000000,14065002.7
28262,1776387600000,14123894.5
28263,1776391200000,14103656.5
28264,1776394800000,14082579.1
28265,1776398400000,14027686.7
28266,1776402000000,14013044.1
28267,1776405600000,13858429.9
28268,1776409200000,13800103.2
28269,1776412800000,13737370.3
28270,1776416400000,13741298.3
28271,1776420000000,13789534.9
28272,1776423600000,13838246.5
28273,1776427200000,13816102.6
28274,1776430800000,13913053.4
28275,1776434400000,13903839.6
28276,1776438000000,13968549.1
28277,1776441600000,13994258.9
28278,1776445200000,13894264.5
28279,1776448800000,13986995.1
28280,1776452400000,13992070.3
28281,1776456000000,13929370.8
28282,1776459600000,14054013.1
28283,1776463200000,14067388.3
28284,1776466800000,14072756.5
28285,1776470400000,14014633.5
28286,1776474000000,14044770.5
28287,1776477600000,14017184.4
28288,1776481200000,13992267.1
28289,1776484800000,13964439.9
28290,1776488400000,13969648.9
28291,1776492000000,13959328.7
28292,1776495600000,13893664.9
28293,1776499200000,13886039.5
28294,1776502800000,13980513.1
28295,1776506400000,14223074.9
28296,1776510000000,14296485.1
28297,1776513600000,14389075.9
28298,1776517200000,14338408.9
28299,1776520800000,14302915.1
28300,1776524400000,14356986.9
28301,1776528000000,14369642.5
28302,1776531600000,14423614.5
28303,1776535200000,14374000.5
28304,1776538800000,14443418.5
28305,1776542400000,14423954.9
28306,1776546000000,14386902.1
28307,1776549600000,14375519.5
28308,1776553200000,14416463.9
28309,1776556800000,14439203.6
28310,1776560400000,14682849.1
28311,1776564000000,14633568.9
28312,1776567600000,14501347.1
28313,1776571200000,14476801.1
28314,1776574800000,14446747.1
28315,1776578400000,14383688.5
28316,1776582000000,14443835.9
28317,1776585600000,14431450.1
28318,1776589200000,14367527.1
28319,1776592800000,14423689.1
28320,1776596400000,14393324.5
28321,1776600000000,14446559.1
28322,1776603600000,14453517.7
28323,1776607200000,14303163.9
28324,1776610800000,14289815.1
28325,1776614400000,14291394.0
28326,1776618000000,14235667.3
28327,1776621600000,14032839.4
28328,1776625200000,14066954.3
28329,1776628800000,14007223.5
28330,1776632400000,13925107.5
28331,1776636000000,13953416.9
28332,1776639600000,13889847.8
28333,1776643200000,13858968.9
28334,1776646800000,13853083.5
28335,1776650400000,13819913.1
28336,1776654000000,13685243.9
28337,1776657600000,13497223.7
28338,1776661200000,13441790.1
28339,1776664800000,13251790.5
28340,1776668400000,13269456.1
28341,1776672000000,13127322.3
28342,1776675600000,13140353.1
28343,1776679200000,13038746.9
28344,1776682800000,12999222.1
28345,1776686400000,12980686.9
28346,1776690000000,13037179.9
28347,1776693600000,13086576.1
28348,1776697200000,13092098.6
28349,1776700800000,13158718.1
28350,1776704400000,13132579.4
28351,1776708000000,13095151.5
28352,1776711600000,13149544.1
28353,1776715200000,13005062.5
28354,1776718800000,13013295.1
28355,1776722400000,12961578.7
28356,1776726000000,12949495.1
28357,1776729600000,12945401.7
28358,1776733200000,12989301.4
28359,1776736800000,12922395.9
28360,1776740400000,12900928.2
28361,1776744000000,12903619.7
28362,1776747600000,12939633.7
28363,1776751200000,12912240.7
28364,1776754800000,12905634.7
28365,1776758400000,12918289.3
28366,1776762000000,12877819.7
28367,1776765600000,12876953.5
28368,1776769200000,12879224.7
28369,1776772800000,12866360.6
28370,1776776400000,12849815.7
28371,1776780000000,12893407.3
28372,1776783600000,12974887.1
28373,1776787200000,13024405.3
28374,1776790800000,12987695.0
28375,1776794400000,13027017.9
28376,1776798000000,13038164.3
28377,1776801600000,13041628.4
28378,1776805200000,13190636.3
28379,1776808800000,13165220.3
28380,1776812400000,13175822.8
28381,1776816000000,13111361.9
28382,1776819600000,13070026.3
28383,1776823200000,13062845.1
28384,1776826800000,13049154.3
28385,1776830400000,13091663.5
28386,1776834000000,13090364.5
28387,1776837600000,13063642.9
28388,1776841200000,13011348.9
28389,1776844800000,13012916.3
28390,1776848400000,13018790.2
28391,1776852000000,13005305.9
28392,1776855600000,13038066.9
28393,1776859200000,13009755.5
28394,1776862800000,12943519.1
28395,1776866400000,12971375.9
28396,1776870000000,12935183.3
28397,1776873600000,13050819.7
28398,1776877200000,13041646.7
28399,1776880800000,12980945.5
28400,1776884400000,12976781.1
28401,1776888000000,12961611.7
28402,1776891600000,12944396.5
28403,1776895200000,12869645.1
28404,1776898800000,12818079.5
28405,1776902400000,12885528.5
28406,1776906000000,13000647.5
28407,1776909600000,12799819.5
28408,1776913200000,12799989.7
28409,1776916800000,12804646.7
28410,1776920400000,12917749.5
28411,1776924000000,12947952.1
28412,1776927600000,13029708.7
28413,1776931200000,12977832.3
28414,1776934800000,13023753.5
28415,1776938400000,13067689.1
28416,1776942000000,13029433.8
28417,1776945600000,13143237.5
28418,1776949200000,13218330.5
28419,1776952800000,13164271.5
28420,1776956400000,13157568.7
28421,1776960000000,13081919.3
28422,1776963600000,13069991.5
28423,1776967200000,13069949.1
28424,1776970800000,13055670.1
28425,1776974400000,13041958.7
28426,1776978000000,13022390.9
28427,1776981600000,12977082.9
28428,1776985200000,13010191.7
28429,1776988800000,13090881.7
28430,1776992400000,13074601.9
28431,1776996000000,13101343.3
28432,1776999600000,13221979.1
28433,1777003200000,13130174.9
28434,1777006800000,13138908.7
28435,1777010400000,13137144.3
28436,1777014000000,13213775.3
28437,1777017600000,13257539.9
28438,1777021200000,13244429.5
28439,1777024800000,13169301.9
28440,1777028400000,13155128.9
28441,1777032000000,13169472.3
28442,1777035600000,13134046.1
28443,1777039200000,13095489.7
28444,1777042800000,13097394.7
28445,1777046400000,13110378.3
28446,1777050000000,13079822.5
28447,1777053600000,13040177.7
28448,1777057200000,12968770.4
28449,1777060800000,12971340.3
28450,1777064400000,12986234.7
28451,1777068000000,13007396.9
28452,1777071600000,13020953.3
28453,1777075200000,12994774.9
28454,1777078800000,13025357.9
28455,1777082400000,13001193.1
28456,1777086000000,13037194.7
28457,1777089600000,13009754.9
28458,1777093200000,13083498.3
28459,1777096800000,13126243.7
28460,1777100400000,13136793.7
28461,1777104000000,13099340.7
28462,1777107600000,13107632.5
28463,1777111200000,13112145.9
28464,1777114800000,13221156.1
28465,1777118400000,13170866.3
28466,1777122000000,13136070.3
28467,1777125600000,13082693.1
28468,1777129200000,13126476.7
28469,1777132800000,13097208.5
28470,1777136400000,13066946.9
28471,1777140000000,13053190.9
28472,1777143600000,13047454.5
28473,1777147200000,13011758.9
28474,1777150800000,12985689.7
28475,1777154400000,12955156.3
28476,1777158000000,12925979.5
28477,1777161600000,12892670.9
28478,1777165200000,12856877.0
28479,1777168800000,12839445.1
28480,1777172400000,12916867.3
28481,1777176000000,12915612.5
28482,1777179600000,13156654.1
28483,1777183200000,13131318.9
28484,1777186800000,13221836.3
28485,1777190400000,13169355.5
28486,1777194000000,13149931.7
28487,1777197600000,13131301.5
28488,1777201200000,13105136.1
28489,1777204800000,13167324.7
28490,1777208400000,13155818.3
28491,1777212000000,13132626.9
28492,1777215600000,12910544.7
28493,1777219200000,12983730.3
28494,1777222800000,12973855.7
28495,1777226400000,12926979.3
28496,1777230000000,12927958.5
28497,1777233600000,12925022.3
28498,1777237200000,12909938.5
28499,1777240800000,12807435.9
28500,1777244400000,12777897.9
28501,1777248000000,12780461.5
28502,1777251600000,12868892.5
28503,1777255200000,12992573.7
28504,1777258800000,12960416.9
28505,1777262400000,12950176.4
28506,1777266000000,12917274.9
28507,1777269600000,12823583.7
28508,1777273200000,12691498.9
28509,1777276800000,12603297.9
28510,1777280400000,12619663.8
28511,1777284000000,12728004.6
28512,1777287600000,12718244.4
28513,1777291200000,12740027.8
28514,1777294800000,12731179.6
28515,1777298400000,12775165.8
28516,1777302000000,12759465.8
28517,1777305600000,12746863.2
28518,1777309200000,12791039.0
28519,1777312800000,12908387.4
28520,1777316400000,12935186.5
28521,1777320000000,12947840.0
28522,1777323600000,12874521.6
28523,1777327200000,12794223.4
28524,1777330800000,12828291.0
28525,1777334400000,12851266.5
28526,1777338000000,12910866.6
28527,1777341600000,12907709.6
28528,1777345200000,12878030.6
28529,1777348800000,12930922.2
28530,1777352400000,13130805.2
28531,1777356000000,13099101.6
28532,1777359600000,13075426.0
28533,1777363200000,13031126.4
28534,1777366800000,13022764.4
28535,1777370400000,12984069.6
28536,1777374000000,13054400.3
28537,1777377600000,12817985.2
28538,1777381200000,12850722.4
28539,1777384800000,12815933.4
28540,1777388400000,12805949.3
28541,1777392000000,12816194.6
28542,1777395600000,12805736.4
28543,1777399200000,12809746.8
28544,1777402800000,12804287.5
28545,1777406400000,12789840.4
28546,1777410000000,12822895.4
28547,1777413600000,12817315.4
28548,1777417200000,12779731.6
28549,1777420800000,12760091.2
28550,1777424400000,12795357.0
28551,1777428000000,12776362.8
28552,1777431600000,12751220.0
28553,1777435200000,12801341.6
28554,1777438800000,13495264.8
28555,1777442400000,13347958.2
28556,1777446000000,13260798.2
28557,1777449600000,13763643.5
28558,1777453200000,13693650.6
28559,1777456800000,13620064.4
28560,1777460400000,13332290.2
28561,1777464000000,13359956.6
28562,1777467600000,13296546.3
28563,1777471200000,13235549.4
28564,1777474800000,13142828.6
28565,1777478400000,13298855.5
28566,1777482000000,13069256.6
28567,1777485600000,13099031.7
28568,1777489200000,12925280.3
28569,1777492800000,12871420.2
28570,1777496400000,12800380.8
28571,1777500000000,12789950.0
28572,1777503600000,12824416.8
28573,1777507200000,12823674.4
28574,1777510800000,12916805.8
28575,1777514400000,12872159.4
28576,1777518000000,12805371.7
28577,1777521600000,12711216.0
28578,1777525200000,12724016.2
28579,1777528800000,12652712.0
28580,1777532400000,12615759.6
28581,1777536000000,12607266.6
28582,1777539600000,12584569.6
28583,1777543200000,12559853.8
28584,1777546800000,12572526.0
28585,1777550400000,12579078.2
28586,1777554000000,12517568.4
28587,1777557600000,12602514.2
28588,1777561200000,12624387.8
28589,1777564800000,12561262.4
28590,1777568400000,12568425.2
28591,1777572000000,12647534.1
28592,1777575600000,12641035.4
28593,1777579200000,12621806.0
28594,1777582800000,12667749.0
28595,1777586400000,12973850.0
28596,1777590000000,12975253.2
28597,1777593600000,12942403.2
28598,1777597200000,12905990.0
28599,1777600800000,12833528.4
28600,1777604400000,12832283.0
28601,1777608000000,12833726.9
28602,1777611600000,12822177.0
28603,1777615200000,12779749.4
28604,1777618800000,12719481.4
28605,1777622400000,12705456.2
28606,1777626000000,12732715.2
28607,1777629600000,12656966.4
28608,1777633200000,12693943.1
28609,1777636800000,12704881.2
28610,1777640400000,12748452.3
28611,1777644000000,12796551.4
28612,1777647600000,12715009.8
28613,1777651200000,12746762.4
28614,1777654800000,12772275.0
28615,1777658400000,12728359.2
28616,1777662000000,12688008.7
28617,1777665600000,12670456.4
28618,1777669200000,12723948.6
28619,1777672800000,12708001.4
28620,1777676400000,12706754.2
28621,1777680000000,12699147.3
28622,1777683600000,12757308.8
28623,1777687200000,12701927.6
28624,1777690800000,12701147.8
28625,1777694400000,12674571.7
28626,1777698000000,12649621.4
28627,1777701600000,12636361.8
28628,1777705200000,12652635.4
28629,1777708800000,12652489.6
28630,1777712400000,12686731.8
28631,1777716000000,12765530.6
28632,1777719600000,12777707.8
28633,1777723200000,12729920.2
28634,1777726800000,12743087.4
28635,1777730400000,12763250.8
28636,1777734000000,12777385.4
28637,1777737600000,12831163.5
28638,1777741200000,12839180.8
28639,1777744800000,12812715.2
28640,1777748400000,12771708.8
28641,1777752000000,12797160.0
28642,1777755600000,12788702.6
28643,1777759200000,12782383.8
28644,1777762800000,12776193.6
28645,1777766400000,12671145.2
28646,1777770000000,12599553.6
28647,1777773600000,12627732.8
28648,1777777200000,12499060.0
28649,1777780800000,12455867.4
28650,1777784400000,12475785.4
28651,1777788000000,12500098.3
28652,1777791600000,12571230.7
28653,1777795200000,12610026.0
28654,1777798800000,12571749.2
28655,1777802400000,12607272.6
28656,1777806000000,12619882.4
28657,1777809600000,12584177.7
28658,1777813200000,12580155.6
28659,1777816800000,12531741.8
28660,1777820400000,12507163.0
28661,1777824000000,12486743.6
28662,1777827600000,12467680.0
28663,1777831200000,12439791.6
28664,1777834800000,12453038.2
28665,1777838400000,12454316.8
28666,1777842000000,12488117.2
28667,1777845600000,12498384.4
28668,1777849200000,12589820.0
28669,1777852800000,12503249.0
28670,1777856400000,12544431.0
28671,1777860000000,12654743.8
28672,1777863600000,12678463.9
28673,1777867200000,12764313.8
28674,1777870800000,12642286.6
28675,1777874400000,12668436.1
28676,1777878000000,12669796.8
28677,1777881600000,12631719.9
28678,1777885200000,12696919.2
28679,1777888800000,12651867.4
28680,1777892400000,12537162.4
28681,1777896000000,12489543.2
28682,1777899600000,12494891.6
28683,1777903200000,12536992.1
28684,1777906800000,12634899.4
28685,1777910400000,12515730.0
28686,1777914000000,12494929.8
28687,1777917600000,12537501.6
28688,1777921200000,12533488.0
28689,1777924800000,12569376.8
28690,1777928400000,12619214.2
28691,1777932000000,12556570.6
28692,1777935600000,12565162.0
28693,1777939200000,12547990.8
28694,1777942800000,12534357.0
28695,1777946400000,12520248.4
28696,1777950000000,12517260.2
28697,1777953600000,12514343.2
28698,1777957200000,12509833.2
28699,1777960800000,12568704.9
28700,1777964400000,12572369.0
28701,1777968000000,12587426.0
28702,1777971600000,12474100.0
28703,1777975200000,12472861.6
28704,1777978800000,12508498.8
28705,1777982400000,12672344.8
28706,1777986000000,12683291.6
28707,1777989600000,12733671.2
28708,1777993200000,12764993.4
28709,1777996800000,12804939.0
28710,1778000400000,12870892.8
28711,1778004000000,12930543.8
28712,1778007600000,12914389.4
28713,1778011200000,12907627.6
28714,1778014800000,12870972.0
28715,1778018400000,12722654.0
28716,1778022000000,12781888.4
28717,1778025600000,12765879.8
28718,1778029200000,12907600.9
28719,1778032800000,13377583.1
28720,1778036400000,13829872.1
28721,1778040000000,16148049.4
28722,1778043600000,16617224.6
28723,1778047200000,16146968.6
28724,1778050800000,16012292.1
28725,1778054400000,15764775.9
28726,1778058000000,15643480.0
28727,1778061600000,15733334.7
28728,1778065200000,15667531.6
28729,1778068800000,15151901.8
28730,1778072400000,14785091.5
28731,1778076000000,14609648.3
28732,1778079600000,14696508.6
28733,1778083200000,14714003.4
28734,1778086800000,14850185.8
28735,1778090400000,14865878.3
28736,1778094000000,14832589.6
28737,1778097600000,14809562.0
28738,1778101200000,14685094.2
28739,1778104800000,14614895.1
28740,1778108400000,14766289.7
28741,1778112000000,14920029.4
28742,1778115600000,15192146.3
28743,1778119200000,15081958.2
28744,1778122800000,14980662.6
28745,1778126400000,15049346.8
28746,1778130000000,15220252.0
28747,1778133600000,15049937.4
28748,1778137200000,15071431.9
28749,1778140800000,14990255.1
28750,1778144400000,14971534.3
28751,1778148000000,14913722.8
28752,1778151600000,14679376.3
28753,1778155200000,14660235.0
28754,1778158800000,14659057.0
28755,1778162400000,14431516.0
28756,1778166000000,14085728.0
28757,1778169600000,14060518.6
28758,1778173200000,13924275.2
28759,1778176800000,13886868.1
28760,1778180400000,13815280.8
28761,1778184000000,13952617.9
28762,1778187600000,13955093.3
28763,1778191200000,13975073.4
28764,1778194800000,13954554.6
28765,1778198400000,14144105.8
28766,1778202000000,14163322.0
28767,1778205600000,14064470.1
28768,1778209200000,14130946.2
28769,1778212800000,14120113.9
28770,1778216400000,14212264.5
28771,1778220000000,14155020.0
28772,1778223600000,14277348.0
28773,1778227200000,14471553.5
28774,1778230800000,14536698.9
28775,1778234400000,14166212.8
28776,1778238000000,14107014.6
28777,1778241600000,14098040.9
28778,1778245200000,14329236.3
28779,1778248800000,14237789.8
28780,1778252400000,14447729.3
28781,1778256000000,14405992.6
28782,1778259600000,14408337.6
28783,1778263200000,14091929.2
28784,1778266800000,14189066.5
28785,1778270400000,13941432.6
28786,1778274000000,13736236.6
28787,1778277600000,13819030.4
28788,1778281200000,14401255.5
28789,1778284800000,14549437.9
28790,1778288400000,14509022.8
28791,1778292000000,14457347.9
28792,1778295600000,14475827.1
28793,1778299200000,14583539.4
28794,1778302800000,14685126.1
28795,1778306400000,14747806.8
28796,1778310000000,14651686.4
28797,1778313600000,14689989.2
28798,1778317200000,14768864.8
28799,1778320800000,14276322.2
28800,1778324400000,14113649.9
28801,1778328000000,14099779.0
28802,1778331600000,13954647.9
28803,1778335200000,13862419.4
28804,1778338800000,13914917.2
28805,1778342400000,13612778.8
28806,1778346000000,13597000.2
28807,1778349600000,13415585.4
28808,1778353200000,13397829.4
28809,1778356800000,13393892.6
28810,1778360400000,13410358.6
28811,1778364000000,13402245.6
28812,1778367600000,13402025.6
28813,1778371200000,13402014.1
28814,1778374800000,13540075.4
28815,1778378400000,13695255.0
28816,1778382000000,13704709.6
28817,1778385600000,13689506.7
28818,1778389200000,13588061.1
28819,1778392800000,13598965.0
28820,1778396400000,13566648.2
28821,1778400000000,13747778.6
28822,1778403600000,13720386.6
28823,1778407200000,13564006.6
28824,1778410800000,13540318.4
28825,1778414400000,13604007.5
28826,1778418000000,13594660.2
28827,1778421600000,13648150.6
28828,1778425200000,13596024.6
28829,1778428800000,13734167.6
28830,1778432400000,13926186.1
28831,1778436000000,13901745.8
28832,1778439600000,13933315.8
28833,1778443200000,13826705.6
28834,1778446800000,13624128.7
28835,1778450400000,13086192.1
28836,1778454000000,13025475.7
28837,1778457600000,12755482.1
28838,1778461200000,12841361.9
28839,1778464800000,12930191.9
28840,1778468400000,13029876.9
28841,1778472000000,13116936.7
28842,1778475600000,13179490.5
28843,1778479200000,13370888.0
28844,1778482800000,13268122.7
28845,1778486400000,13267426.9
28846,1778490000000,13240367.4
28847,1778493600000,13269061.7
28848,1778497200000,13386112.1
28849,1778500800000,13482180.3
28850,1778504400000,13463413.4
28851,1778508000000,13505343.1
28852,1778511600000,13619659.5
28853,1778515200000,13618530.3
28854,1778518800000,13716236.9
28855,1778522400000,13664469.7
28856,1778526000000,13795270.7
28857,1778529600000,13651515.0
28858,1778533200000,13649674.7
28859,1778536800000,13593907.3
28860,1778540400000,13617410.3
28861,1778544000000,13611229.5
28862,1778547600000,13646284.5
28863,1778551200000,13590656.3
28864,1778554800000,13627340.5
28865,1778558400000,13553710.5
28866,1778562000000,13670157.1
28867,1778565600000,13674298.3
28868,1778569200000,13692784.5
28869,1778572800000,13699613.5
28870,1778576400000,13726590.7
28871,1778580000000,13573239.3
28872,1778583600000,13410613.7
28873,1778587200000,13582856.7
28874,1778590800000,13559056.5
28875,1778594400000,13699769.5
28876,1778598000000,13664475.1
28877,1778601600000,13728963.1
28878,1778605200000,13777708.9
28879,1778608800000,13751789.9
28880,1778612400000,13831798.7
28881,1778616000000,13822090.1
28882,1778619600000,13838596.1
28883,1778623200000,13881656.5
28884,1778626800000,13964913.7
28885,1778630400000,13936539.7
28886,1778634000000,13862780.7
28887,1778637600000,13870138.6
28888,1778641200000,13862334.7
28889,1778644800000,13842092.5
28890,1778648400000,13827549.1
28891,1778652000000,13885778.9
28892,1778655600000,13851176.3
28893,1778659200000,13831765.1
28894,1778662800000,13859099.7
28895,1778666400000,13869221.9
28896,1778670000000,14122519.3
28897,1778673600000,14023700.7
28898,1778677200000,14007818.7
28899,1778680800000,13921231.1
28900,1778684400000,13962337.5
28901,1778688000000,14101874.1
28902,1778691600000,14039562.9
28903,1778695200000,14047533.5
28904,1778698800000,14047112.3
28905,1778702400000,14060672.9
28906,1778706000000,14037164.3
28907,1778709600000,14035313.3
28908,1778713200000,14038466.1
28909,1778716800000,14048915.2
28910,1778720400000,14080359.3
28911,1778724000000,14060804.1
28912,1778727600000,14047955.1
28913,1778731200000,14091784.7
28914,1778734800000,14185280.5
28915,1778738400000,14204586.9
28916,1778742000000,14176748.5
28917,1778745600000,14292831.0
28918,1778749200000,14268390.3
28919,1778752800000,14274722.5
28920,1778756400000,14336465.1
28921,1778760000000,14340490.7
28922,1778763600000,14351681.1
28923,1778767200000,14311546.3
28924,1778770800000,14282081.9
28925,1778774400000,14238602.0
28926,1778778000000,14160216.1
28927,1778781600000,14166752.1
28928,1778785200000,14156025.4
28929,1778788800000,14133725.3
28930,1778792400000,14117035.1
28931,1778796000000,14151708.5
28932,1778799600000,14208549.9
28933,1778803200000,14260444.5
28934,1778806800000,14253656.1
28935,1778810400000,14259228.5
28936,1778814000000,14359539.1
28937,1778817600000,14343813.4
28938,1778821200000,14301021.3
28939,1778824800000,14120727.8
28940,1778828400000,14081088.7
28941,1778832000000,14053163.7
28942,1778835600000,14080483.7
28943,1778839200000,14091297.3
28944,1778842800000,14043586.1
28945,1778846400000,14038787.9
28946,1778850000000,14020445.9
28947,1778853600000,14167513.1
28948,1778857200000,14136632.0
28949,1778860800000,14163749.9
28950,1778864400000,13962371.9
28951,1778868000000,14067863.7
28952,1778871600000,14014252.1
28953,1778875200000,13943816.3
28954,1778878800000,14051600.3
28955,1778882400000,13971539.4
28956,1778886000000,13975616.9
28957,1778889600000,13943655.5
28958,1778893200000,13870744.2
28959,1778896800000,13790044.9
28960,1778900400000,13721442.7
28961,1778904000000,13716076.1
28962,1778907600000,13755099.1
28963,1778911200000,13745287.1
28964,1778914800000,13599093.3
28965,1778918400000,13847118.0
28966,1778922000000,13787588.7
28967,1778925600000,13667902.6
28968,1778929200000,13637825.5
28969,1778932800000,13524778.9
28970,1778936400000,13449524.1
28971,1778940000000,13382836.7
28972,1778943600000,13334161.5
28973,1778947200000,13402914.3
28974,1778950800000,13408734.5
28975,1778954400000,13415681.9
28976,1778958000000,13363553.1
28977,1778961600000,13335757.1
28978,1778965200000,13308667.1
28979,1778968800000,13237560.1
28980,1778972400000,13186458.9
28981,1778976000000,13180201.6
28982,1778979600000,13328791.6
28983,1778983200000,13295668.7
28984,1778986800000,13322000.3
28985,1778990400000,13292932.3
28986,1778994000000,13216311.1
28987,1778997600000,13139827.5
28988,1779001200000,13110476.1
28989,1779004800000,13071971.5
28990,1779008400000,13045347.1
28991,1779012000000,13008495.1
28992,1779015600000,13062089.1
28993,1779019200000,13020501.1
28994,1779022800000,13009217.9
28995,1779026400000,13015934.5
28996,1779030000000,12995169.7
28997,1779033600000,12973469.9
28998,1779037200000,12967448.1
28999,1779040800000,12958786.7
29000,1779044400000,12976925.9
29001,1779048000000,13005352.9
29002,1779051600000,13032723.1
29003,1779055200000,12991485.5
29004,1779058800000,12998015.1
29005,1779062400000,13123929.9
29006,1779066000000,13008538.6
29007,1779069600000,13019727.8
29008,1779073200000,13024750.1
29009,1779076800000,13016205.9
29010,1779080400000,13000443.4
29011,1779084000000,12970240.9
29012,1779087600000,13001131.5
29013,1779091200000,13012429.9
29014,1779094800000,13047148.7
29015,1779098400000,12911740.9
29016,1779102000000,12972117.5
29017,1779105600000,13029347.2
29018,1779109200000,13070733.9
29019,1779112800000,13002110.9
29020,1779116400000,13028774.7
29021,1779120000000,13024087.7
29022,1779123600000,13029726.9
29023,1779127200000,12950141.7
29024,1779130800000,12952039.9
29025,1779134400000,12948565.9
29026,1779138000000,12918194.3
29027,1779141600000,12897546.7
29028,1779145200000,12883212.7
29029,1779148800000,12873607.5
29030,1779152400000,12954764.1
29031,1779156000000,12923433.9
29032,1779159600000,12905975.9
29033,1779163200000,12923997.1
29034,1779166800000,12935358.3
29035,1779170400000,12958954.9
29036,1779174000000,12963978.3
29037,1779177600000,12952880.7
29038,1779181200000,12934700.5
29039,1779184800000,12900441.5
29040,1779188400000,12890159.5
29041,1779192000000,12888639.9
29042,1779195600000,12867021.1
29043,1779199200000,12930743.7
29044,1779202800000,13058489.9
29045,1779206400000,12956643.5
29046,1779210000000,12963642.7
29047,1779213600000,12969361.7
29048,1779217200000,12963181.9
29049,1779220800000,12974609.1
29050,1779224400000,12944476.3
29051,1779228000000,12911141.5
29052,1779231600000,12961404.5
29053,1779235200000,12993290.1
29054,1779238800000,12959324.9
29055,1779242400000,12929990.5
29056,1779246000000,12912338.7
29057,1779249600000,12904872.1
29058,1779253200000,12885366.3
29059,1779256800000,12852593.3
29060,1779260400000,12802395.3
29061,1779264000000,12738785.5
29062,1779267600000,12711664.9
29063,1779271200000,12872756.1
29064,1779274800000,12886191.0
29065,1779278400000,12860983.5
29066,1779282000000,12843846.8
29067,1779285600000,12805689.2
29068,1779289200000,12791848.4
29069,1779292800000,12804503.6
29070,1779296400000,12727871.6
29071,1779300000000,12687202.0
29072,1779303600000,12613583.8
29073,1779307200000,12637324.0
29074,1779310800000,12627498.4
29075,1779314400000,12590594.8
29076,1779318000000,12570019.8
29077,1779321600000,12561272.4
29078,1779325200000,12485453.6
29079,1779328800000,12395293.8
29080,1779332400000,12415894.2
29081,1779336000000,12422377.2
29082,1779339600000,12415125.0
29083,1779343200000,12473738.3
29084,1779346800000,12490836.7
29085,1779350400000,12566240.6
29086,1779354000000,12552860.8
29087,1779357600000,12561659.6
29088,1779361200000,12819113.2
29089,1779364800000,12828149.4
29090,1779368400000,12851159.8
29091,1779372000000,12836068.0
29092,1779375600000,12837847.6
29093,1779379200000,12730358.4
29094,1779382800000,12779320.6
29095,1779386400000,12643065.6
29096,1779390000000,12645606.8
29097,1779393600000,12731885.0
29098,1779397200000,12810123.0
29099,1779400800000,12777377.4
29100,1779404400000,12786800.4
29101,1779408000000,12754378.6
29102,1779411600000,12762629.0
29103,1779415200000,12768123.0
29104,1779418800000,12797836.0
29105,1779422400000,12898055.6
29106,1779426000000,12761096.6
29107,1779429600000,12858055.8
29108,1779433200000,12904237.0
29109,1779436800000,12909755.4
29110,1779440400000,12915496.0
29111,1779444000000,12893705.8
29112,1779447600000,12892394.6
29113,1779451200000,12935665.4
29114,1779454800000,12928284.3
29115,1779458400000,12882876.9
29116,1779462000000,12967256.0
29117,1779465600000,12946511.2
29118,1779469200000,13008590.2
29119,1779472800000,12731806.2
29120,1779476400000,12571422.2
29121,1779480000000,12416571.1
29122,1779483600000,12337113.4
29123,1779487200000,12324773.8
29124,1779490800000,12320167.6
29125,1779494400000,12583948.7
29126,1779498000000,12626819.0
29127,1779501600000,12634852.4
29128,1779505200000,12622506.0
29129,1779508800000,12533524.0
29130,1779512400000,12581430.7
29131,1779516000000,12571977.6
29132,1779519600000,12616497.2
29133,1779523200000,12519170.7
29134,1779526800000,12557385.3
29135,1779530400000,12361824.3
29136,1779534000000,12269542.6
29137,1779537600000,12371912.4
29138,1779541200000,12420286.6
29139,1779544800000,12505829.6
29140,1779548400000,12744075.6
29141,1779552000000,12569079.0
29142,1779555600000,12517659.8
29143,1779559200000,12374940.0
29144,1779562800000,12459125.1
29145,1779566400000,12347047.2
29146,1779570000000,12511359.2
29147,1779573600000,12232640.0
29148,1779577200000,12266368.0
29149,1779580800000,12353320.4
29150,1779584400000,12302309.4
29151,1779588000000,12190510.2
29152,1779591600000,12160775.3
29153,1779595200000,12179757.8
29154,1779598800000,12249746.4
29155,1779602400000,12340168.2
29156,1779606000000,12281385.9
29157,1779609600000,12272582.2
29158,1779613200000,12281168.2
29159,1779616800000,12271228.0
29160,1779620400000,12247466.4
29161,1779624000000,12265616.8
29162,1779627600000,12162047.2
29163,1779631200000,12181001.0
29164,1779634800000,12142270.8
29165,1779638400000,11998744.6
29166,1779642000000,11936304.2
29167,1779645600000,11914706.6
29168,1779649200000,11884485.4
29169,1779652800000,11875359.2
29170,1779656400000,11860177.6
29171,1779660000000,12008433.8
29172,1779663600000,11903835.6
29173,1779667200000,11931666.8
29174,1779670800000,11915334.6
29175,1779674400000,11915583.0
29176,1779678000000,11858864.8
29177,1779681600000,11827577.2
29178,1779685200000,11966286.4
29179,1779688800000,11969966.6
29180,1779692400000,12075234.2
29181,1779696000000,11973379.5
29182,1779699600000,11937247.9
29183,1779703200000,12005569.0
29184,1779706800000,12004723.9
29185,1779710400000,12036869.6
29186,1779714000000,12077946.8
29187,1779717600000,12069450.4
29188,1779721200000,12139211.4
29189,1779724800000,12175817.6
29190,1779728400000,12088051.6
29191,1779732000000,12174607.8
29192,1779735600000,12143260.5
29193,1779739200000,12240429.1
29194,1779742800000,12277164.0
29195,1779746400000,12277586.0
29196,1779750000000,12228748.6
29197,1779753600000,12237460.6
29198,1779757200000,12251543.8
29199,1779760800000,12171960.2
29200,1779764400000,12119865.3
29201,1779768000000,12238370.4
29202,1779771600000,12289236.2
29203,1779775200000,12448956.0
29204,1779778800000,12440128.1
29205,1779782400000,12538929.6
29206,1779786000000,12667223.2
29207,1779789600000,12692068.0
29208,1779793200000,12796686.8
29209,1779796800000,12705907.6
29210,1779800400000,12756503.8
29211,1779804000000,12863476.3
29212,1779807600000,13071925.4
29213,1779811200000,13346099.4
29214,1779814800000,13606199.1
29215,1779818400000,13329002.4
29216,1779822000000,13286154.0
29217,1779825600000,13310512.8
29218,1779829200000,13236832.1
29219,1779832800000,13214529.0
29220,1779836400000,13225956.0
29221,1779840000000,13236377.6
29222,1779843600000,13340640.6
29223,1779847200000,13394765.9
29224,1779850800000,13451770.2
29225,1779854400000,13502252.6
29226,1779858000000,13298280.7
29227,1779861600000,13462168.0
29228,1779865200000,13736980.4
29229,1779868800000,13867649.5
29230,1779872400000,14181582.2
29231,1779876000000,14435298.6
29232,1779879600000,14264147.2
29233,1779883200000,14268813.4
29234,1779886800000,14186578.0
29235,1779890400000,14106949.0
29236,1779894000000,14221545.2
29237,1779897600000,14340301.8
29238,1779901200000,14164548.6
29239,1779904800000,14062071.3
29240,1779908400000,14036911.1
29241,1779912000000,13985987.2
29242,1779915600000,13966297.8
29243,1779919200000,13515800.3
29244,1779922800000,13393431.8
29245,1779926400000,13168244.8
29246,1779930000000,13178977.7
29247,1779933600000,12895807.3
29248,1779937200000,12784341.6
29249,1779940800000,13082893.6
29250,1779944400000,12939090.9
29251,1779948000000,12612478.6
29252,1779951600000,12606678.7
29253,1779955200000,12848165.8
29254,1779958800000,12784234.2
29255,1779962400000,13073154.7
29256,1779966000000,12935656.1
29257,1779969600000,13145092.1
29258,1779973200000,13138377.8
29259,1779976800000,12960074.8
29260,1779980400000,13079667.8
29261,1779984000000,13076201.6
29262,1779987600000,12883311.2
29263,1779991200000,13110152.8
29264,1779994800000,12984656.1
29265,1779998400000,12654755.4
29266,1780002000000,12603488.3
29267,1780005600000,12508442.0
29268,1780009200000,12439816.4
29269,1780012800000,12549002.4
29270,1780016400000,12500018.2
29271,1780020000000,12332035.1
29272,1780023600000,12235394.9
29273,1780027200000,12367513.5
29274,1780030800000,12370333.0
29275,1780034400000,12324530.8
29276,1780038000000,12354810.5
29277,1780041600000,12165846.0
29278,1780045200000,12171913.1
29279,1780048800000,12187120.4
29280,1780052400000,12163096.0
29281,1780056000000,12134957.4
29282,1780059600000,12192970.3
29283,1780063200000,12398594.7
29284,1780066800000,12317915.1
29285,1780070400000,12452615.6
29286,1780074000000,12373624.5
29287,1780077600000,12373423.2
29288,1780081200000,12252325.6
29289,1780084800000,12288125.2
29290,1780088400000,12295642.7
29291,1780092000000,12228193.1
29292,1780095600000,12206313.8
29293,1780099200000,12269395.7
29294,1780102800000,12288239.6
29295,1780106400000,12321900.2
29296,1780110000000,12337822.5
29297,1780113600000,12270446.3
29298,1780117200000,12241067.0
29299,1780120800000,12246305.4
29300,1780124400000,12327879.2
29301,1780128000000,12510740.8
29302,1780131600000,12492953.4
29303,1780135200000,12460143.4
29304,1780138800000,12416792.0
29305,1780142400000,12548349.8
29306,1780146000000,12525135.0
29307,1780149600000,12485513.6
29308,1780153200000,12569619.4
29309,1780156800000,12564319.8
29310,1780160400000,12544234.0
29311,1780164000000,12535812.6
29312,1780167600000,12548197.8
29313,1780171200000,12630117.4
29314,1780174800000,12552274.7
29315,1780178400000,12555528.6
29316,1780182000000,12439136.6
29317,1780185600000,12413926.8
29318,1780189200000,12557650.0
29319,1780192800000,12536326.1
29320,1780196400000,12541331.4
29321,1780200000000,12555843.8
29322,1780203600000,12536964.6
29323,1780207200000,12533378.4
29324,1780210800000,12501416.9
29325,1780214400000,12425302.0
29326,1780218000000,12368423.8
29327,1780221600000,12319082.0
29328,1780225200000,12270141.4
29329,1780228800000,12288160.8
29330,1780232400000,12276231.8
29331,1780236000000,12284416.8
29332,1780239600000,12348327.2
29333,1780243200000,12404392.2
29334,1780246800000,12563385.6
29335,1780250400000,12597888.4
29336,1780254000000,12671591.8
29337,1780257600000,12653884.4
29338,1780261200000,12706348.2
29339,1780264800000,12680475.0
29340,1780268400000,12652000.6
29341,1780272000000,12637510.6
29342,1780275600000,12975480.2
29343,1780279200000,13142477.0
29344,1780282800000,12893684.0
29345,1780286400000,12873969.3
29346,1780290000000,12820809.2
29347,1780293600000,12845185.0
29348,1780297200000,12898643.6
29349,1780300800000,12790657.5
29350,1780304400000,12792393.2
29351,1780308000000,12841001.5
29352,1780311600000,12772299.3
29353,1780315200000,12769855.9
29354,1780318800000,12690071.9
29355,1780322400000,12686256.8
29356,1780326000000,12697990.1
29357,1780329600000,12795016.8
29358,1780333200000,12775235.0
29359,1780336800000,12605161.2
29360,1780340400000,12644980.1
29361,1780344000000,12621914.3
29362,1780347600000,12727221.2
29363,1780351200000,12670218.9
29364,1780354800000,12628151.0
29365,1780358400000,12580051.6
29366,1780362000000,12508878.0
29367,1780365600000,12600537.5
29368,1780369200000,12614785.2
29369,1780372800000,12673066.4
29370,1780376400000,12713266.0
29371,1780380000000,12662362.9
29372,1780383600000,12590905.4
29373,1780387200000,12510282.0
29374,1780390800000,12488067.8
29375,1780394400000,12480450.7
29376,1780398000000,12406742.4
29377,1780401600000,12360923.0
29378,1780405200000,12361130.9
29379,1780408800000,12374500.3
29380,1780412400000,12247819.5
29381,1780416000000,12153650.6
29382,1780419600000,12202289.1
29383,1780423200000,12198289.8
29384,1780426800000,12331581.0
29385,1780430400000,12466770.1
29386,1780434000000,12416996.0
29387,1780437600000,12328107.0
29388,1780441200000,12222966.2
29389,1780444800000,11991031.6
29390,1780448400000,11781907.0
29391,1780452000000,11730762.0
29392,1780455600000,11723957.6
29393,1780459200000,11796356.9
29394,1780462800000,11756412.4
29395,1780466400000,11791515.8
29396,1780470000000,11802268.6
29397,1780473600000,11793268.2
29398,1780477200000,11748897.6
29399,1780480800000,11716863.4
29400,1780484400000,15130604.0
29401,1780488000000,16403191.6
29402,1780491600000,16732229.1
29403,1780495200000,16380656.6
29404,1780498800000,17658346.89999999
29405,1780502400000,17593801.0
29406,1780506000000,15971433.7
29407,1780509600000,15268123.2
29408,1780513200000,15004555.8
29409,1780516800000,14744449.5
29410,1780520400000,14426323.4
29411,1780524000000,14502511.2
29412,1780527600000,14456872.6
29413,1780531200000,14469376.5
29414,1780534800000,14386382.7
29415,1780538400000,14256211.5
29416,1780542000000,14278523.8
29417,1780545600000,14129527.9
29418,1780549200000,14152202.2
29419,1780552800000,13914199.4
29420,1780556400000,14046421.2
29421,1780560000000,13950167.6
29422,1780563600000,13841760.4
29423,1780567200000,13753561.2
29424,1780570800000,13639979.8
29425,1780574400000,13751252.0
29426,1780578000000,13958391.1
29427,1780581600000,13966684.0
29428,1780585200000,13705976.8
29429,1780588800000,13589240.5
29430,1780592400000,13529271.8
29431,1780596000000,13526668.2
29432,1780599600000,13463674.6
29433,1780603200000,13398093.9
29434,1780606800000,13595599.0
29435,1780610400000,13501279.2
29436,1780614000000,13700058.6
29437,1780617600000,13571779.7
29438,1780621200000,13596738.5
29439,1780624800000,13555244.4
29440,1780628400000,13517769.6
29441,1780632000000,13551829.8
29442,1780635600000,13789761.1
29443,1780639200000,13842189.3
29444,1780642800000,14426515.2
29445,1780646400000,14611887.5
29446,1780650000000,14506164.2
29447,1780653600000,14085234.4
29448,1780657200000,14789382.6
29449,1780660800000,14634877.7
29450,1780664400000,14687358.5
29451,1780668000000,14176902.9
29452,1780671600000,14012004.1
29453,1780675200000,14395581.9
29454,1780678800000,14490553.6
29455,1780682400000,14407209.8
29456,1780686000000,14553440.4
29457,1780689600000,14525092.6
29458,1780693200000,14497963.0
29459,1780696800000,14501143.0
29460,1780700400000,14481835.9
29461,1780704000000,14520755.2
29462,1780707600000,14465471.0
29463,1780711200000,14520128.2
29464,1780714800000,14573858.0
29465,1780718400000,14453269.5
29466,1780722000000,14835655.0
29467,1780725600000,15044605.6
29468,1780729200000,15024305.8
29469,1780732800000,15103283.0
29470,1780736400000,14873313.6
29471,1780740000000,14913238.0
29472,1780743600000,14992326.8
29473,1780747200000,14978557.0
29474,1780750800000,14970060.3
29475,1780754400000,14999441.7
29476,1780758000000,15039913.2
29477,1780761600000,14992852.2
29478,1780765200000,15083321.8
29479,1780768800000,15154981.2
29480,1780772400000,15118599.6
29481,1780776000000,15112196.4
29482,1780779600000,15098105.8
29483,1780783200000,15069774.8
29484,1780786800000,15035711.8
29485,1780790400000,15170109.6
29486,1780794000000,15286429.4
29487,1780797600000,15305647.2
29488,1780801200000,15262860.2
29489,1780804800000,15289187.8
29490,1780808400000,15317824.2
29491,1780812000000,15283235.2
29492,1780815600000,15259492.4
29493,1780819200000,15316948.2
29494,1780822800000,15234567.7
29495,1780826400000,15189419.6
29496,1780830000000,15123320.4
29497,1780833600000,15122745.1
29498,1780837200000,14968688.2
29499,1780840800000,14971039.3
29500,1780844400000,14946584.0
29501,1780848000000,14997153.3
29502,1780851600000,14967536.0
29503,1780855200000,14880683.0
29504,1780858800000,14864135.4
29505,1780862400000,14710146.0
29506,1780866000000,14816262.2
29507,1780869600000,14770714.2
29508,1780873200000,14835381.6
29509,1780876800000,14807785.4
29510,1780880400000,14678739.0
29511,1780884000000,14566049.4
29512,1780887600000,14576907.4
29513,1780891200000,14685574.0
29514,1780894800000,14627250.5
29515,1780898400000,14637667.8
29516,1780902000000,14722245.8
29517,1780905600000,14812145.2
29518,1780909200000,14799005.6
29519,1780912800000,14774779.6
29520,1780916400000,14785799.8
29521,1780920000000,14779208.0
29522,1780923600000,14920235.3
29523,1780927200000,14787537.2
29524,1780930800000,14769211.2
29525,1780934400000,14772279.2
29526,1780938000000,14695387.2
29527,1780941600000,14699168.4
29528,1780945200000,14759478.4
29529,1780948800000,14729003.4
29530,1780952400000,14745952.3
29531,1780956000000,14739679.8
29532,1780959600000,14651278.0
29533,1780963200000,14636382.6
29534,1780966800000,14499338.2
29535,1780970400000,14556782.2
29536,1780974000000,14568355.2
29537,1780977600000,14589828.4
29538,1780981200000,14578073.4
29539,1780984800000,14575860.4
29540,1780988400000,14584839.2
29541,1780992000000,14681164.4
29542,1780995600000,14746318.1
29543,1780999200000,14683504.6
29544,1781002800000,14613790.2
29545,1781006400000,14586321.4
29546,1781010000000,14609031.2
29547,1781013600000,14555610.6
29548,1781017200000,14431511.6
29549,1781020800000,14452372.6
29550,1781024400000,14380583.6
29551,1781028000000,14334608.8
29552,1781031600000,14344777.4
29553,1781035200000,14271292.2
29554,1781038800000,14322965.6
29555,1781042400000,14188177.6
29556,1781046000000,14185381.7
29557,1781049600000,14214198.4
29558,1781053200000,14161017.7
29559,1781056800000,14114369.8
29560,1781060400000,14161469.2
29561,1781064000000,14151954.8
29562,1781067600000,14174456.0
29563,1781071200000,14182462.6
29564,1781074800000,14189129.6
29565,1781078400000,14193689.5
29566,1781082000000,14207482.9
29567,1781085600000,14190429.4
29568,1781089200000,14150883.4
29569,1781092800000,14201378.8
29570,1781096400000,14277140.0
29571,1781100000000,14178620.8
29572,1781103600000,14071198.8
29573,1781107200000,14012004.0
29574,1781110800000,14010790.0
29575,1781114400000,14035290.4
29576,1781118000000,14015266.2
29577,1781121600000,13982804.1
29578,1781125200000,13965154.8
29579,1781128800000,14000852.8
29580,1781132400000,14007660.7
29581,1781136000000,14093263.2
29582,1781139600000,14052535.7
29583,1781143200000,14051677.4
29584,1781146800000,14133294.2
29585,1781150400000,14175782.4
29586,1781154000000,14147546.0
29587,1781157600000,14101902.8
29588,1781161200000,14134640.6
29589,1781164800000,14089864.0
29590,1781168400000,14104088.0
29591,1781172000000,14145064.4
29592,1781175600000,14059869.0
29593,1781179200000,13939986.6
29594,1781182800000,13869395.0
29595,1781186400000,13791488.6
29596,1781190000000,13777551.4
29597,1781193600000,13707556.4
29598,1781197200000,13730145.7
29599,1781200800000,13764987.7
29600,1781204400000,13635131.4
29601,1781208000000,13591088.4
29602,1781211600000,13547505.4
29603,1781215200000,13515649.1
29604,1781218800000,13480152.2
29605,1781222400000,13510346.2
29606,1781226000000,13480168.6
29607,1781229600000,13397915.4
29608,1781233200000,13399656.4
29609,1781236800000,13375596.4
29610,1781240400000,13312019.4
29611,1781244000000,13219324.2
29612,1781247600000,13175033.6
29613,1781251200000,13182717.2
29614,1781254800000,13108262.4
29615,1781258400000,13131771.2
29616,1781262000000,13124807.4
29617,1781265600000,13103451.6
29618,1781269200000,13129465.6
29619,1781272800000,13181669.3
29620,1781276400000,13182045.0
29621,1781280000000,13065953.0
29622,1781283600000,13132952.8
29623,1781287200000,13159234.2
29624,1781290800000,13127369.2
29625,1781294400000,13102698.9
29626,1781298000000,13118967.6
29627,1781301600000,13081165.3
29628,1781305200000,13078598.1
29629,1781308800000,13073776.9
29630,1781312400000,13091313.3
29631,1781316000000,13069280.9
29632,1781319600000,12990292.6
29633,1781323200000,12994076.2
29634,1781326800000,12991457.2
29635,1781330400000,12944457.2
29636,1781334000000,13050523.4
29637,1781337600000,13003872.0
29638,1781341200000,13027127.0
29639,1781344800000,13008224.2
29640,1781348400000,12978842.2
29641,1781352000000,12995358.6
29642,1781355600000,13001235.1
29643,1781359200000,12964172.8
29644,1781362800000,13002656.8
29645,1781366400000,12979336.2
29646,1781370000000,12935210.0
29647,1781373600000,12875365.3
29648,1781377200000,12876091.0
29649,1781380800000,12880913.3
29650,1781384400000,12823129.7
29651,1781388000000,12730625.2
29652,1781391600000,12657396.6
29653,1781395200000,12601246.0
29654,1781398800000,12686880.4
29655,1781402400000,12694621.2
29656,1781406000000,12715412.1
29657,1781409600000,12695257.2
29658,1781413200000,12639388.4
29659,1781416800000,12649228.5
29660,1781420400000,12601594.0
29661,1781424000000,12566204.8
29662,1781427600000,12618675.0
29663,1781431200000,12641111.6
29664,1781434800000,12692008.4
29665,1781438400000,12765901.2
29666,1781442000000,12747557.0
29667,1781445600000,12721556.8
29668,1781449200000,12552195.4
29669,1781452800000,12609233.8
29670,1781456400000,12586121.4
29671,1781460000000,12629108.0
29672,1781463600000,12621525.8
29673,1781467200000,12638335.6
29674,1781470800000,12849486.2
29675,1781474400000,13185063.4
29676,1781478000000,13088211.4
29677,1781481600000,13135531.4
29678,1781485200000,13155479.4
29679,1781488800000,13143097.0
29680,1781492400000,13333914.8
29681,1781496000000,13301413.4
29682,1781499600000,13258374.4
29683,1781503200000,13414353.2
29684,1781506800000,13450436.0
29685,1781510400000,13275102.8
29686,1781514000000,12957718.1
29687,1781517600000,12893728.0
29688,1781521200000,12931957.6
29689,1781524800000,13005065.5
29690,1781528400000,12834052.4
29691,1781532000000,12817207.0
29692,1781535600000,13067615.3
29693,1781539200000,13017914.8
29694,1781542800000,12995388.2
29695,1781546400000,12989588.4
29696,1781550000000,13007843.8
29697,1781553600000,13047255.8
29698,1781557200000,13043021.0
29699,1781560800000,13059088.0
29700,1781564400000,12340770.6
29701,1781568000000,12276016.4
29702,1781571600000,12300419.6
29703,1781575200000,12273935.8
29704,1781578800000,12296133.4
29705,1781582400000,12277582.0
29706,1781586000000,12299370.7
29707,1781589600000,12295066.0
29708,1781593200000,12321929.2
29709,1781596800000,12434007.0
29710,1781600400000,12457337.2
29711,1781604000000,12389283.4
29712,1781607600000,12366928.4
29713,1781611200000,12362306.8
29714,1781614800000,12277051.6
29715,1781618400000,12229052.0
29716,1781622000000,12219931.7
29717,1781625600000,12252654.6
29718,1781629200000,12281547.6
29719,1781632800000,12288631.3
29720,1781636400000,12682860.4
29721,1781640000000,12741364.2
29722,1781643600000,12579967.5
29723,1781647200000,12426053.6
29724,1781650800000,12519698.0
29725,1781654400000,12595547.6
29726,1781658000000,12577624.2
29727,1781661600000,12585017.0
29728,1781665200000,12517808.4
29729,1781668800000,12575052.7
29730,1781672400000,12560217.1
29731,1781676000000,12516288.0
29732,1781679600000,12532824.0
29733,1781683200000,12585452.6
29734,1781686800000,12424015.2
29735,1781690400000,12449876.0
29736,1781694000000,12387490.3
29737,1781697600000,12377580.0
29738,1781701200000,12400442.5
29739,1781704800000,12301941.6
29740,1781708400000,12384154.4
29741,1781712000000,12661082.1
29742,1781715600000,12718659.2
29743,1781719200000,12809931.0
29744,1781722800000,12666729.1
29745,1781726400000,12461804.0
29746,1781730000000,12532305.4
29747,1781733600000,12519611.8
29748,1781737200000,12589690.0
29749,1781740800000,12635436.0
29750,1781744400000,12662243.1
29751,1781748000000,12594391.9
29752,1781751600000,12604464.6
29753,1781755200000,12561984.2
29754,1781758800000,12589682.2
29755,1781762400000,12721874.8
29756,1781766000000,12723121.9
29757,1781769600000,12822552.2
29758,1781773200000,12788021.4
29759,1781776800000,12819276.8
29760,1781780400000,12698720.7
29761,1781784000000,12644171.6
29762,1781787600000,12637474.0
29763,1781791200000,12643527.8
29764,1781794800000,12630614.4
29765,1781798400000,12492823.2
29766,1781802000000,12555863.4
29767,1781805600000,12569204.2
29768,1781809200000,12590098.0
29769,1781812800000,12565066.1
29770,1781816400000,12480632.8
29771,1781820000000,12439105.0
29772,1781823600000,12391178.8
29773,1781827200000,12415454.2
29774,1781830800000,12396239.0
29775,1781834400000,12335123.4
29776,1781838000000,12279065.4
29777,1781841600000,12371049.2
29778,1781845200000,12174413.4
29779,1781848800000,12175209.2
29780,1781852400000,12378601.2
29781,1781856000000,12393488.2
29782,1781859600000,12406317.2
29783,1781863200000,12387411.4
29784,1781866800000,12621140.4
29785,1781870400000,12741067.9
29786,1781874000000,12740281.8
29787,1781877600000,12776816.4
29788,1781881200000,12567848.2
29789,1781884800000,12453538.6
29790,1781888400000,12333618.6
29791,1781892000000,12330946.7
29792,1781895600000,12300759.2
29793,1781899200000,12233953.8
29794,1781902800000,12216961.6
29795,1781906400000,12268365.4
29796,1781910000000,12314968.0
29797,1781913600000,12312336.8
29798,1781917200000,12298457.0
29799,1781920800000,12278339.0
29800,1781924400000,12194211.9
29801,1781928000000,12176536.6
29802,1781931600000,12135220.6
29803,1781935200000,12091422.2
29804,1781938800000,12091406.1
29805,1781942400000,12096182.6
29806,1781946000000,12051808.4
29807,1781949600000,12034430.6
29808,1781953200000,12015022.4
29809,1781956800000,11997345.2
29810,1781960400000,12053394.4
29811,1781964000000,12008991.9
29812,1781967600000,11958890.9
29813,1781971200000,11987692.3
29814,1781974800000,12029532.8
29815,1781978400000,11973880.8
29816,1781982000000,11998211.4
29817,1781985600000,12004469.6
29818,1781989200000,11982515.0
29819,1781992800000,12065255.0
29820,1781996400000,12079662.4
29821,1782000000000,12104671.3
29822,1782003600000,12158920.6
29823,1782007200000,12155948.6
29824,1782010800000,12210582.2
29825,1782014400000,12212656.0
29826,1782018000000,12238069.4
29827,1782021600000,12240828.6
29828,1782025200000,12272788.8
29829,1782028800000,12361459.8
29830,1782032400000,12335183.7
29831,1782036000000,12322183.2
29832,1782039600000,12338248.4
29833,1782043200000,12392988.0
29834,1782046800000,12364343.9
29835,1782050400000,12382302.8
29836,1782054000000,12309351.0
29837,1782057600000,12276839.6
29838,1782061200000,12163726.1
29839,1782064800000,12093244.4
29840,1782068400000,12262116.8
29841,1782072000000,12258471.6
29842,1782075600000,12280308.8
29843,1782079200000,12188629.4
29844,1782082800000,12111822.8
29845,1782086400000,12100932.0
29846,1782090000000,12089134.6
29847,1782093600000,12069022.9
29848,1782097200000,12112472.4
29849,1782100800000,12043569.4
29850,1782104400000,12018236.6
29851,1782108000000,12066175.6
29852,1782111600000,12121851.4
29853,1782115200000,12213604.0
29854,1782118800000,12408075.6
29855,1782122400000,12381074.4
29856,1782126000000,12365828.3
29857,1782129600000,12485095.5
29858,1782133200000,12481910.6
29859,1782136800000,12490370.0
29860,1782140400000,12366049.6
29861,1782144000000,12353970.6
29862,1782147600000,12338165.6
29863,1782151200000,12269004.8
29864,1782154800000,12266180.6
29865,1782158400000,12295273.8
29866,1782162000000,12246473.8
29867,1782165600000,12291621.4
29868,1782169200000,12291205.2
29869,1782172800000,12237520.4
29870,1782176400000,12223157.2
29871,1782180000000,12223906.0
29872,1782183600000,12211684.6
29873,1782187200000,12234948.2
29874,1782190800000,12293774.8
29875,1782194400000,12257856.6
29876,1782198000000,12378612.2
29877,1782201600000,12415413.0
29878,1782205200000,12351227.6
29879,1782208800000,12226094.4
29880,1782212400000,12196594.2
29881,1782216000000,12139210.4
29882,1782219600000,12129786.4
29883,1782223200000,12104472.4
29884,1782226800000,11976456.9
29885,1782230400000,12008949.4
29886,1782234000000,11948660.2
29887,1782237600000,11970729.0
29888,1782241200000,11937455.4
29889,1782244800000,11874229.6
29890,1782248400000,11900807.8
29891,1782252000000,11873073.2
29892,1782255600000,11862834.8
29893,1782259200000,11888243.0
29894,1782262800000,11781246.4
29895,1782266400000,11815243.6
29896,1782270000000,11772170.2
29897,1782273600000,11787922.8
29898,1782277200000,11901379.6
29899,1782280800000,11858094.9
29900,1782284400000,11882449.2
29901,1782288000000,11887068.4
29902,1782291600000,11835316.0
29903,1782295200000,11830921.2
29904,1782298800000,11808357.8
29905,1782302400000,11771360.6
29906,1782306000000,11705215.0
29907,1782309600000,11712674.2
29908,1782313200000,11669026.8
29909,1782316800000,11830723.9
29910,1782320400000,12229089.1
29911,1782324000000,12697579.6
29912,1782327600000,12706289.8
29913,1782331200000,12621287.0
29914,1782334800000,12526730.8
29915,1782338400000,12511195.6
29916,1782342000000,12438132.4
29917,1782345600000,12375559.0
29918,1782349200000,12393354.0
29919,1782352800000,12246968.0
29920,1782356400000,12254679.4
29921,1782360000000,12281234.2
29922,1782363600000,12290665.0
29923,1782367200000,12243084.4
29924,1782370800000,12143775.4
29925,1782374400000,12105903.6
29926,1782378000000,12044059.4
29927,1782381600000,12012194.2
29928,1782385200000,11953231.8
29929,1782388800000,11968202.2
29930,1782392400000,11977186.8
29931,1782396000000,12345907.4
29932,1782399600000,12279163.5
29933,1782403200000,12255280.3
29934,1782406800000,12308937.2
29935,1782410400000,12231079.3
29936,1782414000000,12204534.8
29937,1782417600000,12206757.4
29938,1782421200000,12237053.8
29939,1782424800000,12213182.4
29940,1782428400000,12274001.0
29941,1782432000000,12245918.2
29942,1782435600000,12241770.6
29943,1782439200000,12234608.4
29944,1782442800000,12339219.2
29945,1782446400000,12251263.6
29946,1782450000000,12310671.2
29947,1782453600000,12280840.2
29948,1782457200000,12217625.5
29949,1782460800000,12246420.2
29950,1782464400000,12382652.8
29951,1782468000000,12369204.2
29952,1782471600000,12337550.1
29953,1782475200000,12269327.0
29954,1782478800000,12216021.8
29955,1782482400000,12180808.8
29956,1782486000000,12251402.4
29957,1782489600000,12144848.2
29958,1782493200000,12156221.2
29959,1782496800000,12139946.2
29960,1782500400000,12132289.0
29961,1782504000000,12199325.2
29962,1782507600000,11960971.6
29963,1782511200000,11881486.4
29964,1782514800000,11875077.4
29965,1782518400000,11869841.8
29966,1782522000000,11824397.2
29967,1782525600000,11809964.6
29968,1782529200000,12359553.8
29969,1782532800000,12185124.6
29970,1782536400000,12127998.7
29971,1782540000000,12102612.2
29972,1782543600000,12075852.6
29973,1782547200000,12019304.0
29974,1782550800000,12042093.0
29975,1782554400000,11931449.6
29976,1782558000000,11985781.8
29977,1782561600000,11976442.0
29978,1782565200000,11968394.8
29979,1782568800000,11972478.0
29980,1782572400000,11925973.8
29981,1782576000000,12062072.2
29982,1782579600000,11985917.6
29983,1782583200000,11850910.2
29984,1782586800000,11754950.2
29985,1782590400000,11862336.6
29986,1782594000000,11886293.8
29987,1782597600000,11740481.8
29988,1782601200000,11742662.2
29989,1782604800000,11780566.6
29990,1782608400000,11764374.0
29991,1782612000000,11729151.6
29992,1782615600000,11739402.2
29993,1782619200000,11705879.8
29994,1782622800000,11687476.7
29995,1782626400000,11662095.2
29996,1782630000000,11740580.0
29997,1782633600000,11745443.2
29998,1782637200000,11687317.0
29999,1782640800000,11676561.2
30000,1782644400000,11640989.8
30001,1782648000000,11746913.3
30002,1782651600000,11765601.0
30003,1782655200000,11739692.0
30004,1782658800000,11756035.4
30005,1782662400000,11721377.8
30006,1782666000000,11765905.4
30007,1782669600000,11802907.4
30008,1782673200000,11749184.6
30009,1782676800000,11778651.6
30010,1782680400000,11757106.8
30011,1782684000000,11672090.0
30012,1782687600000,11638753.2
30013,1782691200000,11659408.4
30014,1782694800000,11673978.3
30015,1782698400000,11658918.4
30016,1782702000000,11658180.6
30017,1782705600000,11584554.2
30018,1782709200000,11599708.0
30019,1782712800000,11547934.2
30020,1782716400000,11530758.0
30021,1782720000000,11511125.6
30022,1782723600000,11502678.6
30023,1782727200000,11533866.2
30024,1782730800000,11531456.2
30025,1782734400000,11473208.7
30026,1782738000000,11609071.6
30027,1782741600000,11719097.7
30028,1782745200000,11601664.0
30029,1782748800000,11594220.8
30030,1782752400000,11674199.8
30031,1782756000000,11678389.2
30032,1782759600000,11629447.8
30033,1782763200000,11568795.2
30034,1782766800000,11573640.2
30035,1782770400000,11485813.8
30036,1782774000000,11498368.6
30037,1782777600000,11527988.8
30038,1782781200000,11565135.4
30039,1782784800000,11570140.8
30040,1782788400000,11551876.8
30041,1782792000000,11573857.0
30042,1782795600000,11546657.8
30043,1782799200000,11558445.0
30044,1782802800000,11560406.6
30045,1782806400000,11554998.8
30046,1782810000000,11498963.6
30047,1782813600000,11464632.6
30048,1782817200000,11656067.6
30049,1782820800000,11596054.8
30050,1782824400000,11392791.6
30051,1782828000000,11390094.4
30052,1782831600000,11253214.0
30053,1782835200000,11346956.6
30054,1782838800000,11349980.8
30055,1782842400000,11353626.6
30056,1782846000000,11343270.2
30057,1782849600000,11534611.2
30058,1782853200000,11509862.2
30059,1782856800000,11424702.4
30060,1782860400000,11328671.6
30061,1782864000000,11353930.8
30062,1782867600000,11344331.6
30063,1782871200000,11318144.0
30064,1782874800000,11390314.2
30065,1782878400000,11561858.0
30066,1782882000000,11583265.6
30067,1782885600000,11584039.6
30068,1782889200000,11558154.8
30069,1782892800000,11460094.2
30070,1782896400000,11457841.4
30071,1782900000000,11562500.4
30072,1782903600000,11586070.2
30073,1782907200000,11578186.0
30074,1782910800000,11556636.4
30075,1782914400000,11743523.9
30076,1782918000000,11723875.8
30077,1782921600000,11746152.2
30078,1782925200000,11728046.6
30079,1782928800000,11717421.0
30080,1782932400000,11734373.8
30081,1782936000000,11779484.8
30082,1782939600000,11777239.8
30083,1782943200000,11717767.2
30084,1782946800000,11707086.6
30085,1782950400000,11713151.2
30086,1782954000000,11759319.6
30087,1782957600000,11765317.6
30088,1782961200000,11778584.2
30089,1782964800000,11974110.8
30090,1782968400000,11965730.4
30091,1782972000000,11932660.8
30092,1782975600000,12007962.0
30093,1782979200000,12188293.0
30094,1782982800000,12212937.8
30095,1782986400000,12245039.0
30096,1782990000000,11985404.8
30097,1782993600000,11910784.5
30098,1782997200000,11897971.1
30099,1783000800000,11946539.4
30100,1783004400000,12026050.2
30101,1783008000000,12028260.4
30102,1783011600000,12110956.6
30103,1783015200000,12135861.8
30104,1783018800000,12164746.6
30105,1783022400000,12201097.0
30106,1783026000000,12234579.2
30107,1783029600000,12174826.8
30108,1783033200000,12210397.0
30109,1783036800000,12204257.2
30110,1783040400000,12176032.0
30111,1783044000000,12285070.6
30112,1783047600000,12279175.8
30113,1783051200000,12300335.2
30114,1783054800000,12283468.2
30115,1783058400000,12177095.6
30116,1783062000000,12315897.4
30117,1783065600000,12349013.8
30118,1783069200000,12352266.4
30119,1783072800000,12377481.8
30120,1783076400000,12380571.0
30121,1783080000000,12397374.2
30122,1783083600000,12330682.8
30123,1783087200000,12213563.0
30124,1783090800000,12220368.4
30125,1783094400000,12258264.2
30126,1783098000000,12234946.9
30127,1783101600000,12249195.4
30128,1783105200000,12189890.4
30129,1783108800000,12177442.4
30130,1783112400000,12118647.4
30131,1783116000000,12027424.2
30132,1783119600000,12125023.0
30133,1783123200000,12105480.0
30134,1783126800000,12081090.3
30135,1783130400000,12066765.6
30136,1783134000000,12134426.2
30137,1783137600000,12225515.2
30138,1783141200000,12254131.2
30139,1783144800000,12291291.8
30140,1783148400000,12453256.4
30141,1783152000000,12440654.2
30142,1783155600000,12421238.0
30143,1783159200000,12405697.0
30144,1783162800000,12427830.4
30145,1783166400000,12403442.4
30146,1783170000000,12396520.6
30147,1783173600000,12390695.6
30148,1783177200000,12373996.0
30149,1783180800000,12384831.8
30150,1783184400000,12394156.4
30151,1783188000000,12345799.8
30152,1783191600000,12327618.0
30153,1783195200000,12282357.8
30154,1783198800000,12211838.6
30155,1783202400000,12177099.0
30156,1783206000000,12167600.6
30157,1783209600000,12165820.6
30158,1783213200000,12115246.6
30159,1783216800000,12074358.6
30160,1783220400000,11946282.0
30161,1783224000000,11912439.2
30162,1783227600000,11865929.4
30163,1783231200000,11815494.4
30164,1783234800000,11765591.2
30165,1783238400000,11741512.8
30166,1783242000000,11779103.9
30167,1783245600000,11846807.8
30168,1783249200000,11741833.2
30169,1783252800000,11728442.2
30170,1783256400000,11693354.4
30171,1783260000000,11653269.8
30172,1783263600000,11646870.6
30173,1783267200000,11589917.0
30174,1783270800000,11597440.0
30175,1783274400000,11555812.8
30176,1783278000000,11550764.6
30177,1783281600000,11547191.4
30178,1783285200000,11519106.5
30179,1783288800000,11486119.0
30180,1783292400000,11448280.0
30181,1783296000000,11401240.6
30182,1783299600000,11482266.0
30183,1783303200000,11434542.0
30184,1783306800000,11469473.0
30185,1783310400000,11446426.0
30186,1783314000000,11487480.6
30187,1783317600000,11485256.0
30188,1783321200000,11533479.0
30189,1783324800000,11531882.4
30190,1783328400000,11478393.8
30191,1783332000000,11439693.0
30192,1783335600000,11419317.0
30193,1783339200000,11425571.7
30194,1783342800000,11383046.2
30195,1783346400000,11314258.0
30196,1783350000000,11169162.4
30197,1783353600000,11201235.1
30198,1783357200000,11234429.4
30199,1783360800000,11261474.6
30200,1783364400000,11249955.8
30201,1783368000000,11247266.6
30202,1783371600000,11211731.6
30203,1783375200000,11157136.19999999
30204,1783378800000,11141186.6
30205,1783382400000,11119980.8
30206,1783386000000,11224682.8
30207,1783389600000,11263259.0
30208,1783393200000,11310423.4
30209,1783396800000,11302263.4
30210,1783400400000,11316594.8
30211,1783404000000,11318104.8
30212,1783407600000,11354057.2
30213,1783411200000,11371971.4
30214,1783414800000,11374639.2
30215,1783418400000,11362555.6
30216,1783422000000,11360635.4
30217,1783425600000,11352680.8
30218,1783429200000,11355649.0
30219,1783432800000,11338190.0
30220,1783436400000,11315502.6
30221,1783440000000,11291506.8
30222,1783443600000,11342470.4
30223,1783447200000,11321215.6
30224,1783450800000,11328062.2
30225,1783454400000,11333138.8
30226,1783458000000,11328740.8
30227,1783461600000,11342759.0
30228,1783465200000,11226278.4
30229,1783468800000,11228034.8
30230,1783472400000,11317767.6
30231,1783476000000,11394416.8
30232,1783479600000,11478159.6
30233,1783483200000,11544447.0
30234,1783486800000,11578763.0
30235,1783490400000,11571993.2
30236,1783494000000,11571882.4
30237,1783497600000,11433173.8
30238,1783501200000,11553933.4
30239,1783504800000,11471767.2
30240,1783508400000,11503345.4
30241,1783512000000,11533578.6
30242,1783515600000,11418004.2
30243,1783519200000,11461659.2
30244,1783522800000,11528262.4
30245,1783526400000,11460718.0
30246,1783530000000,11403465.0
30247,1783533600000,11375439.0
30248,1783537200000,11358643.6
30249,1783540800000,11328568.6
30250,1783544400000,11295469.8
30251,1783548000000,11264865.4
30252,1783551600000,11285733.7
30253,1783555200000,11198066.8
30254,1783558800000,11144463.0
30255,1783562400000,11162600.3
30256,1783566000000,11172968.0
30257,1783569600000,11098441.19999999
30258,1783573200000,11200126.8
30259,1783576800000,11204007.4
30260,1783580400000,11208031.69999999
30261,1783584000000,11273853.0
30262,1783587600000,11249948.6
30263,1783591200000,11251165.4
30264,1783594800000,11186018.5
30265,1783598400000,11198477.8
30266,1783602000000,11202421.0
30267,1783605600000,11192771.4
30268,1783609200000,11188862.6
30269,1783612800000,11214188.6
30270,1783616400000,11182653.5
30271,1783620000000,11258856.8
30272,1783623600000,11219506.3
30273,1783627200000,11200081.8
30274,1783630800000,11264378.8
30275,1783634400000,11216874.19999999
30276,1783638000000,11202806.4
30277,1783641600000,11220012.19999999
30278,1783645200000,11112441.6
30279,1783648800000,11091170.0
30280,1783652400000,11057861.4
30281,1783656000000,11041101.4
30282,1783659600000,11064327.0
30283,1783663200000,11075880.19999999
30284,1783666800000,11076777.4
30285,1783670400000,11118436.4
30286,1783674000000,11098263.0
30287,1783677600000,11118187.8
30288,1783681200000,11153655.8
30289,1783684800000,11296944.5
30290,1783688400000,11376308.0
30291,1783692000000,11292661.2
30292,1783695600000,11211226.4
30293,1783699200000,11225895.6
30294,1783702800000,11315299.0
30295,1783706400000,11679487.6
30296,1783710000000,11638872.0
30297,1783713600000,11584680.6
30298,1783717200000,11567929.2
30299,1783720800000,11442602.0
30300,1783724400000,11409714.8
30301,1783728000000,11309558.0
30302,1783731600000,11337517.7
30303,1783735200000,11321562.0
30304,1783738800000,11338490.0
30305,1783742400000,11346776.0
30306,1783746000000,11363171.8
30307,1783749600000,11377523.6
30308,1783753200000,11353013.0
30309,1783756800000,11382206.8
30310,1783760400000,11403061.0
30311,1783764000000,11423284.6
30312,1783767600000,11425310.4
30313,1783771200000,11408917.0
30314,1783774800000,11430906.2
30315,1783778400000,11401067.8
30316,1783782000000,11382636.4
30317,1783785600000,11374645.6
30318,1783789200000,11374483.8
30319,1783792800000,11358043.0
30320,1783796400000,11350223.8
30321,1783800000000,11298320.8
30322,1783803600000,11296483.8
30323,1783807200000,11241456.4
30324,1783810800000,11293000.6
30325,1783814400000,11285415.4
30326,1783818000000,11336206.2
30327,1783821600000,11294296.4
30328,1783825200000,11303441.2
30329,1783828800000,11290878.8
30330,1783832400000,11313757.6
30331,1783836000000,11456060.6
30332,1783839600000,11492551.3
30333,1783843200000,11432494.0
30334,1783846800000,11421719.2
30335,1783850400000,11403686.2
30336,1783854000000,11393044.8
30337,1783857600000,11399834.6
30338,1783861200000,11439110.2
30339,1783864800000,11420740.0
30340,1783868400000,11438084.0
30341,1783872000000,11461052.2
30342,1783875600000,11368893.6
30343,1783879200000,11310592.2
30344,1783882800000,11313686.0
30345,1783886400000,11321858.8
30346,1783890000000,11327396.3
30347,1783893600000,11223873.19999999
30348,1783897200000,11263655.0
30349,1783900800000,11252652.8
30350,1783904400000,11532923.8
30351,1783908000000,11311008.6
30352,1783911600000,11239741.0
30353,1783915200000,11230162.6
30354,1783918800000,11234404.9
30355,1783922400000,11279124.4
30356,1783926000000,11338601.8
30357,1783929600000,11367446.6
30358,1783933200000,11291683.4
30359,1783936800000,11293514.0
30360,1783940400000,11333534.6
30361,1783944000000,11310713.2
30362,1783947600000,11370879.0
30363,1783951200000,11378920.6
30364,1783954800000,11358830.0
30365,1783958400000,11380070.8
30366,1783962000000,11398996.8
30367,1783965600000,11441099.2
30368,1783969200000,11421179.0
30369,1783972800000,11378538.2
30370,1783976400000,11355858.4
30371,1783980000000,11471915.6
30372,1783983600000,11506458.8
30373,1783987200000,11474810.2
30374,1783990800000,11497425.6
30375,1783994400000,11403339.8
30376,1783998000000,11361439.0
30377,1784001600000,11436546.6
30378,1784005200000,11430049.0
30379,1784008800000,11401583.7
30380,1784012400000,11387749.8
30381,1784016000000,11351539.2
30382,1784019600000,11355380.4
30383,1784023200000,11267454.6
30384,1784026800000,11265830.2
30385,1784030400000,11409118.8
30386,1784034000000,11349209.2
30387,1784037600000,11292272.6
30388,1784041200000,11417870.4
30389,1784044800000,11327940.4
30390,1784048400000,11262234.0
30391,1784052000000,11229384.8
30392,1784055600000,11285959.8
30393,1784059200000,11237800.4
30394,1784062800000,11215388.4
30395,1784066400000,11132752.0
30396,1784070000000,11103053.0
30397,1784073600000,11099475.19999999
30398,1784077200000,11170656.4
30399,1784080800000,11121423.4
30400,1784084400000,11043893.19999999
30401,1784088000000,11066831.6
30402,1784091600000,11120341.8
30403,1784095200000,11131287.69999999
30404,1784098800000,11103866.0
30405,1784102400000,11173018.1
30406,1784106000000,11243751.0
30407,1784109600000,11203246.0
30408,1784113200000,11113839.19999999
30409,1784116800000,11151013.8
30410,1784120400000,11071387.6
30411,1784124000000,11086732.19999999
30412,1784127600000,10980590.8
30413,1784131200000,10994884.0
30414,1784134800000,10947830.19999999
30415,1784138400000,10957538.4
30416,1784142000000,11428742.0
30417,1784145600000,11252946.0
30418,1784149200000,11117065.6
30419,1784152800000,11039944.8
30420,1784156400000,11044128.0
30421,1784160000000,11050421.4
30422,1784163600000,10997746.19999999
30423,1784167200000,10849935.6
30424,1784170800000,10840886.19999999
30425,1784174400000,10876928.19999999
30426,1784178000000,10883887.6
30427,1784181600000,10927087.4
30428,1784185200000,10937362.6
30429,1784188800000,10927636.6
30430,1784192400000,10966426.0
30431,1784196000000,10931105.4
30432,1784199600000,10897981.0
30433,1784203200000,10875390.6
30434,1784206800000,10940712.19999999
30435,1784210400000,10880812.8
30436,1784214000000,10830842.4
30437,1784217600000,10886519.19999999
30438,1784221200000,10865330.4
30439,1784224800000,10809932.8
30440,1784228400000,10813268.4
30441,1784232000000,10856344.0
30442,1784235600000,10839598.4
30443,1784239200000,10843548.8
30444,1784242800000,10831854.19999999
30445,1784246400000,10804627.19999999
30446,1784250000000,10959198.19999999
30447,1784253600000,11082548.8
30448,1784257200000,11133955.6
30449,1784260800000,11143556.8
30450,1784264400000,11112967.4
30451,1784268000000,11087019.0
30452,1784271600000,11058880.0
30453,1784275200000,11047321.19999999
30454,1784278800000,11038106.6
30455,1784282400000,11049275.8
30456,1784286000000,11097675.19999999
30457,1784289600000,11315478.0
30458,1784293200000,11279271.8
30459,1784296800000,11127171.0
30460,1784300400000,11065766.6
30461,1784304000000,11117293.6
30462,1784307600000,11051502.6
30463,1784311200000,11181342.6
30464,1784314800000,11149213.0
30465,1784318400000,11225440.8
30466,1784322000000,11202185.6
30467,1784325600000,11010841.0
30468,1784329200000,10992420.4
30469,1784332800000,10994969.8
30470,1784336400000,10910941.4
30471,1784340000000,10930283.0
30472,1784343600000,10844362.6
30473,1784347200000,10845590.0
30474,1784350800000,10799483.6
30475,1784354400000,10822702.19999999
30476,1784358000000,10830771.19999999
30477,1784361600000,10818002.0
30478,1784365200000,10858643.6
30479,1784368800000,10818474.19999999
30480,1784372400000,10817274.6
30481,1784376000000,10787903.6
30482,1784379600000,10683318.6
30483,1784383200000,12765070.6
30484,1784386800000,12837482.8
30485,1784390400000,12839774.6
30486,1784394000000,12953846.8
30487,1784397600000,13049077.4
30488,1784401200000,13024575.0
30489,1784404800000,13010834.2
30490,1784408400000,13021393.8
30491,1784412000000,12879015.0
30492,1784415600000,12862466.0
30493,1784419200000,12877131.2
30494,1784422800000,12874228.6
30495,1784426400000,12883993.2
30496,1784430000000,12859563.8
30497,1784433600000,12849166.2
30498,1784437200000,12795343.4
30499,1784440800000,12755008.6
30500,1784444400000,12767345.8
30501,1784448000000,12762505.0
30502,1784451600000,12760774.8
30503,1784455200000,12656894.8
30504,1784458800000,12630364.6
30505,1784462400000,12673801.2
30506,1784466000000,12732250.4
30507,1784469600000,12685437.8
30508,1784473200000,12608893.3
30509,1784476800000,12595575.0
30510,1784480400000,12662756.6
30511,1784484000000,12710430.8
30512,1784487600000,12688549.7
30513,1784491200000,12665937.6
30514,1784494800000,12526719.0
30515,1784498400000,12401108.8
30516,1784502000000,12285442.2
30517,1784505600000,12361430.2
30518,1784509200000,12348231.0
30519,1784512800000,12383654.6
30520,1784516400000,12402526.9
30521,1784520000000,12420456.2
30522,1784523600000,12408603.6
30523,1784527200000,12552362.6
30524,1784530800000,12759605.0
30525,1784534400000,12806783.2
30526,1784538000000,12678031.0
30527,1784541600000,12640838.4
30528,1784545200000,12652045.6
30529,1784548800000,12723345.8
30530,1784552400000,12716956.8
30531,1784556000000,12712255.3
30532,1784559600000,13027335.6
30533,1784563200000,12249639.4
30534,1784566800000,12501007.2
30535,1784570400000,12559739.4
30536,1784574000000,12390517.8
30537,1784577600000,12517652.0
30538,1784581200000,12357871.2
30539,1784584800000,12189069.8
30540,1784588400000,12086050.0
30541,1784592000000,12080613.6
30542,1784595600000,12060246.6
30543,1784599200000,12037809.2
30544,1784602800000,12038832.3
30545,1784606400000,11912617.8
30546,1784610000000,11918334.4
30547,1784613600000,11908367.2
30548,1784617200000,11957044.3
30549,1784620800000,12013784.8
30550,1784624400000,11900294.2
30551,1784628000000,11947312.8
30552,1784631600000,12148116.2
30553,1784635200000,12115858.1
30554,1784638800000,12118924.6
30555,1784642400000,12063764.4
30556,1784646000000,12001786.2
30557,1784649600000,12006504.4
30558,1784653200000,12022038.6
30559,1784656800000,12000483.2
30560,1784660400000,12035217.0
30561,1784664000000,12193850.1
30562,1784667600000,12202485.0
30563,1784671200000,12104895.1
30564,1784674800000,12105649.0
30565,1784678400000,12119853.4
30566,1784682000000,12482304.8
30567,1784685600000,12430451.0
30568,1784689200000,12403371.0
30569,1784692800000,12356541.2
30570,1784696400000,12395547.9
30571,1784700000000,12371816.0
30572,1784703600000,12265358.0
30573,1784707200000,12295238.0
30574,1784710800000,12208737.4
30575,1784714400000,12188789.6
30576,1784718000000,12013527.0
30577,1784721600000,12033157.2
30578,1784725200000,12029125.5
30579,1784728800000,12012545.2
30580,1784732400000,11918603.4
30581,1784736000000,11916986.8
30582,1784739600000,11874009.4
30583,1784743200000,11843765.8
30584,1784746800000,11847879.8
30585,1784750400000,11831992.1
30586,1784754000000,11870751.8
30587,1784757600000,11663891.2
30588,1784761200000,11668671.2
30589,1784764800000,11578975.8
30590,1784768400000,11568595.2
30591,1784772000000,11579329.0
30592,1784775600000,11508270.6
30593,1784779200000,11643672.8
30594,1784782800000,11681801.2
30595,1784786400000,11777801.6
30596,1784790000000,11785692.1
30597,1784793600000,11811851.2
30598,1784797200000,11884230.4
30599,1784800800000,11830920.8
30600,1784804400000,11819791.2
30601,1784808000000,11866569.0
30602,1784811600000,11886966.0
30603,1784815200000,11790968.7
30604,1784818800000,11738407.3
30605,1784822400000,11773933.2
30606,1784826000000,11814484.7
30607,1784829600000,11838041.6
30608,1784833200000,11856165.6
30609,1784836800000,11865224.4
30610,1784840400000,11923219.2
30611,1784844000000,11854367.4
30612,1784847600000,11864439.0
30613,1784851200000,11853301.6
30614,1784854800000,11872616.4
30615,1784858400000,11918391.6
30616,1784862000000,11916123.4
30617,1784865600000,11946071.8
30618,1784869200000,11968068.8
30619,1784872800000,11980030.8
30620,1784876400000,12026929.4
30621,1784880000000,11962411.0
30622,1784883600000,11927024.6
30623,1784887200000,11916888.8
30624,1784890800000,11889874.0
30625,1784894400000,11890858.6
30626,1784898000000,11897077.4
30627,1784901600000,12031351.4
30628,1784905200000,12068525.2
30629,1784908800000,11959338.2
30630,1784912400000,11895264.4
30631,1784916000000,11963593.2
30632,1784919600000,11987961.2
30633,1784923200000,11958668.8
30634,1784926800000,11939406.8
30635,1784930400000,11890474.0
30636,1784934000000,11923525.0
30637,1784937600000,11908634.6
30638,1784941200000,11887240.5
30639,1784944800000,11878863.8
30640,1784948400000,11869503.6
30641,1784952000000,11932114.0
30642,1784955600000,11910370.2
30643,1784959200000,11881746.4
30644,1784962800000,11841966.8
30645,1784966400000,11850443.0
30646,1784970000000,11861189.4
30647,1784973600000,11843399.6
30648,1784977200000,11868099.2
30649,1784980800000,11840115.9
30650,1784984400000,11860110.6
30651,1784988000000,11861206.0
30652,1784991600000,11852702.0
30653,1784995200000,11897278.4
30654,1784998800000,11856776.2
30655,1785002400000,11859563.6
30656,1785006000000,11882636.4
30657,1785009600000,11771052.2
30658,1785013200000,11810284.8
30659,1785016800000,11786290.0
30660,1785020400000,11688216.0
30661,1785024000000,11702246.6
30662,1785027600000,11669305.8
30663,1785031200000,11654634.6
30664,1785034800000,11628654.0
30665,1785038400000,11658868.4
30666,1785042000000,11629059.8
30667,1785045600000,11597793.8
30668,1785049200000,11596283.2
30669,1785052800000,11517727.6
30670,1785056400000,11559706.6
30671,1785060000000,11594800.2
30672,1785063600000,11618140.2
30673,1785067200000,11633631.4
30674,1785070800000,11687204.2
30675,1785074400000,11659693.7
30676,1785078000000,11577664.8
30677,1785081600000,11759353.8
30678,1785085200000,11784671.4
30679,1785088800000,11798463.4
30680,1785092400000,11821894.8
30681,1785096000000,11964021.2
30682,1785099600000,11963486.9
30683,1785103200000,11834617.6
30684,1785106800000,11815022.0
30685,1785110400000,11795935.4
30686,1785114000000,11771151.4
30687,1785117600000,11774075.4
30688,1785121200000,11937722.0
30689,1785124800000,11774739.6
30690,1785128400000,11716922.4
30691,1785132000000,11700761.8
30692,1785135600000,11746507.8
30693,1785139200000,11790237.0
30694,1785142800000,11795440.6
30695,1785146400000,11813753.8
30696,1785150000000,11819559.0
30697,1785153600000,11824403.8
30698,1785157200000,11672822.6
30699,1785160800000,11726508.0
30700,1785164400000,11683176.4
30701,1785168000000,11748180.3
30702,1785171600000,11734994.6
30703,1785175200000,11698951.8
30704,1785178800000,11668596.4
30705,1785182400000,11909850.7
30706,1785186000000,11976484.6
30707,1785189600000,11889775.6
30708,1785193200000,12228011.2
30709,1785196800000,12010954.2
30710,1785200400000,12048685.8
30711,1785204000000,12157723.6
30712,1785207600000,12084337.8
30713,1785211200000,12083780.8
30714,1785214800000,12082195.0
30715,1785218400000,12117681.2
30716,1785222000000,12132930.4
30717,1785225600000,12195486.2
30718,1785229200000,12261469.1
30719,1785232800000,12281157.4
30720,1785236400000,12304522.4
30721,1785240000000,12284595.6
30722,1785243600000,12462068.2
30723,1785247200000,12419917.0
30724,1785250800000,12387488.8
30725,1785254400000,12196473.6
30726,1785258000000,12109204.4
30727,1785261600000,11977486.0
30728,1785265200000,11973562.2
30729,1785268800000,11973418.4
30730,1785272400000,11872912.2
30731,1785276000000,11775021.4
30732,1785279600000,11814972.6
30733,1785283200000,11817450.4
30734,1785286800000,11808623.0
30735,1785290400000,11798954.4
30736,1785294000000,11946701.0
30737,1785297600000,12022352.8
30738,1785301200000,12012781.2
30739,1785304800000,12003932.8
30740,1785308400000,12004363.0
30741,1785312000000,12010098.8
30742,1785315600000,12136657.0
30743,1785319200000,12118199.2
30744,1785322800000,12101161.8
30745,1785326400000,12084775.8
30746,1785330000000,12121597.2
30747,1785333600000,12073312.9
30748,1785337200000,12109276.6
30749,1785340800000,12125851.0
30750,1785344400000,12136139.4
30751,1785348000000,12209031.6
30752,1785351600000,12292018.2
30753,1785355200000,12416652.2
30754,1785358800000,12497300.6
30755,1785362400000,12247302.0
30756,1785366000000,12231606.2
30757,1785369600000,12220808.5
30758,1785373200000,12248487.6
30759,1785376800000,12283165.0
30760,1785380400000,12294222.8
30761,1785384000000,12353547.8
30762,1785387600000,12353179.6
30763,1785391200000,12390902.6
30764,1785394800000,12388888.1
30765,1785398400000,12376510.2
30766,1785402000000,12351624.4
30767,1785405600000,12261843.9
30768,1785409200000,12227839.2
30769,1785412800000,12311235.2
30770,1785416400000,12344562.8
30771,1785420000000,12341077.0
30772,1785423600000,12385676.0
30773,1785427200000,12627631.0
30774,1785430800000,12632364.2
30775,1785434400000,12792378.3
30776,1785438000000,12776419.0
30777,1785441600000,12810782.2
30778,1785445200000,12741989.8
30779,1785448800000,12570998.4
30780,1785452400000,12499196.0
30781,1785456000000,12409493.4
30782,1785459600000,12390259.6
30783,1785463200000,12395839.4
30784,1785466800000,12558052.0
30785,1785470400000,12535392.8
30786,1785474000000,12500916.2
30787,1785477600000,12453500.8
30788,1785481200000,12395512.8
30789,1785484800000,12368575.8
30790,1785488400000,12335331.0
30791,1785492000000,12480784.6
30792,1785495600000,12394022.8
30793,1785499200000,12399690.8
30794,1785502800000,12438178.9
30795,1785506400000,12548289.4
30796,1785510000000,12717520.6
30797,1785513600000,12871820.1
30798,1785517200000,13022754.4
30799,1785520800000,13025192.8
30800,1785524400000,13005076.8
30801,1785528000000,12998510.5
30802,1785531600000,13027080.4
30803,1785535200000,12873434.2
30804,1785538800000,12884001.6
30805,1785542400000,12882795.8
30806,1785546000000,12959704.4
30807,1785549600000,12951606.4
30808,1785553200000,12997528.6
30809,1785556800000,13000876.8
30810,1785560400000,12928205.4
30811,1785564000000,12961092.8
30812,1785567600000,12871039.1
30813,1785571200000,12854504.0
30814,1785574800000,12804169.4
30815,1785578400000,12770511.0
30816,1785582000000,13114170.8
30817,1785585600000,13046414.2
30818,1785589200000,13023092.2
30819,1785592800000,12961590.2
30820,1785596400000,13035201.6
30821,1785600000000,13037643.4
30822,1785603600000,13101139.4
30823,1785607200000,13045844.4
30824,1785610800000,13050979.0
30825,1785614400000,13036499.2
30826,1785618000000,12995211.0
30827,1785621600000,12941018.0
30828,1785625200000,12957174.4
30829,1785628800000,12954665.2
30830,1785632400000,12903155.4
30831,1785636000000,12772098.2
30832,1785639600000,12653434.0
30833,1785643200000,12625347.4
30834,1785646800000,12619530.8
30835,1785650400000,12597726.8
30836,1785654000000,12590433.4
30837,1785657600000,12581496.6
30838,1785661200000,12569658.6
30839,1785664800000,12597194.6
30840,1785668400000,12572062.2
30841,1785672000000,12549515.0
30842,1785675600000,12582602.2
30843,1785679200000,12569259.2
30844,1785682800000,12566026.4
30845,1785686400000,12595387.2
30846,1785690000000,12608160.8
30847,1785693600000,12584017.0
30848,1785697200000,12594566.0
30849,1785700800000,12587383.4
30850,1785704400000,12576294.8
30851,1785708000000,12469196.0
30852,1785711600000,12459190.4
30853,1785715200000,12518754.9
30854,1785718800000,12510868.8
30855,1785722400000,12496752.0
30856,1785726000000,12428971.5
30857,1785729600000,12422024.6
30858,1785733200000,12452605.2
30859,1785736800000,12386265.6
30860,1785740400000,12486276.0
30861,1785744000000,12475000.4
30862,1785747600000,12438102.0
30863,1785751200000,12443769.0
30864,1785754800000,12300588.4
30865,1785758400000,12425994.8
30866,1785762000000,12310904.6
30867,1785765600000,12580204.0
30868,1785769200000,12679245.6
30869,1785772800000,12678395.3
30870,1785776400000,12726361.4
30871,1785780000000,12702762.0
30872,1785783600000,12908237.3
30873,1785787200000,12797309.2
30874,1785790800000,12757479.0
30875,1785794400000,12636390.6
30876,1785798000000,12710397.2
30877,1785801600000,12674807.2
30878,1785805200000,12637519.0
30879,1785808800000,12640259.8
30880,1785812400000,12478295.2
30881,1785816000000,12377940.4
30882,1785819600000,12328123.8
30883,1785823200000,12306349.4
30884,1785826800000,12173604.6
30885,1785830400000,12134995.1
30886,1785834000000,12134038.8
30887,1785837600000,12108189.4
30888,1785841200000,12082388.0
30889,1785844800000,12067267.8
30890,1785848400000,12036541.3
30891,1785852000000,11984031.5
30892,1785855600000,12022693.4
30893,1785859200000,12018075.4
30894,1785862800000,11995493.0
30895,1785866400000,11981877.6
30896,1785870000000,12140146.2
30897,1785873600000,12043852.3
30898,1785877200000,12061804.4
30899,1785880800000,11955862.4
30900,1785884400000,11883993.8
30901,1785888000000,11876560.6
30902,1785891600000,11862807.6
30903,1785895200000,11861283.6
30904,1785898800000,11921623.4
30905,1785902400000,11962084.4
30906,1785906000000,11872758.4
30907,1785909600000,11894563.6
30908,1785913200000,11862025.2
30909,1785916800000,11857131.0
30910,1785920400000,11767481.8
30911,1785924000000,11814343.6
30912,1785927600000,11953197.6
30913,1785931200000,11989761.2
30914,1785934800000,12100119.6
30915,1785938400000,12104164.6
30916,1785942000000,12035679.0
30917,1785945600000,11996056.6
30918,1785949200000,11945623.4
30919,1785952800000,12154571.2
30920,1785956400000,12105108.6
30921,1785960000000,12096596.4
30922,1785963600000,12056599.8
30923,1785967200000,12027430.6
30924,1785970800000,12025944.1
30925,1785974400000,11965758.6
30926,1785978000000,11965880.2
30927,1785981600000,11948256.2
30928,1785985200000,11845734.8
30929,1785988800000,11864126.0
30930,1785992400000,11953239.4
30931,1785996000000,11917662.8
30932,1785999600000,11898990.4
30933,1786003200000,11894769.8
30934,1786006800000,11884453.6
30935,1786010400000,11795981.0
30936,1786014000000,11944308.4
30937,1786017600000,11914249.6
30938,1786021200000,11950915.2
30939,1786024800000,12001170.9
30940,1786028400000,12123250.1
30941,1786032000000,12308954.2
30942,1786035600000,12441514.9
30943,1786039200000,12214413.7
30944,1786042800000,11827241.9
30945,1786046400000,11873318.5
30946,1786050000000,11913516.1
30947,1786053600000,11951994.5
30948,1786057200000,11952627.5
30949,1786060800000,11973044.5
30950,1786064400000,11947331.1
30951,1786068000000,12030541.1
30952,1786071600000,12040782.5
30953,1786075200000,12121082.7
30954,1786078800000,12087385.7
30955,1786082400000,12065528.5
30956,1786086000000,12080526.1
30957,1786089600000,12095879.7
30958,1786093200000,12316265.9
30959,1786096800000,12327906.7
30960,1786100400000,12289419.1
30961,1786104000000,12279834.0
30962,1786107600000,12271390.7
30963,1786111200000,12220657.5
30964,1786114800000,12055998.1
30965,1786118400000,12053578.7
30966,1786122000000,12015547.9
30967,1786125600000,12286309.7
30968,1786129200000,12294013.7
30969,1786132800000,12246895.5
30970,1786136400000,12277499.7
30971,1786140000000,12204903.7
30972,1786143600000,12194105.1
30973,1786147200000,12197216.1
30974,1786150800000,12193218.3
30975,1786154400000,12283927.9
30976,1786158000000,12378229.4
30977,1786161600000,12348831.0
30978,1786165200000,12235874.9
30979,1786168800000,12204660.5
30980,1786172400000,12201729.7
30981,1786176000000,12225706.7
30982,1786179600000,12311236.1
30983,1786183200000,12311594.9
30984,1786186800000,12299754.3
30985,1786190400000,12295155.7
30986,1786194000000,12340860.3
30987,1786197600000,12406041.1
30988,1786201200000,12457753.1
30989,1786204800000,12375280.5
30990,1786208400000,12311669.3
30991,1786212000000,12274178.9
30992,1786215600000,12271424.7
30993,1786219200000,12217849.7
30994,1786222800000,12109113.7
30995,1786226400000,12144785.1
30996,1786230000000,12235607.7
30997,1786233600000,12203245.7
30998,1786237200000,12208878.5
30999,1786240800000,12237896.1
31000,1786244400000,12278796.3
31001,1786248000000,12254442.7
31002,1786251600000,12261506.1
31003,1786255200000,12272759.5
31004,1786258800000,12192267.5
31005,1786262400000,12078840.0
31006,1786266000000,12129287.3
31007,1786269600000,12171559.1
31008,1786273200000,12170798.1
31009,1786276800000,12131491.5
31010,1786280400000,12161493.7
31011,1786284000000,12120708.3
31012,1786287600000,12136121.5
31013,1786291200000,12122377.9
31014,1786294800000,12250999.1
31015,1786298400000,12206405.9
31016,1786302000000,12206641.7
31017,1786305600000,12149976.5
31018,1786309200000,12194733.1
31019,1786312800000,12168034.5
31020,1786316400000,12059474.1
31021,1786320000000,11959555.3
31022,1786323600000,12025361.7
31023,1786327200000,12119737.7
31024,1786330800000,12159974.8
31025,1786334400000,12166499.3
31026,1786338000000,12218523.7
31027,1786341600000,12185306.9
31028,1786345200000,12360580.5
31029,1786348800000,12346760.3
31030,1786352400000,12383373.5
31031,1786356000000,12335478.9
31032,1786359600000,12358359.1
31033,1786363200000,12227568.7
31034,1786366800000,12269665.7
31035,1786370400000,12326775.5
31036,1786374000000,12328784.9
31037,1786377600000,12264708.5
31038,1786381200000,12354006.1
31039,1786384800000,12306829.1
31040,1786388400000,12330852.3
31041,1786392000000,12223124.3
31042,1786395600000,12211430.3
31043,1786399200000,12175465.7
31044,1786402800000,12141393.3
31045,1786406400000,12171473.1
31046,1786410000000,12123492.9
31047,1786413600000,12094403.3
31048,1786417200000,12122483.5
31049,1786420800000,12130443.7
31050,1786424400000,12148822.3
31051,1786428000000,12090308.7
31052,1786431600000,12057146.3
31053,1786435200000,12045746.1
31054,1786438800000,12029118.5
31055,1786442400000,12054148.7
31056,1786446000000,12026042.7
31057,1786449600000,12019893.3
31058,1786453200000,11996282.7
31059,1786456800000,12021663.5
31060,1786460400000,11919533.9
31061,1786464000000,11815978.1
31062,1786467600000,11808552.5
31063,1786471200000,11869066.0
31064,1786474800000,11854332.1
31065,1786478400000,11830822.7
31066,1786482000000,11830157.1
31067,1786485600000,11781120.5
31068,1786489200000,11774319.5
31069,1786492800000,11780805.7
31070,1786496400000,11816281.5
31071,1786500000000,11841702.3
31072,1786503600000,11825682.9
31073,1786507200000,11811823.9
31074,1786510800000,11811649.7
31075,1786514400000,11828731.3
31076,1786518000000,11732423.5
31077,1786521600000,11725785.7
31078,1786525200000,11734479.9
31079,1786528800000,11709145.1
31080,1786532400000,11706416.3
31081,1786536000000,11681876.3
31082,1786539600000,11728138.9
31083,1786543200000,11711592.8
31084,1786546800000,11585814.7
31085,1786550400000,11606938.7
31086,1786554000000,11633104.9
31087,1786557600000,11684250.7
31088,1786561200000,11683244.5
31089,1786564800000,11676562.9
31090,1786568400000,11660441.5
31091,1786572000000,12001111.2
31092,1786575600000,11991033.6
31093,1786579200000,11918496.3
31094,1786582800000,11938688.8
31095,1786586400000,11970932.0
31096,1786590000000,12009417.0
31097,1786593600000,12009123.2
31098,1786597200000,12010411.4
31099,1786600800000,12003254.2
31100,1786604400000,12048518.6
31101,1786608000000,12023762.7
31102,1786611600000,12027852.9
31103,1786615200000,12069217.7
31104,1786618800000,12113557.3
31105,1786622400000,12066917.3
31106,1786626000000,12022961.4
31107,1786629600000,12018276.7
31108,1786633200000,12036712.1
31109,1786636800000,12058740.5
31110,1786640400000,12036802.1
31111,1786644000000,12050357.3
31112,1786647600000,12109720.5
31113,1786651200000,12141270.3
31114,1786654800000,12164169.1
31115,1786658400000,12119084.5
31116,1786662000000,12139859.5
31117,1786665600000,12268018.3
31118,1786669200000,12277909.9
31119,1786672800000,12342066.7
31120,1786676400000,12205903.9
31121,1786680000000,12179906.7
31122,1786683600000,12181624.8
31123,1786687200000,12196432.5
31124,1786690800000,12260156.1
31125,1786694400000,12268244.3
31126,1786698000000,12266127.1
31127,1786701600000,12228077.7
31128,1786705200000,12276401.5
31129,1786708800000,12201979.9
31130,1786712400000,12273520.7
31131,1786716000000,12271385.5
31132,1786719600000,12280757.7
31133,1786723200000,12304202.5
31134,1786726800000,12709564.5
31135,1786730400000,12425489.9
31136,1786734000000,12414289.7
31137,1786737600000,12403108.1
31138,1786741200000,12409297.3
31139,1786744800000,12408190.1
31140,1786748400000,12446206.5
31141,1786752000000,12441241.6
31142,1786755600000,12357629.8
31143,1786759200000,12295484.9
31144,1786762800000,12296698.5
31145,1786766400000,12238748.1
31146,1786770000000,12220674.1
31147,1786773600000,12165200.5
31148,1786777200000,12129909.3
31149,1786780800000,12123228.3
31150,1786784400000,12084116.9
31151,1786788000000,12095005.7
31152,1786791600000,12093836.5
31153,1786795200000,12100984.7
31154,1786798800000,12081977.1
31155,1786802400000,12038819.1
31156,1786806000000,12031520.3
31157,1786809600000,12040037.9
31158,1786813200000,12022861.7
31159,1786816800000,12030189.3
31160,1786820400000,12028686.1
31161,1786824000000,12011323.3
31162,1786827600000,12009633.1
31163,1786831200000,12001365.5
31164,1786834800000,12013845.5
31165,1786838400000,12024545.3
31166,1786842000000,12094525.1
31167,1786845600000,12047681.1
31168,1786849200000,12053686.7
31169,1786852800000,12030518.9
31170,1786856400000,12188746.1
31171,1786860000000,12195936.1
31172,1786863600000,12216914.1
31173,1786867200000,12408889.5
31174,1786870800000,12220925.9
31175,1786874400000,12203889.7
31176,1786878000000,12182672.3
31177,1786881600000,12196726.7
31178,1786885200000,12203205.5
31179,1786888800000,12203391.7
31180,1786892400000,12202185.3
31181,1786896000000,12217272.3
31182,1786899600000,12048204.5
31183,1786903200000,12016003.1
31184,1786906800000,11999451.2
31185,1786910400000,11996369.1
31186,1786914000000,12068176.9
31187,1786917600000,12109806.1
31188,1786921200000,12153658.7
31189,1786924800000,12128904.9
31190,1786928400000,12092564.2
31191,1786932000000,12106134.0
31192,1786935600000,12249557.1
31193,1786939200000,12247280.1
31194,1786942800000,12211022.6
31195,1786946400000,12279322.5
31196,1786950000000,12272302.8
31197,1786953600000,12271807.7
31198,1786957200000,12328682.7
31199,1786960800000,12351440.9
31200,1786964400000,12431739.1
31201,1786968000000,12427945.1
31202,1786971600000,12309379.3
31203,1786975200000,12218566.3
31204,1786978800000,12211602.5
31205,1786982400000,12374643.3
31206,1786986000000,12366840.9
31207,1786989600000,12536607.7
31208,1786993200000,12632422.3
31209,1786996800000,12595689.5
31210,1787000400000,12607028.8
31211,1787004000000,12505455.4
31212,1787007600000,12484289.6
31213,1787011200000,12488045.0
31214,1787014800000,12496284.2
31215,1787018400000,12438925.2
31216,1787022000000,13762759.1
31217,1787025600000,13972009.6
31218,1787029200000,14039717.8
31219,1787032800000,13938596.2
31220,1787036400000,13933097.9
31221,1787040000000,13970252.0
31222,1787043600000,13928251.8
31223,1787047200000,13986316.2
31224,1787050800000,13973276.2
31225,1787054400000,13938771.2
31226,1787058000000,13950313.6
31227,1787061600000,13977143.0
31228,1787065200000,14259535.0
31229,1787068800000,14002055.2
31230,1787072400000,14035604.8
31231,1787076000000,14402287.8
31232,1787079600000,14404324.0
31233,1787083200000,14106564.2
31234,1787086800000,14012248.6
31235,1787090400000,13843476.6
31236,1787094000000,13834947.6
31237,1787097600000,13815538.2
31238,1787101200000,13763967.6
31239,1787104800000,13749432.7
31240,1787108400000,13986071.0
31241,1787112000000,13952141.4
31242,1787115600000,13977580.8
31243,1787119200000,14101958.8
31244,1787122800000,14137373.8
31245,1787126400000,14050436.2
31246,1787130000000,14069103.0
31247,1787133600000,14049005.2
31248,1787137200000,14030729.8
31249,1787140800000,14091749.4
31250,1787144400000,13905978.2
31251,1787148000000,13764069.2
31252,1787151600000,13730748.0
31253,1787155200000,13169522.7
31254,1787158800000,13028461.2
31255,1787162400000,12986892.0
31256,1787166000000,12975681.6
31257,1787169600000,12907712.0
31258,1787173200000,12900477.8
31259,1787176800000,13162881.0
31260,1787180400000,13107255.8
31261,1787184000000,13165237.6
31262,1787187600000,13099845.4
31263,1787191200000,12940835.6
31264,1787194800000,12914790.0
31265,1787198400000,13049994.8
31266,1787202000000,12994212.2
31267,1787205600000,13048695.4
31268,1787209200000,12963900.0
31269,1787212800000,13117876.0
31270,1787216400000,13239143.8
31271,1787220000000,13078962.2
31272,1787223600000,13108365.6
31273,1787227200000,13141906.4
31274,1787230800000,13021997.2
31275,1787234400000,13123058.0
31276,1787238000000,13134653.2
31277,1787241600000,13275480.5
31278,1787245200000,13222594.2
31279,1787248800000,13126552.1
31280,1787252400000,13233636.1
31281,1787256000000,13441591.4
31282,1787259600000,13306758.0
31283,1787263200000,13271138.1
31284,1787266800000,13138105.2
31285,1787270400000,13043111.7
31286,1787274000000,12865999.6
31287,1787277600000,12774352.4
31288,1787281200000,12809327.4
31289,1787284800000,12775882.8
31290,1787288400000,12848970.0
31291,1787292000000,12821486.2
31292,1787295600000,12838732.9
31293,1787299200000,12875106.2
31294,1787302800000,13178241.6
31295,1787306400000,13027514.4
31296,1787310000000,12909973.4
31297,1787313600000,12781757.4
31298,1787317200000,12763662.2
31299,1787320800000,12624068.4
31300,1787324400000,12644298.3
31301,1787328000000,12665867.3
31302,1787331600000,12645625.6
31303,1787335200000,12600014.0
31304,1787338800000,12547605.0
31305,1787342400000,12545116.2
31306,1787346000000,12504577.1
31307,1787349600000,12453472.0
31308,1787353200000,12399341.4
31309,1787356800000,12325358.5
31310,1787360400000,12351890.5
31311,1787364000000,12363526.8
31312,1787367600000,12454411.0
31313,1787371200000,12905811.7
31314,1787374800000,13100347.5
31315,1787378400000,13533217.2
31316,1787382000000,13275897.2
31317,1787385600000,13349096.6
31318,1787389200000,13111409.4
31319,1787392800000,13083877.2
31320,1787396400000,12931700.4
31321,1787400000000,12857740.5
31322,1787403600000,12726918.8
31323,1787407200000,12804616.6
31324,1787410800000,12811148.4
31325,1787414400000,12800678.8
31326,1787418000000,12726760.9
31327,1787421600000,12692699.6
31328,1787425200000,12837029.0
31329,1787428800000,12856318.8
31330,1787432400000,12848236.2
31331,1787436000000,12865854.4
31332,1787439600000,12896445.0
31333,1787443200000,12922474.8
31334,1787446800000,12866064.7
31335,1787450400000,12804419.0
31336,1787454000000,12649042.6
31337,1787457600000,12723987.8
31338,1787461200000,12680735.8
31339,1787464800000,12823496.2
31340,1787468400000,12828622.2
31341,1787472000000,12871182.3
31342,1787475600000,12833974.0
31343,1787479200000,12816819.4
31344,1787482800000,12826695.4
31345,1787486400000,12763548.9
31346,1787490000000,12664968.8
31347,1787493600000,12774984.0
31348,1787497200000,12952515.6
31349,1787500800000,12977346.0
31350,1787504400000,13006213.2
31351,1787508000000,13010404.8
31352,1787511600000,13031485.2
31353,1787515200000,13106098.2
31354,1787518800000,13150819.0
31355,1787522400000,12912852.8
31356,1787526000000,12857360.2
31357,1787529600000,12910820.8
31358,1787533200000,12969775.0
31359,1787536800000,12973244.2
31360,1787540400000,13006632.2
31361,1787544000000,13018210.0
31362,1787547600000,12956246.4
31363,1787551200000,12938052.8
31364,1787554800000,12976176.6
31365,1787558400000,12988267.2
31366,1787562000000,12958645.8
31367,1787565600000,12873389.2
31368,1787569200000,13040636.2
31369,1787572800000,13044691.0
31370,1787576400000,12996780.2
31371,1787580000000,13095219.2
31372,1787583600000,13064833.8
31373,1787587200000,13189881.7
31374,1787590800000,13245305.0
31375,1787594400000,13140020.0
31376,1787598000000,13085068.2
31377,1787601600000,13167797.0
31378,1787605200000,13334729.2
31379,1787608800000,13292625.8
31380,1787612400000,13392414.2
31381,1787616000000,13350266.0
31382,1787619600000,13290302.8
31383,1787623200000,13299610.2
31384,1787626800000,13145684.4
31385,1787630400000,13178853.6
31386,1787634000000,13317601.4
31387,1787637600000,13379862.4
31388,1787641200000,13353878.1
31389,1787644800000,13494717.2
31390,1787648400000,13597264.8
31391,1787652000000,13638009.6
31392,1787655600000,13628368.8
31393,1787659200000,13640325.8
31394,1787662800000,13649456.0
31395,1787666400000,13779594.0
31396,1787670000000,13742988.6
31397,1787673600000,13812970.5
31398,1787677200000,13792627.6
31399,1787680800000,13726558.6
31400,1787684400000,13573814.0
31401,1787688000000,13523634.8
31402,1787691600000,13736453.1
31403,1787695200000,13792817.8
31404,1787698800000,13823907.2
31405,1787702400000,13816847.6
31406,1787706000000,13836822.6
31407,1787709600000,13610544.4
31408,1787713200000,13737659.2
31409,1787716800000,13733099.8
31410,1787720400000,13723253.0
31411,1787724000000,13752057.4
31412,1787727600000,13750395.4
31413,1787731200000,13689198.2
31414,1787734800000,13648415.8
31415,1787738400000,13610240.2
31416,1787742000000,13627438.4
31417,1787745600000,13628280.6
31418,1787749200000,13640509.8
31419,1787752800000,13658709.2
31420,1787756400000,13663228.2
31421,1787760000000,13653131.2
31422,1787763600000,13647281.2
31423,1787767200000,13621631.4
31424,1787770800000,13595479.0
31425,1787774400000,13590782.2
31426,1787778000000,13724611.6
31427,1787781600000,13608231.0
31428,1787785200000,13668322.6
31429,1787788800000,13993703.4
31430,1787792400000,14246014.2
31431,1787796000000,14395055.5
31432,1787799600000,14571670.6
31433,1787803200000,14624723.2
31434,1787806800000,14612578.0
31435,1787810400000,14566139.8
31436,1787814000000,14616598.6
31437,1787817600000,14674438.8
31438,1787821200000,14682341.6
31439,1787824800000,14674206.9
31440,1787828400000,14503533.2
31441,1787832000000,14498939.2
31442,1787835600000,14523097.0
31443,1787839200000,14533974.0
31444,1787842800000,14539419.3
31445,1787846400000,14570419.6
31446,1787850000000,14518343.5
31447,1787853600000,14548917.0
31448,1787857200000,14548826.8
31449,1787860800000,14538130.4
31450,1787864400000,14540354.6
31451,1787868000000,14590902.6
31452,1787871600000,14626819.4
31453,1787875200000,14581838.4
31454,1787878800000,14682442.6
31455,1787882400000,14435038.4
31456,1787886000000,14359985.0
31457,1787889600000,14318893.5
31458,1787893200000,14175472.0
31459,1787896800000,14144739.8
31460,1787900400000,14172568.8
31461,1787904000000,14248887.4
31462,1787907600000,14284590.8
31463,1787911200000,14197579.2
31464,1787914800000,14117613.8
31465,1787918400000,14284857.0
31466,1787922000000,13938875.4
31467,1787925600000,13925235.0
31468,1787929200000,13914915.0
31469,1787932800000,13938278.2
31470,1787936400000,14226645.6
31471,1787940000000,14097240.8
31472,1787943600000,14029005.8
31473,1787947200000,14063158.6
31474,1787950800000,14031967.2
31475,1787954400000,13993844.6
31476,1787958000000,13998857.6
31477,1787961600000,13874662.5
31478,1787965200000,13919028.4
31479,1787968800000,13904593.2
31480,1787972400000,13896515.2
31481,1787976000000,13891006.2
31482,1787979600000,13876825.2
31483,1787983200000,13867544.4
31484,1787986800000,13834541.8
31485,1787990400000,13816963.0
31486,1787994000000,13738357.6
31487,1787997600000,13679087.4
31488,1788001200000,13680057.6
31489,1788004800000,13626419.6
31490,1788008400000,13611171.4
31491,1788012000000,13582087.8
31492,1788015600000,13606881.6
31493,1788019200000,13603646.2
31494,1788022800000,13595405.6
31495,1788026400000,13592790.2
31496,1788030000000,13573314.0
31497,1788033600000,13562988.8
31498,1788037200000,13559937.2
31499,1788040800000,13567866.6
31500,1788044400000,13558688.2
31501,1788048000000,13524370.6
31502,1788051600000,13519891.4
31503,1788055200000,13494462.8
31504,1788058800000,13535408.6
31505,1788062400000,13531514.0
31506,1788066000000,13522152.2
31507,1788069600000,13547976.4
31508,1788073200000,13642861.4
31509,1788076800000,13601694.4
31510,1788080400000,13542961.2
31511,1788084000000,13590179.8
31512,1788087600000,13611183.6
31513,1788091200000,13612286.8
31514,1788094800000,13528629.6
31515,1788098400000,13565848.0
31516,1788102000000,13507725.0
31517,1788105600000,13494064.0
31518,1788109200000,13415599.9
31519,1788112800000,13369393.0
31520,1788116400000,13390205.0
31521,1788120000000,13376541.6
31522,1788123600000,13468248.2
31523,1788127200000,13560721.6
31524,1788130800000,13475167.2
31525,1788134400000,13482510.6
31526,1788138000000,13463397.6
31527,1788141600000,13490481.6
31528,1788145200000,13557567.4
31529,1788148800000,13588887.6
31530,1788152400000,13616185.0
31531,1788156000000,13763587.0
31532,1788159600000,13800818.6
31533,1788163200000,13753222.0
31534,1788166800000,13772552.0
31535,1788170400000,13781766.4
