idx,timestamp,open_interest
0,1768910400000,6228620.0
1,1768914000000,50326480.0
2,1768917600000,64656450.0
3,1768921200000,73436960.0
4,1768924800000,83587530.0
5,1768928400000,97601910.0
6,1768932000000,101157900.0
7,1768935600000,102609380.0
8,1768939200000,108166520.0
9,1768942800000,109511900.0
10,1768946400000,109876360.0
11,1768950000000,114644660.0
12,1768953600000,116478360.0
13,1768957200000,129079900.0
14,1768960800000,107294990.0
15,1768964400000,149956140.0
16,1768968000000,105820360.0
17,1768971600000,102214260.0
18,1768975200000,110231260.0
19,1768978800000,112628320.0
20,1768982400000,121200700.0
21,1768986000000,119499590.0
22,1768989600000,94099560.0
23,1768993200000,88117460.0
24,1768996800000,86608520.0
25,1769000400000,91091430.0
26,1769004000000,107327100.0
27,1769007600000,128875840.0
28,1769011200000,121322820.0
29,1769014800000,102693310.0
30,1769018400000,142634490.0
31,1769022000000,153733560.0
32,1769025600000,176997870.0
33,1769029200000,220445600.0
34,1769032800000,190276050.0
35,1769036400000,190601220.0
36,1769040000000,198165610.0
37,1769043600000,213915410.0
38,1769047200000,215489040.0
39,1769050800000,203685280.0
40,1769054400000,232614980.0
41,1769058000000,306651480.0
42,1769061600000,274785810.0
43,1769065200000,274198500.0
44,1769068800000,246864690.0
45,1769072400000,244495720.0
46,1769076000000,253750430.0
47,1769079600000,260982420.0
48,1769083200000,274440470.0
49,1769086800000,274131600.0
50,1769090400000,289318520.0
51,1769094000000,288954430.0
52,1769097600000,274101340.0
53,1769101200000,271049250.0
54,1769104800000,262827660.0
55,1769108400000,273532270.0
56,1769112000000,277609020.0
57,1769115600000,295667760.0
58,1769119200000,299134140.0
59,1769122800000,307865870.0
60,1769126400000,304007980.0
61,1769130000000,296657550.0
62,1769133600000,305435390.0
63,1769137200000,300920180.0
64,1769140800000,328850170.0
65,1769144400000,326367770.0
66,1769148000000,331689170.0
67,1769151600000,325116480.0
68,1769155200000,332224560.0
69,1769158800000,355276640.0
70,1769162400000,372620950.0
71,1769166000000,376367030.0
72,1769169600000,367202090.0
73,1769173200000,342169840.0
74,1769176800000,324693550.0
75,1769180400000,318688020.0
76,1769184000000,337629760.0
77,1769187600000,329842240.0
78,1769191200000,326203240.0
79,1769194800000,327838160.0
80,1769198400000,331313080.0
81,1769202000000,303161390.0
82,1769205600000,308198070.0
83,1769209200000,294626280.0
84,1769212800000,301291910.0
85,1769216400000,301808980.0
86,1769220000000,309183250.0
87,1769223600000,293269940.0
88,1769227200000,289950800.0
89,1769230800000,280827260.0
90,1769234400000,302182060.0
91,1769238000000,301787190.0
92,1769241600000,320834820.0
93,1769245200000,312007670.0
94,1769248800000,308870670.0
95,1769252400000,307325490.0
96,1769256000000,315961490.0
97,1769259600000,306153160.0
98,1769263200000,302252720.0
99,1769266800000,312803370.0
100,1769270400000,298771130.0
101,1769274000000,299406540.0
102,1769277600000,302231750.0
103,1769281200000,299158450.0
104,1769284800000,296027340.0
105,1769288400000,297797400.0
106,1769292000000,299904710.0
107,1769295600000,301547220.0
108,1769299200000,289375000.0
109,1769302800000,291671760.0
110,1769306400000,270718190.0
111,1769310000000,272019080.0
112,1769313600000,283753760.0
113,1769317200000,276890420.0
114,1769320800000,289455760.0
115,1769324400000,254229440.0
116,1769328000000,255759110.0
117,1769331600000,253300430.0
118,1769335200000,256510720.0
119,1769338800000,257658160.0
120,1769342400000,254607640.0
121,1769346000000,252439690.0
122,1769349600000,258850720.0
123,1769353200000,261323900.0
124,1769356800000,262052230.0
125,1769360400000,256691700.0
126,1769364000000,228908130.0
127,1769367600000,232183350.0
128,1769371200000,236072720.0
129,1769374800000,233955250.0
130,1769378400000,236465400.0
131,1769382000000,238549030.0
132,1769385600000,231569700.0
133,1769389200000,250705600.0
134,1769392800000,255822350.0
135,1769396400000,254859680.0
136,1769400000000,244881400.0
137,1769403600000,240813760.0
138,1769407200000,245183280.0
139,1769410800000,251955240.0
140,1769414400000,255971880.0
141,1769418000000,259159440.0
142,1769421600000,265626590.0
143,1769425200000,267017370.0
144,1769428800000,264911620.0
145,1769432400000,263291220.0
146,1769436000000,265051620.0
147,1769439600000,260562020.0
148,1769443200000,257352030.0
149,1769446800000,235846260.0
150,1769450400000,247492540.0
151,1769454000000,263883700.0
152,1769457600000,258859690.0
153,1769461200000,258411680.0
154,1769464800000,301032040.0
155,1769468400000,298133400.0
156,1769472000000,296344500.0
157,1769475600000,288583500.0
158,1769479200000,282046800.0
159,1769482800000,282620630.0
160,1769486400000,279350640.0
161,1769490000000,276517220.0
162,1769493600000,260640870.0
163,1769497200000,259625800.0
164,1769500800000,255430130.0
165,1769504400000,266343780.0
166,1769508000000,265612740.0
167,1769511600000,257843080.0
168,1769515200000,250110020.0
169,1769518800000,247032880.0
170,1769522400000,248077670.0
171,1769526000000,250767860.0
172,1769529600000,262838920.0
173,1769533200000,228922380.0
174,1769536800000,228371480.0
175,1769540400000,227530400.0
176,1769544000000,227724440.0
177,1769547600000,229066020.0
178,1769551200000,224651340.0
179,1769554800000,225137040.0
180,1769558400000,232299400.0
181,1769562000000,240342800.0
182,1769565600000,248390960.0
183,1769569200000,252478050.0
184,1769572800000,246588830.0
185,1769576400000,242200980.0
186,1769580000000,241292260.0
187,1769583600000,232356830.0
188,1769587200000,233421360.0
189,1769590800000,235451920.0
190,1769594400000,242196520.0
191,1769598000000,241219200.0
192,1769601600000,239529070.0
193,1769605200000,238066880.0
194,1769608800000,238725440.0
195,1769612400000,246452500.0
196,1769616000000,261756460.0
197,1769619600000,261909010.0
198,1769623200000,255886080.0
199,1769626800000,255679040.0
200,1769630400000,257070680.0
201,1769634000000,256477440.0
202,1769637600000,256813760.0
203,1769641200000,254364700.0
204,1769644800000,258456140.0
205,1769648400000,245986130.0
206,1769652000000,244769220.0
207,1769655600000,247359360.0
208,1769659200000,246162440.0
209,1769662800000,242841160.0
210,1769666400000,247703840.0
211,1769670000000,250433300.0
212,1769673600000,254668240.0
213,1769677200000,265285600.0
214,1769680800000,259739420.0
215,1769684400000,261408000.0
216,1769688000000,274683460.0
217,1769691600000,268974470.0
218,1769695200000,270852720.0
219,1769698800000,276183070.0
220,1769702400000,249242430.0
221,1769706000000,246193780.0
222,1769709600000,250589760.0
223,1769713200000,250865480.0
224,1769716800000,243302220.0
225,1769720400000,244788790.0
226,1769724000000,240350310.0
227,1769727600000,249967000.0
228,1769731200000,257687760.0
229,1769734800000,256087180.0
230,1769738400000,275358920.0
231,1769742000000,272655800.0
232,1769745600000,266303660.0
233,1769749200000,268000580.0
234,1769752800000,267417960.0
235,1769756400000,271002210.0
236,1769760000000,270848030.0
237,1769763600000,271645520.0
238,1769767200000,268889800.0
239,1769770800000,259316730.0
240,1769774400000,256064760.0
241,1769778000000,252903810.0
242,1769781600000,265839720.0
243,1769785200000,271551740.0
244,1769788800000,272657140.0
245,1769792400000,269412260.0
246,1769796000000,279833330.0
247,1769799600000,289889520.0
248,1769803200000,290601490.0
249,1769806800000,282758980.0
250,1769810400000,286740880.0
251,1769814000000,289866000.0
252,1769817600000,299437960.0
253,1769821200000,294638540.0
254,1769824800000,275407380.0
255,1769828400000,274099770.0
256,1769832000000,268609660.0
257,1769835600000,267770490.0
258,1769839200000,266845900.0
259,1769842800000,264531080.0
260,1769846400000,261927280.0
261,1769850000000,260269050.0
262,1769853600000,270778840.0
263,1769857200000,275522170.0
264,1769860800000,277749340.0
265,1769864400000,273745360.0
266,1769868000000,268243460.0
267,1769871600000,262631420.0
268,1769875200000,256562180.0
269,1769878800000,256237350.0
270,1769882400000,258145380.0
271,1769886000000,266791860.0
272,1769889600000,253783820.0
273,1769893200000,261166740.0
274,1769896800000,259664190.0
275,1769900400000,252034360.0
276,1769904000000,249157520.0
277,1769907600000,248408380.0
278,1769911200000,247488260.0
279,1769914800000,243300140.0
280,1769918400000,241035240.0
281,1769922000000,241803680.0
282,1769925600000,241812380.0
283,1769929200000,239162340.0
284,1769932800000,240837420.0
285,1769936400000,237944280.0
286,1769940000000,238488490.0
287,1769943600000,244507610.0
288,1769947200000,244390430.0
289,1769950800000,246398680.0
290,1769954400000,259836690.0
291,1769958000000,244050120.0
292,1769961600000,246869650.0
293,1769965200000,248101450.0
294,1769968800000,242298380.0
295,1769972400000,237618400.0
296,1769976000000,233108840.0
297,1769979600000,229849370.0
298,1769983200000,235735380.0
299,1769986800000,235482500.0
300,1769990400000,234391380.0
301,1769994000000,228550560.0
302,1769997600000,232500460.0
303,1770001200000,230029680.0
304,1770004800000,244199230.0
305,1770008400000,248921050.0
306,1770012000000,261459530.0
307,1770015600000,273418620.0
308,1770019200000,264957190.0
309,1770022800000,260133620.0
310,1770026400000,255344180.0
311,1770030000000,257115560.0
312,1770033600000,271622930.0
313,1770037200000,269514760.0
314,1770040800000,260545920.0
315,1770044400000,266260290.0
316,1770048000000,263833890.0
317,1770051600000,259608220.0
318,1770055200000,256060440.0
319,1770058800000,252010910.0
320,1770062400000,261252990.0
321,1770066000000,265631960.0
322,1770069600000,260588200.0
323,1770073200000,263838240.0
324,1770076800000,258024000.0
325,1770080400000,262111860.0
326,1770084000000,264381880.0
327,1770087600000,265127300.0
328,1770091200000,256223490.0
329,1770094800000,255342800.0
330,1770098400000,255442730.0
331,1770102000000,255502660.0
332,1770105600000,277150520.0
333,1770109200000,274220010.0
334,1770112800000,250761680.0
335,1770116400000,237931100.0
336,1770120000000,234008690.0
337,1770123600000,237796770.0
338,1770127200000,242404010.0
339,1770130800000,238955600.0
340,1770134400000,239179980.0
341,1770138000000,237924740.0
342,1770141600000,243737550.0
343,1770145200000,241826640.0
344,1770148800000,235196400.0
345,1770152400000,233568200.0
346,1770156000000,231221560.0
347,1770159600000,227363460.0
348,1770163200000,224839620.0
349,1770166800000,251554170.0
350,1770170400000,253066140.0
351,1770174000000,249395490.0
352,1770177600000,248440940.0
353,1770181200000,246150400.0
354,1770184800000,241930840.0
355,1770188400000,241101240.0
356,1770192000000,240428030.0
357,1770195600000,239495920.0
358,1770199200000,237507520.0
359,1770202800000,237837460.0
360,1770206400000,235966980.0
361,1770210000000,236572700.0
362,1770213600000,231715680.0
363,1770217200000,229844040.0
364,1770220800000,229444140.0
365,1770224400000,227929280.0
366,1770228000000,226459420.0
367,1770231600000,223297620.0
368,1770235200000,224707110.0
369,1770238800000,223571120.0
370,1770242400000,224863560.0
371,1770246000000,223592560.0
372,1770249600000,224168980.0
373,1770253200000,226336190.0
374,1770256800000,228412860.0
375,1770260400000,229997480.0
376,1770264000000,229770200.0
377,1770267600000,246986400.0
378,1770271200000,249238600.0
379,1770274800000,260928390.0
380,1770278400000,257330280.0
381,1770282000000,257346620.0
382,1770285600000,255627160.0
383,1770289200000,256024080.0
384,1770292800000,258730720.0
385,1770296400000,286056520.0
386,1770300000000,269096290.0
387,1770303600000,281696880.0
388,1770307200000,281886100.0
389,1770310800000,287828280.0
390,1770314400000,292990440.0
391,1770318000000,309933130.0
392,1770321600000,320417700.0
393,1770325200000,309417570.0
394,1770328800000,323027190.0
395,1770332400000,309728170.0
396,1770336000000,307055820.0
397,1770339600000,300051680.0
398,1770343200000,291807960.0
399,1770346800000,292448670.0
400,1770350400000,299412020.0
401,1770354000000,288404300.0
402,1770357600000,298070530.0
403,1770361200000,306178150.0
404,1770364800000,311681440.0
405,1770368400000,316512350.0
406,1770372000000,316089550.0
407,1770375600000,315876660.0
408,1770379200000,312715640.0
409,1770382800000,314799560.0
410,1770386400000,319671310.0
411,1770390000000,329842790.0
412,1770393600000,330810910.0
413,1770397200000,337289820.0
414,1770400800000,337037020.0
415,1770404400000,314805760.0
416,1770408000000,291978060.0
417,1770411600000,289951800.0
418,1770415200000,345092960.0
419,1770418800000,330075880.0
420,1770422400000,329865990.0
421,1770426000000,324216440.0
422,1770429600000,325350740.0
423,1770433200000,324461460.0
424,1770436800000,324635880.0
425,1770440400000,305129560.0
426,1770444000000,299907260.0
427,1770447600000,302773240.0
428,1770451200000,298395520.0
429,1770454800000,309246640.0
430,1770458400000,305462240.0
431,1770462000000,307077680.0
432,1770465600000,308090130.0
433,1770469200000,305704390.0
434,1770472800000,288980840.0
435,1770476400000,285262080.0
436,1770480000000,282729300.0
437,1770483600000,277063460.0
438,1770487200000,275411360.0
439,1770490800000,273803980.0
440,1770494400000,269816200.0
441,1770498000000,266210550.0
442,1770501600000,263990520.0
443,1770505200000,265897060.0
444,1770508800000,264952540.0
445,1770512400000,263837990.0
446,1770516000000,261686730.0
447,1770519600000,258349860.0
448,1770523200000,258191780.0
449,1770526800000,255014000.0
450,1770530400000,252645760.0
451,1770534000000,253788780.0
452,1770537600000,251930460.0
453,1770541200000,251385840.0
454,1770544800000,261345580.0
455,1770548400000,256743410.0
456,1770552000000,257741100.0
457,1770555600000,254239540.0
458,1770559200000,256742740.0
459,1770562800000,257262550.0
460,1770566400000,252201960.0
461,1770570000000,245892020.0
462,1770573600000,244853540.0
463,1770577200000,242511630.0
464,1770580800000,242533080.0
465,1770584400000,243006260.0
466,1770588000000,242325680.0
467,1770591600000,240761740.0
468,1770595200000,237724700.0
469,1770598800000,235527620.0
470,1770602400000,235866560.0
471,1770606000000,235691580.0
472,1770609600000,237313990.0
473,1770613200000,238325500.0
474,1770616800000,241397180.0
475,1770620400000,239583280.0
476,1770624000000,239445240.0
477,1770627600000,234597830.0
478,1770631200000,234555840.0
479,1770634800000,234572410.0
480,1770638400000,235763860.0
481,1770642000000,233780760.0
482,1770645600000,231450660.0
483,1770649200000,226636280.0
484,1770652800000,229272660.0
485,1770656400000,231184730.0
486,1770660000000,231189270.0
487,1770663600000,226884910.0
488,1770667200000,220306730.0
489,1770670800000,217292740.0
490,1770674400000,217213950.0
491,1770678000000,218381420.0
492,1770681600000,217472480.0
493,1770685200000,220387760.0
494,1770688800000,220572040.0
495,1770692400000,220750100.0
496,1770696000000,221076620.0
497,1770699600000,223346460.0
498,1770703200000,221838640.0
499,1770706800000,219233880.0
500,1770710400000,220092810.0
501,1770714000000,220261220.0
502,1770717600000,219236170.0
503,1770721200000,218038620.0
504,1770724800000,217114240.0
505,1770728400000,217317960.0
506,1770732000000,224632640.0
507,1770735600000,222308620.0
508,1770739200000,222494410.0
509,1770742800000,222689280.0
510,1770746400000,222448780.0
511,1770750000000,224160110.0
512,1770753600000,223877060.0
513,1770757200000,222255520.0
514,1770760800000,223420220.0
515,1770764400000,225710920.0
516,1770768000000,226048080.0
517,1770771600000,229881900.0
518,1770775200000,229259240.0
519,1770778800000,229024850.0
520,1770782400000,231263280.0
521,1770786000000,229136740.0
522,1770789600000,221020640.0
523,1770793200000,221803140.0
524,1770796800000,228092940.0
525,1770800400000,225247980.0
526,1770804000000,227633660.0
527,1770807600000,223748740.0
528,1770811200000,224351780.0
529,1770814800000,222857610.0
530,1770818400000,221717350.0
531,1770822000000,219171700.0
532,1770825600000,218375820.0
533,1770829200000,218479600.0
534,1770832800000,214176370.0
535,1770836400000,213353880.0
536,1770840000000,210358720.0
537,1770843600000,207601260.0
538,1770847200000,211019820.0
539,1770850800000,209729840.0
540,1770854400000,210936910.0
541,1770858000000,212444930.0
542,1770861600000,212688540.0
543,1770865200000,211490140.0
544,1770868800000,215235200.0
545,1770872400000,218656620.0
546,1770876000000,219630460.0
547,1770879600000,217597010.0
548,1770883200000,209710880.0
549,1770886800000,207307540.0
550,1770890400000,209717400.0
551,1770894000000,211472490.0
552,1770897600000,209276390.0
553,1770901200000,203385800.0
554,1770904800000,201706700.0
555,1770908400000,200577420.0
556,1770912000000,199605720.0
557,1770915600000,197194440.0
558,1770919200000,194707040.0
559,1770922800000,194258000.0
560,1770926400000,192677420.0
561,1770930000000,189249140.0
562,1770933600000,185949860.0
563,1770937200000,184650230.0
564,1770940800000,186995250.0
565,1770944400000,186667980.0
566,1770948000000,190883260.0
567,1770951600000,191177160.0
568,1770955200000,193488100.0
569,1770958800000,194554140.0
570,1770962400000,193496020.0
571,1770966000000,193822260.0
572,1770969600000,191628340.0
573,1770973200000,189210040.0
574,1770976800000,189940880.0
575,1770980400000,189180880.0
576,1770984000000,189705740.0
577,1770987600000,188532820.0
578,1770991200000,185722220.0
579,1770994800000,185406510.0
580,1770998400000,184417300.0
581,1771002000000,185202290.0
582,1771005600000,184905660.0
583,1771009200000,184920460.0
584,1771012800000,182889400.0
585,1771016400000,186887020.0
586,1771020000000,186688490.0
587,1771023600000,186104760.0
588,1771027200000,185387140.0
589,1771030800000,185243960.0
590,1771034400000,185185560.0
591,1771038000000,186681080.0
592,1771041600000,187663560.0
593,1771045200000,188021560.0
594,1771048800000,189896860.0
595,1771052400000,190875160.0
596,1771056000000,191456990.0
597,1771059600000,194046900.0
598,1771063200000,193231320.0
599,1771066800000,194964760.0
600,1771070400000,197700160.0
601,1771074000000,199092440.0
602,1771077600000,199016040.0
603,1771081200000,198403900.0
604,1771084800000,200058620.0
605,1771088400000,200279140.0
606,1771092000000,205770860.0
607,1771095600000,205743500.0
608,1771099200000,207253360.0
609,1771102800000,206870300.0
610,1771106400000,209165940.0
611,1771110000000,210042310.0
612,1771113600000,207551580.0
613,1771117200000,206132700.0
614,1771120800000,206044320.0
615,1771124400000,205981240.0
616,1771128000000,206651260.0
617,1771131600000,208918960.0
618,1771135200000,208958020.0
619,1771138800000,210097700.0
620,1771142400000,209518690.0
621,1771146000000,211353340.0
622,1771149600000,209369210.0
623,1771153200000,211846800.0
624,1771156800000,211726880.0
625,1771160400000,207320460.0
626,1771164000000,205707920.0
627,1771167600000,205202080.0
628,1771171200000,205095540.0
629,1771174800000,204499740.0
630,1771178400000,202234800.0
631,1771182000000,198433080.0
632,1771185600000,201494740.0
633,1771189200000,196894080.0
634,1771192800000,197143470.0
635,1771196400000,197269200.0
636,1771200000000,198361600.0
637,1771203600000,199261570.0
638,1771207200000,200019090.0
639,1771210800000,201367640.0
640,1771214400000,202564040.0
641,1771218000000,204111210.0
642,1771221600000,205737280.0
643,1771225200000,205078600.0
644,1771228800000,207369500.0
645,1771232400000,206397260.0
646,1771236000000,216954300.0
647,1771239600000,216010160.0
648,1771243200000,214749940.0
649,1771246800000,215765220.0
650,1771250400000,212241880.0
651,1771254000000,208672020.0
652,1771257600000,208074160.0
653,1771261200000,207110960.0
654,1771264800000,205120040.0
655,1771268400000,204155120.0
656,1771272000000,203257640.0
657,1771275600000,202188300.0
658,1771279200000,201866640.0
659,1771282800000,202219760.0
660,1771286400000,201788680.0
661,1771290000000,200283120.0
662,1771293600000,196991820.0
663,1771297200000,198265900.0
664,1771300800000,197086610.0
665,1771304400000,196184300.0
666,1771308000000,200989280.0
667,1771311600000,206001920.0
668,1771315200000,202992380.0
669,1771318800000,198412600.0
670,1771322400000,202549390.0
671,1771326000000,202218620.0
672,1771329600000,200249520.0
673,1771333200000,197729660.0
674,1771336800000,194304480.0
675,1771340400000,194302860.0
676,1771344000000,195266380.0
677,1771347600000,193291740.0
678,1771351200000,191836000.0
679,1771354800000,190679740.0
680,1771358400000,189306840.0
681,1771362000000,188896540.0
682,1771365600000,189541060.0
683,1771369200000,190821260.0
684,1771372800000,189111340.0
685,1771376400000,191971580.0
686,1771380000000,189812120.0
687,1771383600000,191504140.0
688,1771387200000,190047580.0
689,1771390800000,189074000.0
690,1771394400000,186397920.0
691,1771398000000,183500920.0
692,1771401600000,180950680.0
693,1771405200000,180410100.0
694,1771408800000,187290480.0
695,1771412400000,186189400.0
696,1771416000000,185270540.0
697,1771419600000,185456380.0
698,1771423200000,184830160.0
699,1771426800000,182100960.0
700,1771430400000,178209020.0
701,1771434000000,174922960.0
702,1771437600000,175040100.0
703,1771441200000,171492950.0
704,1771444800000,166775380.0
705,1771448400000,165728620.0
706,1771452000000,166109720.0
707,1771455600000,165640840.0
708,1771459200000,164765500.0
709,1771462800000,165036220.0
710,1771466400000,164725580.0
711,1771470000000,163115440.0
712,1771473600000,162448120.0
713,1771477200000,162481560.0
714,1771480800000,162611980.0
715,1771484400000,161958840.0
716,1771488000000,162330420.0
717,1771491600000,158090680.0
718,1771495200000,158188330.0
719,1771498800000,156632020.0
720,1771502400000,156052980.0
721,1771506000000,158036280.0
722,1771509600000,158968180.0
723,1771513200000,158974860.0
724,1771516800000,158117960.0
725,1771520400000,157072320.0
726,1771524000000,156585340.0
727,1771527600000,158738400.0
728,1771531200000,158535640.0
729,1771534800000,158734020.0
730,1771538400000,157974800.0
731,1771542000000,154864800.0
732,1771545600000,155038290.0
733,1771549200000,156975380.0
734,1771552800000,162395640.0
735,1771556400000,160722100.0
736,1771560000000,162681510.0
737,1771563600000,163980620.0
738,1771567200000,165460280.0
739,1771570800000,166478640.0
740,1771574400000,168758980.0
741,1771578000000,173760140.0
742,1771581600000,175045890.0
743,1771585200000,171127940.0
744,1771588800000,173091440.0
745,1771592400000,174861260.0
746,1771596000000,174582260.0
747,1771599600000,174436980.0
748,1771603200000,174141380.0
749,1771606800000,173837650.0
750,1771610400000,173575440.0
751,1771614000000,175593040.0
752,1771617600000,175474570.0
753,1771621200000,177126360.0
754,1771624800000,174097320.0
755,1771628400000,174238980.0
756,1771632000000,173903740.0
757,1771635600000,174756480.0
758,1771639200000,175553400.0
759,1771642800000,175202380.0
760,1771646400000,176142880.0
761,1771650000000,175968160.0
762,1771653600000,176268880.0
763,1771657200000,176545960.0
764,1771660800000,177949130.0
765,1771664400000,175403080.0
766,1771668000000,176028600.0
767,1771671600000,175676420.0
768,1771675200000,177090500.0
769,1771678800000,178400160.0
770,1771682400000,179274710.0
771,1771686000000,180593780.0
772,1771689600000,181243300.0
773,1771693200000,178004240.0
774,1771696800000,177895160.0
775,1771700400000,178446650.0
776,1771704000000,176673760.0
777,1771707600000,180629580.0
778,1771711200000,178005640.0
779,1771714800000,178593100.0
780,1771718400000,178650160.0
781,1771722000000,184180160.0
782,1771725600000,183270840.0
783,1771729200000,181515400.0
784,1771732800000,182109800.0
785,1771736400000,181644240.0
786,1771740000000,184180520.0
787,1771743600000,184082340.0
788,1771747200000,183828160.0
789,1771750800000,182059860.0
790,1771754400000,180429020.0
791,1771758000000,181297320.0
792,1771761600000,181351140.0
793,1771765200000,180208450.0
794,1771768800000,181505000.0
795,1771772400000,182396980.0
796,1771776000000,183708800.0
797,1771779600000,181587380.0
798,1771783200000,181350980.0
799,1771786800000,181045200.0
800,1771790400000,180179380.0
801,1771794000000,181218240.0
802,1771797600000,180636940.0
803,1771801200000,180041980.0
804,1771804800000,180039380.0
805,1771808400000,182617660.0
806,1771812000000,178905060.0
807,1771815600000,179535180.0
808,1771819200000,178628140.0
809,1771822800000,175258860.0
810,1771826400000,174515480.0
811,1771830000000,174640460.0
812,1771833600000,174265840.0
813,1771837200000,171455880.0
814,1771840800000,171443460.0
815,1771844400000,171097240.0
816,1771848000000,170752260.0
817,1771851600000,169745420.0
818,1771855200000,168801520.0
819,1771858800000,170668030.0
820,1771862400000,169773300.0
821,1771866000000,168853550.0
822,1771869600000,164344720.0
823,1771873200000,163380810.0
824,1771876800000,164264740.0
825,1771880400000,163045220.0
826,1771884000000,160977440.0
827,1771887600000,160476780.0
828,1771891200000,161239520.0
829,1771894800000,162414230.0
830,1771898400000,160428960.0
831,1771902000000,160741940.0
832,1771905600000,166659520.0
833,1771909200000,171382740.0
834,1771912800000,322256490.0
835,1771916400000,348486190.0
836,1771920000000,363532590.0
837,1771923600000,361831590.0
838,1771927200000,397754570.0
839,1771930800000,397585830.0
840,1771934400000,396091540.0
841,1771938000000,381504490.0
842,1771941600000,351801420.0
843,1771945200000,334064190.0
844,1771948800000,343616420.0
845,1771952400000,351990580.0
846,1771956000000,373921700.0
847,1771959600000,369740620.0
848,1771963200000,366755060.0
849,1771966800000,367085630.0
850,1771970400000,354991220.0
851,1771974000000,353808760.0
852,1771977600000,373537900.0
853,1771981200000,399186680.0
854,1771984800000,403580020.0
855,1771988400000,394489540.0
856,1771992000000,384265570.0
857,1771995600000,379160090.0
858,1771999200000,392231650.0
859,1772002800000,384050610.0
860,1772006400000,393325840.0
861,1772010000000,378649550.0
862,1772013600000,369044250.0
863,1772017200000,358890660.0
864,1772020800000,367108930.0
865,1772024400000,364046310.0
866,1772028000000,368300310.0
867,1772031600000,361730890.0
868,1772035200000,353046150.0
869,1772038800000,356070110.0
870,1772042400000,360003490.0
871,1772046000000,377350070.0
872,1772049600000,385664630.0
873,1772053200000,391095200.0
874,1772056800000,397672260.0
875,1772060400000,394990760.0
876,1772064000000,389617780.0
877,1772067600000,394351930.0
878,1772071200000,382385940.0
879,1772074800000,379064540.0
880,1772078400000,376459160.0
881,1772082000000,374765380.0
882,1772085600000,376938980.0
883,1772089200000,382779060.0
884,1772092800000,383798860.0
885,1772096400000,380502960.0
886,1772100000000,375710280.0
887,1772103600000,375772360.0
888,1772107200000,373177120.0
889,1772110800000,370696080.0
890,1772114400000,369051940.0
891,1772118000000,366051850.0
892,1772121600000,359920150.0
893,1772125200000,352480400.0
894,1772128800000,352509720.0
895,1772132400000,346940210.0
896,1772136000000,345446480.0
897,1772139600000,346419400.0
898,1772143200000,345083460.0
899,1772146800000,343682420.0
900,1772150400000,340422690.0
901,1772154000000,340130840.0
902,1772157600000,335452400.0
903,1772161200000,335213840.0
904,1772164800000,334537480.0
905,1772168400000,334134540.0
906,1772172000000,330257520.0
907,1772175600000,329352000.0
908,1772179200000,329272110.0
909,1772182800000,329152050.0
910,1772186400000,328170080.0
911,1772190000000,330877600.0
912,1772193600000,321232300.0
913,1772197200000,314446030.0
914,1772200800000,305141100.0
915,1772204400000,293575200.0
916,1772208000000,290445100.0
917,1772211600000,285768520.0
918,1772215200000,285323580.0
919,1772218800000,284130940.0
920,1772222400000,282200920.0
921,1772226000000,284464860.0
922,1772229600000,284230580.0
923,1772233200000,286712960.0
924,1772236800000,284327180.0
925,1772240400000,283640360.0
926,1772244000000,284603520.0
927,1772247600000,284802740.0
928,1772251200000,283071660.0
929,1772254800000,283471220.0
930,1772258400000,281352210.0
931,1772262000000,280782220.0
932,1772265600000,276564820.0
933,1772269200000,273014180.0
934,1772272800000,276759480.0
935,1772276400000,275428060.0
936,1772280000000,269883800.0
937,1772283600000,270797600.0
938,1772287200000,274520110.0
939,1772290800000,274937180.0
940,1772294400000,275121040.0
941,1772298000000,276253860.0
942,1772301600000,273774140.0
943,1772305200000,276051100.0
944,1772308800000,278044960.0
945,1772312400000,276425030.0
946,1772316000000,276206510.0
947,1772319600000,277436560.0
948,1772323200000,273604180.0
949,1772326800000,276870290.0
950,1772330400000,284059660.0
951,1772334000000,283173450.0
952,1772337600000,278672420.0
953,1772341200000,276740160.0
954,1772344800000,273067240.0
955,1772348400000,276356880.0
956,1772352000000,275377420.0
957,1772355600000,281519300.0
958,1772359200000,285624980.0
959,1772362800000,280843580.0
960,1772366400000,286363650.0
961,1772370000000,287714320.0
962,1772373600000,288784080.0
963,1772377200000,289183650.0
964,1772380800000,279420560.0
965,1772384400000,275791770.0
966,1772388000000,276113840.0
967,1772391600000,275920080.0
968,1772395200000,271994260.0
969,1772398800000,267382280.0
970,1772402400000,266110440.0
971,1772406000000,267819250.0
972,1772409600000,266937780.0
973,1772413200000,265503060.0
974,1772416800000,260274960.0
975,1772420400000,257727720.0
976,1772424000000,255807440.0
977,1772427600000,256365040.0
978,1772431200000,257096640.0
979,1772434800000,258258780.0
980,1772438400000,259942680.0
981,1772442000000,259009820.0
982,1772445600000,257311870.0
983,1772449200000,252354880.0
984,1772452800000,247683180.0
985,1772456400000,247107680.0
986,1772460000000,246891520.0
987,1772463600000,244542220.0
988,1772467200000,248114920.0
989,1772470800000,248203470.0
990,1772474400000,247868360.0
991,1772478000000,246864870.0
992,1772481600000,245526280.0
993,1772485200000,245336040.0
994,1772488800000,245681900.0
995,1772492400000,244346410.0
996,1772496000000,242972300.0
997,1772499600000,243711380.0
998,1772503200000,242759160.0
999,1772506800000,246931660.0
1000,1772510400000,243860960.0
1001,1772514000000,242807920.0
1002,1772517600000,243217830.0
1003,1772521200000,244214400.0
1004,1772524800000,242602440.0
1005,1772528400000,242274480.0
1006,1772532000000,241933160.0
1007,1772535600000,242072140.0
1008,1772539200000,241744240.0
1009,1772542800000,238022180.0
1010,1772546400000,238691520.0
1011,1772550000000,236696640.0
1012,1772553600000,236789440.0
1013,1772557200000,234800280.0
1014,1772560800000,233300670.0
1015,1772564400000,234006600.0
1016,1772568000000,232615780.0
1017,1772571600000,238882700.0
1018,1772575200000,249639120.0
1019,1772578800000,249789640.0
1020,1772582400000,253338860.0
1021,1772586000000,252049080.0
1022,1772589600000,252601860.0
1023,1772593200000,254749280.0
1024,1772596800000,252989820.0
1025,1772600400000,251528320.0
1026,1772604000000,251532440.0
1027,1772607600000,250565240.0
1028,1772611200000,249174940.0
1029,1772614800000,248592150.0
1030,1772618400000,249994560.0
1031,1772622000000,245565440.0
1032,1772625600000,245715870.0
1033,1772629200000,246115260.0
1034,1772632800000,247027540.0
1035,1772636400000,246070200.0
1036,1772640000000,243679330.0
1037,1772643600000,245797450.0
1038,1772647200000,245194330.0
1039,1772650800000,243775440.0
1040,1772654400000,244239500.0
1041,1772658000000,242848340.0
1042,1772661600000,246056780.0
1043,1772665200000,244736000.0
1044,1772668800000,244377060.0
1045,1772672400000,243956500.0
1046,1772676000000,242371430.0
1047,1772679600000,243896020.0
1048,1772683200000,235849630.0
1049,1772686800000,236394400.0
1050,1772690400000,237586640.0
1051,1772694000000,235796580.0
1052,1772697600000,236889940.0
1053,1772701200000,235814750.0
1054,1772704800000,238236300.0
1055,1772708400000,241509880.0
1056,1772712000000,233348960.0
1057,1772715600000,234641950.0
1058,1772719200000,234996440.0
1059,1772722800000,230677380.0
1060,1772726400000,228823040.0
1061,1772730000000,229757740.0
1062,1772733600000,230082400.0
1063,1772737200000,231230800.0
1064,1772740800000,232212740.0
1065,1772744400000,230673460.0
1066,1772748000000,231184960.0
1067,1772751600000,233607660.0
1068,1772755200000,233491820.0
1069,1772758800000,232863420.0
1070,1772762400000,229753140.0
1071,1772766000000,225210840.0
1072,1772769600000,223994700.0
1073,1772773200000,221698500.0
1074,1772776800000,221081700.0
1075,1772780400000,220944480.0
1076,1772784000000,221866940.0
1077,1772787600000,225931050.0
1078,1772791200000,219816640.0
1079,1772794800000,227307480.0
1080,1772798400000,222000620.0
1081,1772802000000,220053780.0
1082,1772805600000,224896270.0
1083,1772809200000,219692900.0
1084,1772812800000,219635220.0
1085,1772816400000,219521000.0
1086,1772820000000,219612380.0
1087,1772823600000,219895280.0
1088,1772827200000,221721300.0
1089,1772830800000,223707060.0
1090,1772834400000,224828860.0
1091,1772838000000,222858920.0
1092,1772841600000,221289240.0
1093,1772845200000,250221450.0
1094,1772848800000,257823520.0
1095,1772852400000,251784670.0
1096,1772856000000,271508760.0
1097,1772859600000,276103330.0
1098,1772863200000,275047480.0
1099,1772866800000,276638520.0
1100,1772870400000,274198920.0
1101,1772874000000,274292580.0
1102,1772877600000,276439020.0
1103,1772881200000,271231440.0
1104,1772884800000,266765680.0
1105,1772888400000,265674720.0
1106,1772892000000,266163610.0
1107,1772895600000,263743720.0
1108,1772899200000,261348200.0
1109,1772902800000,263817600.0
1110,1772906400000,263138460.0
1111,1772910000000,260152380.0
1112,1772913600000,256824740.0
1113,1772917200000,258065800.0
1114,1772920800000,258804500.0
1115,1772924400000,257160160.0
1116,1772928000000,254730100.0
1117,1772931600000,263734830.0
1118,1772935200000,263245880.0
1119,1772938800000,257745780.0
1120,1772942400000,258146780.0
1121,1772946000000,258231060.0
1122,1772949600000,258731480.0
1123,1772953200000,259078380.0
1124,1772956800000,258349120.0
1125,1772960400000,256719800.0
1126,1772964000000,257288960.0
1127,1772967600000,259694340.0
1128,1772971200000,258554380.0
1129,1772974800000,260373580.0
1130,1772978400000,262008300.0
1131,1772982000000,263476560.0
1132,1772985600000,263932040.0
1133,1772989200000,264303860.0
1134,1772992800000,271872640.0
1135,1772996400000,271410260.0
1136,1773000000000,270980760.0
1137,1773003600000,269474460.0
1138,1773007200000,271335640.0
1139,1773010800000,266057500.0
1140,1773014400000,263311520.0
1141,1773018000000,267988860.0
1142,1773021600000,264983840.0
1143,1773025200000,263508160.0
1144,1773028800000,263112500.0
1145,1773032400000,261596220.0
1146,1773036000000,261640790.0
1147,1773039600000,261091500.0
1148,1773043200000,261712440.0
1149,1773046800000,262132370.0
1150,1773050400000,261930080.0
1151,1773054000000,260221120.0
1152,1773057600000,263345810.0
1153,1773061200000,264315700.0
1154,1773064800000,264968480.0
1155,1773068400000,266449100.0
1156,1773072000000,266376480.0
1157,1773075600000,268009300.0
1158,1773079200000,267355100.0
1159,1773082800000,265011220.0
1160,1773086400000,264681800.0
1161,1773090000000,264981120.0
1162,1773093600000,264951000.0
1163,1773097200000,264401580.0
1164,1773100800000,263546020.0
1165,1773104400000,262295860.0
1166,1773108000000,261625400.0
1167,1773111600000,262772420.0
1168,1773115200000,261273800.0
1169,1773118800000,261455700.0
1170,1773122400000,260969160.0
1171,1773126000000,258509040.0
1172,1773129600000,258522720.0
1173,1773133200000,257677600.0
1174,1773136800000,255492890.0
1175,1773140400000,254358160.0
1176,1773144000000,254450940.0
1177,1773147600000,249726560.0
1178,1773151200000,246568800.0
1179,1773154800000,247008960.0
1180,1773158400000,249338430.0
1181,1773162000000,248299360.0
1182,1773165600000,248398070.0
1183,1773169200000,249184020.0
1184,1773172800000,254996080.0
1185,1773176400000,255208140.0
1186,1773180000000,254743900.0
1187,1773183600000,250060040.0
1188,1773187200000,248472180.0
1189,1773190800000,248905360.0
1190,1773194400000,249392620.0
1191,1773198000000,250672480.0
1192,1773201600000,250789460.0
1193,1773205200000,251417070.0
1194,1773208800000,251407720.0
1195,1773212400000,251381640.0
1196,1773216000000,251737760.0
1197,1773219600000,246734440.0
1198,1773223200000,249716000.0
1199,1773226800000,248618560.0
1200,1773230400000,246807680.0
1201,1773234000000,246712260.0
1202,1773237600000,246180480.0
1203,1773241200000,241362920.0
1204,1773244800000,238706040.0
1205,1773248400000,239255120.0
1206,1773252000000,237863560.0
1207,1773255600000,238451350.0
1208,1773259200000,236450300.0
1209,1773262800000,236631200.0
1210,1773266400000,236231280.0
1211,1773270000000,235310220.0
1212,1773273600000,233635360.0
1213,1773277200000,234843960.0
1214,1773280800000,235574460.0
1215,1773284400000,234327840.0
1216,1773288000000,234857660.0
1217,1773291600000,234594360.0
1218,1773295200000,234692860.0
1219,1773298800000,234302600.0
1220,1773302400000,234842740.0
1221,1773306000000,235839660.0
1222,1773309600000,236022400.0
1223,1773313200000,236230820.0
1224,1773316800000,236124920.0
1225,1773320400000,236665280.0
1226,1773324000000,236173740.0
1227,1773327600000,234367280.0
1228,1773331200000,235385000.0
1229,1773334800000,236099440.0
1230,1773338400000,236448700.0
1231,1773342000000,236751900.0
1232,1773345600000,236829600.0
1233,1773349200000,236197870.0
1234,1773352800000,236140020.0
1235,1773356400000,236474620.0
1236,1773360000000,236662440.0
1237,1773363600000,235231100.0
1238,1773367200000,235175640.0
1239,1773370800000,234470060.0
1240,1773374400000,235286720.0
1241,1773378000000,234582580.0
1242,1773381600000,233605900.0
1243,1773385200000,233156800.0
1244,1773388800000,232572220.0
1245,1773392400000,234329870.0
1246,1773396000000,234202920.0
1247,1773399600000,232772160.0
1248,1773403200000,233400660.0
1249,1773406800000,232367300.0
1250,1773410400000,232287840.0
1251,1773414000000,229516560.0
1252,1773417600000,230316400.0
1253,1773421200000,228804600.0
1254,1773424800000,227071600.0
1255,1773428400000,226832780.0
1256,1773432000000,226326680.0
1257,1773435600000,225632500.0
1258,1773439200000,224876960.0
1259,1773442800000,225644480.0
1260,1773446400000,225278180.0
1261,1773450000000,226680180.0
1262,1773453600000,224538660.0
1263,1773457200000,224643500.0
1264,1773460800000,224731240.0
1265,1773464400000,224700570.0
1266,1773468000000,225618060.0
1267,1773471600000,225681840.0
1268,1773475200000,226105260.0
1269,1773478800000,226343080.0
1270,1773482400000,225358720.0
1271,1773486000000,224609560.0
1272,1773489600000,222989600.0
1273,1773493200000,223064360.0
1274,1773496800000,223300640.0
1275,1773500400000,223402760.0
1276,1773504000000,222217620.0
1277,1773507600000,222629180.0
1278,1773511200000,222724420.0
1279,1773514800000,223568140.0
1280,1773518400000,222762740.0
1281,1773522000000,222409580.0
1282,1773525600000,220790040.0
1283,1773529200000,220556940.0
1284,1773532800000,221278800.0
1285,1773536400000,221552340.0
1286,1773540000000,221134940.0
1287,1773543600000,221173440.0
1288,1773547200000,220888660.0
1289,1773550800000,220874940.0
1290,1773554400000,220409120.0
1291,1773558000000,220426860.0
1292,1773561600000,221783880.0
1293,1773565200000,222104580.0
1294,1773568800000,222237360.0
1295,1773572400000,222321740.0
1296,1773576000000,222032300.0
1297,1773579600000,220234260.0
1298,1773583200000,220867320.0
1299,1773586800000,221442740.0
1300,1773590400000,221635700.0
1301,1773594000000,221034200.0
1302,1773597600000,221923660.0
1303,1773601200000,221372780.0
1304,1773604800000,221243260.0
1305,1773608400000,221256400.0
1306,1773612000000,221032960.0
1307,1773615600000,221707780.0
1308,1773619200000,224427300.0
1309,1773622800000,224088160.0
1310,1773626400000,224240640.0
1311,1773630000000,224647380.0
1312,1773633600000,224325880.0
1313,1773637200000,224031900.0
1314,1773640800000,223582390.0
1315,1773644400000,223808970.0
1316,1773648000000,224243670.0
1317,1773651600000,223392900.0
1318,1773655200000,223656000.0
1319,1773658800000,219079110.0
1320,1773662400000,221132680.0
1321,1773666000000,219876760.0
1322,1773669600000,225183910.0
1323,1773673200000,221334780.0
1324,1773676800000,217430920.0
1325,1773680400000,215431800.0
1326,1773684000000,213660500.0
1327,1773687600000,212774680.0
1328,1773691200000,207751740.0
1329,1773694800000,206322440.0
1330,1773698400000,205062920.0
1331,1773702000000,204967460.0
1332,1773705600000,228484780.0
1333,1773709200000,225512280.0
1334,1773712800000,224494560.0
1335,1773716400000,223280620.0
1336,1773720000000,223216420.0
1337,1773723600000,223621810.0
1338,1773727200000,223803920.0
1339,1773730800000,228479460.0
1340,1773734400000,229955480.0
1341,1773738000000,228719060.0
1342,1773741600000,227130580.0
1343,1773745200000,223428660.0
1344,1773748800000,222306960.0
1345,1773752400000,222404500.0
1346,1773756000000,222532440.0
1347,1773759600000,221918400.0
1348,1773763200000,220524660.0
1349,1773766800000,220303420.0
1350,1773770400000,221976900.0
1351,1773774000000,221804740.0
1352,1773777600000,222733500.0
1353,1773781200000,223259240.0
1354,1773784800000,223654960.0
1355,1773788400000,224095360.0
1356,1773792000000,224611020.0
1357,1773795600000,222842780.0
1358,1773799200000,222522920.0
1359,1773802800000,222294460.0
1360,1773806400000,221938140.0
1361,1773810000000,221655000.0
1362,1773813600000,221025180.0
1363,1773817200000,221024100.0
1364,1773820800000,221181320.0
1365,1773824400000,220846120.0
1366,1773828000000,220090120.0
1367,1773831600000,219858660.0
1368,1773835200000,224806290.0
1369,1773838800000,224336780.0
1370,1773842400000,225926920.0
1371,1773846000000,224730980.0
1372,1773849600000,223807780.0
1373,1773853200000,223076240.0
1374,1773856800000,219763810.0
1375,1773860400000,218807540.0
1376,1773864000000,218707900.0
1377,1773867600000,219113300.0
1378,1773871200000,218826420.0
1379,1773874800000,218905160.0
1380,1773878400000,219422190.0
1381,1773882000000,212239880.0
1382,1773885600000,211264780.0
1383,1773889200000,210465480.0
1384,1773892800000,210291320.0
1385,1773896400000,208515700.0
1386,1773900000000,208225600.0
1387,1773903600000,207621140.0
1388,1773907200000,207342040.0
1389,1773910800000,206898160.0
1390,1773914400000,206502180.0
1391,1773918000000,205994420.0
1392,1773921600000,207012600.0
1393,1773925200000,206290720.0
1394,1773928800000,205931180.0
1395,1773932400000,205983520.0
1396,1773936000000,204730240.0
1397,1773939600000,204157960.0
1398,1773943200000,204239040.0
1399,1773946800000,204101000.0
1400,1773950400000,203634420.0
1401,1773954000000,205132640.0
1402,1773957600000,204235240.0
1403,1773961200000,203751920.0
1404,1773964800000,202761660.0
1405,1773968400000,202240440.0
1406,1773972000000,203655120.0
1407,1773975600000,203280020.0
1408,1773979200000,203395580.0
1409,1773982800000,203904600.0
1410,1773986400000,203541920.0
1411,1773990000000,204391900.0
1412,1773993600000,204120840.0
1413,1773997200000,204219600.0
1414,1774000800000,203697540.0
1415,1774004400000,203158340.0
1416,1774008000000,203849500.0
1417,1774011600000,203895940.0
1418,1774015200000,203129660.0
1419,1774018800000,202902360.0
1420,1774022400000,202959540.0
1421,1774026000000,202865980.0
1422,1774029600000,202786200.0
1423,1774033200000,202253920.0
1424,1774036800000,202149940.0
1425,1774040400000,202082440.0
1426,1774044000000,202525320.0
1427,1774047600000,202166080.0
1428,1774051200000,202200140.0
1429,1774054800000,202457260.0
1430,1774058400000,203227880.0
1431,1774062000000,202662600.0
1432,1774065600000,202355880.0
1433,1774069200000,202466280.0
1434,1774072800000,202661020.0
1435,1774076400000,202269620.0
1436,1774080000000,201380940.0
1437,1774083600000,201244060.0
1438,1774087200000,201729920.0
1439,1774090800000,206124980.0
1440,1774094400000,208136300.0
1441,1774098000000,205558660.0
1442,1774101600000,204660260.0
1443,1774105200000,204358680.0
1444,1774108800000,203743020.0
1445,1774112400000,201110700.0
1446,1774116000000,201115400.0
1447,1774119600000,201561860.0
1448,1774123200000,201472540.0
1449,1774126800000,201063100.0
1450,1774130400000,200797920.0
1451,1774134000000,201005600.0
1452,1774137600000,198271160.0
1453,1774141200000,197632420.0
1454,1774144800000,197854920.0
1455,1774148400000,198871100.0
1456,1774152000000,198549420.0
1457,1774155600000,198241780.0
1458,1774159200000,198801440.0
1459,1774162800000,198452100.0
1460,1774166400000,198283900.0
1461,1774170000000,197461060.0
1462,1774173600000,197584120.0
1463,1774177200000,196915180.0
1464,1774180800000,191678120.0
1465,1774184400000,191201260.0
1466,1774188000000,190175740.0
1467,1774191600000,190024260.0
1468,1774195200000,189976860.0
1469,1774198800000,189677480.0
1470,1774202400000,187804580.0
1471,1774206000000,187440820.0
1472,1774209600000,187541500.0
1473,1774213200000,187577980.0
1474,1774216800000,188949800.0
1475,1774220400000,188795600.0
1476,1774224000000,189120800.0
1477,1774227600000,188323980.0
1478,1774231200000,189600900.0
1479,1774234800000,189269240.0
1480,1774238400000,188768100.0
1481,1774242000000,188518500.0
1482,1774245600000,188442320.0
1483,1774249200000,188766600.0
1484,1774252800000,188873560.0
1485,1774256400000,188404660.0
1486,1774260000000,188239560.0
1487,1774263600000,188349080.0
1488,1774267200000,187524020.0
1489,1774270800000,187351520.0
1490,1774274400000,186476240.0
1491,1774278000000,185570900.0
1492,1774281600000,185186980.0
1493,1774285200000,185207140.0
1494,1774288800000,184947240.0
1495,1774292400000,185086760.0
1496,1774296000000,185391240.0
1497,1774299600000,185762440.0
1498,1774303200000,186859340.0
1499,1774306800000,187386940.0
1500,1774310400000,187412560.0
1501,1774314000000,187264120.0
1502,1774317600000,187434060.0
1503,1774321200000,188128480.0
1504,1774324800000,188203160.0
1505,1774328400000,189396540.0
1506,1774332000000,190388520.0
1507,1774335600000,191546960.0
1508,1774339200000,199466140.0
1509,1774342800000,199395700.0
1510,1774346400000,199993340.0
1511,1774350000000,199865680.0
1512,1774353600000,199830960.0
1513,1774357200000,200146140.0
1514,1774360800000,195041100.0
1515,1774364400000,198511260.0
1516,1774368000000,198585860.0
1517,1774371600000,198250240.0
1518,1774375200000,197707320.0
1519,1774378800000,197491460.0
1520,1774382400000,199615700.0
1521,1774386000000,195148140.0
1522,1774389600000,194308520.0
1523,1774393200000,194302920.0
1524,1774396800000,193864080.0
1525,1774400400000,193325300.0
1526,1774404000000,193287020.0
1527,1774407600000,193397500.0
1528,1774411200000,192729260.0
1529,1774414800000,192441360.0
1530,1774418400000,191912480.0
1531,1774422000000,190998960.0
1532,1774425600000,190286120.0
1533,1774429200000,190109280.0
1534,1774432800000,189933320.0
1535,1774436400000,189610180.0
1536,1774440000000,190841580.0
1537,1774443600000,191163740.0
1538,1774447200000,190850620.0
1539,1774450800000,190991270.0
1540,1774454400000,189601460.0
1541,1774458000000,189180920.0
1542,1774461600000,189262740.0
1543,1774465200000,188996020.0
1544,1774468800000,190264530.0
1545,1774472400000,189727700.0
1546,1774476000000,189576080.0
1547,1774479600000,189577860.0
1548,1774483200000,189678380.0
1549,1774486800000,189412760.0
1550,1774490400000,188105620.0
1551,1774494000000,185018540.0
1552,1774497600000,184011360.0
1553,1774501200000,183827100.0
1554,1774504800000,182893540.0
1555,1774508400000,183967280.0
1556,1774512000000,182853400.0
1557,1774515600000,182743220.0
1558,1774519200000,183837120.0
1559,1774522800000,186290420.0
1560,1774526400000,186616760.0
1561,1774530000000,185413450.0
1562,1774533600000,185232880.0
1563,1774537200000,184373010.0
1564,1774540800000,182433640.0
1565,1774544400000,181825280.0
1566,1774548000000,181380160.0
1567,1774551600000,180998320.0
1568,1774555200000,178506550.0
1569,1774558800000,176708600.0
1570,1774562400000,175837040.0
1571,1774566000000,176686480.0
1572,1774569600000,176338120.0
1573,1774573200000,175606420.0
1574,1774576800000,181828380.0
1575,1774580400000,177463560.0
1576,1774584000000,176770260.0
1577,1774587600000,176549200.0
1578,1774591200000,178387140.0
1579,1774594800000,178504320.0
1580,1774598400000,178427440.0
1581,1774602000000,177066300.0
1582,1774605600000,177240080.0
1583,1774609200000,177708660.0
1584,1774612800000,179010260.0
1585,1774616400000,178974480.0
1586,1774620000000,178878140.0
1587,1774623600000,179294180.0
1588,1774627200000,180329660.0
1589,1774630800000,179418740.0
1590,1774634400000,179031400.0
1591,1774638000000,178520940.0
1592,1774641600000,177638600.0
1593,1774645200000,177260840.0
1594,1774648800000,176509460.0
1595,1774652400000,176004820.0
1596,1774656000000,174615500.0
1597,1774659600000,174146440.0
1598,1774663200000,169796500.0
1599,1774666800000,169086380.0
1600,1774670400000,170283640.0
1601,1774674000000,170994640.0
1602,1774677600000,170605360.0
1603,1774681200000,170423940.0
1604,1774684800000,169402130.0
1605,1774688400000,169858000.0
1606,1774692000000,169968220.0
1607,1774695600000,170170580.0
1608,1774699200000,170262480.0
1609,1774702800000,169920340.0
1610,1774706400000,170590860.0
1611,1774710000000,170631660.0
1612,1774713600000,170547440.0
1613,1774717200000,170602120.0
1614,1774720800000,170404980.0
1615,1774724400000,170585020.0
1616,1774728000000,170644060.0
1617,1774731600000,170504520.0
1618,1774735200000,170325660.0
1619,1774738800000,170641620.0
1620,1774742400000,170885260.0
1621,1774746000000,171147400.0
1622,1774749600000,171174100.0
1623,1774753200000,171438580.0
1624,1774756800000,171450880.0
1625,1774760400000,171338040.0
1626,1774764000000,171454380.0
1627,1774767600000,171412300.0
1628,1774771200000,171926660.0
1629,1774774800000,171936360.0
1630,1774778400000,171327840.0
1631,1774782000000,178348060.0
1632,1774785600000,180442160.0
1633,1774789200000,176606220.0
1634,1774792800000,176959860.0
1635,1774796400000,179920080.0
1636,1774800000000,182190080.0
1637,1774803600000,181325440.0
1638,1774807200000,180468780.0
1639,1774810800000,179116580.0
1640,1774814400000,178359780.0
1641,1774818000000,178237080.0
1642,1774821600000,177745220.0
1643,1774825200000,177246600.0
1644,1774828800000,177953060.0
1645,1774832400000,178266360.0
1646,1774836000000,179009980.0
1647,1774839600000,179253740.0
1648,1774843200000,180514100.0
1649,1774846800000,181791880.0
1650,1774850400000,182787020.0
1651,1774854000000,183293940.0
1652,1774857600000,182035390.0
1653,1774861200000,178814280.0
1654,1774864800000,177260800.0
1655,1774868400000,170552600.0
1656,1774872000000,168000220.0
1657,1774875600000,167565660.0
1658,1774879200000,168259740.0
1659,1774882800000,168819700.0
1660,1774886400000,169331340.0
1661,1774890000000,169799210.0
1662,1774893600000,170234200.0
1663,1774897200000,170303530.0
1664,1774900800000,169994980.0
1665,1774904400000,170246480.0
1666,1774908000000,171162840.0
1667,1774911600000,171536220.0
1668,1774915200000,173138900.0
1669,1774918800000,175442680.0
1670,1774922400000,176440300.0
1671,1774926000000,176796160.0
1672,1774929600000,177178100.0
1673,1774933200000,177514780.0
1674,1774936800000,177403060.0
1675,1774940400000,177715260.0
1676,1774944000000,177397880.0
1677,1774947600000,177624880.0
1678,1774951200000,178382880.0
1679,1774954800000,179655080.0
1680,1774958400000,179000600.0
1681,1774962000000,178979460.0
1682,1774965600000,179242120.0
1683,1774969200000,179678720.0
1684,1774972800000,179853660.0
1685,1774976400000,180290520.0
1686,1774980000000,180487660.0
1687,1774983600000,180636000.0
1688,1774987200000,182554400.0
1689,1774990800000,182301300.0
1690,1774994400000,182058820.0
1691,1774998000000,182101400.0
1692,1775001600000,181813920.0
1693,1775005200000,182073500.0
1694,1775008800000,181352700.0
1695,1775012400000,181323240.0
1696,1775016000000,182939360.0
1697,1775019600000,182886680.0
1698,1775023200000,182743800.0
1699,1775026800000,182487440.0
1700,1775030400000,182221060.0
1701,1775034000000,183552000.0
1702,1775037600000,183734760.0
1703,1775041200000,183251480.0
1704,1775044800000,182582520.0
1705,1775048400000,184339600.0
1706,1775052000000,182504760.0
1707,1775055600000,182061460.0
1708,1775059200000,181531300.0
1709,1775062800000,181945040.0
1710,1775066400000,182107880.0
1711,1775070000000,181964620.0
1712,1775073600000,181578180.0
1713,1775077200000,181947100.0
1714,1775080800000,181860740.0
1715,1775084400000,182404580.0
1716,1775088000000,181394620.0
1717,1775091600000,181268300.0
1718,1775095200000,180221900.0
1719,1775098800000,179630920.0
1720,1775102400000,178795840.0
1721,1775106000000,178081660.0
1722,1775109600000,179162980.0
1723,1775113200000,178816340.0
1724,1775116800000,179519110.0
1725,1775120400000,179591400.0
1726,1775124000000,179762480.0
1727,1775127600000,179538380.0
1728,1775131200000,179436140.0
1729,1775134800000,179012660.0
1730,1775138400000,178316320.0
1731,1775142000000,179229980.0
1732,1775145600000,179391420.0
1733,1775149200000,179004620.0
1734,1775152800000,179848420.0
1735,1775156400000,178985580.0
1736,1775160000000,178356740.0
1737,1775163600000,177373280.0
1738,1775167200000,177591360.0
1739,1775170800000,177992580.0
1740,1775174400000,177720600.0
1741,1775178000000,177575580.0
1742,1775181600000,177480880.0
1743,1775185200000,174612800.0
1744,1775188800000,174744120.0
1745,1775192400000,173648100.0
1746,1775196000000,173617840.0
1747,1775199600000,174501300.0
1748,1775203200000,174484420.0
1749,1775206800000,176124820.0
1750,1775210400000,177771560.0
1751,1775214000000,177293920.0
1752,1775217600000,177538780.0
1753,1775221200000,176990580.0
1754,1775224800000,177487760.0
1755,1775228400000,176398160.0
1756,1775232000000,175515660.0
1757,1775235600000,175720720.0
1758,1775239200000,174068280.0
1759,1775242800000,175537960.0
1760,1775246400000,175566940.0
1761,1775250000000,175403420.0
1762,1775253600000,174849720.0
1763,1775257200000,174220400.0
1764,1775260800000,174271180.0
1765,1775264400000,174139800.0
1766,1775268000000,174213300.0
1767,1775271600000,174203080.0
1768,1775275200000,175033640.0
1769,1775278800000,174976100.0
1770,1775282400000,175896360.0
1771,1775286000000,176773900.0
1772,1775289600000,176796580.0
1773,1775293200000,176297300.0
1774,1775296800000,176102780.0
1775,1775300400000,175881000.0
1776,1775304000000,175962520.0
1777,1775307600000,175656960.0
1778,1775311200000,176932200.0
1779,1775314800000,177574600.0
1780,1775318400000,177856560.0
1781,1775322000000,176335720.0
1782,1775325600000,175890900.0
1783,1775329200000,175780900.0
1784,1775332800000,176038620.0
1785,1775336400000,176064480.0
1786,1775340000000,176151080.0
1787,1775343600000,176909080.0
1788,1775347200000,176571020.0
1789,1775350800000,177066060.0
1790,1775354400000,176361480.0
1791,1775358000000,176265760.0
1792,1775361600000,181137190.0
1793,1775365200000,180526280.0
1794,1775368800000,179740060.0
1795,1775372400000,179373780.0
1796,1775376000000,179359480.0
1797,1775379600000,178789360.0
1798,1775383200000,178866240.0
1799,1775386800000,177481900.0
1800,1775390400000,177676240.0
1801,1775394000000,176699880.0
1802,1775397600000,176707650.0
1803,1775401200000,176822760.0
1804,1775404800000,177051600.0
1805,1775408400000,177027160.0
1806,1775412000000,177133820.0
1807,1775415600000,177417340.0
1808,1775419200000,177738060.0
1809,1775422800000,177723640.0
1810,1775426400000,177804180.0
1811,1775430000000,177726560.0
1812,1775433600000,177819220.0
1813,1775437200000,177954180.0
1814,1775440800000,177942160.0
1815,1775444400000,178057160.0
1816,1775448000000,177648520.0
1817,1775451600000,177312380.0
1818,1775455200000,177232740.0
1819,1775458800000,176399780.0
1820,1775462400000,176093360.0
1821,1775466000000,177368400.0
1822,1775469600000,177403900.0
1823,1775473200000,177462000.0
1824,1775476800000,177664050.0
1825,1775480400000,177911220.0
1826,1775484000000,177752980.0
1827,1775487600000,177699160.0
1828,1775491200000,178021800.0
1829,1775494800000,178158300.0
1830,1775498400000,178338300.0
1831,1775502000000,178566140.0
1832,1775505600000,178298820.0
1833,1775509200000,178784440.0
1834,1775512800000,178190140.0
1835,1775516400000,177257450.0
1836,1775520000000,175225160.0
1837,1775523600000,175317280.0
1838,1775527200000,174966440.0
1839,1775530800000,174597520.0
1840,1775534400000,173240740.0
1841,1775538000000,173403120.0
1842,1775541600000,174746160.0
1843,1775545200000,177900900.0
1844,1775548800000,178743140.0
1845,1775552400000,177279180.0
1846,1775556000000,177805320.0
1847,1775559600000,177033260.0
1848,1775563200000,177244320.0
1849,1775566800000,175101800.0
1850,1775570400000,173881870.0
1851,1775574000000,171233700.0
1852,1775577600000,171397760.0
1853,1775581200000,171088520.0
1854,1775584800000,171385250.0
1855,1775588400000,173206280.0
1856,1775592000000,172703560.0
1857,1775595600000,173049660.0
1858,1775599200000,173686610.0
1859,1775602800000,175619440.0
1860,1775606400000,178243960.0
1861,1775610000000,180735020.0
1862,1775613600000,180798660.0
1863,1775617200000,180754660.0
1864,1775620800000,180012560.0
1865,1775624400000,179299480.0
1866,1775628000000,179113620.0
1867,1775631600000,178692680.0
1868,1775635200000,178611900.0
1869,1775638800000,178317200.0
1870,1775642400000,177797100.0
1871,1775646000000,177945000.0
1872,1775649600000,176574500.0
1873,1775653200000,176588240.0
1874,1775656800000,176027920.0
1875,1775660400000,176053080.0
1876,1775664000000,175769720.0
1877,1775667600000,175650540.0
1878,1775671200000,175491740.0
1879,1775674800000,175592680.0
1880,1775678400000,175919880.0
1881,1775682000000,175647000.0
1882,1775685600000,174934740.0
1883,1775689200000,173225780.0
1884,1775692800000,172501840.0
1885,1775696400000,172947200.0
1886,1775700000000,171409950.0
1887,1775703600000,172009580.0
1888,1775707200000,172585920.0
1889,1775710800000,173011700.0
1890,1775714400000,172795240.0
1891,1775718000000,173129620.0
1892,1775721600000,172705650.0
1893,1775725200000,173008340.0
1894,1775728800000,173323760.0
1895,1775732400000,174417700.0
1896,1775736000000,176505160.0
1897,1775739600000,181202560.0
1898,1775743200000,181440800.0
1899,1775746800000,181074120.0
1900,1775750400000,182006880.0
1901,1775754000000,181021310.0
1902,1775757600000,181236040.0
1903,1775761200000,181251040.0
1904,1775764800000,182483570.0
1905,1775768400000,183249120.0
1906,1775772000000,185601660.0
1907,1775775600000,186628000.0
1908,1775779200000,186529480.0
1909,1775782800000,183918000.0
1910,1775786400000,185595520.0
1911,1775790000000,186661640.0
1912,1775793600000,186660900.0
1913,1775797200000,186147000.0
1914,1775800800000,186447060.0
1915,1775804400000,186334720.0
1916,1775808000000,186504220.0
1917,1775811600000,186032600.0
1918,1775815200000,186859380.0
1919,1775818800000,187306740.0
1920,1775822400000,188490320.0
1921,1775826000000,186371820.0
1922,1775829600000,185565380.0
1923,1775833200000,186167880.0
1924,1775836800000,186788840.0
1925,1775840400000,186566260.0
1926,1775844000000,185802000.0
1927,1775847600000,187762740.0
1928,1775851200000,188581130.0
1929,1775854800000,188654940.0
1930,1775858400000,188475690.0
1931,1775862000000,189065200.0
1932,1775865600000,188947360.0
1933,1775869200000,189984700.0
1934,1775872800000,190454800.0
1935,1775876400000,190411240.0
1936,1775880000000,189964560.0
1937,1775883600000,190441480.0
1938,1775887200000,189413220.0
1939,1775890800000,190269320.0
1940,1775894400000,189959140.0
1941,1775898000000,189310160.0
1942,1775901600000,187383700.0
1943,1775905200000,186885820.0
1944,1775908800000,187389900.0
1945,1775912400000,187404100.0
1946,1775916000000,185397860.0
1947,1775919600000,184937180.0
1948,1775923200000,184623400.0
1949,1775926800000,184650920.0
1950,1775930400000,184642400.0
1951,1775934000000,184133340.0
1952,1775937600000,184168240.0
1953,1775941200000,184338140.0
1954,1775944800000,185614240.0
1955,1775948400000,185926320.0
1956,1775952000000,185940820.0
1957,1775955600000,186019340.0
1958,1775959200000,185407650.0
1959,1775962800000,185017140.0
1960,1775966400000,185089460.0
1961,1775970000000,184921160.0
1962,1775973600000,185113940.0
1963,1775977200000,184784460.0
1964,1775980800000,184457180.0
1965,1775984400000,184109460.0
1966,1775988000000,183437660.0
1967,1775991600000,182348500.0
1968,1775995200000,182026300.0
1969,1775998800000,182311740.0
1970,1776002400000,182197520.0
1971,1776006000000,182311500.0
1972,1776009600000,182088960.0
1973,1776013200000,182192400.0
1974,1776016800000,182276940.0
1975,1776020400000,181543680.0
1976,1776024000000,181610520.0
1977,1776027600000,181566640.0
1978,1776031200000,181169780.0
1979,1776034800000,180726900.0
1980,1776038400000,180629520.0
1981,1776042000000,181727290.0
1982,1776045600000,182150320.0
1983,1776049200000,182519580.0
1984,1776052800000,182597390.0
1985,1776056400000,182569320.0
1986,1776060000000,180874920.0
1987,1776063600000,183766960.0
1988,1776067200000,183726820.0
1989,1776070800000,183973760.0
1990,1776074400000,187502660.0
1991,1776078000000,185971120.0
1992,1776081600000,184833240.0
1993,1776085200000,183222140.0
1994,1776088800000,181842440.0
1995,1776092400000,181640140.0
1996,1776096000000,182244260.0
1997,1776099600000,182528360.0
1998,1776103200000,182888100.0
1999,1776106800000,183120440.0
2000,1776110400000,180973660.0
2001,1776114000000,180338300.0
2002,1776117600000,180490320.0
2003,1776121200000,181697460.0
2004,1776124800000,181594140.0
2005,1776128400000,183214180.0
2006,1776132000000,183117700.0
2007,1776135600000,182958320.0
2008,1776139200000,183042840.0
2009,1776142800000,182197700.0
2010,1776146400000,182215100.0
2011,1776150000000,182545960.0
2012,1776153600000,181104600.0
2013,1776157200000,180174360.0
2014,1776160800000,180755510.0
2015,1776164400000,180561740.0
2016,1776168000000,180593020.0
2017,1776171600000,181586720.0
2018,1776175200000,180370120.0
2019,1776178800000,180069400.0
2020,1776182400000,180576700.0
2021,1776186000000,181286660.0
2022,1776189600000,181143640.0
2023,1776193200000,180546360.0
2024,1776196800000,180081280.0
2025,1776200400000,180287000.0
2026,1776204000000,179992730.0
2027,1776207600000,179696480.0
2028,1776211200000,179688180.0
2029,1776214800000,179543960.0
2030,1776218400000,179439400.0
2031,1776222000000,179475380.0
2032,1776225600000,178730280.0
2033,1776229200000,179070520.0
2034,1776232800000,177862480.0
2035,1776236400000,178058680.0
2036,1776240000000,178214000.0
2037,1776243600000,178161420.0
2038,1776247200000,177996600.0
2039,1776250800000,177397080.0
2040,1776254400000,177080700.0
2041,1776258000000,176998460.0
2042,1776261600000,176991860.0
2043,1776265200000,177180760.0
2044,1776268800000,176198840.0
2045,1776272400000,176481040.0
2046,1776276000000,176534760.0
2047,1776279600000,176892580.0
2048,1776283200000,177260220.0
2049,1776286800000,177518380.0
2050,1776290400000,178672820.0
2051,1776294000000,178700520.0
2052,1776297600000,178739640.0
2053,1776301200000,179134600.0
2054,1776304800000,179109740.0
2055,1776308400000,179593420.0
2056,1776312000000,179585660.0
2057,1776315600000,179612960.0
2058,1776319200000,179439120.0
2059,1776322800000,179920480.0
2060,1776326400000,180119210.0
2061,1776330000000,179789840.0
2062,1776333600000,180132000.0
2063,1776337200000,180753700.0
2064,1776340800000,181279440.0
2065,1776344400000,182071440.0
2066,1776348000000,181892580.0
2067,1776351600000,182647080.0
2068,1776355200000,183227820.0
2069,1776358800000,185122980.0
2070,1776362400000,185097160.0
2071,1776366000000,183790800.0
2072,1776369600000,183913040.0
2073,1776373200000,183437140.0
2074,1776376800000,182854760.0
2075,1776380400000,183059160.0
2076,1776384000000,183021480.0
2077,1776387600000,183477420.0
2078,1776391200000,187353760.0
2079,1776394800000,187609840.0
2080,1776398400000,186878320.0
2081,1776402000000,186637100.0
2082,1776405600000,186620800.0
2083,1776409200000,186800060.0
2084,1776412800000,186641840.0
2085,1776416400000,186686560.0
2086,1776420000000,185990940.0
2087,1776423600000,186069680.0
2088,1776427200000,186720780.0
2089,1776430800000,186895280.0
2090,1776434400000,185900340.0
2091,1776438000000,184984960.0
2092,1776441600000,184472570.0
2093,1776445200000,185195280.0
2094,1776448800000,185558320.0
2095,1776452400000,185805620.0
2096,1776456000000,184222360.0
2097,1776459600000,183927720.0
2098,1776463200000,183729460.0
2099,1776466800000,183778240.0
2100,1776470400000,183767720.0
2101,1776474000000,183538700.0
2102,1776477600000,183808440.0
2103,1776481200000,185528380.0
2104,1776484800000,184193200.0
2105,1776488400000,181654880.0
2106,1776492000000,183148380.0
2107,1776495600000,185407810.0
2108,1776499200000,185395960.0
2109,1776502800000,183407300.0
2110,1776506400000,182365040.0
2111,1776510000000,181388930.0
2112,1776513600000,180219720.0
2113,1776517200000,179930480.0
2114,1776520800000,180071980.0
2115,1776524400000,180177800.0
2116,1776528000000,179836840.0
2117,1776531600000,179583160.0
2118,1776535200000,179113200.0
2119,1776538800000,178615180.0
2120,1776542400000,174439700.0
2121,1776546000000,173994480.0
2122,1776549600000,173400200.0
2123,1776553200000,173442980.0
2124,1776556800000,173523960.0
2125,1776560400000,172999600.0
2126,1776564000000,172789560.0
2127,1776567600000,171832860.0
2128,1776571200000,171388580.0
2129,1776574800000,171597620.0
2130,1776578400000,171625720.0
2131,1776582000000,171092600.0
2132,1776585600000,171262020.0
2133,1776589200000,171343260.0
2134,1776592800000,171296300.0
2135,1776596400000,171289680.0
2136,1776600000000,172215180.0
2137,1776603600000,171367820.0
2138,1776607200000,171135320.0
2139,1776610800000,170027620.0
2140,1776614400000,169868480.0
2141,1776618000000,169638680.0
2142,1776621600000,169710420.0
2143,1776625200000,170001880.0
2144,1776628800000,170151660.0
2145,1776632400000,170763180.0
2146,1776636000000,170568160.0
2147,1776639600000,170107540.0
2148,1776643200000,170854660.0
2149,1776646800000,169875260.0
2150,1776650400000,169576380.0
2151,1776654000000,169222580.0
2152,1776657600000,169099280.0
2153,1776661200000,169032540.0
2154,1776664800000,169770980.0
2155,1776668400000,169566440.0
2156,1776672000000,170859440.0
2157,1776675600000,170688040.0
2158,1776679200000,169922260.0
2159,1776682800000,169718220.0
2160,1776686400000,169343800.0
2161,1776690000000,169484080.0
2162,1776693600000,167689060.0
2163,1776697200000,165820840.0
2164,1776700800000,164661740.0
2165,1776704400000,165653340.0
2166,1776708000000,165611220.0
2167,1776711600000,166768960.0
2168,1776715200000,166817480.0
2169,1776718800000,167433760.0
2170,1776722400000,166320020.0
2171,1776726000000,166082870.0
2172,1776729600000,165470000.0
2173,1776733200000,166998480.0
2174,1776736800000,166125340.0
2175,1776740400000,164422080.0
2176,1776744000000,164238600.0
2177,1776747600000,164008220.0
2178,1776751200000,164173000.0
2179,1776754800000,164015080.0
2180,1776758400000,162990140.0
2181,1776762000000,162432940.0
2182,1776765600000,162611580.0
2183,1776769200000,163082140.0
2184,1776772800000,162648400.0
2185,1776776400000,162907020.0
2186,1776780000000,162379960.0
2187,1776783600000,161433720.0
2188,1776787200000,162406480.0
2189,1776790800000,161739480.0
2190,1776794400000,161523700.0
2191,1776798000000,161619540.0
2192,1776801600000,161043360.0
2193,1776805200000,161405480.0
2194,1776808800000,161145280.0
2195,1776812400000,160638740.0
2196,1776816000000,160910420.0
2197,1776819600000,160945480.0
2198,1776823200000,160965920.0
2199,1776826800000,160776340.0
2200,1776830400000,160356640.0
2201,1776834000000,160220400.0
2202,1776837600000,163164320.0
2203,1776841200000,162842880.0
2204,1776844800000,162147100.0
2205,1776848400000,162072760.0
2206,1776852000000,161839860.0
2207,1776855600000,161189740.0
2208,1776859200000,161092220.0
2209,1776862800000,160639220.0
2210,1776866400000,161860020.0
2211,1776870000000,161635840.0
2212,1776873600000,161141980.0
2213,1776877200000,161178340.0
2214,1776880800000,161415300.0
2215,1776884400000,161474440.0
2216,1776888000000,160632480.0
2217,1776891600000,161302540.0
2218,1776895200000,161167320.0
2219,1776898800000,160934840.0
2220,1776902400000,159433640.0
2221,1776906000000,158239300.0
2222,1776909600000,154956720.0
2223,1776913200000,154988600.0
2224,1776916800000,155595720.0
2225,1776920400000,155163380.0
2226,1776924000000,155038300.0
2227,1776927600000,154295180.0
2228,1776931200000,155029580.0
2229,1776934800000,154892460.0
2230,1776938400000,155247680.0
2231,1776942000000,155503100.0
2232,1776945600000,154893640.0
2233,1776949200000,155091120.0
2234,1776952800000,154752340.0
2235,1776956400000,154915200.0
2236,1776960000000,155152460.0
2237,1776963600000,155332660.0
2238,1776967200000,155586680.0
2239,1776970800000,155614560.0
2240,1776974400000,156840580.0
2241,1776978000000,156350580.0
2242,1776981600000,156696660.0
2243,1776985200000,156832100.0
2244,1776988800000,155625440.0
2245,1776992400000,160466160.0
2246,1776996000000,162956100.0
2247,1776999600000,163072600.0
2248,1777003200000,194516220.0
2249,1777006800000,203104200.0
2250,1777010400000,218516980.0
2251,1777014000000,254925680.0
2252,1777017600000,249179790.0
2253,1777021200000,246290150.0
2254,1777024800000,255331300.0
2255,1777028400000,273598160.0
2256,1777032000000,278527630.0
2257,1777035600000,286251780.0
2258,1777039200000,279314050.0
2259,1777042800000,266650230.0
2260,1777046400000,257765260.0
2261,1777050000000,267037380.0
2262,1777053600000,264044110.0
2263,1777057200000,260283770.0
2264,1777060800000,260226300.0
2265,1777064400000,253221430.0
2266,1777068000000,253443130.0
2267,1777071600000,250172940.0
2268,1777075200000,258051540.0
2269,1777078800000,260481580.0
2270,1777082400000,260398220.0
2271,1777086000000,262034470.0
2272,1777089600000,261685090.0
2273,1777093200000,255445220.0
2274,1777096800000,252940960.0
2275,1777100400000,252249400.0
2276,1777104000000,255726400.0
2277,1777107600000,257257600.0
2278,1777111200000,258618200.0
2279,1777114800000,262288800.0
2280,1777118400000,264515660.0
2281,1777122000000,266366680.0
2282,1777125600000,268440700.0
2283,1777129200000,271447950.0
2284,1777132800000,271255920.0
2285,1777136400000,270001700.0
2286,1777140000000,270341180.0
2287,1777143600000,269871940.0
2288,1777147200000,270484240.0
2289,1777150800000,271150220.0
2290,1777154400000,270797940.0
2291,1777158000000,271426320.0
2292,1777161600000,269863460.0
2293,1777165200000,262942880.0
2294,1777168800000,256761800.0
2295,1777172400000,256686600.0
2296,1777176000000,253058840.0
2297,1777179600000,251661040.0
2298,1777183200000,246113880.0
2299,1777186800000,242490480.0
2300,1777190400000,240742100.0
2301,1777194000000,239334700.0
2302,1777197600000,237063520.0
2303,1777201200000,237260840.0
2304,1777204800000,236201560.0
2305,1777208400000,236637800.0
2306,1777212000000,236483680.0
2307,1777215600000,236662860.0
2308,1777219200000,237339980.0
2309,1777222800000,239298800.0
2310,1777226400000,235711440.0
2311,1777230000000,234475600.0
2312,1777233600000,233312260.0
2313,1777237200000,233746720.0
2314,1777240800000,233260500.0
2315,1777244400000,232589120.0
2316,1777248000000,232044420.0
2317,1777251600000,230964540.0
2318,1777255200000,231393000.0
2319,1777258800000,233027160.0
2320,1777262400000,232940130.0
2321,1777266000000,229382220.0
2322,1777269600000,219864900.0
2323,1777273200000,223814760.0
2324,1777276800000,223955840.0
2325,1777280400000,221376700.0
2326,1777284000000,222765020.0
2327,1777287600000,221857780.0
2328,1777291200000,222589620.0
2329,1777294800000,223316740.0
2330,1777298400000,222689780.0
2331,1777302000000,222115540.0
2332,1777305600000,221269080.0
2333,1777309200000,222951640.0
2334,1777312800000,221968380.0
2335,1777316400000,220337620.0
2336,1777320000000,220050660.0
2337,1777323600000,220135800.0
2338,1777327200000,218180920.0
2339,1777330800000,220122220.0
2340,1777334400000,220280540.0
2341,1777338000000,220649900.0
2342,1777341600000,221321860.0
2343,1777345200000,223639040.0
2344,1777348800000,223709700.0
2345,1777352400000,223669900.0
2346,1777356000000,223793360.0
2347,1777359600000,223245520.0
2348,1777363200000,223578560.0
2349,1777366800000,225938180.0
2350,1777370400000,226212200.0
2351,1777374000000,225532760.0
2352,1777377600000,225802840.0
2353,1777381200000,223764860.0
2354,1777384800000,222573440.0
2355,1777388400000,218915600.0
2356,1777392000000,216976320.0
2357,1777395600000,217360260.0
2358,1777399200000,216809520.0
2359,1777402800000,215785640.0
2360,1777406400000,214858300.0
2361,1777410000000,214596420.0
2362,1777413600000,213565620.0
2363,1777417200000,212581440.0
2364,1777420800000,214040400.0
2365,1777424400000,214328680.0
2366,1777428000000,214859580.0
2367,1777431600000,214732520.0
2368,1777435200000,213820260.0
2369,1777438800000,213266420.0
2370,1777442400000,214976240.0
2371,1777446000000,213848260.0
2372,1777449600000,212411600.0
2373,1777453200000,211283080.0
2374,1777456800000,208862850.0
2375,1777460400000,209444360.0
2376,1777464000000,207623160.0
2377,1777467600000,207414580.0
2378,1777471200000,206326780.0
2379,1777474800000,207559030.0
2380,1777478400000,205436760.0
2381,1777482000000,204970680.0
2382,1777485600000,204404720.0
2383,1777489200000,200985100.0
2384,1777492800000,200460900.0
2385,1777496400000,199528780.0
2386,1777500000000,200349340.0
2387,1777503600000,199387020.0
2388,1777507200000,199032440.0
2389,1777510800000,197878040.0
2390,1777514400000,197620140.0
2391,1777518000000,199394980.0
2392,1777521600000,199364580.0
2393,1777525200000,195793720.0
2394,1777528800000,194930480.0
2395,1777532400000,194752720.0
2396,1777536000000,194007960.0
2397,1777539600000,193310000.0
2398,1777543200000,193223980.0
2399,1777546800000,192911260.0
2400,1777550400000,192281720.0
2401,1777554000000,192289900.0
2402,1777557600000,194420460.0
2403,1777561200000,193520080.0
2404,1777564800000,192759600.0
2405,1777568400000,193112400.0
2406,1777572000000,192794800.0
2407,1777575600000,192728500.0
2408,1777579200000,192753840.0
2409,1777582800000,192585610.0
2410,1777586400000,192202860.0
2411,1777590000000,192158960.0
2412,1777593600000,201879330.0
2413,1777597200000,214053670.0
2414,1777600800000,220945040.0
2415,1777604400000,228742880.0
2416,1777608000000,227584140.0
2417,1777611600000,224593260.0
2418,1777615200000,223391440.0
2419,1777618800000,224257780.0
2420,1777622400000,225070700.0
2421,1777626000000,226488840.0
2422,1777629600000,225875620.0
2423,1777633200000,226080560.0
2424,1777636800000,225745540.0
2425,1777640400000,224450020.0
2426,1777644000000,219229520.0
2427,1777647600000,220279600.0
2428,1777651200000,219878280.0
2429,1777654800000,217715420.0
2430,1777658400000,214780020.0
2431,1777662000000,214081060.0
2432,1777665600000,211712360.0
2433,1777669200000,211914420.0
2434,1777672800000,211267740.0
2435,1777676400000,212216240.0
2436,1777680000000,211400240.0
2437,1777683600000,209832840.0
2438,1777687200000,209520960.0
2439,1777690800000,209653320.0
2440,1777694400000,209083180.0
2441,1777698000000,208108860.0
2442,1777701600000,207812800.0
2443,1777705200000,207420500.0
2444,1777708800000,207448600.0
2445,1777712400000,207702160.0
2446,1777716000000,208925380.0
2447,1777719600000,209031240.0
2448,1777723200000,209183140.0
2449,1777726800000,209102500.0
2450,1777730400000,207106560.0
2451,1777734000000,206714660.0
2452,1777737600000,206559740.0
2453,1777741200000,205524720.0
2454,1777744800000,205975000.0
2455,1777748400000,205229340.0
2456,1777752000000,204991640.0
2457,1777755600000,205037620.0
2458,1777759200000,204370620.0
2459,1777762800000,204095440.0
2460,1777766400000,204066740.0
2461,1777770000000,202485620.0
2462,1777773600000,200984620.0
2463,1777777200000,199615120.0
2464,1777780800000,199676540.0
2465,1777784400000,199829540.0
2466,1777788000000,199799120.0
2467,1777791600000,199782700.0
2468,1777795200000,199671880.0
2469,1777798800000,199608440.0
2470,1777802400000,199424140.0
2471,1777806000000,199361540.0
2472,1777809600000,199164720.0
2473,1777813200000,198941320.0
2474,1777816800000,197998020.0
2475,1777820400000,198075200.0
2476,1777824000000,197986100.0
2477,1777827600000,199059060.0
2478,1777831200000,198650340.0
2479,1777834800000,198649020.0
2480,1777838400000,198833720.0
2481,1777842000000,198891780.0
2482,1777845600000,198854400.0
2483,1777849200000,198525500.0
2484,1777852800000,197627180.0
2485,1777856400000,194414080.0
2486,1777860000000,192743860.0
2487,1777863600000,192186940.0
2488,1777867200000,192212860.0
2489,1777870800000,196744840.0
2490,1777874400000,195365480.0
2491,1777878000000,194062160.0
2492,1777881600000,193922460.0
2493,1777885200000,193470020.0
2494,1777888800000,193032640.0
2495,1777892400000,195312540.0
2496,1777896000000,194742560.0
2497,1777899600000,193984840.0
2498,1777903200000,193647840.0
2499,1777906800000,193741660.0
2500,1777910400000,195201660.0
2501,1777914000000,191787220.0
2502,1777917600000,191760800.0
2503,1777921200000,191804580.0
2504,1777924800000,191754680.0
2505,1777928400000,191791280.0
2506,1777932000000,192210840.0
2507,1777935600000,191668140.0
2508,1777939200000,191405140.0
2509,1777942800000,191133160.0
2510,1777946400000,190491180.0
2511,1777950000000,185117700.0
2512,1777953600000,183236040.0
2513,1777957200000,183117880.0
2514,1777960800000,182686820.0
2515,1777964400000,182479300.0
2516,1777968000000,181868500.0
2517,1777971600000,183115800.0
2518,1777975200000,182756020.0
2519,1777978800000,182213440.0
2520,1777982400000,181105020.0
2521,1777986000000,180598060.0
2522,1777989600000,180587300.0
2523,1777993200000,180531000.0
2524,1777996800000,180644180.0
2525,1778000400000,180197380.0
2526,1778004000000,178891020.0
2527,1778007600000,178144700.0
2528,1778011200000,177732540.0
2529,1778014800000,177388920.0
2530,1778018400000,176711540.0
2531,1778022000000,175174360.0
2532,1778025600000,174906880.0
2533,1778029200000,174780160.0
2534,1778032800000,175245040.0
2535,1778036400000,175041600.0
2536,1778040000000,175096820.0
2537,1778043600000,174961820.0
2538,1778047200000,176092740.0
2539,1778050800000,176198060.0
2540,1778054400000,175850290.0
2541,1778058000000,176546200.0
2542,1778061600000,178064720.0
2543,1778065200000,179354720.0
2544,1778068800000,181318080.0
2545,1778072400000,181397240.0
2546,1778076000000,180268120.0
2547,1778079600000,179935720.0
2548,1778083200000,179589160.0
2549,1778086800000,179154160.0
2550,1778090400000,179706940.0
2551,1778094000000,179197640.0
2552,1778097600000,179340800.0
2553,1778101200000,179066660.0
2554,1778104800000,178889780.0
2555,1778108400000,178854780.0
2556,1778112000000,177008640.0
2557,1778115600000,177229700.0
2558,1778119200000,176416200.0
2559,1778122800000,176387340.0
2560,1778126400000,176562480.0
2561,1778130000000,175688620.0
2562,1778133600000,176221220.0
2563,1778137200000,176443880.0
2564,1778140800000,177665860.0
2565,1778144400000,177657580.0
2566,1778148000000,177712060.0
2567,1778151600000,177081640.0
2568,1778155200000,177734660.0
2569,1778158800000,177821940.0
2570,1778162400000,176853320.0
2571,1778166000000,176120580.0
2572,1778169600000,174911060.0
2573,1778173200000,174800900.0
2574,1778176800000,174714460.0
2575,1778180400000,174718120.0
2576,1778184000000,174712980.0
2577,1778187600000,174095760.0
2578,1778191200000,174143900.0
2579,1778194800000,174499640.0
2580,1778198400000,174502000.0
2581,1778202000000,174482500.0
2582,1778205600000,174432940.0
2583,1778209200000,174027680.0
2584,1778212800000,173470370.0
2585,1778216400000,173076900.0
2586,1778220000000,173811240.0
2587,1778223600000,173728240.0
2588,1778227200000,173626820.0
2589,1778230800000,173583860.0
2590,1778234400000,173772460.0
2591,1778238000000,173949680.0
2592,1778241600000,173920700.0
2593,1778245200000,174181040.0
2594,1778248800000,174476440.0
2595,1778252400000,175518320.0
2596,1778256000000,175304380.0
2597,1778259600000,175407300.0
2598,1778263200000,175222670.0
2599,1778266800000,174434740.0
2600,1778270400000,172766900.0
2601,1778274000000,174746120.0
2602,1778277600000,172172120.0
2603,1778281200000,172447980.0
2604,1778284800000,171878300.0
2605,1778288400000,172678980.0
2606,1778292000000,172627800.0
2607,1778295600000,172411620.0
2608,1778299200000,172593500.0
2609,1778302800000,172252580.0
2610,1778306400000,173501090.0
2611,1778310000000,181809640.0
2612,1778313600000,184323800.0
2613,1778317200000,184867120.0
2614,1778320800000,184639400.0
2615,1778324400000,184486280.0
2616,1778328000000,185008560.0
2617,1778331600000,184516340.0
2618,1778335200000,183105120.0
2619,1778338800000,181943100.0
2620,1778342400000,182592800.0
2621,1778346000000,182520400.0
2622,1778349600000,182644460.0
2623,1778353200000,182517520.0
2624,1778356800000,182335380.0
2625,1778360400000,182103920.0
2626,1778364000000,182129780.0
2627,1778367600000,182151860.0
2628,1778371200000,182109840.0
2629,1778374800000,181818380.0
2630,1778378400000,181500760.0
2631,1778382000000,181450560.0
2632,1778385600000,181408600.0
2633,1778389200000,181947580.0
2634,1778392800000,181988800.0
2635,1778396400000,181406340.0
2636,1778400000000,180655380.0
2637,1778403600000,180727800.0
2638,1778407200000,180572860.0
2639,1778410800000,181154380.0
2640,1778414400000,182259200.0
2641,1778418000000,182251000.0
2642,1778421600000,181926440.0
2643,1778425200000,181862620.0
2644,1778428800000,182287180.0
2645,1778432400000,183402160.0
2646,1778436000000,182921320.0
2647,1778439600000,182777300.0
2648,1778443200000,181504300.0
2649,1778446800000,179837540.0
2650,1778450400000,179696920.0
2651,1778454000000,180172300.0
2652,1778457600000,180645320.0
2653,1778461200000,180335560.0
2654,1778464800000,180559240.0
2655,1778468400000,180525600.0
2656,1778472000000,179161380.0
2657,1778475600000,179227420.0
2658,1778479200000,179392160.0
2659,1778482800000,180265560.0
2660,1778486400000,180269800.0
2661,1778490000000,180311780.0
2662,1778493600000,180439180.0
2663,1778497200000,180676180.0
2664,1778500800000,180715520.0
2665,1778504400000,181107180.0
2666,1778508000000,181066100.0
2667,1778511600000,181277200.0
2668,1778515200000,181068620.0
2669,1778518800000,181044920.0
2670,1778522400000,181171120.0
2671,1778526000000,181105280.0
2672,1778529600000,181129660.0
2673,1778533200000,181165600.0
2674,1778536800000,181184720.0
2675,1778540400000,181638140.0
2676,1778544000000,181818480.0
2677,1778547600000,181788100.0
2678,1778551200000,183734920.0
2679,1778554800000,183565870.0
2680,1778558400000,182680180.0
2681,1778562000000,182680460.0
2682,1778565600000,182484980.0
2683,1778569200000,182561660.0
2684,1778572800000,184395860.0
2685,1778576400000,184452560.0
2686,1778580000000,184389160.0
2687,1778583600000,185649160.0
2688,1778587200000,185864440.0
2689,1778590800000,185567580.0
2690,1778594400000,184970280.0
2691,1778598000000,184878300.0
2692,1778601600000,184977080.0
2693,1778605200000,183681100.0
2694,1778608800000,183612960.0
2695,1778612400000,183918120.0
2696,1778616000000,182792260.0
2697,1778619600000,183412960.0
2698,1778623200000,183011460.0
2699,1778626800000,183050880.0
2700,1778630400000,182779960.0
2701,1778634000000,182190500.0
2702,1778637600000,184654560.0
2703,1778641200000,182170300.0
2704,1778644800000,181402220.0
2705,1778648400000,181346870.0
2706,1778652000000,181685980.0
2707,1778655600000,182079900.0
2708,1778659200000,183445020.0
2709,1778662800000,183541120.0
2710,1778666400000,183551220.0
2711,1778670000000,183213600.0
2712,1778673600000,182970400.0
2713,1778677200000,181716240.0
2714,1778680800000,181449020.0
2715,1778684400000,182356960.0
2716,1778688000000,181535500.0
2717,1778691600000,181675660.0
2718,1778695200000,181530320.0
2719,1778698800000,181966720.0
2720,1778702400000,182000640.0
2721,1778706000000,182091700.0
2722,1778709600000,181806600.0
2723,1778713200000,181829180.0
2724,1778716800000,181763880.0
2725,1778720400000,181768580.0
2726,1778724000000,181837080.0
2727,1778727600000,181409140.0
2728,1778731200000,179561940.0
2729,1778734800000,181603620.0
2730,1778738400000,181606620.0
2731,1778742000000,182446480.0
2732,1778745600000,182785680.0
2733,1778749200000,182901640.0
2734,1778752800000,182609560.0
2735,1778756400000,182550060.0
2736,1778760000000,183619540.0
2737,1778763600000,183750680.0
2738,1778767200000,184412280.0
2739,1778770800000,185298300.0
2740,1778774400000,186528540.0
2741,1778778000000,185731860.0
2742,1778781600000,185131520.0
2743,1778785200000,185177680.0
2744,1778788800000,184985020.0
2745,1778792400000,183710120.0
2746,1778796000000,183492000.0
2747,1778799600000,182450960.0
2748,1778803200000,182355800.0
2749,1778806800000,181729200.0
2750,1778810400000,181727240.0
2751,1778814000000,182926580.0
2752,1778817600000,182982000.0
2753,1778821200000,183471120.0
2754,1778824800000,182736340.0
2755,1778828400000,182491160.0
2756,1778832000000,182671400.0
2757,1778835600000,182572840.0
2758,1778839200000,182564960.0
2759,1778842800000,182652680.0
2760,1778846400000,182858580.0
2761,1778850000000,182351440.0
2762,1778853600000,179824380.0
2763,1778857200000,178592500.0
2764,1778860800000,174645460.0
2765,1778864400000,174634060.0
2766,1778868000000,174577360.0
2767,1778871600000,174295640.0
2768,1778875200000,174242100.0
2769,1778878800000,174680120.0
2770,1778882400000,173523040.0
2771,1778886000000,173562400.0
2772,1778889600000,173293360.0
2773,1778893200000,173002000.0
2774,1778896800000,173172300.0
2775,1778900400000,173094300.0
2776,1778904000000,173034640.0
2777,1778907600000,172941380.0
2778,1778911200000,172857800.0
2779,1778914800000,172351220.0
2780,1778918400000,173256100.0
2781,1778922000000,173243140.0
2782,1778925600000,173346340.0
2783,1778929200000,173591940.0
2784,1778932800000,173450420.0
2785,1778936400000,173375080.0
2786,1778940000000,172904260.0
2787,1778943600000,172875960.0
2788,1778947200000,173143520.0
2789,1778950800000,172911300.0
2790,1778954400000,172875440.0
2791,1778958000000,172806140.0
2792,1778961600000,172877580.0
2793,1778965200000,173004280.0
2794,1778968800000,172772580.0
2795,1778972400000,172774820.0
2796,1778976000000,172840120.0
2797,1778979600000,172906800.0
2798,1778983200000,173313360.0
2799,1778986800000,173072520.0
2800,1778990400000,173017080.0
2801,1778994000000,173131040.0
2802,1778997600000,173247520.0
2803,1779001200000,173245020.0
2804,1779004800000,173263300.0
2805,1779008400000,173185440.0
2806,1779012000000,173129820.0
2807,1779015600000,173071360.0
2808,1779019200000,173009980.0
2809,1779022800000,173001480.0
2810,1779026400000,172947660.0
2811,1779030000000,172857940.0
2812,1779033600000,172931600.0
2813,1779037200000,172635320.0
2814,1779040800000,172552340.0
2815,1779044400000,172473260.0
2816,1779048000000,172275060.0
2817,1779051600000,172265460.0
2818,1779055200000,171909580.0
2819,1779058800000,172503640.0
2820,1779062400000,169699740.0
2821,1779066000000,167911960.0
2822,1779069600000,168674480.0
2823,1779073200000,169365020.0
2824,1779076800000,169348580.0
2825,1779080400000,169282960.0
2826,1779084000000,169727100.0
2827,1779087600000,169549680.0
2828,1779091200000,169908720.0
2829,1779094800000,170058300.0
2830,1779098400000,170034020.0
2831,1779102000000,170304280.0
2832,1779105600000,170270720.0
2833,1779109200000,170425680.0
2834,1779112800000,170493880.0
2835,1779116400000,170507900.0
2836,1779120000000,169577560.0
2837,1779123600000,169116220.0
2838,1779127200000,168931360.0
2839,1779130800000,169413340.0
2840,1779134400000,169167920.0
2841,1779138000000,169297960.0
2842,1779141600000,169164300.0
2843,1779145200000,169218980.0
2844,1779148800000,169199420.0
2845,1779152400000,167149720.0
2846,1779156000000,171465520.0
2847,1779159600000,172222920.0
2848,1779163200000,171852460.0
2849,1779166800000,172555960.0
2850,1779170400000,173309520.0
2851,1779174000000,173392300.0
2852,1779177600000,173636220.0
2853,1779181200000,172902660.0
2854,1779184800000,172835500.0
2855,1779188400000,169880420.0
2856,1779192000000,169955640.0
2857,1779195600000,169369360.0
2858,1779199200000,168709380.0
2859,1779202800000,168589260.0
2860,1779206400000,168160480.0
2861,1779210000000,168351840.0
2862,1779213600000,168668260.0
2863,1779217200000,167727500.0
2864,1779220800000,167866600.0
2865,1779224400000,167738840.0
2866,1779228000000,167666400.0
2867,1779231600000,167460660.0
2868,1779235200000,167519780.0
2869,1779238800000,168521280.0
2870,1779242400000,168988760.0
2871,1779246000000,168987180.0
2872,1779249600000,169197480.0
2873,1779253200000,169154920.0
2874,1779256800000,168630820.0
2875,1779260400000,167440660.0
2876,1779264000000,168376040.0
2877,1779267600000,168871640.0
2878,1779271200000,168758220.0
2879,1779274800000,168896280.0
2880,1779278400000,168705020.0
2881,1779282000000,168770860.0
2882,1779285600000,168528540.0
2883,1779289200000,168079080.0
2884,1779292800000,168664280.0
2885,1779296400000,169154700.0
2886,1779300000000,169870400.0
2887,1779303600000,170588020.0
2888,1779307200000,169638920.0
2889,1779310800000,169387980.0
2890,1779314400000,170534000.0
2891,1779318000000,170538340.0
2892,1779321600000,170527460.0
2893,1779325200000,171415980.0
2894,1779328800000,172064620.0
2895,1779332400000,169953040.0
2896,1779336000000,169788850.0
2897,1779339600000,170049380.0
2898,1779343200000,169483580.0
2899,1779346800000,169719240.0
2900,1779350400000,169781300.0
2901,1779354000000,169708500.0
2902,1779357600000,169657400.0
2903,1779361200000,169107560.0
2904,1779364800000,169105940.0
2905,1779368400000,169075900.0
2906,1779372000000,169462480.0
2907,1779375600000,169608900.0
2908,1779379200000,169814960.0
2909,1779382800000,170115580.0
2910,1779386400000,170567460.0
2911,1779390000000,170633540.0
2912,1779393600000,170710940.0
2913,1779397200000,170560440.0
2914,1779400800000,169905800.0
2915,1779404400000,169848380.0
2916,1779408000000,170300660.0
2917,1779411600000,170835780.0
2918,1779415200000,171186800.0
2919,1779418800000,171289600.0
2920,1779422400000,171582620.0
2921,1779426000000,171896980.0
2922,1779429600000,171561960.0
2923,1779433200000,171536200.0
2924,1779436800000,171808300.0
2925,1779440400000,171899400.0
2926,1779444000000,171989800.0
2927,1779447600000,171936140.0
2928,1779451200000,171593640.0
2929,1779454800000,171808510.0
2930,1779458400000,172633420.0
2931,1779462000000,172395420.0
2932,1779465600000,172748820.0
2933,1779469200000,172673020.0
2934,1779472800000,172900840.0
2935,1779476400000,172754100.0
2936,1779480000000,174678700.0
2937,1779483600000,174405240.0
2938,1779487200000,174392100.0
2939,1779490800000,174266580.0
2940,1779494400000,173906120.0
2941,1779498000000,173571940.0
2942,1779501600000,173626600.0
2943,1779505200000,173475970.0
2944,1779508800000,173377400.0
2945,1779512400000,173296520.0
2946,1779516000000,173154360.0
2947,1779519600000,172656880.0
2948,1779523200000,171235780.0
2949,1779526800000,169681460.0
2950,1779530400000,169583000.0
2951,1779534000000,169521420.0
2952,1779537600000,169195160.0
2953,1779541200000,169826600.0
2954,1779544800000,169200080.0
2955,1779548400000,169091180.0
2956,1779552000000,168707100.0
2957,1779555600000,168460680.0
2958,1779559200000,168515500.0
2959,1779562800000,168396280.0
2960,1779566400000,168282520.0
2961,1779570000000,169840060.0
2962,1779573600000,169599120.0
2963,1779577200000,168858520.0
2964,1779580800000,168870660.0
2965,1779584400000,168508960.0
2966,1779588000000,168529520.0
2967,1779591600000,168254080.0
2968,1779595200000,166383750.0
2969,1779598800000,165993220.0
2970,1779602400000,165757200.0
2971,1779606000000,165647500.0
2972,1779609600000,165385520.0
2973,1779613200000,165663740.0
2974,1779616800000,165588760.0
2975,1779620400000,165464580.0
2976,1779624000000,165330640.0
2977,1779627600000,164919960.0
2978,1779631200000,165205040.0
2979,1779634800000,164937340.0
2980,1779638400000,164907640.0
2981,1779642000000,164631820.0
2982,1779645600000,164791400.0
2983,1779649200000,164552740.0
2984,1779652800000,164335440.0
2985,1779656400000,164618620.0
2986,1779660000000,164001040.0
2987,1779663600000,163957540.0
2988,1779667200000,163881080.0
2989,1779670800000,163183860.0
2990,1779674400000,163000780.0
2991,1779678000000,162684840.0
2992,1779681600000,162394640.0
2993,1779685200000,162594520.0
2994,1779688800000,162509000.0
2995,1779692400000,162417740.0
2996,1779696000000,162386880.0
2997,1779699600000,162323100.0
2998,1779703200000,162475860.0
2999,1779706800000,162479420.0
3000,1779710400000,162395180.0
3001,1779714000000,162481340.0
3002,1779717600000,162508560.0
3003,1779721200000,162335860.0
3004,1779724800000,163004620.0
3005,1779728400000,163252780.0
3006,1779732000000,161680020.0
3007,1779735600000,161634380.0
3008,1779739200000,161976000.0
3009,1779742800000,162051460.0
3010,1779746400000,162238480.0
3011,1779750000000,162658400.0
3012,1779753600000,162843780.0
3013,1779757200000,159941020.0
3014,1779760800000,159072940.0
3015,1779764400000,158878940.0
3016,1779768000000,159085680.0
3017,1779771600000,160181220.0
3018,1779775200000,160353360.0
3019,1779778800000,160787240.0
3020,1779782400000,160839320.0
3021,1779786000000,160298380.0
3022,1779789600000,160167400.0
3023,1779793200000,160206980.0
3024,1779796800000,160357560.0
3025,1779800400000,160269400.0
3026,1779804000000,160535660.0
3027,1779807600000,161387860.0
3028,1779811200000,161370220.0
3029,1779814800000,161754920.0
3030,1779818400000,162259660.0
3031,1779822000000,162511740.0
3032,1779825600000,162589220.0
3033,1779829200000,162365080.0
3034,1779832800000,161944480.0
3035,1779836400000,161883900.0
3036,1779840000000,162102180.0
3037,1779843600000,161926400.0
3038,1779847200000,162049440.0
3039,1779850800000,162377130.0
3040,1779854400000,162267580.0
3041,1779858000000,161983240.0
3042,1779861600000,162081380.0
3043,1779865200000,162080640.0
3044,1779868800000,161980840.0
3045,1779872400000,163394440.0
3046,1779876000000,163103020.0
3047,1779879600000,163559660.0
3048,1779883200000,162688860.0
3049,1779886800000,163004060.0
3050,1779890400000,162161140.0
3051,1779894000000,161884880.0
3052,1779897600000,161129740.0
3053,1779901200000,160681240.0
3054,1779904800000,160728200.0
3055,1779908400000,160809460.0
3056,1779912000000,160623400.0
3057,1779915600000,160576980.0
3058,1779919200000,159735140.0
3059,1779922800000,159747480.0
3060,1779926400000,160691700.0
3061,1779930000000,160889440.0
3062,1779933600000,160310620.0
3063,1779937200000,160500000.0
3064,1779940800000,159452480.0
3065,1779944400000,159188460.0
3066,1779948000000,159001640.0
3067,1779951600000,159008720.0
3068,1779955200000,159390360.0
3069,1779958800000,158454160.0
3070,1779962400000,158435700.0
3071,1779966000000,157904080.0
3072,1779969600000,157768620.0
3073,1779973200000,157776480.0
3074,1779976800000,158160960.0
3075,1779980400000,158618700.0
3076,1779984000000,158088500.0
3077,1779987600000,158065260.0
3078,1779991200000,158334260.0
3079,1779994800000,157824960.0
3080,1779998400000,157925340.0
3081,1780002000000,158222820.0
3082,1780005600000,158310240.0
3083,1780009200000,158207140.0
3084,1780012800000,158225380.0
3085,1780016400000,158016420.0
3086,1780020000000,157400760.0
3087,1780023600000,157557520.0
3088,1780027200000,157114800.0
3089,1780030800000,157025980.0
3090,1780034400000,157076480.0
3091,1780038000000,156896660.0
3092,1780041600000,156787420.0
3093,1780045200000,156816840.0
3094,1780048800000,156850620.0
3095,1780052400000,156754540.0
3096,1780056000000,156618120.0
3097,1780059600000,156957860.0
3098,1780063200000,157088840.0
3099,1780066800000,157357360.0
3100,1780070400000,156819440.0
3101,1780074000000,156594920.0
3102,1780077600000,156694340.0
3103,1780081200000,156976840.0
3104,1780084800000,156180120.0
3105,1780088400000,156000260.0
3106,1780092000000,155783980.0
3107,1780095600000,155774960.0
3108,1780099200000,155938320.0
3109,1780102800000,156000740.0
3110,1780106400000,156992660.0
3111,1780110000000,157221960.0
3112,1780113600000,157197180.0
3113,1780117200000,157260500.0
3114,1780120800000,157633100.0
3115,1780124400000,157685500.0
3116,1780128000000,157765740.0
3117,1780131600000,157776000.0
3118,1780135200000,157806640.0
3119,1780138800000,157837220.0
3120,1780142400000,158202480.0
3121,1780146000000,158296760.0
3122,1780149600000,158302660.0
3123,1780153200000,158297960.0
3124,1780156800000,158407080.0
3125,1780160400000,157930340.0
3126,1780164000000,157769920.0
3127,1780167600000,157831160.0
3128,1780171200000,157826820.0
3129,1780174800000,157856780.0
3130,1780178400000,157851640.0
3131,1780182000000,157969500.0
3132,1780185600000,157846460.0
3133,1780189200000,157889360.0
3134,1780192800000,158019160.0
3135,1780196400000,158115180.0
3136,1780200000000,158308740.0
3137,1780203600000,158321780.0
3138,1780207200000,158266200.0
3139,1780210800000,158300280.0
3140,1780214400000,158456340.0
3141,1780218000000,159180620.0
3142,1780221600000,159356720.0
3143,1780225200000,159656520.0
3144,1780228800000,160000100.0
3145,1780232400000,160036320.0
3146,1780236000000,160138060.0
3147,1780239600000,159841260.0
3148,1780243200000,159794020.0
3149,1780246800000,160656420.0
3150,1780250400000,161088580.0
3151,1780254000000,161142300.0
3152,1780257600000,161274220.0
3153,1780261200000,161198500.0
3154,1780264800000,160854460.0
3155,1780268400000,160679080.0
3156,1780272000000,160713760.0
3157,1780275600000,160852900.0
3158,1780279200000,160411040.0
3159,1780282800000,159500640.0
3160,1780286400000,160023480.0
3161,1780290000000,159839880.0
3162,1780293600000,159801740.0
3163,1780297200000,159665300.0
3164,1780300800000,159479260.0
3165,1780304400000,159537540.0
3166,1780308000000,159536180.0
3167,1780311600000,159249940.0
3168,1780315200000,159249860.0
3169,1780318800000,159632160.0
3170,1780322400000,159945780.0
3171,1780326000000,159970380.0
3172,1780329600000,160903220.0
3173,1780333200000,161276400.0
3174,1780336800000,161465720.0
3175,1780340400000,161798180.0
3176,1780344000000,161882720.0
3177,1780347600000,161820640.0
3178,1780351200000,161522460.0
3179,1780354800000,161712340.0
3180,1780358400000,161656860.0
3181,1780362000000,161715480.0
3182,1780365600000,161782090.0
3183,1780369200000,162130540.0
3184,1780372800000,162254120.0
3185,1780376400000,162065560.0
3186,1780380000000,162118760.0
3187,1780383600000,162296840.0
3188,1780387200000,167132760.0
3189,1780390800000,175349920.0
3190,1780394400000,175240300.0
3191,1780398000000,175826620.0
3192,1780401600000,175723580.0
3193,1780405200000,175702740.0
3194,1780408800000,175834300.0
3195,1780412400000,176579900.0
3196,1780416000000,175771200.0
3197,1780419600000,175781040.0
3198,1780423200000,176141600.0
3199,1780426800000,175711100.0
3200,1780430400000,174353600.0
3201,1780434000000,173487960.0
3202,1780437600000,173530560.0
3203,1780441200000,173452200.0
3204,1780444800000,173604630.0
3205,1780448400000,173713560.0
3206,1780452000000,173586700.0
3207,1780455600000,173556780.0
3208,1780459200000,173501800.0
3209,1780462800000,173198440.0
3210,1780466400000,173466560.0
3211,1780470000000,173613660.0
3212,1780473600000,173291340.0
3213,1780477200000,173160660.0
3214,1780480800000,173349540.0
3215,1780484400000,173364760.0
3216,1780488000000,173675380.0
3217,1780491600000,173788940.0
3218,1780495200000,174186400.0
3219,1780498800000,174657240.0
3220,1780502400000,175630500.0
3221,1780506000000,175140700.0
3222,1780509600000,174964820.0
3223,1780513200000,175247620.0
3224,1780516800000,174975700.0
3225,1780520400000,174182740.0
3226,1780524000000,174134040.0
3227,1780527600000,174193580.0
3228,1780531200000,173757900.0
3229,1780534800000,184790840.0
3230,1780538400000,183824800.0
3231,1780542000000,182239240.0
3232,1780545600000,183427440.0
3233,1780549200000,182802020.0
3234,1780552800000,181725800.0
3235,1780556400000,182596520.0
3236,1780560000000,182664320.0
3237,1780563600000,182952760.0
3238,1780567200000,181532840.0
3239,1780570800000,180577360.0
3240,1780574400000,181246980.0
3241,1780578000000,182206360.0
3242,1780581600000,181720420.0
3243,1780585200000,181981660.0
3244,1780588800000,182496760.0
3245,1780592400000,182242540.0
3246,1780596000000,182156940.0
3247,1780599600000,181986840.0
3248,1780603200000,181813290.0
3249,1780606800000,181874420.0
3250,1780610400000,181565560.0
3251,1780614000000,181787990.0
3252,1780617600000,182193640.0
3253,1780621200000,181530300.0
3254,1780624800000,181792280.0
3255,1780628400000,181149000.0
3256,1780632000000,181543240.0
3257,1780635600000,181670710.0
3258,1780639200000,180358340.0
3259,1780642800000,179815090.0
3260,1780646400000,179455020.0
3261,1780650000000,181539710.0
3262,1780653600000,183415600.0
3263,1780657200000,183266660.0
3264,1780660800000,183905340.0
3265,1780664400000,186010980.0
3266,1780668000000,186656200.0
3267,1780671600000,186456040.0
3268,1780675200000,184029600.0
3269,1780678800000,184503540.0
3270,1780682400000,184063140.0
3271,1780686000000,180314020.0
3272,1780689600000,179592140.0
3273,1780693200000,180236240.0
3274,1780696800000,179771240.0
3275,1780700400000,179833340.0
3276,1780704000000,180672890.0
3277,1780707600000,181699380.0
3278,1780711200000,180884220.0
3279,1780714800000,180448980.0
3280,1780718400000,179298700.0
3281,1780722000000,176567640.0
3282,1780725600000,175048400.0
3283,1780729200000,174465580.0
3284,1780732800000,175217720.0
3285,1780736400000,175396620.0
3286,1780740000000,175079960.0
3287,1780743600000,175326100.0
3288,1780747200000,176303320.0
3289,1780750800000,177353680.0
3290,1780754400000,178192060.0
3291,1780758000000,178949000.0
3292,1780761600000,177468380.0
3293,1780765200000,177720160.0
3294,1780768800000,177539700.0
3295,1780772400000,178107300.0
3296,1780776000000,179168020.0
3297,1780779600000,178836820.0
3298,1780783200000,179201680.0
3299,1780786800000,179593820.0
3300,1780790400000,179913180.0
3301,1780794000000,180571200.0
3302,1780797600000,182033260.0
3303,1780801200000,182204520.0
3304,1780804800000,181152720.0
3305,1780808400000,180836200.0
3306,1780812000000,180789080.0
3307,1780815600000,180561420.0
3308,1780819200000,181516580.0
3309,1780822800000,182038840.0
3310,1780826400000,181129140.0
3311,1780830000000,181367060.0
3312,1780833600000,181772240.0
3313,1780837200000,180961820.0
3314,1780840800000,181261580.0
3315,1780844400000,181730100.0
3316,1780848000000,183043440.0
3317,1780851600000,183340880.0
3318,1780855200000,183101700.0
3319,1780858800000,183919840.0
3320,1780862400000,183853680.0
3321,1780866000000,182916540.0
3322,1780869600000,182232180.0
3323,1780873200000,184098260.0
3324,1780876800000,184627720.0
3325,1780880400000,184853480.0
3326,1780884000000,185774940.0
3327,1780887600000,186706740.0
3328,1780891200000,185914180.0
3329,1780894800000,185779640.0
3330,1780898400000,185097580.0
3331,1780902000000,187026800.0
3332,1780905600000,188078670.0
3333,1780909200000,188632060.0
3334,1780912800000,192291180.0
3335,1780916400000,191834480.0
3336,1780920000000,200709350.0
3337,1780923600000,199893600.0
3338,1780927200000,199898820.0
3339,1780930800000,198944520.0
3340,1780934400000,199550580.0
3341,1780938000000,199060940.0
3342,1780941600000,197993900.0
3343,1780945200000,198421140.0
3344,1780948800000,196070300.0
3345,1780952400000,196385280.0
3346,1780956000000,198002540.0
3347,1780959600000,199172200.0
3348,1780963200000,200490860.0
3349,1780966800000,201611700.0
3350,1780970400000,203443640.0
3351,1780974000000,203913660.0
3352,1780977600000,205981540.0
3353,1780981200000,203019520.0
3354,1780984800000,203440150.0
3355,1780988400000,208467780.0
3356,1780992000000,210681660.0
3357,1780995600000,212405370.0
3358,1780999200000,211282840.0
3359,1781002800000,213763380.0
3360,1781006400000,215587920.0
3361,1781010000000,218974320.0
3362,1781013600000,219961980.0
3363,1781017200000,220685980.0
3364,1781020800000,221921080.0
3365,1781024400000,224013080.0
3366,1781028000000,228655300.0
3367,1781031600000,225910620.0
3368,1781035200000,226445200.0
3369,1781038800000,226549840.0
3370,1781042400000,224999280.0
3371,1781046000000,225431380.0
3372,1781049600000,227627160.0
3373,1781053200000,226557640.0
3374,1781056800000,226331820.0
3375,1781060400000,236369100.0
3376,1781064000000,248102470.0
3377,1781067600000,242103160.0
3378,1781071200000,237020560.0
3379,1781074800000,234252620.0
3380,1781078400000,235821940.0
3381,1781082000000,234753380.0
3382,1781085600000,235652560.0
3383,1781089200000,234674900.0
3384,1781092800000,233474260.0
3385,1781096400000,231455760.0
3386,1781100000000,231334800.0
3387,1781103600000,229204640.0
3388,1781107200000,228088580.0
3389,1781110800000,223557400.0
3390,1781114400000,224007180.0
3391,1781118000000,224104720.0
3392,1781121600000,225128640.0
3393,1781125200000,223898100.0
3394,1781128800000,211432500.0
3395,1781132400000,209767540.0
3396,1781136000000,209848030.0
3397,1781139600000,205807480.0
3398,1781143200000,206800220.0
3399,1781146800000,206548620.0
3400,1781150400000,206405520.0
3401,1781154000000,204155440.0
3402,1781157600000,202434780.0
3403,1781161200000,201835060.0
3404,1781164800000,203658400.0
3405,1781168400000,202093380.0
3406,1781172000000,200860460.0
3407,1781175600000,201824120.0
3408,1781179200000,209931640.0
3409,1781182800000,208761460.0
3410,1781186400000,206009440.0
3411,1781190000000,206234520.0
3412,1781193600000,206153840.0
3413,1781197200000,204951200.0
3414,1781200800000,209291460.0
3415,1781204400000,208774000.0
3416,1781208000000,211851720.0
3417,1781211600000,211443320.0
3418,1781215200000,211590960.0
3419,1781218800000,207882700.0
3420,1781222400000,207372740.0
3421,1781226000000,211107000.0
3422,1781229600000,208411820.0
3423,1781233200000,208247340.0
3424,1781236800000,208057840.0
3425,1781240400000,206016360.0
3426,1781244000000,203060100.0
3427,1781247600000,202544580.0
3428,1781251200000,208804060.0
3429,1781254800000,209071980.0
3430,1781258400000,211816240.0
3431,1781262000000,211520420.0
3432,1781265600000,211382720.0
3433,1781269200000,207464900.0
3434,1781272800000,207860360.0
3435,1781276400000,210802540.0
3436,1781280000000,210650850.0
3437,1781283600000,209338020.0
3438,1781287200000,209354660.0
3439,1781290800000,206478640.0
3440,1781294400000,207669240.0
3441,1781298000000,208233220.0
3442,1781301600000,208858790.0
3443,1781305200000,209550440.0
3444,1781308800000,208982180.0
3445,1781312400000,209393500.0
3446,1781316000000,210074610.0
3447,1781319600000,208072720.0
3448,1781323200000,209494500.0
3449,1781326800000,208886480.0
3450,1781330400000,209305020.0
3451,1781334000000,209868820.0
3452,1781337600000,213628940.0
3453,1781341200000,213984940.0
3454,1781344800000,214716200.0
3455,1781348400000,214436780.0
3456,1781352000000,215441120.0
3457,1781355600000,215481420.0
3458,1781359200000,215718480.0
3459,1781362800000,215750280.0
3460,1781366400000,221062860.0
3461,1781370000000,220765000.0
3462,1781373600000,221622770.0
3463,1781377200000,221379500.0
3464,1781380800000,221745100.0
3465,1781384400000,220775460.0
3466,1781388000000,219798760.0
3467,1781391600000,219572360.0
3468,1781395200000,218737800.0
3469,1781398800000,219432980.0
3470,1781402400000,220436820.0
3471,1781406000000,220801180.0
3472,1781409600000,222855910.0
3473,1781413200000,223214180.0
3474,1781416800000,223483220.0
3475,1781420400000,221181800.0
3476,1781424000000,220432220.0
3477,1781427600000,223650660.0
3478,1781431200000,222018730.0
3479,1781434800000,227522240.0
3480,1781438400000,209366200.0
3481,1781442000000,211300320.0
3482,1781445600000,211778480.0
3483,1781449200000,213002040.0
3484,1781452800000,211451800.0
3485,1781456400000,210774620.0
3486,1781460000000,209976900.0
3487,1781463600000,218308760.0
3488,1781467200000,216887160.0
3489,1781470800000,217961060.0
3490,1781474400000,220099180.0
3491,1781478000000,221313660.0
3492,1781481600000,223091020.0
3493,1781485200000,228812720.0
3494,1781488800000,226988300.0
3495,1781492400000,226194560.0
3496,1781496000000,230409700.0
3497,1781499600000,230650480.0
3498,1781503200000,233613620.0
3499,1781506800000,236563800.0
3500,1781510400000,236139960.0
3501,1781514000000,235296520.0
3502,1781517600000,234604980.0
3503,1781521200000,236041020.0
3504,1781524800000,237814200.0
3505,1781528400000,234490240.0
3506,1781532000000,231451680.0
3507,1781535600000,231130240.0
3508,1781539200000,231610660.0
3509,1781542800000,236876020.0
3510,1781546400000,236750060.0
3511,1781550000000,236599860.0
3512,1781553600000,234887460.0
3513,1781557200000,233178680.0
3514,1781560800000,229417220.0
3515,1781564400000,229261780.0
3516,1781568000000,225545700.0
3517,1781571600000,223479620.0
3518,1781575200000,222241100.0
3519,1781578800000,218365660.0
3520,1781582400000,218533160.0
3521,1781586000000,218173460.0
3522,1781589600000,219805180.0
3523,1781593200000,218947700.0
3524,1781596800000,217244670.0
3525,1781600400000,216669400.0
3526,1781604000000,216568180.0
3527,1781607600000,222519340.0
3528,1781611200000,218793200.0
3529,1781614800000,217144860.0
3530,1781618400000,217378120.0
3531,1781622000000,214877940.0
3532,1781625600000,214250480.0
3533,1781629200000,212143600.0
3534,1781632800000,216281760.0
3535,1781636400000,215788620.0
3536,1781640000000,216202840.0
3537,1781643600000,215065960.0
3538,1781647200000,213933380.0
3539,1781650800000,213756240.0
3540,1781654400000,213835220.0
3541,1781658000000,214896200.0
3542,1781661600000,215722220.0
3543,1781665200000,215886600.0
3544,1781668800000,216415840.0
3545,1781672400000,215939940.0
3546,1781676000000,215481460.0
3547,1781679600000,215702320.0
3548,1781683200000,215186080.0
3549,1781686800000,215707740.0
3550,1781690400000,215631440.0
3551,1781694000000,215807740.0
3552,1781697600000,217021640.0
3553,1781701200000,217071100.0
3554,1781704800000,216262000.0
3555,1781708400000,216352150.0
3556,1781712000000,217206060.0
3557,1781715600000,217039420.0
3558,1781719200000,217435420.0
3559,1781722800000,215932580.0
3560,1781726400000,215350660.0
3561,1781730000000,215856320.0
3562,1781733600000,215177780.0
3563,1781737200000,215921880.0
3564,1781740800000,216487780.0
3565,1781744400000,217805000.0
3566,1781748000000,217853120.0
3567,1781751600000,217628740.0
3568,1781755200000,216571840.0
3569,1781758800000,215059560.0
3570,1781762400000,214934900.0
3571,1781766000000,215069360.0
3572,1781769600000,215246320.0
3573,1781773200000,215168100.0
3574,1781776800000,215353700.0
3575,1781780400000,215197000.0
3576,1781784000000,215039420.0
3577,1781787600000,215251080.0
3578,1781791200000,214815900.0
3579,1781794800000,214365240.0
3580,1781798400000,212691520.0
3581,1781802000000,212144640.0
3582,1781805600000,212691720.0
3583,1781809200000,211970900.0
3584,1781812800000,211904980.0
3585,1781816400000,212751340.0
3586,1781820000000,212960470.0
3587,1781823600000,212432560.0
3588,1781827200000,213187460.0
3589,1781830800000,214301580.0
3590,1781834400000,213067700.0
3591,1781838000000,213585340.0
3592,1781841600000,210588000.0
3593,1781845200000,211066900.0
3594,1781848800000,210933980.0
3595,1781852400000,210901820.0
3596,1781856000000,210808220.0
3597,1781859600000,210461220.0
3598,1781863200000,210350580.0
3599,1781866800000,212175940.0
3600,1781870400000,212258600.0
3601,1781874000000,212025940.0
3602,1781877600000,212160160.0
3603,1781881200000,211732280.0
3604,1781884800000,211382540.0
3605,1781888400000,210745040.0
3606,1781892000000,210646660.0
3607,1781895600000,210862120.0
3608,1781899200000,210794960.0
3609,1781902800000,210923860.0
3610,1781906400000,210089680.0
3611,1781910000000,209465680.0
3612,1781913600000,208706600.0
3613,1781917200000,208999540.0
3614,1781920800000,209305100.0
3615,1781924400000,209982000.0
3616,1781928000000,209950240.0
3617,1781931600000,209916940.0
3618,1781935200000,209923620.0
3619,1781938800000,209719620.0
3620,1781942400000,209419820.0
3621,1781946000000,209830980.0
3622,1781949600000,211093740.0
3623,1781953200000,211494640.0
3624,1781956800000,211370640.0
3625,1781960400000,211708520.0
3626,1781964000000,211886500.0
3627,1781967600000,211495480.0
3628,1781971200000,211590320.0
3629,1781974800000,212136100.0
3630,1781978400000,212477020.0
3631,1781982000000,213001060.0
3632,1781985600000,213545080.0
3633,1781989200000,214331300.0
3634,1781992800000,214526600.0
3635,1781996400000,214669540.0
3636,1782000000000,215330840.0
3637,1782003600000,214993680.0
3638,1782007200000,214933660.0
3639,1782010800000,213421780.0
3640,1782014400000,214038620.0
3641,1782018000000,214544920.0
3642,1782021600000,214455880.0
3643,1782025200000,214480660.0
3644,1782028800000,215196360.0
3645,1782032400000,215170820.0
3646,1782036000000,214777320.0
3647,1782039600000,216495480.0
3648,1782043200000,215117440.0
3649,1782046800000,214789360.0
3650,1782050400000,214954740.0
3651,1782054000000,214775400.0
3652,1782057600000,213881000.0
3653,1782061200000,212848940.0
3654,1782064800000,213569800.0
3655,1782068400000,213600240.0
3656,1782072000000,213578260.0
3657,1782075600000,213486280.0
3658,1782079200000,211290980.0
3659,1782082800000,210924740.0
3660,1782086400000,211223720.0
3661,1782090000000,210313080.0
3662,1782093600000,209746800.0
3663,1782097200000,209411260.0
3664,1782100800000,208291720.0
3665,1782104400000,207805260.0
3666,1782108000000,207084000.0
3667,1782111600000,207250580.0
3668,1782115200000,207207360.0
3669,1782118800000,206760960.0
3670,1782122400000,206546440.0
3671,1782126000000,206358820.0
3672,1782129600000,206398940.0
3673,1782133200000,206213530.0
3674,1782136800000,207333260.0
3675,1782140400000,208151920.0
3676,1782144000000,208043400.0
3677,1782147600000,208308780.0
3678,1782151200000,208267040.0
3679,1782154800000,208735240.0
3680,1782158400000,208034340.0
3681,1782162000000,207770400.0
3682,1782165600000,207437520.0
3683,1782169200000,205829580.0
3684,1782172800000,205870660.0
3685,1782176400000,205966680.0
3686,1782180000000,206013120.0
3687,1782183600000,205641760.0
3688,1782187200000,205837540.0
3689,1782190800000,206922400.0
3690,1782194400000,206938300.0
3691,1782198000000,203575940.0
3692,1782201600000,207388560.0
3693,1782205200000,209122920.0
3694,1782208800000,209812240.0
3695,1782212400000,210062940.0
3696,1782216000000,211004140.0
3697,1782219600000,211177360.0
3698,1782223200000,212072980.0
3699,1782226800000,212929400.0
3700,1782230400000,212106700.0
3701,1782234000000,209606800.0
3702,1782237600000,209536940.0
3703,1782241200000,208590980.0
3704,1782244800000,207354080.0
3705,1782248400000,207398500.0
3706,1782252000000,207200020.0
3707,1782255600000,207087100.0
3708,1782259200000,207254500.0
3709,1782262800000,207122780.0
3710,1782266400000,206561600.0
3711,1782270000000,206467340.0
3712,1782273600000,215078860.0
3713,1782277200000,213960660.0
3714,1782280800000,214425560.0
3715,1782284400000,214128840.0
3716,1782288000000,214014780.0
3717,1782291600000,214023820.0
3718,1782295200000,213938460.0
3719,1782298800000,213564780.0
3720,1782302400000,213669200.0
3721,1782306000000,213892800.0
3722,1782309600000,213993120.0
3723,1782313200000,214614390.0
3724,1782316800000,213720060.0
3725,1782320400000,213284140.0
3726,1782324000000,218125420.0
3727,1782327600000,218207520.0
3728,1782331200000,215661020.0
3729,1782334800000,218256780.0
3730,1782338400000,217454040.0
3731,1782342000000,216991340.0
3732,1782345600000,217194920.0
3733,1782349200000,217309800.0
3734,1782352800000,217498720.0
3735,1782356400000,217214340.0
3736,1782360000000,217456780.0
3737,1782363600000,217713600.0
3738,1782367200000,217393500.0
3739,1782370800000,217390900.0
3740,1782374400000,217161840.0
3741,1782378000000,216596600.0
3742,1782381600000,217382260.0
3743,1782385200000,223374800.0
3744,1782388800000,224635600.0
3745,1782392400000,225594180.0
3746,1782396000000,222208980.0
3747,1782399600000,223087780.0
3748,1782403200000,222253220.0
3749,1782406800000,222074860.0
3750,1782410400000,221556500.0
3751,1782414000000,221397400.0
3752,1782417600000,221255060.0
3753,1782421200000,221181780.0
3754,1782424800000,220802240.0
3755,1782428400000,221348020.0
3756,1782432000000,221041620.0
3757,1782435600000,219695180.0
3758,1782439200000,218176160.0
3759,1782442800000,215160860.0
3760,1782446400000,215858200.0
3761,1782450000000,215814800.0
3762,1782453600000,215860640.0
3763,1782457200000,214477720.0
3764,1782460800000,216597200.0
3765,1782464400000,217744920.0
3766,1782468000000,217574400.0
3767,1782471600000,218050900.0
3768,1782475200000,218731540.0
3769,1782478800000,215774640.0
3770,1782482400000,217269660.0
3771,1782486000000,218052230.0
3772,1782489600000,216923280.0
3773,1782493200000,222496000.0
3774,1782496800000,223424240.0
3775,1782500400000,226393140.0
3776,1782504000000,223949200.0
3777,1782507600000,223091320.0
3778,1782511200000,226004120.0
3779,1782514800000,225018160.0
3780,1782518400000,226553020.0
3781,1782522000000,226175820.0
3782,1782525600000,224787040.0
3783,1782529200000,226495900.0
3784,1782532800000,227332900.0
3785,1782536400000,228704500.0
3786,1782540000000,228481020.0
3787,1782543600000,230268920.0
3788,1782547200000,227784160.0
3789,1782550800000,229269120.0
3790,1782554400000,227607560.0
3791,1782558000000,227893760.0
3792,1782561600000,226971200.0
3793,1782565200000,228572660.0
3794,1782568800000,226086240.0
3795,1782572400000,226826180.0
3796,1782576000000,229229680.0
3797,1782579600000,229403650.0
3798,1782583200000,228429160.0
3799,1782586800000,231461600.0
3800,1782590400000,230746460.0
3801,1782594000000,230897540.0
3802,1782597600000,230265500.0
3803,1782601200000,230413640.0
3804,1782604800000,230136740.0
3805,1782608400000,229743060.0
3806,1782612000000,229409040.0
3807,1782615600000,227765580.0
3808,1782619200000,225762760.0
3809,1782622800000,224555580.0
3810,1782626400000,224236500.0
3811,1782630000000,224007840.0
3812,1782633600000,223234800.0
3813,1782637200000,224083500.0
3814,1782640800000,222364860.0
3815,1782644400000,221005460.0
3816,1782648000000,223072860.0
3817,1782651600000,224258640.0
3818,1782655200000,217850080.0
3819,1782658800000,217023020.0
3820,1782662400000,216736220.0
3821,1782666000000,217283260.0
3822,1782669600000,213986540.0
3823,1782673200000,216112800.0
3824,1782676800000,213678440.0
3825,1782680400000,213598840.0
3826,1782684000000,214325180.0
3827,1782687600000,214068680.0
3828,1782691200000,213863520.0
3829,1782694800000,213341640.0
3830,1782698400000,212887540.0
3831,1782702000000,214476860.0
3832,1782705600000,214705820.0
3833,1782709200000,214780740.0
3834,1782712800000,214871680.0
3835,1782716400000,214762960.0
3836,1782720000000,214294440.0
3837,1782723600000,215102090.0
3838,1782727200000,216222500.0
3839,1782730800000,216506000.0
3840,1782734400000,217213220.0
3841,1782738000000,218332040.0
3842,1782741600000,217992160.0
3843,1782745200000,217539380.0
3844,1782748800000,217201580.0
3845,1782752400000,217249740.0
3846,1782756000000,217157500.0
3847,1782759600000,217406720.0
3848,1782763200000,217434600.0
3849,1782766800000,219134220.0
3850,1782770400000,218453960.0
3851,1782774000000,218492540.0
3852,1782777600000,218346140.0
3853,1782781200000,218287340.0
3854,1782784800000,216788820.0
3855,1782788400000,216391240.0
3856,1782792000000,217643360.0
3857,1782795600000,216154620.0
3858,1782799200000,215673680.0
3859,1782802800000,215579220.0
3860,1782806400000,214294120.0
3861,1782810000000,216425230.0
3862,1782813600000,217690980.0
3863,1782817200000,222459220.0
3864,1782820800000,219013760.0
3865,1782824400000,220856640.0
3866,1782828000000,218371410.0
3867,1782831600000,213942330.0
3868,1782835200000,217562040.0
3869,1782838800000,214932440.0
3870,1782842400000,216159300.0
3871,1782846000000,217591520.0
3872,1782849600000,220937560.0
3873,1782853200000,227632880.0
3874,1782856800000,226861660.0
3875,1782860400000,227061220.0
3876,1782864000000,226120320.0
3877,1782867600000,224044740.0
3878,1782871200000,222984840.0
3879,1782874800000,220485060.0
3880,1782878400000,222194040.0
3881,1782882000000,224597420.0
3882,1782885600000,224057780.0
3883,1782889200000,222442760.0
3884,1782892800000,221951740.0
3885,1782896400000,221156520.0
3886,1782900000000,219322980.0
3887,1782903600000,223698020.0
3888,1782907200000,225820580.0
3889,1782910800000,227573780.0
3890,1782914400000,229516620.0
3891,1782918000000,229023860.0
3892,1782921600000,229253540.0
3893,1782925200000,232878520.0
3894,1782928800000,231834380.0
3895,1782932400000,232815240.0
3896,1782936000000,232051860.0
3897,1782939600000,231982200.0
3898,1782943200000,233380420.0
3899,1782946800000,232746460.0
3900,1782950400000,231929800.0
3901,1782954000000,230780040.0
3902,1782957600000,230693440.0
3903,1782961200000,230629880.0
3904,1782964800000,231004980.0
3905,1782968400000,226960360.0
3906,1782972000000,229978460.0
3907,1782975600000,229643040.0
3908,1782979200000,227321300.0
3909,1782982800000,227275640.0
3910,1782986400000,222663180.0
3911,1782990000000,223960720.0
3912,1782993600000,221562800.0
3913,1782997200000,225261020.0
3914,1783000800000,224863960.0
3915,1783004400000,218769300.0
3916,1783008000000,218622620.0
3917,1783011600000,218468060.0
3918,1783015200000,218409780.0
3919,1783018800000,219151160.0
3920,1783022400000,223006220.0
3921,1783026000000,221302240.0
3922,1783029600000,223584900.0
3923,1783033200000,219303740.0
3924,1783036800000,218231380.0
3925,1783040400000,217446380.0
3926,1783044000000,221578040.0
3927,1783047600000,221694480.0
3928,1783051200000,220359200.0
3929,1783054800000,219870960.0
3930,1783058400000,222651440.0
3931,1783062000000,221290540.0
3932,1783065600000,219914960.0
3933,1783069200000,219719260.0
3934,1783072800000,223003980.0
3935,1783076400000,221998620.0
3936,1783080000000,219728200.0
3937,1783083600000,217304840.0
3938,1783087200000,216648210.0
3939,1783090800000,216113820.0
3940,1783094400000,215623580.0
3941,1783098000000,215613680.0
3942,1783101600000,214676800.0
3943,1783105200000,214264020.0
3944,1783108800000,213708980.0
3945,1783112400000,213544520.0
3946,1783116000000,212857500.0
3947,1783119600000,212753060.0
3948,1783123200000,211817840.0
3949,1783126800000,211017860.0
3950,1783130400000,211714220.0
3951,1783134000000,211278800.0
3952,1783137600000,212894920.0
3953,1783141200000,213082200.0
3954,1783144800000,211740600.0
3955,1783148400000,216559120.0
3956,1783152000000,216467360.0
3957,1783155600000,215805940.0
3958,1783159200000,215846860.0
3959,1783162800000,217458740.0
3960,1783166400000,217492260.0
3961,1783170000000,219645140.0
3962,1783173600000,217929300.0
3963,1783177200000,215659140.0
3964,1783180800000,215803880.0
3965,1783184400000,217362720.0
3966,1783188000000,217286680.0
3967,1783191600000,216713200.0
3968,1783195200000,216185020.0
3969,1783198800000,215480660.0
3970,1783202400000,214478040.0
3971,1783206000000,214059400.0
3972,1783209600000,212838500.0
3973,1783213200000,210991400.0
3974,1783216800000,210701760.0
3975,1783220400000,212832600.0
3976,1783224000000,212810640.0
3977,1783227600000,211615400.0
3978,1783231200000,211030520.0
3979,1783234800000,209941260.0
3980,1783238400000,209436380.0
3981,1783242000000,208365340.0
3982,1783245600000,208270420.0
3983,1783249200000,206939760.0
3984,1783252800000,207227940.0
3985,1783256400000,212257900.0
3986,1783260000000,209959620.0
3987,1783263600000,211245080.0
3988,1783267200000,209322720.0
3989,1783270800000,209637980.0
3990,1783274400000,208490280.0
3991,1783278000000,208139240.0
3992,1783281600000,207995160.0
3993,1783285200000,207719180.0
3994,1783288800000,205274380.0
3995,1783292400000,207266140.0
3996,1783296000000,206996580.0
3997,1783299600000,206310260.0
3998,1783303200000,207804420.0
3999,1783306800000,206743900.0
4000,1783310400000,206812020.0
4001,1783314000000,208289320.0
4002,1783317600000,207558880.0
4003,1783321200000,207791860.0
4004,1783324800000,207574140.0
4005,1783328400000,207508980.0
4006,1783332000000,207096040.0
4007,1783335600000,209218620.0
4008,1783339200000,209296920.0
4009,1783342800000,208598440.0
4010,1783346400000,206768820.0
4011,1783350000000,206442400.0
4012,1783353600000,207122320.0
4013,1783357200000,210993360.0
4014,1783360800000,212682060.0
4015,1783364400000,214841020.0
4016,1783368000000,216501160.0
4017,1783371600000,217405800.0
4018,1783375200000,217863540.0
4019,1783378800000,219627420.0
4020,1783382400000,221602980.0
4021,1783386000000,222582800.0
4022,1783389600000,223956240.0
4023,1783393200000,224291300.0
4024,1783396800000,225253120.0
4025,1783400400000,227804220.0
4026,1783404000000,226529660.0
4027,1783407600000,229342360.0
4028,1783411200000,232715040.0
4029,1783414800000,234200740.0
4030,1783418400000,238114420.0
4031,1783422000000,241103100.0
4032,1783425600000,242205060.0
4033,1783429200000,243509040.0
4034,1783432800000,247232640.0
4035,1783436400000,245580270.0
4036,1783440000000,245484460.0
4037,1783443600000,245144860.0
4038,1783447200000,244310060.0
4039,1783450800000,242271100.0
4040,1783454400000,241926200.0
4041,1783458000000,241377500.0
4042,1783461600000,241421680.0
4043,1783465200000,241853720.0
4044,1783468800000,242491840.0
4045,1783472400000,241919360.0
4046,1783476000000,241436700.0
4047,1783479600000,244455320.0
4048,1783483200000,245511260.0
4049,1783486800000,243323300.0
4050,1783490400000,244268000.0
4051,1783494000000,244422260.0
4052,1783497600000,245404120.0
4053,1783501200000,245545260.0
4054,1783504800000,245535440.0
4055,1783508400000,254210180.0
4056,1783512000000,254348980.0
4057,1783515600000,255918960.0
4058,1783519200000,258775000.0
4059,1783522800000,259733080.0
4060,1783526400000,259335920.0
4061,1783530000000,260149660.0
4062,1783533600000,256858320.0
4063,1783537200000,257099960.0
4064,1783540800000,258706220.0
4065,1783544400000,260446560.0
4066,1783548000000,260952060.0
4067,1783551600000,260870480.0
4068,1783555200000,264720400.0
4069,1783558800000,262453500.0
4070,1783562400000,263110220.0
4071,1783566000000,263697700.0
4072,1783569600000,264114560.0
4073,1783573200000,263966100.0
4074,1783576800000,262087820.0
4075,1783580400000,263398420.0
4076,1783584000000,263087700.0
4077,1783587600000,263013280.0
4078,1783591200000,263422840.0
4079,1783594800000,263363720.0
4080,1783598400000,263220140.0
4081,1783602000000,261056420.0
4082,1783605600000,260039440.0
4083,1783609200000,261412440.0
4084,1783612800000,260956560.0
4085,1783616400000,261094480.0
4086,1783620000000,260135800.0
4087,1783623600000,259963060.0
4088,1783627200000,259859440.0
4089,1783630800000,259762320.0
4090,1783634400000,259560660.0
4091,1783638000000,259615400.0
4092,1783641600000,259703320.0
4093,1783645200000,259391720.0
4094,1783648800000,262092100.0
4095,1783652400000,261997140.0
4096,1783656000000,261915760.0
4097,1783659600000,261322620.0
4098,1783663200000,261415600.0
4099,1783666800000,261259860.0
4100,1783670400000,260414680.0
4101,1783674000000,260524000.0
4102,1783677600000,260563320.0
4103,1783681200000,260770660.0
4104,1783684800000,261151120.0
4105,1783688400000,261249820.0
4106,1783692000000,261008580.0
4107,1783695600000,260785780.0
4108,1783699200000,261038520.0
4109,1783702800000,261494940.0
4110,1783706400000,261702200.0
4111,1783710000000,261890480.0
4112,1783713600000,262107840.0
4113,1783717200000,262197760.0
4114,1783720800000,262214100.0
4115,1783724400000,262205580.0
4116,1783728000000,262149880.0
4117,1783731600000,262098580.0
4118,1783735200000,262277100.0
4119,1783738800000,262410300.0
4120,1783742400000,259704880.0
4121,1783746000000,259778880.0
4122,1783749600000,260592540.0
4123,1783753200000,259911320.0
4124,1783756800000,261427180.0
4125,1783760400000,257991760.0
4126,1783764000000,258762240.0
4127,1783767600000,259110600.0
4128,1783771200000,259700780.0
4129,1783774800000,260147660.0
4130,1783778400000,260336860.0
4131,1783782000000,260911820.0
4132,1783785600000,262199180.0
4133,1783789200000,262919600.0
4134,1783792800000,263670800.0
4135,1783796400000,264155820.0
4136,1783800000000,264149620.0
4137,1783803600000,265123180.0
4138,1783807200000,264731580.0
4139,1783810800000,264744020.0
4140,1783814400000,262873860.0
4141,1783818000000,260448900.0
4142,1783821600000,260423860.0
4143,1783825200000,260510820.0
4144,1783828800000,260778720.0
4145,1783832400000,261052280.0
4146,1783836000000,261177220.0
4147,1783839600000,261335520.0
4148,1783843200000,261335220.0
4149,1783846800000,261700960.0
4150,1783850400000,261905800.0
4151,1783854000000,261802640.0
4152,1783857600000,261881280.0
4153,1783861200000,262110840.0
4154,1783864800000,262589240.0
4155,1783868400000,262618720.0
4156,1783872000000,262889600.0
4157,1783875600000,263009920.0
4158,1783879200000,263052960.0
4159,1783882800000,262987600.0
4160,1783886400000,266515120.0
4161,1783890000000,264536300.0
4162,1783893600000,263386360.0
4163,1783897200000,263284200.0
4164,1783900800000,262973320.0
4165,1783904400000,262918580.0
4166,1783908000000,263527100.0
4167,1783911600000,262674620.0
4168,1783915200000,260908860.0
4169,1783918800000,260737460.0
4170,1783922400000,261673400.0
4171,1783926000000,261433920.0
4172,1783929600000,259713720.0
4173,1783933200000,261431740.0
4174,1783936800000,261395480.0
4175,1783940400000,258871840.0
4176,1783944000000,263436100.0
4177,1783947600000,266788800.0
4178,1783951200000,270691340.0
4179,1783954800000,269123480.0
4180,1783958400000,270488860.0
4181,1783962000000,270681820.0
4182,1783965600000,270200780.0
4183,1783969200000,270277120.0
4184,1783972800000,269948840.0
4185,1783976400000,269897500.0
4186,1783980000000,270747160.0
4187,1783983600000,270734280.0
4188,1783987200000,269774160.0
4189,1783990800000,269915880.0
4190,1783994400000,270191500.0
4191,1783998000000,270253600.0
4192,1784001600000,270286780.0
4193,1784005200000,271664000.0
4194,1784008800000,271875320.0
4195,1784012400000,273061420.0
4196,1784016000000,272823720.0
4197,1784019600000,272588460.0
4198,1784023200000,269725460.0
4199,1784026800000,268296460.0
4200,1784030400000,268233440.0
4201,1784034000000,270353000.0
4202,1784037600000,270284700.0
4203,1784041200000,270468300.0
4204,1784044800000,269813740.0
4205,1784048400000,269707460.0
4206,1784052000000,269501920.0
4207,1784055600000,269580080.0
4208,1784059200000,268860120.0
4209,1784062800000,268763800.0
4210,1784066400000,269631640.0
4211,1784070000000,271262460.0
4212,1784073600000,270847460.0
4213,1784077200000,270613380.0
4214,1784080800000,268254740.0
4215,1784084400000,269842560.0
4216,1784088000000,273193860.0
4217,1784091600000,272473960.0
4218,1784095200000,273812640.0
4219,1784098800000,274179320.0
4220,1784102400000,274504640.0
4221,1784106000000,271555520.0
4222,1784109600000,272372520.0
4223,1784113200000,270378580.0
4224,1784116800000,268559720.0
4225,1784120400000,268990760.0
4226,1784124000000,269015380.0
4227,1784127600000,270107000.0
4228,1784131200000,269795760.0
4229,1784134800000,268158400.0
4230,1784138400000,268506620.0
4231,1784142000000,269108060.0
4232,1784145600000,269682560.0
4233,1784149200000,269830920.0
4234,1784152800000,269477720.0
4235,1784156400000,268453220.0
4236,1784160000000,268160080.0
4237,1784163600000,266970160.0
4238,1784167200000,267205520.0
4239,1784170800000,266251160.0
4240,1784174400000,265041870.0
4241,1784178000000,263840220.0
4242,1784181600000,262659000.0
4243,1784185200000,264127360.0
4244,1784188800000,263872400.0
4245,1784192400000,263291080.0
4246,1784196000000,262960020.0
4247,1784199600000,262683640.0
4248,1784203200000,262459920.0
4249,1784206800000,261077960.0
4250,1784210400000,260447300.0
4251,1784214000000,259462840.0
4252,1784217600000,259060780.0
4253,1784221200000,258541320.0
4254,1784224800000,256742800.0
4255,1784228400000,257047360.0
4256,1784232000000,255804200.0
4257,1784235600000,255174780.0
4258,1784239200000,254561320.0
4259,1784242800000,251675660.0
4260,1784246400000,251295860.0
4261,1784250000000,250635100.0
4262,1784253600000,249833240.0
4263,1784257200000,251521340.0
4264,1784260800000,251296540.0
4265,1784264400000,250879640.0
4266,1784268000000,251104220.0
4267,1784271600000,251482480.0
4268,1784275200000,251096900.0
4269,1784278800000,251370020.0
4270,1784282400000,251631820.0
4271,1784286000000,251788060.0
4272,1784289600000,251878040.0
4273,1784293200000,251876580.0
4274,1784296800000,252380600.0
4275,1784300400000,252610360.0
4276,1784304000000,252788180.0
4277,1784307600000,252589540.0
4278,1784311200000,253071060.0
4279,1784314800000,253102740.0
4280,1784318400000,253043020.0
4281,1784322000000,252413000.0
4282,1784325600000,252901690.0
4283,1784329200000,253144320.0
4284,1784332800000,253022120.0
4285,1784336400000,253097600.0
4286,1784340000000,253160320.0
4287,1784343600000,253302060.0
4288,1784347200000,253270180.0
4289,1784350800000,253449880.0
4290,1784354400000,254076840.0
4291,1784358000000,254360100.0
4292,1784361600000,254353900.0
4293,1784365200000,254184040.0
4294,1784368800000,254216580.0
4295,1784372400000,254467040.0
4296,1784376000000,254380040.0
4297,1784379600000,253138100.0
4298,1784383200000,253526400.0
4299,1784386800000,253627640.0
4300,1784390400000,253528260.0
4301,1784394000000,253514460.0
4302,1784397600000,253524060.0
4303,1784401200000,254449440.0
4304,1784404800000,254897260.0
4305,1784408400000,254985980.0
4306,1784412000000,255027060.0
4307,1784415600000,255151480.0
4308,1784419200000,254813720.0
4309,1784422800000,254997660.0
4310,1784426400000,255144740.0
4311,1784430000000,255138600.0
4312,1784433600000,255336480.0
4313,1784437200000,255555720.0
4314,1784440800000,255571500.0
4315,1784444400000,255870380.0
4316,1784448000000,255631100.0
4317,1784451600000,256264340.0
4318,1784455200000,256581740.0
4319,1784458800000,255634400.0
4320,1784462400000,254044560.0
4321,1784466000000,254059180.0
4322,1784469600000,261820820.0
4323,1784473200000,261981820.0
4324,1784476800000,260571000.0
4325,1784480400000,258442200.0
4326,1784484000000,257765400.0
4327,1784487600000,257616440.0
4328,1784491200000,257304260.0
4329,1784494800000,257741660.0
4330,1784498400000,256827060.0
4331,1784502000000,256276580.0
4332,1784505600000,256532100.0
4333,1784509200000,256065280.0
4334,1784512800000,254064800.0
4335,1784516400000,255744000.0
4336,1784520000000,255900540.0
4337,1784523600000,256163200.0
4338,1784527200000,256529920.0
4339,1784530800000,256485120.0
4340,1784534400000,256465720.0
4341,1784538000000,256230740.0
4342,1784541600000,256442940.0
4343,1784545200000,255994980.0
4344,1784548800000,256135560.0
4345,1784552400000,256547200.0
4346,1784556000000,256060360.0
4347,1784559600000,263493400.0
4348,1784563200000,260402660.0
4349,1784566800000,257295640.0
4350,1784570400000,256384140.0
4351,1784574000000,256227420.0
4352,1784577600000,258927280.0
4353,1784581200000,259186040.0
4354,1784584800000,259245880.0
4355,1784588400000,259239980.0
4356,1784592000000,259364560.0
4357,1784595600000,259604900.0
4358,1784599200000,259733840.0
4359,1784602800000,258528020.0
4360,1784606400000,258207340.0
4361,1784610000000,259710520.0
4362,1784613600000,258602100.0
4363,1784617200000,258280620.0
4364,1784620800000,258186340.0
4365,1784624400000,258001100.0
4366,1784628000000,257590500.0
4367,1784631600000,259083600.0
4368,1784635200000,259194560.0
4369,1784638800000,259123020.0
4370,1784642400000,259194340.0
4371,1784646000000,258843840.0
4372,1784649600000,259633820.0
4373,1784653200000,259749300.0
4374,1784656800000,259631600.0
4375,1784660400000,259141020.0
4376,1784664000000,259359000.0
4377,1784667600000,259553560.0
4378,1784671200000,259102120.0
4379,1784674800000,258629960.0
4380,1784678400000,260643300.0
4381,1784682000000,260384280.0
4382,1784685600000,260296800.0
4383,1784689200000,260244640.0
4384,1784692800000,260938000.0
4385,1784696400000,260924580.0
4386,1784700000000,260982240.0
4387,1784703600000,260948380.0
4388,1784707200000,261035920.0
4389,1784710800000,261725560.0
4390,1784714400000,261621360.0
4391,1784718000000,261619760.0
4392,1784721600000,261775820.0
4393,1784725200000,261310580.0
4394,1784728800000,261139460.0
4395,1784732400000,261172700.0
4396,1784736000000,261501920.0
4397,1784739600000,261242120.0
4398,1784743200000,261601500.0
4399,1784746800000,261806180.0
4400,1784750400000,261537120.0
4401,1784754000000,261569920.0
4402,1784757600000,261411260.0
4403,1784761200000,261569240.0
4404,1784764800000,261697220.0
4405,1784768400000,262289900.0
4406,1784772000000,262243840.0
4407,1784775600000,262503520.0
4408,1784779200000,262355960.0
4409,1784782800000,261112180.0
4410,1784786400000,261034460.0
4411,1784790000000,261344220.0
4412,1784793600000,261884500.0
4413,1784797200000,261706220.0
4414,1784800800000,261650520.0
4415,1784804400000,261632060.0
4416,1784808000000,261775600.0
4417,1784811600000,261410240.0
4418,1784815200000,260955520.0
4419,1784818800000,260820000.0
4420,1784822400000,260354200.0
4421,1784826000000,260419140.0
4422,1784829600000,260008160.0
4423,1784833200000,259733760.0
4424,1784836800000,259273780.0
4425,1784840400000,258792000.0
4426,1784844000000,258591680.0
4427,1784847600000,258543840.0
4428,1784851200000,258554400.0
4429,1784854800000,257864440.0
4430,1784858400000,258589100.0
4431,1784862000000,258397160.0
4432,1784865600000,258404280.0
4433,1784869200000,258557260.0
4434,1784872800000,258468820.0
4435,1784876400000,257223600.0
4436,1784880000000,257476880.0
4437,1784883600000,257464080.0
4438,1784887200000,257448600.0
4439,1784890800000,257499940.0
4440,1784894400000,257339180.0
4441,1784898000000,257064640.0
4442,1784901600000,257279160.0
4443,1784905200000,257106860.0
4444,1784908800000,257168960.0
4445,1784912400000,255081400.0
4446,1784916000000,254910440.0
4447,1784919600000,254730020.0
4448,1784923200000,254615720.0
4449,1784926800000,254729760.0
4450,1784930400000,255050210.0
4451,1784934000000,254401340.0
4452,1784937600000,254500040.0
4453,1784941200000,254492360.0
4454,1784944800000,253659920.0
4455,1784948400000,253585120.0
4456,1784952000000,253460800.0
4457,1784955600000,253402440.0
4458,1784959200000,253257600.0
4459,1784962800000,253885460.0
4460,1784966400000,253879700.0
4461,1784970000000,253982560.0
4462,1784973600000,254445200.0
4463,1784977200000,254410860.0
4464,1784980800000,254452080.0
4465,1784984400000,254960700.0
4466,1784988000000,254904860.0
4467,1784991600000,254952420.0
4468,1784995200000,255581940.0
4469,1784998800000,255896640.0
4470,1785002400000,255982340.0
4471,1785006000000,256036800.0
4472,1785009600000,255927400.0
4473,1785013200000,256316140.0
4474,1785016800000,256309440.0
4475,1785020400000,256357780.0
4476,1785024000000,256824380.0
4477,1785027600000,256173640.0
4478,1785031200000,256651960.0
4479,1785034800000,256764300.0
4480,1785038400000,256665540.0
4481,1785042000000,257205280.0
4482,1785045600000,257193800.0
4483,1785049200000,257176460.0
4484,1785052800000,257194100.0
4485,1785056400000,257234780.0
4486,1785060000000,257523840.0
4487,1785063600000,257494160.0
4488,1785067200000,257107100.0
4489,1785070800000,256759100.0
4490,1785074400000,256825820.0
4491,1785078000000,256782780.0
4492,1785081600000,256766600.0
4493,1785085200000,256702740.0
4494,1785088800000,256420000.0
4495,1785092400000,256130000.0
4496,1785096000000,256058720.0
4497,1785099600000,256126560.0
4498,1785103200000,256307660.0
4499,1785106800000,256180060.0
4500,1785110400000,256268040.0
4501,1785114000000,256690120.0
4502,1785117600000,256467500.0
4503,1785121200000,256704300.0
4504,1785124800000,256671860.0
4505,1785128400000,256833100.0
4506,1785132000000,256968640.0
4507,1785135600000,256737820.0
4508,1785139200000,256127720.0
4509,1785142800000,255960780.0
4510,1785146400000,255579640.0
4511,1785150000000,255651120.0
4512,1785153600000,255426240.0
4513,1785157200000,255191720.0
4514,1785160800000,254735580.0
4515,1785164400000,254461600.0
4516,1785168000000,254289740.0
4517,1785171600000,253682700.0
4518,1785175200000,253382500.0
4519,1785178800000,253231220.0
4520,1785182400000,253209720.0
4521,1785186000000,252794360.0
4522,1785189600000,251279340.0
4523,1785193200000,249289100.0
4524,1785196800000,247641440.0
4525,1785200400000,245201180.0
4526,1785204000000,242293420.0
4527,1785207600000,241876880.0
4528,1785211200000,241374640.0
4529,1785214800000,240882720.0
4530,1785218400000,240168600.0
4531,1785222000000,239589200.0
4532,1785225600000,238789040.0
4533,1785229200000,235852120.0
4534,1785232800000,235504600.0
4535,1785236400000,235949880.0
4536,1785240000000,234776660.0
4537,1785243600000,234686040.0
4538,1785247200000,234727360.0
4539,1785250800000,234504620.0
4540,1785254400000,234592380.0
4541,1785258000000,234447420.0
4542,1785261600000,234152720.0
4543,1785265200000,233797840.0
4544,1785268800000,233045640.0
4545,1785272400000,233254960.0
4546,1785276000000,234630540.0
4547,1785279600000,235376360.0
4548,1785283200000,235193180.0
4549,1785286800000,235586040.0
4550,1785290400000,234935680.0
4551,1785294000000,236081400.0
4552,1785297600000,235899460.0
4553,1785301200000,235882880.0
4554,1785304800000,236704600.0
4555,1785308400000,237341140.0
4556,1785312000000,238130620.0
4557,1785315600000,239348160.0
4558,1785319200000,240268700.0
4559,1785322800000,239993140.0
4560,1785326400000,240856040.0
4561,1785330000000,241341160.0
4562,1785333600000,241929620.0
4563,1785337200000,242127820.0
4564,1785340800000,242466840.0
4565,1785344400000,243290160.0
4566,1785348000000,245270260.0
4567,1785351600000,248279120.0
4568,1785355200000,249265980.0
4569,1785358800000,248769720.0
4570,1785362400000,249144980.0
4571,1785366000000,249127840.0
4572,1785369600000,251564400.0
4573,1785373200000,250818060.0
4574,1785376800000,250663260.0
4575,1785380400000,250579600.0
4576,1785384000000,250553400.0
4577,1785387600000,250539100.0
4578,1785391200000,250576600.0
4579,1785394800000,250542400.0
4580,1785398400000,250456480.0
4581,1785402000000,250265680.0
4582,1785405600000,250671340.0
4583,1785409200000,250789300.0
4584,1785412800000,251631800.0
4585,1785416400000,251880300.0
4586,1785420000000,251852500.0
4587,1785423600000,252525520.0
4588,1785427200000,252638860.0
4589,1785430800000,252922680.0
4590,1785434400000,253039000.0
4591,1785438000000,253865440.0
4592,1785441600000,253685340.0
4593,1785445200000,253582140.0
4594,1785448800000,253826320.0
4595,1785452400000,253961940.0
4596,1785456000000,254606580.0
4597,1785459600000,255341580.0
4598,1785463200000,255867580.0
4599,1785466800000,255986160.0
4600,1785470400000,255882760.0
4601,1785474000000,256403140.0
4602,1785477600000,255739460.0
4603,1785481200000,257255410.0
4604,1785484800000,255134480.0
4605,1785488400000,254800980.0
4606,1785492000000,254717740.0
4607,1785495600000,254767800.0
4608,1785499200000,254703500.0
4609,1785502800000,256020000.0
4610,1785506400000,256290460.0
4611,1785510000000,256225720.0
4612,1785513600000,256095640.0
4613,1785517200000,256038140.0
4614,1785520800000,255888760.0
4615,1785524400000,255842720.0
4616,1785528000000,255773020.0
4617,1785531600000,257515740.0
4618,1785535200000,257191140.0
4619,1785538800000,256794220.0
4620,1785542400000,256783180.0
4621,1785546000000,258077120.0
4622,1785549600000,257329300.0
4623,1785553200000,257303400.0
4624,1785556800000,257626400.0
4625,1785560400000,257347360.0
4626,1785564000000,256706420.0
4627,1785567600000,261705980.0
4628,1785571200000,261629720.0
4629,1785574800000,260968380.0
4630,1785578400000,261159300.0
4631,1785582000000,260261460.0
4632,1785585600000,260015980.0
4633,1785589200000,260079960.0
4634,1785592800000,260269400.0
4635,1785596400000,260552400.0
4636,1785600000000,259369940.0
4637,1785603600000,262795160.0
4638,1785607200000,262411260.0
4639,1785610800000,262113420.0
4640,1785614400000,261420500.0
4641,1785618000000,261919520.0
4642,1785621600000,263192840.0
4643,1785625200000,263483360.0
4644,1785628800000,262118800.0
4645,1785632400000,259362400.0
4646,1785636000000,259842080.0
4647,1785639600000,260586200.0
4648,1785643200000,260561840.0
4649,1785646800000,259967900.0
4650,1785650400000,260993580.0
4651,1785654000000,259657800.0
4652,1785657600000,258361840.0
4653,1785661200000,257612940.0
4654,1785664800000,256857360.0
4655,1785668400000,255793380.0
4656,1785672000000,253743620.0
4657,1785675600000,254110180.0
4658,1785679200000,252110760.0
4659,1785682800000,249949760.0
4660,1785686400000,248745100.0
4661,1785690000000,248079700.0
4662,1785693600000,247564820.0
4663,1785697200000,247530900.0
4664,1785700800000,246048820.0
4665,1785704400000,245425340.0
4666,1785708000000,245182500.0
4667,1785711600000,244832240.0
4668,1785715200000,243823000.0
4669,1785718800000,239388120.0
4670,1785722400000,237449360.0
4671,1785726000000,237200780.0
4672,1785729600000,239199700.0
4673,1785733200000,238794620.0
4674,1785736800000,238723780.0
4675,1785740400000,238700320.0
4676,1785744000000,242815520.0
4677,1785747600000,244749960.0
4678,1785751200000,245709020.0
4679,1785754800000,245308220.0
4680,1785758400000,244309960.0
4681,1785762000000,244024760.0
4682,1785765600000,243203560.0
4683,1785769200000,243031580.0
4684,1785772800000,242635060.0
4685,1785776400000,242208540.0
4686,1785780000000,242527380.0
4687,1785783600000,242936500.0
4688,1785787200000,244191180.0
4689,1785790800000,244384900.0
4690,1785794400000,244234220.0
4691,1785798000000,244023860.0
4692,1785801600000,244667020.0
4693,1785805200000,244475300.0
4694,1785808800000,246294500.0
4695,1785812400000,245069940.0
4696,1785816000000,245562980.0
4697,1785819600000,245131880.0
4698,1785823200000,248060500.0
4699,1785826800000,249243040.0
4700,1785830400000,249920640.0
4701,1785834000000,251985740.0
4702,1785837600000,251729940.0
4703,1785841200000,251556300.0
4704,1785844800000,252303840.0
4705,1785848400000,260446340.0
4706,1785852000000,258397180.0
4707,1785855600000,251327650.0
4708,1785859200000,256288170.0
4709,1785862800000,257280890.0
4710,1785866400000,255853390.0
4711,1785870000000,256835050.0
4712,1785873600000,258373390.0
4713,1785877200000,257879170.0
4714,1785880800000,255139950.0
4715,1785884400000,255237880.0
4716,1785888000000,254570990.0
4717,1785891600000,286176250.0
4718,1785895200000,287831500.0
4719,1785898800000,302718350.0
4720,1785902400000,332341630.0
4721,1785906000000,350326760.0
4722,1785909600000,344283730.0
4723,1785913200000,328066730.0
4724,1785916800000,320092100.0
4725,1785920400000,351763820.0
4726,1785924000000,344416830.0
4727,1785927600000,360847200.0
4728,1785931200000,349802040.0
4729,1785934800000,338519060.0
4730,1785938400000,334091430.0
4731,1785942000000,294471760.0
4732,1785945600000,297943690.0
4733,1785949200000,308584470.0
4734,1785952800000,314117660.0
4735,1785956400000,318339000.0
4736,1785960000000,309054000.0
4737,1785963600000,305885150.0
4738,1785967200000,303422040.0
4739,1785970800000,304046230.0
4740,1785974400000,309309170.0
4741,1785978000000,310239560.0
4742,1785981600000,310418480.0
4743,1785985200000,308147700.0
4744,1785988800000,319633230.0
4745,1785992400000,321318320.0
4746,1785996000000,315726590.0
4747,1785999600000,311553140.0
4748,1786003200000,305713760.0
4749,1786006800000,307344320.0
4750,1786010400000,300044500.0
4751,1786014000000,301040100.0
4752,1786017600000,295866930.0
4753,1786021200000,290276360.0
4754,1786024800000,288144240.0
4755,1786028400000,278644900.0
4756,1786032000000,269124580.0
4757,1786035600000,263919900.0
4758,1786039200000,261011980.0
4759,1786042800000,257874980.0
4760,1786046400000,258567000.0
4761,1786050000000,258323590.0
4762,1786053600000,260770920.0
4763,1786057200000,261121720.0
4764,1786060800000,261474220.0
4765,1786064400000,263733100.0
4766,1786068000000,262411620.0
4767,1786071600000,266207680.0
4768,1786075200000,263717040.0
4769,1786078800000,260479860.0
4770,1786082400000,257772740.0
4771,1786086000000,256436640.0
4772,1786089600000,255525240.0
4773,1786093200000,256287260.0
4774,1786096800000,260907140.0
4775,1786100400000,258109080.0
4776,1786104000000,257551700.0
4777,1786107600000,257130360.0
4778,1786111200000,257165560.0
4779,1786114800000,256404960.0
4780,1786118400000,257138140.0
4781,1786122000000,256940760.0
4782,1786125600000,255110720.0
4783,1786129200000,253781040.0
4784,1786132800000,253089440.0
4785,1786136400000,251807980.0
4786,1786140000000,250633680.0
4787,1786143600000,250472180.0
4788,1786147200000,250290890.0
4789,1786150800000,253009140.0
4790,1786154400000,252296840.0
4791,1786158000000,249524260.0
4792,1786161600000,248364100.0
4793,1786165200000,247886060.0
4794,1786168800000,245666720.0
4795,1786172400000,244951100.0
4796,1786176000000,245687800.0
4797,1786179600000,244008420.0
4798,1786183200000,236412360.0
4799,1786186800000,237644480.0
4800,1786190400000,243987800.0
4801,1786194000000,238916740.0
4802,1786197600000,240090640.0
4803,1786201200000,241125520.0
4804,1786204800000,241746040.0
4805,1786208400000,240023500.0
4806,1786212000000,239663560.0
4807,1786215600000,239989040.0
4808,1786219200000,238482800.0
4809,1786222800000,238137660.0
4810,1786226400000,238740900.0
4811,1786230000000,239729260.0
4812,1786233600000,241062700.0
4813,1786237200000,252794980.0
4814,1786240800000,252780580.0
4815,1786244400000,250896200.0
4816,1786248000000,249026820.0
4817,1786251600000,248508920.0
4818,1786255200000,250045620.0
4819,1786258800000,253119110.0
4820,1786262400000,253323000.0
4821,1786266000000,254237600.0
4822,1786269600000,254941080.0
4823,1786273200000,247849200.0
4824,1786276800000,242324860.0
4825,1786280400000,233350500.0
4826,1786284000000,225989900.0
4827,1786287600000,226543720.0
4828,1786291200000,226896720.0
4829,1786294800000,227135730.0
4830,1786298400000,225934480.0
4831,1786302000000,226013040.0
4832,1786305600000,226111320.0
4833,1786309200000,225766520.0
4834,1786312800000,225585880.0
4835,1786316400000,222968640.0
4836,1786320000000,223855620.0
4837,1786323600000,223290380.0
4838,1786327200000,224318600.0
4839,1786330800000,217800820.0
4840,1786334400000,217581040.0
4841,1786338000000,216712940.0
4842,1786341600000,215416460.0
4843,1786345200000,214423300.0
4844,1786348800000,214906250.0
4845,1786352400000,214258900.0
4846,1786356000000,214505240.0
4847,1786359600000,218268480.0
4848,1786363200000,218236600.0
4849,1786366800000,218473420.0
4850,1786370400000,218405820.0
4851,1786374000000,217883720.0
4852,1786377600000,213600500.0
4853,1786381200000,211939340.0
4854,1786384800000,210808400.0
4855,1786388400000,209526280.0
4856,1786392000000,207326480.0
4857,1786395600000,205702680.0
4858,1786399200000,205087780.0
4859,1786402800000,204821820.0
4860,1786406400000,203125020.0
4861,1786410000000,202313270.0
4862,1786413600000,201262420.0
4863,1786417200000,200993120.0
4864,1786420800000,200415120.0
4865,1786424400000,198889240.0
4866,1786428000000,198751180.0
4867,1786431600000,200159360.0
4868,1786435200000,201211840.0
4869,1786438800000,202442710.0
4870,1786442400000,201727860.0
4871,1786446000000,200930940.0
4872,1786449600000,200394120.0
4873,1786453200000,202096120.0
4874,1786456800000,203195980.0
4875,1786460400000,203356740.0
4876,1786464000000,202337580.0
4877,1786467600000,201379400.0
4878,1786471200000,201134600.0
4879,1786474800000,200785940.0
4880,1786478400000,200847640.0
4881,1786482000000,200924680.0
4882,1786485600000,200759600.0
4883,1786489200000,200231820.0
4884,1786492800000,201047600.0
4885,1786496400000,200720760.0
4886,1786500000000,200689300.0
4887,1786503600000,200300580.0
4888,1786507200000,199809660.0
4889,1786510800000,202205580.0
4890,1786514400000,202308080.0
4891,1786518000000,200195760.0
4892,1786521600000,205373100.0
4893,1786525200000,205378040.0
4894,1786528800000,205013460.0
4895,1786532400000,205118280.0
4896,1786536000000,214418900.0
4897,1786539600000,214789680.0
4898,1786543200000,213600480.0
4899,1786546800000,212980100.0
4900,1786550400000,207248640.0
4901,1786554000000,208669420.0
4902,1786557600000,199818520.0
4903,1786561200000,199332860.0
4904,1786564800000,199093020.0
4905,1786568400000,199089740.0
4906,1786572000000,198393520.0
4907,1786575600000,198034920.0
4908,1786579200000,199302320.0
4909,1786582800000,199398700.0
4910,1786586400000,199612860.0
4911,1786590000000,198171200.0
4912,1786593600000,197735440.0
4913,1786597200000,196628240.0
4914,1786600800000,200305580.0
4915,1786604400000,201011340.0
4916,1786608000000,200435980.0
4917,1786611600000,201554140.0
4918,1786615200000,203320360.0
4919,1786618800000,204074180.0
4920,1786622400000,203065560.0
4921,1786626000000,203716860.0
4922,1786629600000,204764780.0
4923,1786633200000,206206890.0
4924,1786636800000,206239200.0
4925,1786640400000,204985820.0
4926,1786644000000,204155460.0
4927,1786647600000,203582460.0
4928,1786651200000,203346980.0
4929,1786654800000,203028680.0
4930,1786658400000,202304460.0
4931,1786662000000,201341560.0
4932,1786665600000,200441520.0
4933,1786669200000,199481060.0
4934,1786672800000,199388560.0
4935,1786676400000,199152520.0
4936,1786680000000,198682460.0
4937,1786683600000,199275080.0
4938,1786687200000,199267500.0
4939,1786690800000,199773140.0
4940,1786694400000,199924400.0
4941,1786698000000,200722040.0
4942,1786701600000,200447880.0
4943,1786705200000,200904740.0
4944,1786708800000,200379720.0
4945,1786712400000,200180960.0
4946,1786716000000,200930900.0
4947,1786719600000,200810300.0
4948,1786723200000,200978040.0
4949,1786726800000,201456600.0
4950,1786730400000,202216200.0
4951,1786734000000,201954800.0
4952,1786737600000,201546720.0
4953,1786741200000,201544920.0
4954,1786744800000,202419440.0
4955,1786748400000,202645180.0
4956,1786752000000,205744480.0
4957,1786755600000,205434040.0
4958,1786759200000,205200500.0
4959,1786762800000,205419700.0
4960,1786766400000,205635640.0
4961,1786770000000,205848780.0
4962,1786773600000,207553680.0
4963,1786777200000,207802120.0
4964,1786780800000,207651660.0
4965,1786784400000,208344620.0
4966,1786788000000,210075520.0
4967,1786791600000,206825200.0
4968,1786795200000,207365100.0
4969,1786798800000,208241100.0
4970,1786802400000,208386540.0
4971,1786806000000,208330220.0
4972,1786809600000,207430800.0
4973,1786813200000,207347000.0
4974,1786816800000,206804280.0
4975,1786820400000,206607820.0
4976,1786824000000,206926480.0
4977,1786827600000,206935700.0
4978,1786831200000,205755560.0
4979,1786834800000,206039540.0
4980,1786838400000,207684300.0
4981,1786842000000,207545020.0
4982,1786845600000,207493040.0
4983,1786849200000,206483620.0
4984,1786852800000,206640880.0
4985,1786856400000,206787880.0
4986,1786860000000,206164020.0
4987,1786863600000,206222360.0
4988,1786867200000,205468380.0
4989,1786870800000,205530460.0
4990,1786874400000,205497720.0
4991,1786878000000,206053160.0
4992,1786881600000,206037080.0
4993,1786885200000,205689820.0
4994,1786888800000,205669540.0
4995,1786892400000,205720840.0
4996,1786896000000,205664760.0
4997,1786899600000,205967740.0
4998,1786903200000,206087980.0
4999,1786906800000,206690400.0
5000,1786910400000,206871420.0
5001,1786914000000,206539960.0
5002,1786917600000,206615340.0
5003,1786921200000,206666600.0
5004,1786924800000,204913300.0
5005,1786928400000,204997340.0
5006,1786932000000,204524760.0
5007,1786935600000,204741140.0
5008,1786939200000,204768580.0
5009,1786942800000,204847300.0
5010,1786946400000,204703780.0
5011,1786950000000,205437860.0
5012,1786953600000,204649620.0
5013,1786957200000,204337160.0
5014,1786960800000,205603700.0
5015,1786964400000,205754900.0
5016,1786968000000,205748360.0
5017,1786971600000,205790300.0
5018,1786975200000,205838280.0
5019,1786978800000,207041400.0
5020,1786982400000,206134360.0
5021,1786986000000,205734620.0
5022,1786989600000,205632070.0
5023,1786993200000,205736840.0
5024,1786996800000,205496840.0
5025,1787000400000,205058020.0
5026,1787004000000,204561580.0
5027,1787007600000,202923600.0
5028,1787011200000,202796820.0
5029,1787014800000,201558200.0
5030,1787018400000,201671740.0
5031,1787022000000,201268700.0
5032,1787025600000,200948880.0
5033,1787029200000,202076740.0
5034,1787032800000,201849820.0
5035,1787036400000,201824520.0
5036,1787040000000,201952100.0
5037,1787043600000,202259920.0
5038,1787047200000,202127400.0
5039,1787050800000,202477730.0
5040,1787054400000,202503140.0
5041,1787058000000,205635520.0
5042,1787061600000,205642080.0
5043,1787065200000,206322000.0
5044,1787068800000,205275740.0
5045,1787072400000,204989560.0
5046,1787076000000,205615900.0
5047,1787079600000,205422620.0
5048,1787083200000,205429960.0
5049,1787086800000,203893380.0
5050,1787090400000,203933540.0
5051,1787094000000,203972220.0
5052,1787097600000,203449780.0
5053,1787101200000,204270460.0
5054,1787104800000,204247920.0
5055,1787108400000,204431080.0
5056,1787112000000,204614380.0
5057,1787115600000,204775620.0
5058,1787119200000,204835540.0
5059,1787122800000,205600100.0
5060,1787126400000,205988780.0
5061,1787130000000,205675020.0
5062,1787133600000,205178020.0
5063,1787137200000,205042560.0
5064,1787140800000,205799340.0
5065,1787144400000,205847420.0
5066,1787148000000,205768220.0
5067,1787151600000,206833300.0
5068,1787155200000,208931160.0
5069,1787158800000,206290060.0
5070,1787162400000,206360540.0
5071,1787166000000,206482780.0
5072,1787169600000,206024760.0
5073,1787173200000,206574220.0
5074,1787176800000,206865600.0
5075,1787180400000,211045700.0
5076,1787184000000,211400360.0
5077,1787187600000,211601030.0
5078,1787191200000,211589200.0
5079,1787194800000,211033960.0
5080,1787198400000,211630380.0
5081,1787202000000,211322800.0
5082,1787205600000,211104180.0
5083,1787209200000,211412600.0
5084,1787212800000,211374740.0
5085,1787216400000,213124170.0
5086,1787220000000,211200160.0
5087,1787223600000,210194480.0
5088,1787227200000,210800860.0
5089,1787230800000,210735840.0
5090,1787234400000,211023110.0
5091,1787238000000,211322800.0
5092,1787241600000,216560240.0
5093,1787245200000,211656880.0
5094,1787248800000,207916540.0
5095,1787252400000,205477820.0
5096,1787256000000,208316160.0
5097,1787259600000,207776000.0
5098,1787263200000,215310320.0
5099,1787266800000,215223290.0
5100,1787270400000,212660140.0
5101,1787274000000,213413140.0
5102,1787277600000,212005720.0
5103,1787281200000,211168000.0
5104,1787284800000,210804020.0
5105,1787288400000,210297700.0
5106,1787292000000,212368170.0
5107,1787295600000,212297860.0
5108,1787299200000,210065800.0
5109,1787302800000,210352140.0
5110,1787306400000,191891960.0
5111,1787310000000,190151920.0
5112,1787313600000,189239200.0
5113,1787317200000,187894160.0
5114,1787320800000,184911660.0
5115,1787324400000,185013680.0
5116,1787328000000,179633860.0
5117,1787331600000,179894320.0
5118,1787335200000,181048760.0
5119,1787338800000,181351980.0
5120,1787342400000,180559000.0
5121,1787346000000,180401480.0
5122,1787349600000,177875580.0
5123,1787353200000,177672940.0
5124,1787356800000,177440540.0
5125,1787360400000,186255410.0
5126,1787364000000,184124580.0
5127,1787367600000,184846140.0
5128,1787371200000,183942420.0
5129,1787374800000,184260290.0
5130,1787378400000,174511160.0
5131,1787382000000,174867080.0
5132,1787385600000,173796640.0
5133,1787389200000,171872960.0
5134,1787392800000,172060400.0
5135,1787396400000,171116720.0
5136,1787400000000,170841860.0
5137,1787403600000,170630820.0
5138,1787407200000,171182760.0
5139,1787410800000,170192340.0
5140,1787414400000,169921900.0
5141,1787418000000,168125280.0
5142,1787421600000,167885900.0
5143,1787425200000,167501910.0
5144,1787428800000,167365100.0
5145,1787432400000,167657520.0
5146,1787436000000,167018720.0
5147,1787439600000,166307660.0
5148,1787443200000,166395060.0
5149,1787446800000,165575760.0
5150,1787450400000,164933560.0
5151,1787454000000,163410000.0
5152,1787457600000,161794700.0
5153,1787461200000,159785620.0
5154,1787464800000,157359340.0
5155,1787468400000,157578600.0
5156,1787472000000,156553680.0
5157,1787475600000,156649260.0
5158,1787479200000,157532020.0
5159,1787482800000,156927200.0
5160,1787486400000,158349120.0
5161,1787490000000,159327480.0
5162,1787493600000,159164620.0
5163,1787497200000,158432840.0
5164,1787500800000,158746240.0
5165,1787504400000,157999000.0
5166,1787508000000,159196520.0
5167,1787511600000,159589160.0
5168,1787515200000,157483260.0
5169,1787518800000,156538580.0
5170,1787522400000,156241660.0
5171,1787526000000,156763920.0
5172,1787529600000,158815980.0
5173,1787533200000,158847140.0
5174,1787536800000,159114920.0
5175,1787540400000,159522220.0
5176,1787544000000,159253400.0
5177,1787547600000,158962440.0
5178,1787551200000,159392030.0
5179,1787554800000,159149260.0
5180,1787558400000,158473640.0
5181,1787562000000,157475460.0
5182,1787565600000,153841420.0
5183,1787569200000,154218480.0
5184,1787572800000,156678780.0
5185,1787576400000,156027780.0
5186,1787580000000,156682200.0
5187,1787583600000,154650180.0
5188,1787587200000,153080560.0
5189,1787590800000,152486520.0
5190,1787594400000,150979460.0
5191,1787598000000,150326400.0
5192,1787601600000,149749640.0
5193,1787605200000,149272280.0
5194,1787608800000,148759760.0
5195,1787612400000,148282820.0
5196,1787616000000,147723980.0
5197,1787619600000,148326860.0
5198,1787623200000,148195300.0
5199,1787626800000,146491560.0
5200,1787630400000,145970500.0
5201,1787634000000,146301320.0
5202,1787637600000,145551860.0
5203,1787641200000,144716960.0
5204,1787644800000,141749460.0
5205,1787648400000,142118860.0
5206,1787652000000,144165230.0
5207,1787655600000,145636950.0
5208,1787659200000,150180020.0
5209,1787662800000,148261800.0
5210,1787666400000,148457580.0
5211,1787670000000,148545320.0
5212,1787673600000,148204420.0
5213,1787677200000,149452520.0
5214,1787680800000,148856960.0
5215,1787684400000,151181640.0
5216,1787688000000,151025240.0
5217,1787691600000,150615660.0
5218,1787695200000,150076720.0
5219,1787698800000,149510280.0
5220,1787702400000,149303420.0
5221,1787706000000,149619520.0
5222,1787709600000,149672680.0
5223,1787713200000,149679040.0
5224,1787716800000,149730960.0
5225,1787720400000,149921100.0
5226,1787724000000,150158560.0
5227,1787727600000,150094200.0
5228,1787731200000,149694280.0
5229,1787734800000,150304380.0
5230,1787738400000,150286340.0
5231,1787742000000,158794860.0
5232,1787745600000,161055980.0
5233,1787749200000,161136380.0
5234,1787752800000,160997080.0
5235,1787756400000,161465360.0
5236,1787760000000,161729380.0
5237,1787763600000,161466640.0
5238,1787767200000,161624480.0
5239,1787770800000,161333600.0
5240,1787774400000,161074820.0
5241,1787778000000,165678120.0
5242,1787781600000,163862760.0
5243,1787785200000,163672940.0
5244,1787788800000,165244040.0
5245,1787792400000,168668980.0
5246,1787796000000,169235800.0
5247,1787799600000,168693660.0
5248,1787803200000,168482940.0
5249,1787806800000,166795760.0
5250,1787810400000,165131460.0
5251,1787814000000,164097440.0
5252,1787817600000,163958320.0
5253,1787821200000,162526530.0
5254,1787824800000,160803660.0
5255,1787828400000,160247760.0
5256,1787832000000,159073600.0
5257,1787835600000,158218560.0
5258,1787839200000,155795360.0
5259,1787842800000,154764240.0
5260,1787846400000,153056840.0
5261,1787850000000,155708340.0
5262,1787853600000,154117380.0
5263,1787857200000,154301000.0
5264,1787860800000,159387000.0
5265,1787864400000,167263680.0
5266,1787868000000,176183320.0
5267,1787871600000,174676940.0
5268,1787875200000,181294000.0
5269,1787878800000,201158100.0
5270,1787882400000,212520600.0
5271,1787886000000,218895450.0
5272,1787889600000,224591540.0
5273,1787893200000,231536500.0
5274,1787896800000,225106350.0
5275,1787900400000,226039560.0
5276,1787904000000,234864340.0
5277,1787907600000,235909740.0
5278,1787911200000,218994540.0
5279,1787914800000,223283480.0
5280,1787918400000,223078180.0
5281,1787922000000,222507210.0
5282,1787925600000,227413390.0
5283,1787929200000,223800210.0
5284,1787932800000,224836290.0
5285,1787936400000,219149440.0
5286,1787940000000,217284620.0
5287,1787943600000,214949440.0
5288,1787947200000,213785540.0
5289,1787950800000,213951600.0
5290,1787954400000,211782940.0
5291,1787958000000,212194800.0
5292,1787961600000,215243840.0
5293,1787965200000,221460060.0
5294,1787968800000,225128940.0
5295,1787972400000,226837800.0
5296,1787976000000,227294340.0
5297,1787979600000,224965860.0
5298,1787983200000,226545240.0
5299,1787986800000,230603800.0
5300,1787990400000,241366420.0
5301,1787994000000,238574310.0
5302,1787997600000,236384780.0
5303,1788001200000,231238500.0
5304,1788004800000,228792520.0
5305,1788008400000,225663180.0
5306,1788012000000,225369960.0
5307,1788015600000,226121580.0
5308,1788019200000,224557160.0
5309,1788022800000,226066340.0
5310,1788026400000,224135740.0
5311,1788030000000,225953100.0
5312,1788033600000,228736180.0
5313,1788037200000,224856240.0
5314,1788040800000,227362160.0
5315,1788044400000,225165790.0
5316,1788048000000,234451180.0
5317,1788051600000,240963200.0
5318,1788055200000,234528140.0
5319,1788058800000,233409880.0
5320,1788062400000,234197140.0
5321,1788066000000,244130080.0
5322,1788069600000,264043300.0
5323,1788073200000,266697520.0
5324,1788076800000,254998440.0
5325,1788080400000,253518660.0
5326,1788084000000,257054310.0
5327,1788087600000,256065410.0
5328,1788091200000,263395910.0
5329,1788094800000,258520750.0
5330,1788098400000,259352970.0
5331,1788102000000,268054550.0
5332,1788105600000,267523560.0
5333,1788109200000,280066120.0
5334,1788112800000,281995360.0
5335,1788116400000,282973460.0
5336,1788120000000,298512250.0
5337,1788123600000,329570190.0
5338,1788127200000,324443450.0
5339,1788130800000,311214980.0
5340,1788134400000,354656150.0
5341,1788138000000,339483670.0
5342,1788141600000,335610190.0
5343,1788145200000,324921610.0
5344,1788148800000,339229460.0
5345,1788152400000,338513770.0
5346,1788156000000,329755060.0
5347,1788159600000,337040160.0
5348,1788163200000,350119180.0
5349,1788166800000,350638350.0
5350,1788170400000,355012340.0
5351,1788174000000,370423270.0
