ts,rate
1673856000000,0.0001000000
1673884800000,0.0001000000
1673913600000,0.0001000000
1673942400000,0.0001000000
1673971200000,0.0001000000
1674000000000,0.0001000000
1674028800000,0.0001000000
1674057600000,0.0001000000
1674086400000,0.0001000000
1674115200000,0.0001000000
1674144000000,0.0001000000
1674172800000,0.0001000000
1674201600000,0.0001000000
1674230400000,0.0001000000
1674259200000,0.0001000000
1674288000000,0.0001000000
1674316800000,0.0001000000
1674345600000,0.0001000000
1674374400000,0.0001000000
1674403200000,0.0001000000
1674432000000,0.0001000000
1674460800000,0.0001000000
1674489600000,0.0001000000
1674518400000,0.0001000000
1674547200000,0.0001000000
1674576000000,0.0001000000
1674604800000,0.0001000000
1674633600000,0.0001000000
1674662400000,0.0001000000
1674691200000,0.0001000000
1674720000000,0.0001000000
1674748800000,0.0001000000
1674777600000,0.0001000000
1674806400000,0.0001000000
1674835200000,0.0001000000
1674864000000,0.0001000000
1674892800000,0.0001000000
1674921600000,0.0001000000
1674950400000,0.0001000000
1674979200000,0.0001000000
1675008000000,0.0001000000
1675036800000,0.0001000000
1675065600000,0.0001000000
1675094400000,0.0001000000
1675123200000,0.0001000000
1675152000000,0.0001000000
1675180800000,0.0001000000
1675209600000,0.0001000000
1675238400000,0.0000883000
1675267200000,0.0001000000
1675296000000,0.0001000000
1675324800000,0.0001000000
1675353600000,0.0001000000
1675382400000,0.0001000000
1675411200000,0.0001000000
1675440000000,0.0001000000
1675468800000,0.0001000000
1675497600000,0.0001000000
1675526400000,0.0001000000
1675555200000,0.0001000000
1675584000000,0.0001000000
1675612800000,0.0001000000
1675641600000,0.0001000000
1675670400000,0.0001000000
1675699200000,0.0001000000
1675728000000,0.0001000000
1675756800000,0.0001000000
1675785600000,0.0001000000
1675814400000,0.0001000000
1675843200000,0.0001000000
1675872000000,0.0001000000
1675900800000,0.0001000000
1675929600000,0.0001000000
1675958400000,0.0001000000
1675987200000,0.0001000000
1676016000000,0.0001000000
1676044800000,0.0001000000
1676073600000,0.0001000000
1676102400000,0.0000358200
1676131200000,-0.0000808800
1676160000000,0.0000544700
1676188800000,-0.0000049000
1676217600000,-0.0000344400
1676246400000,0.0000123000
1676275200000,-0.0000080500
1676304000000,0.0001000000
1676332800000,0.0001000000
1676361600000,0.0001000000
1676390400000,-0.0000019600
1676419200000,-0.0000932900
1676448000000,-0.0001558600
1676476800000,0.0000495400
1676505600000,0.0001000000
1676534400000,0.0001000000
1676563200000,0.0001000000
1676592000000,0.0001000000
1676620800000,0.0001000000
1676649600000,0.0001000000
1676678400000,0.0001000000
1676707200000,0.0001000000
1676736000000,0.0001000000
1676764800000,0.0001000000
1676793600000,0.0001000000
1676822400000,0.0001000000
1676851200000,0.0001000000
1676880000000,0.0001000000
1676908800000,0.0001000000
1676937600000,0.0001000000
1676966400000,0.0001000000
1676995200000,0.0001000000
1677024000000,0.0001000000
1677052800000,0.0001000000
1677081600000,0.0001000000
1677110400000,0.0001000000
1677139200000,0.0001000000
1677168000000,0.0001000000
1677196800000,0.0001000000
1677225600000,0.0001000000
1677254400000,0.0001000000
1677283200000,0.0001000000
1677312000000,0.0001000000
1677340800000,0.0001000000
1677369600000,0.0001000000
1677398400000,0.0001000000
1677427200000,0.0001000000
1677456000000,0.0001000000
1677484800000,0.0001000000
1677513600000,0.0001000000
1677542400000,0.0001000000
1677571200000,0.0001000000
1677600000000,0.0001000000
1677628800000,0.0001000000
1677657600000,0.0001000000
1677686400000,0.0001000000
1677715200000,0.0001000000
1677744000000,0.0001000000
1677772800000,0.0001000000
1677801600000,0.0001000000
1677830400000,0.0001000000
1677859200000,0.0001000000
1677888000000,0.0001000000
1677916800000,0.0000411000
1677945600000,0.0001000000
1677974400000,0.0001000000
1678003200000,0.0001000000
1678032000000,0.0001000000
1678060800000,0.0001000000
1678089600000,0.0001000000
1678118400000,0.0001000000
1678147200000,0.0001000000
1678176000000,0.0001000000
1678204800000,0.0001000000
1678233600000,0.0001000000
1678262400000,0.0001000000
1678291200000,0.0001000000
1678320000000,0.0001000000
1678348800000,0.0000890700
1678377600000,0.0000423100
1678406400000,0.0001000000
1678435200000,0.0000788300
1678464000000,0.0001000000
1678492800000,0.0001000000
1678521600000,0.0001000000
1678550400000,0.0001000000
1678579200000,0.0001000000
1678608000000,0.0001000000
1678636800000,0.0001000000
1678665600000,0.0001000000
1678694400000,0.0001000000
1678723200000,0.0001000000
1678752000000,0.0001000000
1678780800000,0.0001000000
1678809600000,0.0001000000
1678838400000,0.0001000000
1678867200000,0.0001000000
1678896000000,0.0001000000
1678924800000,0.0001000000
1678953600000,0.0001000000
1678982400000,0.0001000000
1679011200000,0.0001000000
1679040000000,0.0001000000
1679068800000,0.0001000000
1679097600000,0.0001000000
1679126400000,0.0001000000
1679155200000,0.0001000000
1679184000000,0.0001000000
1679212800000,-0.0001475800
1679241600000,0.0000460300
1679270400000,0.0000070200
1679299200000,0.0001000000
1679328000000,0.0001000000
1679356800000,0.0000141500
1679385600000,0.0000966900
1679414400000,0.0001000000
1679443200000,0.0000723600
1679472000000,0.0000184400
1679500800000,0.0001000000
1679529600000,-0.0000958900
1679558400000,-0.0002800100
1679587200000,-0.0001711700
1679616000000,0.0001000000
1679644800000,0.0001000000
1679673600000,0.0001000000
1679702400000,0.0001000000
1679731200000,0.0001000000
1679760000000,0.0001000000
1679788800000,0.0001000000
1679817600000,0.0001000000
1679846400000,0.0001000000
1679875200000,0.0000998600
1679904000000,0.0001000000
1679932800000,0.0001000000
1679961600000,0.0001000000
1679990400000,0.0001000000
1680019200000,0.0001000000
1680048000000,0.0000465200
1680076800000,0.0001000000
1680105600000,0.0001000000
1680134400000,0.0001000000
1680163200000,0.0001000000
1680192000000,0.0001000000
1680220800000,0.0000236100
1680249600000,0.0000692600
1680278400000,0.0001000000
1680307200000,0.0001000000
1680336000000,0.0001000000
1680364800000,0.0001000000
1680393600000,0.0001000000
1680422400000,0.0000825400
1680451200000,0.0001000000
1680480000000,0.0001000000
1680508800000,0.0001000000
1680537600000,0.0001000000
1680566400000,0.0001000000
1680595200000,0.0001000000
1680624000000,0.0001000000
1680652800000,0.0001000000
1680681600000,0.0001000000
1680710400000,0.0001000000
1680739200000,0.0001000000
1680768000000,0.0000942200
1680796800000,0.0001000000
1680825600000,0.0001000000
1680854400000,0.0001000000
1680883200000,0.0001000000
1680912000000,0.0001000000
1680940800000,0.0001000000
1680969600000,0.0001000000
1680998400000,0.0001000000
1681027200000,0.0001000000
1681056000000,0.0001000000
1681084800000,0.0001000000
1681113600000,0.0000644000
1681142400000,0.0001000000
1681171200000,0.0001000000
1681200000000,0.0001000000
1681228800000,0.0001000000
1681257600000,0.0001000000
1681286400000,0.0001000000
1681315200000,0.0001000000
1681344000000,0.0001000000
1681372800000,0.0001000000
1681401600000,0.0001000000
1681430400000,0.0001000000
1681459200000,0.0001000000
1681488000000,0.0001000000
1681516800000,0.0001000000
1681545600000,0.0001000000
1681574400000,0.0001000000
1681603200000,0.0001000000
1681632000000,0.0001000000
1681660800000,0.0001000000
1681689600000,0.0001000000
1681718400000,0.0001000000
1681747200000,0.0001000000
1681776000000,0.0001000000
1681804800000,0.0001000000
1681833600000,0.0002404200
1681862400000,0.0001026300
1681891200000,0.0001000000
1681920000000,0.0001000000
1681948800000,0.0001000000
1681977600000,0.0001000000
1682006400000,0.0001000000
1682035200000,0.0001000000
1682064000000,0.0001000000
1682092800000,0.0001000000
1682121600000,0.0001000000
1682150400000,0.0001000000
1682179200000,0.0000344400
1682208000000,0.0001000000
1682236800000,0.0001000000
1682265600000,0.0000971800
1682294400000,0.0000390800
1682323200000,0.0000469900
1682352000000,0.0000490300
1682380800000,0.0001000000
1682409600000,0.0001000000
1682438400000,0.0000560500
1682467200000,0.0001000000
1682496000000,0.0001000000
1682524800000,0.0001000000
1682553600000,0.0001000000
1682582400000,0.0001000000
1682611200000,0.0001000000
1682640000000,0.0001000000
1682668800000,0.0001000000
1682697600000,0.0001000000
1682726400000,0.0001000000
1682755200000,0.0001000000
1682784000000,0.0001000000
1682812800000,0.0001000000
1682841600000,0.0001000000
1682870400000,0.0001000000
1682899200000,0.0001000000
1682928000000,0.0001000000
1682956800000,0.0001000000
1682985600000,0.0001000000
1683014400000,0.0001000000
1683043200000,0.0001000000
1683072000000,0.0001000000
1683100800000,0.0001000000
1683129600000,0.0000424000
1683158400000,0.0000646300
1683187200000,0.0001000000
1683216000000,0.0001000000
1683244800000,0.0000883500
1683273600000,0.0001000000
1683302400000,0.0001000000
1683331200000,0.0001000000
1683360000000,0.0001000000
1683388800000,0.0001000000
1683417600000,0.0000389700
1683446400000,0.0000802700
1683475200000,0.0000304400
1683504000000,0.0001000000
1683532800000,0.0001000000
1683561600000,0.0001000000
1683590400000,0.0000606300
1683619200000,0.0000791700
1683648000000,0.0000307700
1683676800000,-0.0000144400
1683705600000,0.0000515600
1683734400000,0.0000458500
1683763200000,0.0000321500
1683792000000,0.0000569400
1683820800000,0.0000497000
1683849600000,0.0001000000
1683878400000,0.0000889000
1683907200000,0.0000615600
1683936000000,0.0000404900
1683964800000,0.0000708300
1683993600000,0.0000571100
1684022400000,0.0000922900
1684051200000,0.0001000000
1684080000000,0.0000590700
1684108800000,0.0000436100
1684137600000,0.0000417100
1684166400000,0.0000249800
1684195200000,0.0000046800
1684224000000,0.0000708300
1684252800000,-0.0000018900
1684281600000,-0.0000010700
1684310400000,0.0000518600
1684339200000,0.0000743800
1684368000000,0.0000706600
1684396800000,0.0000679100
1684425600000,0.0001000000
1684454400000,0.0001000000
1684483200000,0.0001000000
1684512000000,0.0000868800
1684540800000,0.0001000000
1684569600000,0.0001000000
1684598400000,0.0001000000
1684627200000,0.0000389900
1684656000000,0.0000176200
1684684800000,0.0000986100
1684713600000,0.0000460900
1684742400000,0.0001000000
1684771200000,0.0001000000
1684800000000,0.0001000000
1684828800000,0.0001000000
1684857600000,0.0001000000
1684886400000,0.0001000000
1684915200000,0.0001000000
1684944000000,0.0001000000
1684972800000,0.0001000000
1685001600000,0.0001000000
1685030400000,0.0001000000
1685059200000,0.0001000000
1685088000000,0.0001000000
1685116800000,0.0001000000
1685145600000,0.0000888200
1685174400000,0.0000809500
1685203200000,0.0001000000
1685232000000,0.0001000000
1685260800000,0.0001000000
1685289600000,0.0001000000
1685318400000,0.0001000000
1685347200000,0.0001000000
1685376000000,0.0001000000
1685404800000,0.0001000000
1685433600000,0.0001000000
1685462400000,0.0001000000
1685491200000,0.0001000000
1685520000000,0.0001000000
1685548800000,0.0001000000
1685577600000,0.0001000000
1685606400000,0.0000606500
1685635200000,0.0000750100
1685664000000,0.0001000000
1685692800000,0.0001000000
1685721600000,0.0001000000
1685750400000,0.0001000000
1685779200000,0.0000749400
1685808000000,0.0000607300
1685836800000,0.0001000000
1685865600000,0.0001000000
1685894400000,0.0000573400
1685923200000,0.0001000000
1685952000000,0.0001000000
1685980800000,0.0001000000
1686009600000,0.0001000000
1686038400000,0.0001000000
1686067200000,0.0000288800
1686096000000,0.0001000000
1686124800000,0.0001000000
1686153600000,0.0001000000
1686182400000,0.0001000000
1686211200000,0.0001000000
1686240000000,0.0001000000
1686268800000,0.0001000000
1686297600000,0.0001000000
1686326400000,0.0000708900
1686355200000,0.0001000000
1686384000000,0.0001000000
1686412800000,0.0001000000
1686441600000,0.0000284000
1686470400000,0.0000154600
1686499200000,0.0001000000
1686528000000,0.0000485900
1686556800000,0.0001000000
1686585600000,0.0001000000
1686614400000,0.0000364400
1686643200000,-0.0000179800
1686672000000,0.0001000000
1686700800000,0.0000883000
1686729600000,0.0000917800
1686758400000,0.0001000000
1686787200000,0.0000479300
1686816000000,0.0001000000
1686844800000,0.0000862200
1686873600000,0.0001000000
1686902400000,0.0001000000
1686931200000,0.0000804800
1686960000000,0.0000406300
1686988800000,0.0000576300
1687017600000,0.0000987500
1687046400000,0.0000263900
1687075200000,0.0000955400
1687104000000,0.0001000000
1687132800000,0.0001000000
1687161600000,0.0001000000
1687190400000,0.0001000000
1687219200000,0.0000158600
1687248000000,0.0000164900
1687276800000,0.0000477300
1687305600000,0.0001000000
1687334400000,0.0001000000
1687363200000,0.0001000000
1687392000000,0.0001000000
1687420800000,0.0000715500
1687449600000,0.0001000000
1687478400000,0.0000933100
1687507200000,0.0001000000
1687536000000,0.0001000000
1687564800000,0.0001000000
1687593600000,0.0001000000
1687622400000,0.0001000000
1687651200000,0.0001000000
1687680000000,0.0001000000
1687708800000,0.0001000000
1687737600000,0.0001000000
1687766400000,0.0001000000
1687795200000,0.0001000000
1687824000000,0.0001000000
1687852800000,0.0001000000
1687881600000,0.0001000000
1687910400000,0.0001000000
1687939200000,0.0001000000
1687968000000,0.0001000000
1687996800000,0.0001000000
1688025600000,0.0000408100
1688054400000,0.0001000000
1688083200000,0.0001000000
1688112000000,0.0001000000
1688140800000,0.0001000000
1688169600000,0.0001000000
1688198400000,0.0001000000
1688227200000,0.0001000000
1688256000000,0.0001000000
1688284800000,0.0001000000
1688313600000,0.0001000000
1688342400000,0.0001000000
1688371200000,0.0001000000
1688400000000,0.0001000000
1688428800000,0.0001000000
1688457600000,0.0001000000
1688486400000,0.0001000000
1688515200000,0.0001000000
1688544000000,0.0001000000
1688572800000,0.0001000000
1688601600000,0.0001000000
1688630400000,0.0001000000
1688659200000,0.0001000000
1688688000000,0.0001000000
1688716800000,0.0001000000
1688745600000,0.0000904300
1688774400000,0.0000616600
1688803200000,0.0001000000
1688832000000,0.0001000000
1688860800000,0.0001000000
1688889600000,0.0001000000
1688918400000,0.0001000000
1688947200000,0.0001000000
1688976000000,0.0001000000
1689004800000,0.0000967100
1689033600000,0.0000062600
1689062400000,0.0000888100
1689091200000,0.0001000000
1689120000000,0.0001000000
1689148800000,0.0001000000
1689177600000,0.0000829500
1689206400000,0.0001000000
1689235200000,0.0000738000
1689264000000,0.0001000000
1689292800000,0.0001000000
1689321600000,0.0001000000
1689350400000,0.0001000000
1689379200000,0.0001000000
1689408000000,0.0001000000
1689436800000,0.0001000000
1689465600000,0.0001000000
1689494400000,0.0001000000
1689523200000,0.0001000000
1689552000000,0.0000554000
1689580800000,0.0001000000
1689609600000,0.0001000000
1689638400000,0.0000913700
1689667200000,0.0001000000
1689696000000,0.0001000000
1689724800000,0.0001000000
1689753600000,0.0000972200
1689782400000,-0.0000290400
1689811200000,0.0000504000
1689840000000,0.0001000000
1689868800000,0.0000494300
1689897600000,0.0000728000
1689926400000,0.0001000000
1689955200000,0.0001000000
1689984000000,0.0000188900
1690012800000,0.0000662900
1690041600000,0.0000752100
1690070400000,0.0000944900
1690099200000,0.0000979200
1690128000000,0.0001000000
1690156800000,-0.0000205700
1690185600000,0.0000499300
1690214400000,0.0000790400
1690243200000,0.0001000000
1690272000000,0.0000529000
1690300800000,0.0000192100
1690329600000,-0.0000155600
1690358400000,0.0000362800
1690387200000,0.0000657600
1690416000000,0.0000346500
1690444800000,0.0000873500
1690473600000,0.0001000000
1690502400000,0.0000687200
1690531200000,0.0001000000
1690560000000,0.0001000000
1690588800000,0.0000609800
1690617600000,0.0000836900
1690646400000,0.0000883800
1690675200000,0.0000439800
1690704000000,0.0001000000
1690732800000,0.0001000000
1690761600000,0.0001000000
1690790400000,0.0001000000
1690819200000,0.0000591300
1690848000000,0.0001000000
1690876800000,0.0001000000
1690905600000,0.0001000000
1690934400000,-0.0000805100
1690963200000,0.0001000000
1690992000000,-0.0000426200
1691020800000,0.0000588400
1691049600000,0.0001000000
1691078400000,0.0001000000
1691107200000,0.0000951100
1691136000000,0.0000605400
1691164800000,0.0000359900
1691193600000,0.0001000000
1691222400000,0.0001000000
1691251200000,0.0001000000
1691280000000,0.0000920900
1691308800000,0.0000915600
1691337600000,0.0001000000
1691366400000,0.0001000000
1691395200000,0.0001000000
1691424000000,0.0001000000
1691452800000,0.0001000000
1691481600000,0.0001000000
1691510400000,0.0001000000
1691539200000,0.0000022100
1691568000000,0.0000745600
1691596800000,0.0001000000
1691625600000,0.0001000000
1691654400000,0.0000420900
1691683200000,0.0001000000
1691712000000,0.0001000000
1691740800000,-0.0000212200
1691769600000,0.0000188600
1691798400000,0.0001000000
1691827200000,0.0001000000
1691856000000,0.0001000000
1691884800000,0.0001000000
1691913600000,0.0001000000
1691942400000,0.0001000000
1691971200000,0.0001000000
1692000000000,0.0001000000
1692028800000,0.0001000000
1692057600000,0.0001000000
1692086400000,0.0001000000
1692115200000,0.0001000000
1692144000000,0.0000905500
1692172800000,0.0000915700
1692201600000,0.0000989300
1692230400000,0.0000557700
1692259200000,-0.0000888200
1692288000000,-0.0000236000
1692316800000,-0.0002004600
1692345600000,-0.0001641700
1692374400000,-0.0001099600
1692403200000,-0.0000699600
1692432000000,0.0000005000
1692460800000,-0.0000988400
1692489600000,-0.0002585900
1692518400000,-0.0001581700
1692547200000,-0.0000083500
1692576000000,-0.0000878600
1692604800000,-0.0000002600
1692633600000,-0.0000038600
1692662400000,-0.0001069500
1692691200000,-0.0001527900
1692720000000,-0.0000307100
1692748800000,0.0000385000
1692777600000,-0.0000271300
1692806400000,-0.0000001400
1692835200000,-0.0000087000
1692864000000,-0.0000741900
1692892800000,-0.0000725500
1692921600000,-0.0000224900
1692950400000,-0.0000115900
1692979200000,0.0000440600
1693008000000,0.0001000000
1693036800000,0.0000833000
1693065600000,0.0001000000
1693094400000,0.0000132500
1693123200000,0.0000985100
1693152000000,0.0000489400
1693180800000,0.0001000000
1693209600000,0.0000346600
1693238400000,0.0000417700
1693267200000,0.0000202800
1693296000000,0.0000399200
1693324800000,0.0001000000
1693353600000,-0.0000273300
1693382400000,-0.0000045200
1693411200000,0.0000674800
1693440000000,0.0000578200
1693468800000,0.0000523000
1693497600000,0.0000918600
1693526400000,0.0000169700
1693555200000,0.0000354800
1693584000000,-0.0000134000
1693612800000,0.0000013600
1693641600000,0.0000070300
1693670400000,-0.0000328600
1693699200000,0.0000167900
1693728000000,-0.0000639400
1693756800000,0.0000102200
1693785600000,0.0000566000
1693814400000,0.0000592100
1693843200000,0.0000515700
1693872000000,0.0001000000
1693900800000,0.0000881600
1693929600000,0.0000479000
1693958400000,0.0000432400
1693987200000,0.0000224900
1694016000000,0.0000055200
1694044800000,0.0000137400
1694073600000,0.0000455600
1694102400000,0.0000481100
1694131200000,0.0000136900
1694160000000,0.0000768200
1694188800000,-0.0001650200
1694217600000,-0.0000671500
1694246400000,-0.0001230700
1694275200000,-0.0000171600
1694304000000,0.0000585800
1694332800000,-0.0000109400
1694361600000,0.0000575500
1694390400000,-0.0000360200
1694419200000,0.0000176500
1694448000000,0.0000109900
1694476800000,-0.0000025100
1694505600000,0.0000312400
1694534400000,0.0000610700
1694563200000,0.0000179600
1694592000000,-0.0000246100
1694620800000,-0.0000013500
1694649600000,0.0000751200
1694678400000,0.0001000000
1694707200000,0.0000636600
1694736000000,0.0000514200
1694764800000,0.0001000000
1694793600000,0.0001000000
1694822400000,0.0000775500
1694851200000,0.0001000000
1694880000000,0.0000303100
1694908800000,0.0000833400
1694937600000,0.0001000000
1694966400000,-0.0000444700
1694995200000,-0.0000059700
1695024000000,0.0000679100
1695052800000,0.0000541900
1695081600000,-0.0000196300
1695110400000,-0.0000166200
1695139200000,0.0000816000
1695168000000,0.0000607600
1695196800000,0.0001000000
1695225600000,0.0001000000
1695254400000,0.0000234900
1695283200000,0.0000145600
1695312000000,0.0000654100
1695340800000,-0.0000676000
1695369600000,0.0000733500
1695398400000,0.0000405200
1695427200000,0.0000570100
1695456000000,-0.0000136100
1695484800000,0.0000192800
1695513600000,0.0000093400
1695542400000,0.0000259800
1695571200000,-0.0000390200
1695600000000,0.0000955300
1695628800000,0.0000721600
1695657600000,0.0000944300
1695686400000,0.0000937000
1695715200000,0.0001000000
1695744000000,0.0000985800
1695772800000,0.0000917400
1695801600000,0.0000120800
1695830400000,0.0000135000
1695859200000,0.0001000000
1695888000000,0.0000359000
1695916800000,0.0000480300
1695945600000,0.0000754600
1695974400000,0.0000686400
1696003200000,0.0001000000
1696032000000,0.0000306400
1696060800000,0.0001000000
1696089600000,0.0001000000
1696118400000,0.0001000000
1696147200000,0.0001000000
1696176000000,0.0001000000
1696204800000,0.0000764100
1696233600000,0.0001000000
1696262400000,0.0000021100
1696291200000,0.0000829000
1696320000000,0.0000689100
1696348800000,0.0000180900
1696377600000,0.0000470900
1696406400000,0.0000164200
1696435200000,0.0000902600
1696464000000,0.0000413400
1696492800000,-0.0000067100
1696521600000,-0.0000414700
1696550400000,0.0000309800
1696579200000,0.0000050300
1696608000000,0.0000170700
1696636800000,-0.0000082100
1696665600000,0.0000491500
1696694400000,0.0000050100
1696723200000,-0.0000113500
1696752000000,-0.0000295400
1696780800000,0.0000181600
1696809600000,-0.0001001600
1696838400000,0.0000331700
1696867200000,0.0001000000
1696896000000,0.0000301300
1696924800000,0.0000247100
1696953600000,0.0000754800
1696982400000,0.0000139600
1697011200000,0.0000771500
1697040000000,0.0001000000
1697068800000,0.0001000000
1697097600000,0.0000674900
1697126400000,0.0000694700
1697155200000,0.0000836400
1697184000000,0.0000752700
1697212800000,0.0000153600
1697241600000,0.0000037400
1697270400000,0.0000717100
1697299200000,-0.0000067200
1697328000000,-0.0000400000
1697356800000,0.0000681200
1697385600000,0.0000405400
1697414400000,0.0000180600
1697443200000,0.0000114200
1697472000000,0.0000360100
1697500800000,0.0000685800
1697529600000,0.0001000000
1697558400000,0.0000854500
1697587200000,0.0000572700
1697616000000,0.0000103000
1697644800000,-0.0000133000
1697673600000,0.0001000000
1697702400000,0.0001000000
1697731200000,-0.0000366700
1697760000000,0.0000349400
1697788800000,-0.0000749700
1697817600000,0.0000043300
1697846400000,-0.0000087000
1697875200000,-0.0000010100
1697904000000,0.0000168800
1697932800000,0.0001000000
1697961600000,0.0001000000
1697990400000,0.0000065800
1698019200000,0.0001000000
1698048000000,0.0000906300
1698076800000,0.0001000000
1698105600000,0.0001000000
1698134400000,0.0001000000
1698163200000,0.0001000000
1698192000000,0.0001000000
1698220800000,0.0001000000
1698249600000,0.0001000000
1698278400000,0.0001000000
1698307200000,0.0001000000
1698336000000,0.0001000000
1698364800000,0.0001000000
1698393600000,0.0001000000
1698422400000,0.0001000000
1698451200000,0.0001000000
1698480000000,0.0001000000
1698508800000,0.0001000000
1698537600000,0.0001000000
1698566400000,0.0001000000
1698595200000,0.0001000000
1698624000000,0.0001000000
1698652800000,0.0001000000
1698681600000,0.0001000000
1698710400000,0.0001000000
1698739200000,0.0001000000
1698768000000,0.0001000000
1698796800000,0.0001033300
1698825600000,0.0001000000
1698854400000,0.0001000000
1698883200000,0.0001171800
1698912000000,0.0003071000
1698940800000,0.0001772700
1698969600000,0.0001000000
1698998400000,0.0001000000
1699027200000,0.0001000000
1699056000000,0.0001000000
1699084800000,0.0001000000
1699113600000,0.0001000000
1699142400000,0.0001000000
1699171200000,0.0001000000
1699200000000,0.0001714100
1699228800000,0.0001110300
1699257600000,0.0002580100
1699286400000,0.0003714500
1699315200000,0.0003907600
1699344000000,0.0002687300
1699372800000,0.0001021400
1699401600000,0.0001000000
1699430400000,0.0001880100
1699459200000,0.0002368700
1699488000000,0.0002263300
1699516800000,0.0003071600
1699545600000,0.0004228800
1699574400000,0.0001000000
1699603200000,0.0003485300
1699632000000,0.0001527800
1699660800000,0.0002429400
1699689600000,0.0001759400
1699718400000,0.0003244600
1699747200000,0.0002487000
1699776000000,0.0002532200
1699804800000,0.0003821100
1699833600000,0.0004291000
1699862400000,0.0003244000
1699891200000,0.0003447300
1699920000000,0.0001407300
1699948800000,0.0001484800
1699977600000,0.0001698900
1700006400000,0.0001000000
1700035200000,0.0001000000
1700064000000,0.0001000000
1700092800000,0.0001000000
1700121600000,0.0002271300
1700150400000,0.0001090000
1700179200000,0.0001000000
1700208000000,0.0002343600
1700236800000,0.0001000000
1700265600000,0.0001000000
1700294400000,0.0001000000
1700323200000,0.0001000000
1700352000000,0.0001000000
1700380800000,0.0001000000
1700409600000,0.0001000000
1700438400000,0.0001000000
1700467200000,0.0001428300
1700496000000,0.0001000000
1700524800000,0.0001000000
1700553600000,0.0001000000
1700582400000,0.0001171400
1700611200000,0.0001000000
1700640000000,0.0001000000
1700668800000,0.0001000000
1700697600000,0.0001000000
1700726400000,0.0001000000
1700755200000,0.0001000000
1700784000000,0.0001000000
1700812800000,0.0001000000
1700841600000,0.0001000000
1700870400000,0.0001000000
1700899200000,0.0001000000
1700928000000,0.0001000000
1700956800000,0.0001000000
1700985600000,0.0001000000
1701014400000,0.0001000000
1701043200000,0.0001000000
1701072000000,0.0001000000
1701100800000,0.0001000000
1701129600000,0.0001000000
1701158400000,0.0001000000
1701187200000,0.0001000000
1701216000000,0.0001000000
1701244800000,0.0001000000
1701273600000,0.0001000000
1701302400000,0.0001000000
1701331200000,0.0001000000
1701360000000,0.0001000000
1701388800000,0.0001000000
1701417600000,0.0001000000
1701446400000,0.0001000000
1701475200000,0.0001000000
1701504000000,0.0001000000
1701532800000,0.0001000000
1701561600000,0.0001000000
1701590400000,0.0002853200
1701619200000,0.0001860600
1701648000000,0.0002758400
1701676800000,0.0004231700
1701705600000,0.0001870300
1701734400000,0.0002068100
1701763200000,0.0001718600
1701792000000,0.0001014300
1701820800000,0.0002730600
1701849600000,0.0003419400
1701878400000,0.0002539000
1701907200000,0.0002853600
1701936000000,0.0002016400
1701964800000,0.0003009500
1701993600000,0.0003338800
1702022400000,0.0003768100
1702051200000,0.0002704900
1702080000000,0.0003914400
1702108800000,0.0005862200
1702137600000,0.0006020400
1702166400000,0.0004363000
1702195200000,0.0004340900
1702224000000,0.0003560800
1702252800000,0.0003656800
1702281600000,0.0001000000
1702310400000,0.0001000000
1702339200000,0.0001000000
1702368000000,0.0001000000
1702396800000,0.0002061600
1702425600000,0.0001710900
1702454400000,0.0001098900
1702483200000,0.0001337800
1702512000000,0.0001090900
1702540800000,0.0002296200
1702569600000,0.0003025600
1702598400000,0.0003242400
1702627200000,0.0004565000
1702656000000,0.0002296800
1702684800000,0.0001781600
1702713600000,0.0001713500
1702742400000,0.0002425200
1702771200000,0.0001536200
1702800000000,0.0001830300
1702828800000,0.0002140200
1702857600000,0.0001555400
1702886400000,0.0001664800
1702915200000,0.0001416000
1702944000000,0.0001531700
1702972800000,0.0001000000
1703001600000,0.0001000000
1703030400000,0.0001061900
1703059200000,0.0001000000
1703088000000,0.0002135200
1703116800000,0.0004299900
1703145600000,0.0002485700
1703174400000,0.0004020500
1703203200000,0.0005164900
1703232000000,0.0004718100
1703260800000,0.0005833700
1703289600000,0.0002977400
1703318400000,0.0002456400
1703347200000,0.0004256300
1703376000000,0.0003185900
1703404800000,0.0003544300
1703433600000,0.0003835100
1703462400000,0.0003872200
1703491200000,0.0003905800
1703520000000,0.0004787100
1703548800000,0.0006227000
1703577600000,0.0004977800
1703606400000,0.0005649700
1703635200000,0.0002790900
1703664000000,0.0003954400
1703692800000,0.0005276400
1703721600000,0.0004346700
1703750400000,0.0005520600
1703779200000,0.0006591700
1703808000000,0.0005058800
1703836800000,0.0005356400
1703865600000,0.0004299500
1703894400000,0.0003290500
1703923200000,0.0003196900
1703952000000,0.0003339300
1703980800000,0.0003348700
1704009600000,0.0004638200
1704038400000,0.0004888500
1704067200000,0.0002531900
1704096000000,0.0002642300
1704124800000,0.0003342300
1704153600000,0.0004950300
1704182400000,0.0006546600
1704211200000,0.0007118000
1704240000000,0.0005827400
1704268800000,0.0004458000
1704297600000,0.0001000000
1704326400000,0.0001000000
1704355200000,0.0001000000
1704384000000,0.0001000000
1704412800000,0.0001000000
1704441600000,0.0001000000
1704470400000,0.0001000000
1704499200000,0.0001000000
1704528000000,0.0001000000
1704556800000,0.0001000000
1704585600000,0.0001000000
1704614400000,0.0001000000
1704643200000,0.0001000000
1704672000000,0.0001000000
1704700800000,0.0001000000
1704729600000,0.0001000000
1704758400000,0.0001000000
1704787200000,0.0001000000
1704816000000,0.0001000000
1704844800000,0.0001000000
1704873600000,0.0001000000
1704902400000,0.0001000000
1704931200000,0.0001000000
1704960000000,0.0001000000
1704988800000,0.0001000000
1705017600000,0.0001000000
1705046400000,0.0001000000
1705075200000,0.0001000000
1705104000000,0.0001000000
1705132800000,0.0001000000
1705161600000,0.0001000000
1705190400000,0.0001000000
1705219200000,0.0001000000
1705248000000,0.0001000000
1705276800000,0.0001000000
1705305600000,0.0001000000
1705334400000,0.0001000000
1705363200000,0.0001000000
1705392000000,0.0001000000
1705420800000,0.0001000000
1705449600000,0.0001000000
1705478400000,0.0001000000
1705507200000,0.0001000000
1705536000000,0.0001000000
1705564800000,0.0001000000
1705593600000,0.0001000000
1705622400000,0.0001000000
1705651200000,0.0001000000
1705680000000,0.0001000000
1705708800000,0.0001000000
1705737600000,0.0001000000
1705766400000,0.0001000000
1705795200000,0.0001000000
1705824000000,0.0001000000
1705852800000,0.0001000000
1705881600000,0.0001000000
1705910400000,0.0001000000
1705939200000,0.0001000000
1705968000000,0.0001000000
1705996800000,0.0001000000
1706025600000,0.0001000000
1706054400000,0.0001000000
1706083200000,0.0001000000
1706112000000,0.0001000000
1706140800000,0.0001000000
1706169600000,0.0001000000
1706198400000,0.0001000000
1706227200000,0.0001000000
1706256000000,0.0001000000
1706284800000,0.0001000000
1706313600000,0.0001000000
1706342400000,0.0001000000
1706371200000,0.0001000000
1706400000000,0.0001000000
1706428800000,0.0001000000
1706457600000,0.0001000000
1706486400000,0.0001000000
1706515200000,0.0001000000
1706544000000,0.0001000000
1706572800000,0.0001000000
1706601600000,0.0001000000
1706630400000,0.0001000000
1706659200000,0.0001000000
1706688000000,0.0001000000
1706716800000,0.0001000000
1706745600000,0.0001000000
1706774400000,0.0001000000
1706803200000,0.0001000000
1706832000000,0.0001000000
1706860800000,0.0001000000
1706889600000,0.0001000000
1706918400000,0.0001000000
1706947200000,0.0001000000
1706976000000,0.0001000000
1707004800000,0.0001000000
1707033600000,0.0001000000
1707062400000,0.0001000000
1707091200000,0.0001000000
1707120000000,0.0001000000
1707148800000,0.0001000000
1707177600000,0.0001000000
1707206400000,0.0001000000
1707235200000,0.0001000000
1707264000000,0.0001000000
1707292800000,0.0001000000
1707321600000,0.0001000000
1707350400000,0.0001000000
1707379200000,0.0001000000
1707408000000,0.0001000000
1707436800000,0.0001000000
1707465600000,0.0001000000
1707494400000,0.0001000000
1707523200000,0.0001000000
1707552000000,0.0001000000
1707580800000,0.0001000000
1707609600000,0.0001000000
1707638400000,0.0001000000
1707667200000,0.0001000000
1707696000000,0.0001000000
1707724800000,0.0001000000
1707753600000,0.0001000000
1707782400000,0.0001000000
1707811200000,0.0001362600
1707840000000,0.0001000000
1707868800000,0.0001000000
1707897600000,0.0001000000
1707926400000,0.0001000000
1707955200000,0.0001896800
1707984000000,0.0001443500
1708012800000,0.0001568500
1708041600000,0.0001633300
1708070400000,0.0002043500
1708099200000,0.0001803400
1708128000000,0.0001073400
1708156800000,0.0002478900
1708185600000,0.0001019300
1708214400000,0.0001000000
1708243200000,0.0001000000
1708272000000,0.0001897500
1708300800000,0.0002650300
1708329600000,0.0002730900
1708358400000,0.0002991300
1708387200000,0.0003567600
1708416000000,0.0003097600
1708444800000,0.0002169300
1708473600000,0.0001000000
1708502400000,0.0001000000
1708531200000,0.0001000000
1708560000000,0.0001000000
1708588800000,0.0001000000
1708617600000,0.0001254000
1708646400000,0.0001280300
1708675200000,0.0001000000
1708704000000,0.0001000000
1708732800000,0.0001000000
1708761600000,0.0001446900
1708790400000,0.0001502000
1708819200000,0.0001705000
1708848000000,0.0001644900
1708876800000,0.0002470000
1708905600000,0.0003598000
1708934400000,0.0002626000
1708963200000,0.0002807400
1708992000000,0.0003278400
1709020800000,0.0005406900
1709049600000,0.0003713100
1709078400000,0.0003057400
1709107200000,0.0004285000
1709136000000,0.0005405700
1709164800000,0.0004044000
1709193600000,0.0006436200
1709222400000,0.0007403700
1709251200000,0.0005953900
1709280000000,0.0004535700
1709308800000,0.0005891700
1709337600000,0.0005585400
1709366400000,0.0007935500
1709395200000,0.0006640300
1709424000000,0.0005922000
1709452800000,0.0005614500
1709481600000,0.0004290900
1709510400000,0.0005652000
1709539200000,0.0006320800
1709568000000,0.0007034600
1709596800000,0.0007702000
1709625600000,0.0011652500
1709654400000,0.0009975700
1709683200000,0.0001600100
1709712000000,0.0001000000
1709740800000,0.0004301100
1709769600000,0.0002665300
1709798400000,0.0002970900
1709827200000,0.0004910100
1709856000000,0.0003823000
1709884800000,0.0004819400
1709913600000,0.0004497900
1709942400000,0.0002971400
1709971200000,0.0003249000
1710000000000,0.0004026000
1710028800000,0.0004153400
1710057600000,0.0006129600
1710086400000,0.0001603000
1710115200000,0.0002670400
1710144000000,0.0003572600
1710172800000,0.0004541000
1710201600000,0.0009078000
1710230400000,0.0005290700
1710259200000,0.0003611100
1710288000000,0.0003963100
1710316800000,0.0005515500
1710345600000,0.0006093400
1710374400000,0.0004970800
1710403200000,0.0007275800
1710432000000,0.0006276200
1710460800000,0.0006440600
1710489600000,0.0003434500
1710518400000,0.0001745400
1710547200000,0.0001000000
1710576000000,0.0001584600
1710604800000,0.0001000000
1710633600000,0.0001000000
1710662400000,0.0001000000
1710691200000,0.0002153500
1710720000000,0.0001000000
1710748800000,0.0001655000
1710777600000,0.0001044900
1710806400000,0.0001000000
1710835200000,0.0001000000
1710864000000,0.0001000000
1710892800000,0.0001000000
1710921600000,0.0001000000
1710950400000,0.0001000000
1710979200000,0.0001000000
1711008000000,0.0001000000
1711036800000,0.0001000000
1711065600000,0.0001000000
1711094400000,0.0001000000
1711123200000,0.0001000000
1711152000000,0.0001000000
1711180800000,0.0001000000
1711209600000,0.0001000000
1711238400000,0.0001000000
1711267200000,0.0001000000
1711296000000,0.0001000000
1711324800000,0.0001000000
1711353600000,0.0001261000
1711382400000,0.0001593900
1711411200000,0.0002988200
1711440000000,0.0002515700
1711468800000,0.0002605900
1711497600000,0.0003565000
1711526400000,0.0004418500
1711555200000,0.0002792000
1711584000000,0.0003217100
1711612800000,0.0003411000
1711641600000,0.0004871500
1711670400000,0.0003860000
1711699200000,0.0004762800
1711728000000,0.0007189200
1711756800000,0.0005093200
1711785600000,0.0003840300
1711814400000,0.0005655800
1711843200000,0.0003071100
1711872000000,0.0005236000
1711900800000,0.0005460800
1711929600000,0.0007468400
1711958400000,0.0004727000
1711987200000,0.0002335300
1712016000000,0.0001649200
1712044800000,0.0001000000
1712073600000,0.0001000000
1712102400000,0.0001094000
1712131200000,0.0001000000
1712160000000,0.0001000000
1712188800000,0.0001000000
1712217600000,0.0001000000
1712246400000,0.0001000000
1712275200000,0.0001000000
1712304000000,0.0001379000
1712332800000,0.0001398800
1712361600000,0.0002272100
1712390400000,0.0001669200
1712419200000,0.0001000000
1712448000000,0.0001553800
1712476800000,0.0001333900
1712505600000,0.0001380700
1712534400000,0.0002592200
1712563200000,0.0001142000
1712592000000,0.0002517900
1712620800000,0.0002203500
1712649600000,0.0002064800
1712678400000,0.0001754800
1712707200000,0.0001572100
1712736000000,0.0001000000
1712764800000,0.0001000000
1712793600000,0.0001000000
1712822400000,0.0001000000
1712851200000,0.0001000000
1712880000000,0.0001000000
1712908800000,0.0001051500
1712937600000,0.0001000000
1712966400000,0.0001000000
1712995200000,0.0001000000
1713024000000,0.0001000000
1713052800000,0.0001000000
1713081600000,0.0001000000
1713110400000,0.0001000000
1713139200000,0.0001000000
1713168000000,0.0001000000
1713196800000,0.0000995700
1713225600000,0.0001000000
1713254400000,0.0000122200
1713283200000,0.0001000000
1713312000000,0.0000820600
1713340800000,0.0001000000
1713369600000,0.0000412300
1713398400000,0.0000560200
1713427200000,0.0000815600
1713456000000,0.0000371400
1713484800000,0.0001000000
1713513600000,0.0001000000
1713542400000,0.0000244400
1713571200000,0.0000610700
1713600000000,0.0001000000
1713628800000,0.0000928100
1713657600000,0.0001000000
1713686400000,0.0001000000
1713715200000,0.0000864300
1713744000000,0.0000592900
1713772800000,0.0000428100
1713801600000,0.0000357100
1713830400000,0.0000744700
1713859200000,0.0001000000
1713888000000,0.0000068200
1713916800000,0.0000743200
1713945600000,-0.0000391500
1713974400000,0.0001000000
1714003200000,0.0001000000
1714032000000,0.0000291500
1714060800000,0.0000928900
1714089600000,-0.0000452100
1714118400000,0.0000312000
1714147200000,0.0000609700
1714176000000,0.0000333300
1714204800000,0.0001000000
1714233600000,0.0001000000
1714262400000,0.0000791400
1714291200000,0.0001000000
1714320000000,0.0001000000
1714348800000,0.0000500900
1714377600000,0.0000414900
1714406400000,0.0001000000
1714435200000,0.0001000000
1714464000000,0.0001000000
1714492800000,0.0000110700
1714521600000,0.0000904400
1714550400000,0.0000125400
1714579200000,0.0000588500
1714608000000,0.0000397600
1714636800000,0.0001000000
1714665600000,0.0000873800
1714694400000,0.0001000000
1714723200000,0.0000219800
1714752000000,0.0000272500
1714780800000,0.0000155300
1714809600000,0.0001000000
1714838400000,0.0000654500
1714867200000,-0.0000021300
1714896000000,0.0001000000
1714924800000,0.0001000000
1714953600000,0.0001000000
1714982400000,0.0001000000
1715011200000,0.0001000000
1715040000000,0.0000639700
1715068800000,0.0001000000
1715097600000,0.0000203600
1715126400000,0.0001000000
1715155200000,0.0000889800
1715184000000,0.0000504300
1715212800000,0.0001000000
1715241600000,0.0001000000
1715270400000,0.0000518300
1715299200000,0.0000559500
1715328000000,0.0001000000
1715356800000,0.0001000000
1715385600000,0.0000440700
1715414400000,0.0001000000
1715443200000,-0.0000250400
1715472000000,0.0000814200
1715500800000,0.0000357400
1715529600000,0.0000277500
1715558400000,0.0000523300
1715587200000,0.0000910800
1715616000000,0.0001000000
1715644800000,0.0000998300
1715673600000,0.0000573400
1715702400000,0.0000705800
1715731200000,-0.0000413100
1715760000000,0.0001000000
1715788800000,-0.0000101900
1715817600000,0.0000445300
1715846400000,0.0001000000
1715875200000,0.0000961300
1715904000000,0.0001000000
1715932800000,0.0001000000
1715961600000,0.0001000000
1715990400000,0.0001000000
1716019200000,0.0001000000
1716048000000,0.0001000000
1716076800000,0.0001000000
1716105600000,0.0001000000
1716134400000,0.0001000000
1716163200000,0.0001000000
1716192000000,0.0001000000
1716220800000,0.0001000000
1716249600000,0.0001000000
1716278400000,0.0001000000
1716307200000,0.0001000000
1716336000000,0.0001000000
1716364800000,0.0001000000
1716393600000,0.0001000000
1716422400000,0.0001000000
1716451200000,0.0001000000
1716480000000,0.0001000000
1716508800000,0.0001000000
1716537600000,0.0001000000
1716566400000,0.0001000000
1716595200000,0.0001000000
1716624000000,0.0001000000
1716652800000,0.0001000000
1716681600000,0.0001000000
1716710400000,0.0001000000
1716739200000,0.0001000000
1716768000000,0.0001000000
1716796800000,0.0001000000
1716825600000,0.0001000000
1716854400000,0.0001000000
1716883200000,0.0001000000
1716912000000,0.0001000000
1716940800000,0.0001000000
1716969600000,0.0001000000
1716998400000,0.0001000000
1717027200000,0.0001000000
1717056000000,0.0001000000
1717084800000,0.0001000000
1717113600000,0.0001000000
1717142400000,0.0001000000
1717171200000,0.0001000000
1717200000000,0.0001000000
1717228800000,0.0001000000
1717257600000,0.0001000000
1717286400000,0.0001000000
1717315200000,0.0001074200
1717344000000,0.0001000000
1717372800000,0.0001000000
1717401600000,0.0001000000
1717430400000,0.0001000000
1717459200000,0.0001000000
1717488000000,0.0001000000
1717516800000,0.0001000000
1717545600000,0.0001000000
1717574400000,0.0002215400
1717603200000,0.0001000000
1717632000000,0.0001000000
1717660800000,0.0001513000
1717689600000,0.0001000000
1717718400000,0.0001000000
1717747200000,0.0002293300
1717776000000,0.0001283700
1717804800000,0.0001000000
1717833600000,0.0001000000
1717862400000,0.0001000000
1717891200000,0.0001000000
1717920000000,0.0001000000
1717948800000,0.0001000000
1717977600000,0.0001000000
1718006400000,0.0001000000
1718035200000,0.0001000000
1718064000000,0.0001000000
1718092800000,0.0001000000
1718121600000,0.0001000000
1718150400000,0.0001000000
1718179200000,0.0001000000
1718208000000,0.0001000000
1718236800000,0.0001000000
1718265600000,0.0001000000
1718294400000,0.0001000000
1718323200000,0.0000398100
1718352000000,0.0001000000
1718380800000,0.0001000000
1718409600000,0.0001000000
1718438400000,0.0000090300
1718467200000,0.0000990700
1718496000000,-0.0000176600
1718524800000,0.0000039500
1718553600000,0.0000884400
1718582400000,0.0000727000
1718611200000,0.0000646600
1718640000000,0.0001000000
1718668800000,0.0000951200
1718697600000,0.0000409400
1718726400000,0.0000030000
1718755200000,0.0000922300
1718784000000,0.0001000000
1718812800000,0.0001000000
1718841600000,0.0000943500
1718870400000,0.0001000000
1718899200000,0.0000913100
1718928000000,-0.0000353500
1718956800000,0.0000755700
1718985600000,0.0001000000
1719014400000,0.0000738400
1719043200000,0.0001000000
1719072000000,0.0001000000
1719100800000,0.0001000000
1719129600000,0.0000969700
1719158400000,0.0000516100
1719187200000,0.0000944800
1719216000000,0.0000832400
1719244800000,0.0000118200
1719273600000,0.0000303900
1719302400000,-0.0000051100
1719331200000,0.0001000000
1719360000000,0.0000450800
1719388800000,0.0001000000
1719417600000,0.0000663800
1719446400000,-0.0000346000
1719475200000,0.0001000000
1719504000000,0.0001000000
1719532800000,-0.0000262200
1719561600000,-0.0000476100
1719590400000,0.0001000000
1719619200000,0.0000068000
1719648000000,0.0001000000
1719676800000,0.0000466700
1719705600000,0.0000105500
1719734400000,-0.0000272400
1719763200000,0.0000240400
1719792000000,-0.0000828300
1719820800000,0.0000888600
1719849600000,0.0001000000
1719878400000,0.0001000000
1719907200000,0.0001000000
1719936000000,0.0000946100
1719964800000,0.0000340600
1719993600000,0.0001000000
1720022400000,0.0001000000
1720051200000,0.0000717200
1720080000000,0.0000180700
1720108800000,0.0001000000
1720137600000,0.0000828400
1720166400000,-0.0000510400
1720195200000,0.0000853600
1720224000000,-0.0000357100
1720252800000,0.0000852400
1720281600000,0.0000722800
1720310400000,-0.0000556700
1720339200000,0.0000314200
1720368000000,0.0000694500
1720396800000,-0.0000405400
1720425600000,0.0000230400
1720454400000,0.0000999100
1720483200000,-0.0000239500
1720512000000,-0.0000605500
1720540800000,-0.0000088400
1720569600000,0.0000632700
1720598400000,0.0000313500
1720627200000,0.0000685900
1720656000000,0.0000532500
1720684800000,0.0000759700
1720713600000,0.0000811800
1720742400000,0.0000881900
1720771200000,-0.0000154400
1720800000000,0.0000552400
1720828800000,0.0000070400
1720857600000,-0.0000505700
1720886400000,0.0000090400
1720915200000,0.0000022400
1720944000000,0.0000638000
1720972800000,-0.0000170400
1721001600000,0.0000605200
1721030400000,0.0000747300
1721059200000,0.0000730300
1721088000000,0.0000991900
1721116800000,0.0000567200
1721145600000,0.0001000000
1721174400000,-0.0000415600
1721203200000,0.0001000000
1721232000000,0.0000740900
1721260800000,0.0001000000
1721289600000,0.0000924400
1721318400000,0.0000362500
1721347200000,0.0000685500
1721376000000,0.0000557600
1721404800000,0.0000334500
1721433600000,0.0000187000
1721462400000,0.0001000000
1721491200000,0.0000117400
1721520000000,0.0000877800
1721548800000,0.0000068000
1721577600000,0.0000666400
1721606400000,0.0001000000
1721635200000,0.0001000000
1721664000000,0.0001000000
1721692800000,0.0001000000
1721721600000,0.0001000000
1721750400000,0.0001000000
1721779200000,0.0001000000
1721808000000,0.0001000000
1721836800000,0.0001000000
1721865600000,0.0001000000
1721894400000,0.0001000000
1721923200000,0.0000865900
1721952000000,0.0001000000
1721980800000,0.0001000000
1722009600000,0.0000989000
1722038400000,0.0001000000
1722067200000,-0.0000562700
1722096000000,0.0000290900
1722124800000,0.0000602200
1722153600000,0.0001000000
1722182400000,0.0001000000
1722211200000,0.0001000000
1722240000000,-0.0000455100
1722268800000,0.0001000000
1722297600000,0.0000867000
1722326400000,0.0000419300
1722355200000,0.0000913900
1722384000000,0.0001000000
1722412800000,0.0001000000
1722441600000,0.0001000000
1722470400000,0.0001000000
1722499200000,0.0000768200
1722528000000,0.0000662600
1722556800000,-0.0000210400
1722585600000,-0.0000087400
1722614400000,0.0000308400
1722643200000,0.0000656700
1722672000000,0.0001000000
1722700800000,0.0000711600
1722729600000,0.0000422600
1722758400000,-0.0000828500
1722787200000,0.0000651200
1722816000000,0.0000582900
1722844800000,0.0000392400
1722873600000,0.0000763600
1722902400000,0.0000273200
1722931200000,0.0001000000
1722960000000,0.0000537700
1722988800000,0.0000502000
1723017600000,0.0001000000
1723046400000,0.0000375700
1723075200000,0.0001000000
1723104000000,0.0000918900
1723132800000,-0.0000367000
1723161600000,0.0000340900
1723190400000,-0.0000439100
1723219200000,0.0000142600
1723248000000,0.0000779000
1723276800000,0.0000136400
1723305600000,-0.0000432700
1723334400000,0.0000795600
1723363200000,0.0000323700
1723392000000,0.0001000000
1723420800000,0.0000073700
1723449600000,-0.0000163800
1723478400000,-0.0000226700
1723507200000,0.0000296600
1723536000000,-0.0000021300
1723564800000,0.0000913000
1723593600000,0.0000875600
1723622400000,0.0001000000
1723651200000,0.0000651500
1723680000000,0.0000491000
1723708800000,-0.0000248100
1723737600000,-0.0000508500
1723766400000,0.0001000000
1723795200000,0.0000554600
1723824000000,-0.0000162200
1723852800000,0.0000196100
1723881600000,0.0000513400
1723910400000,-0.0000064600
1723939200000,-0.0000470800
1723968000000,0.0000050800
1723996800000,-0.0000304400
1724025600000,-0.0000239500
1724054400000,0.0001000000
1724083200000,0.0000513800
1724112000000,0.0001000000
1724140800000,0.0001000000
1724169600000,0.0000271800
1724198400000,0.0000619300
1724227200000,0.0001000000
1724256000000,0.0000614500
1724284800000,0.0000810000
1724313600000,0.0000235700
1724342400000,0.0000388800
1724371200000,0.0000453500
1724400000000,0.0000662000
1724428800000,0.0000435400
1724457600000,0.0000318300
1724486400000,-0.0000652600
1724515200000,0.0001000000
1724544000000,0.0001000000
1724572800000,0.0000419100
1724601600000,0.0000747200
1724630400000,-0.0000246400
1724659200000,0.0000019300
1724688000000,0.0000134800
1724716800000,0.0000207900
1724745600000,0.0001000000
1724774400000,0.0000466600
1724803200000,-0.0000876900
1724832000000,-0.0000659600
1724860800000,0.0000453400
1724889600000,-0.0000127500
1724918400000,0.0000214400
1724947200000,0.0000960500
1724976000000,-0.0000238600
1725004800000,0.0000391000
1725033600000,-0.0000179500
1725062400000,0.0000288500
1725091200000,-0.0000434600
1725120000000,-0.0000140300
1725148800000,-0.0000870000
1725177600000,0.0001000000
1725206400000,0.0000659400
1725235200000,-0.0000063000
1725264000000,-0.0000069600
1725292800000,-0.0000280600
1725321600000,0.0000787100
1725350400000,0.0000151000
1725379200000,-0.0000015500
1725408000000,0.0000648000
1725436800000,-0.0000113500
1725465600000,0.0000853300
1725494400000,0.0000077300
1725523200000,0.0000521900
1725552000000,0.0000238000
1725580800000,0.0000085800
1725609600000,0.0000172200
1725638400000,-0.0000263100
1725667200000,-0.0000414500
1725696000000,-0.0000248200
1725724800000,0.0000109900
1725753600000,-0.0000246700
1725782400000,0.0001000000
1725811200000,0.0001000000
1725840000000,0.0001000000
1725868800000,0.0000616700
1725897600000,0.0000399800
1725926400000,0.0000456100
1725955200000,0.0000582600
1725984000000,0.0000150300
1726012800000,0.0000517400
1726041600000,0.0000546500
1726070400000,0.0000598400
1726099200000,0.0000221700
1726128000000,0.0000950500
1726156800000,0.0000488000
1726185600000,0.0000272800
1726214400000,0.0000107900
1726243200000,0.0000123500
1726272000000,0.0001000000
1726300800000,0.0000264300
1726329600000,0.0000068800
1726358400000,0.0000584900
1726387200000,0.0000733400
1726416000000,0.0000468100
1726444800000,-0.0000092500
1726473600000,0.0000134500
1726502400000,0.0000082900
1726531200000,0.0000079100
1726560000000,-0.0000298900
1726588800000,0.0000462400
1726617600000,-0.0000033600
1726646400000,0.0000642800
1726675200000,0.0000116100
1726704000000,0.0000677700
1726732800000,0.0001000000
1726761600000,0.0001000000
1726790400000,0.0001000000
1726819200000,0.0000692500
1726848000000,0.0000626100
1726876800000,0.0001000000
1726905600000,0.0000679500
1726934400000,-0.0000287500
1726963200000,0.0000890800
1726992000000,0.0000116400
1727020800000,0.0000342000
1727049600000,0.0000144100
1727078400000,0.0000475200
1727107200000,0.0001000000
1727136000000,0.0000989800
1727164800000,0.0001000000
1727193600000,0.0001000000
1727222400000,0.0001000000
1727251200000,0.0001000000
1727280000000,0.0000977300
1727308800000,0.0000998900
1727337600000,0.0001000000
1727366400000,0.0001000000
1727395200000,0.0000893700
1727424000000,0.0001000000
1727452800000,0.0001000000
1727481600000,0.0001000000
1727510400000,0.0001000000
1727539200000,0.0001000000
1727568000000,0.0001000000
1727596800000,0.0001000000
1727625600000,0.0001000000
1727654400000,0.0001000000
1727683200000,0.0001000000
1727712000000,0.0001000000
1727740800000,0.0000649000
1727769600000,0.0001000000
1727798400000,0.0001000000
1727827200000,0.0000421900
1727856000000,0.0001000000
1727884800000,0.0000293000
1727913600000,0.0001000000
1727942400000,0.0000942700
1727971200000,0.0000521400
1728000000000,0.0000659500
1728028800000,0.0000863600
1728057600000,0.0000963400
1728086400000,0.0000411200
1728115200000,0.0000931800
1728144000000,-0.0000283600
1728172800000,0.0000202300
1728201600000,0.0000308400
1728230400000,-0.0000024200
1728259200000,0.0000510800
1728288000000,0.0000589500
1728316800000,0.0001000000
1728345600000,0.0000260900
1728374400000,0.0000715300
1728403200000,0.0000691500
1728432000000,0.0001000000
1728460800000,0.0001000000
1728489600000,0.0000825100
1728518400000,0.0000728600
1728547200000,-0.0000161000
1728576000000,0.0000366400
1728604800000,0.0000548700
1728633600000,-0.0000024700
1728662400000,0.0000574500
1728691200000,0.0001000000
1728720000000,0.0001000000
1728748800000,0.0000192800
1728777600000,-0.0000103100
1728806400000,0.0000325000
1728835200000,0.0001000000
1728864000000,0.0001000000
1728892800000,0.0001000000
1728921600000,0.0001000000
1728950400000,0.0001000000
1728979200000,0.0001000000
1729008000000,0.0001000000
1729036800000,0.0001000000
1729065600000,0.0001000000
1729094400000,0.0001000000
1729123200000,0.0001000000
1729152000000,0.0001000000
1729180800000,0.0001000000
1729209600000,0.0001000000
1729238400000,0.0001000000
1729267200000,0.0000705900
1729296000000,0.0000818000
1729324800000,0.0001000000
1729353600000,0.0001000000
1729382400000,0.0000215900
1729411200000,0.0000126100
1729440000000,0.0000377500
1729468800000,0.0000504600
1729497600000,0.0001000000
1729526400000,0.0001000000
1729555200000,0.0001000000
1729584000000,0.0001000000
1729612800000,0.0001000000
1729641600000,0.0001000000
1729670400000,0.0001000000
1729699200000,0.0001000000
1729728000000,0.0001000000
1729756800000,0.0001000000
1729785600000,0.0001000000
1729814400000,0.0001000000
1729843200000,0.0001000000
1729872000000,0.0001000000
1729900800000,0.0001000000
1729929600000,0.0001000000
1729958400000,0.0001000000
1729987200000,0.0001000000
1730016000000,0.0001000000
1730044800000,0.0001000000
1730073600000,0.0001000000
1730102400000,0.0001000000
1730131200000,0.0001000000
1730160000000,0.0001000000
1730188800000,0.0001000000
1730217600000,0.0001000000
1730246400000,0.0001000000
1730275200000,0.0001000000
1730304000000,0.0001000000
1730332800000,0.0001000000
1730361600000,0.0001000000
1730390400000,0.0001000000
1730419200000,0.0001000000
1730448000000,0.0001000000
1730476800000,0.0001000000
1730505600000,0.0001000000
1730534400000,0.0001000000
1730563200000,0.0001000000
1730592000000,0.0001000000
1730620800000,0.0001000000
1730649600000,0.0001000000
1730678400000,0.0001000000
1730707200000,0.0001000000
1730736000000,0.0001000000
1730764800000,0.0000616300
1730793600000,0.0000889700
1730822400000,0.0001000000
1730851200000,0.0001000000
1730880000000,0.0001000000
1730908800000,0.0001000000
1730937600000,0.0001000000
1730966400000,0.0001000000
1730995200000,0.0001000000
1731024000000,0.0001000000
1731052800000,0.0001000000
1731081600000,0.0001000000
1731110400000,0.0001000000
1731139200000,0.0001000000
1731168000000,0.0001000000
1731196800000,0.0001000000
1731225600000,0.0001000000
1731254400000,0.0001000000
1731283200000,0.0001000000
1731312000000,0.0001628400
1731340800000,0.0001000000
1731369600000,0.0002548500
1731398400000,0.0003471300
1731427200000,0.0003194600
1731456000000,0.0001829600
1731484800000,0.0001000000
1731513600000,0.0001000000
1731542400000,0.0001000000
1731571200000,0.0001000000
1731600000000,0.0001000000
1731628800000,0.0001000000
1731657600000,0.0001000000
1731686400000,0.0001000000
1731715200000,0.0001000000
1731744000000,0.0001000000
1731772800000,0.0002446500
1731801600000,0.0003788100
1731830400000,0.0001413000
1731859200000,0.0002180900
1731888000000,0.0001000000
1731916800000,0.0002478400
1731945600000,0.0001921500
1731974400000,0.0002446600
1732003200000,0.0002568800
1732032000000,0.0001682200
1732060800000,0.0001050200
1732089600000,0.0001000000
1732118400000,0.0001000000
1732147200000,0.0001000000
1732176000000,0.0001000000
1732204800000,0.0001000000
1732233600000,0.0002599200
1732262400000,0.0002004100
1732291200000,0.0001457900
1732320000000,0.0002595800
1732348800000,0.0006016500
1732377600000,0.0005742000
1732406400000,0.0001517500
1732435200000,0.0003013900
1732464000000,0.0001000000
1732492800000,0.0002630600
1732521600000,0.0002594700
1732550400000,0.0002307100
1732579200000,0.0001000000
1732608000000,0.0001056100
1732636800000,0.0001000000
1732665600000,0.0001000000
1732694400000,0.0002333400
1732723200000,0.0002793700
1732752000000,0.0003630200
1732780800000,0.0002250000
1732809600000,0.0001250100
1732838400000,0.0001155900
1732867200000,0.0002298100
1732896000000,0.0002012900
1732924800000,0.0003314000
1732953600000,0.0003515700
1732982400000,0.0002685200
1733011200000,0.0003095000
1733040000000,0.0002702500
1733068800000,0.0003816700
1733097600000,0.0006250800
1733126400000,0.0001000000
1733155200000,0.0001000000
1733184000000,0.0003449200
1733212800000,0.0006038600
1733241600000,0.0003543000
1733270400000,0.0004117700
1733299200000,0.0004474400
1733328000000,0.0004504000
1733356800000,0.0004035700
1733385600000,0.0008252300
1733414400000,0.0007733000
1733443200000,0.0005187100
1733472000000,0.0005238300
1733500800000,0.0002843100
1733529600000,0.0004282700
1733558400000,0.0004228600
1733587200000,0.0005016500
1733616000000,0.0002290900
1733644800000,0.0001606700
1733673600000,0.0003557800
1733702400000,0.0006491200
1733731200000,0.0003038900
1733760000000,0.0001000000
1733788800000,-0.0001621200
1733817600000,0.0001000000
1733846400000,0.0001000000
1733875200000,0.0001000000
1733904000000,0.0001000000
1733932800000,0.0001000000
1733961600000,0.0001000000
1733990400000,0.0001000000
1734019200000,0.0001000000
1734048000000,0.0001000000
1734076800000,0.0001000000
1734105600000,0.0001000000
1734134400000,0.0001000000
1734163200000,0.0001000000
1734192000000,0.0001000000
1734220800000,0.0001000000
1734249600000,0.0001000000
1734278400000,0.0001000000
1734307200000,0.0001000000
1734336000000,0.0001000000
1734364800000,0.0001000000
1734393600000,0.0001000000
1734422400000,0.0001000000
1734451200000,0.0001000000
1734480000000,0.0001000000
1734508800000,0.0001000000
1734537600000,0.0001000000
1734566400000,0.0001000000
1734595200000,0.0001000000
1734624000000,0.0001000000
1734652800000,0.0001000000
1734681600000,0.0001000000
1734710400000,0.0000297400
1734739200000,-0.0000079300
1734768000000,0.0001000000
1734796800000,0.0000522900
1734825600000,-0.0000403500
1734854400000,0.0001000000
1734883200000,0.0000645400
1734912000000,0.0000501600
1734940800000,0.0001000000
1734969600000,0.0001000000
1734998400000,0.0001000000
1735027200000,0.0001000000
1735056000000,0.0001000000
1735084800000,0.0001000000
1735113600000,0.0001000000
1735142400000,0.0000523000
1735171200000,0.0000985800
1735200000000,0.0001000000
1735228800000,0.0001000000
1735257600000,0.0000537600
1735286400000,0.0000971000
1735315200000,0.0001000000
1735344000000,-0.0000518900
1735372800000,0.0000185700
1735401600000,-0.0000070200
1735430400000,-0.0000142900
1735459200000,0.0000918900
1735488000000,0.0001000000
1735516800000,0.0000816000
1735545600000,-0.0000401400
1735574400000,0.0001000000
1735603200000,0.0001000000
1735632000000,0.0001000000
1735660800000,0.0001000000
1735689600000,0.0001000000
1735718400000,0.0001000000
1735747200000,0.0000697900
1735776000000,0.0000635000
1735804800000,0.0001000000
1735833600000,0.0001000000
1735862400000,0.0001000000
1735891200000,0.0001000000
1735920000000,0.0001000000
1735948800000,0.0001000000
1735977600000,0.0001000000
1736006400000,0.0001000000
1736035200000,0.0001000000
1736064000000,0.0001000000
1736092800000,0.0001000000
1736121600000,0.0001000000
1736150400000,0.0001000000
1736179200000,0.0001000000
1736208000000,0.0001000000
1736236800000,0.0001000000
1736265600000,0.0001000000
1736294400000,0.0000504900
1736323200000,0.0000119700
1736352000000,0.0001000000
1736380800000,0.0000204500
1736409600000,0.0000371000
1736438400000,0.0000046200
1736467200000,0.0000734400
1736496000000,0.0000792100
1736524800000,0.0001000000
1736553600000,0.0001000000
1736582400000,0.0000946000
1736611200000,0.0001000000
1736640000000,0.0000276400
1736668800000,0.0001000000
1736697600000,0.0001000000
1736726400000,0.0000292600
1736755200000,0.0000471100
1736784000000,0.0000146000
1736812800000,0.0000744600
1736841600000,0.0001000000
1736870400000,0.0000018700
1736899200000,0.0000508500
1736928000000,0.0001000000
1736956800000,0.0001000000
1736985600000,0.0001000000
1737014400000,0.0001000000
1737043200000,0.0001000000
1737072000000,0.0001000000
1737100800000,0.0001000000
1737129600000,0.0001000000
1737158400000,0.0001000000
1737187200000,0.0001000000
1737216000000,0.0001000000
1737244800000,0.0001000000
1737273600000,0.0001000000
1737302400000,0.0001000000
1737331200000,0.0001000000
1737360000000,0.0001000000
1737388800000,0.0001000000
1737417600000,0.0001000000
1737446400000,0.0001000000
1737475200000,0.0001000000
1737504000000,0.0001000000
1737532800000,0.0001000000
1737561600000,0.0001000000
1737590400000,0.0001000000
1737619200000,0.0001000000
1737648000000,0.0001000000
1737676800000,0.0001000000
1737705600000,0.0001000000
1737734400000,0.0001000000
1737763200000,0.0001000000
1737792000000,0.0001000000
1737820800000,0.0001000000
1737849600000,0.0001000000
1737878400000,0.0001000000
1737907200000,0.0001000000
1737936000000,0.0001000000
1737964800000,0.0001000000
1737993600000,0.0000611300
1738022400000,0.0001000000
1738051200000,-0.0000058200
1738080000000,0.0001000000
1738108800000,0.0001000000
1738137600000,0.0000818600
1738166400000,0.0001000000
1738195200000,0.0001000000
1738224000000,0.0000078800
1738252800000,0.0001000000
1738281600000,0.0000836700
1738310400000,0.0001000000
1738339200000,0.0001000000
1738368000000,0.0001000000
1738396800000,0.0001000000
1738425600000,0.0001000000
1738454400000,0.0001000000
1738483200000,0.0001000000
1738512000000,0.0001000000
1738540800000,0.0000381700
1738569600000,-0.0001318100
1738598400000,0.0000449700
1738627200000,-0.0000338100
1738656000000,0.0000576000
1738684800000,0.0000618900
1738713600000,-0.0000517500
1738742400000,0.0000114000
1738771200000,-0.0000477500
1738800000000,0.0000098000
1738828800000,0.0000178500
1738857600000,0.0000391400
1738886400000,0.0000092200
1738915200000,-0.0000258200
1738944000000,0.0000952100
1738972800000,0.0000015300
1739001600000,0.0000037600
1739030400000,0.0000156800
1739059200000,0.0000940800
1739088000000,0.0001000000
1739116800000,0.0001000000
1739145600000,0.0000248300
1739174400000,0.0000146500
1739203200000,0.0001000000
1739232000000,0.0001000000
1739260800000,0.0001000000
1739289600000,0.0000465900
1739318400000,-0.0000828900
1739347200000,-0.0000469600
1739376000000,0.0000158000
1739404800000,0.0000024500
1739433600000,0.0000995500
1739462400000,0.0000536300
1739491200000,-0.0000535900
1739520000000,0.0000228000
1739548800000,0.0001000000
1739577600000,0.0000206600
1739606400000,0.0001000000
1739635200000,0.0001000000
1739664000000,0.0000582100
1739692800000,0.0000807700
1739721600000,0.0000242500
1739750400000,-0.0000350500
1739779200000,-0.0000153500
1739808000000,0.0001000000
1739836800000,0.0000431200
1739865600000,0.0000062700
1739894400000,-0.0000369200
1739923200000,0.0001000000
1739952000000,0.0000604100
1739980800000,0.0000440600
1740009600000,-0.0000219000
1740038400000,0.0000482400
1740067200000,-0.0000155200
1740096000000,-0.0000040500
1740124800000,0.0000479100
1740153600000,0.0000744700
1740182400000,-0.0001599400
1740211200000,0.0001000000
1740240000000,0.0001000000
1740268800000,0.0001000000
1740297600000,0.0001000000
1740326400000,0.0001000000
1740355200000,0.0001000000
1740384000000,0.0001000000
1740412800000,0.0001000000
1740441600000,0.0001000000
1740470400000,0.0001000000
1740499200000,0.0001000000
1740528000000,0.0001000000
1740556800000,0.0001000000
1740585600000,0.0001000000
1740614400000,0.0001000000
1740643200000,0.0001000000
1740672000000,0.0001000000
1740700800000,0.0001000000
1740729600000,0.0000701100
1740758400000,0.0000706700
1740787200000,0.0000998800
1740816000000,0.0001000000
1740844800000,0.0001000000
1740873600000,0.0001000000
1740902400000,0.0001000000
1740931200000,0.0001000000
1740960000000,0.0001000000
1740988800000,0.0001000000
1741017600000,0.0001000000
1741046400000,0.0000016200
1741075200000,0.0000424200
1741104000000,0.0000061200
1741132800000,-0.0000252600
1741161600000,-0.0000243300
1741190400000,-0.0000762800
1741219200000,-0.0000225100
1741248000000,-0.0000117900
1741276800000,0.0000438600
1741305600000,0.0000132600
1741334400000,0.0000447700
1741363200000,0.0001000000
1741392000000,-0.0000160500
1741420800000,-0.0000588900
1741449600000,-0.0000091400
1741478400000,-0.0000308000
1741507200000,0.0000170900
1741536000000,0.0000101400
1741564800000,-0.0000227400
1741593600000,0.0001000000
1741622400000,0.0000663000
1741651200000,-0.0000469400
1741680000000,0.0000373100
1741708800000,0.0000542400
1741737600000,-0.0000068500
1741766400000,-0.0000529400
1741795200000,0.0000375600
1741824000000,0.0000965600
1741852800000,0.0001000000
1741881600000,0.0000920100
1741910400000,0.0000251300
1741939200000,0.0000540100
1741968000000,0.0000444700
1741996800000,0.0000725000
1742025600000,0.0000953600
1742054400000,0.0000873800
1742083200000,0.0000615100
1742112000000,0.0000660900
1742140800000,-0.0000915700
1742169600000,-0.0000106800
1742198400000,0.0000107300
1742227200000,0.0000088200
1742256000000,-0.0000828700
1742284800000,-0.0000847500
1742313600000,-0.0000491300
1742342400000,0.0000284100
1742371200000,0.0000847100
1742400000000,0.0000834800
1742428800000,0.0000731500
1742457600000,0.0000651000
1742486400000,0.0000511100
1742515200000,0.0000952200
1742544000000,-0.0000727500
1742572800000,-0.0000349300
1742601600000,-0.0001640700
1742630400000,-0.0000546200
1742659200000,0.0000649600
1742688000000,0.0000952500
1742716800000,0.0001000000
1742745600000,0.0001000000
1742774400000,-0.0000705200
1742803200000,0.0001000000
1742832000000,0.0001000000
1742860800000,0.0001000000
1742889600000,0.0000107600
1742918400000,0.0000355900
1742947200000,0.0001000000
1742976000000,0.0000577600
1743004800000,0.0000663400
1743033600000,-0.0000258200
1743062400000,0.0000974600
1743091200000,0.0000612100
1743120000000,-0.0000343400
1743148800000,-0.0000566800
1743177600000,-0.0000294900
1743206400000,-0.0000197900
1743235200000,-0.0000564300
1743264000000,-0.0000731100
1743292800000,-0.0000189600
1743321600000,-0.0000063800
1743350400000,0.0000391700
1743379200000,0.0000455800
1743408000000,0.0000172600
1743436800000,-0.0000090200
1743465600000,0.0000021600
1743494400000,0.0001000000
1743523200000,0.0001000000
1743552000000,0.0000872100
1743580800000,0.0000304300
1743609600000,0.0000071200
1743638400000,-0.0000318900
1743667200000,-0.0000378200
1743696000000,-0.0001195400
1743724800000,-0.0000105800
1743753600000,-0.0000303600
1743782400000,-0.0000246000
1743811200000,0.0000966000
1743840000000,0.0000863500
1743868800000,0.0000657200
1743897600000,0.0000205600
1743926400000,-0.0000152400
1743955200000,-0.0000261300
1743984000000,-0.0000849500
1744012800000,-0.0000749500
1744041600000,-0.0000274600
1744070400000,-0.0000011500
1744099200000,0.0000452000
1744128000000,-0.0000091100
1744156800000,0.0000151600
1744185600000,0.0000796000
1744214400000,0.0001000000
1744243200000,0.0000958900
1744272000000,-0.0000571800
1744300800000,0.0000140000
1744329600000,0.0000495000
1744358400000,-0.0000508800
1744387200000,-0.0000075500
1744416000000,0.0000119000
1744444800000,-0.0000797300
1744473600000,0.0000342600
1744502400000,0.0001000000
1744531200000,0.0000082800
1744560000000,0.0000605400
1744588800000,0.0000072400
1744617600000,-0.0000692600
1744646400000,0.0000437900
1744675200000,-0.0000285900
1744704000000,0.0000585000
1744732800000,0.0001000000
1744761600000,0.0000019300
1744790400000,0.0000505400
1744819200000,-0.0000228000
1744848000000,0.0000133000
1744876800000,0.0000095200
1744905600000,0.0000671500
1744934400000,0.0000612200
1744963200000,0.0000455000
1744992000000,0.0000953100
1745020800000,0.0000368600
1745049600000,0.0000545000
1745078400000,-0.0000225500
1745107200000,0.0000644400
1745136000000,0.0001000000
1745164800000,0.0001000000
1745193600000,0.0000166900
1745222400000,-0.0000415100
1745251200000,0.0000660900
1745280000000,0.0000962900
1745308800000,0.0000306100
1745337600000,0.0000782800
1745366400000,0.0000097000
1745395200000,0.0000578400
1745424000000,0.0000636400
1745452800000,0.0000077100
1745481600000,0.0000126100
1745510400000,0.0000911000
1745539200000,0.0001000000
1745568000000,0.0001000000
1745596800000,0.0001000000
1745625600000,0.0000737800
1745654400000,0.0000369300
1745683200000,0.0000200000
1745712000000,0.0000344400
1745740800000,-0.0000155900
1745769600000,-0.0000118200
1745798400000,-0.0000253100
1745827200000,0.0000510900
1745856000000,0.0000512500
1745884800000,-0.0000209700
1745913600000,0.0000356200
1745942400000,0.0000570800
1745971200000,-0.0000530200
1746000000000,-0.0000686300
1746028800000,0.0000154100
1746057600000,0.0000502500
1746086400000,0.0000314900
1746115200000,0.0000921200
1746144000000,0.0000832500
1746172800000,0.0000467700
1746201600000,-0.0000040600
1746230400000,0.0001000000
1746259200000,0.0001000000
1746288000000,0.0000754500
1746316800000,0.0000522600
1746345600000,0.0000639000
1746374400000,0.0000386700
1746403200000,0.0000584000
1746432000000,0.0000848200
1746460800000,-0.0000142200
1746489600000,-0.0001076000
1746518400000,0.0000219000
1746547200000,-0.0000014600
1746576000000,-0.0000528900
1746604800000,0.0001000000
1746633600000,0.0001000000
1746662400000,0.0000103200
1746691200000,-0.0000111700
1746720000000,0.0000859600
1746748800000,0.0001000000
1746777600000,0.0001000000
1746806400000,0.0001000000
1746835200000,0.0001000000
1746864000000,0.0001000000
1746892800000,0.0001000000
1746921600000,0.0001000000
1746950400000,0.0000737200
1746979200000,0.0000421000
1747008000000,0.0000949200
1747036800000,0.0001000000
1747065600000,0.0001000000
1747094400000,0.0001000000
1747123200000,0.0001000000
1747152000000,0.0000825400
1747180800000,0.0000897200
1747209600000,0.0001000000
1747238400000,0.0000806400
1747267200000,0.0001000000
1747296000000,0.0001000000
1747324800000,-0.0000407300
1747353600000,-0.0000798500
1747382400000,0.0001000000
1747411200000,0.0000860300
1747440000000,0.0001000000
1747468800000,0.0000611000
1747497600000,-0.0000311600
1747526400000,-0.0000111700
1747555200000,0.0000680600
1747584000000,0.0001000000
1747612800000,0.0000556400
1747641600000,-0.0000224200
1747670400000,0.0000840200
1747699200000,0.0000192200
1747728000000,0.0000674500
1747756800000,-0.0000800600
1747785600000,-0.0000390200
1747814400000,0.0000612500
1747843200000,0.0001000000
1747872000000,0.0001000000
1747900800000,0.0001000000
1747929600000,0.0001000000
1747958400000,0.0001000000
1747987200000,0.0001000000
1748016000000,0.0001000000
1748044800000,0.0001000000
1748073600000,0.0001000000
1748102400000,0.0001000000
1748131200000,0.0001000000
1748160000000,0.0001000000
1748188800000,0.0001000000
1748217600000,0.0001000000
1748246400000,0.0001000000
1748275200000,0.0001000000
1748304000000,0.0001000000
1748332800000,0.0001000000
1748361600000,0.0001000000
1748390400000,0.0001000000
1748419200000,0.0001000000
1748448000000,0.0001000000
1748476800000,0.0000357700
1748505600000,0.0001000000
1748534400000,0.0000391700
1748563200000,0.0000181900
1748592000000,-0.0000059200
1748620800000,0.0000378700
1748649600000,-0.0000244800
1748678400000,-0.0000836700
1748707200000,-0.0000081100
1748736000000,0.0000183800
1748764800000,-0.0000068800
1748793600000,-0.0000306000
1748822400000,0.0000601200
1748851200000,0.0000415300
1748880000000,-0.0000062300
1748908800000,-0.0000037600
1748937600000,0.0000064200
1748966400000,0.0000264500
1748995200000,0.0000101300
1749024000000,0.0000501400
1749052800000,-0.0000066000
1749081600000,-0.0000241200
1749110400000,-0.0000066900
1749139200000,0.0000131500
1749168000000,0.0000328000
1749196800000,0.0000745200
1749225600000,0.0000067200
1749254400000,-0.0000166900
1749283200000,0.0000979800
1749312000000,0.0000066800
1749340800000,-0.0000080700
1749369600000,0.0000031500
1749398400000,0.0000440800
1749427200000,0.0000384600
1749456000000,0.0000691700
1749484800000,0.0001000000
1749513600000,0.0000748000
1749542400000,0.0000496900
1749571200000,0.0000995600
1749600000000,0.0001000000
1749628800000,0.0001000000
1749657600000,0.0000915700
1749686400000,0.0000813600
1749715200000,0.0000514000
1749744000000,0.0000623500
1749772800000,-0.0000026100
1749801600000,-0.0000635300
1749830400000,0.0000239000
1749859200000,-0.0000294000
1749888000000,0.0000103600
1749916800000,0.0000564300
1749945600000,-0.0000239200
1749974400000,0.0000162500
1750003200000,0.0000349400
1750032000000,0.0000326500
1750060800000,0.0000211600
1750089600000,-0.0000274000
1750118400000,0.0000204600
1750147200000,0.0001000000
1750176000000,0.0000893500
1750204800000,0.0000437900
1750233600000,0.0000211600
1750262400000,-0.0000653500
1750291200000,-0.0000135500
1750320000000,0.0000574400
1750348800000,0.0000092100
1750377600000,0.0000658800
1750406400000,0.0000941300
1750435200000,-0.0000114200
1750464000000,0.0000031700
1750492800000,0.0000349900
1750521600000,0.0000475700
1750550400000,-0.0000098600
1750579200000,0.0000081400
1750608000000,-0.0000350900
1750636800000,-0.0000435700
1750665600000,0.0000451000
1750694400000,0.0000548600
1750723200000,0.0000646700
1750752000000,0.0000221400
1750780800000,-0.0000591000
1750809600000,-0.0000358200
1750838400000,-0.0000320800
1750867200000,0.0000605700
1750896000000,-0.0000028800
1750924800000,0.0000448500
1750953600000,0.0000258500
1750982400000,-0.0000255700
1751011200000,0.0000250700
1751040000000,-0.0000395900
1751068800000,-0.0000064700
1751097600000,-0.0000212400
1751126400000,0.0001000000
1751155200000,0.0000570300
1751184000000,-0.0000450400
1751212800000,-0.0000851100
1751241600000,0.0000393700
1751270400000,0.0000163300
1751299200000,0.0001000000
1751328000000,0.0001000000
1751356800000,0.0001000000
1751385600000,0.0000265200
1751414400000,-0.0000819900
1751443200000,0.0000206800
1751472000000,0.0000313100
1751500800000,0.0001000000
1751529600000,0.0000951600
1751558400000,0.0001000000
1751587200000,0.0001000000
1751616000000,0.0001000000
1751644800000,0.0001000000
1751673600000,0.0001000000
1751702400000,0.0001000000
1751731200000,0.0001000000
1751760000000,-0.0000001000
1751788800000,-0.0000128100
1751817600000,-0.0000120300
1751846400000,0.0000682100
1751875200000,-0.0000249300
1751904000000,-0.0000434800
1751932800000,0.0000407600
1751961600000,0.0001000000
1751990400000,0.0000728500
1752019200000,0.0000036800
1752048000000,0.0000486600
1752076800000,0.0001000000
1752105600000,0.0001000000
1752134400000,0.0001000000
1752163200000,0.0001000000
1752192000000,0.0001000000
1752220800000,0.0001000000
1752249600000,0.0001000000
1752278400000,0.0001000000
1752307200000,0.0001000000
1752336000000,0.0001000000
1752364800000,0.0001000000
1752393600000,0.0000701000
1752422400000,0.0001000000
1752451200000,0.0001000000
1752480000000,0.0001000000
1752508800000,0.0001000000
1752537600000,0.0001000000
1752566400000,0.0001000000
1752595200000,0.0001000000
1752624000000,0.0001000000
1752652800000,0.0001000000
1752681600000,0.0001000000
1752710400000,0.0001000000
1752739200000,0.0001000000
1752768000000,0.0001000000
1752796800000,0.0001000000
1752825600000,0.0001275800
1752854400000,0.0001000000
1752883200000,0.0001000000
1752912000000,0.0001000000
1752940800000,0.0001000000
1752969600000,0.0001000000
1752998400000,0.0001000000
1753027200000,0.0001000000
1753056000000,0.0001000000
1753084800000,0.0001000000
1753113600000,0.0001000000
1753142400000,0.0001000000
1753171200000,0.0001000000
1753200000000,0.0001000000
1753228800000,0.0001000000
1753257600000,0.0001000000
1753286400000,0.0001000000
1753315200000,0.0001000000
1753344000000,0.0001000000
1753372800000,0.0001000000
1753401600000,0.0001000000
1753430400000,0.0001000000
1753459200000,0.0001000000
1753488000000,0.0001000000
1753516800000,0.0001000000
1753545600000,0.0001000000
1753574400000,0.0001000000
1753603200000,0.0001000000
1753632000000,0.0001000000
1753660800000,0.0001000000
1753689600000,0.0001000000
1753718400000,0.0001000000
1753747200000,0.0001000000
1753776000000,0.0001000000
1753804800000,0.0001000000
1753833600000,0.0001000000
1753862400000,0.0001000000
1753891200000,0.0000716800
1753920000000,0.0000728700
1753948800000,0.0001000000
1753977600000,-0.0000148000
1754006400000,-0.0000367900
1754035200000,0.0000687500
1754064000000,0.0001000000
1754092800000,-0.0000126400
1754121600000,0.0001000000
1754150400000,-0.0000452300
1754179200000,0.0000240300
1754208000000,-0.0000243700
1754236800000,0.0001000000
1754265600000,0.0000170600
1754294400000,-0.0000310400
1754323200000,0.0000169800
1754352000000,0.0001000000
1754380800000,0.0001000000
1754409600000,0.0001000000
1754438400000,-0.0000111500
1754467200000,0.0000953300
1754496000000,0.0000402100
1754524800000,0.0000753600
1754553600000,0.0000321400
1754582400000,0.0001000000
1754611200000,0.0001000000
1754640000000,0.0001000000
1754668800000,0.0001000000
1754697600000,0.0001000000
1754726400000,0.0001000000
1754755200000,0.0001000000
1754784000000,0.0001000000
1754812800000,0.0001000000
1754841600000,0.0001000000
1754870400000,0.0001000000
1754899200000,0.0001000000
1754928000000,0.0001000000
1754956800000,-0.0000241800
1754985600000,0.0000009600
1755014400000,0.0000910700
1755043200000,0.0001000000
1755072000000,0.0001000000
1755100800000,0.0001000000
1755129600000,0.0001000000
1755158400000,0.0001000000
1755187200000,0.0001000000
1755216000000,0.0001000000
1755244800000,0.0001000000
1755273600000,0.0000580000
1755302400000,0.0001000000
1755331200000,0.0000749500
1755360000000,-0.0000190900
1755388800000,0.0000375700
1755417600000,0.0000997200
1755446400000,0.0001000000
1755475200000,0.0001000000
1755504000000,0.0000104800
1755532800000,0.0000165200
1755561600000,0.0000289900
1755590400000,0.0000658300
1755619200000,0.0000215000
1755648000000,0.0001000000
1755676800000,0.0001000000
1755705600000,0.0001000000
1755734400000,0.0000186500
1755763200000,0.0000027200
1755792000000,-0.0000430200
1755820800000,0.0000723600
1755849600000,0.0000896100
1755878400000,0.0001000000
1755907200000,0.0001000000
1755936000000,0.0001000000
1755964800000,0.0001000000
1755993600000,0.0001000000
1756022400000,0.0001000000
1756051200000,0.0001000000
1756080000000,0.0001000000
1756108800000,0.0001000000
1756137600000,0.0001000000
1756166400000,0.0000247000
1756195200000,0.0000057400
1756224000000,0.0000630200
1756252800000,0.0000740800
1756281600000,0.0000847700
1756310400000,-0.0000500000
1756339200000,-0.0000161800
1756368000000,0.0000171000
1756396800000,0.0000850100
1756425600000,0.0000889700
1756454400000,0.0000717800
1756483200000,-0.0000412300
1756512000000,0.0000938800
1756540800000,0.0001000000
1756569600000,0.0001000000
1756598400000,0.0000659300
1756627200000,0.0001000000
1756656000000,0.0001000000
1756684800000,0.0001000000
1756713600000,0.0000906400
1756742400000,0.0000856100
1756771200000,0.0001000000
1756800000000,0.0000977600
1756828800000,0.0000862900
1756857600000,0.0000237800
1756886400000,0.0001000000
1756915200000,0.0001000000
1756944000000,0.0001000000
1756972800000,0.0000373500
1757001600000,0.0000134300
1757030400000,-0.0000155000
1757059200000,0.0001000000
1757088000000,0.0000502300
1757116800000,0.0000070800
1757145600000,-0.0000151400
1757174400000,-0.0000183500
1757203200000,0.0000819200
1757232000000,0.0001000000
1757260800000,0.0000436200
1757289600000,0.0001000000
1757318400000,0.0000944900
1757347200000,0.0000960300
1757376000000,0.0000921600
1757404800000,0.0001000000
1757433600000,0.0001000000
1757462400000,0.0000842600
1757491200000,0.0001000000
1757520000000,0.0001000000
1757548800000,0.0001000000
1757577600000,0.0001000000
1757606400000,0.0001000000
1757635200000,0.0001000000
1757664000000,0.0001000000
1757692800000,0.0001000000
1757721600000,0.0001000000
1757750400000,0.0001000000
1757779200000,0.0001000000
1757808000000,0.0001000000
1757836800000,0.0001000000
1757865600000,0.0001000000
1757894400000,0.0001000000
1757923200000,0.0001000000
1757952000000,0.0001000000
1757980800000,0.0001000000
1758009600000,0.0001000000
1758038400000,0.0001000000
1758067200000,0.0001000000
1758096000000,0.0000512800
1758124800000,0.0000698900
1758153600000,0.0001000000
1758182400000,0.0001000000
1758211200000,0.0001000000
1758240000000,0.0001000000
1758268800000,0.0001000000
1758297600000,0.0001000000
1758326400000,0.0001000000
1758355200000,0.0001000000
1758384000000,0.0000422100
1758412800000,0.0000357400
1758441600000,0.0001000000
1758470400000,0.0000156500
1758499200000,0.0000408300
1758528000000,0.0000238000
1758556800000,0.0000762100
1758585600000,0.0000336600
1758614400000,0.0001000000
1758643200000,0.0001000000
1758672000000,0.0001000000
1758700800000,0.0001000000
1758729600000,0.0001000000
1758758400000,0.0000799500
1758787200000,-0.0000275300
1758816000000,0.0000523700
1758844800000,-0.0000002000
1758873600000,0.0000215200
1758902400000,0.0000692600
1758931200000,-0.0000268300
1758960000000,0.0000909400
1758988800000,0.0000520800
1759017600000,0.0001000000
1759046400000,0.0000226100
1759075200000,0.0000483200
1759104000000,0.0000588300
1759132800000,-0.0000134400
1759161600000,0.0000389800
1759190400000,0.0000398900
1759219200000,0.0000233200
1759248000000,0.0000007900
1759276800000,0.0001000000
1759305600000,0.0000484000
1759334400000,-0.0000405500
1759363200000,0.0000999200
1759392000000,0.0001000000
1759420800000,0.0001000000
1759449600000,0.0001000000
1759478400000,0.0001000000
1759507200000,0.0001000000
1759536000000,0.0000228200
1759564800000,0.0000696400
1759593600000,0.0000512500
1759622400000,-0.0000217900
1759651200000,0.0001000000
1759680000000,0.0001000000
1759708800000,0.0001000000
1759737600000,0.0000770800
1759766400000,0.0001000000
1759795200000,0.0000475900
1759824000000,0.0000689100
1759852800000,0.0001000000
1759881600000,0.0001000000
1759910400000,0.0000898900
1759939200000,0.0001000000
1759968000000,0.0001000000
1759996800000,0.0001000000
1760025600000,0.0001000000
1760054400000,0.0001000000
1760083200000,0.0001000000
1760112000000,0.0001000000
1760140800000,-0.0023373100
1760169600000,0.0001000000
1760198400000,0.0001000000
1760227200000,0.0001000000
1760256000000,0.0000714700
1760284800000,0.0000695300
1760313600000,0.0000992000
1760342400000,0.0000665600
1760371200000,0.0001000000
1760400000000,0.0000614700
1760428800000,-0.0000756800
1760457600000,-0.0000475200
1760486400000,-0.0000725100
1760515200000,-0.0000252400
1760544000000,-0.0000014600
1760572800000,-0.0000150300
1760601600000,0.0000100100
1760630400000,-0.0000188000
1760659200000,0.0000755600
1760688000000,0.0000264200
1760716800000,0.0001000000
1760745600000,-0.0000366200
1760774400000,0.0000703200
1760803200000,0.0000790700
1760832000000,-0.0000560300
1760860800000,-0.0000526100
1760889600000,0.0000284800
1760918400000,-0.0000248100
1760947200000,0.0000268500
1760976000000,0.0000044800
1761004800000,0.0001000000
1761033600000,-0.0000341900
1761062400000,0.0000286900
1761091200000,0.0000260200
1761120000000,-0.0000070100
1761148800000,0.0001000000
1761177600000,0.0001000000
1761206400000,0.0000884900
1761235200000,0.0000321100
1761264000000,0.0000092000
1761292800000,-0.0000127200
1761321600000,-0.0000292000
1761350400000,0.0000569400
1761379200000,-0.0000549800
1761408000000,-0.0000177400
1761436800000,0.0000320500
1761465600000,0.0000099500
1761494400000,0.0001000000
1761523200000,-0.0000047800
1761552000000,0.0000500100
1761580800000,0.0000632300
1761609600000,0.0001000000
1761638400000,-0.0000056300
1761667200000,-0.0001150300
1761696000000,-0.0000233000
1761724800000,0.0000461100
1761753600000,0.0000794100
1761782400000,0.0001000000
1761811200000,0.0001000000
1761840000000,0.0001000000
1761868800000,0.0000094100
1761897600000,0.0000122800
1761926400000,0.0001000000
1761955200000,0.0000571500
1761984000000,-0.0000441100
1762012800000,0.0000284800
1762041600000,-0.0000969000
1762070400000,-0.0000456100
1762099200000,-0.0000532500
1762128000000,-0.0000671800
1762156800000,-0.0000467900
1762185600000,-0.0000640900
1762214400000,-0.0000748400
1762243200000,0.0001000000
1762272000000,0.0001000000
1762300800000,0.0000424800
1762329600000,0.0000946500
1762358400000,-0.0000222900
1762387200000,-0.0000120400
1762416000000,0.0000564100
1762444800000,0.0000339400
1762473600000,0.0000568100
1762502400000,0.0000259500
1762531200000,0.0000562500
1762560000000,0.0001000000
1762588800000,0.0001000000
1762617600000,0.0001000000
1762646400000,0.0001000000
1762675200000,-0.0000428600
1762704000000,0.0001000000
1762732800000,0.0001000000
1762761600000,0.0000554900
1762790400000,0.0000442600
1762819200000,0.0000283900
1762848000000,0.0000200300
1762876800000,0.0000833100
1762905600000,-0.0000078200
1762934400000,0.0000068800
1762963200000,-0.0000435400
1762992000000,0.0000730900
1763020800000,0.0001000000
1763049600000,-0.0000273100
1763078400000,0.0000078300
1763107200000,0.0001000000
1763136000000,0.0001000000
1763164800000,0.0000576500
1763193600000,0.0001000000
1763222400000,0.0001000000
1763251200000,-0.0000142700
1763280000000,0.0000693200
1763308800000,-0.0000562600
1763337600000,-0.0000747200
1763366400000,-0.0000746400
1763395200000,-0.0000034900
1763424000000,-0.0000186100
1763452800000,0.0000906800
1763481600000,0.0001000000
1763510400000,0.0000954700
1763539200000,-0.0000287300
1763568000000,0.0001000000
1763596800000,0.0000074000
1763625600000,0.0001000000
1763654400000,0.0001000000
1763683200000,-0.0000225500
1763712000000,0.0001000000
1763740800000,-0.0000370400
1763769600000,-0.0000383100
1763798400000,0.0000133400
1763827200000,-0.0000627800
1763856000000,-0.0000252800
1763884800000,-0.0000647100
1763913600000,0.0000031400
1763942400000,-0.0000153400
1763971200000,0.0000213500
1764000000000,0.0000929000
1764028800000,-0.0000180000
1764057600000,-0.0000237900
1764086400000,0.0000269800
1764115200000,0.0001000000
1764144000000,0.0000127600
1764172800000,-0.0000225900
1764201600000,0.0001000000
1764230400000,0.0000259400
1764259200000,-0.0000561600
1764288000000,-0.0000520200
1764316800000,-0.0000567000
1764345600000,0.0000191000
1764374400000,-0.0000045600
1764403200000,0.0000318900
1764432000000,0.0000114700
1764460800000,-0.0000642600
1764489600000,-0.0000342300
1764518400000,-0.0000430000
1764547200000,0.0000252300
1764576000000,-0.0000516800
1764604800000,0.0000331100
1764633600000,-0.0000970200
1764662400000,0.0000983700
1764691200000,-0.0000086900
1764720000000,-0.0000560600
1764748800000,0.0000229900
1764777600000,0.0000219000
1764806400000,0.0000026100
1764835200000,-0.0000514400
1764864000000,0.0000780500
1764892800000,-0.0000761800
1764921600000,-0.0000691900
1764950400000,0.0000283800
1764979200000,0.0000183500
1765008000000,-0.0000159700
1765036800000,-0.0000198600
1765065600000,-0.0000288700
1765094400000,0.0000534700
1765123200000,-0.0000133200
1765152000000,-0.0000080700
1765180800000,0.0000676800
1765209600000,0.0000775800
1765238400000,0.0000098700
1765267200000,0.0000112400
1765296000000,-0.0000310600
1765324800000,0.0000444000
1765353600000,0.0000704500
1765382400000,-0.0000260100
1765411200000,0.0000828700
1765440000000,-0.0000558200
1765468800000,-0.0000418000
1765497600000,0.0000896200
1765526400000,0.0000669800
1765555200000,0.0000030100
1765584000000,-0.0000229100
1765612800000,0.0000205000
1765641600000,-0.0000217400
1765670400000,0.0000466100
1765699200000,-0.0000328300
1765728000000,-0.0000364200
1765756800000,0.0000238300
1765785600000,0.0000898200
1765814400000,0.0000376400
1765843200000,-0.0000240100
1765872000000,-0.0000478100
1765900800000,0.0000033700
1765929600000,0.0000484000
1765958400000,0.0000074500
1765987200000,-0.0000155200
1766016000000,-0.0000451300
1766044800000,0.0000016400
1766073600000,-0.0000400100
1766102400000,0.0000127900
1766131200000,0.0000256500
1766160000000,0.0000326200
1766188800000,0.0000376800
1766217600000,-0.0000804800
1766246400000,0.0000397200
1766275200000,0.0000217000
1766304000000,-0.0000558500
1766332800000,-0.0000615900
1766361600000,-0.0000016600
1766390400000,0.0000470800
1766419200000,0.0000889900
1766448000000,0.0000864600
1766476800000,0.0000389200
1766505600000,-0.0000146500
1766534400000,0.0000285500
1766563200000,-0.0000140700
1766592000000,0.0000313600
1766620800000,0.0000675100
1766649600000,0.0000866900
1766678400000,0.0000804200
1766707200000,-0.0000083100
1766736000000,0.0000952300
1766764800000,0.0000650400
1766793600000,0.0000548200
1766822400000,0.0000855300
1766851200000,0.0000835800
1766880000000,0.0000516000
1766908800000,-0.0000629900
1766937600000,-0.0001160700
1766966400000,-0.0000447700
1766995200000,-0.0000526400
1767024000000,0.0000198100
1767052800000,0.0000239200
1767081600000,-0.0000285400
1767110400000,0.0000283900
1767139200000,0.0000493400
1767168000000,0.0000511600
1767196800000,0.0000515400
1767225600000,0.0001000000
1767254400000,0.0001000000
1767283200000,0.0001000000
1767312000000,0.0001000000
1767340800000,0.0000495700
1767369600000,0.0000620000
1767398400000,0.0001000000
1767427200000,0.0000219100
1767456000000,-0.0000271000
1767484800000,0.0001000000
1767513600000,0.0001000000
1767542400000,0.0000001200
1767571200000,0.0000501600
1767600000000,-0.0000373000
1767628800000,0.0000771600
1767657600000,0.0001000000
1767686400000,-0.0000273800
1767715200000,0.0000613600
1767744000000,0.0001000000
1767772800000,-0.0000752100
1767801600000,-0.0000018600
1767830400000,0.0000366100
1767859200000,0.0000955100
1767888000000,0.0000829100
1767916800000,-0.0000474100
1767945600000,0.0001000000
1767974400000,-0.0000141600
1768003200000,-0.0000034700
1768032000000,-0.0000246300
1768060800000,0.0001000000
1768089600000,0.0000385900
1768118400000,0.0001000000
1768147200000,0.0001000000
1768176000000,0.0001000000
1768204800000,0.0001000000
1768233600000,0.0000147200
1768262400000,0.0001000000
1768291200000,0.0001000000
1768320000000,0.0001000000
1768348800000,0.0001000000
1768377600000,0.0001000000
1768406400000,0.0001000000
1768435200000,0.0001000000
1768464000000,-0.0000375100
1768492800000,-0.0000350600
1768521600000,-0.0000418400
1768550400000,-0.0000080800
1768579200000,-0.0000300500
1768608000000,0.0001000000
1768636800000,0.0001000000
1768665600000,0.0000494500
1768694400000,0.0000634000
1768723200000,0.0000003100
1768752000000,0.0000647300
1768780800000,0.0000414300
1768809600000,-0.0001512900
1768838400000,-0.0000274300
1768867200000,0.0000980500
1768896000000,0.0000770400
1768924800000,0.0000538500
1768953600000,0.0000688300
1768982400000,0.0000219800
1769011200000,0.0000355000
1769040000000,0.0000230800
1769068800000,0.0000012200
1769097600000,-0.0000259100
1769126400000,0.0000413600
1769155200000,0.0000517400
1769184000000,-0.0000926700
1769212800000,-0.0001049700
1769241600000,0.0000191700
1769270400000,-0.0000530600
1769299200000,-0.0000160300
1769328000000,-0.0000247600
1769356800000,-0.0000473500
1769385600000,0.0000458100
1769414400000,0.0000854200
1769443200000,0.0000592800
1769472000000,0.0000173500
1769500800000,0.0000883800
1769529600000,0.0000322400
1769558400000,-0.0000538300
1769587200000,0.0000140300
1769616000000,0.0000159200
1769644800000,0.0001000000
1769673600000,0.0000129700
1769702400000,-0.0000134000
1769731200000,-0.0000600400
1769760000000,0.0000580700
1769788800000,-0.0000247000
1769817600000,-0.0000085500
1769846400000,0.0000298300
1769875200000,-0.0000219700
1769904000000,-0.0001002200
1769932800000,0.0000644100
1769961600000,0.0000518400
1769990400000,0.0000751100
1770019200000,0.0000750800
1770048000000,0.0000397500
1770076800000,0.0000446300
1770105600000,0.0000182700
1770134400000,-0.0000323800
1770163200000,0.0000679300
1770192000000,-0.0000132400
1770220800000,-0.0000692600
1770249600000,0.0000000300
1770278400000,0.0001000000
1770307200000,0.0000635500
1770336000000,0.0000593600
1770364800000,-0.0000569000
1770393600000,0.0000437500
1770422400000,0.0000595900
1770451200000,-0.0000394600
1770480000000,-0.0000169800
1770508800000,0.0000819500
1770537600000,-0.0000843000
1770566400000,-0.0001637600
1770595200000,-0.0000044700
1770624000000,0.0000180700
1770652800000,-0.0000556700
1770681600000,0.0000287100
1770710400000,0.0001000000
1770739200000,-0.0000143400
1770768000000,-0.0000729600
1770796800000,-0.0000656400
1770825600000,-0.0000530600
1770854400000,0.0001000000
1770883200000,0.0001000000
1770912000000,0.0000141300
1770940800000,0.0001000000
1770969600000,0.0000932900
1770998400000,-0.0000072300
1771027200000,0.0000208900
1771056000000,-0.0000501300
1771084800000,0.0000188400
1771113600000,0.0000397300
1771142400000,-0.0000043500
1771171200000,0.0000645600
1771200000000,0.0000575800
1771228800000,0.0000261800
1771257600000,0.0000213100
1771286400000,0.0001000000
1771315200000,0.0000088500
1771344000000,0.0000588200
1771372800000,0.0000331800
1771401600000,-0.0000237200
1771430400000,0.0000750700
1771459200000,-0.0000553300
1771488000000,-0.0000179300
1771516800000,-0.0000983100
1771545600000,-0.0000809700
1771574400000,0.0000447700
1771603200000,0.0001000000
1771632000000,0.0001000000
1771660800000,0.0000292700
1771689600000,-0.0000697700
1771718400000,-0.0001053400
1771747200000,-0.0000824900
1771776000000,0.0000438600
1771804800000,-0.0000014300
1771833600000,-0.0000347100
1771862400000,-0.0000811600
1771891200000,-0.0000209700
1771920000000,-0.0000503800
1771948800000,0.0000341600
1771977600000,0.0001000000
1772006400000,0.0000369000
1772035200000,0.0001000000
1772064000000,0.0001000000
1772092800000,0.0000061200
1772121600000,-0.0000048300
1772150400000,0.0000787900
1772179200000,0.0000624000
1772208000000,-0.0001051900
1772236800000,0.0000338400
1772265600000,-0.0000256600
1772294400000,-0.0001046100
1772323200000,-0.0000604300
1772352000000,0.0000417400
1772380800000,0.0000035700
1772409600000,0.0000743300
1772438400000,0.0000173400
1772467200000,0.0000428400
1772496000000,0.0001000000
1772524800000,-0.0000305800
1772553600000,0.0000144900
1772582400000,-0.0000124000
1772611200000,0.0000691000
1772640000000,0.0000514600
1772668800000,0.0000355300
1772697600000,0.0000933100
1772726400000,-0.0000847900
1772755200000,0.0000739900
1772784000000,-0.0000692600
1772812800000,-0.0000535200
1772841600000,-0.0000826200
1772870400000,-0.0000827800
1772899200000,-0.0000460000
1772928000000,-0.0000540900
1772956800000,0.0000081400
1772985600000,-0.0000385500
1773014400000,0.0000184400
1773043200000,0.0000834800
1773072000000,0.0000050200
1773100800000,-0.0000572200
1773129600000,0.0000417400
1773158400000,0.0000732400
1773187200000,-0.0000472500
1773216000000,-0.0000229900
1773244800000,0.0001000000
1773273600000,0.0000627200
1773302400000,0.0000433500
1773331200000,-0.0000646400
1773360000000,0.0001000000
1773388800000,0.0000453100
1773417600000,0.0000323900
1773446400000,0.0000304300
1773475200000,-0.0000194800
1773504000000,-0.0001013500
1773532800000,0.0000154100
1773561600000,0.0001000000
1773590400000,0.0000032200
1773619200000,-0.0000360600
1773648000000,0.0000691300
1773676800000,0.0000951900
1773705600000,0.0000429900
1773734400000,-0.0000229100
1773763200000,-0.0000343400
1773792000000,-0.0000075100
1773820800000,0.0000138200
1773849600000,0.0000719100
1773878400000,0.0000845500
1773907200000,0.0000379600
1773936000000,0.0000829400
1773964800000,0.0000370400
1773993600000,0.0000323100
1774022400000,0.0000060000
1774051200000,-0.0000004200
1774080000000,0.0000044800
1774108800000,-0.0000313700
1774137600000,0.0000126300
1774166400000,0.0000373000
1774195200000,0.0000489200
1774224000000,0.0000206600
1774252800000,-0.0000048000
1774281600000,0.0000209300
1774310400000,0.0001000000
1774339200000,0.0000816200
1774368000000,0.0000358200
1774396800000,-0.0000332600
1774425600000,-0.0000043200
1774454400000,0.0001000000
1774483200000,0.0000092300
1774512000000,0.0000019200
1774540800000,-0.0000179300
1774569600000,0.0000949900
1774598400000,0.0001000000
1774627200000,0.0000223500
1774656000000,-0.0000228700
1774684800000,-0.0000487400
1774713600000,0.0000234100
1774742400000,0.0001000000
1774771200000,0.0000409900
1774800000000,-0.0000278300
1774828800000,0.0000071600
1774857600000,0.0000596700
1774886400000,0.0000947800
1774915200000,0.0001000000
1774944000000,0.0001000000
1774972800000,0.0000780700
1775001600000,0.0001000000
1775030400000,0.0000257100
1775059200000,0.0000230800
1775088000000,0.0000430300
1775116800000,-0.0000699200
1775145600000,-0.0000378900
1775174400000,0.0000259000
1775203200000,0.0000983900
1775232000000,0.0000733500
1775260800000,0.0000207000
1775289600000,0.0000337200
1775318400000,0.0000408000
1775347200000,-0.0001650000
1775376000000,-0.0000669900
1775404800000,0.0000440500
1775433600000,-0.0000138200
1775462400000,0.0001000000
1775491200000,0.0001000000
1775520000000,-0.0000384300
1775548800000,-0.0000305500
1775577600000,0.0000128800
1775606400000,0.0001000000
1775635200000,0.0001000000
1775664000000,-0.0000752000
1775692800000,0.0000379900
1775721600000,-0.0000243800
1775750400000,-0.0000030500
1775779200000,0.0000652300
1775808000000,-0.0000181100
1775836800000,0.0000541200
1775865600000,0.0000890900
1775894400000,-0.0000977300
1775923200000,-0.0000406400
1775952000000,0.0001000000
1775980800000,0.0000080500
1776009600000,-0.0000312000
1776038400000,0.0000214800
1776067200000,0.0000272900
1776096000000,-0.0000628000
1776124800000,-0.0000251900
1776153600000,0.0001000000
1776182400000,0.0001000000
1776211200000,0.0001000000
1776240000000,-0.0000665800
1776268800000,0.0001000000
1776297600000,0.0001000000
1776326400000,-0.0000521300
1776355200000,0.0000635700
1776384000000,0.0000487900
1776412800000,-0.0000096500
1776441600000,0.0000588800
1776470400000,-0.0000365000
1776499200000,-0.0000688800
1776528000000,-0.0000120100
1776556800000,0.0000246600
1776585600000,0.0000168700
1776614400000,0.0000057400
1776643200000,0.0000750500
1776672000000,0.0000855000
1776700800000,0.0000750400
1776729600000,0.0000443700
1776758400000,0.0000143400
1776787200000,-0.0000272100
1776816000000,0.0000293900
1776844800000,0.0000618300
1776873600000,0.0000940300
1776902400000,-0.0000314800
1776931200000,-0.0000786300
1776960000000,0.0000192500
1776988800000,0.0000908200
1777017600000,0.0001000000
1777046400000,0.0000180800
1777075200000,0.0000164900
1777104000000,0.0000337600
1777132800000,-0.0000578300
1777161600000,0.0000779100
1777190400000,-0.0001135000
1777219200000,-0.0000007100
1777248000000,0.0000741300
1777276800000,-0.0000542700
1777305600000,-0.0000651900
1777334400000,-0.0000660000
1777363200000,0.0000766100
1777392000000,0.0000900400
1777420800000,-0.0000374200
1777449600000,0.0001000000
1777478400000,0.0000292400
1777507200000,-0.0000407300
1777536000000,0.0000159400
1777564800000,-0.0000066100
1777593600000,0.0001000000
1777622400000,0.0000405200
1777651200000,0.0000465700
1777680000000,0.0000931700
1777708800000,0.0000290500
1777737600000,0.0000294900
1777766400000,0.0000567700
1777795200000,-0.0000384500
1777824000000,0.0000725200
1777852800000,0.0000164500
1777881600000,0.0000620100
1777910400000,-0.0000968100
1777939200000,-0.0000009700
1777968000000,-0.0000118400
1777996800000,0.0001000000
1778025600000,0.0001000000
1778054400000,0.0000642300
1778083200000,0.0000814000
1778112000000,0.0000303200
1778140800000,0.0000030200
1778169600000,0.0000363100
1778198400000,-0.0000195400
1778227200000,0.0000420800
1778256000000,0.0001000000
1778284800000,0.0001000000
1778313600000,0.0001000000
1778342400000,0.0000034000
1778371200000,-0.0000871200
1778400000000,0.0001000000
1778428800000,-0.0000030200
1778457600000,-0.0000180200
1778486400000,-0.0000011000
1778515200000,0.0000529900
1778544000000,0.0000997400
1778572800000,-0.0000887000
1778601600000,0.0000960500
1778630400000,0.0001000000
1778659200000,0.0001000000
1778688000000,0.0000489600
1778716800000,0.0000489800
1778745600000,0.0000557300
1778774400000,0.0001000000
1778803200000,0.0001000000
1778832000000,0.0000159000
1778860800000,-0.0001139600
1778889600000,0.0000647800
1778918400000,-0.0000540900
1778947200000,-0.0000063700
1778976000000,0.0000831600
1779004800000,0.0000241800
1779033600000,0.0000536900
1779062400000,-0.0000173300
1779091200000,0.0001000000
1779120000000,-0.0000002400
1779148800000,0.0000958900
1779177600000,-0.0000861100
1779206400000,0.0000431200
1779235200000,0.0001000000
1779264000000,0.0000016100
1779292800000,0.0001000000
1779321600000,0.0001000000
1779350400000,0.0001000000
1779379200000,0.0000172900
1779408000000,0.0001000000
1779436800000,0.0001000000
1779465600000,0.0000839500
1779494400000,0.0000314400
1779523200000,0.0000144200
1779552000000,-0.0000035000
1779580800000,0.0001000000
1779609600000,-0.0000543000
1779638400000,0.0000304100
1779667200000,0.0000111300
1779696000000,0.0001000000
1779724800000,0.0000786100
1779753600000,-0.0000446200
1779782400000,0.0000148200
1779811200000,0.0001000000
1779840000000,-0.0000494300
1779868800000,-0.0000048300
1779897600000,0.0000898300
1779926400000,0.0000353100
1779955200000,-0.0001281800
1779984000000,0.0000486700
1780012800000,0.0001000000
1780041600000,0.0001000000
1780070400000,0.0001000000
1780099200000,0.0001000000
1780128000000,0.0000616500
1780156800000,0.0000983200
1780185600000,-0.0000864800
1780214400000,-0.0000744600
1780243200000,-0.0000248600
1780272000000,0.0000865000
1780300800000,0.0001000000
1780329600000,0.0001000000
1780358400000,0.0001000000
1780387200000,0.0000302200
1780416000000,-0.0000373400
1780444800000,0.0001000000
1780473600000,0.0001000000
1780502400000,-0.0000629500
1780531200000,0.0000541800
1780560000000,-0.0000951400
1780588800000,-0.0000998600
1780617600000,0.0000239600
1780646400000,-0.0000168900
1780675200000,0.0000375400
1780704000000,-0.0000786200
1780732800000,0.0000079300
1780761600000,0.0000287500
1780790400000,-0.0000038100
1780819200000,0.0000042900
1780848000000,-0.0001703900
1780876800000,-0.0000322000
1780905600000,-0.0000072100
1780934400000,0.0000039300
1780963200000,0.0000465700
1780992000000,-0.0000837400
1781020800000,-0.0000407900
1781049600000,0.0001000000
1781078400000,0.0000340400
1781107200000,-0.0000075100
1781136000000,-0.0000490100
1781164800000,0.0000371100
1781193600000,0.0000692000
1781222400000,-0.0000058500
1781251200000,-0.0000866000
1781280000000,0.0000632900
1781308800000,0.0000832700
1781337600000,0.0001000000
1781366400000,-0.0000762600
1781395200000,0.0000292400
1781424000000,-0.0000578800
1781452800000,-0.0000951800
1781481600000,0.0000093000
1781510400000,-0.0000261400
1781539200000,-0.0000224600
1781568000000,0.0001000000
1781596800000,-0.0000016000
1781625600000,0.0000232800
1781654400000,0.0000683100
1781683200000,-0.0000064500
1781712000000,-0.0000019400
1781740800000,0.0000458400
1781769600000,-0.0000386500
1781798400000,0.0000810700
1781827200000,0.0000877900
1781856000000,-0.0000514900
1781884800000,0.0000032900
1781913600000,0.0000669200
1781942400000,0.0000436200
1781971200000,0.0000114100
1782000000000,0.0000835300
1782028800000,-0.0000541300
1782057600000,0.0000712800
1782086400000,0.0000896000
1782115200000,0.0000344100
1782144000000,0.0000163600
1782172800000,-0.0000936000
1782201600000,0.0000082000
1782230400000,-0.0000069400
1782259200000,-0.0000567600
1782288000000,-0.0000337400
1782316800000,0.0000248500
1782345600000,-0.0001310400
1782374400000,-0.0000312200
1782403200000,0.0000140400
1782432000000,0.0000636700
1782460800000,-0.0000102300
1782489600000,0.0001000000
1782518400000,-0.0000171400
1782547200000,-0.0002228500
1782576000000,-0.0000014100
1782604800000,0.0001000000
1782633600000,0.0000409200
1782662400000,-0.0000012000
1782691200000,-0.0000149100
1782720000000,0.0000985600
1782748800000,0.0000699800
1782777600000,0.0001000000
1782806400000,-0.0000967000
1782835200000,0.0001000000
1782864000000,0.0000610600
1782892800000,0.0000461200
1782921600000,0.0001000000
1782950400000,0.0001000000
1782979200000,0.0000606100
1783008000000,0.0001000000
1783036800000,0.0000974800
1783065600000,0.0000527900
1783094400000,0.0001000000
1783123200000,0.0000690200
1783152000000,0.0000513900
1783180800000,0.0000818900
1783209600000,0.0000244400
1783238400000,-0.0000053100
1783267200000,0.0000313400
1783296000000,0.0000551600
1783324800000,-0.0000230500
1783353600000,-0.0000410200
1783382400000,0.0001000000
1783411200000,-0.0001316900
1783440000000,0.0000322800
1783468800000,-0.0000661600
1783497600000,0.0000386200
1783526400000,0.0000703100
1783555200000,0.0001000000
1783584000000,0.0001000000
1783612800000,0.0001000000
1783641600000,0.0000399000
1783670400000,0.0001000000
1783699200000,0.0001000000
1783728000000,0.0000906300
1783756800000,0.0000684000
1783785600000,0.0000771600
1783814400000,0.0000697300
1783843200000,-0.0000683700
1783872000000,0.0000434300
1783900800000,-0.0000866100
1783929600000,0.0000476300
1783958400000,0.0001000000
1783987200000,0.0000090200
1784016000000,0.0000725400
1784044800000,-0.0000363700
1784073600000,-0.0000473800
1784102400000,-0.0000133200
1784131200000,-0.0000082800
1784160000000,0.0000559000
1784188800000,-0.0000662300
1784217600000,0.0000777800
1784246400000,0.0000771500
1784275200000,-0.0000717100
1784304000000,0.0000843200
1784332800000,-0.0000095000
1784361600000,0.0000150500
1784390400000,0.0000239100
1784419200000,-0.0001107000
1784448000000,0.0000290900
1784476800000,0.0000967400
1784505600000,-0.0000357400
1784534400000,0.0000668000
1784563200000,0.0001000000
1784592000000,0.0000574600
1784620800000,-0.0000517000
1784649600000,-0.0000084300
1784678400000,-0.0001368800
1784707200000,0.0000184300
1784736000000,0.0000712300
1784764800000,0.0000484500
1784793600000,-0.0000339600
1784822400000,-0.0000551700
1784851200000,0.0000449900
1784880000000,0.0000153800
1784908800000,0.0001000000
1784937600000,0.0000876200
1784966400000,0.0000570100
1784995200000,0.0000587500
1785024000000,0.0000506800
1785052800000,0.0000254500
1785081600000,0.0000072700
1785110400000,0.0000054100
1785139200000,0.0000636200
1785168000000,-0.0000216100
1785196800000,-0.0001130600
1785225600000,0.0000590500
1785254400000,0.0000186800
1785283200000,0.0001000000
1785312000000,0.0001000000
1785340800000,0.0000537300
1785369600000,0.0001000000
1785398400000,0.0000380900
1785427200000,-0.0000630200
1785456000000,0.0000282600
1785484800000,0.0000578600
1785513600000,-0.0001258100
1785542400000,0.0000185900
1785571200000,-0.0000124000
1785600000000,0.0000461700
1785628800000,0.0000739200
1785657600000,0.0000861900
1785686400000,0.0000695500
1785715200000,0.0000391300
1785744000000,-0.0000434500
1785772800000,0.0001000000
1785801600000,0.0000076200
1785830400000,-0.0000078600
1785859200000,-0.0000370400
1785888000000,-0.0000921900
1785916800000,0.0000130900
1785945600000,0.0001000000
1785974400000,0.0000251700
1786003200000,0.0000520600
1786032000000,0.0000707400
1786060800000,0.0000213700
1786089600000,0.0000779600
1786118400000,0.0000161500
1786147200000,-0.0000489600
1786176000000,-0.0001802800
1786204800000,-0.0000287200
1786233600000,0.0000242300
1786262400000,0.0000606100
1786291200000,-0.0000926500
1786320000000,0.0000227600
1786348800000,0.0000592900
1786377600000,0.0000860900
1786406400000,0.0000766400
1786435200000,-0.0000401500
1786464000000,-0.0000294800
1786492800000,0.0000721900
1786521600000,0.0001000000
1786550400000,0.0000072000
1786579200000,0.0000102700
1786608000000,-0.0001213000
1786636800000,0.0000235800
1786665600000,0.0001000000
1786694400000,0.0000308200
1786723200000,-0.0001472200
1786752000000,-0.0001641800
1786780800000,-0.0000718600
1786809600000,0.0000411600
1786838400000,-0.0000282800
1786867200000,-0.0000597700
1786896000000,0.0000153200
1786924800000,0.0000549800
1786953600000,0.0000438300
1786982400000,0.0001000000
1787011200000,0.0000406100
1787040000000,0.0001000000
1787068800000,0.0000289800
1787097600000,0.0001000000
1787126400000,0.0000010800
1787155200000,0.0001000000
1787184000000,0.0001000000
1787212800000,0.0000122300
1787241600000,0.0001000000
1787270400000,0.0001000000
1787299200000,0.0000284300
1787328000000,0.0001000000
1787356800000,0.0001000000
1787385600000,0.0001000000
1787414400000,0.0001000000
1787443200000,0.0001000000
1787472000000,0.0001000000
1787500800000,0.0001000000
1787529600000,0.0001000000
1787558400000,0.0001000000
1787587200000,0.0001000000
1787616000000,-0.0000066300
1787644800000,-0.0000198800
1787673600000,0.0000513400
1787702400000,0.0000613200
1787731200000,0.0000040100
1787760000000,0.0000644900
1787788800000,0.0001000000
1787817600000,0.0000894200
1787846400000,-0.0000048600
1787875200000,0.0000252300
1787904000000,0.0000639800
1787932800000,0.0001000000
1787961600000,0.0001000000
1787990400000,0.0000985900
1788019200000,0.0000238200
1788048000000,0.0000396400
1788076800000,0.0000786400
1788105600000,0.0000701300
1788134400000,0.0000364900
1788163200000,0.0000882700
1788192000000,0.0000524800
1788220800000,0.0000841000
1788249600000,0.0000286300
1788278400000,-0.0000242200
1788307200000,0.0000588500
1788336000000,0.0000532400
1788364800000,0.0000060700
1788393600000,0.0000777300
1788422400000,-0.0000336000
1788451200000,0.0000329000
1788480000000,0.0001000000
1788508800000,-0.0000284200
1788537600000,-0.0000001300
1788566400000,0.0000063800
1788595200000,0.0000932900
1788624000000,0.0001000000
1788652800000,-0.0000008700
1788681600000,0.0000580000
1788710400000,0.0001000000
1788739200000,-0.0000298600
1788768000000,0.0000131000
1788796800000,0.0001000000
1788825600000,-0.0000039300
1788854400000,0.0000343900
1788883200000,0.0000653400
1788912000000,0.0000682900
1788940800000,0.0000560700
1788969600000,0.0000805200
1788998400000,0.0000576200
1789027200000,0.0000914800
