ts,rate
1673856000000,0.0003496000
1673884800000,0.0001000000
1673913600000,0.0001000000
1673942400000,0.0001000000
1673971200000,0.0001000000
1674000000000,0.0001000000
1674028800000,0.0001000000
1674057600000,0.0001000000
1674086400000,0.0001000000
1674115200000,0.0001000000
1674144000000,0.0001000000
1674172800000,0.0001000000
1674201600000,0.0001000000
1674230400000,0.0001000000
1674259200000,0.0001000000
1674288000000,0.0003626700
1674316800000,0.0001000000
1674345600000,0.0001000000
1674374400000,0.0001000000
1674403200000,0.0001000000
1674432000000,0.0001187100
1674460800000,0.0001000000
1674489600000,0.0001000000
1674518400000,0.0001000000
1674547200000,0.0004233600
1674576000000,0.0001000000
1674604800000,0.0001000000
1674633600000,0.0001000000
1674662400000,0.0001000000
1674691200000,0.0001000000
1674720000000,0.0001573200
1674748800000,0.0001000000
1674777600000,0.0001000000
1674806400000,0.0001000000
1674835200000,0.0001000000
1674864000000,0.0001999400
1674892800000,0.0001717900
1674921600000,0.0001000000
1674950400000,0.0001000000
1674979200000,0.0001000000
1675008000000,0.0001000000
1675036800000,0.0005035100
1675065600000,0.0001887000
1675094400000,0.0001000000
1675123200000,0.0001000000
1675152000000,0.0001000000
1675180800000,0.0001000000
1675209600000,0.0001000000
1675238400000,0.0001000000
1675267200000,0.0001000000
1675296000000,0.0001000000
1675324800000,0.0001882200
1675353600000,0.0001000000
1675382400000,0.0001000000
1675411200000,0.0001000000
1675440000000,0.0001000000
1675468800000,0.0001000000
1675497600000,0.0001000000
1675526400000,0.0001000000
1675555200000,0.0001000000
1675584000000,0.0001000000
1675612800000,-0.0000126900
1675641600000,0.0001000000
1675670400000,0.0001000000
1675699200000,0.0001000000
1675728000000,0.0001000000
1675756800000,0.0001000000
1675785600000,0.0001000000
1675814400000,0.0001000000
1675843200000,0.0001000000
1675872000000,0.0001000000
1675900800000,0.0001000000
1675929600000,-0.0001209100
1675958400000,-0.0000211800
1675987200000,0.0001000000
1676016000000,0.0000806000
1676044800000,-0.0000426600
1676073600000,0.0000340100
1676102400000,-0.0000471600
1676131200000,0.0000499800
1676160000000,-0.0002536700
1676188800000,-0.0004651200
1676217600000,-0.0002880800
1676246400000,-0.0002670800
1676275200000,-0.0001369400
1676304000000,0.0001000000
1676332800000,-0.0000201700
1676361600000,-0.0001388800
1676390400000,0.0000654400
1676419200000,-0.0000216700
1676448000000,0.0001000000
1676476800000,0.0000983300
1676505600000,0.0001000000
1676534400000,0.0001000000
1676563200000,0.0001000000
1676592000000,0.0001000000
1676620800000,0.0001000000
1676649600000,0.0001000000
1676678400000,0.0001000000
1676707200000,0.0001000000
1676736000000,0.0001252500
1676764800000,0.0001000000
1676793600000,0.0001000000
1676822400000,0.0002402200
1676851200000,0.0003053500
1676880000000,0.0001551700
1676908800000,0.0002564600
1676937600000,0.0001000000
1676966400000,0.0001621200
1676995200000,0.0001000000
1677024000000,0.0001566800
1677052800000,0.0001000000
1677081600000,0.0001000000
1677110400000,0.0001000000
1677139200000,0.0001000000
1677168000000,0.0001000000
1677196800000,0.0001000000
1677225600000,0.0001000000
1677254400000,0.0001000000
1677283200000,0.0001000000
1677312000000,0.0001000000
1677340800000,0.0001000000
1677369600000,0.0001000000
1677398400000,0.0001000000
1677427200000,0.0000203800
1677456000000,-0.0000096400
1677484800000,0.0001000000
1677513600000,0.0001000000
1677542400000,0.0000578400
1677571200000,0.0001000000
1677600000000,0.0001000000
1677628800000,0.0001000000
1677657600000,0.0001000000
1677686400000,0.0001000000
1677715200000,0.0001000000
1677744000000,0.0001000000
1677772800000,0.0001000000
1677801600000,0.0000715400
1677830400000,0.0000032100
1677859200000,0.0000223500
1677888000000,-0.0000387400
1677916800000,0.0000902300
1677945600000,0.0000716600
1677974400000,0.0001000000
1678003200000,0.0001000000
1678032000000,0.0001000000
1678060800000,0.0001000000
1678089600000,0.0001000000
1678118400000,0.0001000000
1678147200000,-0.0000119000
1678176000000,0.0000427700
1678204800000,0.0000500700
1678233600000,0.0000573500
1678262400000,0.0000414000
1678291200000,-0.0000949300
1678320000000,0.0000695000
1678348800000,-0.0000501100
1678377600000,0.0001000000
1678406400000,-0.0000330800
1678435200000,0.0001000000
1678464000000,-0.0001322400
1678492800000,-0.0002012700
1678521600000,-0.0002119700
1678550400000,-0.0003755700
1678579200000,-0.0000734700
1678608000000,-0.0000169700
1678636800000,-0.0001168300
1678665600000,0.0000774400
1678694400000,0.0001000000
1678723200000,0.0001000000
1678752000000,0.0001000000
1678780800000,0.0001000000
1678809600000,0.0001000000
1678838400000,0.0002100600
1678867200000,0.0001422000
1678896000000,0.0001000000
1678924800000,0.0001000000
1678953600000,0.0001000000
1678982400000,-0.0001104200
1679011200000,0.0001000000
1679040000000,0.0001000000
1679068800000,0.0001000000
1679097600000,0.0001000000
1679126400000,0.0001331400
1679155200000,0.0001000000
1679184000000,0.0001000000
1679212800000,0.0001000000
1679241600000,0.0001000000
1679270400000,0.0001000000
1679299200000,0.0001000000
1679328000000,0.0001000000
1679356800000,0.0001000000
1679385600000,0.0000949700
1679414400000,0.0001000000
1679443200000,0.0000998800
1679472000000,0.0000195000
1679500800000,0.0001000000
1679529600000,-0.0000464900
1679558400000,0.0000027500
1679587200000,0.0000084500
1679616000000,0.0001000000
1679644800000,0.0001000000
1679673600000,0.0001000000
1679702400000,0.0001000000
1679731200000,0.0001000000
1679760000000,0.0000012300
1679788800000,-0.0000940600
1679817600000,0.0001000000
1679846400000,0.0001000000
1679875200000,0.0001000000
1679904000000,0.0001000000
1679932800000,0.0001000000
1679961600000,-0.0001542600
1679990400000,-0.0000185800
1680019200000,-0.0000521100
1680048000000,0.0000548100
1680076800000,-0.0000346100
1680105600000,0.0001000000
1680134400000,0.0001000000
1680163200000,0.0001000000
1680192000000,0.0001000000
1680220800000,0.0001000000
1680249600000,0.0001000000
1680278400000,0.0001000000
1680307200000,0.0001000000
1680336000000,0.0001000000
1680364800000,0.0001000000
1680393600000,0.0001000000
1680422400000,0.0001000000
1680451200000,0.0001000000
1680480000000,0.0000329800
1680508800000,0.0001000000
1680537600000,0.0000677900
1680566400000,0.0001000000
1680595200000,0.0001000000
1680624000000,0.0001000000
1680652800000,0.0001000000
1680681600000,0.0001000000
1680710400000,0.0001000000
1680739200000,0.0001000000
1680768000000,0.0001000000
1680796800000,0.0001000000
1680825600000,0.0001000000
1680854400000,0.0000827900
1680883200000,0.0000989600
1680912000000,0.0001000000
1680940800000,0.0001000000
1680969600000,0.0001000000
1680998400000,0.0001000000
1681027200000,0.0001000000
1681056000000,0.0001000000
1681084800000,0.0001000000
1681113600000,0.0001000000
1681142400000,0.0001000000
1681171200000,0.0001000000
1681200000000,0.0001000000
1681228800000,0.0001000000
1681257600000,0.0001000000
1681286400000,0.0001000000
1681315200000,0.0001000000
1681344000000,0.0000096800
1681372800000,0.0001000000
1681401600000,0.0001000000
1681430400000,0.0001000000
1681459200000,0.0001589500
1681488000000,0.0001000000
1681516800000,0.0001000000
1681545600000,0.0001525900
1681574400000,0.0002580300
1681603200000,0.0001079400
1681632000000,0.0003939700
1681660800000,0.0001000000
1681689600000,0.0005082700
1681718400000,0.0003720500
1681747200000,0.0003496300
1681776000000,0.0001000000
1681804800000,0.0002009200
1681833600000,0.0002895200
1681862400000,0.0001494400
1681891200000,0.0001000000
1681920000000,0.0001000000
1681948800000,0.0001000000
1681977600000,0.0001000000
1682006400000,0.0001000000
1682035200000,0.0001000000
1682064000000,0.0001000000
1682092800000,0.0001000000
1682121600000,0.0001000000
1682150400000,0.0001000000
1682179200000,0.0001000000
1682208000000,0.0001000000
1682236800000,0.0001000000
1682265600000,0.0001000000
1682294400000,0.0001000000
1682323200000,0.0001000000
1682352000000,0.0001000000
1682380800000,0.0001000000
1682409600000,0.0001000000
1682438400000,0.0001000000
1682467200000,0.0001000000
1682496000000,0.0000868300
1682524800000,0.0001000000
1682553600000,0.0000498500
1682582400000,0.0000773100
1682611200000,0.0001000000
1682640000000,0.0001000000
1682668800000,0.0001000000
1682697600000,0.0001000000
1682726400000,0.0000707400
1682755200000,0.0001000000
1682784000000,0.0001000000
1682812800000,0.0001000000
1682841600000,0.0001000000
1682870400000,0.0001000000
1682899200000,0.0001000000
1682928000000,0.0001000000
1682956800000,0.0001000000
1682985600000,0.0001000000
1683014400000,0.0001000000
1683043200000,0.0000290900
1683072000000,0.0000823400
1683100800000,0.0001000000
1683129600000,0.0001000000
1683158400000,0.0001000000
1683187200000,0.0001000000
1683216000000,0.0001000000
1683244800000,0.0001000000
1683273600000,0.0001000000
1683302400000,0.0001000000
1683331200000,0.0001000000
1683360000000,0.0001000000
1683388800000,0.0001000000
1683417600000,0.0000278000
1683446400000,-0.0000279100
1683475200000,0.0001000000
1683504000000,0.0001000000
1683532800000,0.0000163900
1683561600000,0.0001000000
1683590400000,-0.0000645000
1683619200000,0.0000149400
1683648000000,0.0000314400
1683676800000,0.0000793100
1683705600000,0.0001000000
1683734400000,0.0000410000
1683763200000,0.0000582700
1683792000000,0.0000354800
1683820800000,0.0001000000
1683849600000,-0.0000083600
1683878400000,0.0000971100
1683907200000,-0.0000816100
1683936000000,-0.0000012300
1683964800000,0.0000007400
1683993600000,0.0001000000
1684022400000,0.0001000000
1684051200000,0.0001000000
1684080000000,0.0001000000
1684108800000,0.0001000000
1684137600000,0.0001000000
1684166400000,0.0001000000
1684195200000,0.0001000000
1684224000000,0.0001000000
1684252800000,0.0001000000
1684281600000,0.0001000000
1684310400000,0.0000970000
1684339200000,0.0001000000
1684368000000,0.0001000000
1684396800000,0.0001000000
1684425600000,0.0001000000
1684454400000,-0.0000583100
1684483200000,0.0000192500
1684512000000,0.0000154400
1684540800000,0.0001000000
1684569600000,0.0001000000
1684598400000,0.0001000000
1684627200000,0.0001000000
1684656000000,0.0001000000
1684684800000,0.0001000000
1684713600000,0.0000143900
1684742400000,0.0001000000
1684771200000,0.0001000000
1684800000000,0.0001000000
1684828800000,-0.0000097500
1684857600000,0.0000857500
1684886400000,0.0001000000
1684915200000,0.0001000000
1684944000000,0.0000902500
1684972800000,0.0000621500
1685001600000,0.0000134200
1685030400000,0.0001000000
1685059200000,0.0001000000
1685088000000,0.0001000000
1685116800000,0.0000516600
1685145600000,0.0001000000
1685174400000,0.0001000000
1685203200000,0.0001000000
1685232000000,0.0001000000
1685260800000,-0.0000679100
1685289600000,0.0001000000
1685318400000,0.0001000000
1685347200000,0.0001000000
1685376000000,0.0001000000
1685404800000,0.0001000000
1685433600000,0.0001000000
1685462400000,0.0001000000
1685491200000,0.0001000000
1685520000000,0.0001000000
1685548800000,0.0001000000
1685577600000,0.0001000000
1685606400000,0.0001000000
1685635200000,0.0001000000
1685664000000,0.0001000000
1685692800000,0.0001000000
1685721600000,0.0001000000
1685750400000,0.0001000000
1685779200000,0.0001000000
1685808000000,0.0001000000
1685836800000,0.0001000000
1685865600000,0.0001000000
1685894400000,0.0001000000
1685923200000,0.0000511200
1685952000000,0.0001000000
1685980800000,0.0001000000
1686009600000,0.0001000000
1686038400000,0.0001000000
1686067200000,0.0001000000
1686096000000,0.0001000000
1686124800000,0.0001000000
1686153600000,0.0001000000
1686182400000,0.0001000000
1686211200000,-0.0000013300
1686240000000,0.0000293000
1686268800000,0.0000049500
1686297600000,0.0000512500
1686326400000,0.0000452400
1686355200000,0.0001000000
1686384000000,-0.0001444800
1686412800000,-0.0006088000
1686441600000,-0.0001678200
1686470400000,-0.0003451900
1686499200000,-0.0000541800
1686528000000,-0.0000504300
1686556800000,0.0000001400
1686585600000,0.0001000000
1686614400000,0.0000737900
1686643200000,0.0000125500
1686672000000,0.0001000000
1686700800000,0.0000237400
1686729600000,0.0000106600
1686758400000,0.0000669000
1686787200000,0.0000090000
1686816000000,-0.0001309700
1686844800000,0.0001000000
1686873600000,0.0000311400
1686902400000,0.0000276700
1686931200000,0.0000217700
1686960000000,-0.0001444700
1686988800000,-0.0000227000
1687017600000,0.0000561300
1687046400000,0.0000402300
1687075200000,-0.0000124600
1687104000000,-0.0000410200
1687132800000,-0.0000392500
1687161600000,-0.0000549500
1687190400000,0.0000330800
1687219200000,-0.0000744300
1687248000000,-0.0000356500
1687276800000,0.0000581000
1687305600000,-0.0000024000
1687334400000,0.0001000000
1687363200000,0.0001000000
1687392000000,0.0001000000
1687420800000,0.0001000000
1687449600000,0.0000754500
1687478400000,0.0001000000
1687507200000,0.0001000000
1687536000000,0.0000851300
1687564800000,0.0000050300
1687593600000,0.0000349000
1687622400000,0.0001000000
1687651200000,0.0001000000
1687680000000,0.0000927700
1687708800000,0.0000693700
1687737600000,0.0000618300
1687766400000,-0.0000067300
1687795200000,0.0001000000
1687824000000,0.0001000000
1687852800000,0.0001000000
1687881600000,0.0001000000
1687910400000,0.0001000000
1687939200000,0.0001000000
1687968000000,0.0001000000
1687996800000,0.0001000000
1688025600000,0.0001000000
1688054400000,0.0001000000
1688083200000,0.0001000000
1688112000000,0.0001000000
1688140800000,0.0001000000
1688169600000,0.0001000000
1688198400000,0.0001000000
1688227200000,0.0001000000
1688256000000,0.0001000000
1688284800000,0.0001000000
1688313600000,0.0001000000
1688342400000,0.0001000000
1688371200000,0.0001000000
1688400000000,0.0001000000
1688428800000,0.0001000000
1688457600000,0.0001000000
1688486400000,0.0001000000
1688515200000,0.0001000000
1688544000000,0.0001000000
1688572800000,0.0001000000
1688601600000,0.0001000000
1688630400000,0.0001000000
1688659200000,0.0001000000
1688688000000,0.0000608400
1688716800000,0.0001000000
1688745600000,-0.0003741700
1688774400000,-0.0002496600
1688803200000,-0.0001768400
1688832000000,-0.0000386900
1688860800000,-0.0001338900
1688889600000,-0.0000534000
1688918400000,0.0000261900
1688947200000,0.0000567100
1688976000000,0.0001000000
1689004800000,0.0000764700
1689033600000,-0.0001421600
1689062400000,-0.0000341300
1689091200000,0.0000752000
1689120000000,0.0001000000
1689148800000,0.0001000000
1689177600000,0.0001000000
1689206400000,0.0001000000
1689235200000,0.0000904900
1689264000000,0.0001000000
1689292800000,0.0001000000
1689321600000,0.0003062300
1689350400000,0.0004351000
1689379200000,0.0001553800
1689408000000,0.0001000000
1689436800000,0.0001000000
1689465600000,0.0001000000
1689494400000,0.0001000000
1689523200000,0.0001000000
1689552000000,0.0001000000
1689580800000,0.0001000000
1689609600000,0.0001000000
1689638400000,0.0001000000
1689667200000,0.0001000000
1689696000000,0.0001000000
1689724800000,0.0001000000
1689753600000,0.0001000000
1689782400000,0.0001000000
1689811200000,0.0001000000
1689840000000,0.0001000000
1689868800000,0.0001000000
1689897600000,0.0001000000
1689926400000,0.0001000000
1689955200000,0.0001000000
1689984000000,0.0001000000
1690012800000,0.0001000000
1690041600000,0.0001000000
1690070400000,0.0001000000
1690099200000,0.0001000000
1690128000000,0.0001000000
1690156800000,0.0000578200
1690185600000,0.0001000000
1690214400000,0.0001000000
1690243200000,0.0001000000
1690272000000,0.0001000000
1690300800000,0.0001000000
1690329600000,0.0001000000
1690358400000,0.0000101800
1690387200000,0.0001000000
1690416000000,0.0001000000
1690444800000,0.0001000000
1690473600000,0.0001000000
1690502400000,0.0001000000
1690531200000,0.0001000000
1690560000000,0.0001000000
1690588800000,0.0001000000
1690617600000,0.0001000000
1690646400000,0.0001000000
1690675200000,0.0001000000
1690704000000,0.0001000000
1690732800000,0.0001000000
1690761600000,0.0001000000
1690790400000,0.0001000000
1690819200000,0.0001000000
1690848000000,0.0001000000
1690876800000,0.0001000000
1690905600000,0.0001000000
1690934400000,0.0001000000
1690963200000,0.0001000000
1690992000000,0.0001000000
1691020800000,0.0001000000
1691049600000,0.0001000000
1691078400000,0.0001000000
1691107200000,0.0001000000
1691136000000,0.0001000000
1691164800000,0.0001000000
1691193600000,0.0001000000
1691222400000,0.0001000000
1691251200000,0.0001000000
1691280000000,0.0001000000
1691308800000,0.0001000000
1691337600000,0.0001000000
1691366400000,0.0001000000
1691395200000,0.0001000000
1691424000000,0.0001000000
1691452800000,0.0001000000
1691481600000,0.0001000000
1691510400000,0.0001000000
1691539200000,0.0000999900
1691568000000,0.0001000000
1691596800000,0.0000795000
1691625600000,0.0001000000
1691654400000,0.0001000000
1691683200000,0.0001000000
1691712000000,0.0001000000
1691740800000,0.0001000000
1691769600000,0.0001000000
1691798400000,0.0001000000
1691827200000,0.0001000000
1691856000000,0.0001000000
1691884800000,0.0000326200
1691913600000,0.0000407800
1691942400000,0.0001000000
1691971200000,0.0001000000
1692000000000,0.0001000000
1692028800000,0.0001000000
1692057600000,0.0001000000
1692086400000,0.0001000000
1692115200000,0.0001000000
1692144000000,0.0001000000
1692172800000,0.0001000000
1692201600000,0.0001000000
1692230400000,0.0001000000
1692259200000,0.0001000000
1692288000000,0.0001000000
1692316800000,-0.0000063500
1692345600000,0.0000458600
1692374400000,0.0000700400
1692403200000,0.0000188300
1692432000000,-0.0000209600
1692460800000,-0.0000465300
1692489600000,-0.0000692600
1692518400000,0.0000493800
1692547200000,0.0000372400
1692576000000,0.0000256200
1692604800000,-0.0000423100
1692633600000,0.0001000000
1692662400000,0.0000238500
1692691200000,0.0000976100
1692720000000,0.0001000000
1692748800000,-0.0000309700
1692777600000,-0.0001007200
1692806400000,0.0000258300
1692835200000,-0.0001265100
1692864000000,-0.0001117600
1692892800000,0.0000365700
1692921600000,0.0000426900
1692950400000,-0.0000251000
1692979200000,-0.0000418600
1693008000000,0.0000991000
1693036800000,-0.0000945000
1693065600000,-0.0000589900
1693094400000,-0.0001198500
1693123200000,-0.0000405400
1693152000000,0.0000517400
1693180800000,0.0000833200
1693209600000,0.0000535600
1693238400000,0.0000567800
1693267200000,0.0001000000
1693296000000,0.0000591200
1693324800000,0.0000777500
1693353600000,0.0001000000
1693382400000,0.0000574300
1693411200000,0.0001000000
1693440000000,0.0001000000
1693468800000,-0.0000214100
1693497600000,0.0000360800
1693526400000,0.0001000000
1693555200000,0.0000274700
1693584000000,0.0001000000
1693612800000,0.0001000000
1693641600000,0.0000057900
1693670400000,0.0000479100
1693699200000,0.0001000000
1693728000000,0.0000412400
1693756800000,0.0000405900
1693785600000,0.0000815100
1693814400000,0.0000873400
1693843200000,0.0001000000
1693872000000,0.0000935900
1693900800000,0.0001000000
1693929600000,0.0000370000
1693958400000,0.0000685900
1693987200000,0.0000718300
1694016000000,0.0000653800
1694044800000,-0.0000093500
1694073600000,-0.0000091700
1694102400000,0.0001000000
1694131200000,-0.0001345100
1694160000000,-0.0001396600
1694188800000,-0.0001826600
1694217600000,-0.0000296500
1694246400000,-0.0001230700
1694275200000,-0.0001628000
1694304000000,-0.0000582900
1694332800000,-0.0002397200
1694361600000,-0.0004693000
1694390400000,-0.0004348600
1694419200000,-0.0003492200
1694448000000,-0.0000543500
1694476800000,-0.0000086800
1694505600000,-0.0000888600
1694534400000,-0.0000680700
1694563200000,-0.0000603100
1694592000000,-0.0000807900
1694620800000,-0.0000853200
1694649600000,-0.0001255800
1694678400000,-0.0000072700
1694707200000,-0.0001746500
1694736000000,-0.0001978800
1694764800000,0.0000114000
1694793600000,0.0001000000
1694822400000,0.0001000000
1694851200000,0.0001000000
1694880000000,-0.0001460700
1694908800000,-0.0001520600
1694937600000,-0.0001980500
1694966400000,-0.0000662800
1694995200000,-0.0003416300
1695024000000,-0.0000742900
1695052800000,-0.0001111400
1695081600000,0.0000080700
1695110400000,0.0000202800
1695139200000,0.0001000000
1695168000000,-0.0000604300
1695196800000,-0.0001757300
1695225600000,-0.0000643800
1695254400000,-0.0001318000
1695283200000,-0.0000499600
1695312000000,0.0000347800
1695340800000,-0.0000991900
1695369600000,-0.0000599800
1695398400000,-0.0000059100
1695427200000,0.0000805600
1695456000000,-0.0000323100
1695484800000,-0.0000284100
1695513600000,0.0000364500
1695542400000,0.0000178000
1695571200000,-0.0000800400
1695600000000,-0.0000041800
1695628800000,-0.0000498200
1695657600000,0.0000118400
1695686400000,-0.0000599600
1695715200000,0.0000144500
1695744000000,-0.0000518500
1695772800000,0.0000326400
1695801600000,-0.0000487700
1695830400000,-0.0001015100
1695859200000,-0.0002612000
1695888000000,0.0000240400
1695916800000,0.0001000000
1695945600000,-0.0000472800
1695974400000,-0.0000273500
1696003200000,-0.0001342700
1696032000000,-0.0001846300
1696060800000,-0.0001823900
1696089600000,-0.0003309800
1696118400000,-0.0002960100
1696147200000,-0.0002315800
1696176000000,-0.0000604600
1696204800000,0.0001000000
1696233600000,-0.0000137000
1696262400000,0.0000509100
1696291200000,0.0000874400
1696320000000,-0.0001328100
1696348800000,-0.0001832400
1696377600000,-0.0002299800
1696406400000,-0.0001690400
1696435200000,-0.0000741500
1696464000000,-0.0001806200
1696492800000,-0.0001420600
1696521600000,-0.0001470700
1696550400000,-0.0002989900
1696579200000,-0.0000366100
1696608000000,0.0001000000
1696636800000,0.0000507700
1696665600000,-0.0000047400
1696694400000,-0.0001938000
1696723200000,-0.0001249300
1696752000000,-0.0000954600
1696780800000,-0.0001076800
1696809600000,-0.0000922400
1696838400000,-0.0001537200
1696867200000,0.0000225400
1696896000000,-0.0002014100
1696924800000,-0.0001112400
1696953600000,-0.0000724300
1696982400000,-0.0000457200
1697011200000,-0.0001027900
1697040000000,-0.0000939300
1697068800000,-0.0000398300
1697097600000,0.0000317400
1697126400000,0.0000013000
1697155200000,0.0000320300
1697184000000,-0.0000765000
1697212800000,0.0000139700
1697241600000,-0.0002462800
1697270400000,-0.0002200800
1697299200000,-0.0000674700
1697328000000,0.0000768400
1697356800000,0.0000747200
1697385600000,0.0000307500
1697414400000,0.0000958100
1697443200000,0.0000219400
1697472000000,-0.0001616500
1697500800000,0.0001000000
1697529600000,-0.0001254200
1697558400000,-0.0000228800
1697587200000,0.0000682700
1697616000000,0.0000933500
1697644800000,0.0000271400
1697673600000,0.0001000000
1697702400000,0.0000655800
1697731200000,-0.0000958500
1697760000000,0.0001000000
1697788800000,-0.0004786300
1697817600000,-0.0000971000
1697846400000,-0.0000228500
1697875200000,-0.0001424800
1697904000000,0.0000207800
1697932800000,-0.0000541800
1697961600000,0.0000895000
1697990400000,0.0001000000
1698019200000,0.0000073300
1698048000000,-0.0000061500
1698076800000,0.0001000000
1698105600000,0.0000106700
1698134400000,0.0001000000
1698163200000,0.0001000000
1698192000000,0.0001000000
1698220800000,0.0001000000
1698249600000,0.0001000000
1698278400000,0.0001000000
1698307200000,0.0001000000
1698336000000,0.0001000000
1698364800000,0.0001000000
1698393600000,0.0001000000
1698422400000,0.0001000000
1698451200000,0.0001000000
1698480000000,0.0001000000
1698508800000,0.0001000000
1698537600000,0.0001000000
1698566400000,0.0001000000
1698595200000,0.0001000000
1698624000000,0.0001000000
1698652800000,0.0001000000
1698681600000,0.0001000000
1698710400000,0.0002429900
1698739200000,0.0001000000
1698768000000,0.0001000000
1698796800000,0.0001000000
1698825600000,0.0000392300
1698854400000,-0.0002801000
1698883200000,0.0001000000
1698912000000,0.0001000000
1698940800000,0.0001000000
1698969600000,0.0001000000
1698998400000,0.0001000000
1699027200000,0.0001000000
1699056000000,0.0001000000
1699084800000,0.0001000000
1699113600000,0.0001000000
1699142400000,0.0001000000
1699171200000,0.0001000000
1699200000000,0.0001000000
1699228800000,0.0001000000
1699257600000,0.0001000000
1699286400000,0.0001000000
1699315200000,0.0001000000
1699344000000,0.0001023100
1699372800000,0.0002226300
1699401600000,0.0002314400
1699430400000,0.0001351300
1699459200000,0.0001219900
1699488000000,0.0001000000
1699516800000,0.0001000000
1699545600000,0.0003771200
1699574400000,0.0001000000
1699603200000,0.0003259100
1699632000000,0.0003746200
1699660800000,0.0003748800
1699689600000,0.0001051300
1699718400000,0.0004134000
1699747200000,0.0007450900
1699776000000,0.0003119700
1699804800000,0.0002740300
1699833600000,0.0005924200
1699862400000,0.0002724300
1699891200000,0.0001054600
1699920000000,0.0005704800
1699948800000,0.0001231800
1699977600000,0.0001000000
1700006400000,0.0001399700
1700035200000,0.0001495700
1700064000000,0.0001000000
1700092800000,0.0002208100
1700121600000,0.0001975400
1700150400000,0.0002746900
1700179200000,0.0001419000
1700208000000,0.0001000000
1700236800000,0.0001000000
1700265600000,0.0001000000
1700294400000,0.0001000000
1700323200000,0.0001000000
1700352000000,0.0001000000
1700380800000,0.0001000000
1700409600000,0.0001000000
1700438400000,0.0001000000
1700467200000,0.0001000000
1700496000000,0.0001000000
1700524800000,0.0001000000
1700553600000,0.0001000000
1700582400000,0.0001000000
1700611200000,0.0001000000
1700640000000,0.0001000000
1700668800000,0.0001000000
1700697600000,0.0001000000
1700726400000,0.0001000000
1700755200000,0.0001000000
1700784000000,0.0001000000
1700812800000,0.0001000000
1700841600000,0.0001000000
1700870400000,0.0001000000
1700899200000,0.0001000000
1700928000000,0.0001000000
1700956800000,0.0001000000
1700985600000,0.0001000000
1701014400000,0.0001000000
1701043200000,0.0001000000
1701072000000,0.0001000000
1701100800000,0.0001000000
1701129600000,0.0001000000
1701158400000,0.0001000000
1701187200000,0.0001000000
1701216000000,0.0001000000
1701244800000,0.0001000000
1701273600000,0.0001000000
1701302400000,0.0001420000
1701331200000,0.0001000000
1701360000000,0.0001000000
1701388800000,0.0001000000
1701417600000,0.0001181200
1701446400000,0.0001000000
1701475200000,0.0001172200
1701504000000,0.0004306600
1701532800000,0.0003324900
1701561600000,0.0001304000
1701590400000,0.0002579300
1701619200000,0.0002013300
1701648000000,0.0002918500
1701676800000,0.0004646000
1701705600000,0.0001167300
1701734400000,0.0001276600
1701763200000,0.0001000000
1701792000000,0.0001000000
1701820800000,0.0003632600
1701849600000,0.0004069400
1701878400000,0.0001000000
1701907200000,0.0001269600
1701936000000,0.0001000000
1701964800000,0.0003414500
1701993600000,0.0004385200
1702022400000,0.0001690900
1702051200000,0.0002687500
1702080000000,0.0003625500
1702108800000,0.0004371500
1702137600000,0.0002943100
1702166400000,0.0004445500
1702195200000,0.0003815600
1702224000000,0.0003090400
1702252800000,0.0003218900
1702281600000,0.0001000000
1702310400000,0.0001275200
1702339200000,0.0002541700
1702368000000,0.0002979000
1702396800000,0.0002245600
1702425600000,0.0001077800
1702454400000,0.0001000000
1702483200000,0.0001000000
1702512000000,0.0001000000
1702540800000,0.0001754100
1702569600000,0.0001000000
1702598400000,0.0004388100
1702627200000,0.0004496800
1702656000000,0.0004814100
1702684800000,0.0001153700
1702713600000,0.0001000000
1702742400000,0.0002470600
1702771200000,0.0001000000
1702800000000,0.0001002200
1702828800000,0.0001668200
1702857600000,0.0001000000
1702886400000,0.0001000000
1702915200000,0.0001000000
1702944000000,0.0001000000
1702972800000,0.0001009100
1703001600000,0.0001538100
1703030400000,0.0001000000
1703059200000,0.0001645700
1703088000000,0.0001462500
1703116800000,0.0001000000
1703145600000,0.0001000000
1703174400000,0.0001547400
1703203200000,0.0004421600
1703232000000,0.0003293700
1703260800000,0.0002945100
1703289600000,0.0001824000
1703318400000,0.0001313900
1703347200000,0.0002723200
1703376000000,0.0003048400
1703404800000,0.0002544700
1703433600000,0.0002300100
1703462400000,0.0002180700
1703491200000,0.0001886500
1703520000000,0.0005945800
1703548800000,0.0005454000
1703577600000,0.0003287400
1703606400000,0.0002142000
1703635200000,0.0001454000
1703664000000,0.0003871800
1703692800000,0.0008441600
1703721600000,0.0006642600
1703750400000,0.0006929400
1703779200000,0.0008086400
1703808000000,0.0005649800
1703836800000,0.0003243000
1703865600000,0.0005064300
1703894400000,0.0004516300
1703923200000,0.0001761400
1703952000000,0.0003036500
1703980800000,0.0003609200
1704009600000,0.0004469200
1704038400000,0.0005675100
1704067200000,0.0005057000
1704096000000,0.0003883000
1704124800000,0.0005948900
1704153600000,0.0006169400
1704182400000,0.0007438000
1704211200000,0.0008888300
1704240000000,0.0006053300
1704268800000,0.0005328600
1704297600000,0.0001000000
1704326400000,0.0001000000
1704355200000,0.0001000000
1704384000000,0.0001000000
1704412800000,0.0001000000
1704441600000,0.0001000000
1704470400000,0.0001000000
1704499200000,0.0001000000
1704528000000,0.0001000000
1704556800000,0.0001000000
1704585600000,0.0001000000
1704614400000,0.0001000000
1704643200000,0.0001000000
1704672000000,0.0001000000
1704700800000,0.0001000000
1704729600000,0.0001000000
1704758400000,0.0001000000
1704787200000,0.0001000000
1704816000000,0.0001000000
1704844800000,0.0001000000
1704873600000,0.0001000000
1704902400000,0.0001000000
1704931200000,0.0001000000
1704960000000,0.0001000000
1704988800000,0.0001100100
1705017600000,0.0001000000
1705046400000,0.0001000000
1705075200000,0.0001000000
1705104000000,0.0001000000
1705132800000,0.0001000000
1705161600000,0.0001000000
1705190400000,0.0001000000
1705219200000,0.0001000000
1705248000000,0.0001000000
1705276800000,0.0001000000
1705305600000,0.0001000000
1705334400000,0.0001000000
1705363200000,0.0001000000
1705392000000,0.0001000000
1705420800000,0.0001000000
1705449600000,0.0001000000
1705478400000,0.0001000000
1705507200000,0.0001000000
1705536000000,0.0001000000
1705564800000,0.0001000000
1705593600000,0.0001000000
1705622400000,0.0001000000
1705651200000,0.0001000000
1705680000000,0.0001000000
1705708800000,0.0001000000
1705737600000,0.0001000000
1705766400000,0.0001000000
1705795200000,0.0001000000
1705824000000,0.0001000000
1705852800000,0.0001000000
1705881600000,0.0001000000
1705910400000,0.0001000000
1705939200000,0.0001000000
1705968000000,0.0001000000
1705996800000,0.0001000000
1706025600000,0.0001000000
1706054400000,0.0001000000
1706083200000,0.0001000000
1706112000000,0.0001000000
1706140800000,0.0001000000
1706169600000,0.0001000000
1706198400000,0.0001000000
1706227200000,0.0001000000
1706256000000,0.0001000000
1706284800000,0.0001000000
1706313600000,0.0001000000
1706342400000,0.0001000000
1706371200000,0.0001000000
1706400000000,0.0001000000
1706428800000,0.0001000000
1706457600000,0.0001000000
1706486400000,0.0001000000
1706515200000,0.0001000000
1706544000000,0.0001000000
1706572800000,0.0001000000
1706601600000,0.0001000000
1706630400000,0.0001000000
1706659200000,0.0001000000
1706688000000,0.0001000000
1706716800000,0.0001000000
1706745600000,0.0001000000
1706774400000,0.0000582300
1706803200000,0.0001000000
1706832000000,0.0001000000
1706860800000,0.0001000000
1706889600000,0.0001000000
1706918400000,0.0001000000
1706947200000,0.0001000000
1706976000000,0.0001000000
1707004800000,0.0001000000
1707033600000,0.0001000000
1707062400000,0.0001000000
1707091200000,0.0001000000
1707120000000,0.0001000000
1707148800000,0.0001000000
1707177600000,0.0001000000
1707206400000,0.0001000000
1707235200000,0.0001000000
1707264000000,0.0001000000
1707292800000,0.0001000000
1707321600000,0.0001000000
1707350400000,0.0001000000
1707379200000,0.0001000000
1707408000000,0.0001000000
1707436800000,0.0001000000
1707465600000,0.0001000000
1707494400000,0.0001000000
1707523200000,0.0001000000
1707552000000,0.0001000000
1707580800000,0.0001000000
1707609600000,0.0001000000
1707638400000,0.0001000000
1707667200000,0.0001000000
1707696000000,0.0001000000
1707724800000,0.0001000000
1707753600000,0.0001000000
1707782400000,0.0001000000
1707811200000,0.0002593700
1707840000000,0.0001013100
1707868800000,0.0001000000
1707897600000,0.0001000000
1707926400000,0.0002200700
1707955200000,0.0001000000
1707984000000,0.0001000000
1708012800000,0.0001419800
1708041600000,0.0001000000
1708070400000,0.0002640400
1708099200000,0.0001000000
1708128000000,0.0001612900
1708156800000,0.0002072800
1708185600000,0.0001000000
1708214400000,0.0001000000
1708243200000,0.0001000000
1708272000000,0.0001144200
1708300800000,0.0001659100
1708329600000,0.0001988800
1708358400000,0.0002932900
1708387200000,0.0004251600
1708416000000,0.0003060400
1708444800000,0.0001992000
1708473600000,0.0001000000
1708502400000,0.0001000000
1708531200000,0.0001000000
1708560000000,0.0001000000
1708588800000,0.0001000000
1708617600000,0.0001000000
1708646400000,0.0001000000
1708675200000,0.0001173200
1708704000000,0.0001327100
1708732800000,0.0001000000
1708761600000,0.0002157200
1708790400000,0.0003546700
1708819200000,0.0003404900
1708848000000,0.0003855800
1708876800000,0.0004577900
1708905600000,0.0006285800
1708934400000,0.0005090200
1708963200000,0.0002230500
1708992000000,0.0007316100
1709020800000,0.0008132700
1709049600000,0.0006050300
1709078400000,0.0003806000
1709107200000,0.0005495700
1709136000000,0.0006676200
1709164800000,0.0008630700
1709193600000,0.0010049600
1709222400000,0.0008478500
1709251200000,0.0004891000
1709280000000,0.0004960500
1709308800000,0.0005114800
1709337600000,0.0004613600
1709366400000,0.0004176400
1709395200000,0.0005891000
1709424000000,0.0008622300
1709452800000,0.0007238100
1709481600000,0.0006084900
1709510400000,0.0007134800
1709539200000,0.0006694600
1709568000000,0.0008193900
1709596800000,0.0005522200
1709625600000,0.0009547800
1709654400000,0.0013876200
1709683200000,0.0001000000
1709712000000,0.0002059600
1709740800000,0.0003351200
1709769600000,0.0004219600
1709798400000,0.0002755800
1709827200000,0.0009598800
1709856000000,0.0009997900
1709884800000,0.0007138300
1709913600000,0.0006126800
1709942400000,0.0002357100
1709971200000,0.0004713900
1710000000000,0.0005903700
1710028800000,0.0005697900
1710057600000,0.0008833500
1710086400000,0.0004404700
1710115200000,0.0003987100
1710144000000,0.0004433300
1710172800000,0.0007588000
1710201600000,0.0008374500
1710230400000,0.0005924700
1710259200000,0.0007273700
1710288000000,0.0007332300
1710316800000,0.0009314700
1710345600000,0.0008875600
1710374400000,0.0005405500
1710403200000,0.0006999600
1710432000000,0.0006714500
1710460800000,0.0008878100
1710489600000,0.0003007000
1710518400000,0.0002213400
1710547200000,0.0001765700
1710576000000,0.0001000000
1710604800000,0.0001000000
1710633600000,0.0001000000
1710662400000,0.0001000000
1710691200000,0.0001000000
1710720000000,0.0001614100
1710748800000,0.0003172500
1710777600000,0.0002486000
1710806400000,0.0001000000
1710835200000,0.0001000000
1710864000000,0.0001000000
1710892800000,0.0001000000
1710921600000,0.0001000000
1710950400000,0.0001000000
1710979200000,0.0001000000
1711008000000,0.0001000000
1711036800000,0.0001000000
1711065600000,0.0001979400
1711094400000,0.0001000000
1711123200000,0.0001137100
1711152000000,0.0001000000
1711180800000,0.0001000000
1711209600000,0.0001000000
1711238400000,0.0001000000
1711267200000,0.0001039400
1711296000000,0.0001713000
1711324800000,0.0001909500
1711353600000,0.0001975000
1711382400000,0.0002080600
1711411200000,0.0002352900
1711440000000,0.0004224200
1711468800000,0.0001912100
1711497600000,0.0003583400
1711526400000,0.0004039600
1711555200000,0.0003206700
1711584000000,0.0002867800
1711612800000,0.0003681000
1711641600000,0.0004614800
1711670400000,0.0008281400
1711699200000,0.0005478300
1711728000000,0.0004843600
1711756800000,0.0007207300
1711785600000,0.0006134400
1711814400000,0.0006902500
1711843200000,0.0004707800
1711872000000,0.0005982200
1711900800000,0.0005872200
1711929600000,0.0008468700
1711958400000,0.0005675700
1711987200000,0.0002770700
1712016000000,0.0001603900
1712044800000,0.0002096300
1712073600000,0.0001212700
1712102400000,0.0001000000
1712131200000,0.0001000000
1712160000000,0.0001000000
1712188800000,0.0001000000
1712217600000,0.0001520600
1712246400000,0.0002353500
1712275200000,0.0001000000
1712304000000,0.0001000000
1712332800000,0.0001826200
1712361600000,0.0001000000
1712390400000,0.0001000000
1712419200000,0.0001000000
1712448000000,0.0001022900
1712476800000,0.0001000000
1712505600000,0.0001000000
1712534400000,0.0003597100
1712563200000,0.0001172600
1712592000000,0.0001744000
1712620800000,0.0002625300
1712649600000,0.0002703400
1712678400000,0.0002123600
1712707200000,0.0003271500
1712736000000,0.0002965500
1712764800000,0.0001450000
1712793600000,0.0002367400
1712822400000,0.0002355100
1712851200000,0.0001000000
1712880000000,0.0001000000
1712908800000,0.0002589400
1712937600000,0.0001000000
1712966400000,0.0001000000
1712995200000,0.0001000000
1713024000000,0.0001000000
1713052800000,-0.0000671500
1713081600000,0.0001000000
1713110400000,0.0000792700
1713139200000,-0.0000671600
1713168000000,0.0000986300
1713196800000,0.0000369100
1713225600000,0.0000241200
1713254400000,0.0000132700
1713283200000,0.0000985600
1713312000000,0.0001000000
1713340800000,0.0001000000
1713369600000,-0.0000705500
1713398400000,0.0001000000
1713427200000,-0.0001553200
1713456000000,0.0000514300
1713484800000,0.0000070600
1713513600000,0.0001000000
1713542400000,0.0001000000
1713571200000,0.0000256500
1713600000000,0.0000991000
1713628800000,-0.0000505400
1713657600000,0.0000971100
1713686400000,0.0001000000
1713715200000,0.0001000000
1713744000000,0.0001000000
1713772800000,0.0000450700
1713801600000,-0.0001031900
1713830400000,0.0001000000
1713859200000,0.0000683400
1713888000000,0.0001000000
1713916800000,0.0001000000
1713945600000,0.0001000000
1713974400000,0.0001000000
1714003200000,0.0001000000
1714032000000,-0.0000548600
1714060800000,0.0001000000
1714089600000,0.0001000000
1714118400000,0.0001000000
1714147200000,0.0000735800
1714176000000,0.0001000000
1714204800000,0.0000547900
1714233600000,-0.0000456000
1714262400000,0.0000737000
1714291200000,0.0001000000
1714320000000,0.0001000000
1714348800000,0.0000070400
1714377600000,0.0000066100
1714406400000,0.0001000000
1714435200000,0.0001000000
1714464000000,0.0001000000
1714492800000,0.0001000000
1714521600000,0.0000086700
1714550400000,0.0000396400
1714579200000,-0.0000091500
1714608000000,-0.0000053000
1714636800000,0.0001000000
1714665600000,0.0000826100
1714694400000,0.0000641800
1714723200000,-0.0000725300
1714752000000,0.0000743300
1714780800000,-0.0000197100
1714809600000,0.0001000000
1714838400000,0.0000985100
1714867200000,0.0000046300
1714896000000,0.0000493400
1714924800000,-0.0000053800
1714953600000,0.0000988200
1714982400000,0.0000840800
1715011200000,0.0000953700
1715040000000,0.0001000000
1715068800000,0.0001000000
1715097600000,0.0001000000
1715126400000,0.0001000000
1715155200000,0.0001000000
1715184000000,0.0001000000
1715212800000,0.0001000000
1715241600000,0.0000889000
1715270400000,0.0000455000
1715299200000,0.0000909900
1715328000000,0.0001000000
1715356800000,0.0001000000
1715385600000,0.0001000000
1715414400000,0.0001000000
1715443200000,0.0000459100
1715472000000,0.0000342000
1715500800000,0.0000570600
1715529600000,-0.0000419700
1715558400000,0.0000483200
1715587200000,0.0000688100
1715616000000,-0.0000098900
1715644800000,-0.0000847900
1715673600000,0.0000586700
1715702400000,0.0001000000
1715731200000,0.0001000000
1715760000000,0.0000713200
1715788800000,-0.0000530000
1715817600000,0.0001000000
1715846400000,0.0001000000
1715875200000,0.0001000000
1715904000000,0.0001000000
1715932800000,0.0001000000
1715961600000,0.0001000000
1715990400000,0.0001000000
1716019200000,0.0001000000
1716048000000,0.0001000000
1716076800000,0.0001000000
1716105600000,0.0001000000
1716134400000,0.0001000000
1716163200000,0.0001000000
1716192000000,0.0001000000
1716220800000,0.0001000000
1716249600000,0.0001000000
1716278400000,0.0001000000
1716307200000,0.0001000000
1716336000000,0.0001000000
1716364800000,0.0001000000
1716393600000,0.0001502500
1716422400000,0.0002178800
1716451200000,0.0003729100
1716480000000,0.0001918800
1716508800000,0.0001000000
1716537600000,0.0001000000
1716566400000,0.0001000000
1716595200000,0.0001000000
1716624000000,0.0001000000
1716652800000,0.0001000000
1716681600000,0.0001000000
1716710400000,0.0001000000
1716739200000,0.0001000000
1716768000000,0.0002203000
1716796800000,0.0001000000
1716825600000,0.0001000000
1716854400000,0.0001233400
1716883200000,0.0001000000
1716912000000,0.0001970000
1716940800000,0.0001935100
1716969600000,0.0001691600
1716998400000,0.0001000000
1717027200000,0.0001000000
1717056000000,0.0001000000
1717084800000,0.0001000000
1717113600000,0.0001000000
1717142400000,0.0001000000
1717171200000,0.0001000000
1717200000000,0.0001000000
1717228800000,0.0001000000
1717257600000,0.0001582000
1717286400000,0.0001683100
1717315200000,0.0001196900
1717344000000,0.0001000000
1717372800000,0.0001249300
1717401600000,0.0001972800
1717430400000,0.0001000000
1717459200000,0.0001282900
1717488000000,0.0002028000
1717516800000,0.0001693000
1717545600000,0.0001406600
1717574400000,0.0001000000
1717603200000,0.0001000000
1717632000000,0.0001000000
1717660800000,0.0001541600
1717689600000,0.0002063000
1717718400000,0.0001000000
1717747200000,0.0001000000
1717776000000,0.0001633400
1717804800000,0.0001000000
1717833600000,0.0001000000
1717862400000,0.0001000000
1717891200000,0.0001000000
1717920000000,0.0001000000
1717948800000,0.0001000000
1717977600000,0.0001000000
1718006400000,0.0001000000
1718035200000,0.0001000000
1718064000000,0.0001000000
1718092800000,0.0001000000
1718121600000,0.0001000000
1718150400000,0.0001000000
1718179200000,0.0000676600
1718208000000,0.0000479700
1718236800000,0.0001000000
1718265600000,0.0001000000
1718294400000,-0.0000684200
1718323200000,0.0000488600
1718352000000,-0.0000174800
1718380800000,0.0000243300
1718409600000,-0.0000116400
1718438400000,0.0000400900
1718467200000,-0.0000857600
1718496000000,-0.0001057200
1718524800000,-0.0000279000
1718553600000,0.0000622500
1718582400000,0.0000465500
1718611200000,0.0001000000
1718640000000,-0.0000430100
1718668800000,0.0000170000
1718697600000,-0.0000204000
1718726400000,0.0001000000
1718755200000,0.0001000000
1718784000000,0.0001000000
1718812800000,0.0000696600
1718841600000,-0.0000272100
1718870400000,0.0000746000
1718899200000,-0.0000524000
1718928000000,0.0000814200
1718956800000,-0.0000432800
1718985600000,0.0000495500
1719014400000,0.0001000000
1719043200000,0.0001000000
1719072000000,0.0001000000
1719100800000,0.0001000000
1719129600000,0.0001000000
1719158400000,-0.0000024400
1719187200000,0.0001000000
1719216000000,-0.0001464200
1719244800000,0.0000529200
1719273600000,0.0000669600
1719302400000,0.0000642000
1719331200000,0.0000335900
1719360000000,-0.0000856500
1719388800000,0.0000256300
1719417600000,0.0000113500
1719446400000,-0.0000617900
1719475200000,-0.0000055300
1719504000000,0.0001000000
1719532800000,0.0001000000
1719561600000,-0.0000254300
1719590400000,-0.0000426900
1719619200000,0.0001000000
1719648000000,0.0000772300
1719676800000,0.0001000000
1719705600000,0.0001000000
1719734400000,0.0000646600
1719763200000,0.0000208800
1719792000000,-0.0000730200
1719820800000,0.0000104000
1719849600000,0.0000648700
1719878400000,0.0001000000
1719907200000,0.0000627700
1719936000000,-0.0000035900
1719964800000,0.0001000000
1719993600000,0.0000839200
1720022400000,0.0000951300
1720051200000,-0.0000651000
1720080000000,-0.0000482800
1720108800000,0.0000574800
1720137600000,-0.0001852000
1720166400000,0.0000568100
1720195200000,-0.0001415700
1720224000000,-0.0000268700
1720252800000,0.0000248700
1720281600000,-0.0000503600
1720310400000,-0.0000885200
1720339200000,0.0001000000
1720368000000,0.0000455900
1720396800000,-0.0000498700
1720425600000,-0.0001070500
1720454400000,0.0001000000
1720483200000,0.0001000000
1720512000000,0.0001000000
1720540800000,-0.0000549600
1720569600000,0.0000889400
1720598400000,0.0001000000
1720627200000,0.0000403200
1720656000000,-0.0000091700
1720684800000,0.0000047300
1720713600000,-0.0001101800
1720742400000,-0.0000934200
1720771200000,-0.0001448200
1720800000000,0.0000184900
1720828800000,-0.0001211000
1720857600000,0.0000563800
1720886400000,0.0000865900
1720915200000,0.0000604900
1720944000000,-0.0000003400
1720972800000,-0.0000783900
1721001600000,0.0000931000
1721030400000,-0.0000316100
1721059200000,0.0001000000
1721088000000,0.0001000000
1721116800000,0.0001000000
1721145600000,0.0001000000
1721174400000,0.0000983400
1721203200000,0.0001000000
1721232000000,0.0001000000
1721260800000,0.0001000000
1721289600000,0.0001000000
1721318400000,0.0000503100
1721347200000,0.0001000000
1721376000000,0.0001000000
1721404800000,0.0000239800
1721433600000,0.0001000000
1721462400000,0.0000782600
1721491200000,-0.0000177100
1721520000000,0.0001000000
1721548800000,0.0001000000
1721577600000,0.0001000000
1721606400000,0.0001000000
1721635200000,0.0001000000
1721664000000,0.0000720200
1721692800000,0.0001000000
1721721600000,0.0001000000
1721750400000,0.0001000000
1721779200000,0.0001000000
1721808000000,0.0001000000
1721836800000,0.0001000000
1721865600000,0.0001000000
1721894400000,0.0001000000
1721923200000,0.0001000000
1721952000000,0.0000734400
1721980800000,0.0001000000
1722009600000,0.0001000000
1722038400000,0.0001000000
1722067200000,0.0001000000
1722096000000,0.0001000000
1722124800000,0.0001000000
1722153600000,0.0001000000
1722182400000,0.0001000000
1722211200000,0.0001000000
1722240000000,0.0001000000
1722268800000,0.0001000000
1722297600000,0.0001000000
1722326400000,0.0000464900
1722355200000,0.0001000000
1722384000000,0.0000714900
1722412800000,0.0001000000
1722441600000,0.0001000000
1722470400000,-0.0000104700
1722499200000,-0.0000980200
1722528000000,0.0000547700
1722556800000,-0.0000989000
1722585600000,-0.0000648100
1722614400000,0.0000223500
1722643200000,0.0000594100
1722672000000,0.0000203300
1722700800000,0.0001000000
1722729600000,-0.0000666600
1722758400000,-0.0000502500
1722787200000,0.0000680900
1722816000000,0.0000724400
1722844800000,-0.0002665900
1722873600000,-0.0002169200
1722902400000,-0.0001183900
1722931200000,-0.0003212000
1722960000000,-0.0000241600
1722988800000,-0.0000982100
1723017600000,0.0000175700
1723046400000,-0.0000048000
1723075200000,0.0001000000
1723104000000,0.0000715600
1723132800000,-0.0000661600
1723161600000,-0.0000024200
1723190400000,-0.0000990300
1723219200000,0.0001000000
1723248000000,-0.0000037700
1723276800000,0.0001000000
1723305600000,-0.0000405200
1723334400000,0.0000331200
1723363200000,0.0000020700
1723392000000,-0.0000801100
1723420800000,0.0000442900
1723449600000,-0.0000151800
1723478400000,-0.0000614600
1723507200000,-0.0002720500
1723536000000,0.0000000000
1723564800000,-0.0000166600
1723593600000,-0.0001133500
1723622400000,-0.0000834600
1723651200000,-0.0000051800
1723680000000,-0.0000775400
1723708800000,-0.0000910800
1723737600000,0.0000352700
1723766400000,0.0000419400
1723795200000,0.0001000000
1723824000000,-0.0001660600
1723852800000,0.0000010000
1723881600000,-0.0002472600
1723910400000,-0.0000348400
1723939200000,0.0001000000
1723968000000,-0.0000232900
1723996800000,-0.0000520600
1724025600000,-0.0000768100
1724054400000,-0.0000976500
1724083200000,0.0000066100
1724112000000,-0.0000787100
1724140800000,0.0000526500
1724169600000,-0.0001008000
1724198400000,0.0000681100
1724227200000,0.0000975400
1724256000000,-0.0001904500
1724284800000,0.0000387200
1724313600000,0.0000506400
1724342400000,0.0000061500
1724371200000,0.0000150300
1724400000000,0.0000561600
1724428800000,-0.0000669900
1724457600000,0.0001000000
1724486400000,0.0001000000
1724515200000,0.0001000000
1724544000000,0.0001000000
1724572800000,0.0001000000
1724601600000,0.0001000000
1724630400000,0.0001000000
1724659200000,0.0001000000
1724688000000,0.0000795800
1724716800000,0.0000952600
1724745600000,0.0000281600
1724774400000,0.0000890400
1724803200000,-0.0000275800
1724832000000,0.0000125400
1724860800000,-0.0000811100
1724889600000,-0.0000834800
1724918400000,-0.0000821100
1724947200000,0.0000084300
1724976000000,-0.0001040000
1725004800000,-0.0001717800
1725033600000,-0.0001698900
1725062400000,-0.0000859200
1725091200000,-0.0000005900
1725120000000,-0.0001729500
1725148800000,-0.0001799500
1725177600000,-0.0001089100
1725206400000,-0.0000625400
1725235200000,-0.0001849000
1725264000000,-0.0001775900
1725292800000,-0.0000875900
1725321600000,-0.0002571800
1725350400000,-0.0000634200
1725379200000,-0.0001946000
1725408000000,-0.0001159200
1725436800000,-0.0001621000
1725465600000,-0.0000267700
1725494400000,-0.0000591100
1725523200000,0.0000352200
1725552000000,0.0000810000
1725580800000,-0.0000805900
1725609600000,0.0000526700
1725638400000,-0.0000321300
1725667200000,-0.0001689300
1725696000000,-0.0000979500
1725724800000,0.0000035000
1725753600000,-0.0000113800
1725782400000,0.0000122700
1725811200000,-0.0000225200
1725840000000,0.0000836700
1725868800000,0.0000807400
1725897600000,-0.0000488200
1725926400000,0.0001000000
1725955200000,0.0001000000
1725984000000,0.0000892500
1726012800000,0.0000028700
1726041600000,-0.0002150300
1726070400000,-0.0001031000
1726099200000,-0.0000958500
1726128000000,0.0001000000
1726156800000,0.0000197800
1726185600000,0.0001000000
1726214400000,-0.0000238100
1726243200000,0.0000054800
1726272000000,0.0000271000
1726300800000,-0.0000059100
1726329600000,0.0000034000
1726358400000,0.0000497800
1726387200000,-0.0000545000
1726416000000,-0.0000016700
1726444800000,-0.0000551000
1726473600000,-0.0001345100
1726502400000,0.0000294100
1726531200000,0.0000078900
1726560000000,0.0000929700
1726588800000,0.0000701500
1726617600000,-0.0000230000
1726646400000,-0.0000212500
1726675200000,-0.0000654200
1726704000000,0.0000366700
1726732800000,0.0001000000
1726761600000,0.0001000000
1726790400000,0.0001000000
1726819200000,0.0001000000
1726848000000,0.0001000000
1726876800000,0.0001000000
1726905600000,0.0001000000
1726934400000,0.0000685000
1726963200000,0.0001000000
1726992000000,0.0000321900
1727020800000,0.0000330500
1727049600000,0.0001000000
1727078400000,0.0001000000
1727107200000,0.0000175300
1727136000000,0.0000433400
1727164800000,0.0000187400
1727193600000,0.0000952700
1727222400000,0.0001000000
1727251200000,0.0001000000
1727280000000,0.0000078600
1727308800000,0.0000363300
1727337600000,0.0001000000
1727366400000,0.0001000000
1727395200000,0.0000428800
1727424000000,0.0001000000
1727452800000,0.0001000000
1727481600000,0.0000504400
1727510400000,0.0000432000
1727539200000,0.0001000000
1727568000000,0.0000386600
1727596800000,0.0000955800
1727625600000,0.0000129500
1727654400000,0.0001000000
1727683200000,0.0000442600
1727712000000,0.0001000000
1727740800000,0.0001000000
1727769600000,0.0001000000
1727798400000,0.0001000000
1727827200000,0.0000666000
1727856000000,0.0000931000
1727884800000,0.0000192500
1727913600000,-0.0000181600
1727942400000,-0.0000349900
1727971200000,-0.0000249100
1728000000000,-0.0000107800
1728028800000,-0.0000230600
1728057600000,0.0000603200
1728086400000,0.0000480900
1728115200000,0.0000291100
1728144000000,-0.0001052700
1728172800000,-0.0000499500
1728201600000,0.0000691400
1728230400000,-0.0000134600
1728259200000,-0.0001172000
1728288000000,0.0000525500
1728316800000,0.0000754800
1728345600000,-0.0000371000
1728374400000,-0.0000456900
1728403200000,0.0000598600
1728432000000,-0.0000794800
1728460800000,-0.0000297500
1728489600000,-0.0000269400
1728518400000,0.0000315900
1728547200000,0.0000468300
1728576000000,-0.0000237700
1728604800000,-0.0000497700
1728633600000,0.0000049900
1728662400000,0.0001000000
1728691200000,0.0001000000
1728720000000,0.0001000000
1728748800000,0.0001000000
1728777600000,0.0001000000
1728806400000,0.0001000000
1728835200000,0.0001000000
1728864000000,0.0001000000
1728892800000,0.0001000000
1728921600000,0.0001000000
1728950400000,0.0001000000
1728979200000,0.0001000000
1729008000000,0.0001000000
1729036800000,0.0001000000
1729065600000,0.0000352700
1729094400000,0.0001000000
1729123200000,0.0001000000
1729152000000,0.0001000000
1729180800000,0.0001000000
1729209600000,0.0000497800
1729238400000,0.0001000000
1729267200000,0.0001000000
1729296000000,0.0001000000
1729324800000,0.0001000000
1729353600000,0.0001000000
1729382400000,0.0001000000
1729411200000,0.0001000000
1729440000000,0.0001000000
1729468800000,0.0001000000
1729497600000,0.0001000000
1729526400000,0.0001000000
1729555200000,0.0001000000
1729584000000,0.0001000000
1729612800000,0.0001000000
1729641600000,0.0001000000
1729670400000,0.0001000000
1729699200000,0.0001000000
1729728000000,0.0001000000
1729756800000,0.0001000000
1729785600000,0.0001000000
1729814400000,0.0001000000
1729843200000,0.0000978200
1729872000000,0.0001000000
1729900800000,0.0001000000
1729929600000,0.0001000000
1729958400000,0.0001000000
1729987200000,0.0001000000
1730016000000,0.0000477700
1730044800000,0.0000026600
1730073600000,-0.0000514400
1730102400000,0.0000438200
1730131200000,-0.0000362700
1730160000000,0.0001000000
1730188800000,0.0001000000
1730217600000,0.0001000000
1730246400000,0.0001000000
1730275200000,0.0001000000
1730304000000,0.0001000000
1730332800000,0.0001000000
1730361600000,0.0001000000
1730390400000,0.0001000000
1730419200000,0.0001000000
1730448000000,0.0001000000
1730476800000,0.0001000000
1730505600000,0.0001000000
1730534400000,0.0001000000
1730563200000,0.0001000000
1730592000000,0.0000411300
1730620800000,0.0001000000
1730649600000,0.0001000000
1730678400000,0.0001000000
1730707200000,0.0001000000
1730736000000,0.0000213900
1730764800000,0.0000298000
1730793600000,0.0001000000
1730822400000,-0.0000126400
1730851200000,-0.0000570800
1730880000000,0.0001000000
1730908800000,0.0001000000
1730937600000,0.0001000000
1730966400000,0.0001683100
1730995200000,0.0001000000
1731024000000,0.0001000000
1731052800000,0.0001000000
1731081600000,0.0001000000
1731110400000,0.0001000000
1731139200000,0.0001557800
1731168000000,0.0001000000
1731196800000,0.0001000000
1731225600000,0.0003363500
1731254400000,0.0003528700
1731283200000,0.0003946500
1731312000000,0.0001000000
1731340800000,0.0001904700
1731369600000,0.0001000000
1731398400000,0.0005507900
1731427200000,0.0005702900
1731456000000,0.0004395800
1731484800000,0.0002071800
1731513600000,0.0002400300
1731542400000,0.0001309700
1731571200000,0.0002195300
1731600000000,0.0001000000
1731628800000,0.0001000000
1731657600000,0.0001000000
1731686400000,0.0001000000
1731715200000,0.0003375200
1731744000000,0.0002533800
1731772800000,0.0001000000
1731801600000,0.0001699500
1731830400000,0.0003621700
1731859200000,0.0004790000
1731888000000,0.0002321500
1731916800000,0.0004392200
1731945600000,0.0003565300
1731974400000,0.0002510800
1732003200000,0.0005220600
1732032000000,0.0001793000
1732060800000,0.0001000000
1732089600000,0.0001000000
1732118400000,0.0001000000
1732147200000,0.0001000000
1732176000000,0.0001000000
1732204800000,0.0004038600
1732233600000,0.0003706000
1732262400000,0.0005774200
1732291200000,0.0001809100
1732320000000,0.0001908200
1732348800000,0.0003366400
1732377600000,0.0003844300
1732406400000,0.0002224600
1732435200000,0.0002937000
1732464000000,0.0002258400
1732492800000,0.0002249000
1732521600000,0.0002535200
1732550400000,0.0002761100
1732579200000,0.0001000000
1732608000000,0.0001000000
1732636800000,0.0001000000
1732665600000,0.0001000000
1732694400000,0.0001143900
1732723200000,0.0001035300
1732752000000,0.0002786000
1732780800000,0.0002364100
1732809600000,0.0001000000
1732838400000,0.0001460100
1732867200000,0.0002517900
1732896000000,0.0003488300
1732924800000,0.0003303700
1732953600000,0.0003221400
1732982400000,0.0002871400
1733011200000,0.0003317600
1733040000000,0.0001408300
1733068800000,0.0003328400
1733097600000,0.0004539300
1733126400000,0.0004121000
1733155200000,0.0004085500
1733184000000,0.0004460100
1733212800000,0.0006738300
1733241600000,0.0005112100
1733270400000,0.0005847600
1733299200000,0.0004530800
1733328000000,0.0006197300
1733356800000,0.0004422100
1733385600000,0.0006260700
1733414400000,0.0006374500
1733443200000,0.0005854600
1733472000000,0.0006920200
1733500800000,0.0001663500
1733529600000,0.0005978000
1733558400000,0.0003575500
1733587200000,0.0005325700
1733616000000,0.0005187600
1733644800000,0.0003558400
1733673600000,0.0002872600
1733702400000,0.0002482300
1733731200000,0.0001640400
1733760000000,0.0001201900
1733788800000,0.0001000000
1733817600000,0.0001000000
1733846400000,0.0001000000
1733875200000,0.0001000000
1733904000000,0.0001000000
1733932800000,0.0001000000
1733961600000,0.0001000000
1733990400000,0.0001000000
1734019200000,0.0001000000
1734048000000,0.0001000000
1734076800000,0.0001000000
1734105600000,0.0001000000
1734134400000,0.0001000000
1734163200000,0.0001000000
1734192000000,0.0001000000
1734220800000,0.0001000000
1734249600000,0.0001000000
1734278400000,0.0001000000
1734307200000,0.0001000000
1734336000000,0.0001000000
1734364800000,0.0001000000
1734393600000,0.0001000000
1734422400000,0.0001000000
1734451200000,0.0001000000
1734480000000,0.0001000000
1734508800000,0.0001000000
1734537600000,0.0001000000
1734566400000,0.0001000000
1734595200000,0.0001000000
1734624000000,0.0001000000
1734652800000,0.0000123900
1734681600000,0.0001000000
1734710400000,0.0000264600
1734739200000,0.0000341500
1734768000000,0.0000921600
1734796800000,0.0000943800
1734825600000,0.0000118500
1734854400000,0.0000461600
1734883200000,-0.0000398500
1734912000000,0.0000153400
1734940800000,0.0000193100
1734969600000,0.0000932700
1734998400000,0.0001000000
1735027200000,0.0001000000
1735056000000,0.0001000000
1735084800000,0.0001000000
1735113600000,0.0000526900
1735142400000,0.0000729800
1735171200000,0.0000814500
1735200000000,0.0001000000
1735228800000,0.0000482700
1735257600000,0.0000911100
1735286400000,0.0001000000
1735315200000,-0.0000364200
1735344000000,0.0000637100
1735372800000,0.0000880900
1735401600000,0.0000738700
1735430400000,0.0001000000
1735459200000,0.0001000000
1735488000000,0.0001000000
1735516800000,0.0000292800
1735545600000,0.0001000000
1735574400000,0.0000743900
1735603200000,0.0000297000
1735632000000,0.0000508000
1735660800000,0.0000452400
1735689600000,0.0000388800
1735718400000,0.0000460300
1735747200000,0.0000777400
1735776000000,0.0001000000
1735804800000,0.0000981300
1735833600000,0.0001000000
1735862400000,0.0001000000
1735891200000,0.0000621700
1735920000000,-0.0000828500
1735948800000,0.0000570900
1735977600000,0.0001000000
1736006400000,0.0001000000
1736035200000,0.0000677100
1736064000000,0.0000044500
1736092800000,0.0001000000
1736121600000,0.0000902400
1736150400000,0.0000009800
1736179200000,0.0001000000
1736208000000,0.0000879100
1736236800000,0.0001000000
1736265600000,0.0000928100
1736294400000,0.0000705800
1736323200000,0.0000250000
1736352000000,0.0000077300
1736380800000,0.0000151300
1736409600000,-0.0000260800
1736438400000,0.0000213800
1736467200000,0.0000234900
1736496000000,0.0000089400
1736524800000,0.0000804300
1736553600000,-0.0000162200
1736582400000,0.0000020900
1736611200000,0.0000898100
1736640000000,0.0001000000
1736668800000,0.0000317400
1736697600000,0.0001000000
1736726400000,0.0001000000
1736755200000,0.0000268800
1736784000000,0.0000571900
1736812800000,0.0000701400
1736841600000,0.0000594600
1736870400000,0.0001000000
1736899200000,0.0000957700
1736928000000,0.0000205100
1736956800000,0.0000528900
1736985600000,0.0001000000
1737014400000,0.0001000000
1737043200000,0.0001000000
1737072000000,0.0001000000
1737100800000,0.0001000000
1737129600000,0.0001000000
1737158400000,0.0001000000
1737187200000,0.0001000000
1737216000000,0.0000821900
1737244800000,0.0001000000
1737273600000,0.0001000000
1737302400000,0.0001000000
1737331200000,-0.0008595900
1737360000000,0.0001000000
1737388800000,0.0001000000
1737417600000,0.0000758000
1737446400000,0.0001000000
1737475200000,0.0001000000
1737504000000,0.0001000000
1737532800000,0.0001000000
1737561600000,0.0001000000
1737590400000,0.0001000000
1737619200000,0.0000968000
1737648000000,0.0000103100
1737676800000,0.0000605700
1737705600000,0.0001000000
1737734400000,0.0001000000
1737763200000,0.0000124200
1737792000000,-0.0001040700
1737820800000,-0.0000714700
1737849600000,0.0000885600
1737878400000,0.0001000000
1737907200000,0.0001000000
1737936000000,0.0000284900
1737964800000,0.0000015700
1737993600000,-0.0001202300
1738022400000,0.0001000000
1738051200000,-0.0000051600
1738080000000,0.0000959900
1738108800000,0.0000498700
1738137600000,0.0001000000
1738166400000,0.0000005800
1738195200000,0.0000364500
1738224000000,0.0001000000
1738252800000,0.0001000000
1738281600000,-0.0000006200
1738310400000,0.0000950300
1738339200000,0.0000671800
1738368000000,-0.0001117500
1738396800000,0.0000420400
1738425600000,0.0000250900
1738454400000,0.0000132800
1738483200000,-0.0000213900
1738512000000,-0.0000095800
1738540800000,-0.0001419800
1738569600000,-0.0001297000
1738598400000,-0.0001428900
1738627200000,-0.0003173100
1738656000000,0.0000193800
1738684800000,0.0001000000
1738713600000,-0.0000344200
1738742400000,-0.0000397700
1738771200000,-0.0000772900
1738800000000,-0.0000470100
1738828800000,-0.0000075400
1738857600000,-0.0000324000
1738886400000,-0.0001024500
1738915200000,-0.0001286000
1738944000000,0.0000096200
1738972800000,-0.0000893600
1739001600000,-0.0000568600
1739030400000,0.0000383800
1739059200000,-0.0000156800
1739088000000,-0.0000756500
1739116800000,-0.0001392200
1739145600000,-0.0001518300
1739174400000,0.0000136600
1739203200000,0.0000035500
1739232000000,-0.0000924700
1739260800000,0.0000442700
1739289600000,-0.0001609400
1739318400000,-0.0001503900
1739347200000,-0.0000401400
1739376000000,0.0000337400
1739404800000,0.0000456600
1739433600000,-0.0000893000
1739462400000,-0.0001100100
1739491200000,0.0000141000
1739520000000,0.0001000000
1739548800000,0.0001000000
1739577600000,0.0001000000
1739606400000,0.0000028900
1739635200000,-0.0000363200
1739664000000,-0.0000006000
1739692800000,0.0000538100
1739721600000,-0.0000195700
1739750400000,-0.0001057800
1739779200000,-0.0001445800
1739808000000,0.0000924800
1739836800000,-0.0000047900
1739865600000,0.0000873500
1739894400000,0.0001000000
1739923200000,0.0000981500
1739952000000,0.0000362300
1739980800000,0.0000665400
1740009600000,0.0000542600
1740038400000,0.0000925500
1740067200000,-0.0000234900
1740096000000,0.0000642000
1740124800000,0.0001000000
1740153600000,-0.0000092600
1740182400000,0.0013873100
1740211200000,0.0005474000
1740240000000,0.0001000000
1740268800000,0.0001000000
1740297600000,0.0001000000
1740326400000,-0.0000014800
1740355200000,0.0001000000
1740384000000,0.0001000000
1740412800000,0.0001000000
1740441600000,0.0001000000
1740470400000,0.0001000000
1740499200000,0.0001000000
1740528000000,0.0001000000
1740556800000,0.0001000000
1740585600000,0.0001000000
1740614400000,0.0001000000
1740643200000,0.0001000000
1740672000000,0.0001000000
1740700800000,0.0001000000
1740729600000,0.0001000000
1740758400000,0.0000655600
1740787200000,0.0001000000
1740816000000,0.0001000000
1740844800000,0.0001000000
1740873600000,0.0001000000
1740902400000,0.0001000000
1740931200000,0.0001000000
1740960000000,0.0001000000
1740988800000,0.0001000000
1741017600000,0.0001000000
1741046400000,-0.0001811700
1741075200000,-0.0000475800
1741104000000,-0.0000114900
1741132800000,-0.0000922300
1741161600000,0.0000285000
1741190400000,0.0000143300
1741219200000,-0.0000910900
1741248000000,-0.0000001600
1741276800000,-0.0000398200
1741305600000,-0.0001067900
1741334400000,-0.0001547600
1741363200000,0.0000205900
1741392000000,0.0000864100
1741420800000,-0.0000680100
1741449600000,-0.0000536200
1741478400000,0.0000106600
1741507200000,0.0001000000
1741536000000,0.0001000000
1741564800000,0.0000415900
1741593600000,0.0000294100
1741622400000,-0.0000824800
1741651200000,0.0001000000
1741680000000,0.0001000000
1741708800000,0.0000387500
1741737600000,-0.0000134400
1741766400000,-0.0001371800
1741795200000,-0.0000791200
1741824000000,-0.0000222500
1741852800000,-0.0000894300
1741881600000,-0.0001041800
1741910400000,-0.0000487600
1741939200000,0.0001000000
1741968000000,0.0001000000
1741996800000,0.0000561500
1742025600000,0.0001000000
1742054400000,0.0000657500
1742083200000,0.0000372700
1742112000000,-0.0000549600
1742140800000,-0.0001402700
1742169600000,-0.0001035100
1742198400000,-0.0000940200
1742227200000,-0.0001094500
1742256000000,-0.0001102200
1742284800000,-0.0001469200
1742313600000,-0.0000347200
1742342400000,0.0000363800
1742371200000,0.0001000000
1742400000000,0.0000912300
1742428800000,0.0001000000
1742457600000,0.0000648400
1742486400000,-0.0000983800
1742515200000,-0.0000722200
1742544000000,0.0000159900
1742572800000,-0.0000622900
1742601600000,0.0000693600
1742630400000,0.0000523700
1742659200000,0.0000587700
1742688000000,0.0000296800
1742716800000,0.0001000000
1742745600000,0.0001000000
1742774400000,-0.0000344100
1742803200000,0.0000753700
1742832000000,0.0001000000
1742860800000,0.0000964500
1742889600000,0.0001000000
1742918400000,-0.0000320100
1742947200000,0.0000275600
1742976000000,0.0000966500
1743004800000,-0.0000924500
1743033600000,0.0000549700
1743062400000,0.0001000000
1743091200000,0.0000041900
1743120000000,0.0000419100
1743148800000,-0.0000501100
1743177600000,-0.0000891100
1743206400000,-0.0000891600
1743235200000,-0.0000187800
1743264000000,-0.0000572000
1743292800000,-0.0001237200
1743321600000,-0.0002191500
1743350400000,-0.0000902600
1743379200000,-0.0001131600
1743408000000,0.0000676800
1743436800000,-0.0000232100
1743465600000,-0.0001764100
1743494400000,-0.0000399700
1743523200000,-0.0000028900
1743552000000,-0.0000535500
1743580800000,-0.0000975700
1743609600000,0.0001000000
1743638400000,-0.0001275500
1743667200000,-0.0000712000
1743696000000,-0.0001413600
1743724800000,-0.0003117200
1743753600000,-0.0000035900
1743782400000,-0.0000210000
1743811200000,0.0001000000
1743840000000,0.0000662600
1743868800000,0.0000853800
1743897600000,0.0001000000
1743926400000,0.0000566000
1743955200000,0.0000353600
1743984000000,-0.0000070400
1744012800000,-0.0000321100
1744041600000,-0.0000461800
1744070400000,0.0000935900
1744099200000,0.0000491900
1744128000000,-0.0001246900
1744156800000,-0.0001472100
1744185600000,0.0000589000
1744214400000,0.0001000000
1744243200000,0.0001000000
1744272000000,0.0000345500
1744300800000,-0.0000373700
1744329600000,-0.0000766600
1744358400000,0.0001000000
1744387200000,0.0001000000
1744416000000,0.0001000000
1744444800000,0.0001000000
1744473600000,0.0000601600
1744502400000,0.0001000000
1744531200000,0.0000477600
1744560000000,0.0000832400
1744588800000,0.0001000000
1744617600000,0.0000289000
1744646400000,0.0000603000
1744675200000,-0.0000307400
1744704000000,-0.0000357500
1744732800000,0.0000467600
1744761600000,-0.0001239900
1744790400000,-0.0001677300
1744819200000,-0.0000005200
1744848000000,0.0001000000
1744876800000,0.0000944900
1744905600000,-0.0000018900
1744934400000,-0.0000230800
1744963200000,-0.0001054700
1744992000000,-0.0001324200
1745020800000,-0.0000435700
1745049600000,-0.0000939400
1745078400000,-0.0001129000
1745107200000,-0.0002076900
1745136000000,-0.0002626300
1745164800000,-0.0002708700
1745193600000,-0.0002178300
1745222400000,-0.0000512900
1745251200000,-0.0000723000
1745280000000,-0.0001099500
1745308800000,0.0000487900
1745337600000,0.0000613400
1745366400000,0.0001000000
1745395200000,0.0000612500
1745424000000,0.0000533400
1745452800000,0.0000970700
1745481600000,0.0000784300
1745510400000,0.0000215600
1745539200000,0.0001000000
1745568000000,0.0001000000
1745596800000,-0.0000071100
1745625600000,-0.0001454300
1745654400000,-0.0001570900
1745683200000,-0.0001475800
1745712000000,0.0000696300
1745740800000,-0.0000208000
1745769600000,0.0001000000
1745798400000,0.0000190200
1745827200000,0.0001000000
1745856000000,-0.0000485000
1745884800000,-0.0001331200
1745913600000,-0.0000230600
1745942400000,-0.0000031700
1745971200000,0.0000132000
1746000000000,0.0000031800
1746028800000,-0.0000639500
1746057600000,0.0001000000
1746086400000,0.0001000000
1746115200000,0.0001000000
1746144000000,0.0000008500
1746172800000,0.0000223000
1746201600000,-0.0000017300
1746230400000,-0.0000375000
1746259200000,-0.0000198800
1746288000000,0.0000768700
1746316800000,0.0000469800
1746345600000,-0.0000574000
1746374400000,0.0000096600
1746403200000,0.0000277300
1746432000000,0.0001000000
1746460800000,-0.0000215300
1746489600000,0.0000893900
1746518400000,-0.0000169500
1746547200000,0.0000070600
1746576000000,0.0000552200
1746604800000,0.0000940200
1746633600000,0.0001000000
1746662400000,0.0001000000
1746691200000,0.0000445000
1746720000000,0.0001000000
1746748800000,0.0001000000
1746777600000,0.0001000000
1746806400000,0.0001000000
1746835200000,0.0001000000
1746864000000,0.0001000000
1746892800000,0.0001000000
1746921600000,0.0001000000
1746950400000,0.0001000000
1746979200000,0.0001000000
1747008000000,0.0001000000
1747036800000,0.0001000000
1747065600000,0.0001000000
1747094400000,0.0001000000
1747123200000,0.0001000000
1747152000000,0.0001000000
1747180800000,0.0001000000
1747209600000,0.0001000000
1747238400000,0.0000415000
1747267200000,0.0000439900
1747296000000,0.0000840700
1747324800000,0.0001000000
1747353600000,-0.0000053200
1747382400000,0.0001000000
1747411200000,0.0001000000
1747440000000,0.0000238900
1747468800000,0.0001000000
1747497600000,0.0000666300
1747526400000,0.0000660900
1747555200000,0.0001000000
1747584000000,0.0001000000
1747612800000,-0.0000254600
1747641600000,-0.0001133500
1747670400000,-0.0000572600
1747699200000,0.0001000000
1747728000000,0.0001000000
1747756800000,0.0001000000
1747785600000,0.0000422400
1747814400000,0.0001000000
1747843200000,0.0001000000
1747872000000,0.0001000000
1747900800000,0.0001000000
1747929600000,0.0001000000
1747958400000,0.0001000000
1747987200000,0.0001000000
1748016000000,0.0001000000
1748044800000,0.0001000000
1748073600000,0.0001000000
1748102400000,0.0001000000
1748131200000,-0.0000192500
1748160000000,0.0001000000
1748188800000,0.0001000000
1748217600000,0.0001000000
1748246400000,0.0001000000
1748275200000,0.0000373200
1748304000000,0.0000143300
1748332800000,0.0000746800
1748361600000,0.0001000000
1748390400000,0.0000122800
1748419200000,-0.0000740200
1748448000000,-0.0000002800
1748476800000,-0.0000001900
1748505600000,0.0000446800
1748534400000,0.0000402600
1748563200000,0.0001000000
1748592000000,0.0000832200
1748620800000,0.0000379600
1748649600000,0.0000976200
1748678400000,0.0000407300
1748707200000,0.0000454900
1748736000000,-0.0000755000
1748764800000,-0.0001199900
1748793600000,-0.0000960600
1748822400000,0.0001000000
1748851200000,0.0000246100
1748880000000,-0.0000289700
1748908800000,0.0000311700
1748937600000,-0.0000239400
1748966400000,0.0001000000
1748995200000,-0.0000477100
1749024000000,-0.0000728100
1749052800000,0.0000403800
1749081600000,0.0000548700
1749110400000,0.0000396700
1749139200000,0.0000084500
1749168000000,-0.0000074400
1749196800000,-0.0000015300
1749225600000,0.0000376600
1749254400000,-0.0000555100
1749283200000,0.0000700400
1749312000000,-0.0000858600
1749340800000,-0.0001504900
1749369600000,-0.0001012700
1749398400000,-0.0000485000
1749427200000,0.0000713700
1749456000000,-0.0000064600
1749484800000,0.0000709400
1749513600000,0.0000383900
1749542400000,0.0000592900
1749571200000,-0.0000024100
1749600000000,0.0001000000
1749628800000,0.0001000000
1749657600000,0.0001000000
1749686400000,-0.0000206200
1749715200000,0.0000114000
1749744000000,0.0001000000
1749772800000,-0.0000121600
1749801600000,-0.0000099000
1749830400000,0.0000092800
1749859200000,0.0001000000
1749888000000,0.0000495700
1749916800000,0.0000270800
1749945600000,-0.0000710700
1749974400000,0.0000194500
1750003200000,0.0000647000
1750032000000,0.0000589600
1750060800000,0.0001000000
1750089600000,0.0000617100
1750118400000,-0.0000074800
1750147200000,0.0000001600
1750176000000,0.0000085000
1750204800000,0.0000534500
1750233600000,-0.0000129900
1750262400000,-0.0000036900
1750291200000,-0.0000102000
1750320000000,-0.0000376300
1750348800000,-0.0000313100
1750377600000,0.0001000000
1750406400000,0.0000291600
1750435200000,-0.0000133700
1750464000000,-0.0000492500
1750492800000,-0.0000186000
1750521600000,0.0000061600
1750550400000,-0.0000058900
1750579200000,0.0000215400
1750608000000,-0.0000031900
1750636800000,0.0000369600
1750665600000,-0.0000152100
1750694400000,-0.0000472700
1750723200000,0.0000010400
1750752000000,-0.0000140200
1750780800000,0.0000609700
1750809600000,0.0000042100
1750838400000,0.0001000000
1750867200000,0.0000464300
1750896000000,-0.0000518200
1750924800000,-0.0000336000
1750953600000,-0.0000707900
1750982400000,-0.0000403800
1751011200000,0.0001000000
1751040000000,0.0000531900
1751068800000,0.0000918400
1751097600000,0.0001000000
1751126400000,0.0001000000
1751155200000,0.0000076300
1751184000000,0.0000656700
1751212800000,0.0000633300
1751241600000,0.0000317800
1751270400000,-0.0000039800
1751299200000,0.0000228200
1751328000000,0.0000631700
1751356800000,-0.0000300500
1751385600000,-0.0000408800
1751414400000,-0.0000867400
1751443200000,-0.0000401200
1751472000000,-0.0000306500
1751500800000,0.0000404700
1751529600000,0.0000879100
1751558400000,-0.0000112500
1751587200000,0.0000116000
1751616000000,0.0000446500
1751644800000,-0.0000412600
1751673600000,-0.0000623800
1751702400000,-0.0000256900
1751731200000,-0.0000319300
1751760000000,-0.0000309300
1751788800000,0.0000054600
1751817600000,0.0000669800
1751846400000,0.0000739700
1751875200000,0.0000951700
1751904000000,0.0000785100
1751932800000,-0.0000504300
1751961600000,-0.0000200600
1751990400000,0.0000648900
1752019200000,0.0000841500
1752048000000,0.0000863600
1752076800000,-0.0000239800
1752105600000,0.0001000000
1752134400000,0.0001000000
1752163200000,0.0001000000
1752192000000,0.0001000000
1752220800000,0.0000774700
1752249600000,0.0001000000
1752278400000,-0.0000092400
1752307200000,0.0000571500
1752336000000,0.0000261000
1752364800000,0.0001000000
1752393600000,0.0001000000
1752422400000,0.0001000000
1752451200000,-0.0000221500
1752480000000,0.0001000000
1752508800000,0.0001000000
1752537600000,0.0000395400
1752566400000,0.0000039500
1752595200000,0.0000930200
1752624000000,0.0000756000
1752652800000,0.0001000000
1752681600000,0.0001000000
1752710400000,0.0001000000
1752739200000,0.0001000000
1752768000000,0.0001000000
1752796800000,0.0001000000
1752825600000,0.0001548100
1752854400000,0.0001000000
1752883200000,0.0001000000
1752912000000,0.0001000000
1752940800000,0.0001000000
1752969600000,0.0001000000
1752998400000,0.0001000000
1753027200000,0.0001000000
1753056000000,0.0001000000
1753084800000,0.0001000000
1753113600000,0.0002876900
1753142400000,0.0001000000
1753171200000,0.0001000000
1753200000000,0.0001000000
1753228800000,0.0001342600
1753257600000,0.0001409700
1753286400000,0.0001000000
1753315200000,0.0001000000
1753344000000,0.0001000000
1753372800000,0.0001000000
1753401600000,0.0001000000
1753430400000,0.0001000000
1753459200000,0.0001000000
1753488000000,0.0001000000
1753516800000,0.0001000000
1753545600000,0.0001000000
1753574400000,0.0001000000
1753603200000,0.0001000000
1753632000000,0.0001000000
1753660800000,0.0001000000
1753689600000,0.0001000000
1753718400000,0.0001000000
1753747200000,0.0001000000
1753776000000,0.0000152000
1753804800000,0.0000030300
1753833600000,0.0000369400
1753862400000,0.0000411400
1753891200000,-0.0000095500
1753920000000,0.0000489700
1753948800000,0.0001000000
1753977600000,0.0001000000
1754006400000,0.0001000000
1754035200000,0.0000718100
1754064000000,0.0000363100
1754092800000,-0.0000482300
1754121600000,0.0000526300
1754150400000,0.0001000000
1754179200000,-0.0000019700
1754208000000,0.0000000900
1754236800000,-0.0000676400
1754265600000,-0.0001046000
1754294400000,-0.0001031100
1754323200000,-0.0000601100
1754352000000,0.0000393000
1754380800000,0.0000584400
1754409600000,-0.0000329800
1754438400000,-0.0000384700
1754467200000,-0.0000119900
1754496000000,0.0000352000
1754524800000,0.0000123200
1754553600000,0.0000196600
1754582400000,0.0000792700
1754611200000,0.0000230900
1754640000000,0.0001000000
1754668800000,-0.0000072800
1754697600000,0.0000710600
1754726400000,0.0001000000
1754755200000,0.0001000000
1754784000000,0.0001000000
1754812800000,0.0001000000
1754841600000,0.0001000000
1754870400000,0.0001000000
1754899200000,0.0001000000
1754928000000,0.0000905300
1754956800000,0.0000091700
1754985600000,0.0000407400
1755014400000,0.0000355100
1755043200000,0.0001000000
1755072000000,0.0001000000
1755100800000,0.0001000000
1755129600000,0.0001000000
1755158400000,0.0001481600
1755187200000,0.0001000000
1755216000000,0.0001000000
1755244800000,0.0001000000
1755273600000,0.0000765900
1755302400000,0.0000376600
1755331200000,0.0000922100
1755360000000,0.0000445700
1755388800000,0.0001000000
1755417600000,0.0000566800
1755446400000,0.0000178100
1755475200000,0.0000729700
1755504000000,-0.0000831500
1755532800000,-0.0000293300
1755561600000,0.0000032500
1755590400000,0.0000271200
1755619200000,0.0001000000
1755648000000,0.0001000000
1755676800000,0.0001000000
1755705600000,0.0001000000
1755734400000,0.0001000000
1755763200000,0.0001000000
1755792000000,-0.0000359100
1755820800000,0.0000247400
1755849600000,0.0001000000
1755878400000,0.0001000000
1755907200000,0.0001000000
1755936000000,0.0001000000
1755964800000,0.0001000000
1755993600000,0.0001000000
1756022400000,0.0001000000
1756051200000,0.0001000000
1756080000000,0.0001000000
1756108800000,0.0001000000
1756137600000,-0.0000224000
1756166400000,-0.0001220100
1756195200000,-0.0000821100
1756224000000,-0.0000340400
1756252800000,0.0001000000
1756281600000,0.0001000000
1756310400000,0.0001000000
1756339200000,0.0001000000
1756368000000,0.0001000000
1756396800000,0.0001000000
1756425600000,0.0000382000
1756454400000,0.0000833400
1756483200000,-0.0000307100
1756512000000,0.0000525300
1756540800000,0.0001000000
1756569600000,-0.0000085600
1756598400000,0.0001000000
1756627200000,0.0001000000
1756656000000,0.0000755000
1756684800000,0.0001000000
1756713600000,0.0000953600
1756742400000,0.0001000000
1756771200000,-0.0000093500
1756800000000,0.0001000000
1756828800000,0.0001000000
1756857600000,0.0001000000
1756886400000,0.0001000000
1756915200000,0.0001000000
1756944000000,-0.0000692900
1756972800000,0.0000197900
1757001600000,0.0000812000
1757030400000,-0.0000043300
1757059200000,0.0000155500
1757088000000,0.0000312200
1757116800000,0.0001000000
1757145600000,0.0001000000
1757174400000,0.0000286600
1757203200000,0.0001000000
1757232000000,0.0001000000
1757260800000,0.0001000000
1757289600000,0.0001000000
1757318400000,0.0001000000
1757347200000,0.0001000000
1757376000000,0.0000615100
1757404800000,0.0001000000
1757433600000,0.0001000000
1757462400000,0.0000656400
1757491200000,0.0001000000
1757520000000,0.0000100800
1757548800000,0.0000705400
1757577600000,-0.0000505800
1757606400000,-0.0000434700
1757635200000,-0.0000477600
1757664000000,0.0001000000
1757692800000,0.0000547600
1757721600000,-0.0000828400
1757750400000,0.0000243000
1757779200000,0.0001000000
1757808000000,0.0001000000
1757836800000,0.0000427200
1757865600000,-0.0000000600
1757894400000,-0.0000548500
1757923200000,0.0000108900
1757952000000,0.0001000000
1757980800000,0.0001000000
1758009600000,0.0001000000
1758038400000,0.0001000000
1758067200000,-0.0000657100
1758096000000,0.0000158300
1758124800000,0.0001000000
1758153600000,0.0001000000
1758182400000,0.0001000000
1758211200000,-0.0000043500
1758240000000,0.0000370900
1758268800000,0.0000487600
1758297600000,0.0000346600
1758326400000,0.0001000000
1758355200000,-0.0000005200
1758384000000,-0.0000331200
1758412800000,-0.0000662500
1758441600000,-0.0000237600
1758470400000,0.0000698600
1758499200000,0.0000921200
1758528000000,0.0001000000
1758556800000,0.0001000000
1758585600000,0.0000793500
1758614400000,0.0001000000
1758643200000,-0.0000140900
1758672000000,0.0001000000
1758700800000,0.0001000000
1758729600000,0.0001000000
1758758400000,-0.0000674200
1758787200000,0.0000275000
1758816000000,0.0000148600
1758844800000,0.0001000000
1758873600000,0.0000884800
1758902400000,0.0000548100
1758931200000,-0.0001506000
1758960000000,0.0001000000
1758988800000,-0.0000649700
1759017600000,0.0000594500
1759046400000,-0.0000830500
1759075200000,-0.0001029300
1759104000000,-0.0000467900
1759132800000,0.0000662100
1759161600000,-0.0000579000
1759190400000,-0.0001224400
1759219200000,-0.0000747300
1759248000000,-0.0002048300
1759276800000,0.0001000000
1759305600000,0.0000681100
1759334400000,0.0000727400
1759363200000,-0.0000467400
1759392000000,0.0001000000
1759420800000,-0.0000403200
1759449600000,-0.0001244400
1759478400000,-0.0000694200
1759507200000,0.0000642500
1759536000000,0.0000438600
1759564800000,0.0000894500
1759593600000,-0.0000109200
1759622400000,0.0001000000
1759651200000,0.0001000000
1759680000000,0.0001000000
1759708800000,0.0001000000
1759737600000,0.0000418500
1759766400000,0.0000961700
1759795200000,0.0000983600
1759824000000,0.0001000000
1759852800000,0.0001000000
1759881600000,0.0001000000
1759910400000,0.0000013500
1759939200000,-0.0000150100
1759968000000,0.0000355900
1759996800000,0.0000295400
1760025600000,0.0000071800
1760054400000,0.0000855600
1760083200000,0.0000391400
1760112000000,0.0000264500
1760140800000,-0.0050000000
1760169600000,-0.0013404000
1760198400000,-0.0010585100
1760227200000,-0.0009887000
1760256000000,-0.0008326800
1760284800000,-0.0006465600
1760313600000,-0.0003516100
1760342400000,-0.0002595900
1760371200000,-0.0000811200
1760400000000,0.0000682700
1760428800000,-0.0000068500
1760457600000,-0.0001332600
1760486400000,-0.0000017000
1760515200000,0.0001000000
1760544000000,0.0000457400
1760572800000,-0.0000468100
1760601600000,-0.0000900300
1760630400000,-0.0001307400
1760659200000,-0.0000232200
1760688000000,0.0000096600
1760716800000,0.0000512600
1760745600000,-0.0000168900
1760774400000,-0.0000170300
1760803200000,-0.0000780500
1760832000000,0.0001000000
1760860800000,0.0000522700
1760889600000,0.0000738200
1760918400000,-0.0000117600
1760947200000,-0.0000318200
1760976000000,0.0000382400
1761004800000,0.0000823800
1761033600000,-0.0000808400
1761062400000,0.0000947900
1761091200000,0.0001000000
1761120000000,-0.0000868500
1761148800000,0.0000706800
1761177600000,-0.0001523400
1761206400000,0.0000855300
1761235200000,0.0001000000
1761264000000,0.0000758100
1761292800000,0.0000728600
1761321600000,-0.0000496000
1761350400000,-0.0000246200
1761379200000,0.0000512700
1761408000000,-0.0000284400
1761436800000,0.0001000000
1761465600000,0.0000091100
1761494400000,0.0001000000
1761523200000,0.0001000000
1761552000000,0.0001000000
1761580800000,0.0001000000
1761609600000,0.0001000000
1761638400000,0.0001000000
1761667200000,0.0000097700
1761696000000,-0.0000786500
1761724800000,-0.0001381700
1761753600000,0.0000987600
1761782400000,0.0001000000
1761811200000,0.0000486800
1761840000000,-0.0002013700
1761868800000,-0.0003157900
1761897600000,-0.0001147300
1761926400000,0.0000384800
1761955200000,-0.0000372500
1761984000000,-0.0000719900
1762012800000,-0.0001398400
1762041600000,0.0000292800
1762070400000,-0.0000454200
1762099200000,-0.0002324700
1762128000000,0.0000308500
1762156800000,-0.0002542500
1762185600000,-0.0001932500
1762214400000,-0.0002330400
1762243200000,-0.0000290100
1762272000000,0.0001000000
1762300800000,0.0000708300
1762329600000,-0.0000525500
1762358400000,-0.0001298500
1762387200000,-0.0000951300
1762416000000,0.0000502200
1762444800000,0.0000056500
1762473600000,-0.0000472800
1762502400000,-0.0000281700
1762531200000,0.0000195700
1762560000000,-0.0000356100
1762588800000,0.0000754100
1762617600000,0.0000516500
1762646400000,-0.0001418900
1762675200000,0.0000574100
1762704000000,0.0000650200
1762732800000,0.0001000000
1762761600000,0.0000044900
1762790400000,0.0000029700
1762819200000,0.0000414200
1762848000000,0.0000145300
1762876800000,0.0000173900
1762905600000,-0.0000039200
1762934400000,-0.0002448200
1762963200000,0.0000260800
1762992000000,-0.0000986600
1763020800000,0.0000857100
1763049600000,0.0000394900
1763078400000,-0.0002416900
1763107200000,0.0000264000
1763136000000,0.0001000000
1763164800000,0.0000889100
1763193600000,0.0001000000
1763222400000,0.0001000000
1763251200000,-0.0000278400
1763280000000,0.0000856400
1763308800000,0.0000337800
1763337600000,0.0000467200
1763366400000,0.0001000000
1763395200000,0.0001000000
1763424000000,-0.0000687600
1763452800000,0.0001000000
1763481600000,0.0001000000
1763510400000,0.0001000000
1763539200000,-0.0000082600
1763568000000,-0.0000575300
1763596800000,-0.0000957600
1763625600000,0.0001000000
1763654400000,0.0001000000
1763683200000,-0.0001101600
1763712000000,-0.0000422200
1763740800000,-0.0000626000
1763769600000,0.0000109200
1763798400000,-0.0000625500
1763827200000,-0.0000087000
1763856000000,0.0000084800
1763884800000,-0.0000815100
1763913600000,-0.0000257600
1763942400000,-0.0000381300
1763971200000,-0.0000770200
1764000000000,0.0000134400
1764028800000,0.0000243500
1764057600000,0.0000145400
1764086400000,-0.0001320300
1764115200000,0.0000895900
1764144000000,0.0001000000
1764172800000,-0.0000865700
1764201600000,0.0001000000
1764230400000,-0.0000746500
1764259200000,-0.0000000700
1764288000000,0.0000397300
1764316800000,-0.0000507900
1764345600000,-0.0000210300
1764374400000,-0.0001282600
1764403200000,0.0000115900
1764432000000,-0.0000510300
1764460800000,-0.0000234600
1764489600000,-0.0000321400
1764518400000,0.0000446700
1764547200000,0.0000465900
1764576000000,-0.0001506400
1764604800000,0.0000239800
1764633600000,-0.0000723500
1764662400000,-0.0000438400
1764691200000,0.0000475100
1764720000000,0.0001000000
1764748800000,0.0001000000
1764777600000,0.0001000000
1764806400000,0.0001000000
1764835200000,0.0001000000
1764864000000,0.0000921900
1764892800000,0.0000426600
1764921600000,-0.0000022600
1764950400000,-0.0000038000
1764979200000,-0.0000726800
1765008000000,0.0000353300
1765036800000,-0.0000785600
1765065600000,-0.0001402000
1765094400000,-0.0000504800
1765123200000,-0.0000799900
1765152000000,-0.0000449700
1765180800000,-0.0000000700
1765209600000,0.0000762200
1765238400000,-0.0001492100
1765267200000,-0.0000701500
1765296000000,-0.0001413800
1765324800000,0.0001000000
1765353600000,0.0000500000
1765382400000,0.0000375700
1765411200000,-0.0000294500
1765440000000,-0.0001251200
1765468800000,-0.0001414600
1765497600000,0.0000540100
1765526400000,0.0001000000
1765555200000,0.0001000000
1765584000000,-0.0001307600
1765612800000,-0.0000306400
1765641600000,-0.0000291900
1765670400000,0.0000613100
1765699200000,-0.0000205900
1765728000000,-0.0000545900
1765756800000,-0.0000054200
1765785600000,0.0001000000
1765814400000,0.0001000000
1765843200000,-0.0001066800
1765872000000,-0.0000841800
1765900800000,0.0000545300
1765929600000,0.0000163400
1765958400000,0.0001000000
1765987200000,0.0001000000
1766016000000,-0.0000708300
1766044800000,0.0001000000
1766073600000,0.0000960900
1766102400000,-0.0001742500
1766131200000,0.0001000000
1766160000000,0.0001000000
1766188800000,0.0001000000
1766217600000,-0.0000107500
1766246400000,0.0000212300
1766275200000,0.0000278100
1766304000000,0.0000737100
1766332800000,-0.0000577700
1766361600000,0.0000120300
1766390400000,0.0000393800
1766419200000,0.0000141700
1766448000000,-0.0000630500
1766476800000,0.0000463800
1766505600000,-0.0000498500
1766534400000,0.0000776800
1766563200000,-0.0000975900
1766592000000,0.0000403900
1766620800000,0.0001000000
1766649600000,0.0001000000
1766678400000,-0.0000541200
1766707200000,0.0000035700
1766736000000,0.0000950600
1766764800000,0.0001000000
1766793600000,-0.0000566800
1766822400000,0.0001000000
1766851200000,0.0001000000
1766880000000,0.0001000000
1766908800000,0.0000403000
1766937600000,0.0000845800
1766966400000,0.0000639300
1766995200000,0.0001000000
1767024000000,0.0000404800
1767052800000,-0.0001471600
1767081600000,-0.0000324300
1767110400000,0.0001000000
1767139200000,0.0001000000
1767168000000,0.0000220100
1767196800000,0.0001000000
1767225600000,0.0001000000
1767254400000,0.0001000000
1767283200000,0.0001000000
1767312000000,0.0001000000
1767340800000,0.0001000000
1767369600000,0.0001000000
1767398400000,0.0001000000
1767427200000,0.0000948000
1767456000000,0.0000491500
1767484800000,0.0000295800
1767513600000,0.0000579300
1767542400000,0.0000609600
1767571200000,-0.0001231200
1767600000000,-0.0000226400
1767628800000,0.0000090500
1767657600000,0.0001000000
1767686400000,-0.0000541600
1767715200000,0.0000338300
1767744000000,0.0000899100
1767772800000,-0.0000412800
1767801600000,-0.0000826600
1767830400000,-0.0000833300
1767859200000,-0.0000893200
1767888000000,0.0000184600
1767916800000,0.0001000000
1767945600000,0.0000411700
1767974400000,-0.0000115400
1768003200000,-0.0000672800
1768032000000,0.0001000000
1768060800000,0.0001000000
1768089600000,0.0000534500
1768118400000,0.0000871500
1768147200000,0.0000903900
1768176000000,0.0000726400
1768204800000,0.0000237400
1768233600000,-0.0000331300
1768262400000,-0.0000285800
1768291200000,0.0000669300
1768320000000,0.0001000000
1768348800000,0.0001000000
1768377600000,0.0001000000
1768406400000,0.0000626100
1768435200000,-0.0000446000
1768464000000,-0.0000520300
1768492800000,-0.0000876200
1768521600000,-0.0000159600
1768550400000,0.0000522800
1768579200000,-0.0000702200
1768608000000,0.0001000000
1768636800000,0.0001000000
1768665600000,-0.0000456000
1768694400000,0.0000151800
1768723200000,-0.0000397300
1768752000000,0.0000195900
1768780800000,-0.0000121900
1768809600000,-0.0000576000
1768838400000,0.0000724800
1768867200000,0.0000614900
1768896000000,0.0001000000
1768924800000,0.0000225300
1768953600000,0.0000206100
1768982400000,-0.0000004600
1769011200000,0.0001000000
1769040000000,0.0000858000
1769068800000,-0.0001019300
1769097600000,-0.0000336700
1769126400000,-0.0000255300
1769155200000,0.0000441000
1769184000000,-0.0000264500
1769212800000,-0.0000187700
1769241600000,-0.0000291800
1769270400000,0.0000525700
1769299200000,0.0000438300
1769328000000,-0.0000562600
1769356800000,0.0000411700
1769385600000,-0.0002290800
1769414400000,0.0000133000
1769443200000,0.0000555100
1769472000000,-0.0000053000
1769500800000,0.0000045500
1769529600000,0.0000224700
1769558400000,0.0000612100
1769587200000,-0.0000359900
1769616000000,-0.0000246200
1769644800000,0.0000259000
1769673600000,-0.0000382400
1769702400000,-0.0000572200
1769731200000,-0.0001245400
1769760000000,-0.0000834400
1769788800000,-0.0001220900
1769817600000,-0.0000510100
1769846400000,-0.0001460800
1769875200000,-0.0001333600
1769904000000,-0.0004618800
1769932800000,0.0000249600
1769961600000,-0.0000355100
1769990400000,-0.0000529100
1770019200000,-0.0000329200
1770048000000,-0.0000232500
1770076800000,-0.0001234800
1770105600000,-0.0000884800
1770134400000,-0.0001342400
1770163200000,-0.0002709200
1770192000000,-0.0004964700
1770220800000,-0.0003798200
1770249600000,0.0000107500
1770278400000,0.0001000000
1770307200000,0.0001000000
1770336000000,-0.0000233100
1770364800000,-0.0001394900
1770393600000,-0.0003145500
1770422400000,-0.0000526200
1770451200000,-0.0001092500
1770480000000,0.0000356300
1770508800000,-0.0001190400
1770537600000,-0.0002789900
1770566400000,-0.0001319600
1770595200000,-0.0001688600
1770624000000,-0.0001175600
1770652800000,-0.0000918300
1770681600000,0.0000135600
1770710400000,-0.0000901700
1770739200000,0.0000335100
1770768000000,0.0000025900
1770796800000,0.0000024700
1770825600000,-0.0000427700
1770854400000,-0.0003199200
1770883200000,0.0000705900
1770912000000,0.0000049400
1770940800000,0.0000534300
1770969600000,-0.0000586000
1770998400000,0.0000810500
1771027200000,0.0000134800
1771056000000,-0.0000360400
1771084800000,-0.0000565600
1771113600000,-0.0001148400
1771142400000,0.0001000000
1771171200000,0.0000649600
1771200000000,-0.0000943800
1771228800000,-0.0000183500
1771257600000,-0.0001364600
1771286400000,0.0001000000
1771315200000,0.0000308000
1771344000000,-0.0001522000
1771372800000,-0.0000301800
1771401600000,-0.0000139500
1771430400000,-0.0002106700
1771459200000,-0.0001121400
1771488000000,-0.0000918600
1771516800000,0.0000020800
1771545600000,0.0000288200
1771574400000,-0.0000209100
1771603200000,-0.0000183800
1771632000000,0.0001000000
1771660800000,0.0000780500
1771689600000,0.0001000000
1771718400000,-0.0000774800
1771747200000,-0.0001741000
1771776000000,-0.0000740500
1771804800000,-0.0001497100
1771833600000,-0.0004435300
1771862400000,-0.0000688200
1771891200000,-0.0001088400
1771920000000,-0.0000654800
1771948800000,-0.0000368000
1771977600000,-0.0001742500
1772006400000,0.0001000000
1772035200000,0.0001000000
1772064000000,0.0001000000
1772092800000,0.0001000000
1772121600000,-0.0000033900
1772150400000,-0.0000188500
1772179200000,0.0000375300
1772208000000,-0.0001631000
1772236800000,-0.0000462500
1772265600000,-0.0001261200
1772294400000,-0.0000917300
1772323200000,-0.0000614500
1772352000000,0.0001000000
1772380800000,0.0001000000
1772409600000,-0.0000085200
1772438400000,0.0000099100
1772467200000,0.0000334400
1772496000000,0.0001000000
1772524800000,-0.0001559400
1772553600000,-0.0000656600
1772582400000,0.0001000000
1772611200000,-0.0000704100
1772640000000,0.0001000000
1772668800000,-0.0000477900
1772697600000,-0.0001304400
1772726400000,-0.0000844500
1772755200000,0.0000231100
1772784000000,-0.0000973300
1772812800000,-0.0001825600
1772841600000,-0.0001054300
1772870400000,0.0000249300
1772899200000,-0.0001744600
1772928000000,-0.0000887700
1772956800000,-0.0001526400
1772985600000,-0.0001505400
1773014400000,-0.0001913500
1773043200000,-0.0000951100
1773072000000,0.0000853400
1773100800000,-0.0000038300
1773129600000,-0.0000413300
1773158400000,0.0001000000
1773187200000,-0.0000179500
1773216000000,-0.0000749800
1773244800000,-0.0000223500
1773273600000,0.0001000000
1773302400000,-0.0001661900
1773331200000,0.0001000000
1773360000000,0.0000532900
1773388800000,0.0001000000
1773417600000,0.0001000000
1773446400000,-0.0001792800
1773475200000,-0.0001936100
1773504000000,-0.0001832700
1773532800000,-0.0000751900
1773561600000,0.0000410600
1773590400000,0.0000666100
1773619200000,0.0001000000
1773648000000,0.0001000000
1773676800000,0.0000674400
1773705600000,0.0000617700
1773734400000,-0.0001238700
1773763200000,-0.0000392700
1773792000000,0.0000013900
1773820800000,-0.0000703400
1773849600000,-0.0001788100
1773878400000,-0.0000839800
1773907200000,-0.0001115000
1773936000000,-0.0000888000
1773964800000,0.0000849700
1773993600000,-0.0001168400
1774022400000,-0.0000943800
1774051200000,0.0000755600
1774080000000,0.0000755600
1774108800000,-0.0000591300
1774137600000,-0.0001338000
1774166400000,-0.0001006700
1774195200000,-0.0001343500
1774224000000,-0.0001110300
1774252800000,-0.0000369100
1774281600000,0.0001000000
1774310400000,0.0001000000
1774339200000,0.0000270900
1774368000000,-0.0000075300
1774396800000,0.0000330700
1774425600000,0.0001000000
1774454400000,0.0001000000
1774483200000,0.0000112000
1774512000000,-0.0002340100
1774540800000,-0.0001814900
1774569600000,-0.0000689300
1774598400000,-0.0000725900
1774627200000,-0.0003088000
1774656000000,-0.0001398400
1774684800000,0.0000005200
1774713600000,-0.0001655800
1774742400000,-0.0002862600
1774771200000,-0.0001455300
1774800000000,-0.0000280900
1774828800000,-0.0002575600
1774857600000,0.0000014800
1774886400000,0.0001000000
1774915200000,-0.0000295500
1774944000000,0.0000638000
1774972800000,-0.0001151200
1775001600000,0.0000164600
1775030400000,-0.0000119600
1775059200000,-0.0000283300
1775088000000,0.0000283200
1775116800000,-0.0002030900
1775145600000,-0.0000703400
1775174400000,-0.0000379500
1775203200000,0.0000251700
1775232000000,0.0000229700
1775260800000,0.0000616900
1775289600000,0.0000064100
1775318400000,-0.0000286200
1775347200000,0.0000836700
1775376000000,-0.0000062200
1775404800000,-0.0000233900
1775433600000,-0.0000580700
1775462400000,0.0001000000
1775491200000,0.0001000000
1775520000000,-0.0001613300
1775548800000,-0.0002576900
1775577600000,-0.0000276000
1775606400000,0.0001000000
1775635200000,0.0001000000
1775664000000,0.0001000000
1775692800000,0.0001000000
1775721600000,-0.0000732100
1775750400000,0.0000107700
1775779200000,0.0001000000
1775808000000,0.0001000000
1775836800000,0.0000892500
1775865600000,0.0001000000
1775894400000,-0.0000906900
1775923200000,-0.0000000800
1775952000000,0.0001000000
1775980800000,0.0000678900
1776009600000,-0.0000759600
1776038400000,0.0001000000
1776067200000,-0.0000973500
1776096000000,0.0000252500
1776124800000,0.0001000000
1776153600000,0.0001000000
1776182400000,0.0001000000
1776211200000,-0.0000054200
1776240000000,-0.0001139300
1776268800000,0.0000227200
1776297600000,0.0001000000
1776326400000,0.0000579000
1776355200000,0.0000861700
1776384000000,0.0000807800
1776412800000,-0.0000522900
1776441600000,0.0001000000
1776470400000,-0.0001042600
1776499200000,-0.0000144500
1776528000000,0.0000191400
1776556800000,-0.0000117200
1776585600000,0.0000141700
1776614400000,-0.0000911100
1776643200000,0.0001000000
1776672000000,-0.0000628500
1776700800000,0.0001000000
1776729600000,0.0001000000
1776758400000,0.0000232200
1776787200000,0.0000875200
1776816000000,0.0000378900
1776844800000,0.0000913100
1776873600000,0.0000600100
1776902400000,-0.0000351500
1776931200000,0.0000095900
1776960000000,0.0000016600
1776988800000,0.0000485000
1777017600000,0.0000151300
1777046400000,-0.0000963700
1777075200000,-0.0000668400
1777104000000,0.0001000000
1777132800000,0.0000307200
1777161600000,-0.0001450000
1777190400000,0.0000463200
1777219200000,0.0000334300
1777248000000,-0.0000838700
1777276800000,-0.0000495200
1777305600000,-0.0000878300
1777334400000,0.0000524400
1777363200000,0.0000269400
1777392000000,0.0000493400
1777420800000,0.0000099200
1777449600000,0.0001000000
1777478400000,-0.0001281600
1777507200000,0.0001000000
1777536000000,0.0001000000
1777564800000,0.0001000000
1777593600000,0.0000687500
1777622400000,0.0001000000
1777651200000,0.0000113900
1777680000000,0.0001000000
1777708800000,0.0000308400
1777737600000,0.0000227300
1777766400000,0.0000577700
1777795200000,-0.0000938000
1777824000000,-0.0001444100
1777852800000,0.0000469700
1777881600000,0.0001000000
1777910400000,0.0000094100
1777939200000,0.0001000000
1777968000000,0.0001000000
1777996800000,0.0001000000
1778025600000,0.0001000000
1778054400000,0.0001000000
1778083200000,0.0001000000
1778112000000,0.0000087200
1778140800000,0.0000885100
1778169600000,0.0000820200
1778198400000,-0.0000401300
1778227200000,0.0000897500
1778256000000,0.0000254900
1778284800000,-0.0000931500
1778313600000,-0.0000675700
1778342400000,0.0000812000
1778371200000,-0.0000728300
1778400000000,-0.0001079500
1778428800000,0.0001000000
1778457600000,0.0001000000
1778486400000,0.0000756600
1778515200000,0.0001000000
1778544000000,0.0000063800
1778572800000,-0.0000575100
1778601600000,0.0001000000
1778630400000,0.0000083700
1778659200000,-0.0000750100
1778688000000,0.0000954000
1778716800000,-0.0000339200
1778745600000,0.0000178400
1778774400000,-0.0000744800
1778803200000,0.0000176000
1778832000000,0.0000806900
1778860800000,-0.0000229900
1778889600000,0.0001000000
1778918400000,0.0000724400
1778947200000,-0.0001507900
1778976000000,-0.0000372400
1779004800000,0.0000559300
1779033600000,-0.0000666100
1779062400000,-0.0000386500
1779091200000,-0.0000270800
1779120000000,-0.0000517400
1779148800000,0.0001000000
1779177600000,0.0000816300
1779206400000,-0.0000511400
1779235200000,0.0001000000
1779264000000,0.0001000000
1779292800000,0.0000529400
1779321600000,0.0000306100
1779350400000,0.0001000000
1779379200000,0.0001000000
1779408000000,0.0001000000
1779436800000,0.0001000000
1779465600000,0.0001000000
1779494400000,0.0000421800
1779523200000,-0.0001292900
1779552000000,-0.0001244500
1779580800000,0.0000399800
1779609600000,0.0000696300
1779638400000,0.0000155200
1779667200000,-0.0000062800
1779696000000,-0.0000025700
1779724800000,0.0001000000
1779753600000,0.0001000000
1779782400000,-0.0001006100
1779811200000,0.0000917500
1779840000000,-0.0000670200
1779868800000,-0.0000513700
1779897600000,0.0000483100
1779926400000,-0.0000304500
1779955200000,-0.0001613100
1779984000000,-0.0000200700
1780012800000,0.0000339500
1780041600000,0.0000531000
1780070400000,0.0000749600
1780099200000,0.0001000000
1780128000000,0.0001000000
1780156800000,0.0000753700
1780185600000,0.0000634400
1780214400000,0.0000593400
1780243200000,0.0000824500
1780272000000,0.0000078300
1780300800000,-0.0000446300
1780329600000,0.0000833700
1780358400000,0.0000872500
1780387200000,-0.0000549600
1780416000000,-0.0000556700
1780444800000,-0.0001376600
1780473600000,-0.0000272700
1780502400000,-0.0000296900
1780531200000,-0.0001410100
1780560000000,-0.0001335200
1780588800000,-0.0001035400
1780617600000,-0.0001352200
1780646400000,-0.0002538000
1780675200000,-0.0000936000
1780704000000,-0.0000964600
1780732800000,-0.0001814300
1780761600000,-0.0002228300
1780790400000,-0.0000822300
1780819200000,-0.0002043400
1780848000000,-0.0003280400
1780876800000,-0.0003059200
1780905600000,-0.0002103400
1780934400000,0.0000295300
1780963200000,-0.0000983500
1780992000000,0.0000514800
1781020800000,-0.0000207300
1781049600000,0.0000079400
1781078400000,-0.0000340100
1781107200000,0.0000021000
1781136000000,-0.0001253100
1781164800000,0.0001000000
1781193600000,0.0001000000
1781222400000,0.0000988800
1781251200000,-0.0000075500
1781280000000,0.0000635200
1781308800000,-0.0001202700
1781337600000,-0.0000824400
1781366400000,-0.0000395200
1781395200000,-0.0000689200
1781424000000,-0.0000171900
1781452800000,-0.0000990900
1781481600000,-0.0000550000
1781510400000,0.0000743800
1781539200000,0.0000193400
1781568000000,0.0000708700
1781596800000,-0.0000457400
1781625600000,0.0000300700
1781654400000,-0.0000034600
1781683200000,-0.0000169200
1781712000000,-0.0000954700
1781740800000,-0.0000437000
1781769600000,-0.0000858900
1781798400000,-0.0000056400
1781827200000,0.0001000000
1781856000000,0.0000421100
1781884800000,-0.0000505600
1781913600000,-0.0000452000
1781942400000,0.0000882800
1781971200000,0.0001000000
1782000000000,0.0001000000
1782028800000,0.0000277600
1782057600000,0.0001000000
1782086400000,0.0000775900
1782115200000,0.0000580800
1782144000000,0.0000159700
1782172800000,-0.0001489900
1782201600000,-0.0001260600
1782230400000,-0.0001628200
1782259200000,-0.0001566300
1782288000000,-0.0001651200
1782316800000,0.0000140900
1782345600000,-0.0000484600
1782374400000,0.0000024100
1782403200000,-0.0000542000
1782432000000,0.0000289900
1782460800000,0.0001000000
1782489600000,0.0001000000
1782518400000,0.0000743100
1782547200000,-0.0000436100
1782576000000,-0.0000098300
1782604800000,-0.0000088200
1782633600000,-0.0000211400
1782662400000,0.0000984900
1782691200000,-0.0000286400
1782720000000,0.0001000000
1782748800000,0.0000799200
1782777600000,0.0000999300
1782806400000,-0.0000764500
1782835200000,0.0000301300
1782864000000,0.0001000000
1782892800000,0.0001000000
1782921600000,0.0000809100
1782950400000,0.0000500500
1782979200000,0.0000247100
1783008000000,0.0000017500
1783036800000,-0.0000297900
1783065600000,0.0000145200
1783094400000,-0.0000304200
1783123200000,0.0000533000
1783152000000,0.0001000000
1783180800000,0.0000268300
1783209600000,0.0000316000
1783238400000,-0.0000823300
1783267200000,-0.0001320200
1783296000000,0.0000679000
1783324800000,0.0000015700
1783353600000,0.0000377700
1783382400000,0.0001000000
1783411200000,0.0000045000
1783440000000,0.0000198600
1783468800000,-0.0000987900
1783497600000,0.0000267400
1783526400000,-0.0000367900
1783555200000,0.0000298400
1783584000000,0.0000092600
1783612800000,-0.0000261600
1783641600000,-0.0000235300
1783670400000,0.0000289600
1783699200000,0.0001000000
1783728000000,0.0000191800
1783756800000,-0.0000068000
1783785600000,0.0000010200
1783814400000,0.0000346300
1783843200000,-0.0000319800
1783872000000,0.0000357400
1783900800000,0.0000335200
1783929600000,0.0000149000
1783958400000,0.0000679400
1783987200000,-0.0000827800
1784016000000,-0.0000449300
1784044800000,0.0001000000
1784073600000,0.0000004000
1784102400000,-0.0000335200
1784131200000,0.0000128400
1784160000000,-0.0000143100
1784188800000,-0.0000036300
1784217600000,0.0000044800
1784246400000,-0.0000480400
1784275200000,-0.0000127200
1784304000000,0.0000186100
1784332800000,-0.0000117700
1784361600000,-0.0000713600
1784390400000,0.0000313700
1784419200000,0.0000021300
1784448000000,0.0000037100
1784476800000,0.0000854900
1784505600000,0.0000611600
1784534400000,-0.0000223200
1784563200000,0.0000805600
1784592000000,0.0001000000
1784620800000,0.0001000000
1784649600000,0.0000323800
1784678400000,0.0000539400
1784707200000,-0.0000030700
1784736000000,0.0001000000
1784764800000,-0.0000054100
1784793600000,-0.0001206600
1784822400000,-0.0000306500
1784851200000,-0.0000771200
1784880000000,0.0000624800
1784908800000,-0.0000849300
1784937600000,-0.0000968200
1784966400000,-0.0000689000
1784995200000,-0.0000523200
1785024000000,-0.0000705200
1785052800000,0.0000237900
1785081600000,-0.0000182900
1785110400000,0.0000272000
1785139200000,0.0000655400
1785168000000,-0.0000033200
1785196800000,-0.0000513100
1785225600000,-0.0001785000
1785254400000,-0.0000632700
1785283200000,0.0000268200
1785312000000,0.0000635700
1785340800000,0.0000041400
1785369600000,0.0000199000
1785398400000,0.0000843800
1785427200000,0.0000594100
1785456000000,0.0000470400
1785484800000,0.0000652000
1785513600000,0.0000031400
1785542400000,0.0000209700
1785571200000,0.0000232500
1785600000000,0.0000559800
1785628800000,-0.0000591500
1785657600000,0.0001000000
1785686400000,0.0001000000
1785715200000,0.0000515000
1785744000000,-0.0000341900
1785772800000,0.0000785200
1785801600000,0.0000530700
1785830400000,0.0000508000
1785859200000,0.0000270500
1785888000000,0.0000588300
1785916800000,0.0000359600
1785945600000,0.0000378100
1785974400000,-0.0000406100
1786003200000,-0.0000806700
1786032000000,-0.0000698200
1786060800000,-0.0000113500
1786089600000,0.0000376800
1786118400000,-0.0000275200
1786147200000,0.0000578100
1786176000000,0.0000932900
1786204800000,0.0001000000
1786233600000,0.0000950000
1786262400000,0.0001000000
1786291200000,0.0000605000
1786320000000,0.0000466700
1786348800000,0.0001000000
1786377600000,0.0001000000
1786406400000,0.0001000000
1786435200000,0.0000995000
1786464000000,0.0000088600
1786492800000,0.0000641900
1786521600000,0.0000535000
1786550400000,-0.0000644100
1786579200000,-0.0000981800
1786608000000,0.0001000000
1786636800000,-0.0000094500
1786665600000,-0.0000046600
1786694400000,0.0000458700
1786723200000,-0.0000115300
1786752000000,-0.0000311500
1786780800000,0.0000032500
1786809600000,0.0000519700
1786838400000,0.0000899800
1786867200000,0.0000308900
1786896000000,0.0000271100
1786924800000,0.0000176800
1786953600000,-0.0000133200
1786982400000,0.0000670100
1787011200000,0.0000408400
1787040000000,0.0000061700
1787068800000,0.0001000000
1787097600000,0.0000745300
1787126400000,0.0000686500
1787155200000,0.0000102100
1787184000000,0.0001000000
1787212800000,0.0001000000
1787241600000,0.0001000000
1787270400000,0.0001000000
1787299200000,0.0001000000
1787328000000,0.0001000000
1787356800000,0.0001000000
1787385600000,0.0001000000
1787414400000,0.0001000000
1787443200000,0.0001000000
1787472000000,0.0001000000
1787500800000,0.0001000000
1787529600000,0.0001000000
1787558400000,0.0001000000
1787587200000,0.0001000000
1787616000000,0.0001000000
1787644800000,0.0001000000
1787673600000,0.0000885600
1787702400000,-0.0000599500
1787731200000,-0.0000029400
1787760000000,0.0000124700
1787788800000,0.0001000000
1787817600000,0.0001000000
1787846400000,0.0000835700
1787875200000,0.0000056500
1787904000000,-0.0000270600
1787932800000,-0.0000622300
1787961600000,0.0001000000
1787990400000,0.0000406000
1788019200000,-0.0000176500
1788048000000,-0.0000656800
1788076800000,-0.0000067100
1788105600000,0.0000057900
1788134400000,-0.0001147500
1788163200000,-0.0000701000
1788192000000,-0.0000585600
1788220800000,-0.0000439300
1788249600000,-0.0000264100
1788278400000,-0.0001130300
1788307200000,-0.0000829200
1788336000000,0.0000065400
1788364800000,0.0000016100
1788393600000,-0.0000085500
1788422400000,0.0000131600
1788451200000,0.0000509800
1788480000000,0.0000415800
1788508800000,-0.0000579500
1788537600000,-0.0000781000
1788566400000,-0.0001038800
1788595200000,-0.0000540000
1788624000000,0.0000299200
1788652800000,0.0000587500
1788681600000,0.0001000000
1788710400000,0.0001000000
1788739200000,0.0000449300
1788768000000,0.0000316300
1788796800000,-0.0000403500
1788825600000,-0.0000752100
1788854400000,-0.0000457100
1788883200000,-0.0000001300
1788912000000,0.0000018800
1788940800000,-0.0000171900
1788969600000,-0.0000380100
1788998400000,-0.0001123100
1789027200000,-0.0000718900
